{
"type": "FeatureCollection",
"crs": { "type": "name", "properties": { "name": "urn:ogc:def:crs:EPSG::4612" } },
"features": [
{ "type": "Feature", "properties": { "P12_001": 10001, "P12_002": "千葉神社", "P12_003": "12", "P12_004": "12101", "P12_005": "‐", "P12_006": "千葉市中央区院内1-16-1", "P12_007": 2 }, "geometry": { "type": "MultiPoint", "coordinates": [ [ 140.12373174342531, 35.61191702794855 ] ] } },
{ "type": "Feature", "properties": { "P12_001": 10002, "P12_002": "千葉市科学館", "P12_003": "12", "P12_004": "12101", "P12_005": "‐", "P12_006": "千葉市中央区中央4-5-1", "P12_007": 2 }, "geometry": { "type": "MultiPoint", "coordinates": [ [ 140.122699135556672, 35.607395814964946 ] ] } },
{ "type": "Feature", "properties": { "P12_001": 10003, "P12_002": "千葉ポートタワー", "P12_003": "12", "P12_004": "12101", "P12_005": "‐", "P12_006": "千葉市中央区中央港1", "P12_007": 2 }, "geometry": { "type": "MultiPoint", "coordinates": [ [ 140.100024000007693, 35.599035000464937 ] ] } },
{ "type": "Feature", "properties": { "P12_001": 10004, "P12_002": "千葉県立中央博物館", "P12_003": "12", "P12_004": "12101", "P12_005": "‐", "P12_006": "千葉市中央区青葉町955-2", "P12_007": 2 }, "geometry": { "type": "MultiPoint", "coordinates": [ [ 140.138464932710576, 35.599842856062992 ] ] } },
{ "type": "Feature", "properties": { "P12_001": 10005, "P12_002": "千葉県立美術館", "P12_003": "12", "P12_004": "12101", "P12_005": "‐", "P12_006": "千葉市中央区中央港1-10-1", "P12_007": 2 }, "geometry": { "type": "MultiPoint", "coordinates": [ [ 140.100926551519251, 35.601133045953361 ] ] } },
{ "type": "Feature", "properties": { "P12_001": 10006, "P12_002": "千葉市美術館", "P12_003": "12", "P12_004": "12101", "P12_005": "‐", "P12_006": "千葉市中央区中央3-10-8", "P12_007": 2 }, "geometry": { "type": "MultiPoint", "coordinates": [ [ 140.124645454624101, 35.608965656240116 ] ] } },
{ "type": "Feature", "properties": { "P12_001": 10007, "P12_002": "千葉市立郷土博物館", "P12_003": "12", "P12_004": "12101", "P12_005": "‐", "P12_006": "千葉市中央区亥鼻1-6-1", "P12_007": 2 }, "geometry": { "type": "MultiPoint", "coordinates": [ [ 140.127227705894029, 35.604554111982736 ] ] } },
{ "type": "Feature", "properties": { "P12_001": 10008, "P12_002": "千葉港めぐり観光船", "P12_003": "12", "P12_004": "12101", "P12_005": "‐", "P12_006": "千葉市中央区中央港1-6-1", "P12_007": 4 }, "geometry": { "type": "MultiPoint", "coordinates": [ [ 140.103455702318911, 35.601052530549907 ] ] } },
{ "type": "Feature", "properties": { "P12_001": 10009, "P12_002": "ＪＦＥスチール東日本製鐵所（千葉地区）", "P12_003": "12", "P12_004": "12101", "P12_005": "‐", "P12_006": "千葉市中央区川崎町1", "P12_007": 2 }, "geometry": { "type": "MultiPoint", "coordinates": [ [ 140.123337916811465, 35.582329833555036 ] ] } },
{ "type": "Feature", "properties": { "P12_001": 10010, "P12_002": "千葉県文化会館", "P12_003": "12", "P12_004": "12101", "P12_005": "‐", "P12_006": "千葉市中央区市場町11-2　", "P12_007": 1 }, "geometry": { "type": "MultiPoint", "coordinates": [ [ 140.127052238270267, 35.603159740129968 ] ] } },
{ "type": "Feature", "properties": { "P12_001": 10011, "P12_002": "千葉市民会館", "P12_003": "12", "P12_004": "12101", "P12_005": "‐", "P12_006": "千葉市中央区要町1-1", "P12_007": 1 }, "geometry": { "type": "MultiPoint", "coordinates": [ [ 140.120283260663996, 35.615407503653444 ] ] } },
{ "type": "Feature", "properties": { "P12_001": 10012, "P12_002": "フクダ電子アリーナ", "P12_003": "12", "P12_004": "12101", "P12_005": "‐", "P12_006": "千葉市中央区川崎町1-20", "P12_007": 1 }, "geometry": { "type": "MultiPoint", "coordinates": [ [ 140.122858999942991, 35.577464999510198 ] ] } },
{ "type": "Feature", "properties": { "P12_001": 10013, "P12_002": "千葉市文化センター", "P12_003": "12", "P12_004": "12101", "P12_005": "‐", "P12_006": "千葉市中央区中央2-5-1", "P12_007": 1 }, "geometry": { "type": "MultiPoint", "coordinates": [ [ 140.121944443381381, 35.609722222602556 ] ] } },
{ "type": "Feature", "properties": { "P12_001": 10014, "P12_002": "京葉銀行文化プラザ", "P12_003": "12", "P12_004": "12101", "P12_005": "‐", "P12_006": "千葉市中央区富士見1-3-2", "P12_007": 1 }, "geometry": { "type": "MultiPoint", "coordinates": [ [ 140.117412265863436, 35.613166959687476 ] ] } },
{ "type": "Feature", "properties": { "P12_001": 10015, "P12_002": "パサール幕張（上・下）", "P12_003": "12", "P12_004": "12102", "P12_005": "‐", "P12_006": "千葉市花見川区幕張町（京葉道路内）", "P12_007": 6 }, "geometry": { "type": "MultiPoint", "coordinates": [ [ 140.053298999149547, 35.669094999134927 ] ] } },
{ "type": "Feature", "properties": { "P12_001": 10016, "P12_002": "鷹之台カンツリー倶楽部", "P12_003": "12", "P12_004": "12102", "P12_005": "‐", "P12_006": "千葉市花見川区横戸町1501", "P12_007": 4 }, "geometry": { "type": "MultiPoint", "coordinates": [ [ 140.109722222402752, 35.708611110914092 ] ] } },
{ "type": "Feature", "properties": { "P12_001": 10017, "P12_002": "稲毛浅間神社", "P12_003": "12", "P12_004": "12103", "P12_005": "‐", "P12_006": "千葉市稲毛区稲毛1-15-10", "P12_007": 2 }, "geometry": { "type": "MultiPoint", "coordinates": [ [ 140.082446535679196, 35.636650217033946 ] ] } },
{ "type": "Feature", "properties": { "P12_001": 10018, "P12_002": "千葉県総合スポーツセンター", "P12_003": "12", "P12_004": "12103", "P12_005": "‐", "P12_006": "千葉市稲毛区天台町323", "P12_007": 4 }, "geometry": { "type": "MultiPoint", "coordinates": [ [ 140.121951803433035, 35.649452078051013 ] ] } },
{ "type": "Feature", "properties": { "P12_001": 10019, "P12_002": "市民ギャラリー・いなげ", "P12_003": "12", "P12_004": "12103", "P12_005": "‐", "P12_006": "千葉市稲毛区稲毛1-8-35", "P12_007": 2 }, "geometry": { "type": "MultiPoint", "coordinates": [ [ 140.083283983469073, 35.634221499822388 ] ] } },
{ "type": "Feature", "properties": { "P12_001": 10020, "P12_002": "千葉市動物公園", "P12_003": "12", "P12_004": "12104", "P12_005": "‐", "P12_006": "千葉市若葉区源町280", "P12_007": 2 }, "geometry": { "type": "MultiPoint", "coordinates": [ [ 140.125507999794422, 35.644425000013769 ] ] } },
{ "type": "Feature", "properties": { "P12_001": 10021, "P12_002": "泉自然公園", "P12_003": "12", "P12_004": "12104", "P12_005": "‐", "P12_006": "千葉市若葉区野呂町108", "P12_007": 4 }, "geometry": { "type": "MultiPoint", "coordinates": [ [ 140.226824000027591, 35.576980999673424 ] ] } },
{ "type": "Feature", "properties": { "P12_001": 10022, "P12_002": "京葉カントリー倶楽部", "P12_003": "12", "P12_004": "12104", "P12_005": "‐", "P12_006": "千葉市若葉区多部田町802", "P12_007": 4 }, "geometry": { "type": "MultiPoint", "coordinates": [ [ 140.194950650752048, 35.593234634071166 ] ] } },
{ "type": "Feature", "properties": { "P12_001": 10023, "P12_002": "袖ヶ浦カンツリー倶楽部（新袖）", "P12_003": "12", "P12_004": "12104", "P12_005": "‐", "P12_006": "千葉市若葉区冨田町1140", "P12_007": 4 }, "geometry": { "type": "MultiPoint", "coordinates": [ [ 140.256193361534429, 35.598627560813327 ] ] } },
{ "type": "Feature", "properties": { "P12_001": 10024, "P12_002": "千葉市民ゴルフ場", "P12_003": "12", "P12_004": "12104", "P12_005": "‐", "P12_006": "千葉市若葉区下田町1005", "P12_007": 4 }, "geometry": { "type": "MultiPoint", "coordinates": [ [ 140.206338000498363, 35.639814999662576 ] ] } },
{ "type": "Feature", "properties": { "P12_001": 10025, "P12_002": "千葉市立加曽利貝塚博物館", "P12_003": "12", "P12_004": "12104", "P12_005": "‐", "P12_006": "千葉市若葉区桜木8-33-1", "P12_007": 2 }, "geometry": { "type": "MultiPoint", "coordinates": [ [ 140.16534906180982, 35.623726261357945 ] ] } },
{ "type": "Feature", "properties": { "P12_001": 10026, "P12_002": "若葉文化ホール", "P12_003": "12", "P12_004": "12104", "P12_005": "‐", "P12_006": "千葉市若葉区千城台西2-1-1", "P12_007": 1 }, "geometry": { "type": "MultiPoint", "coordinates": [ [ 140.186504040928867, 35.621896967471116 ] ] } },
{ "type": "Feature", "properties": { "P12_001": 10027, "P12_002": "昭和の森", "P12_003": "12", "P12_004": "12105", "P12_005": "‐", "P12_006": "千葉市緑区土気町22", "P12_007": 4 }, "geometry": { "type": "MultiPoint", "coordinates": [ [ 140.281021000119154, 35.518271000106608 ] ] } },
{ "type": "Feature", "properties": { "P12_001": 10028, "P12_002": "平川カントリークラブ", "P12_003": "12", "P12_004": "12105", "P12_005": "‐", "P12_006": "千葉市緑区平川町405", "P12_007": 4 }, "geometry": { "type": "MultiPoint", "coordinates": [ [ 140.253501444236349, 35.552989754873352 ] ] } },
{ "type": "Feature", "properties": { "P12_001": 10029, "P12_002": "袖ヶ浦カンツリー倶楽部（袖ヶ浦）", "P12_003": "12", "P12_004": "12105", "P12_005": "‐", "P12_006": "千葉市緑区辺田町567", "P12_007": 4 }, "geometry": { "type": "MultiPoint", "coordinates": [ [ 140.184906782921757, 35.563839538463981 ] ] } },
{ "type": "Feature", "properties": { "P12_001": 10030, "P12_002": "フルーツランドとけ観光いちご園エーアト・ベーレ", "P12_003": "12", "P12_004": "12105", "P12_005": "‐", "P12_006": "千葉市緑区大高町26-34　", "P12_007": 2 }, "geometry": { "type": "MultiPoint", "coordinates": [ [ 140.253243000664042, 35.539628999378863 ] ] } },
{ "type": "Feature", "properties": { "P12_001": 10031, "P12_002": "昭和の森キャンプ場", "P12_003": "12", "P12_004": "12105", "P12_005": "‐", "P12_006": "千葉市緑区小食土町955", "P12_007": 4 }, "geometry": { "type": "MultiPoint", "coordinates": [ [ 140.276203000068449, 35.517257001009853 ] ] } },
{ "type": "Feature", "properties": { "P12_001": 10032, "P12_002": "三井アウトレットパーク幕張", "P12_003": "12", "P12_004": "12106", "P12_005": "‐", "P12_006": "千葉市美浜区ひび野2-6-1", "P12_007": 5 }, "geometry": { "type": "MultiPoint", "coordinates": [ [ 140.039606999963098, 35.646704000789043 ] ] } },
{ "type": "Feature", "properties": { "P12_001": 10033, "P12_002": "いなげの浜", "P12_003": "12", "P12_004": "12106", "P12_005": "‐", "P12_006": "千葉市美浜区高浜7-2-1", "P12_007": 1 }, "geometry": { "type": "MultiPoint", "coordinates": [ [ 140.062716999989675, 35.61569399977833 ] ] } },
{ "type": "Feature", "properties": { "P12_001": 10034, "P12_002": "稲毛海浜公園プール", "P12_003": "12", "P12_004": "12106", "P12_005": "‐", "P12_006": "千葉市美浜区高浜7-1-1", "P12_007": 4 }, "geometry": { "type": "MultiPoint", "coordinates": [ [ 140.067331889954858, 35.614641846044435 ] ] } },
{ "type": "Feature", "properties": { "P12_001": 10035, "P12_002": "アクアリンクちば", "P12_003": "12", "P12_004": "12106", "P12_005": "‐", "P12_006": "千葉市美浜区新港224-1", "P12_007": 4 }, "geometry": { "type": "MultiPoint", "coordinates": [ [ 140.071290188491503, 35.611149495253073 ] ] } },
{ "type": "Feature", "properties": { "P12_001": 10036, "P12_002": "千葉市花の美術館", "P12_003": "12", "P12_004": "12106", "P12_005": "‐", "P12_006": "千葉市美浜区高浜7-2-4", "P12_007": 2 }, "geometry": { "type": "MultiPoint", "coordinates": [ [ 140.064788023548545, 35.618203606511258 ] ] } },
{ "type": "Feature", "properties": { "P12_001": 10037, "P12_002": "稲毛記念館", "P12_003": "12", "P12_004": "12106", "P12_005": "‐", "P12_006": "千葉市美浜区高浜7-2-3", "P12_007": 2 }, "geometry": { "type": "MultiPoint", "coordinates": [ [ 140.060838816258411, 35.619831891128911 ] ] } },
{ "type": "Feature", "properties": { "P12_001": 10038, "P12_002": "稲毛民間航空記念館", "P12_003": "12", "P12_004": "12106", "P12_005": "‐", "P12_006": "千葉市美浜区高浜7-2-2", "P12_007": 2 }, "geometry": { "type": "MultiPoint", "coordinates": [ [ 140.059994517433097, 35.62087720012272 ] ] } },
{ "type": "Feature", "properties": { "P12_001": 10039, "P12_002": "見浜園", "P12_003": "12", "P12_004": "12106", "P12_005": "‐", "P12_006": "千葉市美浜区ひび野2-116", "P12_007": 2 }, "geometry": { "type": "MultiPoint", "coordinates": [ [ 140.04025858666455, 35.643812121032624 ] ] } },
{ "type": "Feature", "properties": { "P12_001": 10040, "P12_002": "稲毛サイクリングセンター", "P12_003": "12", "P12_004": "12106", "P12_005": "‐", "P12_006": "千葉市美浜区磯辺2-8-2", "P12_007": 4 }, "geometry": { "type": "MultiPoint", "coordinates": [ [ 140.053734486857138, 35.624533549483772 ] ] } },
{ "type": "Feature", "properties": { "P12_001": 10041, "P12_002": "幕張メッセ（イベントホール・国際展示場）", "P12_003": "12", "P12_004": "12106", "P12_005": "‐", "P12_006": "千葉市美浜区中瀬2-1", "P12_007": 1 }, "geometry": { "type": "MultiPoint", "coordinates": [ [ 140.03471111682461, 35.64823477101794 ] ] } },
{ "type": "Feature", "properties": { "P12_001": 10042, "P12_002": "ＱＶＣマリンフィールド", "P12_003": "12", "P12_004": "12106", "P12_005": "‐", "P12_006": "千葉市美浜区美浜1", "P12_007": 1 }, "geometry": { "type": "MultiPoint", "coordinates": [ [ 140.030833332792099, 35.645277777647379 ] ] } },
{ "type": "Feature", "properties": { "P12_001": 10043, "P12_002": "幕張メッセ（国際会議場）", "P12_003": "12", "P12_004": "12106", "P12_005": "‐", "P12_006": "千葉市美浜区中瀬　2-1", "P12_007": 1 }, "geometry": { "type": "MultiPoint", "coordinates": [ [ 140.036663194251105, 35.646787161997963 ] ] } },
{ "type": "Feature", "properties": { "P12_001": 10044, "P12_002": "美浜文化ホール", "P12_003": "12", "P12_004": "12106", "P12_005": "‐", "P12_006": "千葉市美浜区真砂5-15-2", "P12_007": 1 }, "geometry": { "type": "MultiPoint", "coordinates": [ [ 140.062602309449062, 35.641131172765483 ] ] } },
{ "type": "Feature", "properties": { "P12_001": 10045, "P12_002": "満願寺", "P12_003": "12", "P12_004": "12202", "P12_005": "‐", "P12_006": "銚子市天王台9822-1", "P12_007": 2 }, "geometry": { "type": "MultiPoint", "coordinates": [ [ 140.856765366028867, 35.705793076289467 ] ] } },
{ "type": "Feature", "properties": { "P12_001": 10046, "P12_002": "ウオッセ２１", "P12_003": "12", "P12_004": "12202", "P12_005": "‐", "P12_006": "銚子市川口町2-6529-34", "P12_007": 5 }, "geometry": { "type": "MultiPoint", "coordinates": [ [ 140.864150216459393, 35.740789466161004 ] ] } },
{ "type": "Feature", "properties": { "P12_001": 10047, "P12_002": "犬吠埼灯台", "P12_003": "12", "P12_004": "12202", "P12_005": "‐", "P12_006": "銚子市犬吠埼9576", "P12_007": 2 }, "geometry": { "type": "MultiPoint", "coordinates": [ [ 140.868440000605574, 35.707905000115716 ] ] } },
{ "type": "Feature", "properties": { "P12_001": 10048, "P12_002": "地球の丸く見える丘展望館", "P12_003": "12", "P12_004": "12202", "P12_005": "‐", "P12_006": "銚子市天王台1421-1", "P12_007": 2 }, "geometry": { "type": "MultiPoint", "coordinates": [ [ 140.853585566520792, 35.706410823300928 ] ] } },
{ "type": "Feature", "properties": { "P12_001": 10049, "P12_002": "犬吠埼マリンパーク", "P12_003": "12", "P12_004": "12202", "P12_005": "‐", "P12_006": "銚子市犬吠埼9575-1", "P12_007": 2 }, "geometry": { "type": "MultiPoint", "coordinates": [ [ 140.86541599964869, 35.707169999495932 ] ] } },
{ "type": "Feature", "properties": { "P12_001": 10050, "P12_002": "犬吠埼温泉（４箇所）", "P12_003": "12", "P12_004": "12202", "P12_005": "‐", "P12_006": "銚子市", "P12_007": 3 }, "geometry": { "type": "MultiPoint", "coordinates": [ [ 140.826641000282052, 35.734681000128091 ] ] } },
{ "type": "Feature", "properties": { "P12_001": 10051, "P12_002": "銚子ポートタワー", "P12_003": "12", "P12_004": "12202", "P12_005": "‐", "P12_006": "銚子市川口町2-6385-267", "P12_007": 2 }, "geometry": { "type": "MultiPoint", "coordinates": [ [ 140.862903895498448, 35.74099047812814 ] ] } },
{ "type": "Feature", "properties": { "P12_001": 10052, "P12_002": "飯沼観音", "P12_003": "12", "P12_004": "12202", "P12_005": "‐", "P12_006": "銚子市馬場町173-2", "P12_007": 2 }, "geometry": { "type": "MultiPoint", "coordinates": [ [ 140.840615999928559, 35.731949999193148 ] ] } },
{ "type": "Feature", "properties": { "P12_001": 10053, "P12_002": "ヒゲタ醤油工場", "P12_003": "12", "P12_004": "12202", "P12_005": "‐", "P12_006": "銚子市八幡町516", "P12_007": 2 }, "geometry": { "type": "MultiPoint", "coordinates": [ [ 140.816867538805923, 35.729872147081949 ] ] } },
{ "type": "Feature", "properties": { "P12_001": 10054, "P12_002": "ヤマサ醤油工場", "P12_003": "12", "P12_004": "12202", "P12_005": "‐", "P12_006": "銚子市小川町2570", "P12_007": 2 }, "geometry": { "type": "MultiPoint", "coordinates": [ [ 140.833282108682397, 35.72803737092795 ] ] } },
{ "type": "Feature", "properties": { "P12_001": 10055, "P12_002": "レインボーヒルズカントリークラブ", "P12_003": "12", "P12_004": "12202", "P12_005": "‐", "P12_006": "銚子市諸持町861", "P12_007": 4 }, "geometry": { "type": "MultiPoint", "coordinates": [ [ 140.70397474843594, 35.795390917456928 ] ] } },
{ "type": "Feature", "properties": { "P12_001": 10056, "P12_002": "猿田神社", "P12_003": "12", "P12_004": "12202", "P12_005": "‐", "P12_006": "銚子市猿田町1677-1", "P12_007": 2 }, "geometry": { "type": "MultiPoint", "coordinates": [ [ 140.733649496327303, 35.747381239552624 ] ] } },
{ "type": "Feature", "properties": { "P12_001": 10057, "P12_002": "ハーブガーデンポケット", "P12_003": "12", "P12_004": "12202", "P12_005": "‐", "P12_006": "銚子市笠上町7005", "P12_007": 2 }, "geometry": { "type": "MultiPoint", "coordinates": [ [ 140.864586834614784, 35.728901066331218 ] ] } },
{ "type": "Feature", "properties": { "P12_001": 10058, "P12_002": "海釣り船（２箇所）（銚子市内）", "P12_003": "12", "P12_004": "12202", "P12_005": "‐", "P12_006": "銚子市", "P12_007": 4 }, "geometry": { "type": "MultiPoint", "coordinates": [ [ 140.837198999734142, 35.734211000937023 ] ] } },
{ "type": "Feature", "properties": { "P12_001": 10059, "P12_002": "銚子マリーナ海水浴場", "P12_003": "12", "P12_004": "12202", "P12_005": "‐", "P12_006": "銚子市潮見町", "P12_007": 4 }, "geometry": { "type": "MultiPoint", "coordinates": [ [ 140.839026000349691, 35.707204000164552 ] ] } },
{ "type": "Feature", "properties": { "P12_001": 10060, "P12_002": "銚子マリーナ", "P12_003": "12", "P12_004": "12202", "P12_005": "‐", "P12_006": "銚子市潮見町15", "P12_007": 4 }, "geometry": { "type": "MultiPoint", "coordinates": [ [ 140.840686900679998, 35.7042541582029 ] ] } },
{ "type": "Feature", "properties": { "P12_001": 10061, "P12_002": "銚子漁港魚市場", "P12_003": "12", "P12_004": "12202", "P12_005": "‐", "P12_006": "銚子市川口町2-6528", "P12_007": 2 }, "geometry": { "type": "MultiPoint", "coordinates": [ [ 140.861869551039035, 35.743468542938956 ] ] } },
{ "type": "Feature", "properties": { "P12_001": 10062, "P12_002": "イルカウォッチング（銚子市内）", "P12_003": "12", "P12_004": "12202", "P12_005": "‐", "P12_006": "銚子市外川町2-11077-9", "P12_007": 2 }, "geometry": { "type": "MultiPoint", "coordinates": [ [ 140.854877999320252, 35.697008000318988 ] ] } },
{ "type": "Feature", "properties": { "P12_001": 10063, "P12_002": "外川ミニ郷土資料館", "P12_003": "12", "P12_004": "12202", "P12_005": "‐", "P12_006": "銚子市外川町2-10610", "P12_007": 2 }, "geometry": { "type": "MultiPoint", "coordinates": [ [ 140.856345022005257, 35.699084417112203 ] ] } },
{ "type": "Feature", "properties": { "P12_001": 10064, "P12_002": "長崎海水浴場", "P12_003": "12", "P12_004": "12202", "P12_005": "‐", "P12_006": "銚子市長崎町", "P12_007": 4 }, "geometry": { "type": "MultiPoint", "coordinates": [ [ 140.863098999819044, 35.697512999325511 ] ] } },
{ "type": "Feature", "properties": { "P12_001": 10065, "P12_002": "海鹿島海水浴場", "P12_003": "12", "P12_004": "12202", "P12_005": "‐", "P12_006": "銚子市海鹿島", "P12_007": 4 }, "geometry": { "type": "MultiPoint", "coordinates": [ [ 140.868359000467535, 35.724386000213769 ] ] } },
{ "type": "Feature", "properties": { "P12_001": 10066, "P12_002": "楽天地天然温泉　法典の湯", "P12_003": "12", "P12_004": "12203", "P12_005": "‐", "P12_006": "市川市柏井町1-1520", "P12_007": 3 }, "geometry": { "type": "MultiPoint", "coordinates": [ [ 139.964416666695911, 35.735475000770748 ] ] } },
{ "type": "Feature", "properties": { "P12_001": 10067, "P12_002": "中山法華経寺（初詣除く）", "P12_003": "12", "P12_004": "12203", "P12_005": "‐", "P12_006": "市川市中山2-10-1", "P12_007": 2 }, "geometry": { "type": "MultiPoint", "coordinates": [ [ 139.949402777416253, 35.720902776641879 ] ] } },
{ "type": "Feature", "properties": { "P12_001": 10068, "P12_002": "市川市動植物園", "P12_003": "12", "P12_004": "12203", "P12_005": "‐", "P12_006": "市川市大町284", "P12_007": 2 }, "geometry": { "type": "MultiPoint", "coordinates": [ [ 139.969295000463944, 35.767912999285556 ] ] } },
{ "type": "Feature", "properties": { "P12_001": 10069, "P12_002": "クリーンスパ市川", "P12_003": "12", "P12_004": "12203", "P12_005": "‐", "P12_006": "市川市上妙典1554", "P12_007": 3 }, "geometry": { "type": "MultiPoint", "coordinates": [ [ 139.943761544259928, 35.68642521645063 ] ] } },
{ "type": "Feature", "properties": { "P12_001": 10070, "P12_002": "県立現代産業科学館", "P12_003": "12", "P12_004": "12203", "P12_005": "‐", "P12_006": "市川市鬼高1-1-3", "P12_007": 2 }, "geometry": { "type": "MultiPoint", "coordinates": [ [ 139.932666989490031, 35.714874134433785 ] ] } },
{ "type": "Feature", "properties": { "P12_001": 10071, "P12_002": "里見公園", "P12_003": "12", "P12_004": "12203", "P12_005": "‐", "P12_006": "市川市国府台3-9", "P12_007": 4 }, "geometry": { "type": "MultiPoint", "coordinates": [ [ 139.898597001150733, 35.747592999317533 ] ] } },
{ "type": "Feature", "properties": { "P12_001": 10072, "P12_002": "市川市自然博物館", "P12_003": "12", "P12_004": "12203", "P12_005": "‐", "P12_006": "市川市大町284", "P12_007": 2 }, "geometry": { "type": "MultiPoint", "coordinates": [ [ 139.965952000084826, 35.764270000360284 ] ] } },
{ "type": "Feature", "properties": { "P12_001": 10073, "P12_002": "市川市アイ・リンクタウン展望施設", "P12_003": "12", "P12_004": "12203", "P12_005": "‐", "P12_006": "市川市市川南1-10-1", "P12_007": 6 }, "geometry": { "type": "MultiPoint", "coordinates": [ [ 139.906076769627248, 35.729126877103738 ] ] } },
{ "type": "Feature", "properties": { "P12_001": 10074, "P12_002": "葛飾八幡宮（初詣除く）", "P12_003": "12", "P12_004": "12203", "P12_005": "‐", "P12_006": "市川市八幡4-2-1", "P12_007": 2 }, "geometry": { "type": "MultiPoint", "coordinates": [ [ 139.930886111504947, 35.724183333494125 ] ] } },
{ "type": "Feature", "properties": { "P12_001": 10075, "P12_002": "フィールドアスレチックありのみコース", "P12_003": "12", "P12_004": "12203", "P12_005": "‐", "P12_006": "市川市大町226-1", "P12_007": 4 }, "geometry": { "type": "MultiPoint", "coordinates": [ [ 139.972499998975877, 35.770219443772362 ] ] } },
{ "type": "Feature", "properties": { "P12_001": 10076, "P12_002": "観賞植物園", "P12_003": "12", "P12_004": "12203", "P12_005": "‐", "P12_006": "市川市大町213-1", "P12_007": 2 }, "geometry": { "type": "MultiPoint", "coordinates": [ [ 139.970367389843204, 35.768451227342325 ] ] } },
{ "type": "Feature", "properties": { "P12_001": 10077, "P12_002": "東山魁夷記念館", "P12_003": "12", "P12_004": "12203", "P12_005": "‐", "P12_006": "市川市中山1-16-2", "P12_007": 2 }, "geometry": { "type": "MultiPoint", "coordinates": [ [ 139.946457000390296, 35.722842999205113 ] ] } },
{ "type": "Feature", "properties": { "P12_001": 10078, "P12_002": "市川考古博物館", "P12_003": "12", "P12_004": "12203", "P12_005": "‐", "P12_006": "市川市堀之内2-26-1", "P12_007": 2 }, "geometry": { "type": "MultiPoint", "coordinates": [ [ 139.912094443703722, 35.75899722124484 ] ] } },
{ "type": "Feature", "properties": { "P12_001": 10079, "P12_002": "市川歴史博物館", "P12_003": "12", "P12_004": "12203", "P12_005": "‐", "P12_006": "市川市堀之内2-27-1", "P12_007": 2 }, "geometry": { "type": "MultiPoint", "coordinates": [ [ 139.911545418386368, 35.759831565474428 ] ] } },
{ "type": "Feature", "properties": { "P12_001": 10080, "P12_002": "行徳野鳥観察舎", "P12_003": "12", "P12_004": "12203", "P12_005": "‐", "P12_006": "市川市福栄4-22-11", "P12_007": 2 }, "geometry": { "type": "MultiPoint", "coordinates": [ [ 139.915761762994975, 35.668533872540252 ] ] } },
{ "type": "Feature", "properties": { "P12_001": 10081, "P12_002": "万葉植物園", "P12_003": "12", "P12_004": "12203", "P12_005": "‐", "P12_006": "市川市大野町2-1857", "P12_007": 2 }, "geometry": { "type": "MultiPoint", "coordinates": [ [ 139.952722113934442, 35.753220202150658 ] ] } },
{ "type": "Feature", "properties": { "P12_001": 10082, "P12_002": "芳澤ガーデンギャラリー", "P12_003": "12", "P12_004": "12203", "P12_005": "‐", "P12_006": "市川市真間5-1-18", "P12_007": 2 }, "geometry": { "type": "MultiPoint", "coordinates": [ [ 139.911440259760298, 35.73980746764056 ] ] } },
{ "type": "Feature", "properties": { "P12_001": 10083, "P12_002": "いちかわ観光・物産案内所", "P12_003": "12", "P12_004": "12203", "P12_005": "‐", "P12_006": "市川市市川1-1-1", "P12_007": 5 }, "geometry": { "type": "MultiPoint", "coordinates": [ [ 139.908231999407349, 35.729104999296339 ] ] } },
{ "type": "Feature", "properties": { "P12_001": 10084, "P12_002": "ふなばしアンデルセン公園", "P12_003": "12", "P12_004": "12204", "P12_005": "‐", "P12_006": "船橋市金堀町525", "P12_007": 4 }, "geometry": { "type": "MultiPoint", "coordinates": [ [ 140.059796249297506, 35.758523377451979 ] ] } },
{ "type": "Feature", "properties": { "P12_001": 10085, "P12_002": "ふなばし三番瀬海浜公園", "P12_003": "12", "P12_004": "12204", "P12_005": "‐", "P12_006": "船橋市潮見町40", "P12_007": 4 }, "geometry": { "type": "MultiPoint", "coordinates": [ [ 139.96746999994059, 35.672450000067499 ] ] } },
{ "type": "Feature", "properties": { "P12_001": 10086, "P12_002": "ふなばし三番瀬海浜公園　潮干狩り", "P12_003": "12", "P12_004": "12204", "P12_005": "‐", "P12_006": "船橋市潮見町40", "P12_007": 1 }, "geometry": { "type": "MultiPoint", "coordinates": [ [ 139.96746999994059, 35.672450000067499 ] ] } },
{ "type": "Feature", "properties": { "P12_001": 10087, "P12_002": "サッポロビール千葉工場", "P12_003": "12", "P12_004": "12204", "P12_005": "‐", "P12_006": "船橋市高瀬町2", "P12_007": 2 }, "geometry": { "type": "MultiPoint", "coordinates": [ [ 139.991162196778077, 35.6674086578833 ] ] } },
{ "type": "Feature", "properties": { "P12_001": 10088, "P12_002": "平砂浦海岸", "P12_003": "12", "P12_004": "12205", "P12_005": "‐", "P12_006": "館山市洲宮", "P12_007": 4 }, "geometry": { "type": "MultiPoint", "coordinates": [ [ 139.821055556768556, 34.939961111216348 ] ] } },
{ "type": "Feature", "properties": { "P12_001": 10089, "P12_002": "安房神社（初詣除く）", "P12_003": "12", "P12_004": "12205", "P12_005": "‐", "P12_006": "館山市大神宮589", "P12_007": 2 }, "geometry": { "type": "MultiPoint", "coordinates": [ [ 139.836678000189636, 34.922439000159784 ] ] } },
{ "type": "Feature", "properties": { "P12_001": 10090, "P12_002": "館山市立博物館", "P12_003": "12", "P12_004": "12205", "P12_005": "‐", "P12_006": "館山市館山351-2", "P12_007": 2 }, "geometry": { "type": "MultiPoint", "coordinates": [ [ 139.854469999590833, 34.982454999698518 ] ] } },
{ "type": "Feature", "properties": { "P12_001": 10091, "P12_002": "鶴谷八幡宮", "P12_003": "12", "P12_004": "12205", "P12_005": "‐", "P12_006": "館山市八幡76", "P12_007": 2 }, "geometry": { "type": "MultiPoint", "coordinates": [ [ 139.866629255435896, 35.0052266262079 ] ] } },
{ "type": "Feature", "properties": { "P12_001": 10092, "P12_002": "那古寺", "P12_003": "12", "P12_004": "12205", "P12_005": "‐", "P12_006": "館山市那古1125", "P12_007": 2 }, "geometry": { "type": "MultiPoint", "coordinates": [ [ 139.857919243178571, 35.025589387140542 ] ] } },
{ "type": "Feature", "properties": { "P12_001": 10093, "P12_002": "北条海水浴場", "P12_003": "12", "P12_004": "12205", "P12_005": "‐", "P12_006": "館山市北条地先　", "P12_007": 4 }, "geometry": { "type": "MultiPoint", "coordinates": [ [ 139.858439000059889, 35.001331999672118 ] ] } },
{ "type": "Feature", "properties": { "P12_001": 10094, "P12_002": "波左間海水浴場", "P12_003": "12", "P12_004": "12205", "P12_005": "‐", "P12_006": "館山市波左間地先　", "P12_007": 4 }, "geometry": { "type": "MultiPoint", "coordinates": [ [ 139.788513889804221, 34.972730554871248 ] ] } },
{ "type": "Feature", "properties": { "P12_001": 10095, "P12_002": "沖ノ島海水浴場", "P12_003": "12", "P12_004": "12205", "P12_005": "‐", "P12_006": "館山市富士見付近", "P12_007": 4 }, "geometry": { "type": "MultiPoint", "coordinates": [ [ 139.824908333352937, 34.991480556182751 ] ] } },
{ "type": "Feature", "properties": { "P12_001": 10096, "P12_002": "赤山地下壕跡", "P12_003": "12", "P12_004": "12205", "P12_005": "‐", "P12_006": "館山市市宮城192-2", "P12_007": 2 }, "geometry": { "type": "MultiPoint", "coordinates": [ [ 139.84262999947498, 34.982328000137159 ] ] } },
{ "type": "Feature", "properties": { "P12_001": 10097, "P12_002": "坂田海水浴場", "P12_003": "12", "P12_004": "12205", "P12_005": "‐", "P12_006": "館山市坂田地先　", "P12_007": 4 }, "geometry": { "type": "MultiPoint", "coordinates": [ [ 139.775793363472985, 34.975029221121702 ] ] } },
{ "type": "Feature", "properties": { "P12_001": 10098, "P12_002": "那古海水浴場", "P12_003": "12", "P12_004": "12205", "P12_005": "‐", "P12_006": "館山市那古地先　", "P12_007": 4 }, "geometry": { "type": "MultiPoint", "coordinates": [ [ 139.854550001481471, 35.020501998768282 ] ] } },
{ "type": "Feature", "properties": { "P12_001": 10099, "P12_002": "相浜海水浴場", "P12_003": "12", "P12_004": "12205", "P12_005": "‐", "P12_006": "館山市相浜一帯　", "P12_007": 4 }, "geometry": { "type": "MultiPoint", "coordinates": [ [ 139.827611791650952, 34.926750055071011 ] ] } },
{ "type": "Feature", "properties": { "P12_001": 10100, "P12_002": "新井海水浴場", "P12_003": "12", "P12_004": "12205", "P12_005": "‐", "P12_006": "館山市館山地先　", "P12_007": 4 }, "geometry": { "type": "MultiPoint", "coordinates": [ [ 139.855785936172083, 34.990566316182594 ] ] } },
{ "type": "Feature", "properties": { "P12_001": 10101, "P12_002": "船形海水浴場", "P12_003": "12", "P12_004": "12205", "P12_005": "‐", "P12_006": "館山市船形地先", "P12_007": 4 }, "geometry": { "type": "MultiPoint", "coordinates": [ [ 139.842251511698009, 35.025174171950539 ] ] } },
{ "type": "Feature", "properties": { "P12_001": 10102, "P12_002": "渚の駅（旧安房博物館）", "P12_003": "12", "P12_004": "12205", "P12_005": "‐", "P12_006": "館山市館山1564-1", "P12_007": 2 }, "geometry": { "type": "MultiPoint", "coordinates": [ [ 139.854641000281958, 34.989757000085547 ] ] } },
{ "type": "Feature", "properties": { "P12_001": 10103, "P12_002": "海ほたるパーキングエリア", "P12_003": "12", "P12_004": "12206", "P12_005": "‐", "P12_006": "木更津市中島2533", "P12_007": 6 }, "geometry": { "type": "MultiPoint", "coordinates": [ [ 139.918535999736719, 35.434815998859335 ] ] } },
{ "type": "Feature", "properties": { "P12_001": 10104, "P12_002": "潮干狩り（６ヵ所）（木更津市）", "P12_003": "12", "P12_004": "12206", "P12_005": "‐", "P12_006": "木更津市", "P12_007": 1 }, "geometry": { "type": "MultiPoint", "coordinates": [ [ 139.918811000727146, 35.385172000987097 ] ] } },
{ "type": "Feature", "properties": { "P12_001": 10105, "P12_002": "アクアわくわく市場", "P12_003": "12", "P12_004": "12206", "P12_005": "‐", "P12_006": "木更津市瓜倉217-1", "P12_007": 5 }, "geometry": { "type": "MultiPoint", "coordinates": [ [ 139.921834000738613, 35.432081000437847 ] ] } },
{ "type": "Feature", "properties": { "P12_001": 10106, "P12_002": "龍宮城スパホテル三日月", "P12_003": "12", "P12_004": "12206", "P12_005": "‐", "P12_006": "木更津市北浜1", "P12_007": 3 }, "geometry": { "type": "MultiPoint", "coordinates": [ [ 139.897642999424988, 35.421211000087624 ] ] } },
{ "type": "Feature", "properties": { "P12_001": 10107, "P12_002": "八剱八幡神社", "P12_003": "12", "P12_004": "12206", "P12_005": "‐", "P12_006": "木更津市富士見1-6-15", "P12_007": 2 }, "geometry": { "type": "MultiPoint", "coordinates": [ [ 139.923477000063599, 35.381199000333652 ] ] } },
{ "type": "Feature", "properties": { "P12_001": 10108, "P12_002": "高蔵寺", "P12_003": "12", "P12_004": "12206", "P12_005": "‐", "P12_006": "木更津市矢那1245　", "P12_007": 2 }, "geometry": { "type": "MultiPoint", "coordinates": [ [ 139.99492716625582, 35.338613667886534 ] ] } },
{ "type": "Feature", "properties": { "P12_001": 10109, "P12_002": "アクアラインゴルフクラブ（ＣＣ・ザ・ファースト）", "P12_003": "12", "P12_004": "12206", "P12_005": "‐", "P12_006": "木更津市真里谷4345-3", "P12_007": 4 }, "geometry": { "type": "MultiPoint", "coordinates": [ [ 140.088023979922809, 35.374936625225132 ] ] } },
{ "type": "Feature", "properties": { "P12_001": 10110, "P12_002": "きみさらずゴルフリンクス　", "P12_003": "12", "P12_004": "12206", "P12_005": "‐", "P12_006": "木更津市真里谷2935-7", "P12_007": 4 }, "geometry": { "type": "MultiPoint", "coordinates": [ [ 140.088585000397529, 35.352021000169088 ] ] } },
{ "type": "Feature", "properties": { "P12_001": 10111, "P12_002": "ザ・カントリークラブ・ジャパン　", "P12_003": "12", "P12_004": "12206", "P12_005": "‐", "P12_006": "木更津市茅野七曲905", "P12_007": 4 }, "geometry": { "type": "MultiPoint", "coordinates": [ [ 140.102157000345301, 35.332454999898403 ] ] } },
{ "type": "Feature", "properties": { "P12_001": 10112, "P12_002": "海釣り（３カ所）（木更津市）", "P12_003": "12", "P12_004": "12206", "P12_005": "‐", "P12_006": "木更津市", "P12_007": 4 }, "geometry": { "type": "MultiPoint", "coordinates": [ [ 139.916965000134724, 35.375970000215375 ] ] } },
{ "type": "Feature", "properties": { "P12_001": 10113, "P12_002": "證誠寺", "P12_003": "12", "P12_004": "12206", "P12_005": "‐", "P12_006": "木更津市富士見2-9-30", "P12_007": 2 }, "geometry": { "type": "MultiPoint", "coordinates": [ [ 139.921233000902362, 35.379826999116744 ] ] } },
{ "type": "Feature", "properties": { "P12_001": 10114, "P12_002": "かずさアカデミアホール", "P12_003": "12", "P12_004": "12206", "P12_005": "‐", "P12_006": "木更津市かずさ鎌足2-3-9", "P12_007": 1 }, "geometry": { "type": "MultiPoint", "coordinates": [ [ 139.989291999925968, 35.334755999889524 ] ] } },
{ "type": "Feature", "properties": { "P12_001": 10115, "P12_002": "矢切の渡し", "P12_003": "12", "P12_004": "12207", "P12_005": "‐", "P12_006": "松戸市下矢切1257", "P12_007": 1 }, "geometry": { "type": "MultiPoint", "coordinates": [ [ 139.883756001138636, 35.759468999294938 ] ] } },
{ "type": "Feature", "properties": { "P12_001": 10116, "P12_002": "本土寺", "P12_003": "12", "P12_004": "12207", "P12_005": "‐", "P12_006": "松戸市平賀63", "P12_007": 2 }, "geometry": { "type": "MultiPoint", "coordinates": [ [ 139.928575480673999, 35.840403888828462 ] ] } },
{ "type": "Feature", "properties": { "P12_001": 10117, "P12_002": "戸定歴史館", "P12_003": "12", "P12_004": "12207", "P12_005": "‐", "P12_006": "松戸市松戸714-1", "P12_007": 2 }, "geometry": { "type": "MultiPoint", "coordinates": [ [ 139.899458209029149, 35.777922257606178 ] ] } },
{ "type": "Feature", "properties": { "P12_001": 10118, "P12_002": "江戸川ラインゴルフ松戸コース", "P12_003": "12", "P12_004": "12207", "P12_005": "‐", "P12_006": "松戸市上矢切1711", "P12_007": 4 }, "geometry": { "type": "MultiPoint", "coordinates": [ [ 139.88386997941609, 35.766604209616617 ] ] } },
{ "type": "Feature", "properties": { "P12_001": 10119, "P12_002": "野天風呂湯の郷", "P12_003": "12", "P12_004": "12208", "P12_005": "‐", "P12_006": "野田市山崎貝塚町5-2", "P12_007": 3 }, "geometry": { "type": "MultiPoint", "coordinates": [ [ 139.894829989312598, 35.923365313358602 ] ] } },
{ "type": "Feature", "properties": { "P12_001": 10120, "P12_002": "（株）千秋社清水公園", "P12_003": "12", "P12_004": "12208", "P12_005": "‐", "P12_006": "野田市清水906", "P12_007": 4 }, "geometry": { "type": "MultiPoint", "coordinates": [ [ 139.85397600109161, 35.958250001136719 ] ] } },
{ "type": "Feature", "properties": { "P12_001": 10121, "P12_002": "源泉七光台温泉", "P12_003": "12", "P12_004": "12208", "P12_005": "‐", "P12_006": "野田市七光台4-2", "P12_007": 3 }, "geometry": { "type": "MultiPoint", "coordinates": [ [ 139.84984800048494, 35.982361999706598 ] ] } },
{ "type": "Feature", "properties": { "P12_001": 10122, "P12_002": "（株）ホテル＆スパリゾート　グランローザ潮の湯", "P12_003": "12", "P12_004": "12208", "P12_005": "‐", "P12_006": "野田市花井1-1-2", "P12_007": 3 }, "geometry": { "type": "MultiPoint", "coordinates": [ [ 139.881151454775932, 35.938936302968045 ] ] } },
{ "type": "Feature", "properties": { "P12_001": 10123, "P12_002": "（株）千葉カントリークラブ", "P12_003": "12", "P12_004": "12208", "P12_005": "‐", "P12_006": "野田市堤根167", "P12_007": 4 }, "geometry": { "type": "MultiPoint", "coordinates": [ [ 139.894657000220491, 35.941051999450281 ] ] } },
{ "type": "Feature", "properties": { "P12_001": 10124, "P12_002": "千葉県立関宿城博物館", "P12_003": "12", "P12_004": "12208", "P12_005": "‐", "P12_006": "野田市関宿三軒家143-4", "P12_007": 2 }, "geometry": { "type": "MultiPoint", "coordinates": [ [ 139.782612907259931, 36.10052435861229 ] ] } },
{ "type": "Feature", "properties": { "P12_001": 10125, "P12_002": "紫興業（株）紫カントリークラブ", "P12_003": "12", "P12_004": "12208", "P12_005": "‐", "P12_006": "野田市鶴奉463-1", "P12_007": 4 }, "geometry": { "type": "MultiPoint", "coordinates": [ [ 139.894127110677687, 35.954139985172219 ] ] } },
{ "type": "Feature", "properties": { "P12_001": 10126, "P12_002": "泉陽興業森の遊園地", "P12_003": "12", "P12_004": "12208", "P12_005": "‐", "P12_006": "野田市中根6-1", "P12_007": 4 }, "geometry": { "type": "MultiPoint", "coordinates": [ [ 139.879223999887699, 35.948040000645562 ] ] } },
{ "type": "Feature", "properties": { "P12_001": 10127, "P12_002": "もの知りしょうゆ館", "P12_003": "12", "P12_004": "12208", "P12_005": "‐", "P12_006": "野田市野田110", "P12_007": 2 }, "geometry": { "type": "MultiPoint", "coordinates": [ [ 139.869986943542699, 35.941051944591607 ] ] } },
{ "type": "Feature", "properties": { "P12_001": 10128, "P12_002": "野田市パブリックゴルフ場", "P12_003": "12", "P12_004": "12208", "P12_005": "‐", "P12_006": "野田市瀬戸1111、三ツ堀1350-1", "P12_007": 4 }, "geometry": { "type": "MultiPoint", "coordinates": [ [ 139.924985000357538, 35.950651999690081 ] ] } },
{ "type": "Feature", "properties": { "P12_001": 10129, "P12_002": "クリアビューゴルフクラブ", "P12_003": "12", "P12_004": "12208", "P12_005": "‐", "P12_006": "野田市瀬戸548", "P12_007": 4 }, "geometry": { "type": "MultiPoint", "coordinates": [ [ 139.93516799960355, 35.939120000287858 ] ] } },
{ "type": "Feature", "properties": { "P12_001": 10130, "P12_002": "野田市郷土博物館", "P12_003": "12", "P12_004": "12208", "P12_005": "‐", "P12_006": "野田市野田370-8", "P12_007": 2 }, "geometry": { "type": "MultiPoint", "coordinates": [ [ 139.865440000055969, 35.945371110488395 ] ] } },
{ "type": "Feature", "properties": { "P12_001": 10131, "P12_002": "関宿福祉センターやすらぎの郷", "P12_003": "12", "P12_004": "12208", "P12_005": "‐", "P12_006": "野田市布内1944-2", "P12_007": 3 }, "geometry": { "type": "MultiPoint", "coordinates": [ [ 139.817478257815424, 36.051941450137861 ] ] } },
{ "type": "Feature", "properties": { "P12_001": 10132, "P12_002": "雪印メグミルク（株）野田工場", "P12_003": "12", "P12_004": "12208", "P12_005": "‐", "P12_006": "野田市上三ヶ尾字平井256-1", "P12_007": 2 }, "geometry": { "type": "MultiPoint", "coordinates": [ [ 139.902018000630278, 35.931450999164326 ] ] } },
{ "type": "Feature", "properties": { "P12_001": 10133, "P12_002": "成田山新勝寺", "P12_003": "12", "P12_004": "12211", "P12_005": "神社・寺院・教会", "P12_006": "成田市成田1", "P12_007": 2 }, "geometry": { "type": "MultiPoint", "coordinates": [ [ 140.318318900796726, 35.785965525088955 ] ] } },
{ "type": "Feature", "properties": { "P12_001": 10134, "P12_002": "宗吾霊堂", "P12_003": "12", "P12_004": "12211", "P12_005": "‐", "P12_006": "成田市宗吾1-558", "P12_007": 2 }, "geometry": { "type": "MultiPoint", "coordinates": [ [ 140.279542999409955, 35.76099900060342 ] ] } },
{ "type": "Feature", "properties": { "P12_001": 10135, "P12_002": "成田ゆめ牧場", "P12_003": "12", "P12_004": "12211", "P12_005": "‐", "P12_006": "成田市名木730", "P12_007": 2 }, "geometry": { "type": "MultiPoint", "coordinates": [ [ 140.396738999904983, 35.869385999564258 ] ] } },
{ "type": "Feature", "properties": { "P12_001": 10136, "P12_002": "米屋観光センター", "P12_003": "12", "P12_004": "12211", "P12_005": "‐", "P12_006": "成田市東町622-6", "P12_007": 6 }, "geometry": { "type": "MultiPoint", "coordinates": [ [ 140.320167001306118, 35.782751999205459 ] ] } },
{ "type": "Feature", "properties": { "P12_001": 10137, "P12_002": "成田観光館", "P12_003": "12", "P12_004": "12211", "P12_005": "‐", "P12_006": "成田市仲町383-1", "P12_007": 2 }, "geometry": { "type": "MultiPoint", "coordinates": [ [ 140.316446001481836, 35.783578999571205 ] ] } },
{ "type": "Feature", "properties": { "P12_001": 10138, "P12_002": "長太郎カントリークラブ　", "P12_003": "12", "P12_004": "12211", "P12_005": "‐", "P12_006": "成田市奈土1413-1", "P12_007": 4 }, "geometry": { "type": "MultiPoint", "coordinates": [ [ 140.4188496382003, 35.865726909968998 ] ] } },
{ "type": "Feature", "properties": { "P12_001": 10139, "P12_002": "運動の森自然公園　成田エアポートコース", "P12_003": "12", "P12_004": "12211", "P12_005": "‐", "P12_006": "成田市前林817", "P12_007": 4 }, "geometry": { "type": "MultiPoint", "coordinates": [ [ 140.422264000683185, 35.798756999835746 ] ] } },
{ "type": "Feature", "properties": { "P12_001": 10140, "P12_002": "白鳳カントリー倶楽部　", "P12_003": "12", "P12_004": "12211", "P12_005": "‐", "P12_006": "成田市磯部字狭間8", "P12_007": 4 }, "geometry": { "type": "MultiPoint", "coordinates": [ [ 140.329558000001725, 35.840775000366023 ] ] } },
{ "type": "Feature", "properties": { "P12_001": 10141, "P12_002": "成田フェアフィールドゴルフクラブ　", "P12_003": "12", "P12_004": "12211", "P12_005": "‐", "P12_006": "成田市南羽鳥字殿迎764", "P12_007": 4 }, "geometry": { "type": "MultiPoint", "coordinates": [ [ 140.289744157766677, 35.836058151562497 ] ] } },
{ "type": "Feature", "properties": { "P12_001": 10142, "P12_002": "千葉県花植木センター", "P12_003": "12", "P12_004": "12211", "P12_005": "‐", "P12_006": "成田市天神峰80-1", "P12_007": 2 }, "geometry": { "type": "MultiPoint", "coordinates": [ [ 140.394092000145747, 35.791942001222424 ] ] } },
{ "type": "Feature", "properties": { "P12_001": 10143, "P12_002": "大栄カントリー倶楽部　", "P12_003": "12", "P12_004": "12211", "P12_005": "‐", "P12_006": "成田市横山638", "P12_007": 4 }, "geometry": { "type": "MultiPoint", "coordinates": [ [ 140.438326000344659, 35.820553999567494 ] ] } },
{ "type": "Feature", "properties": { "P12_001": 10144, "P12_002": "太平洋クラブ成田コース　", "P12_003": "12", "P12_004": "12211", "P12_005": "‐", "P12_006": "成田市川栗字波左間240", "P12_007": 4 }, "geometry": { "type": "MultiPoint", "coordinates": [ [ 140.339418900761757, 35.767615150119127 ] ] } },
{ "type": "Feature", "properties": { "P12_001": 10145, "P12_002": "総成カントリー倶楽部", "P12_003": "12", "P12_004": "12211", "P12_005": "‐", "P12_006": "成田市西和泉729", "P12_007": 4 }, "geometry": { "type": "MultiPoint", "coordinates": [ [ 140.344755122550964, 35.811102018743213 ] ] } },
{ "type": "Feature", "properties": { "P12_001": 10146, "P12_002": "小御門カンツリークラブ　", "P12_003": "12", "P12_004": "12211", "P12_005": "‐", "P12_006": "成田市猿山山向1261-1", "P12_007": 4 }, "geometry": { "type": "MultiPoint", "coordinates": [ [ 140.352648998252675, 35.868839999566376 ] ] } },
{ "type": "Feature", "properties": { "P12_001": 10147, "P12_002": "グリッサンドゴルフクラブ　", "P12_003": "12", "P12_004": "12211", "P12_005": "‐", "P12_006": "成田市十余三30", "P12_007": 4 }, "geometry": { "type": "MultiPoint", "coordinates": [ [ 140.358137000422289, 35.799724000362403 ] ] } },
{ "type": "Feature", "properties": { "P12_001": 10148, "P12_002": "スカイウェイカントリークラブ　", "P12_003": "12", "P12_004": "12211", "P12_005": "‐", "P12_006": "成田市幡谷941-1", "P12_007": 4 }, "geometry": { "type": "MultiPoint", "coordinates": [ [ 140.353640400084487, 35.833220056660366 ] ] } },
{ "type": "Feature", "properties": { "P12_001": 10149, "P12_002": "ナリタゴルフコース　", "P12_003": "12", "P12_004": "12211", "P12_005": "‐", "P12_006": "成田市堀之内475", "P12_007": 4 }, "geometry": { "type": "MultiPoint", "coordinates": [ [ 140.381052133549133, 35.794622459359061 ] ] } },
{ "type": "Feature", "properties": { "P12_001": 10150, "P12_002": "成田山書道美術館", "P12_003": "12", "P12_004": "12211", "P12_005": "‐", "P12_006": "成田市成田640", "P12_007": 2 }, "geometry": { "type": "MultiPoint", "coordinates": [ [ 140.322147999130948, 35.787525999924981 ] ] } },
{ "type": "Feature", "properties": { "P12_001": 10151, "P12_002": "成田ゴルフ倶楽部", "P12_003": "12", "P12_004": "12211", "P12_005": "‐", "P12_006": "成田市大室127", "P12_007": 4 }, "geometry": { "type": "MultiPoint", "coordinates": [ [ 140.376172000237716, 35.830307999714478 ] ] } },
{ "type": "Feature", "properties": { "P12_001": 10152, "P12_002": "小御門神社", "P12_003": "12", "P12_004": "12211", "P12_005": "‐", "P12_006": "成田市名古屋898", "P12_007": 2 }, "geometry": { "type": "MultiPoint", "coordinates": [ [ 140.358659998460212, 35.855814999662584 ] ] } },
{ "type": "Feature", "properties": { "P12_001": 10153, "P12_002": "宗吾御一代記念館", "P12_003": "12", "P12_004": "12211", "P12_005": "‐", "P12_006": "成田市宗吾1-558", "P12_007": 2 }, "geometry": { "type": "MultiPoint", "coordinates": [ [ 140.279226983938202, 35.762238671977173 ] ] } },
{ "type": "Feature", "properties": { "P12_001": 10154, "P12_002": "国立歴史民俗博物館", "P12_003": "12", "P12_004": "12212", "P12_005": "博物館・美術館", "P12_006": "佐倉市城内町117", "P12_007": 2 }, "geometry": { "type": "MultiPoint", "coordinates": [ [ 140.219126635186171, 35.724404332893698 ] ] } },
{ "type": "Feature", "properties": { "P12_001": 10155, "P12_002": "佐倉ふるさと広場", "P12_003": "12", "P12_004": "12212", "P12_005": "‐", "P12_006": "佐倉市臼井田2714", "P12_007": 4 }, "geometry": { "type": "MultiPoint", "coordinates": [ [ 140.202698999059635, 35.740447000728579 ] ] } },
{ "type": "Feature", "properties": { "P12_001": 10156, "P12_002": "草ぶえの丘", "P12_003": "12", "P12_004": "12212", "P12_005": "‐", "P12_006": "佐倉市飯野820", "P12_007": 4 }, "geometry": { "type": "MultiPoint", "coordinates": [ [ 140.213702895871961, 35.747492965028357 ] ] } },
{ "type": "Feature", "properties": { "P12_001": 10157, "P12_002": "佐倉市立美術館", "P12_003": "12", "P12_004": "12212", "P12_005": "‐", "P12_006": "佐倉市新町210", "P12_007": 2 }, "geometry": { "type": "MultiPoint", "coordinates": [ [ 140.229611111463669, 35.719151112234101 ] ] } },
{ "type": "Feature", "properties": { "P12_001": 10158, "P12_002": "佐倉カントリー倶楽部", "P12_003": "12", "P12_004": "12212", "P12_005": "‐", "P12_006": "佐倉市飯田1000", "P12_007": 4 }, "geometry": { "type": "MultiPoint", "coordinates": [ [ 140.233333056475431, 35.727275000341024 ] ] } },
{ "type": "Feature", "properties": { "P12_001": 10159, "P12_002": "麻倉ゴルフ倶楽部", "P12_003": "12", "P12_004": "12212", "P12_005": "‐", "P12_006": "佐倉市内田670", "P12_007": 4 }, "geometry": { "type": "MultiPoint", "coordinates": [ [ 140.236154000406827, 35.634234000398862 ] ] } },
{ "type": "Feature", "properties": { "P12_001": 10160, "P12_002": "佐倉武家屋敷", "P12_003": "12", "P12_004": "12212", "P12_005": "‐", "P12_006": "佐倉市宮小路町57", "P12_007": 2 }, "geometry": { "type": "MultiPoint", "coordinates": [ [ 140.225028065592824, 35.716676349733802 ] ] } },
{ "type": "Feature", "properties": { "P12_001": 10161, "P12_002": "旧堀田邸", "P12_003": "12", "P12_004": "12212", "P12_005": "‐", "P12_006": "佐倉市鏑木町274", "P12_007": 2 }, "geometry": { "type": "MultiPoint", "coordinates": [ [ 140.235887078026281, 35.714029181801379 ] ] } },
{ "type": "Feature", "properties": { "P12_001": 10162, "P12_002": "佐倉新町おはやし館", "P12_003": "12", "P12_004": "12212", "P12_005": "‐", "P12_006": "佐倉市新町185-1", "P12_007": 2 }, "geometry": { "type": "MultiPoint", "coordinates": [ [ 140.231808235261951, 35.719372561294733 ] ] } },
{ "type": "Feature", "properties": { "P12_001": 10163, "P12_002": "佐倉順天堂記念館", "P12_003": "12", "P12_004": "12212", "P12_005": "‐", "P12_006": "佐倉市本町81", "P12_007": 2 }, "geometry": { "type": "MultiPoint", "coordinates": [ [ 140.242738055816631, 35.718498056040517 ] ] } },
{ "type": "Feature", "properties": { "P12_001": 10164, "P12_002": "印旛沼サンセットヒルズ", "P12_003": "12", "P12_004": "12212", "P12_005": "‐", "P12_006": "佐倉市飯野町27", "P12_007": 4 }, "geometry": { "type": "MultiPoint", "coordinates": [ [ 140.201856999800725, 35.747805000100698 ] ] } },
{ "type": "Feature", "properties": { "P12_001": 10165, "P12_002": "歴史生活資料館", "P12_003": "12", "P12_004": "12212", "P12_005": "‐", "P12_006": "佐倉市新町168　", "P12_007": 2 }, "geometry": { "type": "MultiPoint", "coordinates": [ [ 140.233038054562599, 35.719486944267089 ] ] } },
{ "type": "Feature", "properties": { "P12_001": 10166, "P12_002": "新千葉カントリークラブ", "P12_003": "12", "P12_004": "12213", "P12_005": "‐", "P12_006": "東金市家之子2177", "P12_007": 4 }, "geometry": { "type": "MultiPoint", "coordinates": [ [ 140.364912999935086, 35.59915800074117 ] ] } },
{ "type": "Feature", "properties": { "P12_001": 10167, "P12_002": "東金緑花木センター", "P12_003": "12", "P12_004": "12213", "P12_005": "‐", "P12_006": "東金市田間1298", "P12_007": 5 }, "geometry": { "type": "MultiPoint", "coordinates": [ [ 140.382458999683195, 35.57760599971715 ] ] } },
{ "type": "Feature", "properties": { "P12_001": 10168, "P12_002": "東千葉カントリークラブ", "P12_003": "12", "P12_004": "12213", "P12_005": "‐", "P12_006": "東金市滝503　", "P12_007": 4 }, "geometry": { "type": "MultiPoint", "coordinates": [ [ 140.331653999532477, 35.58120900039512 ] ] } },
{ "type": "Feature", "properties": { "P12_001": 10169, "P12_002": "東金ぶどう郷", "P12_003": "12", "P12_004": "12213", "P12_005": "‐", "P12_006": "東金市", "P12_007": 1 }, "geometry": { "type": "MultiPoint", "coordinates": [ [ 140.351868000008267, 35.581905000115739 ] ] } },
{ "type": "Feature", "properties": { "P12_001": 10170, "P12_002": "東金青年の家", "P12_003": "12", "P12_004": "12213", "P12_005": "‐", "P12_006": "東金市松之郷270", "P12_007": 1 }, "geometry": { "type": "MultiPoint", "coordinates": [ [ 140.372340000690542, 35.576473999675386 ] ] } },
{ "type": "Feature", "properties": { "P12_001": 10171, "P12_002": "雄蛇ヶ池（観光釣り用ボート貸し出し）", "P12_003": "12", "P12_004": "12213", "P12_005": "‐", "P12_006": "東金市田中", "P12_007": 1 }, "geometry": { "type": "MultiPoint", "coordinates": [ [ 140.331824000177562, 35.563725000808176 ] ] } },
{ "type": "Feature", "properties": { "P12_001": 10172, "P12_002": "エストーレホテルアンドテニスクラブ", "P12_003": "12", "P12_004": "12213", "P12_005": "‐", "P12_006": "東金市八坂台1-8", "P12_007": 4 }, "geometry": { "type": "MultiPoint", "coordinates": [ [ 140.362222222977266, 35.57222222177819 ] ] } },
{ "type": "Feature", "properties": { "P12_001": 10173, "P12_002": "飯岡刑部岬展望館〜光と風〜", "P12_003": "12", "P12_004": "12215", "P12_005": "‐", "P12_006": "旭市上永井1309-1", "P12_007": 1 }, "geometry": { "type": "MultiPoint", "coordinates": [ [ 140.739341999833528, 35.693391000794122 ] ] } },
{ "type": "Feature", "properties": { "P12_001": 10174, "P12_002": "飯岡〜中谷里海岸（サーフィン）", "P12_003": "12", "P12_004": "12215", "P12_005": "‐", "P12_006": "旭市横根", "P12_007": 4 }, "geometry": { "type": "MultiPoint", "coordinates": [ [ 140.677723042384514, 35.696412509729612 ] ] } },
{ "type": "Feature", "properties": { "P12_001": 10175, "P12_002": "いいおかみなと公園", "P12_003": "12", "P12_004": "12215", "P12_005": "‐", "P12_006": "旭市下永井814　", "P12_007": 4 }, "geometry": { "type": "MultiPoint", "coordinates": [ [ 140.728408228556987, 35.692560316805213 ] ] } },
{ "type": "Feature", "properties": { "P12_001": 10176, "P12_002": "かんぽの宿旭", "P12_003": "12", "P12_004": "12215", "P12_005": "‐", "P12_006": "旭市仁玉2280-1", "P12_007": 3 }, "geometry": { "type": "MultiPoint", "coordinates": [ [ 140.652051166128444, 35.688171567663744 ] ] } },
{ "type": "Feature", "properties": { "P12_001": 10177, "P12_002": "飯岡海水浴場", "P12_003": "12", "P12_004": "12215", "P12_005": "‐", "P12_006": "旭市横根1356　", "P12_007": 4 }, "geometry": { "type": "MultiPoint", "coordinates": [ [ 140.702023999308153, 35.700884000096607 ] ] } },
{ "type": "Feature", "properties": { "P12_001": 10178, "P12_002": "あさひパークゴルフ場", "P12_003": "12", "P12_004": "12215", "P12_005": "‐", "P12_006": "旭市中谷里8340-53", "P12_007": 4 }, "geometry": { "type": "MultiPoint", "coordinates": [ [ 140.645683001069756, 35.685298999948941 ] ] } },
{ "type": "Feature", "properties": { "P12_001": 10179, "P12_002": "鎌数伊勢大神宮", "P12_003": "12", "P12_004": "12215", "P12_005": "‐", "P12_006": "旭市鎌数4314", "P12_007": 2 }, "geometry": { "type": "MultiPoint", "coordinates": [ [ 140.621386921169574, 35.724795328441701 ] ] } },
{ "type": "Feature", "properties": { "P12_001": 10180, "P12_002": "矢指ケ浦海水浴場", "P12_003": "12", "P12_004": "12215", "P12_005": "‐", "P12_006": "旭市椎名内3260　", "P12_007": 4 }, "geometry": { "type": "MultiPoint", "coordinates": [ [ 140.666048845777709, 35.692101396362432 ] ] } },
{ "type": "Feature", "properties": { "P12_001": 10181, "P12_002": "船釣り（旭市）", "P12_003": "12", "P12_004": "12215", "P12_005": "‐", "P12_006": "旭市", "P12_007": 4 }, "geometry": { "type": "MultiPoint", "coordinates": [ [ 140.646468999544709, 35.720433999629449 ] ] } },
{ "type": "Feature", "properties": { "P12_001": 10182, "P12_002": "千葉県国際総合水泳場", "P12_003": "12", "P12_004": "12216", "P12_005": "‐", "P12_006": "習志野市茜浜2-3-3", "P12_007": 4 }, "geometry": { "type": "MultiPoint", "coordinates": [ [ 140.011302972654107, 35.666865258724783 ] ] } },
{ "type": "Feature", "properties": { "P12_001": 10183, "P12_002": "谷津バラ園", "P12_003": "12", "P12_004": "12216", "P12_005": "‐", "P12_006": "習志野市谷津3-1-14", "P12_007": 2 }, "geometry": { "type": "MultiPoint", "coordinates": [ [ 140.005456778607481, 35.680694043895073 ] ] } },
{ "type": "Feature", "properties": { "P12_001": 10184, "P12_002": "谷津干潟自然観察センター", "P12_003": "12", "P12_004": "12216", "P12_005": "‐", "P12_006": "習志野市秋津5-1-1", "P12_007": 1 }, "geometry": { "type": "MultiPoint", "coordinates": [ [ 140.0055430002094, 35.675336000056404 ] ] } },
{ "type": "Feature", "properties": { "P12_001": 10185, "P12_002": "旧鴇田家住宅", "P12_003": "12", "P12_004": "12216", "P12_005": "‐", "P12_006": "習志野市実籾2-24-1", "P12_007": 2 }, "geometry": { "type": "MultiPoint", "coordinates": [ [ 140.064967827703185, 35.684297543696744 ] ] } },
{ "type": "Feature", "properties": { "P12_001": 10186, "P12_002": "習志野文化ホール", "P12_003": "12", "P12_004": "12216", "P12_005": "‐", "P12_006": "習志野市谷津1-16-1", "P12_007": 1 }, "geometry": { "type": "MultiPoint", "coordinates": [ [ 140.019246999949132, 35.689489999863667 ] ] } },
{ "type": "Feature", "properties": { "P12_001": 10187, "P12_002": "道の駅しょうなん", "P12_003": "12", "P12_004": "12217", "P12_005": "‐", "P12_006": "柏市箕輪新田59-2", "P12_007": 6 }, "geometry": { "type": "MultiPoint", "coordinates": [ [ 140.02337196534404, 35.857777801504369 ] ] } },
{ "type": "Feature", "properties": { "P12_001": 10188, "P12_002": "県立柏の葉公園", "P12_003": "12", "P12_004": "12217", "P12_005": "‐", "P12_006": "柏市柏の葉4-1", "P12_007": 4 }, "geometry": { "type": "MultiPoint", "coordinates": [ [ 139.941411999764, 35.894874000434811 ] ] } },
{ "type": "Feature", "properties": { "P12_001": 10189, "P12_002": "藤ヶ谷カントリークラブ", "P12_003": "12", "P12_004": "12217", "P12_005": "‐", "P12_006": "柏市泉2348", "P12_007": 4 }, "geometry": { "type": "MultiPoint", "coordinates": [ [ 140.028316110600144, 35.829121944122448 ] ] } },
{ "type": "Feature", "properties": { "P12_001": 10190, "P12_002": "手賀沼フィッシングセンター", "P12_003": "12", "P12_004": "12217", "P12_005": "‐", "P12_006": "柏市曙橋1", "P12_007": 4 }, "geometry": { "type": "MultiPoint", "coordinates": [ [ 140.065825999470349, 35.851952999631294 ] ] } },
{ "type": "Feature", "properties": { "P12_001": 10191, "P12_002": "柏の葉競技場", "P12_003": "12", "P12_004": "12217", "P12_005": "‐", "P12_006": "柏市柏の葉4-1", "P12_007": 1 }, "geometry": { "type": "MultiPoint", "coordinates": [ [ 139.936192000060828, 35.897792999247542 ] ] } },
{ "type": "Feature", "properties": { "P12_001": 10192, "P12_002": "勝浦海中公園センター", "P12_003": "12", "P12_004": "12218", "P12_005": "‐", "P12_006": "勝浦市吉尾174", "P12_007": 1 }, "geometry": { "type": "MultiPoint", "coordinates": [ [ 140.284625999989998, 35.135487999871373 ] ] } },
{ "type": "Feature", "properties": { "P12_001": 10193, "P12_002": "アクアパレス", "P12_003": "12", "P12_004": "12218", "P12_005": "‐", "P12_006": "勝浦市墨名820", "P12_007": 3 }, "geometry": { "type": "MultiPoint", "coordinates": [ [ 140.310235206089942, 35.149398607160037 ] ] } },
{ "type": "Feature", "properties": { "P12_001": 10194, "P12_002": "海の博物館", "P12_003": "12", "P12_004": "12218", "P12_005": "‐", "P12_006": "勝浦市吉尾123", "P12_007": 2 }, "geometry": { "type": "MultiPoint", "coordinates": [ [ 140.284072001421805, 35.136516999659875 ] ] } },
{ "type": "Feature", "properties": { "P12_001": 10195, "P12_002": "勝浦ゴルフ倶楽部", "P12_003": "12", "P12_004": "12218", "P12_005": "‐", "P12_006": "勝浦市市野川628-1", "P12_007": 4 }, "geometry": { "type": "MultiPoint", "coordinates": [ [ 140.291519001300912, 35.2233560004791 ] ] } },
{ "type": "Feature", "properties": { "P12_001": 10196, "P12_002": "かんぽの宿勝浦", "P12_003": "12", "P12_004": "12218", "P12_005": "‐", "P12_006": "勝浦市鵜原2183-5", "P12_007": 3 }, "geometry": { "type": "MultiPoint", "coordinates": [ [ 140.27123611095783, 35.15020499956114 ] ] } },
{ "type": "Feature", "properties": { "P12_001": 10197, "P12_002": "東急ゴルフコース", "P12_003": "12", "P12_004": "12218", "P12_005": "‐", "P12_006": "勝浦市松部361", "P12_007": 4 }, "geometry": { "type": "MultiPoint", "coordinates": [ [ 140.276973888134535, 35.153091111965296 ] ] } },
{ "type": "Feature", "properties": { "P12_001": 10198, "P12_002": "一茶双樹記念館", "P12_003": "12", "P12_004": "12220", "P12_005": "‐", "P12_006": "流山市流山6-670-1", "P12_007": 2 }, "geometry": { "type": "MultiPoint", "coordinates": [ [ 139.896117921005271, 35.85011506056162 ] ] } },
{ "type": "Feature", "properties": { "P12_001": 10199, "P12_002": "杜のアトリエ黎明", "P12_003": "12", "P12_004": "12220", "P12_005": "‐", "P12_006": "流山市流山6-562-2", "P12_007": 2 }, "geometry": { "type": "MultiPoint", "coordinates": [ [ 139.895476654024378, 35.850099511283474 ] ] } },
{ "type": "Feature", "properties": { "P12_001": 10200, "P12_002": "道の駅やちよ「八千代ふるさとステーション」", "P12_003": "12", "P12_004": "12221", "P12_005": "‐", "P12_006": "八千代市米本4905-1", "P12_007": 6 }, "geometry": { "type": "MultiPoint", "coordinates": [ [ 140.106729470188952, 35.758319843785841 ] ] } },
{ "type": "Feature", "properties": { "P12_001": 10201, "P12_002": "京成バラ園", "P12_003": "12", "P12_004": "12221", "P12_005": "‐", "P12_006": "八千代市大和田新田755", "P12_007": 2 }, "geometry": { "type": "MultiPoint", "coordinates": [ [ 140.087559999894097, 35.731023999657907 ] ] } },
{ "type": "Feature", "properties": { "P12_001": 10202, "P12_002": "オスカーパークゴルフ公園", "P12_003": "12", "P12_004": "12221", "P12_005": "‐", "P12_006": "八千代市島田台向原1177", "P12_007": 4 }, "geometry": { "type": "MultiPoint", "coordinates": [ [ 140.089476999264207, 35.772360000213894 ] ] } },
{ "type": "Feature", "properties": { "P12_001": 10203, "P12_002": "八千代ゴルフクラブ", "P12_003": "12", "P12_004": "12221", "P12_005": "‐", "P12_006": "八千代市米本2834", "P12_007": 4 }, "geometry": { "type": "MultiPoint", "coordinates": [ [ 140.127933056765187, 35.749761111885846 ] ] } },
{ "type": "Feature", "properties": { "P12_001": 10204, "P12_002": "中山カントリークラブ", "P12_003": "12", "P12_004": "12221", "P12_005": "‐", "P12_006": "八千代市桑橋1299", "P12_007": 4 }, "geometry": { "type": "MultiPoint", "coordinates": [ [ 140.084091111515704, 35.756160000483703 ] ] } },
{ "type": "Feature", "properties": { "P12_001": 10205, "P12_002": "国際レディースゴルフ倶楽部", "P12_003": "12", "P12_004": "12221", "P12_005": "‐", "P12_006": "八千代市島田台向原1177", "P12_007": 4 }, "geometry": { "type": "MultiPoint", "coordinates": [ [ 140.089289000487042, 35.772077000653098 ] ] } },
{ "type": "Feature", "properties": { "P12_001": 10206, "P12_002": "千葉県手賀沼親水広場", "P12_003": "12", "P12_004": "12222", "P12_005": "‐", "P12_006": "我孫子市高野山新田193", "P12_007": 6 }, "geometry": { "type": "MultiPoint", "coordinates": [ [ 140.02941708942717, 35.861139987120737 ] ] } },
{ "type": "Feature", "properties": { "P12_001": 10207, "P12_002": "我孫子市鳥の博物館", "P12_003": "12", "P12_004": "12222", "P12_005": "‐", "P12_006": "我孫子市高野山234-3", "P12_007": 2 }, "geometry": { "type": "MultiPoint", "coordinates": [ [ 140.03071428863359, 35.861338061902075 ] ] } },
{ "type": "Feature", "properties": { "P12_001": 10208, "P12_002": "鴨川シーワールド", "P12_003": "12", "P12_004": "12223", "P12_005": "‐", "P12_006": "鴨川市東町1464-18", "P12_007": 2 }, "geometry": { "type": "MultiPoint", "coordinates": [ [ 140.120400116772089, 35.115944023098223 ] ] } },
{ "type": "Feature", "properties": { "P12_001": 10209, "P12_002": "道の駅｢鴨川オーシャンパーク｣", "P12_003": "12", "P12_004": "12223", "P12_005": "‐", "P12_006": "鴨川市江見太夫崎22", "P12_007": 6 }, "geometry": { "type": "MultiPoint", "coordinates": [ [ 140.077103998850475, 35.063869000354146 ] ] } },
{ "type": "Feature", "properties": { "P12_001": 10210, "P12_002": "誕生寺", "P12_003": "12", "P12_004": "12223", "P12_005": "‐", "P12_006": "鴨川市小湊183", "P12_007": 2 }, "geometry": { "type": "MultiPoint", "coordinates": [ [ 140.198472346421681, 35.117429370369223 ] ] } },
{ "type": "Feature", "properties": { "P12_001": 10211, "P12_002": "みんなみの里", "P12_003": "12", "P12_004": "12223", "P12_005": "‐", "P12_006": "鴨川市宮山1696", "P12_007": 5 }, "geometry": { "type": "MultiPoint", "coordinates": [ [ 140.015503124069937, 35.128226527432332 ] ] } },
{ "type": "Feature", "properties": { "P12_001": 10212, "P12_002": "海釣り（鴨川市全域）", "P12_003": "12", "P12_004": "12223", "P12_005": "‐", "P12_006": "鴨川市海岸全域", "P12_007": 4 }, "geometry": { "type": "MultiPoint", "coordinates": [ [ 140.09885199991993, 35.114030999630984 ] ] } },
{ "type": "Feature", "properties": { "P12_001": 10213, "P12_002": "内浦山県民の森", "P12_003": "12", "P12_004": "12223", "P12_005": "‐", "P12_006": "鴨川市内浦3228", "P12_007": 4 }, "geometry": { "type": "MultiPoint", "coordinates": [ [ 140.198706999328579, 35.161167000556702 ] ] } },
{ "type": "Feature", "properties": { "P12_001": 10214, "P12_002": "サーフィン（鴨川市内７ポイント）", "P12_003": "12", "P12_004": "12223", "P12_005": "‐", "P12_006": "鴨川市", "P12_007": 4 }, "geometry": { "type": "MultiPoint", "coordinates": [ [ 140.09885199991993, 35.114030999630984 ] ] } },
{ "type": "Feature", "properties": { "P12_001": 10215, "P12_002": "鯛の浦遊覧船", "P12_003": "12", "P12_004": "12223", "P12_005": "‐", "P12_006": "鴨川市小湊183-8", "P12_007": 2 }, "geometry": { "type": "MultiPoint", "coordinates": [ [ 140.196875656786233, 35.119343892106997 ] ] } },
{ "type": "Feature", "properties": { "P12_001": 10216, "P12_002": "小湊ウオポート", "P12_003": "12", "P12_004": "12223", "P12_005": "‐", "P12_006": "鴨川市小湊182-15", "P12_007": 5 }, "geometry": { "type": "MultiPoint", "coordinates": [ [ 140.196904998966602, 35.121235000894615 ] ] } },
{ "type": "Feature", "properties": { "P12_001": 10217, "P12_002": "太海フラワー磯釣りセンター", "P12_003": "12", "P12_004": "12223", "P12_005": "‐", "P12_006": "鴨川市太海浜67", "P12_007": 2 }, "geometry": { "type": "MultiPoint", "coordinates": [ [ 140.097691028218492, 35.07668638187107 ] ] } },
{ "type": "Feature", "properties": { "P12_001": 10218, "P12_002": "清澄寺", "P12_003": "12", "P12_004": "12223", "P12_005": "‐", "P12_006": "鴨川市清澄322-1", "P12_007": 2 }, "geometry": { "type": "MultiPoint", "coordinates": [ [ 140.151436206215976, 35.161067736087205 ] ] } },
{ "type": "Feature", "properties": { "P12_001": 10219, "P12_002": "鴨川市総合運動施設", "P12_003": "12", "P12_004": "12223", "P12_005": "‐", "P12_006": "鴨川市太尾866-1", "P12_007": 4 }, "geometry": { "type": "MultiPoint", "coordinates": [ [ 140.08007656038501, 35.11341273730801 ] ] } },
{ "type": "Feature", "properties": { "P12_001": 10220, "P12_002": "鴨川カントリークラブ", "P12_003": "12", "P12_004": "12223", "P12_005": "‐", "P12_006": "鴨川市和泉2607", "P12_007": 4 }, "geometry": { "type": "MultiPoint", "coordinates": [ [ 140.101302138982646, 35.151079565969269 ] ] } },
{ "type": "Feature", "properties": { "P12_001": 10221, "P12_002": "前原海水浴場", "P12_003": "12", "P12_004": "12223", "P12_005": "‐", "P12_006": "鴨川市前原横渚地区海岸", "P12_007": 4 }, "geometry": { "type": "MultiPoint", "coordinates": [ [ 140.107432000786275, 35.105337999848871 ] ] } },
{ "type": "Feature", "properties": { "P12_001": 10222, "P12_002": "魚見塚一戦場公園", "P12_003": "12", "P12_004": "12223", "P12_005": "‐", "P12_006": "鴨川市貝渚3277", "P12_007": 4 }, "geometry": { "type": "MultiPoint", "coordinates": [ [ 140.095310999403182, 35.093278999526262 ] ] } },
{ "type": "Feature", "properties": { "P12_001": 10223, "P12_002": "城崎海水浴場", "P12_003": "12", "P12_004": "12223", "P12_005": "‐", "P12_006": "鴨川市神明地区海岸", "P12_007": 4 }, "geometry": { "type": "MultiPoint", "coordinates": [ [ 140.169259000202715, 35.122827000565678 ] ] } },
{ "type": "Feature", "properties": { "P12_001": 10224, "P12_002": "内浦海水浴場", "P12_003": "12", "P12_004": "12223", "P12_005": "‐", "P12_006": "鴨川市内浦地区海岸", "P12_007": 4 }, "geometry": { "type": "MultiPoint", "coordinates": [ [ 140.190608999106075, 35.127194000502755 ] ] } },
{ "type": "Feature", "properties": { "P12_001": 10225, "P12_002": "仁右衛門島", "P12_003": "12", "P12_004": "12223", "P12_005": "‐", "P12_006": "鴨川市太海浜445", "P12_007": 2 }, "geometry": { "type": "MultiPoint", "coordinates": [ [ 140.104258999253489, 35.076655000028268 ] ] } },
{ "type": "Feature", "properties": { "P12_001": 10226, "P12_002": "鏡忍寺", "P12_003": "12", "P12_004": "12223", "P12_005": "‐", "P12_006": "鴨川市広場1413", "P12_007": 2 }, "geometry": { "type": "MultiPoint", "coordinates": [ [ 140.106466765628738, 35.119309607252603 ] ] } },
{ "type": "Feature", "properties": { "P12_001": 10227, "P12_002": "鴨川大山千枚田「棚田倶楽部」", "P12_003": "12", "P12_004": "12223", "P12_005": "‐", "P12_006": "鴨川市平塚540", "P12_007": 1 }, "geometry": { "type": "MultiPoint", "coordinates": [ [ 139.973870000999796, 35.130321999061039 ] ] } },
{ "type": "Feature", "properties": { "P12_001": 10228, "P12_002": "鴨川松島", "P12_003": "12", "P12_004": "12223", "P12_005": "‐", "P12_006": "鴨川市貝渚地内", "P12_007": 1 }, "geometry": { "type": "MultiPoint", "coordinates": [ [ 140.109233999349613, 35.090878000319492 ] ] } },
{ "type": "Feature", "properties": { "P12_001": 10229, "P12_002": "太海海水浴場", "P12_003": "12", "P12_004": "12223", "P12_005": "‐", "P12_006": "鴨川市浜波太地区海岸", "P12_007": 4 }, "geometry": { "type": "MultiPoint", "coordinates": [ [ 140.099022957443594, 35.080392130992095 ] ] } },
{ "type": "Feature", "properties": { "P12_001": 10230, "P12_002": "大山不動堂", "P12_003": "12", "P12_004": "12223", "P12_005": "‐", "P12_006": "鴨川市平塚1718", "P12_007": 2 }, "geometry": { "type": "MultiPoint", "coordinates": [ [ 139.966334001513019, 35.136984999658068 ] ] } },
{ "type": "Feature", "properties": { "P12_001": 10231, "P12_002": "江見海水浴場", "P12_003": "12", "P12_004": "12223", "P12_005": "‐", "P12_006": "鴨川市内遠野地区海岸", "P12_007": 4 }, "geometry": { "type": "MultiPoint", "coordinates": [ [ 140.049308999510799, 35.056451000013681 ] ] } },
{ "type": "Feature", "properties": { "P12_001": 10232, "P12_002": "ファイターズタウン鎌ケ谷", "P12_003": "12", "P12_004": "12224", "P12_005": "‐", "P12_006": "鎌ケ谷市中沢459　", "P12_007": 4 }, "geometry": { "type": "MultiPoint", "coordinates": [ [ 139.978009000315183, 35.759977999385228 ] ] } },
{ "type": "Feature", "properties": { "P12_001": 10233, "P12_002": "鎌ヶ谷カントリー倶楽部", "P12_003": "12", "P12_004": "12224", "P12_005": "‐", "P12_006": "鎌ケ谷市中沢1348", "P12_007": 4 }, "geometry": { "type": "MultiPoint", "coordinates": [ [ 139.982726111720694, 35.769583889285116 ] ] } },
{ "type": "Feature", "properties": { "P12_001": 10234, "P12_002": "清和県民の森", "P12_003": "12", "P12_004": "12225", "P12_005": "‐", "P12_006": "君津市豊英660　", "P12_007": 4 }, "geometry": { "type": "MultiPoint", "coordinates": [ [ 140.008200000429724, 35.17422200004529 ] ] } },
{ "type": "Feature", "properties": { "P12_001": 10235, "P12_002": "きみつふるさと物産館", "P12_003": "12", "P12_004": "12225", "P12_005": "‐", "P12_006": "君津市笹1766-3", "P12_007": 5 }, "geometry": { "type": "MultiPoint", "coordinates": [ [ 140.069607033537864, 35.198474848635385 ] ] } },
{ "type": "Feature", "properties": { "P12_001": 10236, "P12_002": "君津市観光協会亀山支部（三石から清澄山）", "P12_003": "12", "P12_004": "12225", "P12_005": "‐", "P12_006": "君津市川俣8", "P12_007": 4 }, "geometry": { "type": "MultiPoint", "coordinates": [ [ 140.086237999184391, 35.230002999438909 ] ] } },
{ "type": "Feature", "properties": { "P12_001": 10237, "P12_002": "上総富士ゴルフクラブ", "P12_003": "12", "P12_004": "12225", "P12_005": "‐", "P12_006": "君津市大坂富士山1639", "P12_007": 4 }, "geometry": { "type": "MultiPoint", "coordinates": [ [ 140.036065932896577, 35.261656161402755 ] ] } },
{ "type": "Feature", "properties": { "P12_001": 10238, "P12_002": "清和自然休養村", "P12_003": "12", "P12_004": "12225", "P12_005": "‐", "P12_006": "君津市大岩286　", "P12_007": 5 }, "geometry": { "type": "MultiPoint", "coordinates": [ [ 140.020241299396503, 35.223030429710604 ] ] } },
{ "type": "Feature", "properties": { "P12_001": 10239, "P12_002": "鹿野山ゴルフ倶楽部", "P12_003": "12", "P12_004": "12225", "P12_005": "‐", "P12_006": "君津市鹿野山288　", "P12_007": 4 }, "geometry": { "type": "MultiPoint", "coordinates": [ [ 139.968004199034567, 35.252717015377982 ] ] } },
{ "type": "Feature", "properties": { "P12_001": 10240, "P12_002": "カナリアガーデンカントリークラブ", "P12_003": "12", "P12_004": "12225", "P12_005": "‐", "P12_006": "君津市大坂1228-1", "P12_007": 4 }, "geometry": { "type": "MultiPoint", "coordinates": [ [ 140.031223675432329, 35.239606447679478 ] ] } },
{ "type": "Feature", "properties": { "P12_001": 10241, "P12_002": "ロイヤルスターゴルフクラブ", "P12_003": "12", "P12_004": "12225", "P12_005": "‐", "P12_006": "君津市平山32-1", "P12_007": 4 }, "geometry": { "type": "MultiPoint", "coordinates": [ [ 140.079328888317605, 35.268797362108614 ] ] } },
{ "type": "Feature", "properties": { "P12_001": 10242, "P12_002": "新君津ベルグリーンカントリー倶楽部", "P12_003": "12", "P12_004": "12225", "P12_005": "‐", "P12_006": "君津市東猪原12", "P12_007": 4 }, "geometry": { "type": "MultiPoint", "coordinates": [ [ 140.019126000664414, 35.254404000544241 ] ] } },
{ "type": "Feature", "properties": { "P12_001": 10243, "P12_002": "君津市森林体験交流センター", "P12_003": "12", "P12_004": "12225", "P12_005": "‐", "P12_006": "君津市久留里市場1018　", "P12_007": 1 }, "geometry": { "type": "MultiPoint", "coordinates": [ [ 140.086999000103788, 35.291989999938608 ] ] } },
{ "type": "Feature", "properties": { "P12_001": 10244, "P12_002": "清和観光農園組合", "P12_003": "12", "P12_004": "12225", "P12_005": "‐", "P12_006": "君津市大岩286　", "P12_007": 1 }, "geometry": { "type": "MultiPoint", "coordinates": [ [ 140.020241333570766, 35.223030431509244 ] ] } },
{ "type": "Feature", "properties": { "P12_001": 10245, "P12_002": "ジャパンＰＧＡゴルフクラブ", "P12_003": "12", "P12_004": "12225", "P12_005": "‐", "P12_006": "君津市平田223　", "P12_007": 4 }, "geometry": { "type": "MultiPoint", "coordinates": [ [ 139.988387323316374, 35.245018030857466 ] ] } },
{ "type": "Feature", "properties": { "P12_001": 10246, "P12_002": "新香木原カントリークラブ", "P12_003": "12", "P12_004": "12225", "P12_005": "‐", "P12_006": "君津市香木原288　", "P12_007": 4 }, "geometry": { "type": "MultiPoint", "coordinates": [ [ 140.056406084872947, 35.172593258572078 ] ] } },
{ "type": "Feature", "properties": { "P12_001": 10247, "P12_002": "亀山湖カントリークラブ", "P12_003": "12", "P12_004": "12225", "P12_005": "‐", "P12_006": "君津市川俣旧川俣346-2　", "P12_007": 4 }, "geometry": { "type": "MultiPoint", "coordinates": [ [ 140.08223299975316, 35.216863000527098 ] ] } },
{ "type": "Feature", "properties": { "P12_001": 10248, "P12_002": "三石観音寺", "P12_003": "12", "P12_004": "12225", "P12_005": "‐", "P12_006": "君津市草川原1407　", "P12_007": 2 }, "geometry": { "type": "MultiPoint", "coordinates": [ [ 140.089202000971682, 35.209347999310751 ] ] } },
{ "type": "Feature", "properties": { "P12_001": 10249, "P12_002": "新日鐵住金", "P12_003": "12", "P12_004": "12225", "P12_005": "‐", "P12_006": "君津市君津1", "P12_007": 2 }, "geometry": { "type": "MultiPoint", "coordinates": [ [ 139.867887999631535, 35.355342999579818 ] ] } },
{ "type": "Feature", "properties": { "P12_001": 10250, "P12_002": "上総モナークカントリークラブ", "P12_003": "12", "P12_004": "12225", "P12_005": "‐", "P12_006": "君津市柳城856-2", "P12_007": 4 }, "geometry": { "type": "MultiPoint", "coordinates": [ [ 140.082224330288682, 35.25540549726594 ] ] } },
{ "type": "Feature", "properties": { "P12_001": 10251, "P12_002": "亀山湖釣舟組合", "P12_003": "12", "P12_004": "12225", "P12_005": "‐", "P12_006": "君津市", "P12_007": 4 }, "geometry": { "type": "MultiPoint", "coordinates": [ [ 140.086175999023226, 35.224879999712243 ] ] } },
{ "type": "Feature", "properties": { "P12_001": 10252, "P12_002": "ゴールド木更津カントリークラブ", "P12_003": "12", "P12_004": "12225", "P12_005": "‐", "P12_006": "君津市大野台765-2　", "P12_007": 4 }, "geometry": { "type": "MultiPoint", "coordinates": [ [ 140.012318770395041, 35.266613796489594 ] ] } },
{ "type": "Feature", "properties": { "P12_001": 10253, "P12_002": "ロマンの森共和国", "P12_003": "12", "P12_004": "12225", "P12_005": "‐", "P12_006": "君津市豊英659-1　", "P12_007": 4 }, "geometry": { "type": "MultiPoint", "coordinates": [ [ 140.007334297739703, 35.182562659838936 ] ] } },
{ "type": "Feature", "properties": { "P12_001": 10254, "P12_002": "久留里城祉資料館", "P12_003": "12", "P12_004": "12225", "P12_005": "‐", "P12_006": "君津市久留里字内山", "P12_007": 2 }, "geometry": { "type": "MultiPoint", "coordinates": [ [ 140.087931283202238, 35.287910794747404 ] ] } },
{ "type": "Feature", "properties": { "P12_001": 10255, "P12_002": "和蔵酒造　貞元蔵", "P12_003": "12", "P12_004": "12225", "P12_005": "‐", "P12_006": "君津市下湯江240　", "P12_007": 2 }, "geometry": { "type": "MultiPoint", "coordinates": [ [ 139.886544999352282, 35.319192999857137 ] ] } },
{ "type": "Feature", "properties": { "P12_001": 10256, "P12_002": "マザー牧場", "P12_003": "12", "P12_004": "12226", "P12_005": "‐", "P12_006": "富津市田倉940-3", "P12_007": 4 }, "geometry": { "type": "MultiPoint", "coordinates": [ [ 139.934963000042444, 35.246080000691506 ] ] } },
{ "type": "Feature", "properties": { "P12_001": 10257, "P12_002": "鋸山ロープウェー", "P12_003": "12", "P12_004": "12226", "P12_005": "‐", "P12_006": "富津市金谷4052-1", "P12_007": 6 }, "geometry": { "type": "MultiPoint", "coordinates": [ [ 139.823289999733788, 35.162227000875419 ] ] } },
{ "type": "Feature", "properties": { "P12_001": 10258, "P12_002": "富津公園", "P12_003": "12", "P12_004": "12226", "P12_005": "‐", "P12_006": "富津市富津2280", "P12_007": 4 }, "geometry": { "type": "MultiPoint", "coordinates": [ [ 139.794480000351768, 35.312258000206612 ] ] } },
{ "type": "Feature", "properties": { "P12_001": 10259, "P12_002": "ＴＥＰＣＯ新エネルギーパーク", "P12_003": "12", "P12_004": "12226", "P12_005": "‐", "P12_006": "富津市新富25　", "P12_007": 4 }, "geometry": { "type": "MultiPoint", "coordinates": [ [ 139.833489999763742, 35.349236999487971 ] ] } },
{ "type": "Feature", "properties": { "P12_001": 10260, "P12_002": "富津海岸潮干狩り", "P12_003": "12", "P12_004": "12226", "P12_005": "‐", "P12_006": "富津市富津2307-2", "P12_007": 1 }, "geometry": { "type": "MultiPoint", "coordinates": [ [ 139.808821999835459, 35.314945000011789 ] ] } },
{ "type": "Feature", "properties": { "P12_001": 10261, "P12_002": "東京湾観音", "P12_003": "12", "P12_004": "12226", "P12_005": "‐", "P12_006": "富津市小久保1588", "P12_007": 2 }, "geometry": { "type": "MultiPoint", "coordinates": [ [ 139.862118816330394, 35.263625624523002 ] ] } },
{ "type": "Feature", "properties": { "P12_001": 10262, "P12_002": "エンゼルカントリークラブ", "P12_003": "12", "P12_004": "12226", "P12_005": "‐", "P12_006": "富津市田倉865-1", "P12_007": 4 }, "geometry": { "type": "MultiPoint", "coordinates": [ [ 139.94233700015252, 35.231457999986787 ] ] } },
{ "type": "Feature", "properties": { "P12_001": 10263, "P12_002": "富津公園温水プール", "P12_003": "12", "P12_004": "12226", "P12_005": "‐", "P12_006": "富津市富津2280", "P12_007": 4 }, "geometry": { "type": "MultiPoint", "coordinates": [ [ 139.803441999948404, 35.313663000247288 ] ] } },
{ "type": "Feature", "properties": { "P12_001": 10264, "P12_002": "富津公園ジャンボプール", "P12_003": "12", "P12_004": "12226", "P12_005": "‐", "P12_006": "富津市富津2280", "P12_007": 4 }, "geometry": { "type": "MultiPoint", "coordinates": [ [ 139.802326999791262, 35.313375000455949 ] ] } },
{ "type": "Feature", "properties": { "P12_001": 10265, "P12_002": "随縁カントリークラブ", "P12_003": "12", "P12_004": "12226", "P12_005": "‐", "P12_006": "富津市竹岡4277-2", "P12_007": 4 }, "geometry": { "type": "MultiPoint", "coordinates": [ [ 139.842561148278378, 35.200055362165301 ] ] } },
{ "type": "Feature", "properties": { "P12_001": 10266, "P12_002": "総丘カントリークラブ", "P12_003": "12", "P12_004": "12226", "P12_005": "‐", "P12_006": "富津市田原1021　", "P12_007": 4 }, "geometry": { "type": "MultiPoint", "coordinates": [ [ 139.914606135065128, 35.197894089840418 ] ] } },
{ "type": "Feature", "properties": { "P12_001": 10267, "P12_002": "富津海水浴場", "P12_003": "12", "P12_004": "12226", "P12_005": "‐", "P12_006": "富津市富津", "P12_007": 4 }, "geometry": { "type": "MultiPoint", "coordinates": [ [ 139.797483999487099, 35.310103999799821 ] ] } },
{ "type": "Feature", "properties": { "P12_001": 10268, "P12_002": "富津公園キャンプ場", "P12_003": "12", "P12_004": "12226", "P12_005": "‐", "P12_006": "富津市富津2280", "P12_007": 4 }, "geometry": { "type": "MultiPoint", "coordinates": [ [ 139.807841001361226, 35.312801000066145 ] ] } },
{ "type": "Feature", "properties": { "P12_001": 10269, "P12_002": "富津市民の森", "P12_003": "12", "P12_004": "12226", "P12_005": "‐", "P12_006": "富津市豊岡2785-1", "P12_007": 1 }, "geometry": { "type": "MultiPoint", "coordinates": [ [ 139.960591001073908, 35.177218999757088 ] ] } },
{ "type": "Feature", "properties": { "P12_001": 10270, "P12_002": "高宕山自然動物園", "P12_003": "12", "P12_004": "12226", "P12_005": "‐", "P12_006": "富津市豊岡1779", "P12_007": 2 }, "geometry": { "type": "MultiPoint", "coordinates": [ [ 139.957567999263802, 35.188030000084495 ] ] } },
{ "type": "Feature", "properties": { "P12_001": 10271, "P12_002": "新舞子海水浴場", "P12_003": "12", "P12_004": "12226", "P12_005": "‐", "P12_006": "富津市八幡", "P12_007": 4 }, "geometry": { "type": "MultiPoint", "coordinates": [ [ 139.866720999774429, 35.249384000171517 ] ] } },
{ "type": "Feature", "properties": { "P12_001": 10272, "P12_002": "上総湊海水浴場", "P12_003": "12", "P12_004": "12226", "P12_005": "‐", "P12_006": "富津市湊", "P12_007": 4 }, "geometry": { "type": "MultiPoint", "coordinates": [ [ 139.869498999279472, 35.225291000679192 ] ] } },
{ "type": "Feature", "properties": { "P12_001": 10273, "P12_002": "東京ディズニーリゾート", "P12_003": "12", "P12_004": "12227", "P12_005": "テーマ・公園テーマ施設", "P12_006": "浦安市舞浜1-1", "P12_007": 4 }, "geometry": { "type": "MultiPoint", "coordinates": [ [ 139.884577999475141, 35.635584999748005 ] ] } },
{ "type": "Feature", "properties": { "P12_001": 10274, "P12_002": "舞浜ユーラシア", "P12_003": "12", "P12_004": "12227", "P12_005": "‐", "P12_006": "浦安市千鳥13-20　", "P12_007": 3 }, "geometry": { "type": "MultiPoint", "coordinates": [ [ 139.895630476765177, 35.627387837578681 ] ] } },
{ "type": "Feature", "properties": { "P12_001": 10275, "P12_002": "郷土博物館（浦安市）", "P12_003": "12", "P12_004": "12227", "P12_005": "‐", "P12_006": "浦安市猫実1-2-7", "P12_007": 2 }, "geometry": { "type": "MultiPoint", "coordinates": [ [ 139.901217000564202, 35.655227999972283 ] ] } },
{ "type": "Feature", "properties": { "P12_001": 10276, "P12_002": "旧宇田川家・旧大塚家住宅", "P12_003": "12", "P12_004": "12227", "P12_005": "‐", "P12_006": "浦安市堀江3-4-8・堀江3-3-1", "P12_007": 2 }, "geometry": { "type": "MultiPoint", "coordinates": [ [ 139.892206666904258, 35.661719900053413 ], [ 139.892727777265122, 35.661632414904091 ] ] } },
{ "type": "Feature", "properties": { "P12_001": 10277, "P12_002": "浦安万華郷", "P12_003": "12", "P12_004": "12227", "P12_005": "‐", "P12_006": "浦安市日の出7-3-12　", "P12_007": 3 }, "geometry": { "type": "MultiPoint", "coordinates": [ [ 139.931849039901294, 35.640334954394689 ] ] } },
{ "type": "Feature", "properties": { "P12_001": 10278, "P12_002": "エクセル航空", "P12_003": "12", "P12_004": "12227", "P12_005": "‐", "P12_006": "浦安市千鳥14", "P12_007": 4 }, "geometry": { "type": "MultiPoint", "coordinates": [ [ 139.896855939749912, 35.624854538206421 ] ] } },
{ "type": "Feature", "properties": { "P12_001": 10279, "P12_002": "四街道ゴルフ倶楽部", "P12_003": "12", "P12_004": "12228", "P12_005": "‐", "P12_006": "四街道市小名木268", "P12_007": 4 }, "geometry": { "type": "MultiPoint", "coordinates": [ [ 140.180707368050662, 35.654503592466881 ] ] } },
{ "type": "Feature", "properties": { "P12_001": 10280, "P12_002": "東京ドイツ村", "P12_003": "12", "P12_004": "12229", "P12_005": "‐", "P12_006": "袖ケ浦市永吉419", "P12_007": 4 }, "geometry": { "type": "MultiPoint", "coordinates": [ [ 140.054804001103776, 35.40485699955093 ] ] } },
{ "type": "Feature", "properties": { "P12_001": 10281, "P12_002": "袖ケ浦公園", "P12_003": "12", "P12_004": "12229", "P12_005": "‐", "P12_006": "袖ケ浦市飯富2360　", "P12_007": 4 }, "geometry": { "type": "MultiPoint", "coordinates": [ [ 139.992179063812841, 35.419180686139782 ] ] } },
{ "type": "Feature", "properties": { "P12_001": 10282, "P12_002": "東京湾カントリークラブ", "P12_003": "12", "P12_004": "12229", "P12_005": "‐", "P12_006": "袖ケ浦市蔵波1147", "P12_007": 4 }, "geometry": { "type": "MultiPoint", "coordinates": [ [ 140.010090912265809, 35.437896073445074 ] ] } },
{ "type": "Feature", "properties": { "P12_001": 10283, "P12_002": "百目木公園", "P12_003": "12", "P12_004": "12229", "P12_005": "‐", "P12_006": "袖ケ浦市百目木200　", "P12_007": 4 }, "geometry": { "type": "MultiPoint", "coordinates": [ [ 140.033759000077907, 35.38239899901464 ] ] } },
{ "type": "Feature", "properties": { "P12_001": 10284, "P12_002": "袖ケ浦市郷土博物館", "P12_003": "12", "P12_004": "12229", "P12_005": "‐", "P12_006": "袖ケ浦市下新田1133", "P12_007": 2 }, "geometry": { "type": "MultiPoint", "coordinates": [ [ 139.995378999141508, 35.421346000917254 ] ] } },
{ "type": "Feature", "properties": { "P12_001": 10285, "P12_002": "木更津ゴルフクラブ", "P12_003": "12", "P12_004": "12229", "P12_005": "‐", "P12_006": "袖ケ浦市下宮田216", "P12_007": 4 }, "geometry": { "type": "MultiPoint", "coordinates": [ [ 140.006790877896719, 35.350740886282949 ] ] } },
{ "type": "Feature", "properties": { "P12_001": 10286, "P12_002": "カメリアヒルズカントリークラブ", "P12_003": "12", "P12_004": "12229", "P12_005": "‐", "P12_006": "袖ケ浦市大竹265", "P12_007": 4 }, "geometry": { "type": "MultiPoint", "coordinates": [ [ 140.02274448047342, 35.360082808075163 ] ] } },
{ "type": "Feature", "properties": { "P12_001": 10287, "P12_002": "ダチョウ王国（袖ケ浦ファーム）", "P12_003": "12", "P12_004": "12229", "P12_005": "‐", "P12_006": "袖ケ浦市上泉1506-10", "P12_007": 2 }, "geometry": { "type": "MultiPoint", "coordinates": [ [ 140.058250999084407, 35.415390001447463 ] ] } },
{ "type": "Feature", "properties": { "P12_001": 10288, "P12_002": "石橋農園", "P12_003": "12", "P12_004": "12229", "P12_005": "‐", "P12_006": "袖ケ浦市三箇2088", "P12_007": 1 }, "geometry": { "type": "MultiPoint", "coordinates": [ [ 140.051892999962092, 35.380857999896818 ] ] } },
{ "type": "Feature", "properties": { "P12_001": 10289, "P12_002": "ガウラーベリーかねこ農園", "P12_003": "12", "P12_004": "12229", "P12_005": "‐", "P12_006": "袖ケ浦市蔵波3311　", "P12_007": 1 }, "geometry": { "type": "MultiPoint", "coordinates": [ [ 140.03425300037577, 35.433637999394193 ] ] } },
{ "type": "Feature", "properties": { "P12_001": 10290, "P12_002": "千葉バーディクラブ", "P12_003": "12", "P12_004": "12230", "P12_005": "‐", "P12_006": "八街市小谷流591", "P12_007": 4 }, "geometry": { "type": "MultiPoint", "coordinates": [ [ 140.274429000997657, 35.618730000389235 ] ] } },
{ "type": "Feature", "properties": { "P12_001": 10291, "P12_002": "白鳥飛来地", "P12_003": "12", "P12_004": "12231", "P12_005": "‐", "P12_006": "印西市笠神", "P12_007": 1 }, "geometry": { "type": "MultiPoint", "coordinates": [ [ 140.221032000026867, 35.823587999186884 ] ] } },
{ "type": "Feature", "properties": { "P12_001": 10292, "P12_002": "天然温泉白井の湯", "P12_003": "12", "P12_004": "12232", "P12_005": "‐", "P12_006": "白井市中149-1", "P12_007": 3 }, "geometry": { "type": "MultiPoint", "coordinates": [ [ 140.049298762527883, 35.821976425771481 ] ] } },
{ "type": "Feature", "properties": { "P12_001": 10293, "P12_002": "リトルグリーンヴァレー船橋", "P12_003": "12", "P12_004": "12232", "P12_005": "‐", "P12_006": "白井市神々廻1904-2", "P12_007": 4 }, "geometry": { "type": "MultiPoint", "coordinates": [ [ 140.083654486165642, 35.80533298113221 ] ] } },
{ "type": "Feature", "properties": { "P12_001": 10294, "P12_002": "船橋カントリークラブ", "P12_003": "12", "P12_004": "12232", "P12_005": "‐", "P12_006": "白井市清戸703　", "P12_007": 4 }, "geometry": { "type": "MultiPoint", "coordinates": [ [ 140.094022084751487, 35.79979670695252 ] ] } },
{ "type": "Feature", "properties": { "P12_001": 10295, "P12_002": "白井市民プール", "P12_003": "12", "P12_004": "12232", "P12_005": "‐", "P12_006": "白井市神々廻1701-1　", "P12_007": 4 }, "geometry": { "type": "MultiPoint", "coordinates": [ [ 140.069194269000377, 35.808808052349775 ] ] } },
{ "type": "Feature", "properties": { "P12_001": 10296, "P12_002": "白井ゴルフ", "P12_003": "12", "P12_004": "12232", "P12_005": "‐", "P12_006": "白井市根412　", "P12_007": 4 }, "geometry": { "type": "MultiPoint", "coordinates": [ [ 140.039196999941623, 35.776179000060836 ] ] } },
{ "type": "Feature", "properties": { "P12_001": 10297, "P12_002": "遊楽パークゴルフ場", "P12_003": "12", "P12_004": "12232", "P12_005": "‐", "P12_006": "白井市根16-3", "P12_007": 4 }, "geometry": { "type": "MultiPoint", "coordinates": [ [ 140.059193000256869, 35.80698700074953 ] ] } },
{ "type": "Feature", "properties": { "P12_001": 10298, "P12_002": "久能カントリー倶楽部", "P12_003": "12", "P12_004": "12233", "P12_005": "‐", "P12_006": "富里市久能722　", "P12_007": 4 }, "geometry": { "type": "MultiPoint", "coordinates": [ [ 140.329706448393949, 35.753215036444828 ] ] } },
{ "type": "Feature", "properties": { "P12_001": 10299, "P12_002": "久能アイアンコース", "P12_003": "12", "P12_004": "12233", "P12_005": "‐", "P12_006": "富里市久能388-1", "P12_007": 4 }, "geometry": { "type": "MultiPoint", "coordinates": [ [ 140.332779750185409, 35.754850159507328 ] ] } },
{ "type": "Feature", "properties": { "P12_001": 10300, "P12_002": "道の駅とみうら「枇杷倶楽部」", "P12_003": "12", "P12_004": "12234", "P12_005": "‐", "P12_006": "南房総市富浦町青木123-1", "P12_007": 6 }, "geometry": { "type": "MultiPoint", "coordinates": [ [ 139.837131001294779, 35.037677000293399 ] ] } },
{ "type": "Feature", "properties": { "P12_001": 10301, "P12_002": "道の駅　富楽里とみやま", "P12_003": "12", "P12_004": "12234", "P12_005": "‐", "P12_006": "南房総市二部1900　", "P12_007": 6 }, "geometry": { "type": "MultiPoint", "coordinates": [ [ 139.85555555504493, 35.100555555394635 ] ] } },
{ "type": "Feature", "properties": { "P12_001": 10302, "P12_002": "道の駅ちくら潮風王国", "P12_003": "12", "P12_004": "12234", "P12_005": "‐", "P12_006": "南房総市千倉町千田1051　", "P12_007": 6 }, "geometry": { "type": "MultiPoint", "coordinates": [ [ 139.952147519092819, 34.929899667036068 ] ] } },
{ "type": "Feature", "properties": { "P12_001": 10303, "P12_002": "道の駅「三芳村」鄙の里", "P12_003": "12", "P12_004": "12234", "P12_005": "‐", "P12_006": "南房総市川田84-1", "P12_007": 6 }, "geometry": { "type": "MultiPoint", "coordinates": [ [ 139.894878999666162, 35.034010000261333 ] ] } },
{ "type": "Feature", "properties": { "P12_001": 10304, "P12_002": "野島崎公園", "P12_003": "12", "P12_004": "12234", "P12_005": "‐", "P12_006": "南房総市白浜町白浜", "P12_007": 4 }, "geometry": { "type": "MultiPoint", "coordinates": [ [ 139.887203669114115, 34.901225512047802 ] ] } },
{ "type": "Feature", "properties": { "P12_001": 10305, "P12_002": "道の駅「ロ−ズマリ−公園」", "P12_003": "12", "P12_004": "12234", "P12_005": "‐", "P12_006": "南房総市白子1501", "P12_007": 6 }, "geometry": { "type": "MultiPoint", "coordinates": [ [ 139.975326999841286, 35.008656000174312 ] ] } },
{ "type": "Feature", "properties": { "P12_001": 10306, "P12_002": "大房岬", "P12_003": "12", "P12_004": "12234", "P12_005": "‐", "P12_006": "南房総市富浦町多田良", "P12_007": 1 }, "geometry": { "type": "MultiPoint", "coordinates": [ [ 139.812751000258572, 35.038946000357669 ] ] } },
{ "type": "Feature", "properties": { "P12_001": 10307, "P12_002": "道の駅おおつの里「花倶楽部」", "P12_003": "12", "P12_004": "12234", "P12_005": "‐", "P12_006": "南房総市富浦町大津320", "P12_007": 6 }, "geometry": { "type": "MultiPoint", "coordinates": [ [ 139.860365000744309, 35.057716999939657 ] ] } },
{ "type": "Feature", "properties": { "P12_001": 10308, "P12_002": "野島埼灯台", "P12_003": "12", "P12_004": "12234", "P12_005": "‐", "P12_006": "南房総市白浜町白浜630", "P12_007": 2 }, "geometry": { "type": "MultiPoint", "coordinates": [ [ 139.888321000314022, 34.90182600016982 ] ] } },
{ "type": "Feature", "properties": { "P12_001": 10309, "P12_002": "岩井海水浴場", "P12_003": "12", "P12_004": "12234", "P12_005": "‐", "P12_006": "南房総市久枝", "P12_007": 4 }, "geometry": { "type": "MultiPoint", "coordinates": [ [ 139.839632000616348, 35.095594000163032 ] ] } },
{ "type": "Feature", "properties": { "P12_001": 10310, "P12_002": "千葉県酪農のさと", "P12_003": "12", "P12_004": "12234", "P12_005": "‐", "P12_006": "南房総市大井686　", "P12_007": 2 }, "geometry": { "type": "MultiPoint", "coordinates": [ [ 139.990493001350956, 35.105655000078229 ] ] } },
{ "type": "Feature", "properties": { "P12_001": 10311, "P12_002": "塩浦海水浴場", "P12_003": "12", "P12_004": "12234", "P12_005": "‐", "P12_006": "南房総市白浜町白浜", "P12_007": 4 }, "geometry": { "type": "MultiPoint", "coordinates": [ [ 139.918611112013309, 34.909444445005192 ] ] } },
{ "type": "Feature", "properties": { "P12_001": 10312, "P12_002": "道の駅白浜野島崎", "P12_003": "12", "P12_004": "12234", "P12_005": "‐", "P12_006": "南房総市白浜町滝口9240", "P12_007": 6 }, "geometry": { "type": "MultiPoint", "coordinates": [ [ 139.877387000609701, 34.906248999991419 ] ] } },
{ "type": "Feature", "properties": { "P12_001": 10313, "P12_002": "厳島神社", "P12_003": "12", "P12_004": "12234", "P12_005": "‐", "P12_006": "南房総市白浜629", "P12_007": 2 }, "geometry": { "type": "MultiPoint", "coordinates": [ [ 139.88873751052779, 34.901585613185546 ] ] } },
{ "type": "Feature", "properties": { "P12_001": 10314, "P12_002": "瀬戸浜海水浴場", "P12_003": "12", "P12_004": "12234", "P12_005": "‐", "P12_006": "南房総市千倉町瀬戸", "P12_007": 4 }, "geometry": { "type": "MultiPoint", "coordinates": [ [ 139.966804999850979, 34.980292999822154 ] ] } },
{ "type": "Feature", "properties": { "P12_001": 10315, "P12_002": "コスモクラシッククラブ", "P12_003": "12", "P12_004": "12234", "P12_005": "‐", "P12_006": "南房総市平塚乙2-404　", "P12_007": 4 }, "geometry": { "type": "MultiPoint", "coordinates": [ [ 139.950143999545958, 35.110216000867808 ] ] } },
{ "type": "Feature", "properties": { "P12_001": 10316, "P12_002": "白浜フラワーパーク", "P12_003": "12", "P12_004": "12234", "P12_005": "‐", "P12_006": "南房総市白浜町根本1454-37　", "P12_007": 2 }, "geometry": { "type": "MultiPoint", "coordinates": [ [ 139.828833999989229, 34.91079000075797 ] ] } },
{ "type": "Feature", "properties": { "P12_001": 10317, "P12_002": "花の広場公園「花夢花夢」", "P12_003": "12", "P12_004": "12234", "P12_005": "‐", "P12_006": "南房総市和田町柴254-1", "P12_007": 4 }, "geometry": { "type": "MultiPoint", "coordinates": [ [ 140.023170000095547, 35.0447979995281 ] ] } },
{ "type": "Feature", "properties": { "P12_001": 10318, "P12_002": "ちょっぴり体験組合", "P12_003": "12", "P12_004": "12234", "P12_005": "‐", "P12_006": "南房総市川田82-2　", "P12_007": 1 }, "geometry": { "type": "MultiPoint", "coordinates": [ [ 139.894878999666162, 35.034010000261333 ] ] } },
{ "type": "Feature", "properties": { "P12_001": 10319, "P12_002": "高家神社", "P12_003": "12", "P12_004": "12234", "P12_005": "‐", "P12_006": "南房総市千倉町南朝夷164　", "P12_007": 2 }, "geometry": { "type": "MultiPoint", "coordinates": [ [ 139.949625000793162, 34.962455999245037 ] ] } },
{ "type": "Feature", "properties": { "P12_001": 10320, "P12_002": "真野寺", "P12_003": "12", "P12_004": "12234", "P12_005": "‐", "P12_006": "南房総市久保587", "P12_007": 2 }, "geometry": { "type": "MultiPoint", "coordinates": [ [ 139.937940999777425, 34.997673000009001 ] ] } },
{ "type": "Feature", "properties": { "P12_001": 10321, "P12_002": "石堂寺", "P12_003": "12", "P12_004": "12234", "P12_005": "‐", "P12_006": "南房総市石堂302", "P12_007": 2 }, "geometry": { "type": "MultiPoint", "coordinates": [ [ 139.957902000277159, 35.052134999730526 ] ] } },
{ "type": "Feature", "properties": { "P12_001": 10322, "P12_002": "くすの木", "P12_003": "12", "P12_004": "12234", "P12_005": "‐", "P12_006": "南房総市和田町上三原1244-1　", "P12_007": 1 }, "geometry": { "type": "MultiPoint", "coordinates": [ [ 139.995788000016205, 35.079879000315657 ] ] } },
{ "type": "Feature", "properties": { "P12_001": 10323, "P12_002": "小松寺", "P12_003": "12", "P12_004": "12234", "P12_005": "‐", "P12_006": "南房総市千倉町大貫1057", "P12_007": 2 }, "geometry": { "type": "MultiPoint", "coordinates": [ [ 139.910108999630665, 34.96837400055972 ] ] } },
{ "type": "Feature", "properties": { "P12_001": 10324, "P12_002": "シェイクスピア・カントリ−・パ−ク", "P12_003": "12", "P12_004": "12234", "P12_005": "‐", "P12_006": "南房総市白子1501", "P12_007": 4 }, "geometry": { "type": "MultiPoint", "coordinates": [ [ 139.975326999841286, 35.008656000174312 ] ] } },
{ "type": "Feature", "properties": { "P12_001": 10325, "P12_002": "和田浦海水浴場", "P12_003": "12", "P12_004": "12234", "P12_005": "‐", "P12_006": "南房総市田町仁我浦", "P12_007": 4 }, "geometry": { "type": "MultiPoint", "coordinates": [ [ 140.022400999706406, 35.041598999494283 ] ] } },
{ "type": "Feature", "properties": { "P12_001": 10326, "P12_002": "根本海水浴場", "P12_003": "12", "P12_004": "12234", "P12_005": "‐", "P12_006": "南房総市白浜町根本地内", "P12_007": 4 }, "geometry": { "type": "MultiPoint", "coordinates": [ [ 139.837733000277808, 34.904461000274978 ] ] } },
{ "type": "Feature", "properties": { "P12_001": 10327, "P12_002": "南千倉海水浴場", "P12_003": "12", "P12_004": "12234", "P12_005": "‐", "P12_006": "南房総市千倉町南朝夷", "P12_007": 4 }, "geometry": { "type": "MultiPoint", "coordinates": [ [ 139.960616891656286, 34.964769539382814 ] ] } },
{ "type": "Feature", "properties": { "P12_001": 10328, "P12_002": "名倉海水浴場", "P12_003": "12", "P12_004": "12234", "P12_005": "‐", "P12_006": "南房総市白浜町白浜", "P12_007": 4 }, "geometry": { "type": "MultiPoint", "coordinates": [ [ 139.909122000879734, 34.907396999871708 ] ] } },
{ "type": "Feature", "properties": { "P12_001": 10329, "P12_002": "能蔵院", "P12_003": "12", "P12_004": "12234", "P12_005": "‐", "P12_006": "南房総市千倉町忽戸146", "P12_007": 2 }, "geometry": { "type": "MultiPoint", "coordinates": [ [ 139.957525106098842, 34.950181998900177 ] ] } },
{ "type": "Feature", "properties": { "P12_001": 10330, "P12_002": "豊岡海水浴場", "P12_003": "12", "P12_004": "12234", "P12_005": "‐", "P12_006": "南房総市富浦町", "P12_007": 4 }, "geometry": { "type": "MultiPoint", "coordinates": [ [ 139.831569000209242, 35.051710000815945 ] ] } },
{ "type": "Feature", "properties": { "P12_001": 10331, "P12_002": "原岡海水浴場", "P12_003": "12", "P12_004": "12234", "P12_005": "‐", "P12_006": "南房総市富浦町原岡", "P12_007": 4 }, "geometry": { "type": "MultiPoint", "coordinates": [ [ 139.83166666748275, 35.043611112063218 ] ] } },
{ "type": "Feature", "properties": { "P12_001": 10332, "P12_002": "多田良北浜海水浴場", "P12_003": "12", "P12_004": "12234", "P12_005": "‐", "P12_006": "南房総市富浦町", "P12_007": 4 }, "geometry": { "type": "MultiPoint", "coordinates": [ [ 139.826111110939109, 35.038333332717173 ] ] } },
{ "type": "Feature", "properties": { "P12_001": 10333, "P12_002": "日運寺", "P12_003": "12", "P12_004": "12234", "P12_005": "‐", "P12_006": "南房総市加茂2124-1", "P12_007": 2 }, "geometry": { "type": "MultiPoint", "coordinates": [ [ 139.94472699975131, 35.014434999575599 ] ] } },
{ "type": "Feature", "properties": { "P12_001": 10334, "P12_002": "道楽園", "P12_003": "12", "P12_004": "12234", "P12_005": "‐", "P12_006": "南房総市富浦町深名505-1", "P12_007": 4 }, "geometry": { "type": "MultiPoint", "coordinates": [ [ 139.850238000483387, 35.037158000641284 ] ] } },
{ "type": "Feature", "properties": { "P12_001": 10335, "P12_002": "ふれあいパーク八日市場", "P12_003": "12", "P12_004": "12235", "P12_005": "‐", "P12_006": "匝瑳市飯塚299-2", "P12_007": 5 }, "geometry": { "type": "MultiPoint", "coordinates": [ [ 140.558280000321815, 35.739835999531806 ] ] } },
{ "type": "Feature", "properties": { "P12_001": 10336, "P12_002": "吉崎浜海岸（サーフィン）", "P12_003": "12", "P12_004": "12235", "P12_005": "‐", "P12_006": "匝瑳市", "P12_007": 4 }, "geometry": { "type": "MultiPoint", "coordinates": [ [ 140.617111740214682, 35.66961783799286 ] ] } },
{ "type": "Feature", "properties": { "P12_001": 10337, "P12_002": "飯高寺", "P12_003": "12", "P12_004": "12235", "P12_005": "‐", "P12_006": "匝瑳市飯高1789", "P12_007": 2 }, "geometry": { "type": "MultiPoint", "coordinates": [ [ 140.529265999626205, 35.74440700078253 ] ] } },
{ "type": "Feature", "properties": { "P12_001": 10338, "P12_002": "松山ゴルフクラブ", "P12_003": "12", "P12_004": "12235", "P12_005": "‐", "P12_006": "匝瑳市松山666", "P12_007": 4 }, "geometry": { "type": "MultiPoint", "coordinates": [ [ 140.534370000275317, 35.715629000178239 ] ] } },
{ "type": "Feature", "properties": { "P12_001": 10339, "P12_002": "野手浜海岸（サーフィン）", "P12_003": "12", "P12_004": "12235", "P12_005": "‐", "P12_006": "匝瑳市", "P12_007": 4 }, "geometry": { "type": "MultiPoint", "coordinates": [ [ 140.589566115683738, 35.649384903190764 ] ] } },
{ "type": "Feature", "properties": { "P12_001": 10340, "P12_002": "堀川浜海水浴場", "P12_003": "12", "P12_004": "12235", "P12_005": "‐", "P12_006": "匝瑳市", "P12_007": 4 }, "geometry": { "type": "MultiPoint", "coordinates": [ [ 140.568497000236448, 35.634570999751872 ] ] } },
{ "type": "Feature", "properties": { "P12_001": 10341, "P12_002": "香取神宮", "P12_003": "12", "P12_004": "12236", "P12_005": "‐", "P12_006": "香取市香取1697", "P12_007": 2 }, "geometry": { "type": "MultiPoint", "coordinates": [ [ 140.528920000757466, 35.886171000191553 ] ] } },
{ "type": "Feature", "properties": { "P12_001": 10342, "P12_002": "道の駅くりもと「紅小町の郷」", "P12_003": "12", "P12_004": "12236", "P12_005": "‐", "P12_006": "香取市沢1372-1", "P12_007": 6 }, "geometry": { "type": "MultiPoint", "coordinates": [ [ 140.470122999876594, 35.805996000914774 ] ] } },
{ "type": "Feature", "properties": { "P12_001": 10343, "P12_002": "小野川沿い", "P12_003": "12", "P12_004": "12236", "P12_005": "‐", "P12_006": "香取市佐原", "P12_007": 2 }, "geometry": { "type": "MultiPoint", "coordinates": [ [ 140.497901000231082, 35.893659000162756 ] ] } },
{ "type": "Feature", "properties": { "P12_001": 10344, "P12_002": "（有）風土村", "P12_003": "12", "P12_004": "12236", "P12_005": "‐", "P12_006": "香取市鳩山344-4", "P12_007": 5 }, "geometry": { "type": "MultiPoint", "coordinates": [ [ 140.583984999508175, 35.779215000671797 ] ] } },
{ "type": "Feature", "properties": { "P12_001": 10345, "P12_002": "水郷佐原水生植物園", "P12_003": "12", "P12_004": "12236", "P12_005": "‐", "P12_006": "香取市扇島1837-2", "P12_007": 2 }, "geometry": { "type": "MultiPoint", "coordinates": [ [ 140.524331076917747, 35.927939449645919 ] ] } },
{ "type": "Feature", "properties": { "P12_001": 10346, "P12_002": "伊能忠敬記念館", "P12_003": "12", "P12_004": "12236", "P12_005": "‐", "P12_006": "香取市佐原イ1722-1", "P12_007": 2 }, "geometry": { "type": "MultiPoint", "coordinates": [ [ 140.497189691351196, 35.888390510813451 ] ] } },
{ "type": "Feature", "properties": { "P12_001": 10347, "P12_002": "成田の森カントリークラブ", "P12_003": "12", "P12_004": "12236", "P12_005": "‐", "P12_006": "香取市山倉2628-4　", "P12_007": 4 }, "geometry": { "type": "MultiPoint", "coordinates": [ [ 140.524822991687756, 35.791601821866664 ] ] } },
{ "type": "Feature", "properties": { "P12_001": 10348, "P12_002": "習志野カントリークラブ空港コース", "P12_003": "12", "P12_004": "12236", "P12_005": "‐", "P12_006": "香取市小川1371-1", "P12_007": 4 }, "geometry": { "type": "MultiPoint", "coordinates": [ [ 140.552529574180539, 35.771875655037491 ] ] } },
{ "type": "Feature", "properties": { "P12_001": 10349, "P12_002": "千葉桜の里ゴルフクラブ", "P12_003": "12", "P12_004": "12236", "P12_005": "‐", "P12_006": "香取市田部1434　", "P12_007": 4 }, "geometry": { "type": "MultiPoint", "coordinates": [ [ 140.576844110867114, 35.816765247518219 ] ] } },
{ "type": "Feature", "properties": { "P12_001": 10350, "P12_002": "佐原カントリークラブ", "P12_003": "12", "P12_004": "12236", "P12_005": "‐", "P12_006": "香取市多田89　", "P12_007": 4 }, "geometry": { "type": "MultiPoint", "coordinates": [ [ 140.551909174169168, 35.872647652667069 ] ] } },
{ "type": "Feature", "properties": { "P12_001": 10351, "P12_002": "成田東カントリークラブ", "P12_003": "12", "P12_004": "12236", "P12_005": "‐", "P12_006": "香取市山倉1367　", "P12_007": 4 }, "geometry": { "type": "MultiPoint", "coordinates": [ [ 140.51793156059307, 35.791999648664898 ] ] } },
{ "type": "Feature", "properties": { "P12_001": 10352, "P12_002": "オーク・ヒルズカントリークラフﾞ", "P12_003": "12", "P12_004": "12236", "P12_005": "‐", "P12_006": "香取市苅毛893　", "P12_007": 4 }, "geometry": { "type": "MultiPoint", "coordinates": [ [ 140.487425297739378, 35.806952330985325 ] ] } },
{ "type": "Feature", "properties": { "P12_001": 10353, "P12_002": "グレンオークスカントリークラブ", "P12_003": "12", "P12_004": "12236", "P12_005": "‐", "P12_006": "香取市沢442　", "P12_007": 4 }, "geometry": { "type": "MultiPoint", "coordinates": [ [ 140.476564361656074, 35.793315807378633 ] ] } },
{ "type": "Feature", "properties": { "P12_001": 10354, "P12_002": "小見川東急ゴルフクラブ", "P12_003": "12", "P12_004": "12236", "P12_005": "‐", "P12_006": "香取市一ノ分目496-1", "P12_007": 4 }, "geometry": { "type": "MultiPoint", "coordinates": [ [ 140.571619566889581, 35.877738345148543 ] ] } },
{ "type": "Feature", "properties": { "P12_001": 10355, "P12_002": "美人の湯カーニバルヒルズ", "P12_003": "12", "P12_004": "12236", "P12_005": "‐", "P12_006": "香取市沢13-15　", "P12_007": 3 }, "geometry": { "type": "MultiPoint", "coordinates": [ [ 140.484303142975705, 35.809394935527905 ] ] } },
{ "type": "Feature", "properties": { "P12_001": 10356, "P12_002": "香取カントリークラブ", "P12_003": "12", "P12_004": "12236", "P12_005": "‐", "P12_006": "香取市織幡1177", "P12_007": 4 }, "geometry": { "type": "MultiPoint", "coordinates": [ [ 140.548597310117884, 35.859982472413208 ] ] } },
{ "type": "Feature", "properties": { "P12_001": 10357, "P12_002": "小見川城山公園", "P12_003": "12", "P12_004": "12236", "P12_005": "‐", "P12_006": "香取市小見川4780-1", "P12_007": 4 }, "geometry": { "type": "MultiPoint", "coordinates": [ [ 140.592515999014154, 35.859956000868806 ] ] } },
{ "type": "Feature", "properties": { "P12_001": 10358, "P12_002": "水郷佐原山車会館", "P12_003": "12", "P12_004": "12236", "P12_005": "‐", "P12_006": "香取市佐原イ3368　", "P12_007": 2 }, "geometry": { "type": "MultiPoint", "coordinates": [ [ 140.501236307809449, 35.889737994712732 ] ] } },
{ "type": "Feature", "properties": { "P12_001": 10359, "P12_002": "かりんの湯", "P12_003": "12", "P12_004": "12236", "P12_005": "‐", "P12_006": "香取市西田部1309-34", "P12_007": 3 }, "geometry": { "type": "MultiPoint", "coordinates": [ [ 140.515721168197388, 35.794531195258514 ] ] } },
{ "type": "Feature", "properties": { "P12_001": 10360, "P12_002": "香取市民プール", "P12_003": "12", "P12_004": "12236", "P12_005": "‐", "P12_006": "香取市扇島1837-1", "P12_007": 4 }, "geometry": { "type": "MultiPoint", "coordinates": [ [ 140.524352983503491, 35.930815807103841 ] ] } },
{ "type": "Feature", "properties": { "P12_001": 10361, "P12_002": "千葉県立中央博物館大利根分館", "P12_003": "12", "P12_004": "12236", "P12_005": "‐", "P12_006": "香取市佐原ハ4500", "P12_007": 2 }, "geometry": { "type": "MultiPoint", "coordinates": [ [ 140.523276487819771, 35.930090257459483 ] ] } },
{ "type": "Feature", "properties": { "P12_001": 10362, "P12_002": "道の駅オライ蓮沼（物産館・レストラン）", "P12_003": "12", "P12_004": "12237", "P12_005": "‐", "P12_006": "山武市蓮沼ハ4826", "P12_007": 6 }, "geometry": { "type": "MultiPoint", "coordinates": [ [ 140.501593999663442, 35.601796000085415 ] ] } },
{ "type": "Feature", "properties": { "P12_001": 10363, "P12_002": "いちご園（山武市内）", "P12_003": "12", "P12_004": "12237", "P12_005": "‐", "P12_006": "山武市", "P12_007": 1 }, "geometry": { "type": "MultiPoint", "coordinates": [ [ 140.413506000601501, 35.602963999988674 ] ] } },
{ "type": "Feature", "properties": { "P12_001": 10364, "P12_002": "蓮沼海浜公園", "P12_003": "12", "P12_004": "12237", "P12_005": "‐", "P12_006": "山武市蓮沼ホ203　", "P12_007": 4 }, "geometry": { "type": "MultiPoint", "coordinates": [ [ 140.509245999103655, 35.593564000878018 ] ] } },
{ "type": "Feature", "properties": { "P12_001": 10365, "P12_002": "山武の森公園", "P12_003": "12", "P12_004": "12237", "P12_005": "‐", "P12_006": "山武市埴谷1904-5", "P12_007": 4 }, "geometry": { "type": "MultiPoint", "coordinates": [ [ 140.367626618773556, 35.641013848110674 ] ] } },
{ "type": "Feature", "properties": { "P12_001": 10366, "P12_002": "蓮沼ウォーターガーデン", "P12_003": "12", "P12_004": "12237", "P12_005": "‐", "P12_006": "山武市蓮沼ホ368-1", "P12_007": 4 }, "geometry": { "type": "MultiPoint", "coordinates": [ [ 140.512939999481432, 35.597301999687602 ] ] } },
{ "type": "Feature", "properties": { "P12_001": 10367, "P12_002": "本須賀海水浴場", "P12_003": "12", "P12_004": "12237", "P12_005": "‐", "P12_006": "山武市本須賀3841-124", "P12_007": 4 }, "geometry": { "type": "MultiPoint", "coordinates": [ [ 140.472675000650838, 35.551880000461722 ] ] } },
{ "type": "Feature", "properties": { "P12_001": 10368, "P12_002": "山田ゴルフ倶楽部　", "P12_003": "12", "P12_004": "12237", "P12_005": "‐", "P12_006": "山武市松尾町下大蔵790", "P12_007": 4 }, "geometry": { "type": "MultiPoint", "coordinates": [ [ 140.420691596340134, 35.630244479199405 ] ] } },
{ "type": "Feature", "properties": { "P12_001": 10369, "P12_002": "ラフォーレ＆松尾ゴルフ倶楽部", "P12_003": "12", "P12_004": "12237", "P12_005": "‐", "P12_006": "山武市松尾町八田1563", "P12_007": 4 }, "geometry": { "type": "MultiPoint", "coordinates": [ [ 140.450037460360591, 35.657133719145861 ] ] } },
{ "type": "Feature", "properties": { "P12_001": 10370, "P12_002": "山武グリーンカントリー倶楽部", "P12_003": "12", "P12_004": "12237", "P12_005": "‐", "P12_006": "山武市椎崎1552", "P12_007": 4 }, "geometry": { "type": "MultiPoint", "coordinates": [ [ 140.384511697756693, 35.625348756140227 ] ] } },
{ "type": "Feature", "properties": { "P12_001": 10371, "P12_002": "蓮沼スポーツプラザ", "P12_003": "12", "P12_004": "12237", "P12_005": "‐", "P12_006": "山武市蓮沼ハ5402-1", "P12_007": 4 }, "geometry": { "type": "MultiPoint", "coordinates": [ [ 140.498938179353559, 35.59921617608569 ] ] } },
{ "type": "Feature", "properties": { "P12_001": 10372, "P12_002": "寒菊銘醸", "P12_003": "12", "P12_004": "12237", "P12_005": "‐", "P12_006": "山武市松尾町武野里11", "P12_007": 2 }, "geometry": { "type": "MultiPoint", "coordinates": [ [ 140.483083376296804, 35.62505520483387 ] ] } },
{ "type": "Feature", "properties": { "P12_001": 10373, "P12_002": "守屋酒造", "P12_003": "12", "P12_004": "12237", "P12_005": "‐", "P12_006": "山武市蓮沼ハ2929", "P12_007": 2 }, "geometry": { "type": "MultiPoint", "coordinates": [ [ 140.489710999363183, 35.597987998947019 ] ] } },
{ "type": "Feature", "properties": { "P12_001": 10374, "P12_002": "有野実オートキャンプ場", "P12_003": "12", "P12_004": "12237", "P12_005": "‐", "P12_006": "山武市板中新田224", "P12_007": 4 }, "geometry": { "type": "MultiPoint", "coordinates": [ [ 140.384359000067889, 35.674524000382348 ] ] } },
{ "type": "Feature", "properties": { "P12_001": 10375, "P12_002": "殿下海水浴場", "P12_003": "12", "P12_004": "12237", "P12_005": "‐", "P12_006": "山武市蓮沼", "P12_007": 4 }, "geometry": { "type": "MultiPoint", "coordinates": [ [ 140.518096999876661, 35.59652399888347 ] ] } },
{ "type": "Feature", "properties": { "P12_001": 10376, "P12_002": "中下海水浴場", "P12_003": "12", "P12_004": "12237", "P12_005": "‐", "P12_006": "山武市蓮沼ホ", "P12_007": 4 }, "geometry": { "type": "MultiPoint", "coordinates": [ [ 140.511388888386591, 35.591944445080117 ] ] } },
{ "type": "Feature", "properties": { "P12_001": 10377, "P12_002": "南浜海水浴場", "P12_003": "12", "P12_004": "12237", "P12_005": "‐", "P12_006": "山武市蓮沼ホ", "P12_007": 4 }, "geometry": { "type": "MultiPoint", "coordinates": [ [ 140.502989999289071, 35.583820999439638 ] ] } },
{ "type": "Feature", "properties": { "P12_001": 10378, "P12_002": "小松海水浴場", "P12_003": "12", "P12_004": "12237", "P12_005": "‐", "P12_006": "山武市", "P12_007": 4 }, "geometry": { "type": "MultiPoint", "coordinates": [ [ 140.490833333491651, 35.572499999875163 ] ] } },
{ "type": "Feature", "properties": { "P12_001": 10379, "P12_002": "白幡・井之内海水浴場", "P12_003": "12", "P12_004": "12237", "P12_005": "‐", "P12_006": "山武市井之内", "P12_007": 4 }, "geometry": { "type": "MultiPoint", "coordinates": [ [ 140.478699999705327, 35.559263000087412 ] ] } },
{ "type": "Feature", "properties": { "P12_001": 10380, "P12_002": "清水寺", "P12_003": "12", "P12_004": "12238", "P12_005": "‐", "P12_006": "いすみ市岬町鴨根1270", "P12_007": 2 }, "geometry": { "type": "MultiPoint", "coordinates": [ [ 140.356286999645363, 35.290150999668924 ] ] } },
{ "type": "Feature", "properties": { "P12_001": 10381, "P12_002": "万木城カントリークラブ", "P12_003": "12", "P12_004": "12238", "P12_005": "‐", "P12_006": "いすみ市作田2", "P12_007": 4 }, "geometry": { "type": "MultiPoint", "coordinates": [ [ 140.276113748650687, 35.309127773128296 ] ] } },
{ "type": "Feature", "properties": { "P12_001": 10382, "P12_002": "太東海岸（サーフィン）", "P12_003": "12", "P12_004": "12238", "P12_005": "‐", "P12_006": "いすみ市", "P12_007": 4 }, "geometry": { "type": "MultiPoint", "coordinates": [ [ 140.399211000587229, 35.329612000093789 ] ] } },
{ "type": "Feature", "properties": { "P12_001": 10383, "P12_002": "太東埼灯台", "P12_003": "12", "P12_004": "12238", "P12_005": "‐", "P12_006": "いすみ市和泉3508", "P12_007": 1 }, "geometry": { "type": "MultiPoint", "coordinates": [ [ 140.412962998943271, 35.308145999438352 ] ] } },
{ "type": "Feature", "properties": { "P12_001": 10384, "P12_002": "大原・御宿ゴルフコース", "P12_003": "12", "P12_004": "12238", "P12_005": "‐", "P12_006": "いすみ市大原台200", "P12_007": 4 }, "geometry": { "type": "MultiPoint", "coordinates": [ [ 140.363427000655633, 35.212164999715014 ] ] } },
{ "type": "Feature", "properties": { "P12_001": 10385, "P12_002": "三軒屋海岸（サーフィン）", "P12_003": "12", "P12_004": "12238", "P12_005": "‐", "P12_006": "いすみ市和泉", "P12_007": 4 }, "geometry": { "type": "MultiPoint", "coordinates": [ [ 140.406633001112141, 35.291740000100958 ] ] } },
{ "type": "Feature", "properties": { "P12_001": 10386, "P12_002": "太東海水浴場", "P12_003": "12", "P12_004": "12238", "P12_005": "‐", "P12_006": "いすみ市岬町中原", "P12_007": 4 }, "geometry": { "type": "MultiPoint", "coordinates": [ [ 140.399211000587229, 35.329612000093789 ] ] } },
{ "type": "Feature", "properties": { "P12_001": 10387, "P12_002": "大原海水浴場", "P12_003": "12", "P12_004": "12238", "P12_005": "‐", "P12_006": "いすみ市", "P12_007": 4 }, "geometry": { "type": "MultiPoint", "coordinates": [ [ 140.399674000354935, 35.260004998931606 ] ] } },
{ "type": "Feature", "properties": { "P12_001": 10388, "P12_002": "日在浦海岸（サーフィン）", "P12_003": "12", "P12_004": "12238", "P12_005": "‐", "P12_006": "いすみ市", "P12_007": 4 }, "geometry": { "type": "MultiPoint", "coordinates": [ [ 140.399373999110821, 35.263938999585207 ] ] } },
{ "type": "Feature", "properties": { "P12_001": 10389, "P12_002": "行元寺", "P12_003": "12", "P12_004": "12238", "P12_005": "‐", "P12_006": "いすみ市荻原2136", "P12_007": 2 }, "geometry": { "type": "MultiPoint", "coordinates": [ [ 140.289420999879326, 35.312181999399797 ] ] } },
{ "type": "Feature", "properties": { "P12_001": 10390, "P12_002": "飯縄寺", "P12_003": "12", "P12_004": "12238", "P12_005": "‐", "P12_006": "いすみ市岬町和泉2935", "P12_007": 2 }, "geometry": { "type": "MultiPoint", "coordinates": [ [ 140.405813908485129, 35.310028487324871 ] ] } },
{ "type": "Feature", "properties": { "P12_001": 10391, "P12_002": "白里中央海水浴場", "P12_003": "12", "P12_004": "12239", "P12_005": "‐", "P12_006": "大網白里町南今泉4881-1地先", "P12_007": 4 }, "geometry": { "type": "MultiPoint", "coordinates": [ [ 140.42261231260818, 35.484988228823738 ] ] } },
{ "type": "Feature", "properties": { "P12_001": 10392, "P12_002": "季美の森ゴルフ倶楽部", "P12_003": "12", "P12_004": "12239", "P12_005": "‐", "P12_006": "大網白里町季美の森南2-49", "P12_007": 4 }, "geometry": { "type": "MultiPoint", "coordinates": [ [ 140.295579999717233, 35.558248055803176 ] ] } },
{ "type": "Feature", "properties": { "P12_001": 10393, "P12_002": "ヌーヴェルゴルフ倶楽部", "P12_003": "12", "P12_004": "12239", "P12_005": "‐", "P12_006": "大網白里町金谷郷3151-1", "P12_007": 4 }, "geometry": { "type": "MultiPoint", "coordinates": [ [ 140.287106111657749, 35.542643889304088 ] ] } },
{ "type": "Feature", "properties": { "P12_001": 10394, "P12_002": "大網グリーンゴルフ", "P12_003": "12", "P12_004": "12239", "P12_005": "‐", "P12_006": "大網白里町大竹270-1", "P12_007": 4 }, "geometry": { "type": "MultiPoint", "coordinates": [ [ 140.310946111174189, 35.529946112223342 ] ] } },
{ "type": "Feature", "properties": { "P12_001": 10395, "P12_002": "酒々井ちびっこ天国", "P12_003": "12", "P12_004": "12322", "P12_005": "‐", "P12_006": "酒々井町伊篠1-2", "P12_007": 4 }, "geometry": { "type": "MultiPoint", "coordinates": [ [ 140.280473477568989, 35.748377908713564 ] ] } },
{ "type": "Feature", "properties": { "P12_001": 10396, "P12_002": "しすいハーブガーデン", "P12_003": "12", "P12_004": "12322", "P12_005": "‐", "P12_006": "酒々井町墨1549-1", "P12_007": 2 }, "geometry": { "type": "MultiPoint", "coordinates": [ [ 140.28843162961607, 35.709692064537194 ] ] } },
{ "type": "Feature", "properties": { "P12_001": 10397, "P12_002": "酒々井まがり家", "P12_003": "12", "P12_004": "12322", "P12_005": "‐", "P12_006": "酒々井町馬橋106", "P12_007": 2 }, "geometry": { "type": "MultiPoint", "coordinates": [ [ 140.271821944627163, 35.708920000157946 ] ] } },
{ "type": "Feature", "properties": { "P12_001": 10398, "P12_002": "千葉県立房総のむら", "P12_003": "12", "P12_004": "12329", "P12_005": "‐", "P12_006": "栄町竜角寺1028　", "P12_007": 2 }, "geometry": { "type": "MultiPoint", "coordinates": [ [ 140.27315362024342, 35.822951544478258 ] ] } },
{ "type": "Feature", "properties": { "P12_001": 10399, "P12_002": "ドラムの里", "P12_003": "12", "P12_004": "12329", "P12_005": "‐", "P12_006": "栄町龍角寺1039-1", "P12_007": 5 }, "geometry": { "type": "MultiPoint", "coordinates": [ [ 140.273838000723231, 35.823242000318089 ] ] } },
{ "type": "Feature", "properties": { "P12_001": 10400, "P12_002": "成田ヒルズカントリークラブ", "P12_003": "12", "P12_004": "12329", "P12_005": "‐", "P12_006": "栄町龍角寺1236-3", "P12_007": 4 }, "geometry": { "type": "MultiPoint", "coordinates": [ [ 140.276720221760911, 35.833914384541288 ] ] } },
{ "type": "Feature", "properties": { "P12_001": 10401, "P12_002": "神崎カントリー倶楽部", "P12_003": "12", "P12_004": "12342", "P12_005": "‐", "P12_006": "神崎町古原乙213", "P12_007": 4 }, "geometry": { "type": "MultiPoint", "coordinates": [ [ 140.409285118913203, 35.863280214410395 ] ] } },
{ "type": "Feature", "properties": { "P12_001": 10402, "P12_002": "道の駅　多古", "P12_003": "12", "P12_004": "12347", "P12_005": "‐", "P12_006": "多古町多古1069-1　", "P12_007": 6 }, "geometry": { "type": "MultiPoint", "coordinates": [ [ 140.475216772536101, 35.731363387610315 ] ] } },
{ "type": "Feature", "properties": { "P12_001": 10403, "P12_002": "ダイナミックゴルフ成田", "P12_003": "12", "P12_004": "12347", "P12_005": "‐", "P12_006": "多古町飯笹1040", "P12_007": 4 }, "geometry": { "type": "MultiPoint", "coordinates": [ [ 140.435273757977598, 35.763845270342983 ] ] } },
{ "type": "Feature", "properties": { "P12_001": 10404, "P12_002": "多古カントリークラブ", "P12_003": "12", "P12_004": "12347", "P12_005": "‐", "P12_006": "多古町飯笹1315", "P12_007": 4 }, "geometry": { "type": "MultiPoint", "coordinates": [ [ 140.437260001547884, 35.753169000149285 ] ] } },
{ "type": "Feature", "properties": { "P12_001": 10405, "P12_002": "東京国際空港ゴルフクラブ", "P12_003": "12", "P12_004": "12347", "P12_005": "‐", "P12_006": "多古町船越2599", "P12_007": 4 }, "geometry": { "type": "MultiPoint", "coordinates": [ [ 140.449195003346745, 35.71447326522906 ] ] } },
{ "type": "Feature", "properties": { "P12_001": 10406, "P12_002": "ゴルフクラブ成田ハイツリー", "P12_003": "12", "P12_004": "12347", "P12_005": "‐", "P12_006": "多古町大門659", "P12_007": 4 }, "geometry": { "type": "MultiPoint", "coordinates": [ [ 140.471258124163114, 35.778241557401998 ] ] } },
{ "type": "Feature", "properties": { "P12_001": 10407, "P12_002": "東庄県民の森", "P12_003": "12", "P12_004": "12349", "P12_005": "‐", "P12_006": "東庄町小南639　", "P12_007": 4 }, "geometry": { "type": "MultiPoint", "coordinates": [ [ 140.675659259267491, 35.782394493511106 ] ] } },
{ "type": "Feature", "properties": { "P12_001": 10408, "P12_002": "東庄ゴルフ倶楽部", "P12_003": "12", "P12_004": "12349", "P12_005": "‐", "P12_006": "東庄町東和田329", "P12_007": 4 }, "geometry": { "type": "MultiPoint", "coordinates": [ [ 140.638441981912024, 35.795264522239961 ] ] } },
{ "type": "Feature", "properties": { "P12_001": 10409, "P12_002": "東庄町観光いちご園", "P12_003": "12", "P12_004": "12349", "P12_005": "‐", "P12_006": "東庄町笹川い4713-131", "P12_007": 1 }, "geometry": { "type": "MultiPoint", "coordinates": [ [ 140.668785999874103, 35.837150000472207 ] ] } },
{ "type": "Feature", "properties": { "P12_001": 10410, "P12_002": "九十九里ふるさと自然公園", "P12_003": "12", "P12_004": "12403", "P12_005": "‐", "P12_006": "九十九里町片貝中央海岸", "P12_007": 4 }, "geometry": { "type": "MultiPoint", "coordinates": [ [ 140.452390192053826, 35.52887582725765 ] ] } },
{ "type": "Feature", "properties": { "P12_001": 10411, "P12_002": "片貝海水浴場", "P12_003": "12", "P12_004": "12403", "P12_005": "‐", "P12_006": "九十九里町片貝", "P12_007": 4 }, "geometry": { "type": "MultiPoint", "coordinates": [ [ 140.452309000360174, 35.527649000001418 ] ] } },
{ "type": "Feature", "properties": { "P12_001": 10412, "P12_002": "サンライズ九十九里プール", "P12_003": "12", "P12_004": "12403", "P12_005": "‐", "P12_006": "九十九里町真亀4908", "P12_007": 4 }, "geometry": { "type": "MultiPoint", "coordinates": [ [ 140.430034261871697, 35.501101822591068 ] ] } },
{ "type": "Feature", "properties": { "P12_001": 10413, "P12_002": "不動堂海水浴場", "P12_003": "12", "P12_004": "12403", "P12_005": "‐", "P12_006": "九十九里町不動堂", "P12_007": 4 }, "geometry": { "type": "MultiPoint", "coordinates": [ [ 140.436277778196995, 35.507500000724519 ] ] } },
{ "type": "Feature", "properties": { "P12_001": 10414, "P12_002": "作田海水浴場", "P12_003": "12", "P12_004": "12403", "P12_005": "‐", "P12_006": "九十九里町作田", "P12_007": 4 }, "geometry": { "type": "MultiPoint", "coordinates": [ [ 140.464969000518977, 35.540588999582724 ] ] } },
{ "type": "Feature", "properties": { "P12_001": 10415, "P12_002": "真亀海水浴場", "P12_003": "12", "P12_004": "12403", "P12_005": "‐", "P12_006": "九十九里町真亀", "P12_007": 4 }, "geometry": { "type": "MultiPoint", "coordinates": [ [ 140.432055555619513, 35.501361111526137 ] ] } },
{ "type": "Feature", "properties": { "P12_001": 10416, "P12_002": "菅原硝子", "P12_003": "12", "P12_004": "12403", "P12_005": "‐", "P12_006": "九十九里町藤下797　", "P12_007": 2 }, "geometry": { "type": "MultiPoint", "coordinates": [ [ 140.397033033247908, 35.528796028613897 ] ] } },
{ "type": "Feature", "properties": { "P12_001": 10417, "P12_002": "航空科学博物館", "P12_003": "12", "P12_004": "12409", "P12_005": "‐", "P12_006": "芝山町岩山111-3", "P12_007": 2 }, "geometry": { "type": "MultiPoint", "coordinates": [ [ 140.397799001123076, 35.740369000728833 ] ] } },
{ "type": "Feature", "properties": { "P12_001": 10418, "P12_002": "芝山仁王尊・観音教寺", "P12_003": "12", "P12_004": "12409", "P12_005": "‐", "P12_006": "芝山町芝山298", "P12_007": 2 }, "geometry": { "type": "MultiPoint", "coordinates": [ [ 140.42760599971723, 35.691867000661603 ] ] } },
{ "type": "Feature", "properties": { "P12_001": 10419, "P12_002": "京カントリークラブ", "P12_003": "12", "P12_004": "12409", "P12_005": "‐", "P12_006": "芝山町山田1281", "P12_007": 4 }, "geometry": { "type": "MultiPoint", "coordinates": [ [ 140.412174902349875, 35.723160049796491 ] ] } },
{ "type": "Feature", "properties": { "P12_001": 10420, "P12_002": "芝山ゴルフ倶楽部", "P12_003": "12", "P12_004": "12409", "P12_005": "‐", "P12_006": "芝山町大台2176", "P12_007": 4 }, "geometry": { "type": "MultiPoint", "coordinates": [ [ 140.417133791091601, 35.705886818022293 ] ] } },
{ "type": "Feature", "properties": { "P12_001": 10421, "P12_002": "富里ゴルフ倶楽部", "P12_003": "12", "P12_004": "12409", "P12_005": "‐", "P12_006": "芝山町小原子773", "P12_007": 4 }, "geometry": { "type": "MultiPoint", "coordinates": [ [ 140.433315588543678, 35.73055380171661 ] ] } },
{ "type": "Feature", "properties": { "P12_001": 10422, "P12_002": "芝山古墳・はにわ博物館", "P12_003": "12", "P12_004": "12409", "P12_005": "‐", "P12_006": "芝山町芝山438-1", "P12_007": 2 }, "geometry": { "type": "MultiPoint", "coordinates": [ [ 140.428514999367735, 35.69399900095317 ] ] } },
{ "type": "Feature", "properties": { "P12_001": 10423, "P12_002": "九十九里自然公園（海岸・公園）（日の出・サーフィン等）", "P12_003": "12", "P12_004": "12410", "P12_005": "‐", "P12_006": "横芝光町", "P12_007": 4 }, "geometry": { "type": "MultiPoint", "coordinates": [ [ 140.544774000719599, 35.620020999669464 ] ] } },
{ "type": "Feature", "properties": { "P12_001": 10424, "P12_002": "屋形海岸（サーフィン）", "P12_003": "12", "P12_004": "12410", "P12_005": "‐", "P12_006": "横芝光町", "P12_007": 4 }, "geometry": { "type": "MultiPoint", "coordinates": [ [ 140.531111109889821, 35.607222222427652 ] ] } },
{ "type": "Feature", "properties": { "P12_001": 10425, "P12_002": "カレドニアン・ゴルフクラブ", "P12_003": "12", "P12_004": "12410", "P12_005": "‐", "P12_006": "横芝光町長倉1658", "P12_007": 4 }, "geometry": { "type": "MultiPoint", "coordinates": [ [ 140.443999001153088, 35.675266999572443 ] ] } },
{ "type": "Feature", "properties": { "P12_001": 10426, "P12_002": "木戸浜海水浴場", "P12_003": "12", "P12_004": "12410", "P12_005": "‐", "P12_006": "横芝光町", "P12_007": 4 }, "geometry": { "type": "MultiPoint", "coordinates": [ [ 140.543148001279292, 35.61611399936163 ] ] } },
{ "type": "Feature", "properties": { "P12_001": 10427, "P12_002": "一宮・東浪見・釣ケ崎海岸（サーフィン）", "P12_003": "12", "P12_004": "12421", "P12_005": "‐", "P12_006": "一宮町", "P12_007": 4 }, "geometry": { "type": "MultiPoint", "coordinates": [ [ 140.391819999693325, 35.358028000192121 ] ] } },
{ "type": "Feature", "properties": { "P12_001": 10428, "P12_002": "一宮海水浴場", "P12_003": "12", "P12_004": "12421", "P12_005": "‐", "P12_006": "一宮町一宮海岸", "P12_007": 4 }, "geometry": { "type": "MultiPoint", "coordinates": [ [ 140.391446999579443, 35.379052999396436 ] ] } },
{ "type": "Feature", "properties": { "P12_001": 10429, "P12_002": "道の駅つどいの郷むつざわ", "P12_003": "12", "P12_004": "12422", "P12_005": "‐", "P12_006": "睦沢町上之郷2048-1", "P12_007": 6 }, "geometry": { "type": "MultiPoint", "coordinates": [ [ 140.303544172725424, 35.352117849958859 ] ] } },
{ "type": "Feature", "properties": { "P12_001": 10430, "P12_002": "房総カントリー房総ゴルフ場", "P12_003": "12", "P12_004": "12422", "P12_005": "‐", "P12_006": "睦沢町妙楽寺2300", "P12_007": 4 }, "geometry": { "type": "MultiPoint", "coordinates": [ [ 140.267325302920426, 35.320631834191829 ] ] } },
{ "type": "Feature", "properties": { "P12_001": 10431, "P12_002": "房総カントリー大上ゴルフ場", "P12_003": "12", "P12_004": "12422", "P12_005": "‐", "P12_006": "睦沢町妙楽寺1262", "P12_007": 4 }, "geometry": { "type": "MultiPoint", "coordinates": [ [ 140.280755284628754, 35.327188248938569 ] ] } },
{ "type": "Feature", "properties": { "P12_001": 10432, "P12_002": "デイスターゴルフ場", "P12_003": "12", "P12_004": "12422", "P12_005": "‐", "P12_006": "睦沢町佐貫4900", "P12_007": 4 }, "geometry": { "type": "MultiPoint", "coordinates": [ [ 140.258388888136778, 35.333825001023058 ] ] } },
{ "type": "Feature", "properties": { "P12_001": 10433, "P12_002": "スパ＆リゾート九十九里　太陽の里", "P12_003": "12", "P12_004": "12423", "P12_005": "‐", "P12_006": "長生村一松3445", "P12_007": 3 }, "geometry": { "type": "MultiPoint", "coordinates": [ [ 140.391699000408607, 35.414972001057038 ] ] } },
{ "type": "Feature", "properties": { "P12_001": 10434, "P12_002": "一松海水浴場", "P12_003": "12", "P12_004": "12423", "P12_005": "‐", "P12_006": "長生村一松", "P12_007": 4 }, "geometry": { "type": "MultiPoint", "coordinates": [ [ 140.392666000935264, 35.399143000449158 ] ] } },
{ "type": "Feature", "properties": { "P12_001": 10435, "P12_002": "長柄ふる里村（日本エアロビクスセンター）", "P12_003": "12", "P12_004": "12426", "P12_005": "‐", "P12_006": "長柄町上野521-4　", "P12_007": 4 }, "geometry": { "type": "MultiPoint", "coordinates": [ [ 140.249255000218113, 35.479297999702965 ] ] } },
{ "type": "Feature", "properties": { "P12_001": 10436, "P12_002": "道の駅ながら", "P12_003": "12", "P12_004": "12426", "P12_005": "‐", "P12_006": "長柄町六地蔵138-1", "P12_007": 6 }, "geometry": { "type": "MultiPoint", "coordinates": [ [ 140.206659999159683, 35.457307999164868 ] ] } },
{ "type": "Feature", "properties": { "P12_001": 10437, "P12_002": "千葉国際カントリークラブ", "P12_003": "12", "P12_004": "12426", "P12_005": "‐", "P12_006": "長柄町山之郷754-32", "P12_007": 4 }, "geometry": { "type": "MultiPoint", "coordinates": [ [ 140.211125000018797, 35.482544000105577 ] ] } },
{ "type": "Feature", "properties": { "P12_001": 10438, "P12_002": "丸の内ゴルフクラブ", "P12_003": "12", "P12_004": "12426", "P12_005": "‐", "P12_006": "長柄町力丸354　", "P12_007": 4 }, "geometry": { "type": "MultiPoint", "coordinates": [ [ 140.235931664614668, 35.440019147965359 ] ] } },
{ "type": "Feature", "properties": { "P12_001": 10439, "P12_002": "長柄ダム直売所", "P12_003": "12", "P12_004": "12426", "P12_005": "‐", "P12_006": "長柄町山之郷337-11", "P12_007": 5 }, "geometry": { "type": "MultiPoint", "coordinates": [ [ 140.208029001137561, 35.46964500061631 ] ] } },
{ "type": "Feature", "properties": { "P12_001": 10440, "P12_002": "ミルフィーユゴルフクラブ", "P12_003": "12", "P12_004": "12426", "P12_005": "‐", "P12_006": "長柄町長柄山1095-1", "P12_007": 4 }, "geometry": { "type": "MultiPoint", "coordinates": [ [ 140.181728054506152, 35.465818056158412 ] ] } },
{ "type": "Feature", "properties": { "P12_001": 10441, "P12_002": "都市農村交流センター", "P12_003": "12", "P12_004": "12426", "P12_005": "‐", "P12_006": "長柄町山之郷70-15", "P12_007": 4 }, "geometry": { "type": "MultiPoint", "coordinates": [ [ 140.203770999032486, 35.469545001400718 ] ] } },
{ "type": "Feature", "properties": { "P12_001": 10442, "P12_002": "トーヨーカントリークラブ", "P12_003": "12", "P12_004": "12427", "P12_005": "‐", "P12_006": "長南町市野々685", "P12_007": 4 }, "geometry": { "type": "MultiPoint", "coordinates": [ [ 140.235661296032049, 35.323827317876464 ] ] } },
{ "type": "Feature", "properties": { "P12_001": 10443, "P12_002": "南茂原カントリークラブ", "P12_003": "12", "P12_004": "12427", "P12_005": "‐", "P12_006": "長南町地引742", "P12_007": 4 }, "geometry": { "type": "MultiPoint", "coordinates": [ [ 140.274512965301142, 35.361514262573223 ] ] } },
{ "type": "Feature", "properties": { "P12_001": 10444, "P12_002": "アバイディングクラブゴルフソサエティ", "P12_003": "12", "P12_004": "12427", "P12_005": "‐", "P12_006": "長南町竹林10", "P12_007": 4 }, "geometry": { "type": "MultiPoint", "coordinates": [ [ 140.219498998579979, 35.380459999529421 ] ] } },
{ "type": "Feature", "properties": { "P12_001": 10445, "P12_002": "ラ・ヴィスタゴルフリゾート", "P12_003": "12", "P12_004": "12427", "P12_005": "‐", "P12_006": "長南町佐坪373", "P12_007": 4 }, "geometry": { "type": "MultiPoint", "coordinates": [ [ 140.244455787904371, 35.360219440274989 ] ] } },
{ "type": "Feature", "properties": { "P12_001": 10446, "P12_002": "ゴールデンクロスカントリークラブ", "P12_003": "12", "P12_004": "12427", "P12_005": "‐", "P12_006": "長南町市野々575", "P12_007": 4 }, "geometry": { "type": "MultiPoint", "coordinates": [ [ 140.228700000204867, 35.318953000480633 ] ] } },
{ "type": "Feature", "properties": { "P12_001": 10447, "P12_002": "長南パブリックコース", "P12_003": "12", "P12_004": "12427", "P12_005": "‐", "P12_006": "長南町棚毛908", "P12_007": 4 }, "geometry": { "type": "MultiPoint", "coordinates": [ [ 140.214148393933328, 35.406743500212428 ] ] } },
{ "type": "Feature", "properties": { "P12_001": 10448, "P12_002": "長南カントリークラブ", "P12_003": "12", "P12_004": "12427", "P12_005": "‐", "P12_006": "長南町又富804", "P12_007": 4 }, "geometry": { "type": "MultiPoint", "coordinates": [ [ 140.214344518984376, 35.399943478908483 ] ] } },
{ "type": "Feature", "properties": { "P12_001": 10449, "P12_002": "グレートアイランド倶楽部", "P12_003": "12", "P12_004": "12427", "P12_005": "‐", "P12_006": "長南町佐坪1782", "P12_007": 4 }, "geometry": { "type": "MultiPoint", "coordinates": [ [ 140.235128054716029, 35.35179805553588 ] ] } },
{ "type": "Feature", "properties": { "P12_001": 10450, "P12_002": "道の駅たけゆらの里大多喜", "P12_003": "12", "P12_004": "12441", "P12_005": "‐", "P12_006": "大多喜町石神855", "P12_007": 6 }, "geometry": { "type": "MultiPoint", "coordinates": [ [ 140.25862199960568, 35.254894999804435 ] ] } },
{ "type": "Feature", "properties": { "P12_001": 10451, "P12_002": "千葉県中央博物館大多喜城分館", "P12_003": "12", "P12_004": "12441", "P12_005": "‐", "P12_006": "大多喜町大多喜481　", "P12_007": 2 }, "geometry": { "type": "MultiPoint", "coordinates": [ [ 140.239359998964801, 35.285866999962138 ] ] } },
{ "type": "Feature", "properties": { "P12_001": 10452, "P12_002": "千葉夷隅ゴルフクラブ", "P12_003": "12", "P12_004": "12441", "P12_005": "‐", "P12_006": "大多喜町板谷588", "P12_007": 4 }, "geometry": { "type": "MultiPoint", "coordinates": [ [ 140.184521192299258, 35.251202451831716 ] ] } },
{ "type": "Feature", "properties": { "P12_001": 10453, "P12_002": "花生カントリークラブ", "P12_003": "12", "P12_004": "12441", "P12_005": "‐", "P12_006": "大多喜町平沢1523-18", "P12_007": 4 }, "geometry": { "type": "MultiPoint", "coordinates": [ [ 140.225791772572279, 35.19258979488319 ] ] } },
{ "type": "Feature", "properties": { "P12_001": 10454, "P12_002": "大多喜城ゴルフ倶楽部", "P12_003": "12", "P12_004": "12441", "P12_005": "‐", "P12_006": "大多喜町上原1090", "P12_007": 4 }, "geometry": { "type": "MultiPoint", "coordinates": [ [ 140.238379599438986, 35.267609841520994 ] ] } },
{ "type": "Feature", "properties": { "P12_001": 10455, "P12_002": "大多喜カントリークラブ", "P12_003": "12", "P12_004": "12441", "P12_005": "‐", "P12_006": "大多喜町下大多喜2419", "P12_007": 4 }, "geometry": { "type": "MultiPoint", "coordinates": [ [ 140.266077999000572, 35.308296000060409 ] ] } },
{ "type": "Feature", "properties": { "P12_001": 10456, "P12_002": "ベジタブルガーデン", "P12_003": "12", "P12_004": "12441", "P12_005": "‐", "P12_006": "大多喜町小土呂255", "P12_007": 1 }, "geometry": { "type": "MultiPoint", "coordinates": [ [ 140.244715999543814, 35.311080998988984 ] ] } },
{ "type": "Feature", "properties": { "P12_001": 10457, "P12_002": "十万石本陣ドライブイン", "P12_003": "12", "P12_004": "12441", "P12_005": "‐", "P12_006": "大多喜町横山681-1", "P12_007": 6 }, "geometry": { "type": "MultiPoint", "coordinates": [ [ 140.240747999120913, 35.302132999138678 ] ] } },
{ "type": "Feature", "properties": { "P12_001": 10458, "P12_002": "城西国際大学薬草園", "P12_003": "12", "P12_004": "12441", "P12_005": "‐", "P12_006": "大多喜町大多喜486", "P12_007": 2 }, "geometry": { "type": "MultiPoint", "coordinates": [ [ 140.233058999773107, 35.285499999225635 ] ] } },
{ "type": "Feature", "properties": { "P12_001": 10459, "P12_002": "風薫る丘　ハーブガーデン", "P12_003": "12", "P12_004": "12441", "P12_005": "‐", "P12_006": "大多喜町小土呂255", "P12_007": 6 }, "geometry": { "type": "MultiPoint", "coordinates": [ [ 140.242105000545394, 35.306706999628375 ] ] } },
{ "type": "Feature", "properties": { "P12_001": 10460, "P12_002": "御宿中央海水浴場", "P12_003": "12", "P12_004": "12443", "P12_005": "‐", "P12_006": "御宿町須賀", "P12_007": 4 }, "geometry": { "type": "MultiPoint", "coordinates": [ [ 140.355544000455325, 35.182128999553754 ] ] } },
{ "type": "Feature", "properties": { "P12_001": 10461, "P12_002": "サーフィン（浜・中央・岩和田）", "P12_003": "12", "P12_004": "12443", "P12_005": "‐", "P12_006": "御宿町", "P12_007": 4 }, "geometry": { "type": "MultiPoint", "coordinates": [ [ 140.348796000435186, 35.191505999402409 ] ] } },
{ "type": "Feature", "properties": { "P12_001": 10462, "P12_002": "キャメルゴルフリゾート", "P12_003": "12", "P12_004": "12443", "P12_005": "‐", "P12_006": "御宿町上布施3360", "P12_007": 4 }, "geometry": { "type": "MultiPoint", "coordinates": [ [ 140.314797143073747, 35.20608920515275 ] ] } },
{ "type": "Feature", "properties": { "P12_001": 10463, "P12_002": "月の沙漠記念公園", "P12_003": "12", "P12_004": "12443", "P12_005": "‐", "P12_006": "御宿町須賀2208-3　", "P12_007": 4 }, "geometry": { "type": "MultiPoint", "coordinates": [ [ 140.356722206764516, 35.183101942800477 ] ] } },
{ "type": "Feature", "properties": { "P12_001": 10464, "P12_002": "御宿岩和田海水浴場", "P12_003": "12", "P12_004": "12443", "P12_005": "‐", "P12_006": "御宿町", "P12_007": 4 }, "geometry": { "type": "MultiPoint", "coordinates": [ [ 140.362227998423464, 35.182096999876705 ] ] } },
{ "type": "Feature", "properties": { "P12_001": 10465, "P12_002": "日西墨交通発祥記念碑（メキシコ塔）", "P12_003": "12", "P12_004": "12443", "P12_005": "‐", "P12_006": "御宿町岩和田702　", "P12_007": 2 }, "geometry": { "type": "MultiPoint", "coordinates": [ [ 140.367894000707679, 35.181225999280514 ] ] } },
{ "type": "Feature", "properties": { "P12_001": 10466, "P12_002": "月の沙漠記念館", "P12_003": "12", "P12_004": "12443", "P12_005": "‐", "P12_006": "御宿町六軒町505-1", "P12_007": 2 }, "geometry": { "type": "MultiPoint", "coordinates": [ [ 140.357788999662716, 35.184261999891419 ] ] } },
{ "type": "Feature", "properties": { "P12_001": 10467, "P12_002": "御宿朝市", "P12_003": "12", "P12_004": "12443", "P12_005": "‐", "P12_006": "御宿町新町通り", "P12_007": 5 }, "geometry": { "type": "MultiPoint", "coordinates": [ [ 140.35931453673652, 35.18861899756871 ] ] } },
{ "type": "Feature", "properties": { "P12_001": 10468, "P12_002": "御宿ウォーターパーク", "P12_003": "12", "P12_004": "12443", "P12_005": "‐", "P12_006": "御宿町須賀2208", "P12_007": 4 }, "geometry": { "type": "MultiPoint", "coordinates": [ [ 140.355340652049563, 35.184188572944322 ] ] } },
{ "type": "Feature", "properties": { "P12_001": 10469, "P12_002": "御宿浜海水浴場", "P12_003": "12", "P12_004": "12443", "P12_005": "‐", "P12_006": "御宿町", "P12_007": 1 }, "geometry": { "type": "MultiPoint", "coordinates": [ [ 140.349824745715523, 35.18122765313376 ] ] } },
{ "type": "Feature", "properties": { "P12_001": 10470, "P12_002": "御宿パークゴルフガーデン", "P12_003": "12", "P12_004": "12443", "P12_005": "‐", "P12_006": "御宿町御宿台805-804　", "P12_007": 4 }, "geometry": { "type": "MultiPoint", "coordinates": [ [ 140.339085000472437, 35.192322000160232 ] ] } },
{ "type": "Feature", "properties": { "P12_001": 10471, "P12_002": "御宿町歴史民俗資料館", "P12_003": "12", "P12_004": "12443", "P12_005": "‐", "P12_006": "御宿町久保2200", "P12_007": 2 }, "geometry": { "type": "MultiPoint", "coordinates": [ [ 140.353884946433141, 35.187190677208037 ] ] } },
{ "type": "Feature", "properties": { "P12_001": 10472, "P12_002": "ばんや", "P12_003": "12", "P12_004": "12463", "P12_005": "‐", "P12_006": "鋸南町吉浜99-5", "P12_007": 5 }, "geometry": { "type": "MultiPoint", "coordinates": [ [ 139.838501000620795, 35.132251999929906 ] ] } },
{ "type": "Feature", "properties": { "P12_001": 10473, "P12_002": "日本寺", "P12_003": "12", "P12_004": "12463", "P12_005": "‐", "P12_006": "鋸南町元名184", "P12_007": 2 }, "geometry": { "type": "MultiPoint", "coordinates": [ [ 139.832131000944969, 35.156403000298269 ] ] } },
{ "type": "Feature", "properties": { "P12_001": 10474, "P12_002": "ばんやの湯", "P12_003": "12", "P12_004": "12463", "P12_005": "‐", "P12_006": "鋸南町吉浜99-5", "P12_007": 3 }, "geometry": { "type": "MultiPoint", "coordinates": [ [ 139.838962000296192, 35.13232000036777 ] ] } },
{ "type": "Feature", "properties": { "P12_001": 10475, "P12_002": "菱川師宣記念館", "P12_003": "12", "P12_004": "12463", "P12_005": "‐", "P12_006": "鋸南町吉浜516", "P12_007": 2 }, "geometry": { "type": "MultiPoint", "coordinates": [ [ 139.836372323324099, 35.128038939645421 ] ] } },
{ "type": "Feature", "properties": { "P12_001": 10476, "P12_002": "鱚ケ浦海水浴場", "P12_003": "12", "P12_004": "12463", "P12_005": "‐", "P12_006": "鋸南町", "P12_007": 4 }, "geometry": { "type": "MultiPoint", "coordinates": [ [ 139.83944300089388, 35.130420000882395 ] ] } },
{ "type": "Feature", "properties": { "P12_001": 10477, "P12_002": "保田海水浴場", "P12_003": "12", "P12_004": "12463", "P12_005": "‐", "P12_006": "鋸南町", "P12_007": 4 }, "geometry": { "type": "MultiPoint", "coordinates": [ [ 139.83703100028049, 35.137318999772049 ] ] } },
{ "type": "Feature", "properties": { "P12_001": 10478, "P12_002": "勝山海水浴場", "P12_003": "12", "P12_004": "12463", "P12_005": "‐", "P12_006": "鋸南町竜島848", "P12_007": 4 }, "geometry": { "type": "MultiPoint", "coordinates": [ [ 139.828421999875445, 35.116968000173131 ] ] } },
{ "type": "Feature", "properties": { "P12_001": 10133, "P12_002": "成田山新勝寺", "P12_003": "12", "P12_004": "12211", "P12_005": "神社・寺院・教会", "P12_006": "成田市成田1", "P12_007": 2 }, "geometry": { "type": "Polygon", "coordinates": [ [ [ 140.31572192894194, 35.784547654890822 ], [ 140.315754778386804, 35.784613582821009 ], [ 140.315929000008538, 35.78481013881855 ], [ 140.3164126105695, 35.785271527334949 ], [ 140.316518000792854, 35.785386250238822 ], [ 140.316586305809466, 35.785465777115562 ], [ 140.316646166158648, 35.785557332974008 ], [ 140.316678694403237, 35.785646499985795 ], [ 140.316694416030032, 35.785749167424079 ], [ 140.316694416030032, 35.785829333092188 ], [ 140.316583526728607, 35.785829333092188 ], [ 140.316013327441539, 35.786450743612995 ], [ 140.316088722498279, 35.786482750980078 ], [ 140.316390417669766, 35.786673472047518 ], [ 140.316666667117005, 35.786851777468499 ], [ 140.316670750335561, 35.786854417382408 ], [ 140.316672861233883, 35.786854332633965 ], [ 140.316781555845608, 35.786849971267372 ], [ 140.317182084027593, 35.786754193877265 ], [ 140.317414805999874, 35.786742222100756 ], [ 140.317582833504758, 35.786759417559232 ], [ 140.317954057261915, 35.786765027905957 ], [ 140.318125971397848, 35.786807638362234 ], [ 140.318239581770712, 35.786857278701611 ], [ 140.318422417791169, 35.786982500877841 ], [ 140.318517082717477, 35.787094916505438 ], [ 140.318872111104241, 35.78755147224205 ], [ 140.318985028586837, 35.787623056071254 ], [ 140.319159861455972, 35.787697110317481 ], [ 140.319511110636512, 35.787966917569776 ], [ 140.319703889901064, 35.787982139448957 ], [ 140.319853806650485, 35.787982139448957 ], [ 140.320130471831931, 35.788044083143106 ], [ 140.320256082634785, 35.788044083143106 ], [ 140.320476777320863, 35.788010529116995 ], [ 140.320880750617789, 35.788004666643658 ], [ 140.32140241643188, 35.787968944116848 ], [ 140.322000361409209, 35.787998111351826 ], [ 140.32208738950294, 35.787941167815639 ], [ 140.322245415754281, 35.787897471519969 ], [ 140.322481305685386, 35.787858138709609 ], [ 140.322666917563964, 35.78786747269092 ], [ 140.322895806617623, 35.78789844400832 ], [ 140.323030388469704, 35.787945860760502 ], [ 140.323141332557782, 35.787971778952162 ], [ 140.323219417532755, 35.787969389046154 ], [ 140.323287554966612, 35.78795488964743 ], [ 140.323334472769858, 35.787907193225394 ], [ 140.323330306834151, 35.787831222605071 ], [ 140.323286471049869, 35.787725693847577 ], [ 140.323206972363863, 35.787682582316151 ], [ 140.323039360593157, 35.787522888711948 ], [ 140.322940472796006, 35.787418472277736 ], [ 140.322826388679545, 35.78730011048772 ], [ 140.322826722770827, 35.787240667931904 ], [ 140.323007640183448, 35.787018111112978 ], [ 140.323054416185897, 35.786732361619762 ], [ 140.323126528339202, 35.786659111424356 ], [ 140.322989166332007, 35.786533528007901 ], [ 140.322972639018843, 35.786513361057246 ], [ 140.322909084329069, 35.786433000467731 ], [ 140.322801499416045, 35.786293556443908 ], [ 140.322738388390917, 35.786214138680783 ], [ 140.322683193502996, 35.786145722324527 ], [ 140.322572832731851, 35.786019221506209 ], [ 140.322502472677826, 35.78598436023541 ], [ 140.322448167267652, 35.785992193109976 ], [ 140.322340777867879, 35.786051638843858 ], [ 140.322205499902765, 35.786094000351596 ], [ 140.322078471091885, 35.786094332989222 ], [ 140.321979805664142, 35.786065250502681 ], [ 140.321889779342854, 35.786011361088399 ], [ 140.321789223237772, 35.785940417109913 ], [ 140.321556527047449, 35.785762306610344 ], [ 140.321397917479146, 35.785668389448496 ], [ 140.3212808340609, 35.785651139962887 ], [ 140.321136611902773, 35.785655499210769 ], [ 140.321030860731923, 35.785678361161814 ], [ 140.320938890020869, 35.785709277392726 ], [ 140.320839250249747, 35.785758944215992 ], [ 140.320725389576978, 35.785839862026499 ], [ 140.32050991788708, 35.785992110480251 ], [ 140.320401304918249, 35.786064111695516 ], [ 140.320300055922871, 35.78608969301213 ], [ 140.320035556605717, 35.7860865562605 ], [ 140.319942470824685, 35.786094666686203 ], [ 140.319826638905909, 35.786114443794034 ], [ 140.319623416871679, 35.786181167300199 ], [ 140.319485387756174, 35.786200083152011 ], [ 140.319400111761752, 35.786190832859781 ], [ 140.319291027197806, 35.786168638302705 ], [ 140.319145194741196, 35.786100528100185 ], [ 140.318869761722794, 35.784795884130936 ], [ 140.318495612786961, 35.784788688988385 ], [ 140.31847043669913, 35.784472106953338 ], [ 140.318272277598055, 35.784478667541954 ], [ 140.318160749118789, 35.784480666545782 ], [ 140.317468057572256, 35.78450602751645 ], [ 140.317351605812121, 35.784446923954391 ], [ 140.317254471188505, 35.784536862176992 ], [ 140.317121364279615, 35.784616007685749 ], [ 140.316952280788456, 35.784659178541084 ], [ 140.31682636597327, 35.784677166397472 ], [ 140.316646491655945, 35.7846735688262 ], [ 140.316549357032329, 35.784662776112363 ], [ 140.316455821141176, 35.784626800399586 ], [ 140.316387469931868, 35.784562045175932 ], [ 140.316311922331863, 35.784446923954391 ], [ 140.316175215616255, 35.784378571159465 ], [ 140.316121251817094, 35.784360584362432 ], [ 140.31572192894194, 35.784547654890822 ] ] ] } },
{ "type": "Feature", "properties": { "P12_001": 10020, "P12_002": "千葉市動物公園", "P12_003": "12", "P12_004": "12104", "P12_005": "‐", "P12_006": "千葉市若葉区源町280", "P12_007": 2 }, "geometry": { "type": "Polygon", "coordinates": [ [ [ 140.127948635528213, 35.643574578528735 ], [ 140.127976289907366, 35.64340172772922 ], [ 140.128021230019101, 35.643311846711825 ], [ 140.12822174172436, 35.643007631592887 ], [ 140.128321307372346, 35.642921917020672 ], [ 140.128373722105152, 35.642880528001285 ], [ 140.128381415872923, 35.642874082882422 ], [ 140.128499555277443, 35.642776721755844 ], [ 140.128491749787855, 35.642755388454781 ], [ 140.128409028356373, 35.642690694673753 ], [ 140.128402832091012, 35.642686028212772 ], [ 140.128386331634061, 35.642673361499064 ], [ 140.128370472503434, 35.642660222312799 ], [ 140.128354972171849, 35.642646749429545 ], [ 140.128340138948545, 35.64263288988154 ], [ 140.128325833181265, 35.642618610828755 ], [ 140.128311972152886, 35.642604027740944 ], [ 140.128298778232818, 35.64258899972382 ], [ 140.128296221521367, 35.6425823607429 ], [ 140.128291192964156, 35.642567389930974 ], [ 140.128286943237072, 35.642552277165414 ], [ 140.12828324889648, 35.642536944053901 ], [ 140.128280306529859, 35.64252163848564 ], [ 140.128278057053478, 35.642506222744402 ], [ 140.128276444606485, 35.642490722254728 ], [ 140.128275610989647, 35.642475222824409 ], [ 140.128281056355291, 35.642425111071837 ], [ 140.128281110067718, 35.642409138109606 ], [ 140.128281222863819, 35.642406527857652 ], [ 140.128282472214835, 35.642385889493802 ], [ 140.128284361817947, 35.642365332700329 ], [ 140.128286943237072, 35.64234477802556 ], [ 140.128288666331684, 35.642329249992642 ], [ 140.128288889775376, 35.64227102781436 ], [ 140.128286527502922, 35.642229471416805 ], [ 140.128285721816525, 35.64222308350314 ], [ 140.128283806431455, 35.642211555596589 ], [ 140.128281110067718, 35.642200027690038 ], [ 140.128277749818409, 35.642188667161655 ], [ 140.128273750391259, 35.642177500495336 ], [ 140.128269055925301, 35.64216644400198 ], [ 140.128263722281503, 35.642155638575879 ], [ 140.128261611383209, 35.642151388441611 ], [ 140.12825783325124, 35.642144916838866 ], [ 140.128253389085188, 35.642138611554927 ], [ 140.128248416388885, 35.642132693995102 ], [ 140.128242748653804, 35.64212711119162 ], [ 140.128212721259729, 35.642101027740502 ], [ 140.12817197286563, 35.642068416540788 ], [ 140.12815380624923, 35.642055749827072 ], [ 140.12804636098852, 35.641987749797529 ], [ 140.12788119420739, 35.641885666064127 ], [ 140.127748499809911, 35.641897000108621 ], [ 140.127595389319708, 35.641965333835145 ], [ 140.127523945348969, 35.641996056204 ], [ 140.127459444246284, 35.642024167261553 ], [ 140.127431221589688, 35.642036139038055 ], [ 140.127405306418893, 35.642047193412701 ], [ 140.127340806390436, 35.642075110608189 ], [ 140.127263194084804, 35.642107666721415 ], [ 140.127180167566763, 35.642142666767782 ], [ 140.127073555922863, 35.642186278315009 ], [ 140.127005528062341, 35.642213667951459 ], [ 140.126939917260955, 35.642240056496966 ], [ 140.126809361692267, 35.64229166617821 ], [ 140.12670947162124, 35.642328861209172 ], [ 140.126629083457487, 35.642358527400596 ], [ 140.126594221945169, 35.642434860320506 ], [ 140.126568056474468, 35.642491888605136 ], [ 140.126543609801331, 35.642545056598323 ], [ 140.126523250643771, 35.642589527282858 ], [ 140.126499222927578, 35.642664860171173 ], [ 140.126454222657912, 35.642764917357503 ], [ 140.126449832204287, 35.642774416598272 ], [ 140.126431638731702, 35.642814193278589 ], [ 140.126429999428467, 35.642815110680452 ], [ 140.126408472562787, 35.642823278311354 ], [ 140.126371556013083, 35.642837777710085 ], [ 140.126350805829048, 35.642845777962819 ], [ 140.126310332442586, 35.642860917212268 ], [ 140.126265582472797, 35.642877889146739 ], [ 140.126215166916467, 35.642896666222974 ], [ 140.126174167148207, 35.64291191776411 ], [ 140.126129056230951, 35.642929417257612 ], [ 140.126098194145783, 35.642941390093469 ], [ 140.126073805482093, 35.642950999507214 ], [ 140.12605252891629, 35.642959805929486 ], [ 140.126042611454153, 35.642963499902116 ], [ 140.126035220624459, 35.64296705509917 ], [ 140.125706499509221, 35.643091610940793 ], [ 140.125374638365599, 35.643110889092185 ], [ 140.125296277308763, 35.642973528820633 ], [ 140.125234832443056, 35.642864888736042 ], [ 140.125151777994546, 35.642711583045504 ], [ 140.125108360092923, 35.642735306252568 ], [ 140.125083778064493, 35.642749693359612 ], [ 140.125042473209675, 35.642777833019764 ], [ 140.125003998999631, 35.64280444402992 ], [ 140.124775581541087, 35.642961721244227 ], [ 140.12472241698282, 35.643003306244381 ], [ 140.124665723518234, 35.64305247199249 ], [ 140.124624444445374, 35.6430913323303 ], [ 140.124591222236262, 35.643127555932267 ], [ 140.124560109851188, 35.643164499895974 ], [ 140.124526277468931, 35.64321027782519 ], [ 140.124506166462766, 35.643239527689907 ], [ 140.124476972685528, 35.643285221930043 ], [ 140.124456555518549, 35.643322583279812 ], [ 140.124437582141553, 35.643355889416732 ], [ 140.124415750189286, 35.643395167140611 ], [ 140.12439425017979, 35.643433056049425 ], [ 140.124370639272001, 35.643474667533461 ], [ 140.124355082005223, 35.643502917366582 ], [ 140.124331917984819, 35.643545611511939 ], [ 140.124316778600729, 35.643572055143935 ], [ 140.124295389238824, 35.643610888997848 ], [ 140.124268083990472, 35.643659888427145 ], [ 140.12425577739964, 35.643682361594728 ], [ 140.124239332803597, 35.643711250219212 ], [ 140.124214529479985, 35.643755833195428 ], [ 140.124200055055695, 35.643782555437916 ], [ 140.124178999785101, 35.643820443287375 ], [ 140.124162307037665, 35.643849971762577 ], [ 140.124147943260965, 35.643876582772741 ], [ 140.124139057077372, 35.643893306818015 ], [ 140.124125027391955, 35.643918194256777 ], [ 140.124119999908999, 35.643927166997862 ], [ 140.124100444289297, 35.643962083355142 ], [ 140.124081027247655, 35.643996999712421 ], [ 140.124076417647331, 35.644005028567761 ], [ 140.124040443213573, 35.644072917364973 ], [ 140.124017416696972, 35.644118916699497 ], [ 140.12400933297701, 35.644144806288558 ], [ 140.124001499556954, 35.644174221412733 ], [ 140.123994139880466, 35.644214250219655 ], [ 140.123991666960421, 35.644238249918509 ], [ 140.123989722570656, 35.644279611394644 ], [ 140.123991082569262, 35.644380750182947 ], [ 140.123991472521453, 35.644488833046545 ], [ 140.123992251351609, 35.644522806577427 ], [ 140.123989666709718, 35.644595278146539 ], [ 140.123989167184163, 35.644609888777595 ], [ 140.123988888953818, 35.644660805640349 ], [ 140.123988582792975, 35.644696861864141 ], [ 140.123989138179468, 35.644729221996599 ], [ 140.123988862097605, 35.644769249744172 ], [ 140.123988972745195, 35.64480124969576 ], [ 140.123989417484069, 35.644837110998147 ], [ 140.123989722570656, 35.644858027972489 ], [ 140.123989556062128, 35.64487066714296 ], [ 140.123990027657214, 35.644880667458885 ], [ 140.123990722695993, 35.644892110616993 ], [ 140.123992082694599, 35.6449036395829 ], [ 140.123995140005832, 35.644919667631612 ], [ 140.123997610777394, 35.644934167030343 ], [ 140.124000749731493, 35.644947250070771 ], [ 140.124005471053664, 35.644965972060518 ], [ 140.124011389088651, 35.644987332904819 ], [ 140.124016971958099, 35.645006167186253 ], [ 140.124024028696482, 35.645030389349763 ], [ 140.124033528275987, 35.645063805659653 ], [ 140.124041249974198, 35.64509288920555 ], [ 140.124051223297272, 35.645128110657218 ], [ 140.124060611154903, 35.645158833026073 ], [ 140.124072473006862, 35.645201528230785 ], [ 140.124084971888152, 35.645244139746424 ], [ 140.12409883291653, 35.645290332942999 ], [ 140.12411172175004, 35.645337360911711 ], [ 140.124121472703678, 35.645371860942276 ], [ 140.124126500186662, 35.645390139062073 ], [ 140.124133221759536, 35.645415917418809 ], [ 140.124141166901438, 35.645443749865862 ], [ 140.124148333213185, 35.645468610820735 ], [ 140.124154584265199, 35.645491305393612 ], [ 140.124164333070325, 35.645525082943735 ], [ 140.12417605526997, 35.645562805533729 ], [ 140.124179082502252, 35.645573443581661 ], [ 140.124182528691421, 35.645583888826891 ], [ 140.124185778293139, 35.645593000343545 ], [ 140.124192361287953, 35.645611360033719 ], [ 140.124195472311612, 35.645621444038724 ], [ 140.124200721089778, 35.645635139386627 ], [ 140.124252333358953, 35.645765889279858 ], [ 140.124258138597838, 35.645786888883933 ], [ 140.124262277677332, 35.645804000653328 ], [ 140.124264639949786, 35.645814722390341 ], [ 140.124266221243573, 35.645822194024682 ], [ 140.124268582441772, 35.645836443415511 ], [ 140.124271110148499, 35.64585861042935 ], [ 140.124272361647996, 35.645873832308531 ], [ 140.124273083542988, 35.645889861416599 ], [ 140.12427313832967, 35.645900860704756 ], [ 140.124272860099296, 35.645914943776773 ], [ 140.124272361647996, 35.645933416817982 ], [ 140.124271110148499, 35.645951972488923 ], [ 140.124269417132865, 35.645969388293345 ], [ 140.124267029078425, 35.645985805125527 ], [ 140.124264555084153, 35.646002305646796 ], [ 140.124260528800761, 35.6460212214986 ], [ 140.124255971838636, 35.646037389382244 ], [ 140.124249528496136, 35.646056582785192 ], [ 140.12424263934048, 35.646075638471928 ], [ 140.124229167190066, 35.646106944545664 ], [ 140.124192139992743, 35.646190055222057 ], [ 140.124073056323795, 35.646455611280736 ], [ 140.123958805698805, 35.646709806811025 ], [ 140.123950500683662, 35.646733889139604 ], [ 140.123942749980728, 35.646757417425263 ], [ 140.123939278009573, 35.646774832170323 ], [ 140.123936721298151, 35.646792472558111 ], [ 140.123936028407883, 35.646797277794661 ], [ 140.123934332169483, 35.646816667178378 ], [ 140.123934943416884, 35.646834056498911 ], [ 140.123936332420186, 35.646850916141688 ], [ 140.123939528309478, 35.646873083155526 ], [ 140.123945667639674, 35.646895694039323 ], [ 140.123953610633066, 35.646919472332876 ], [ 140.123961972583402, 35.646941638287352 ], [ 140.123972527074898, 35.646960971525232 ], [ 140.123984194487861, 35.646981860956338 ], [ 140.123994082945302, 35.646997332843412 ], [ 140.124009499485538, 35.647015249722983 ], [ 140.12403411159292, 35.647043499556105 ], [ 140.124171166365045, 35.647200889062091 ], [ 140.124267305160288, 35.647310083189609 ], [ 140.124309971087968, 35.647346944523591 ], [ 140.124361861587516, 35.647378278140565 ], [ 140.124558138605209, 35.647451888516841 ], [ 140.124573918241424, 35.647457861163147 ], [ 140.124889889101212, 35.647577638252109 ], [ 140.124982722433856, 35.647628000012581 ], [ 140.125076750330805, 35.647700332806124 ], [ 140.12512163995288, 35.647750583334265 ], [ 140.125143722205053, 35.647775333056813 ], [ 140.125241638881562, 35.647885500732031 ], [ 140.125291388403838, 35.647934611393659 ], [ 140.125330278348059, 35.647964443903895 ], [ 140.125371860358996, 35.647988499748585 ], [ 140.125427944724663, 35.648009444266179 ], [ 140.125487306622546, 35.648027777472464 ], [ 140.125547417271605, 35.648039082914359 ], [ 140.125648277389018, 35.648046778072711 ], [ 140.126053805123519, 35.648044166761402 ], [ 140.126103277489676, 35.64804422184789 ], [ 140.12618608378682, 35.648043389194463 ], [ 140.126311111272742, 35.648042999351638 ], [ 140.126337360534819, 35.648042889178669 ], [ 140.12642980713801, 35.648042444249356 ], [ 140.126499833100723, 35.648041833001237 ], [ 140.126545527334912, 35.648041527906848 ], [ 140.12656463821574, 35.648041833001237 ], [ 140.126585193960778, 35.648042611627531 ], [ 140.126602638682158, 35.64804383306442 ], [ 140.1266153330767, 35.64804505662002 ], [ 140.126644165906441, 35.648047694415219 ], [ 140.126673999935775, 35.648051749628074 ], [ 140.126708250200693, 35.648056555923972 ], [ 140.12676141690747, 35.648064000015076 ], [ 140.126817750498788, 35.648071777803153 ], [ 140.126861055604337, 35.648077639217135 ], [ 140.126924139773251, 35.648086306863839 ], [ 140.126977528849437, 35.64809347128508 ], [ 140.127038944710449, 35.64810197261297 ], [ 140.127111749754022, 35.648111527999582 ], [ 140.127134749414409, 35.648114639326685 ], [ 140.127208972466036, 35.648124557012878 ], [ 140.127326442613764, 35.648140860494017 ], [ 140.127448527733037, 35.648157667169031 ], [ 140.127590945153656, 35.648177333044529 ], [ 140.127757333355333, 35.648199472515124 ], [ 140.127762527346846, 35.6482008062437 ], [ 140.12800936064744, 35.648233556218983 ], [ 140.128070999952115, 35.648241889109343 ], [ 140.128115082813565, 35.648247806669168 ], [ 140.128164360740755, 35.648254639512139 ], [ 140.128203027241256, 35.648260222315628 ], [ 140.128249999831155, 35.64826652759956 ], [ 140.128297610524697, 35.648273083950755 ], [ 140.128330082908349, 35.648277500403829 ], [ 140.128345777678931, 35.648279000451218 ], [ 140.128365888685096, 35.648280306636551 ], [ 140.128385861113202, 35.648280806652345 ], [ 140.128402667730995, 35.64828058312834 ], [ 140.128424305244266, 35.648279806620756 ], [ 140.128425221578254, 35.648279721872314 ], [ 140.128445944906076, 35.648278221824924 ], [ 140.128459859646881, 35.648276556518084 ], [ 140.128477167938712, 35.648273639053038 ], [ 140.128495610636975, 35.648270055253377 ], [ 140.128523194115701, 35.648263249953644 ], [ 140.128539832076456, 35.648258611035914 ], [ 140.128559028897172, 35.648251972054993 ], [ 140.128578776807331, 35.648244083034584 ], [ 140.128606444077462, 35.648230221367868 ], [ 140.128618251142711, 35.648224971202012 ], [ 140.128625305732612, 35.648221333375218 ], [ 140.128706111779024, 35.648160028472439 ], [ 140.128733611466373, 35.648129056095684 ], [ 140.128749333093197, 35.648110721830044 ], [ 140.128764278038318, 35.648089861001537 ], [ 140.128783499566737, 35.648060888687972 ], [ 140.128803831868083, 35.648030528618698 ], [ 140.128821500033155, 35.648003000206671 ], [ 140.128834138566759, 35.647984222071081 ], [ 140.128854888750794, 35.64795361093455 ], [ 140.128865667760238, 35.647938082901632 ], [ 140.128889499963208, 35.647906389103781 ], [ 140.12890719283601, 35.647883555755335 ], [ 140.128925998630251, 35.647861222422684 ], [ 140.128947443853065, 35.647835582841516 ], [ 140.128960749494979, 35.647821472226255 ], [ 140.1289816393313, 35.647799083807122 ], [ 140.129005307174253, 35.647774333025218 ], [ 140.129035666511129, 35.647741971833405 ], [ 140.129055138339425, 35.647721917174437 ], [ 140.129067666225438, 35.647709444322778 ], [ 140.129081750697509, 35.647695000010536 ], [ 140.129093972422709, 35.647681805737783 ], [ 140.12910319377184, 35.647671332949308 ], [ 140.1291195835812, 35.647652278321928 ], [ 140.129135639299278, 35.647631416434066 ], [ 140.129148917010724, 35.647614250637545 ], [ 140.129157610903832, 35.647602694128395 ], [ 140.129171555723616, 35.647582833331484 ], [ 140.129185388821554, 35.64756105616047 ], [ 140.12919616675677, 35.647543916847837 ], [ 140.129205807062789, 35.647527582645381 ], [ 140.129213166739277, 35.64751458329404 ], [ 140.129229499613473, 35.647483250736421 ], [ 140.129241778273808, 35.647458806108254 ], [ 140.129254721894, 35.647433278818774 ], [ 140.129269083522189, 35.647405750406747 ], [ 140.129283221706714, 35.647376500542038 ], [ 140.129303610943225, 35.64733616770009 ], [ 140.129330471452732, 35.647280667006086 ], [ 140.129355223212428, 35.647229832773064 ], [ 140.129385388110308, 35.647169749307167 ], [ 140.129401057098903, 35.647137333028873 ], [ 140.129418610319419, 35.647105027982896 ], [ 140.129437029384178, 35.647071555527162 ], [ 140.129460611287271, 35.647029750181069 ], [ 140.129485749776421, 35.646985167204846 ], [ 140.129529943285462, 35.646904639237164 ], [ 140.129561111531416, 35.646848499751798 ], [ 140.129606861626542, 35.646768277937845 ], [ 140.129676082977142, 35.646647389584963 ], [ 140.129713806287469, 35.646601333045247 ], [ 140.129774360601175, 35.646527444058478 ], [ 140.129964889315119, 35.646296972794609 ], [ 140.1301936945774, 35.646026332888887 ], [ 140.130268749097326, 35.645926555372412 ], [ 140.130303028366967, 35.645851471432636 ], [ 140.130321582787076, 35.64575850027525 ], [ 140.130328527803613, 35.645608416084784 ], [ 140.130327806982876, 35.645529805550552 ], [ 140.130326165531159, 35.645359999338744 ], [ 140.130328167930372, 35.645300305715672 ], [ 140.130260972612433, 35.645201249620293 ], [ 140.130085749791107, 35.644729528150343 ], [ 140.129961472130645, 35.644954194146074 ], [ 140.129916249491544, 35.644940693719576 ], [ 140.129914167597946, 35.644940777408664 ], [ 140.129212416913816, 35.644980194967459 ], [ 140.129061916847462, 35.644988666633395 ], [ 140.128903724087593, 35.644996826848811 ], [ 140.128882029639158, 35.644950462036647 ], [ 140.128879813464494, 35.644951874157528 ], [ 140.128872972650043, 35.644714500133219 ], [ 140.128872834071984, 35.644707722376729 ], [ 140.128877388885627, 35.644657250443288 ], [ 140.128879694222917, 35.644588999346489 ], [ 140.128886139713899, 35.644480805250566 ], [ 140.128889555824145, 35.644422138142971 ], [ 140.128723694004236, 35.644029443533967 ], [ 140.128411872966382, 35.644010161145154 ], [ 140.128225187913557, 35.643954847957076 ], [ 140.128045430689298, 35.643851138112986 ], [ 140.127948635528213, 35.643574578528735 ] ], [ [ 140.125164360667213, 35.647317738092454 ], [ 140.125158897039341, 35.647321217015914 ], [ 140.125161946830843, 35.647315906466794 ], [ 140.125164360667213, 35.647317738092454 ] ] ] } },
{ "type": "Feature", "properties": { "P12_001": 10017, "P12_002": "稲毛浅間神社", "P12_003": "12", "P12_004": "12103", "P12_005": "‐", "P12_006": "千葉市稲毛区稲毛1-15-10", "P12_007": 2 }, "geometry": { "type": "Polygon", "coordinates": [ [ [ 140.085368277117993, 35.636112278168547 ], [ 140.085375333856376, 35.636110443364821 ], [ 140.085388222689886, 35.6361050279395 ], [ 140.08542127839047, 35.636081500713203 ], [ 140.085439110915587, 35.636061277616705 ], [ 140.08544152904895, 35.636057306092937 ], [ 140.085452388627033, 35.636037917768576 ], [ 140.085464221474268, 35.636007500494102 ], [ 140.085466278660135, 35.635992278614928 ], [ 140.08546602836023, 35.635986417200947 ], [ 140.085464249404737, 35.635978582207663 ], [ 140.085459890104318, 35.635968500321376 ], [ 140.085449778203184, 35.635945610827086 ], [ 140.085443999820512, 35.635935000322398 ], [ 140.08543591610055, 35.635922305006083 ], [ 140.085422583602394, 35.635902416665928 ], [ 140.08540794374386, 35.635880888443452 ], [ 140.085394749823763, 35.635861888902561 ], [ 140.085376889368206, 35.63583822184134 ], [ 140.085355278711148, 35.635808166866447 ], [ 140.085342640177544, 35.635791166329383 ], [ 140.085329443034709, 35.635773888241175 ], [ 140.085319443929677, 35.635759666393589 ], [ 140.085294277510059, 35.63572366737499 ], [ 140.085266668249375, 35.635682888544373 ], [ 140.085245139235184, 35.635648666064945 ], [ 140.08501787229676, 35.635737344713853 ], [ 140.084938720593044, 35.635636614836777 ], [ 140.084891953184581, 35.635449544308386 ], [ 140.08486676957699, 35.635194118866359 ], [ 140.084920999789773, 35.634891472652924 ], [ 140.084912221031033, 35.634871583253407 ], [ 140.084902332573591, 35.634848610070037 ], [ 140.084896222248119, 35.634834111730662 ], [ 140.084887416633165, 35.634815111130415 ], [ 140.08487852830109, 35.634793861518439 ], [ 140.084872417975618, 35.63477908244986 ], [ 140.084860943927396, 35.634750806132857 ], [ 140.084852943998811, 35.634730279001332 ], [ 140.084844805492168, 35.634708110928138 ], [ 140.084837250302485, 35.634689556316552 ], [ 140.084833555961893, 35.634680277421729 ], [ 140.084815722362521, 35.634627860511593 ], [ 140.084812861638767, 35.634623638979924 ], [ 140.084810194279754, 35.6346244440901 ], [ 140.084803583354471, 35.634627250322822 ], [ 140.084772638552181, 35.634649221355893 ], [ 140.084744556622155, 35.634671722066713 ], [ 140.084723611999152, 35.634689806324452 ], [ 140.084692139740838, 35.634719082673051 ], [ 140.084671333695894, 35.634739583320687 ], [ 140.084667582420138, 35.63474319360423 ], [ 140.084650528725206, 35.63476152786987 ], [ 140.084648555330688, 35.634765667831161 ], [ 140.084649000069589, 35.634766750492481 ], [ 140.084593887898791, 35.63486719434357 ], [ 140.084559915864219, 35.634982916219684 ], [ 140.084489193788471, 35.634997306504793 ], [ 140.084446111052387, 35.634921582714298 ], [ 140.084399277040518, 35.634849749936556 ], [ 140.084326832944441, 35.634738943469962 ], [ 140.084298973383824, 35.634690694064361 ], [ 140.084274831797302, 35.634633416831186 ], [ 140.08370837089501, 35.634701259016765 ], [ 140.08372275508242, 35.634837964606618 ], [ 140.083391782342318, 35.634780403466166 ], [ 140.08323709485532, 35.634873939260039 ], [ 140.083398888496134, 35.635190221497474 ], [ 140.083164305925436, 35.635308055728451 ], [ 140.0831706396946, 35.635317138642506 ], [ 140.083324500010264, 35.635517305982944 ], [ 140.083333333555686, 35.635528777743652 ], [ 140.083416083991892, 35.635636167788753 ], [ 140.083435582676401, 35.635621083625793 ], [ 140.083444361435141, 35.635640805647135 ], [ 140.083482805566206, 35.635722749973127 ], [ 140.08348383362204, 35.635726082705531 ], [ 140.083486389259207, 35.635736360572594 ], [ 140.083487500032163, 35.635740500533885 ], [ 140.083499611109744, 35.635758500043188 ], [ 140.083514501268212, 35.63579100001057 ], [ 140.083466806783292, 35.63582616637575 ], [ 140.083333333555686, 35.635772083099404 ], [ 140.083297306483729, 35.635757472468349 ], [ 140.083289360267571, 35.635753971298421 ], [ 140.083273193901903, 35.635743999585102 ], [ 140.083014277454197, 35.635633750339508 ], [ 140.082905694564289, 35.635589832638544 ], [ 140.082728611144574, 35.63552800017672 ], [ 140.082596732101706, 35.635618626980389 ], [ 140.082485205770951, 35.635665395407003 ], [ 140.082359294178502, 35.635676187061478 ], [ 140.082201006884787, 35.635658200264444 ], [ 140.081923993646825, 35.635460337022224 ], [ 140.081464333456154, 35.635946055756392 ], [ 140.081273695168846, 35.635819083524872 ], [ 140.081239861712334, 35.635792611290285 ], [ 140.08122575038405, 35.635781582340172 ], [ 140.081213334219882, 35.635764138992513 ], [ 140.08109472214602, 35.635647360938968 ], [ 140.08108713902584, 35.635653332525919 ], [ 140.081108889335212, 35.635694027667455 ], [ 140.08115058414225, 35.635782194647653 ], [ 140.081162195694304, 35.635795417523006 ], [ 140.081177722882103, 35.635812972102997 ], [ 140.081175417544841, 35.635819916178299 ], [ 140.081184166224602, 35.635835916683767 ], [ 140.081204750974365, 35.6358734718956 ], [ 140.081252249946061, 35.63596000005284 ], [ 140.081283635190232, 35.635924417360954 ], [ 140.081733327429049, 35.636230205622802 ], [ 140.081437249502983, 35.636477556657212 ], [ 140.081450111480279, 35.636530806220769 ], [ 140.081453860607525, 35.636558361116684 ], [ 140.0814585002868, 35.63660063999469 ], [ 140.081468222235742, 35.636667582787446 ], [ 140.081476805481259, 35.636693611152076 ], [ 140.081480554608504, 35.636699832746928 ], [ 140.081484777479375, 35.636706582960173 ], [ 140.081502081474213, 35.636734416466581 ], [ 140.081527944006837, 35.636761582579027 ], [ 140.081546889453392, 35.636783694506377 ], [ 140.081565418091515, 35.636811693272243 ], [ 140.08157891709817, 35.63685474971718 ], [ 140.081556861702211, 35.636900138862934 ], [ 140.081615110678626, 35.636922833435811 ], [ 140.081682639013593, 35.636944944303806 ], [ 140.081772899521042, 35.636777029041568 ], [ 140.081949178328671, 35.636899344346311 ], [ 140.082010337444274, 35.636920930833334 ], [ 140.081996472118874, 35.637023889594381 ], [ 140.082043222339337, 35.637034332720901 ], [ 140.082104193461447, 35.637049721978251 ], [ 140.082264166251093, 35.637073555358285 ], [ 140.08235866789164, 35.637072361464639 ], [ 140.082372916723727, 35.637071166511632 ], [ 140.082473138737527, 35.637058611030248 ], [ 140.082564722719155, 35.637041471717616 ], [ 140.082560917730973, 35.637026249838435 ], [ 140.082724916803983, 35.636995249918435 ], [ 140.082731361220738, 35.637009222817483 ], [ 140.08292458307568, 35.636972139018852 ], [ 140.083032444070568, 35.636965138797706 ], [ 140.083066527826986, 35.636960943749926 ], [ 140.083083831821824, 35.636945833103077 ], [ 140.083106944278285, 35.636925250885064 ], [ 140.083120722589541, 35.636913305592444 ], [ 140.083150583475117, 35.636893972354571 ], [ 140.083204166990299, 35.636872389045614 ], [ 140.083240028627955, 35.636860888682307 ], [ 140.083349639573669, 35.636851083287802 ], [ 140.083408443936548, 35.636834832774426 ], [ 140.0834509433557, 35.63682969490025 ], [ 140.083461417278585, 35.6368292224277 ], [ 140.083477528857571, 35.636826582513791 ], [ 140.083491777689687, 35.636825555998314 ], [ 140.083566942857232, 35.636817111875622 ], [ 140.083618360687439, 35.636810889221415 ], [ 140.083618054526625, 35.636812778052274 ], [ 140.083701581644476, 35.636799443944597 ], [ 140.08370588938098, 35.636798167421219 ], [ 140.08375130645905, 35.636772472753563 ], [ 140.083834749785552, 35.636725332493171 ], [ 140.083874082320108, 35.636702167566455 ], [ 140.083902304976704, 35.636686360923036 ], [ 140.083957887668362, 35.636557777411802 ], [ 140.083964361089812, 35.636543249410472 ], [ 140.083968304656054, 35.636534777744544 ], [ 140.084038056685415, 35.636524806031218 ], [ 140.084265306435839, 35.636420943639934 ], [ 140.08432638820554, 35.636394777559083 ], [ 140.084391332972871, 35.636368055316595 ], [ 140.084453307443084, 35.636340889204156 ], [ 140.084513166718011, 35.636314528201893 ], [ 140.084573582453629, 35.636285638518054 ], [ 140.084764778275911, 35.636196360273935 ], [ 140.084819166403236, 35.636178860780426 ], [ 140.084826331640727, 35.636176499477017 ], [ 140.084838582370622, 35.63617277796115 ], [ 140.084852471329469, 35.636168861523863 ], [ 140.084869694755668, 35.636164777708409 ], [ 140.084888110597717, 35.636160139850034 ], [ 140.084904666915577, 35.636155056002991 ], [ 140.084926277572663, 35.636148693513853 ], [ 140.084949667185242, 35.636141360655088 ], [ 140.084971388489919, 35.636135194146718 ], [ 140.084990693809715, 35.636128999035755 ], [ 140.085011667437442, 35.636122917275827 ], [ 140.085033611111527, 35.636117305869746 ], [ 140.08506008274307, 35.636112639408772 ], [ 140.085085055797947, 35.636109971951619 ], [ 140.085099943807904, 35.636109138238844 ], [ 140.0851092220922, 35.636107750483134 ], [ 140.085115833017483, 35.636107750483134 ], [ 140.085146306224686, 35.636104971793657 ], [ 140.085182417088021, 35.636104361604893 ], [ 140.085212666851504, 35.636105555498538 ], [ 140.085235750303298, 35.636106138144065 ], [ 140.08525552721818, 35.636107444329397 ], [ 140.085277832914016, 35.6361091106956 ], [ 140.08529605646558, 35.636110166873031 ], [ 140.085318806900318, 35.636111027069695 ], [ 140.085349389680857, 35.636112305711784 ], [ 140.085360527489314, 35.636112278168547 ], [ 140.085368277117993, 35.636112278168547 ] ] ] } },
{ "type": "Feature", "properties": { "P12_001": 10001, "P12_002": "千葉神社", "P12_003": "12", "P12_004": "12101", "P12_005": "‐", "P12_006": "千葉市中央区院内1-16-1", "P12_007": 2 }, "geometry": { "type": "Polygon", "coordinates": [ [ [ 140.124133888867846, 35.611788555308614 ], [ 140.123874389103179, 35.611758611566053 ], [ 140.123876112197792, 35.611748332639635 ], [ 140.12360147197478, 35.611716721471517 ], [ 140.123586333664917, 35.611804750735494 ], [ 140.12365161037502, 35.611812249913079 ], [ 140.123616472780839, 35.612015417348296 ], [ 140.12378419412488, 35.612034750586169 ], [ 140.123809943861431, 35.611886139959211 ], [ 140.123852333707248, 35.611891082911967 ], [ 140.123817193964555, 35.612094417725352 ], [ 140.124046138879123, 35.612120722581771 ], [ 140.124048528007791, 35.612106472131586 ], [ 140.124078333032429, 35.612109917155671 ], [ 140.124133888867846, 35.611788555308614 ] ] ] } },
{ "type": "Feature", "properties": { "P12_001": 10021, "P12_002": "泉自然公園", "P12_003": "12", "P12_004": "12104", "P12_005": "‐", "P12_006": "千葉市若葉区野呂町108", "P12_007": 4 }, "geometry": { "type": "Polygon", "coordinates": [ [ [ 140.223305590580424, 35.579734256664253 ], [ 140.223476162980006, 35.579997427054337 ], [ 140.223710093481856, 35.580163126144875 ], [ 140.223919651433732, 35.58037268573117 ], [ 140.22411459316055, 35.580601741696093 ], [ 140.22418282297977, 35.58075281850266 ], [ 140.224153583009837, 35.580903899546648 ], [ 140.224085352116361, 35.581069596518468 ], [ 140.223753082758321, 35.581961806907678 ], [ 140.223800693451835, 35.581974167467649 ], [ 140.223810667849165, 35.581979639038806 ], [ 140.223821611218625, 35.581989528122399 ], [ 140.223839969051255, 35.582016058621541 ], [ 140.223876079914589, 35.582071362275421 ], [ 140.223882777853987, 35.582088028056148 ], [ 140.223895719325668, 35.582137112233887 ], [ 140.223907775616567, 35.58218791786431 ], [ 140.223914250112273, 35.582202861132991 ], [ 140.223921999740952, 35.582211388944771 ], [ 140.223931971989799, 35.582218111614772 ], [ 140.223943028155361, 35.58222438935546 ], [ 140.223966361907031, 35.582232527324415 ], [ 140.223987222738629, 35.582237777490271 ], [ 140.224005999528174, 35.582237722403789 ], [ 140.224032028569326, 35.582236277442881 ], [ 140.224059583043356, 35.582255028035235 ], [ 140.224450028328903, 35.582353444279896 ], [ 140.224616291917755, 35.58239669458689 ], [ 140.224786986781652, 35.582439388732254 ], [ 140.224800470748846, 35.582440750004075 ], [ 140.224907832218179, 35.582464917081097 ], [ 140.224999999516712, 35.582412194017216 ], [ 140.225044499186595, 35.582386749357461 ], [ 140.225259314510623, 35.582313558485964 ], [ 140.2259171413221, 35.582217532147311 ], [ 140.226277994284231, 35.582181113623932 ], [ 140.226339722751533, 35.582166091962939 ], [ 140.22653814074647, 35.582130120487584 ], [ 140.226671249803871, 35.58213588867828 ], [ 140.226790888859313, 35.582140389879804 ], [ 140.226850692273302, 35.582143577480501 ], [ 140.22705099772287, 35.582151828800491 ], [ 140.227226751222958, 35.582125976288872 ], [ 140.22751400097485, 35.582043198250098 ], [ 140.227644028013316, 35.582003722426748 ], [ 140.227783280697849, 35.581960567461742 ], [ 140.228183780949394, 35.581821068351438 ], [ 140.228225055725261, 35.581799389700485 ], [ 140.228283862236623, 35.581750055514853 ], [ 140.228346139644913, 35.581692722135834 ], [ 140.228340943504918, 35.581690194513612 ], [ 140.228376999581599, 35.581662778393273 ], [ 140.228388379095946, 35.581652141404696 ], [ 140.228480740833476, 35.581586113895092 ], [ 140.228507417646483, 35.581574361405174 ], [ 140.228525027802135, 35.581566667306177 ], [ 140.228588915508936, 35.581543999217189 ], [ 140.228690722039289, 35.581487610783277 ], [ 140.228752517109996, 35.581411313881461 ], [ 140.228830351785064, 35.581259619470636 ], [ 140.228883167212558, 35.581179693216875 ], [ 140.228973443833752, 35.581115944380947 ], [ 140.228986638828076, 35.581105528797671 ], [ 140.228989358825288, 35.581101459813198 ], [ 140.229007849864701, 35.581058999785405 ], [ 140.229029685039734, 35.581006679276612 ], [ 140.229032421150663, 35.580998545545086 ], [ 140.229048767990065, 35.580960622736896 ], [ 140.229078234626428, 35.580887078040661 ], [ 140.229092417929365, 35.580850084287249 ], [ 140.229149639924231, 35.580706583991216 ], [ 140.229164272263034, 35.580665505362994 ], [ 140.229180609434223, 35.580623088768775 ], [ 140.229193236151104, 35.580588376867105 ], [ 140.229224291600985, 35.580508961222691 ], [ 140.229240528867081, 35.580464699231193 ], [ 140.229254696056273, 35.580431753275143 ], [ 140.229261305907301, 35.580419139529205 ], [ 140.229273249402127, 35.580399693999645 ], [ 140.229282443895045, 35.580385971108498 ], [ 140.22929197140499, 35.5803730565056 ], [ 140.229302943779174, 35.580360389791885 ], [ 140.22931338977159, 35.580349999633142 ], [ 140.229327111147683, 35.58033825032129 ], [ 140.229344134763664, 35.580325056048537 ], [ 140.229406673214328, 35.580288807022036 ], [ 140.229415138292495, 35.580282545171677 ], [ 140.229435913184261, 35.580269466368676 ], [ 140.229446153995212, 35.580261961894308 ], [ 140.229472304426423, 35.580238638064266 ], [ 140.229485900115463, 35.580223065538419 ], [ 140.229488942387206, 35.580218277251561 ], [ 140.229504482466012, 35.580186467983957 ], [ 140.229530148411158, 35.580123924694597 ], [ 140.229539443883425, 35.580097333812191 ], [ 140.229541056330447, 35.580091193787709 ], [ 140.229542126281927, 35.580077027026611 ], [ 140.229541350674509, 35.580042782300715 ], [ 140.229537835733424, 35.580005394467058 ], [ 140.22953451200857, 35.579991413093168 ], [ 140.229531151759261, 35.579981078020907 ], [ 140.229517444348403, 35.579953722283832 ], [ 140.229515499958609, 35.579944610767178 ], [ 140.229516249784069, 35.579935693112574 ], [ 140.229519278090606, 35.57992477857286 ], [ 140.229524750312464, 35.579913500674209 ], [ 140.229553279129874, 35.579881388430934 ], [ 140.229580228801979, 35.579858815683941 ], [ 140.229605971018799, 35.579835698428219 ], [ 140.229635327007543, 35.5798054442945 ], [ 140.229641612435529, 35.579798145335104 ], [ 140.229645057550471, 35.579793471458636 ], [ 140.229648749742552, 35.579783722209967 ], [ 140.229652458048378, 35.579759381398645 ], [ 140.229680875143941, 35.579592075265822 ], [ 140.229687860981954, 35.579547888488563 ], [ 140.229709331986726, 35.579425221477791 ], [ 140.229715221016988, 35.57938824997084 ], [ 140.229717917380725, 35.579376083272926 ], [ 140.229728110924754, 35.579321056110835 ], [ 140.229739499033087, 35.579267843624713 ], [ 140.229763297934369, 35.579141026059098 ], [ 140.229776757193832, 35.579074989015297 ], [ 140.229770031323966, 35.578864831952494 ], [ 140.229771083013247, 35.578857166456096 ], [ 140.229778753147542, 35.578845423500375 ], [ 140.229794698218029, 35.578837700798779 ], [ 140.229806388190184, 35.578835409412832 ], [ 140.229950034551109, 35.578811090847978 ], [ 140.230010228991574, 35.578800070372708 ], [ 140.230012971547978, 35.5787973329981 ], [ 140.230017806740477, 35.578770278117986 ], [ 140.230038755660473, 35.578668539734473 ], [ 140.230064173454252, 35.578540734849533 ], [ 140.230067294146124, 35.578520851806154 ], [ 140.230085569261604, 35.578436063110644 ], [ 140.230095192379679, 35.578387099699434 ], [ 140.230096638318173, 35.578378083524775 ], [ 140.230098472060348, 35.578372305799874 ], [ 140.230104089305769, 35.578359878500507 ], [ 140.230142893310074, 35.578288990667872 ], [ 140.230148332230243, 35.578279944831252 ], [ 140.230156556676747, 35.578267750590093 ], [ 140.230164222514048, 35.578257360431351 ], [ 140.230197715433775, 35.578215372876109 ], [ 140.230252445172113, 35.578147977738553 ], [ 140.230267608189678, 35.578115028604437 ], [ 140.23027066550091, 35.57810567873279 ], [ 140.23028016400616, 35.578063457059983 ], [ 140.230281274779088, 35.578051888897924 ], [ 140.230287726715602, 35.578017166402702 ], [ 140.230291247027935, 35.577956331853756 ], [ 140.230295345285953, 35.577897274903343 ], [ 140.230297416437054, 35.577882667450353 ], [ 140.230306249982476, 35.577859193191827 ], [ 140.230313361507541, 35.577850777671742 ], [ 140.23032216819675, 35.577845361187066 ], [ 140.230329333434241, 35.577841721241569 ], [ 140.230344778979173, 35.577842111084394 ], [ 140.230420949643303, 35.577846781782796 ], [ 140.230523061260243, 35.577857263046113 ], [ 140.230596442101017, 35.577866092774201 ], [ 140.230694166487069, 35.577880634547149 ], [ 140.230750473222201, 35.577888552170158 ], [ 140.230778081408658, 35.577891647606926 ], [ 140.230872998783354, 35.577898092725789 ], [ 140.230911638427642, 35.577899308865902 ], [ 140.230963471992027, 35.57789778021592 ], [ 140.23100375093955, 35.577895388191202 ], [ 140.231116221534734, 35.577882832709811 ], [ 140.231161416243395, 35.577877278508929 ], [ 140.231231999741084, 35.577866694488129 ], [ 140.231276639063253, 35.577858889156801 ], [ 140.231293721762881, 35.577855221668059 ], [ 140.231295962645277, 35.57785291968856 ], [ 140.231226379272925, 35.577728780173651 ], [ 140.231211888734919, 35.577704500804941 ], [ 140.231186871635828, 35.577659951728101 ], [ 140.231143453734205, 35.577580783972877 ], [ 140.231125559976959, 35.577545707652916 ], [ 140.231077114592352, 35.577455289542279 ], [ 140.231070999969887, 35.577440861120373 ], [ 140.231068861141125, 35.577430416934497 ], [ 140.231068666702157, 35.577417000197087 ], [ 140.231069721614176, 35.577404805955929 ], [ 140.231076195035627, 35.577373693744249 ], [ 140.231087583143989, 35.577337609977207 ], [ 140.231098531884697, 35.577311904715998 ], [ 140.231120921371939, 35.577267210507451 ], [ 140.231125249519124, 35.577255444245914 ], [ 140.231128221964724, 35.577073556084635 ], [ 140.231371915236963, 35.577024968744624 ], [ 140.231668748359738, 35.576967024117486 ], [ 140.231674665320469, 35.576902119524711 ], [ 140.231687498293041, 35.57681598015094 ], [ 140.231689948653894, 35.576778111369883 ], [ 140.231688337281128, 35.576675362361222 ], [ 140.231685000665294, 35.576658693402436 ], [ 140.231676056472281, 35.576632582408067 ], [ 140.231667139135482, 35.57661458289877 ], [ 140.231647444937721, 35.576583277884389 ], [ 140.23163766712787, 35.576570055009036 ], [ 140.231622139940072, 35.576551194243713 ], [ 140.231597722271658, 35.576523778123374 ], [ 140.23155113963395, 35.576473000036195 ], [ 140.231510471808491, 35.576419499405375 ], [ 140.231489916063452, 35.576388389312406 ], [ 140.231465555330203, 35.576346721682526 ], [ 140.23142874942809, 35.576243638976891 ], [ 140.231412973014642, 35.576202056095447 ], [ 140.231395777518884, 35.576137833727614 ], [ 140.231369998777637, 35.57608049928924 ], [ 140.23133311123263, 35.576029333477948 ], [ 140.231288611562775, 35.57597594407946 ], [ 140.231214940674903, 35.575899615396978 ], [ 140.231061496093417, 35.575746782178989 ], [ 140.231029334167573, 35.575709444135036 ], [ 140.230996176413356, 35.575673768219865 ], [ 140.230868649151176, 35.575542853067169 ], [ 140.230840797110318, 35.575508150699704 ], [ 140.230758657921513, 35.57540881705318 ], [ 140.230726444431752, 35.575367917456035 ], [ 140.230701463857116, 35.575334202407895 ], [ 140.230599960264868, 35.575199578451596 ], [ 140.230450498996817, 35.57499999905346 ], [ 140.230405487984655, 35.574940520479558 ], [ 140.230218444132817, 35.574714915894859 ], [ 140.230175694413759, 35.574662693906127 ], [ 140.230114222691867, 35.574589443710728 ], [ 140.230057498074075, 35.574519224331411 ], [ 140.229941470642075, 35.574372780086449 ], [ 140.229926499914967, 35.574354806001679 ], [ 140.229896499377134, 35.574316139525926 ], [ 140.229766102797186, 35.574151572886421 ], [ 140.229608463275326, 35.573954239321949 ], [ 140.229567582748643, 35.573906639301271 ], [ 140.229540749095349, 35.573876083251228 ], [ 140.229516333575447, 35.573850027343347 ], [ 140.229424838756472, 35.573760299932502 ], [ 140.229254871158787, 35.573596933542781 ], [ 140.229172789979401, 35.573522962985635 ], [ 140.229135568343139, 35.57349029669944 ], [ 140.229107332795564, 35.573466472853596 ], [ 140.229087944758618, 35.57345122131246 ], [ 140.229055277935998, 35.573426971605713 ], [ 140.229034254892838, 35.573412519877984 ], [ 140.228994754775499, 35.573388602808862 ], [ 140.228900167195064, 35.573336721932598 ], [ 140.228863888748975, 35.573320332643661 ], [ 140.228860583286348, 35.573319917376303 ], [ 140.228825698140554, 35.57330766275188 ], [ 140.228819250501061, 35.573303194390384 ], [ 140.228815917107966, 35.57330230559112 ], [ 140.228621943279052, 35.573273557860915 ], [ 140.228365251599996, 35.573171472008802 ], [ 140.228294306080556, 35.573102586358061 ], [ 140.228181165154297, 35.573070225166241 ], [ 140.228170643964489, 35.573062920910068 ], [ 140.227929601937547, 35.572975440392234 ], [ 140.22774140219434, 35.572908131062476 ], [ 140.227697846788914, 35.572893286313857 ], [ 140.227634330772105, 35.572874953107572 ], [ 140.227572371341353, 35.572862140202801 ], [ 140.22753261018164, 35.572856111410651 ], [ 140.227491860713286, 35.572851194941776 ], [ 140.22745875022602, 35.572848861181612 ], [ 140.227421250359384, 35.572847334650334 ], [ 140.227360554244882, 35.572847722374448 ], [ 140.227334083687595, 35.572849806126712 ], [ 140.227310272969589, 35.572852744778871 ], [ 140.227243688899051, 35.572862327708727 ], [ 140.227195832202625, 35.572870278171749 ], [ 140.227126971799521, 35.572886361306956 ], [ 140.22707308319778, 35.572902416898913 ], [ 140.227028278441338, 35.5729180551048 ], [ 140.226951791948125, 35.572954830630984 ], [ 140.226880820646727, 35.572995635945489 ], [ 140.226860472231664, 35.573010083435797 ], [ 140.22684463995725, 35.573020693940485 ], [ 140.226817056478524, 35.573043138505462 ], [ 140.226761027973765, 35.573092444088502 ], [ 140.226685201069131, 35.573161169776562 ], [ 140.226552284302244, 35.573278336613576 ], [ 140.226489684619395, 35.573334430546652 ], [ 140.226374804484806, 35.573415503023071 ], [ 140.226228347889815, 35.573482158730485 ], [ 140.226174499035238, 35.573495639029225 ], [ 140.226132167198841, 35.573503088417098 ], [ 140.226068557722414, 35.573510266609965 ], [ 140.225956279417687, 35.573517012585789 ], [ 140.225832610856116, 35.573518135502624 ], [ 140.225766611176795, 35.573517107927785 ], [ 140.225682194581168, 35.573514832432174 ], [ 140.225565170246568, 35.573504631898061 ], [ 140.22545280922472, 35.573493270310323 ], [ 140.22543679969931, 35.573492529820832 ], [ 140.225004109591481, 35.573453111202674 ], [ 140.224576943269454, 35.573412778360726 ], [ 140.224445994525809, 35.573564391201174 ], [ 140.224343649796964, 35.573803191117982 ], [ 140.223963516222739, 35.574553713768424 ], [ 140.223802689405545, 35.574963087929774 ], [ 140.223812437136445, 35.57574772394603 ], [ 140.223802689405545, 35.576064501961838 ], [ 140.22366623084136, 35.576391027107604 ], [ 140.223383568130544, 35.576897871509154 ], [ 140.223227615178786, 35.577131801568733 ], [ 140.223052168913767, 35.577550923919397 ], [ 140.222886469305394, 35.57798466643532 ], [ 140.222862102126669, 35.578462270506357 ], [ 140.222905963692938, 35.578949618529293 ], [ 140.223100903271217, 35.579363869963366 ], [ 140.223305590580424, 35.579734256664253 ] ] ] } },
{ "type": "Feature", "properties": { "P12_001": 10045, "P12_002": "満願寺", "P12_003": "12", "P12_004": "12202", "P12_005": "‐", "P12_006": "銚子市天王台9822-1", "P12_007": 2 }, "geometry": { "type": "Polygon", "coordinates": [ [ [ 140.857094388094794, 35.70602816696627 ], [ 140.857125360827553, 35.705934639647239 ], [ 140.857108278127896, 35.705928778233258 ], [ 140.857105055382391, 35.705911278739755 ], [ 140.857047638948586, 35.705900528400143 ], [ 140.857040860440549, 35.705918833003828 ], [ 140.857004944016182, 35.705912888960114 ], [ 140.856982805903101, 35.705978250135111 ], [ 140.856929528548733, 35.705966471161304 ], [ 140.856949555763521, 35.705904111140441 ], [ 140.856954194368541, 35.705895582269314 ], [ 140.856973860635833, 35.705899417136223 ], [ 140.856997111670381, 35.705828028228431 ], [ 140.857017222676546, 35.705760916998152 ], [ 140.85701700030711, 35.705755194359739 ], [ 140.856997334039818, 35.705750110512696 ], [ 140.857018556893195, 35.705685221810256 ], [ 140.857023499510518, 35.705676193982683 ], [ 140.857108223341243, 35.70569322206299 ], [ 140.857097500192708, 35.705717277907688 ], [ 140.857063749453317, 35.705712332836214 ], [ 140.857053443113216, 35.705744388933638 ], [ 140.857088472208318, 35.705753583080025 ], [ 140.857082388739059, 35.705768111081355 ], [ 140.85715149944204, 35.705784250362399 ], [ 140.857150417673807, 35.7057962507415 ], [ 140.857243111354137, 35.70581369302981 ], [ 140.857286249951159, 35.705822332073907 ], [ 140.857291333295052, 35.705813027754552 ], [ 140.857380056552898, 35.705831027263855 ], [ 140.857390082514172, 35.705813444081265 ], [ 140.85742938926677, 35.705820610621224 ], [ 140.857450276954609, 35.705755249446227 ], [ 140.857453639352428, 35.705743972606932 ], [ 140.857406055515099, 35.705734139669175 ], [ 140.857405277759199, 35.70571941674644 ], [ 140.857293221823909, 35.705697888523972 ], [ 140.857138972630281, 35.705666722285159 ], [ 140.857130220727754, 35.705665055918956 ], [ 140.857119582444881, 35.705671888761934 ], [ 140.857046472314693, 35.7056542780361 ], [ 140.8570573608975, 35.705619222903252 ], [ 140.857060860799123, 35.705605943882055 ], [ 140.857134251308139, 35.705620306623928 ], [ 140.857141639989322, 35.705600527397387 ], [ 140.857073611054545, 35.705586360636282 ], [ 140.857067917537506, 35.70559441703486 ], [ 140.85702280662025, 35.705587528046046 ], [ 140.85701180524137, 35.705613861505064 ], [ 140.85686613929326, 35.705583610549404 ], [ 140.856720472270894, 35.705553389255705 ], [ 140.856645722837527, 35.705539027573188 ], [ 140.856631832804425, 35.705585167801992 ], [ 140.856653971991761, 35.705591749577714 ], [ 140.85664036126326, 35.705623333202588 ], [ 140.856558388582982, 35.705606777594838 ], [ 140.856544640350677, 35.705644750192732 ], [ 140.856464528268788, 35.705628555825207 ], [ 140.856457443599936, 35.705650361598813 ], [ 140.856439972022315, 35.705648639086775 ], [ 140.856410333506204, 35.705737638720393 ], [ 140.856422778675096, 35.705740528642202 ], [ 140.85640966747215, 35.705775111302493 ], [ 140.85649530656255, 35.705792000607232 ], [ 140.856482055707318, 35.70583333242142 ], [ 140.85655897082566, 35.705848777824613 ], [ 140.856548832068313, 35.705882194134503 ], [ 140.856533194232895, 35.705880082838995 ], [ 140.856513333526635, 35.705942056195099 ], [ 140.856923526722369, 35.706026250592174 ], [ 140.856935556157083, 35.705996556857507 ], [ 140.857094388094794, 35.70602816696627 ] ] ] } },
{ "type": "Feature", "properties": { "P12_001": 10052, "P12_002": "飯沼観音", "P12_003": "12", "P12_004": "12202", "P12_005": "‐", "P12_006": "銚子市馬場町173-2", "P12_007": 2 }, "geometry": { "type": "Polygon", "coordinates": [ [ [ 140.840514332543705, 35.73205780600594 ], [ 140.84075883257654, 35.732055749796913 ], [ 140.84075461185418, 35.731824054977437 ], [ 140.840510082816621, 35.731828277568461 ], [ 140.840516028782076, 35.73187994445491 ], [ 140.840475029013817, 35.731879221974459 ], [ 140.84047527716524, 35.732002082847281 ], [ 140.84050830600961, 35.732000722634822 ], [ 140.840514332543705, 35.73205780600594 ] ] ] } },
{ "type": "Feature", "properties": { "P12_001": 10056, "P12_002": "猿田神社", "P12_003": "12", "P12_004": "12202", "P12_005": "‐", "P12_006": "銚子市猿田町1677-1", "P12_007": 2 }, "geometry": { "type": "Polygon", "coordinates": [ [ [ 140.733633167229272, 35.747459777739145 ], [ 140.733650499154578, 35.747440778198253 ], [ 140.73368180597862, 35.747459417558275 ], [ 140.73372358350278, 35.747414889668548 ], [ 140.733750056208578, 35.747429639075172 ], [ 140.733798055780056, 35.74736944437695 ], [ 140.733751472068093, 35.747341194543836 ], [ 140.733741222663156, 35.747352971398925 ], [ 140.733709888982901, 35.747332416724163 ], [ 140.733719360631937, 35.747323222577776 ], [ 140.733658305718421, 35.747284666275 ], [ 140.733647278557584, 35.747297110524059 ], [ 140.733587056186678, 35.747262443115318 ], [ 140.733532778706945, 35.747327221644788 ], [ 140.733548027664426, 35.74733686072048 ], [ 140.733536249603873, 35.747353222466181 ], [ 140.733557168444889, 35.747368667869374 ], [ 140.733531193116164, 35.747399416722111 ], [ 140.733545667540454, 35.747411000774505 ], [ 140.733540999930739, 35.747420139834404 ], [ 140.733596389257627, 35.747452249958968 ], [ 140.733606667667289, 35.747444361997914 ], [ 140.733633167229272, 35.747459777739145 ] ] ] } },
{ "type": "Feature", "properties": { "P12_001": 10067, "P12_002": "中山法華経寺（初詣除く）", "P12_003": "12", "P12_004": "12203", "P12_005": "‐", "P12_006": "市川市中山2-10-1", "P12_007": 2 }, "geometry": { "type": "Polygon", "coordinates": [ [ [ 139.949999999938598, 35.721361722343225 ], [ 139.949853333865121, 35.721320499642651 ], [ 139.949829110635704, 35.721377750391937 ], [ 139.949758222051429, 35.721346722928701 ], [ 139.949632000001202, 35.721290138514021 ], [ 139.949506722215375, 35.721475861542217 ], [ 139.94945063999819, 35.721451860784008 ], [ 139.949454833864309, 35.721445444267744 ], [ 139.949190805067985, 35.72132924991908 ], [ 139.949214972436494, 35.721292805971174 ], [ 139.94894630503515, 35.721174611559327 ], [ 139.948991750043689, 35.721106972770009 ], [ 139.949000388075888, 35.721110834120807 ], [ 139.949018583696954, 35.721083610803163 ], [ 139.949053529000679, 35.721099082690245 ], [ 139.94905861019609, 35.721091416134492 ], [ 139.949092556448676, 35.721106527840696 ], [ 139.949122000525819, 35.721062499966763 ], [ 139.949519416609888, 35.721239500261767 ], [ 139.949601361359726, 35.72111702711306 ], [ 139.949289443639515, 35.720978055561787 ], [ 139.949321999814543, 35.720929638778017 ], [ 139.949662444203682, 35.721081278102353 ], [ 139.949676777901402, 35.721059889714809 ], [ 139.949686277480907, 35.721064111246477 ], [ 139.9496628878683, 35.721099027603756 ], [ 139.949767973005066, 35.721145889253656 ], [ 139.949801942891156, 35.721095193796202 ], [ 139.949842971664111, 35.721113555605086 ], [ 139.949843221964016, 35.721121667090145 ], [ 139.949845443509901, 35.721128499933123 ], [ 139.949851638701006, 35.7211350827682 ], [ 139.949860250951218, 35.721139389048304 ], [ 139.949867443044923, 35.721142193162315 ], [ 139.949878833301767, 35.721143444261159 ], [ 139.949891666274368, 35.72114172174912 ], [ 139.949902916878898, 35.721136111402387 ], [ 139.949908776904465, 35.721131777579039 ], [ 139.949913638953177, 35.721124667184924 ], [ 139.949915278256384, 35.721114999506632 ], [ 139.949915250325915, 35.721107082942979 ], [ 139.949912471245057, 35.721100333789089 ], [ 139.949910610646668, 35.721096999997329 ], [ 139.949903194035016, 35.72109158351266 ], [ 139.949895889145211, 35.7210882497209 ], [ 139.949885833105014, 35.72108566701219 ], [ 139.94987422155296, 35.721086194571228 ], [ 139.949863832495737, 35.721088749736694 ], [ 139.949857306436087, 35.721092249847267 ], [ 139.949816611754414, 35.721074194192127 ], [ 139.949838667150374, 35.721041249295432 ], [ 139.949732055506473, 35.720993777456762 ], [ 139.949710972305411, 35.721025249849312 ], [ 139.94970258349889, 35.721021471128246 ], [ 139.949716250088301, 35.721001082772297 ], [ 139.949687056311063, 35.720988139566792 ], [ 139.949801332717982, 35.720817667020377 ], [ 139.949288222218968, 35.720589027382168 ], [ 139.949185443493718, 35.720742360615951 ], [ 139.949177499426071, 35.720749055742708 ], [ 139.949111306382008, 35.720844749443735 ], [ 139.949108444583999, 35.720859361134146 ], [ 139.949008750026195, 35.721008082993436 ], [ 139.949095916697985, 35.721046832098914 ], [ 139.949085083976115, 35.721062999982557 ], [ 139.949034555623655, 35.721040416642012 ], [ 139.949036527943917, 35.721037527779558 ], [ 139.948878918500981, 35.72096727767893 ], [ 139.948955249228163, 35.720853360944595 ], [ 139.948846972499098, 35.720805167684837 ], [ 139.948865722432402, 35.720777111713772 ], [ 139.94878311164851, 35.720740333009523 ], [ 139.948765332835848, 35.720766749098274 ], [ 139.948603306083072, 35.720694527537056 ], [ 139.948551917257589, 35.720771193094592 ], [ 139.948545832714075, 35.720780111808551 ], [ 139.948646944205649, 35.720825167257317 ], [ 139.948584612010677, 35.72091825070639 ], [ 139.9486443337818, 35.720944888200442 ], [ 139.948630777839981, 35.720965082694335 ], [ 139.94872091695737, 35.721005194130989 ], [ 139.948729860076128, 35.720991943712392 ], [ 139.948787472023184, 35.721017668042002 ], [ 139.948790222099348, 35.721013610710436 ], [ 139.948799749609293, 35.72101783330146 ], [ 139.948751999263465, 35.721089167122763 ], [ 139.948720806309751, 35.721075417747727 ], [ 139.948585917222601, 35.72127936169052 ], [ 139.948982972359204, 35.721454000682122 ], [ 139.949055222016312, 35.721344779011361 ], [ 139.949179861698525, 35.721399638795283 ], [ 139.949114027453447, 35.721499222449701 ], [ 139.949350499627258, 35.721603193954607 ], [ 139.949435417896922, 35.721474861510622 ], [ 139.94949127774467, 35.721498667347419 ], [ 139.949441750591831, 35.721572110345527 ], [ 139.949567834064027, 35.721628667216962 ], [ 139.949736139799285, 35.721379360612303 ], [ 139.949814028186779, 35.721413360627075 ], [ 139.949801778531111, 35.721442416629728 ], [ 139.949852223092194, 35.721456610934069 ], [ 139.949850221767235, 35.721461388627375 ], [ 139.949914805587042, 35.721479527971603 ], [ 139.949916471746462, 35.721475556447835 ], [ 139.949964889200629, 35.721489222133783 ], [ 139.949999999938598, 35.721406361465284 ], [ 139.950016888199258, 35.721366471433932 ], [ 139.949999999938598, 35.721361722343225 ] ] ] } },
{ "type": "Feature", "properties": { "P12_001": 10071, "P12_002": "里見公園", "P12_003": "12", "P12_004": "12203", "P12_005": "‐", "P12_006": "市川市国府台3-9", "P12_007": 4 }, "geometry": { "type": "Polygon", "coordinates": [ [ [ 139.901010444013934, 35.746775805919931 ], [ 139.900908361401719, 35.74673252701033 ], [ 139.900391028031834, 35.746632750553211 ], [ 139.900359416121233, 35.746626000339965 ], [ 139.900322805732344, 35.74661836132745 ], [ 139.900180472103102, 35.746581750001369 ], [ 139.900041472941183, 35.746545248848264 ], [ 139.899653500575653, 35.746444139721923 ], [ 139.899523889271393, 35.746404110915002 ], [ 139.899457195627519, 35.746377194810457 ], [ 139.899423110796874, 35.746363499462554 ], [ 139.899313917733821, 35.74626008305993 ], [ 139.899260279431985, 35.746259056544453 ], [ 139.898932221128064, 35.746515751094364 ], [ 139.898897194181473, 35.746535139418725 ], [ 139.898822166517732, 35.74659197278195 ], [ 139.898801166033792, 35.746608028373906 ], [ 139.8988032500759, 35.746609638594265 ], [ 139.89875983432276, 35.746642389628903 ], [ 139.898713971431562, 35.746675583474143 ], [ 139.898629667632008, 35.746739360912663 ], [ 139.89861605582928, 35.746727389136154 ], [ 139.89861308338368, 35.746726471734291 ], [ 139.898604999663718, 35.746725776797085 ], [ 139.898601250536444, 35.746726666655704 ], [ 139.898427500509797, 35.746805000698153 ], [ 139.898393888348494, 35.746821332781899 ], [ 139.898293000300612, 35.746873666002955 ], [ 139.898269332457659, 35.746887638901995 ], [ 139.898179500575338, 35.746946917257709 ], [ 139.898021777262073, 35.747043527301244 ], [ 139.898013167160343, 35.747049749955451 ], [ 139.897943778226988, 35.747117139796231 ], [ 139.897932972361332, 35.747128943135209 ], [ 139.897887917304985, 35.747197388094065 ], [ 139.897819999017827, 35.747317748887909 ], [ 139.897786889604816, 35.747397082961946 ], [ 139.897756887992699, 35.747473000614498 ], [ 139.897749833402798, 35.747513555921103 ], [ 139.897768944283627, 35.747606750602507 ], [ 139.897768139671484, 35.747706277051734 ], [ 139.897767805580202, 35.74772491747111 ], [ 139.897763860939705, 35.747769915714684 ], [ 139.89775791712276, 35.747802360595585 ], [ 139.897735556640242, 35.747894667537075 ], [ 139.897704778346451, 35.747985277391059 ], [ 139.897697389665268, 35.748005194333814 ], [ 139.897686556943398, 35.748028556300653 ], [ 139.897656971065459, 35.748084722269908 ], [ 139.897588331957564, 35.748246361910162 ], [ 139.897579278191216, 35.748267472746569 ], [ 139.897575859932488, 35.748275750550448 ], [ 139.897466862382686, 35.748566221591126 ], [ 139.897353972830558, 35.748853999750118 ], [ 139.897244167445876, 35.749136833896998 ], [ 139.897100471669518, 35.749465637716447 ], [ 139.897028111364818, 35.749547694334119 ], [ 139.896921027051576, 35.749741806398518 ], [ 139.896484582445254, 35.750545250212312 ], [ 139.896467471815157, 35.750592943456283 ], [ 139.896472360720082, 35.750594832287135 ], [ 139.896440778888433, 35.750654416796593 ], [ 139.896381054968799, 35.750769193727592 ], [ 139.896341417347656, 35.750860973110044 ], [ 139.896325777363757, 35.750926249536604 ], [ 139.896307056435148, 35.751021694289086 ], [ 139.896276998962122, 35.751195139387036 ], [ 139.896270055019812, 35.751230306811564 ], [ 139.89625749920333, 35.751293583174935 ], [ 139.896227332156968, 35.75145522175584 ], [ 139.896213222977167, 35.751506583547901 ], [ 139.896204500079335, 35.751527167884618 ], [ 139.896207499381148, 35.751528415805403 ], [ 139.896441194622582, 35.751181527728214 ], [ 139.896490805566827, 35.7511234729281 ], [ 139.896527805907908, 35.751095583275855 ], [ 139.896548277861569, 35.751092055622038 ], [ 139.896662668138845, 35.75104766650788 ], [ 139.896740156905878, 35.751006878143059 ], [ 139.896619266350939, 35.750915002359257 ], [ 139.896744992098377, 35.75073126032585 ], [ 139.896981929421798, 35.750257376711325 ], [ 139.897257556879168, 35.749817343742443 ], [ 139.897562111700182, 35.749180555617194 ], [ 139.897658100100642, 35.748806391254597 ], [ 139.89766953977292, 35.748784490138988 ], [ 139.897674916386649, 35.74878858348864 ], [ 139.897695361484125, 35.748800917564729 ], [ 139.897712277675254, 35.748806056498253 ], [ 139.897736056165797, 35.748809277998333 ], [ 139.897766694807245, 35.748811889309643 ], [ 139.897829500745814, 35.74880994433294 ], [ 139.89789472159498, 35.748803693076134 ], [ 139.897921805548179, 35.748801972682806 ], [ 139.897948359896844, 35.748801582839981 ], [ 139.897967360130053, 35.748801221599756 ], [ 139.898338305656864, 35.748911611739629 ], [ 139.898485082377903, 35.748960499936601 ], [ 139.898507861817336, 35.748969027748373 ], [ 139.898519694664571, 35.74895822232228 ], [ 139.898693711104841, 35.748726931117254 ], [ 139.899058795531829, 35.748627801926339 ], [ 139.899233693930114, 35.748874167760128 ], [ 139.899258000950908, 35.748858028479084 ], [ 139.899288278644889, 35.748838194166062 ], [ 139.899319556464206, 35.748812027025856 ], [ 139.8993440826317, 35.748784333354372 ], [ 139.899388055919815, 35.748738445252179 ], [ 139.899400417297301, 35.748725361152403 ], [ 139.899413360917492, 35.748715888395516 ], [ 139.899425499925542, 35.748706331949556 ], [ 139.899442305469051, 35.74869577865006 ], [ 139.899462305827626, 35.748687749794726 ], [ 139.899472232958033, 35.748318329226059 ], [ 139.899329583499707, 35.748315911776807 ], [ 139.899316556088138, 35.748248943559517 ], [ 139.89930394333652, 35.748127528706952 ], [ 139.899263027359638, 35.748127750112253 ], [ 139.899170890140056, 35.747941389352043 ], [ 139.899155639034092, 35.747947083387857 ], [ 139.899144887955117, 35.747927971555285 ], [ 139.898952410554358, 35.747498706935062 ], [ 139.899010120258026, 35.747478436167569 ], [ 139.899053972156054, 35.747494917620436 ], [ 139.899156693946111, 35.747499640227261 ], [ 139.899636641319717, 35.747505960342167 ], [ 139.900122608781885, 35.747571239946794 ], [ 139.900705417597834, 35.747712417076208 ], [ 139.900810278216682, 35.747513055905308 ], [ 139.900860722777736, 35.747403694399623 ], [ 139.900895250198772, 35.747327139015063 ], [ 139.900914221427286, 35.747274417010537 ], [ 139.900940389046497, 35.747203805669685 ], [ 139.900948638200731, 35.747177777305048 ], [ 139.900993861914088, 35.747022527697169 ], [ 139.901021195092909, 35.746928944232295 ], [ 139.901041916272248, 35.746853860292525 ], [ 139.901038611883848, 35.746853221501155 ], [ 139.901037472106196, 35.746813388675001 ], [ 139.901034806895666, 35.74680066793416 ], [ 139.90102980734315, 35.746791027799105 ], [ 139.901021055440623, 35.746782388755008 ], [ 139.901010444013934, 35.746775805919931 ] ] ] } },
{ "type": "Feature", "properties": { "P12_001": 10074, "P12_002": "葛飾八幡宮（初詣除く）", "P12_003": "12", "P12_004": "12203", "P12_005": "‐", "P12_006": "市川市八幡4-2-1", "P12_007": 2 }, "geometry": { "type": "Polygon", "coordinates": [ [ [ 139.930586277728963, 35.724105972172417 ], [ 139.930685306252684, 35.72426002788665 ], [ 139.930812472567368, 35.724205667059167 ], [ 139.930842139013947, 35.724251777626016 ], [ 139.930874167732981, 35.724238055794224 ], [ 139.930921693560862, 35.724311916178401 ], [ 139.931082445180635, 35.724243194727755 ], [ 139.931094612119153, 35.724251028661676 ], [ 139.931126082228957, 35.724237583321674 ], [ 139.931139944331619, 35.724259110484788 ], [ 139.931125693351021, 35.724265166820182 ], [ 139.93117241671527, 35.72433786085395 ], [ 139.931288083199746, 35.724288361408853 ], [ 139.931241028966951, 35.724215028583721 ], [ 139.931204333712458, 35.724230750478696 ], [ 139.931178749410179, 35.724190944136431 ], [ 139.931214666908772, 35.724175499792594 ], [ 139.931159943615938, 35.724090361509774 ], [ 139.931118860056301, 35.724107972235601 ], [ 139.931107666386936, 35.724090500285342 ], [ 139.93104038942613, 35.724119306280102 ], [ 139.931052027834369, 35.72413741702173 ], [ 139.931007388512199, 35.724156472708458 ], [ 139.930999972974803, 35.724145917290258 ], [ 139.930920528001224, 35.724183028632133 ], [ 139.930934054938348, 35.72420274959412 ], [ 139.930918917702741, 35.724209361031797 ], [ 139.930902860910408, 35.724184306214866 ], [ 139.930950471603921, 35.724161389177333 ], [ 139.930844028617059, 35.723995693264868 ], [ 139.930586277728963, 35.724105972172417 ] ] ] } },
{ "type": "Feature", "properties": { "P12_001": 10084, "P12_002": "ふなばしアンデルセン公園", "P12_003": "12", "P12_004": "12204", "P12_005": "‐", "P12_006": "船橋市金堀町525", "P12_007": 4 }, "geometry": { "type": "Polygon", "coordinates": [ [ [ 140.063321471929754, 35.7636325831458 ], [ 140.063374805145031, 35.76368077746492 ], [ 140.063438389913728, 35.763681193791626 ], [ 140.063551472830596, 35.763623388999413 ], [ 140.06366358355254, 35.763540167090689 ], [ 140.063863389476552, 35.763413667331726 ], [ 140.06244611409403, 35.762222558728837 ], [ 140.063161770924978, 35.761535916274397 ], [ 140.06313063920345, 35.761509692988355 ], [ 140.063002197755793, 35.76138601217437 ], [ 140.06428845134576, 35.760365715111661 ], [ 140.064581250665441, 35.760478471851719 ], [ 140.064760639422445, 35.760716889341197 ], [ 140.064895749804776, 35.760706166544828 ], [ 140.064923833883313, 35.760710360533253 ], [ 140.065038443307287, 35.760686332231799 ], [ 140.065151640094484, 35.76066269377317 ], [ 140.065261055526946, 35.760610639162614 ], [ 140.065402057088079, 35.760571527757556 ], [ 140.065628193917064, 35.760530361202825 ], [ 140.065731778328683, 35.760510222854769 ], [ 140.065807112153237, 35.760486472104461 ], [ 140.065838805706733, 35.760472889048238 ], [ 140.065860778385542, 35.760462110106026 ], [ 140.065906805636786, 35.760430471394663 ], [ 140.065921721577183, 35.760420083354632 ], [ 140.065953470991616, 35.760393527430956 ], [ 140.066004193783044, 35.760343861667046 ], [ 140.066060331861138, 35.76028344344482 ], [ 140.066107249664384, 35.760217194529915 ], [ 140.065745027035433, 35.76024124931525 ], [ 140.06569149938116, 35.760239277854666 ], [ 140.065635306516384, 35.760231000050787 ], [ 140.065560694586821, 35.760212944395647 ], [ 140.06545088920214, 35.760176721853036 ], [ 140.065300222627258, 35.76012194363949 ], [ 140.065200582856136, 35.760078417900061 ], [ 140.065120082970537, 35.76004216675485 ], [ 140.065144999090251, 35.759981444497591 ], [ 140.065282306310792, 35.759740527988491 ], [ 140.065257527694882, 35.75961527826901 ], [ 140.065256638217107, 35.759582027218578 ], [ 140.065290278308908, 35.759438917824731 ], [ 140.064448023440718, 35.759379266575877 ], [ 140.064564085248662, 35.758721634571813 ], [ 140.063447076287105, 35.758552389818419 ], [ 140.063569499794653, 35.758311389620239 ], [ 140.063518166830079, 35.75830211072541 ], [ 140.063307360601442, 35.758131250454881 ], [ 140.063079578023746, 35.757918935484931 ], [ 140.062668553359686, 35.758310613112656 ], [ 140.062305890288826, 35.758088179178962 ], [ 140.061986745024711, 35.758537884063557 ], [ 140.059972417365373, 35.757606138527088 ], [ 140.059963665462817, 35.757646806125379 ], [ 140.05995044361228, 35.757698028082515 ], [ 140.059933443629774, 35.757749611279877 ], [ 140.059913889084328, 35.757793000362447 ], [ 140.059912555941935, 35.757795444295581 ], [ 140.059889250120733, 35.757837055779625 ], [ 140.059846305962708, 35.757892999284223 ], [ 140.059750444323555, 35.758015944905488 ], [ 140.059677167684868, 35.758113444807641 ], [ 140.059642693976258, 35.75815930536659 ], [ 140.059242499885556, 35.758667416757319 ], [ 140.059201833134352, 35.758723749045387 ], [ 140.059153249171686, 35.758783777424796 ], [ 140.059120528636612, 35.758828639011512 ], [ 140.05909400114416, 35.758867610581646 ], [ 140.059064833148881, 35.758917332491393 ], [ 140.059045138951149, 35.758958555191967 ], [ 140.059023722733059, 35.759006999518981 ], [ 140.059010860755762, 35.759040666896126 ], [ 140.058998056787885, 35.759087110100602 ], [ 140.058989665832854, 35.75912597149776 ], [ 140.058982387799261, 35.759175360769881 ], [ 140.058979277849858, 35.759212055785049 ], [ 140.058978193933115, 35.759259832718101 ], [ 140.058978528024397, 35.75929597263098 ], [ 140.058981611117588, 35.759327333791205 ], [ 140.058985582614298, 35.759360777644339 ], [ 140.0589924180575, 35.75939591752563 ], [ 140.059000028033893, 35.759430971599123 ], [ 140.05901052666448, 35.759467083968765 ], [ 140.059022806399071, 35.759506721873507 ], [ 140.059037721265241, 35.759543389345424 ], [ 140.059062084146973, 35.759596167495793 ], [ 140.059076332979089, 35.759626861262049 ], [ 140.059288056615941, 35.760102750236534 ], [ 140.059310999341164, 35.760164166371652 ], [ 140.059325331964658, 35.760227332562046 ], [ 140.059330833191211, 35.760291417213665 ], [ 140.059327694237112, 35.760355583435654 ], [ 140.059315583159503, 35.760419083323036 ], [ 140.059294971553555, 35.760481028076541 ], [ 140.059265944284817, 35.760540666613124 ], [ 140.059228832221891, 35.760597332598181 ], [ 140.059184192899721, 35.760650249524112 ], [ 140.059132582779029, 35.760698832626701 ], [ 140.059126304870802, 35.760704000162832 ], [ 140.058806887821817, 35.761004832759653 ], [ 140.058775694868132, 35.761038777687936 ], [ 140.05874669338138, 35.761076056407987 ], [ 140.058721610753139, 35.761115222899527 ], [ 140.058700471691168, 35.761155833292619 ], [ 140.058683582356252, 35.761197778473644 ], [ 140.058670860031242, 35.761240694024302 ], [ 140.058662471224721, 35.761284333114773 ], [ 140.060241118068404, 35.762222558728837 ], [ 140.060584437146531, 35.762314434512639 ], [ 140.061210068730446, 35.762248999182759 ], [ 140.061382300843945, 35.762295089621851 ], [ 140.061841677433023, 35.762488510986465 ], [ 140.063210555772116, 35.763715527503386 ], [ 140.063321471929754, 35.7636325831458 ] ] ] } },
{ "type": "Feature", "properties": { "P12_001": 10085, "P12_002": "ふなばし三番瀬海浜公園", "P12_003": "12", "P12_004": "12204", "P12_005": "‐", "P12_006": "船橋市潮見町40", "P12_007": 4 }, "geometry": { "type": "Polygon", "coordinates": [ [ [ 139.963940942754249, 35.673180110195446 ], [ 139.964826889457441, 35.673244499941447 ], [ 139.965370443084709, 35.673281222499853 ], [ 139.965744749935055, 35.67330649978144 ], [ 139.965813722060005, 35.673261444332674 ], [ 139.965855082775732, 35.673228583125059 ], [ 139.966699583897537, 35.673284972618326 ], [ 139.96676097182808, 35.673338721138329 ], [ 139.966785889022049, 35.673360777979198 ], [ 139.966802805213177, 35.673377888689231 ], [ 139.969015583094915, 35.673527110564315 ], [ 139.969135332797947, 35.67332849941711 ], [ 139.969146222454981, 35.673295028020732 ], [ 139.969150943777151, 35.673274833526833 ], [ 139.969164528723695, 35.673217416458733 ], [ 139.969167805181598, 35.673197221964841 ], [ 139.969169638923802, 35.673159166737214 ], [ 139.969164194632384, 35.673088417680148 ], [ 139.969160195205234, 35.673072832442031 ], [ 139.969143889187251, 35.673028221922571 ], [ 139.969131666387824, 35.672993361711129 ], [ 139.969114693261531, 35.672767055833084 ], [ 139.969131582596447, 35.672753140139235 ], [ 139.969152416571831, 35.67273852738947 ], [ 139.969175138001873, 35.672720027864372 ], [ 139.969191028285678, 35.672707472382989 ], [ 139.969209444127728, 35.672682944065741 ], [ 139.969226831913943, 35.672651721681092 ], [ 139.969243027284335, 35.672619972796753 ], [ 139.969250471826427, 35.672584639053412 ], [ 139.96925272130278, 35.672541192765642 ], [ 139.969254083449897, 35.672497388415721 ], [ 139.969246222099372, 35.672415360400642 ], [ 139.969236943815076, 35.67234769406808 ], [ 139.969231860471155, 35.672284221723942 ], [ 139.969230999998103, 35.67222997212879 ], [ 139.969234807134796, 35.672194443464029 ], [ 139.969242805989126, 35.672156415779646 ], [ 139.969248943170811, 35.672129888458571 ], [ 139.969259694249786, 35.672091859714833 ], [ 139.969276971388439, 35.672047306400565 ], [ 139.969293139902589, 35.672014278874144 ], [ 139.969307109430105, 35.671981556442105 ], [ 139.96936619417184, 35.671838722480679 ], [ 139.969377527493521, 35.671805806186583 ], [ 139.969380250713471, 35.671782806519325 ], [ 139.969381500064458, 35.671749721787705 ], [ 139.969382666698351, 35.671714944205995 ], [ 139.969376805598529, 35.671645082888837 ], [ 139.969337276476466, 35.671397527398817 ], [ 139.96919305646685, 35.671417250479521 ], [ 139.968934417175234, 35.671462612082031 ], [ 139.968601027376025, 35.671515611637695 ], [ 139.96823061145372, 35.671577860426233 ], [ 139.96795874923734, 35.671622443402448 ], [ 139.967204168086226, 35.671754250532466 ], [ 139.966382221885937, 35.671885138141917 ], [ 139.966311527740658, 35.671900082469953 ], [ 139.965310444157495, 35.672063333389929 ], [ 139.965251693507014, 35.672072611225396 ], [ 139.964023666334242, 35.672276028668506 ], [ 139.963940942754249, 35.673180110195446 ] ] ] } },
{ "type": "Feature", "properties": { "P12_001": 10088, "P12_002": "平砂浦海岸", "P12_003": "12", "P12_004": "12205", "P12_005": "‐", "P12_006": "館山市洲宮", "P12_007": 4 }, "geometry": { "type": "Polygon", "coordinates": [ [ [ 139.826273818903303, 34.928004839489112 ], [ 139.823556535253005, 34.931024095887395 ], [ 139.817759519731283, 34.937062615040098 ], [ 139.810915845633758, 34.941812927183491 ], [ 139.805279845996949, 34.944791918538577 ], [ 139.799321929534898, 34.947609894213791 ], [ 139.7951351824357, 34.949461702714281 ], [ 139.792639271322315, 34.950669412477211 ], [ 139.792236675211967, 34.951635580711297 ], [ 139.792558705907538, 34.952199171608918 ], [ 139.796020825126561, 34.951716087491874 ], [ 139.804072172610518, 34.948576062447877 ], [ 139.813814240061419, 34.943342686315198 ], [ 139.820658028029271, 34.938994950448915 ], [ 139.826777074246593, 34.931507180004445 ], [ 139.827441323989831, 34.930057936128158 ], [ 139.827501587182184, 34.929011262172843 ], [ 139.827561999695092, 34.928447664919091 ], [ 139.827260006956749, 34.928045099235533 ], [ 139.826676357004231, 34.927843815334406 ], [ 139.826273818903303, 34.928004839489112 ] ] ] } },
{ "type": "Feature", "properties": { "P12_001": 10089, "P12_002": "安房神社（初詣除く）", "P12_003": "12", "P12_004": "12205", "P12_005": "‐", "P12_006": "館山市大神宮589", "P12_007": 2 }, "geometry": { "type": "Polygon", "coordinates": [ [ [ 139.836521278377774, 34.922368721819865 ], [ 139.836508333683327, 34.922464666588148 ], [ 139.836570999969581, 34.922471944360431 ], [ 139.836575083188137, 34.922446722165333 ], [ 139.836686138998061, 34.922461306312499 ], [ 139.836676610413861, 34.922517417195266 ], [ 139.836780140038798, 34.922528056302554 ], [ 139.8367876393676, 34.922487666255407 ], [ 139.836819640156165, 34.922491027590404 ], [ 139.836824416264989, 34.922452304968814 ], [ 139.836805332240374, 34.92244950085481 ], [ 139.836807389426269, 34.922407999543736 ], [ 139.836693639401091, 34.922394527719845 ], [ 139.836689556182534, 34.922420332560471 ], [ 139.836581916482857, 34.922406306693652 ], [ 139.83658600077564, 34.922377138399312 ], [ 139.836521278377774, 34.922368721819865 ] ] ] } },
{ "type": "Feature", "properties": { "P12_001": 10091, "P12_002": "鶴谷八幡宮", "P12_003": "12", "P12_004": "12205", "P12_005": "‐", "P12_006": "館山市八幡76", "P12_007": 2 }, "geometry": { "type": "Polygon", "coordinates": [ [ [ 139.866671165783487, 35.005157361560357 ], [ 139.866571083421974, 35.00516022287956 ], [ 139.866570249805136, 35.005191166653717 ], [ 139.866511221998564, 35.005192610555262 ], [ 139.866512971949362, 35.00527000071196 ], [ 139.866558305236055, 35.005267889416444 ], [ 139.866560027256412, 35.005311528506915 ], [ 139.866664389423931, 35.005306555892197 ], [ 139.866664389423931, 35.005280528586916 ], [ 139.866832888523902, 35.005276249850056 ], [ 139.866828581861682, 35.005189693090216 ], [ 139.866675472445706, 35.005191860531568 ], [ 139.866671165783487, 35.005157361560357 ] ] ] } },
{ "type": "Feature", "properties": { "P12_001": 10092, "P12_002": "那古寺", "P12_003": "12", "P12_004": "12205", "P12_005": "‐", "P12_006": "館山市那古1125", "P12_007": 2 }, "geometry": { "type": "Polygon", "coordinates": [ [ [ 139.857796638861942, 35.025517221909759 ], [ 139.857850416816092, 35.025682610609131 ], [ 139.857959499231526, 35.025659805863285 ], [ 139.858056331991321, 35.025635693872744 ], [ 139.858007444016351, 35.025472332779806 ], [ 139.857937443835596, 35.02548708218643 ], [ 139.857929305328952, 35.02546497237779 ], [ 139.857839778533219, 35.025485750576564 ], [ 139.857846306741351, 35.025507167566708 ], [ 139.857796638861942, 35.025517221909759 ] ] ] } },
{ "type": "Feature", "properties": { "P12_001": 10107, "P12_002": "八剱八幡神社", "P12_003": "12", "P12_004": "12206", "P12_005": "‐", "P12_006": "木更津市富士見1-6-15", "P12_007": 2 }, "geometry": { "type": "Polygon", "coordinates": [ [ [ 139.923604555179452, 35.381230555648692 ], [ 139.923614500572086, 35.381172416100142 ], [ 139.923504195661849, 35.381159610610858 ], [ 139.923502861445201, 35.381132110801438 ], [ 139.923390693788093, 35.381125527966361 ], [ 139.923386109969726, 35.381156443137918 ], [ 139.923364417669774, 35.381154943090529 ], [ 139.923361193850013, 35.381215416399243 ], [ 139.923374500566183, 35.381216137820338 ], [ 139.923373082558157, 35.381230750570104 ], [ 139.92340061125023, 35.381232528168638 ], [ 139.923398222121563, 35.381256305402836 ], [ 139.923480444027518, 35.381261750490104 ], [ 139.923482610786721, 35.38123950084654 ], [ 139.923601610664321, 35.381247332661751 ], [ 139.923604555179452, 35.381230555648692 ] ] ] } },
{ "type": "Feature", "properties": { "P12_001": 10108, "P12_002": "高蔵寺", "P12_003": "12", "P12_004": "12206", "P12_005": "‐", "P12_006": "木更津市矢那1245　", "P12_007": 2 }, "geometry": { "type": "Polygon", "coordinates": [ [ [ 139.994707750662798, 35.338431110350996 ], [ 139.994684471697809, 35.33851544352364 ], [ 139.994730360370966, 35.338523944851524 ], [ 139.994722501168951, 35.338552416089946 ], [ 139.994825306750386, 35.338571390206305 ], [ 139.994813390111773, 35.33861447101642 ], [ 139.994839805882407, 35.338619388544657 ], [ 139.994832806079188, 35.338644723031436 ], [ 139.994857027160094, 35.338649194571005 ], [ 139.994848082967081, 35.338681750684231 ], [ 139.994971889032456, 35.338704582973321 ], [ 139.994980722577878, 35.338672556537844 ], [ 139.995072722293685, 35.338689556015552 ], [ 139.995103082704787, 35.338579028159458 ], [ 139.994925916567922, 35.338546278184175 ], [ 139.994920000681418, 35.338567639028483 ], [ 139.994888194331821, 35.338561833760338 ], [ 139.994900750148304, 35.338515943539434 ], [ 139.994870609958127, 35.33851030670882 ], [ 139.994878805399935, 35.338481917040774 ], [ 139.99490586034841, 35.338484943619441 ], [ 139.994921500332339, 35.338427943937404 ], [ 139.994806694320886, 35.338406750471272 ], [ 139.994795555438202, 35.338447305777876 ], [ 139.994707750662798, 35.338431110350996 ] ] ] } },
{ "type": "Feature", "properties": { "P12_001": 10113, "P12_002": "證誠寺", "P12_003": "12", "P12_004": "12206", "P12_005": "‐", "P12_006": "木更津市富士見2-9-30", "P12_007": 2 }, "geometry": { "type": "Polygon", "coordinates": [ [ [ 139.921303693217709, 35.379865528415948 ], [ 139.921333611038449, 35.379867499876532 ], [ 139.921340472263608, 35.379796860992435 ], [ 139.921320333326975, 35.379795610952947 ], [ 139.921323500211543, 35.379762694658851 ], [ 139.921142417364649, 35.379750944287643 ], [ 139.921128943065725, 35.379890360768222 ], [ 139.921300193316085, 35.379901499891304 ], [ 139.921303693217709, 35.379865528415948 ] ] ] } },
{ "type": "Feature", "properties": { "P12_001": 10116, "P12_002": "本土寺", "P12_003": "12", "P12_004": "12207", "P12_005": "‐", "P12_006": "松戸市平賀63", "P12_007": 2 }, "geometry": { "type": "Polygon", "coordinates": [ [ [ 139.928389277334929, 35.840383332990754 ], [ 139.928422749843946, 35.840409361355391 ], [ 139.928401055395483, 35.840427472097019 ], [ 139.928454833349633, 35.840473305112724 ], [ 139.928499693967012, 35.84050833376169 ], [ 139.92853033260846, 35.840484889165118 ], [ 139.928613887656809, 35.840544027685908 ], [ 139.928679001081122, 35.840485860594114 ], [ 139.928718110172014, 35.8405161941795 ], [ 139.928729417711736, 35.840506889860144 ], [ 139.928774278329087, 35.840545610363023 ], [ 139.928818971363683, 35.840507111265445 ], [ 139.928798221179676, 35.840488111724547 ], [ 139.92881283310777, 35.840476361353346 ], [ 139.928742582627109, 35.840421360675137 ], [ 139.928763167376871, 35.840404111189535 ], [ 139.92872502725811, 35.8403742214741 ], [ 139.92878230618814, 35.840321278064273 ], [ 139.928745942876418, 35.840296860979358 ], [ 139.928716222717412, 35.840324389391377 ], [ 139.928725526783666, 35.840331138545274 ], [ 139.928700887820071, 35.840352805543311 ], [ 139.928672500803458, 35.840331443639656 ], [ 139.928642443330432, 35.840359610843045 ], [ 139.928515333950912, 35.840269111162037 ], [ 139.928389277334929, 35.840383332990754 ] ] ] } },
{ "type": "Feature", "properties": { "P12_001": 10120, "P12_002": "（株）千秋社清水公園", "P12_003": "12", "P12_004": "12208", "P12_005": "‐", "P12_006": "野田市清水906", "P12_007": 4 }, "geometry": { "type": "Polygon", "coordinates": [ [ [ 139.853242305411015, 35.958800110971694 ], [ 139.853254721575183, 35.958799471120976 ], [ 139.85326683372702, 35.958799555869412 ], [ 139.853442194052178, 35.958801805940496 ], [ 139.85350197168421, 35.95880241824797 ], [ 139.854062027916939, 35.958805917299188 ], [ 139.854429776480174, 35.958808018001143 ], [ 139.854453652727329, 35.95828240076078 ], [ 139.854426909310945, 35.958242097580779 ], [ 139.853946473154281, 35.958147610485668 ], [ 139.853863971943724, 35.958131862106804 ], [ 139.853648000728299, 35.95809041694158 ], [ 139.853607195399007, 35.958082583007659 ], [ 139.853400110367176, 35.958042777724742 ], [ 139.853339917000966, 35.958086694366351 ], [ 139.853309333146171, 35.958117083038225 ], [ 139.853294565452046, 35.958139414252166 ], [ 139.853275749989564, 35.958333333513863 ], [ 139.853274250338671, 35.958348639082125 ], [ 139.853246750651323, 35.958738472371927 ], [ 139.853242305411015, 35.958800110971694 ] ] ] } },
{ "type": "Feature", "properties": { "P12_001": 10126, "P12_002": "泉陽興業森の遊園地", "P12_003": "12", "P12_004": "12208", "P12_005": "‐", "P12_006": "野田市中根6-1", "P12_007": 4 }, "geometry": { "type": "Polygon", "coordinates": [ [ [ 139.881529946517531, 35.948613658874855 ], [ 139.881525529207693, 35.948489146466805 ], [ 139.881512288020701, 35.94836511606551 ], [ 139.881490276668927, 35.948242047559013 ], [ 139.881459581092287, 35.948120416597924 ], [ 139.881420318383874, 35.948000693536088 ], [ 139.881372642161182, 35.94788334237122 ], [ 139.881316733972255, 35.94776881650747 ], [ 139.881252814037992, 35.947657559814793 ], [ 139.881181127287107, 35.947550001332168 ], [ 139.88110195087566, 35.947446558445662 ], [ 139.88101559203875, 35.947347630532292 ], [ 139.880922385941886, 35.947253601078756 ], [ 139.880822690309856, 35.947164832384637 ], [ 139.88071689294631, 35.947081669799822 ], [ 139.880605402065754, 35.947004435368385 ], [ 139.880488649516025, 35.946933424650503 ], [ 139.880367087555754, 35.94686891413798 ], [ 139.880241185631576, 35.94681115489805 ], [ 139.880111430378008, 35.946760369395378 ], [ 139.879978326691855, 35.946716753610737 ], [ 139.879842383766913, 35.946680477040992 ], [ 139.879704134430455, 35.946651678461727 ], [ 139.879564108286985, 35.946630471223969 ], [ 139.879422849980472, 35.946616935838748 ], [ 139.879280904154939, 35.946611125273833 ], [ 139.879138822974085, 35.946613062835041 ], [ 139.878997152156131, 35.94662274004753 ], [ 139.878856442790607, 35.946640119833866 ], [ 139.878717237372996, 35.946665134395289 ], [ 139.878580075176018, 35.946697688389804 ], [ 139.878445486878434, 35.946737654694751 ], [ 139.878313993490792, 35.946784877584875 ], [ 139.87818610420689, 35.946839176969739 ], [ 139.878062312106721, 35.946900340978239 ], [ 139.877943096305188, 35.946968133374106 ], [ 139.877828919803363, 35.947042292496526 ], [ 139.877720224117411, 35.947122531260163 ], [ 139.877617427129934, 35.947208538214497 ], [ 139.877520929535677, 35.947299980721901 ], [ 139.877431103024605, 35.947396507076355 ], [ 139.877348294578979, 35.947497741206647 ], [ 139.877272827547614, 35.947603293269957 ], [ 139.877204990903323, 35.947712753295704 ], [ 139.877145046762791, 35.947825698601044 ], [ 139.877093231460634, 35.947941692731519 ], [ 139.877049740510103, 35.948060287579743 ], [ 139.877014743642491, 35.948181022326075 ], [ 139.87698837728729, 35.948303431913459 ], [ 139.876970743498163, 35.948427040691264 ], [ 139.876961908878513, 35.94855137194952 ], [ 139.876961908878513, 35.948675943681479 ], [ 139.876970743498163, 35.948800274939735 ], [ 139.87698837728729, 35.948923883717541 ], [ 139.877014743642491, 35.949046293304924 ], [ 139.877049740510103, 35.949167028051257 ], [ 139.877093231460634, 35.949285622899481 ], [ 139.877145046762791, 35.949401617029956 ], [ 139.877204990903323, 35.949514562335303 ], [ 139.877272827547614, 35.94962402236105 ], [ 139.877348294578979, 35.949729575483715 ], [ 139.877431103024605, 35.949830809614006 ], [ 139.877520929535677, 35.949927334909098 ], [ 139.877617427129934, 35.950018778475858 ], [ 139.877720224117411, 35.950104785430192 ], [ 139.877828919803363, 35.950185023134473 ], [ 139.877943096305188, 35.950259182256893 ], [ 139.878062312106721, 35.950326974652761 ], [ 139.87818610420689, 35.95038813866126 ], [ 139.878313993490792, 35.950442438046124 ], [ 139.878445486878434, 35.950489661995604 ], [ 139.878580075176018, 35.950529627241202 ], [ 139.878717237372996, 35.950562181235718 ], [ 139.878856442790607, 35.950587195797134 ], [ 139.878997152156131, 35.950604575583469 ], [ 139.879138822974085, 35.950614252795958 ], [ 139.879280904154939, 35.950616191416529 ], [ 139.879422849980472, 35.950610379792252 ], [ 139.879564108286985, 35.950596844407031 ], [ 139.879704134430455, 35.950575637169273 ], [ 139.879842383766913, 35.950546839649363 ], [ 139.879978326691855, 35.950510562020263 ], [ 139.880111430378008, 35.950466947294977 ], [ 139.880241185631576, 35.950416160732949 ], [ 139.880367087555754, 35.950358401493027 ], [ 139.880488649516025, 35.950293890980497 ], [ 139.880605402065754, 35.950222880262622 ], [ 139.88071689294631, 35.950145645831178 ], [ 139.880822690309856, 35.950062483246363 ], [ 139.880922385941886, 35.949973714552243 ], [ 139.88101559203875, 35.949879685098708 ], [ 139.88110195087566, 35.949780757185337 ], [ 139.881181127287107, 35.949677314298832 ], [ 139.881252814037992, 35.949569755816206 ], [ 139.881316733972255, 35.94945849912353 ], [ 139.881372642161182, 35.949343973259779 ], [ 139.881420318383874, 35.949226622094912 ], [ 139.881459581092287, 35.949106899033076 ], [ 139.881490276668927, 35.948985268071993 ], [ 139.881512288020701, 35.94886219956549 ], [ 139.881525529207693, 35.94873817022355 ], [ 139.881529946517531, 35.948613658874855 ] ] ] } },
{ "type": "Feature", "properties": { "P12_001": 10134, "P12_002": "宗吾霊堂", "P12_003": "12", "P12_004": "12211", "P12_005": "‐", "P12_006": "成田市宗吾1-558", "P12_007": 2 }, "geometry": { "type": "Polygon", "coordinates": [ [ [ 140.279317817258914, 35.760868165306597 ], [ 140.279317817258914, 35.761220412663256 ], [ 140.279790821764436, 35.761220412663256 ], [ 140.279790821764436, 35.760868165306597 ], [ 140.279317817258914, 35.760868165306597 ] ] ] } },
{ "type": "Feature", "properties": { "P12_001": 10139, "P12_002": "運動の森自然公園　成田エアポートコース", "P12_003": "12", "P12_004": "12211", "P12_005": "‐", "P12_006": "成田市前林817", "P12_007": 4 }, "geometry": { "type": "Polygon", "coordinates": [ [ [ 140.425310926668317, 35.798666419772687 ], [ 140.425307072264701, 35.798560052005641 ], [ 140.425295523019088, 35.798454096327887 ], [ 140.425276322975634, 35.798348962710001 ], [ 140.425249548406043, 35.798245056885136 ], [ 140.42521530243809, 35.798142781408387 ], [ 140.425173716130161, 35.798042532478711 ], [ 140.425124950619505, 35.79794469570151 ], [ 140.425069196048099, 35.797849652444761 ], [ 140.425006667265677, 35.797757769245472 ], [ 140.424937607052357, 35.797669400987729 ], [ 140.424862280747533, 35.797584888784002 ], [ 140.424780982695296, 35.797504562093863 ], [ 140.424694023353481, 35.797428730249102 ], [ 140.424601741110337, 35.797357686691207 ], [ 140.42450449369062, 35.797291705793242 ], [ 140.424402658155572, 35.797231044978602 ], [ 140.424296625531611, 35.797175935186786 ], [ 140.42418680725595, 35.797126593585659 ], [ 140.424073628731009, 35.79708320874051 ], [ 140.423957529324355, 35.797045949088869 ], [ 140.423838954849174, 35.797014957643711 ], [ 140.423718367232311, 35.796990356230936 ], [ 140.423596230549094, 35.796972239133176 ], [ 140.423473017468893, 35.796960677327249 ], [ 140.42334920603227, 35.79695571318738 ], [ 140.423225274279815, 35.796957368960022 ], [ 140.423101704549111, 35.796965635110986 ], [ 140.422978969509501, 35.796980483037679 ], [ 140.422857549350027, 35.797001851297466 ], [ 140.422737910294586, 35.797029661498051 ], [ 140.422620516418505, 35.797063803466465 ], [ 140.422505819980415, 35.797104144783262 ], [ 140.422394268941929, 35.797150530782538 ], [ 140.422286291928202, 35.797202782433217 ], [ 140.422182306821895, 35.797260695279697 ], [ 140.422082717540462, 35.797324047916661 ], [ 140.421987906516335, 35.797392592454933 ], [ 140.421898243291054, 35.797466065114989 ], [ 140.421814072698311, 35.797544183048913 ], [ 140.421735722383971, 35.79762664222168 ], [ 140.421663494211828, 35.797713123767281 ], [ 140.421597667486481, 35.797803292929373 ], [ 140.421538496804857, 35.797896802239357 ], [ 140.421486212056124, 35.797993288338297 ], [ 140.42144101519898, 35.798092379392408 ], [ 140.421403081335939, 35.798193690855655 ], [ 140.421372555490564, 35.798296830766489 ], [ 140.421349556904431, 35.798401400807251 ], [ 140.421334175814422, 35.798506996304134 ], [ 140.421326469155673, 35.798613209405275 ], [ 140.421326469155673, 35.798719628021381 ], [ 140.421334175814422, 35.798825841122522 ], [ 140.421349556904431, 35.798931436619405 ], [ 140.421372555490564, 35.799036006660167 ], [ 140.421403081335939, 35.799139147630363 ], [ 140.42144101519898, 35.799240458034248 ], [ 140.421486212056124, 35.799339549088359 ], [ 140.421538496804857, 35.799436035187298 ], [ 140.421597667486481, 35.79952954449729 ], [ 140.421663494211828, 35.799619713659382 ], [ 140.421735722383971, 35.799706196264331 ], [ 140.421814072698311, 35.799788654377743 ], [ 140.421898243291054, 35.799866772311667 ], [ 140.421987906516335, 35.799940244971729 ], [ 140.422082717540462, 35.800008789509995 ], [ 140.422182306821895, 35.800072142146966 ], [ 140.422286291928202, 35.800130054993438 ], [ 140.422394268941929, 35.800182306644118 ], [ 140.422505819980415, 35.800228692643401 ], [ 140.422620516418505, 35.800269033960191 ], [ 140.422737910294586, 35.800303175928605 ], [ 140.422857549350027, 35.80033098612919 ], [ 140.422978969509501, 35.800352355448339 ], [ 140.423101704549111, 35.80036720231567 ], [ 140.423225274279815, 35.800375468466633 ], [ 140.42334920603227, 35.800377124239283 ], [ 140.423473017468893, 35.800372160099407 ], [ 140.423596230549094, 35.80036059829348 ], [ 140.423718367232311, 35.80034248119572 ], [ 140.423838954849174, 35.800317879782945 ], [ 140.423957529324355, 35.800286888337794 ], [ 140.424073628731009, 35.800249628686146 ], [ 140.42418680725595, 35.800206243840996 ], [ 140.424296625531611, 35.800156902239877 ], [ 140.424402658155572, 35.800101792448054 ], [ 140.42450449369062, 35.800041131633414 ], [ 140.424601741110337, 35.799975150735449 ], [ 140.424694023353481, 35.799904107177554 ], [ 140.424780982695296, 35.7998282753328 ], [ 140.424862280747533, 35.799747948642654 ], [ 140.424937607052357, 35.799663436438934 ], [ 140.425006667265677, 35.799575069240547 ], [ 140.425069196048099, 35.799483184981895 ], [ 140.425124950619505, 35.799388141725146 ], [ 140.425173716130161, 35.799290304947945 ], [ 140.42521530243809, 35.799190056018269 ], [ 140.425249548406043, 35.79908778054152 ], [ 140.425276322975634, 35.798983874716662 ], [ 140.425295523019088, 35.798878741098775 ], [ 140.425307072264701, 35.798772785421015 ], [ 140.425310926668317, 35.798666419772687 ] ] ] } },
{ "type": "Feature", "properties": { "P12_001": 10152, "P12_002": "小御門神社", "P12_003": "12", "P12_004": "12211", "P12_005": "‐", "P12_006": "成田市名古屋898", "P12_007": 2 }, "geometry": { "type": "Polygon", "coordinates": [ [ [ 140.359302850999057, 35.855920674466532 ], [ 140.359301525376395, 35.855886886322864 ], [ 140.359297560325189, 35.855853230598626 ], [ 140.359290965513651, 35.855819834416486 ], [ 140.359281769946477, 35.855786829136534 ], [ 140.359270009073896, 35.855754341881415 ], [ 140.359255728014347, 35.85572249765508 ], [ 140.359238979405973, 35.855691420402138 ], [ 140.359219832000718, 35.855661229829742 ], [ 140.359198357773209, 35.855632043526363 ], [ 140.359174639440567, 35.855603972724317 ], [ 140.35914877046244, 35.855577128655952 ], [ 140.359120849669694, 35.855551613019379 ], [ 140.359090983412898, 35.855527524334661 ], [ 140.359059292007885, 35.855504959003156 ], [ 140.359025892547777, 35.855483999654588 ], [ 140.358990919313612, 35.855464729978046 ], [ 140.358954504437946, 35.855447226247122 ], [ 140.358916788647377, 35.855431550963786 ], [ 140.358877919113894, 35.85541777086744 ], [ 140.35883804515808, 35.855405935747797 ], [ 140.358797323620195, 35.855396091157132 ], [ 140.358755909192013, 35.855388277350968 ], [ 140.358713963010842, 35.855382521872535 ], [ 140.358671648362417, 35.855378849087018 ], [ 140.358629126384045, 35.855377271706679 ], [ 140.358586563584225, 35.855377798206362 ], [ 140.358544126471486, 35.855380424348645 ], [ 140.358501974034596, 35.855385139539976 ], [ 140.358460273856309, 35.855391928949373 ], [ 140.358419187073935, 35.855400761855535 ], [ 140.358378868379219, 35.855411606477787 ], [ 140.358339478909471, 35.855424421501269 ], [ 140.358301167985218, 35.855439155017564 ], [ 140.358264084927015, 35.855455752999539 ], [ 140.358228373684113, 35.855474149767154 ], [ 140.358194170686119, 35.855494273284229 ], [ 140.358161609139842, 35.855516046217822 ], [ 140.358130815806589, 35.855539384878838 ], [ 140.358101908853712, 35.855564198162718 ], [ 140.358075000003026, 35.855590391786812 ], [ 140.358050195605159, 35.855617861934284 ], [ 140.358027588045474, 35.855646503728934 ], [ 140.358007266486595, 35.855676205938444 ], [ 140.357989310422937, 35.855706856271127 ], [ 140.357973787532103, 35.855738331841742 ], [ 140.357960759046307, 35.855770512943117 ], [ 140.357950276529436, 35.85580327563067 ], [ 140.357942377580201, 35.855836491722371 ], [ 140.357937095500347, 35.855870033036211 ], [ 140.357934449626271, 35.85590377244953 ], [ 140.357934449626271, 35.855937575424178 ], [ 140.357937095500347, 35.855971313778149 ], [ 140.357942377580201, 35.856004856151344 ], [ 140.357950276529436, 35.856038072243045 ], [ 140.357960759046307, 35.856070834930591 ], [ 140.357973787532103, 35.856103016031973 ], [ 140.357989310422937, 35.856134491602589 ], [ 140.358007266486595, 35.856165140875916 ], [ 140.358027588045474, 35.856194843085426 ], [ 140.358050195605159, 35.856223485939431 ], [ 140.358075000003026, 35.856250956086903 ], [ 140.358101908853712, 35.856277149710998 ], [ 140.358130815806589, 35.85630196299487 ], [ 140.358161609139842, 35.856325301655893 ], [ 140.358194170686119, 35.856347074589486 ], [ 140.358228373684113, 35.856367198106561 ], [ 140.358264084927015, 35.856385593814821 ], [ 140.358301167985218, 35.856402191796796 ], [ 140.358339478909471, 35.856416926372439 ], [ 140.358378868379219, 35.856429740336573 ], [ 140.358419187073935, 35.856440586018181 ], [ 140.358460273856309, 35.856449418924342 ], [ 140.358501974034596, 35.856456207274384 ], [ 140.358544126471486, 35.856460922465715 ], [ 140.358586563584225, 35.856463548607998 ], [ 140.358629126384045, 35.856464075107681 ], [ 140.358671648362417, 35.856462498786698 ], [ 140.358713963010842, 35.856458824941825 ], [ 140.358755909192013, 35.856453070522747 ], [ 140.358797323620195, 35.856445256716576 ], [ 140.35883804515808, 35.856435411066563 ], [ 140.358877919113894, 35.856423577006275 ], [ 140.358916788647377, 35.856409795850574 ], [ 140.358954504437946, 35.856394121626593 ], [ 140.358990919313612, 35.856376616836314 ], [ 140.359025892547777, 35.85635734821912 ], [ 140.359059292007885, 35.856336388870552 ], [ 140.359090983412898, 35.856313822479692 ], [ 140.359120849669694, 35.856289734854336 ], [ 140.35914877046244, 35.856264219217763 ], [ 140.359174639440567, 35.856237374090036 ], [ 140.359198357773209, 35.856209304347352 ], [ 140.359219832000718, 35.856180116984618 ], [ 140.359238979405973, 35.856149927471577 ], [ 140.359255728014347, 35.856118849159273 ], [ 140.359270009073896, 35.856087004932945 ], [ 140.359281769946477, 35.856054518737182 ], [ 140.359290965513651, 35.856021512397867 ], [ 140.359297560325189, 35.855988117275089 ], [ 140.359301525376395, 35.855954460491496 ], [ 140.359302850999057, 35.855920674466532 ] ] ] } },
{ "type": "Feature", "properties": { "P12_001": 10174, "P12_002": "飯岡〜中谷里海岸（サーフィン）", "P12_003": "12", "P12_004": "12215", "P12_005": "‐", "P12_006": "旭市横根", "P12_007": 4 }, "geometry": { "type": "Polygon", "coordinates": [ [ [ 140.725823827521651, 35.69283243548125 ], [ 140.723988090452707, 35.692740645505239 ], [ 140.722519409056702, 35.693842195134806 ], [ 140.720316159759165, 35.696687896262169 ], [ 140.71618529399268, 35.698890995521296 ], [ 140.711871130278922, 35.699349942223272 ], [ 140.706822396515093, 35.699349942223272 ], [ 140.701865084521359, 35.698432047759965 ], [ 140.692594064295207, 35.697789445891729 ], [ 140.684883147235155, 35.695769925525262 ], [ 140.675428142616909, 35.692557067671935 ], [ 140.661750622721428, 35.687967291320369 ], [ 140.649908839894891, 35.683928251646783 ], [ 140.637057539560232, 35.676768180113967 ], [ 140.631164890140042, 35.673890548952478 ], [ 140.627886052754633, 35.672775275372409 ], [ 140.62621281725626, 35.672416722731818 ], [ 140.625336316420118, 35.672496405333817 ], [ 140.624778647167574, 35.67325334132245 ], [ 140.624649172292862, 35.67407999137783 ], [ 140.625186957205671, 35.674876769726822 ], [ 140.626123166921928, 35.675514191346664 ], [ 140.637399641514804, 35.681639192044962 ], [ 140.655324858146628, 35.690721126198127 ], [ 140.674848033387434, 35.697196226939489 ], [ 140.693236527204618, 35.702746456302215 ], [ 140.708107321259661, 35.704123373741098 ], [ 140.717011741294186, 35.703480770813506 ], [ 140.722335652405292, 35.701369461530383 ], [ 140.725089715101461, 35.698707416628636 ], [ 140.726558396497467, 35.696596107345513 ], [ 140.727109208821844, 35.694393008086386 ], [ 140.726558396497467, 35.693016090647504 ], [ 140.725823827521651, 35.69283243548125 ] ] ] } },
{ "type": "Feature", "properties": { "P12_001": 10175, "P12_002": "いいおかみなと公園", "P12_003": "12", "P12_004": "12215", "P12_005": "‐", "P12_006": "旭市下永井814　", "P12_007": 4 }, "geometry": { "type": "Polygon", "coordinates": [ [ [ 140.727826471654311, 35.693711832965683 ], [ 140.728047250131794, 35.693714083036767 ], [ 140.72820194299004, 35.693715806608168 ], [ 140.728315444863796, 35.69371766683642 ], [ 140.728345056523693, 35.693718167911577 ], [ 140.728366944336898, 35.693719083194729 ], [ 140.72840752837098, 35.693720860793256 ], [ 140.728446221727694, 35.693724278274097 ], [ 140.728496667363004, 35.693729111053891 ], [ 140.72856816719468, 35.693739138913052 ], [ 140.728631362011186, 35.693748500437607 ], [ 140.728679806321537, 35.693754166930177 ], [ 140.728742222307886, 35.69376227735588 ], [ 140.728797555773866, 35.693768888793556 ], [ 140.728849749211491, 35.693773194014312 ], [ 140.728906889563461, 35.693774305278232 ], [ 140.729042360893288, 35.693777527837661 ], [ 140.729277083116301, 35.693779639133176 ], [ 140.729488888396048, 35.692988500792865 ], [ 140.729466333474534, 35.692671389080068 ], [ 140.729440583737983, 35.692319249777668 ], [ 140.729419055798047, 35.692013693514674 ], [ 140.729408167215269, 35.691869916726858 ], [ 140.729402388832568, 35.691797500244235 ], [ 140.72939086107192, 35.691625500107186 ], [ 140.729376334009459, 35.691443472110976 ], [ 140.729362277467828, 35.691244360947977 ], [ 140.729284389080334, 35.691205833247793 ], [ 140.729049638926881, 35.691217667308088 ], [ 140.728708972168306, 35.691234639242552 ], [ 140.728353637620728, 35.691254028626268 ], [ 140.728030970970025, 35.691270610717908 ], [ 140.727949499963785, 35.69132466645101 ], [ 140.727934779536582, 35.691421138778324 ], [ 140.727893945202595, 35.691703638168867 ], [ 140.727865528107031, 35.69186977795129 ], [ 140.727825805620256, 35.692150027270742 ], [ 140.727779083330233, 35.692458722404091 ], [ 140.727741471741751, 35.692720027269139 ], [ 140.727702471149968, 35.692977306583295 ], [ 140.7276895565345, 35.693066722543627 ], [ 140.727637583317829, 35.693260888635159 ], [ 140.727630305284237, 35.693353055741724 ], [ 140.727622388072774, 35.693492833462528 ], [ 140.727622443933711, 35.693547360608818 ], [ 140.727626416504648, 35.693586999572922 ], [ 140.72763744473977, 35.693616276980876 ], [ 140.727660249961161, 35.693649028015514 ], [ 140.72770477863574, 35.693649221877571 ], [ 140.727739500495744, 35.693670388859815 ], [ 140.727807861373293, 35.693668971442158 ], [ 140.727826471654311, 35.693711832965683 ] ] ] } },
{ "type": "Feature", "properties": { "P12_001": 10179, "P12_002": "鎌数伊勢大神宮", "P12_003": "12", "P12_004": "12215", "P12_005": "‐", "P12_006": "旭市鎌数4314", "P12_007": 2 }, "geometry": { "type": "Polygon", "coordinates": [ [ [ 140.621409388137408, 35.724737888321727 ], [ 140.621333082117957, 35.724743972200365 ], [ 140.621333917883277, 35.724751167342916 ], [ 140.62130366704551, 35.724753639878656 ], [ 140.621307750264066, 35.724787138818279 ], [ 140.621295056943779, 35.724788222538955 ], [ 140.621300693525683, 35.72483477803511 ], [ 140.621311860338835, 35.724833889235846 ], [ 140.621314249467503, 35.724853971438058 ], [ 140.621356555521913, 35.724850639765009 ], [ 140.621361027618434, 35.724887722504292 ], [ 140.621348972401762, 35.72488872253588 ], [ 140.621356555521913, 35.724951583631899 ], [ 140.621441499573564, 35.724944721126967 ], [ 140.621434027101003, 35.724883027440711 ], [ 140.621420221933533, 35.724884111161387 ], [ 140.621414471481302, 35.724836999503594 ], [ 140.621455222023911, 35.724833750460277 ], [ 140.621453056338936, 35.724815667261893 ], [ 140.621587250387307, 35.724804860776437 ], [ 140.621580138862214, 35.724745861031217 ], [ 140.62158941714651, 35.724745083464278 ], [ 140.621581362431272, 35.724677999777242 ], [ 140.621599694481915, 35.724676528332452 ], [ 140.621589332280877, 35.724590694053063 ], [ 140.621458443695161, 35.724601193325427 ], [ 140.621480832108148, 35.724786639861833 ], [ 140.621460194720214, 35.724788222538955 ], [ 140.621454887932629, 35.724743805881545 ], [ 140.621410582701742, 35.724747333535362 ], [ 140.621409388137408, 35.724737888321727 ] ] ] } },
{ "type": "Feature", "properties": { "P12_001": 10188, "P12_002": "県立柏の葉公園", "P12_003": "12", "P12_004": "12217", "P12_005": "‐", "P12_006": "柏市柏の葉4-1", "P12_007": 4 }, "geometry": { "type": "Polygon", "coordinates": [ [ [ 139.943216110992864, 35.89279752800261 ], [ 139.942626860982898, 35.892602472052459 ], [ 139.942320110397958, 35.892498360712629 ], [ 139.94201124998898, 35.892395526955539 ], [ 139.941898445302485, 35.892359944263646 ], [ 139.941831389636889, 35.892341528427636 ], [ 139.941746304858668, 35.892319890032191 ], [ 139.941595610353346, 35.892286943016785 ], [ 139.941455222188125, 35.892263167901298 ], [ 139.941369250080669, 35.892252444045575 ], [ 139.941288056230547, 35.892243944836395 ], [ 139.941176833912095, 35.892235111930241 ], [ 139.9411042791684, 35.892232306756874 ], [ 139.941001138421427, 35.892230333177579 ], [ 139.940933444652188, 35.892230916882454 ], [ 139.940861555942575, 35.892233499591164 ], [ 139.940775500043742, 35.892238360973558 ], [ 139.940681582794383, 35.892245751037521 ], [ 139.940646249686978, 35.892248861305269 ], [ 139.940612806182656, 35.892252111407949 ], [ 139.940516110926694, 35.892264027038607 ], [ 139.940441582788509, 35.892276333571452 ], [ 139.940382889073192, 35.892287305316366 ], [ 139.940078138738983, 35.892342999872426 ], [ 139.939915555525516, 35.89237163848901 ], [ 139.939730167090602, 35.89240605588985 ], [ 139.939580555427767, 35.892432305659781 ], [ 139.939257639551414, 35.892490917680888 ], [ 139.939112888863036, 35.892516028643662 ], [ 139.938833360809355, 35.892566194423367 ], [ 139.938797277876489, 35.892571444589223 ], [ 139.938714972179156, 35.892587388948854 ], [ 139.938424389034168, 35.892638750740915 ], [ 139.938377444374709, 35.892646361150824 ], [ 139.938186722296024, 35.892681332594591 ], [ 139.937960693966119, 35.892721640012013 ], [ 139.937613306708954, 35.892785832717891 ], [ 139.937258556552536, 35.892849778593934 ], [ 139.937115693318759, 35.892874249705983 ], [ 139.936784250057826, 35.892933833156086 ], [ 139.936772389280122, 35.892935471979044 ], [ 139.936646777403041, 35.89295766653612 ], [ 139.936498166939799, 35.892984638786508 ], [ 139.936438278660148, 35.892997138122055 ], [ 139.93618266767507, 35.893041332314802 ], [ 139.935975138978591, 35.893078917188589 ], [ 139.93586283381768, 35.893098583064088 ], [ 139.935841581959608, 35.893102916887436 ], [ 139.935772472330854, 35.893115693774121 ], [ 139.935780249889973, 35.893143972209842 ], [ 139.935579250475882, 35.893180667225003 ], [ 139.935571582490098, 35.893151917376088 ], [ 139.935478778162178, 35.893168472983845 ], [ 139.935414638006989, 35.893181527421675 ], [ 139.935346109546686, 35.893197888108013 ], [ 139.93527522096241, 35.893217417326653 ], [ 139.935220638396146, 35.893234860674319 ], [ 139.935142806943816, 35.893262611550995 ], [ 139.935107277248932, 35.893275778280504 ], [ 139.935024806117326, 35.893312194685173 ], [ 139.93494786199426, 35.893351360117364 ], [ 139.934913332424742, 35.893370860733405 ], [ 139.934852778111036, 35.893407778213231 ], [ 139.934814472558031, 35.893432417762803 ], [ 139.934764555452972, 35.893467805533284 ], [ 139.934727388603363, 35.893496500295711 ], [ 139.934672166859229, 35.89354160977161 ], [ 139.934627582323742, 35.893581749810863 ], [ 139.934573693721973, 35.893637666831573 ], [ 139.934550806857686, 35.893661138971389 ], [ 139.934508888606956, 35.893710028227709 ], [ 139.934475582606467, 35.89375338870768 ], [ 139.934424832958825, 35.89382258369023 ], [ 139.934391665536396, 35.893879472139936 ], [ 139.934374444258708, 35.893909249563684 ], [ 139.93440547177812, 35.893921111167217 ], [ 139.934321250695717, 35.894069000373086 ], [ 139.93428944434612, 35.894056943848142 ], [ 139.934197278121815, 35.894217277303063 ], [ 139.934117140257968, 35.894355443744153 ], [ 139.934096582364418, 35.8943890825187 ], [ 139.933992692866241, 35.894570416637059 ], [ 139.934025722784867, 35.894582917031954 ], [ 139.933995333369069, 35.894633861437953 ], [ 139.933928111194916, 35.894750194562185 ], [ 139.933895971828292, 35.894737971718428 ], [ 139.933521943208319, 35.895382916881026 ], [ 139.933550082073509, 35.895393167204844 ], [ 139.935462529079388, 35.895946694225216 ], [ 139.935455833288472, 35.89599330692657 ], [ 139.935448860341467, 35.896075416512019 ], [ 139.935438610936529, 35.896202889818689 ], [ 139.935434749013154, 35.896228193584165 ], [ 139.935425694172551, 35.896249027928782 ], [ 139.935406360922315, 35.896272667446766 ], [ 139.935383667422741, 35.896293249664772 ], [ 139.935361638882995, 35.896308139965683 ], [ 139.935331750066979, 35.896324389419696 ], [ 139.935302528359301, 35.896335582569911 ], [ 139.935303917362603, 35.89639469354745 ], [ 139.935371861431719, 35.896412777805196 ], [ 139.935245442793985, 35.896658861850419 ], [ 139.935127582694065, 35.896751166673205 ], [ 139.935109221638697, 35.896770832548704 ], [ 139.935092194799978, 35.896794083283218 ], [ 139.935065193563929, 35.896827833290097 ], [ 139.935054944158992, 35.896849471685535 ], [ 139.935042472133915, 35.896884084007787 ], [ 139.935006556783804, 35.896963167014576 ], [ 139.934951861421439, 35.897081194048248 ], [ 139.934869916671602, 35.897261721997076 ], [ 139.934832472665875, 35.897348361386641 ], [ 139.934784860898134, 35.897458194305521 ], [ 139.934711640120355, 35.897626610642916 ], [ 139.934664806108515, 35.897729221935357 ], [ 139.934630889934851, 35.897804334477726 ], [ 139.934516805818419, 35.89806897207518 ], [ 139.934459527962645, 35.898224860474429 ], [ 139.934432916678787, 35.898302943449622 ], [ 139.934406193673112, 35.898364082033595 ], [ 139.93436783225917, 35.898439278265052 ], [ 139.934308417723145, 35.898568778118793 ], [ 139.93426144405899, 35.898657582831 ], [ 139.934548278076704, 35.898771082179273 ], [ 139.934597056478367, 35.898790333846776 ], [ 139.934826250618585, 35.898880638606371 ], [ 139.93504725039125, 35.89896769432265 ], [ 139.93554436210735, 35.899164306466027 ], [ 139.936041889557657, 35.899360471561387 ], [ 139.936440249906155, 35.899519222339194 ], [ 139.936542332518371, 35.899558888846535 ], [ 139.936659138780527, 35.899605389256209 ], [ 139.936908417070697, 35.899694306260102 ], [ 139.936905944150652, 35.899682056932456 ], [ 139.936909277543748, 35.899669971804911 ], [ 139.93691347248415, 35.899662221560071 ], [ 139.936960971455818, 35.899573389304621 ], [ 139.937049305835728, 35.899604778008083 ], [ 139.937085332907657, 35.899531555355928 ], [ 139.937086888419486, 35.899529667584424 ], [ 139.937089306552878, 35.899528306312604 ], [ 139.937092082410999, 35.899527750150966 ], [ 139.937094972139448, 35.899528222623523 ], [ 139.937166000376038, 35.899551416152839 ], [ 139.93711761085234, 35.89964950081923 ], [ 139.937114417111559, 35.89966347159956 ], [ 139.937117971799836, 35.89967736080952 ], [ 139.937127638962096, 35.899689083637483 ], [ 139.937142166024557, 35.899697001260492 ], [ 139.937385528428251, 35.899779805783147 ], [ 139.937442056458565, 35.89979894515897 ], [ 139.937460777387173, 35.899802082969963 ], [ 139.93747961218611, 35.899799082875184 ], [ 139.937495557256597, 35.899790416287836 ], [ 139.937506166534803, 35.899777529228182 ], [ 139.937549082762359, 35.89979191739458 ], [ 139.937478250039021, 35.899930777713521 ], [ 139.937547860267586, 35.899958306125548 ], [ 139.937832472739416, 35.900070527891081 ], [ 139.938198832299349, 35.900226777530555 ], [ 139.938370332849644, 35.900305582986199 ], [ 139.938552334179008, 35.900393582588229 ], [ 139.938564221812896, 35.90040133283307 ], [ 139.938729389668282, 35.900486528321089 ], [ 139.93886174997445, 35.900559166209014 ], [ 139.938969193086677, 35.900543110617051 ], [ 139.939403806099335, 35.899999471620916 ], [ 139.939602250950486, 35.899752889678609 ], [ 139.939652999523872, 35.89968919381046 ], [ 139.939751109565123, 35.899561667536013 ], [ 139.939847860682022, 35.899431695209721 ], [ 139.939940832592697, 35.899299027883032 ], [ 139.939986610618291, 35.899235999408845 ], [ 139.940075055645792, 35.899103138220106 ], [ 139.940118721698809, 35.899035499430781 ], [ 139.940160279002043, 35.89897147198436 ], [ 139.940359584326245, 35.898645999837967 ], [ 139.941313638384315, 35.896768860028764 ], [ 139.94200852676903, 35.895402500126799 ], [ 139.94209750032681, 35.895226055993426 ], [ 139.942299057275847, 35.894827166273458 ], [ 139.942463693378215, 35.894431972644831 ], [ 139.942896278209702, 35.893579277275123 ], [ 139.942925083108975, 35.893515611068928 ], [ 139.943161056831485, 35.893055610308231 ], [ 139.943155944482868, 35.893033528042835 ], [ 139.943219889124833, 35.892889528790363 ], [ 139.94319188991193, 35.892838109793104 ], [ 139.943216110992864, 35.89279752800261 ] ] ] } },
{ "type": "Feature", "properties": { "P12_001": 10202, "P12_002": "オスカーパークゴルフ公園", "P12_003": "12", "P12_004": "12221", "P12_005": "‐", "P12_006": "八千代市島田台向原1177", "P12_007": 4 }, "geometry": { "type": "Polygon", "coordinates": [ [ [ 140.090688997711027, 35.772365971330423 ], [ 140.090686548424458, 35.772311778940463 ], [ 140.090679212381445, 35.77225779524354 ], [ 140.090667017512459, 35.77220423105139 ], [ 140.090650011084477, 35.772151292938347 ], [ 140.090628257552339, 35.772099183241302 ], [ 140.090601841781734, 35.772048108534577 ], [ 140.090570867974719, 35.77199826162088 ], [ 140.090535454298674, 35.771949837421623 ], [ 140.090495736108892, 35.771903024502073 ], [ 140.09045187024563, 35.771858001893328 ], [ 140.090404024291701, 35.771814944389028 ], [ 140.090352384092057, 35.771774018307994 ], [ 140.090297149456916, 35.771735382553558 ], [ 140.090238532013274, 35.771699186494835 ], [ 140.090176762724525, 35.77166557208546 ], [ 140.09011207792534, 35.771634664329397 ], [ 140.090044726841398, 35.77160658717122 ], [ 140.089974973737782, 35.771581448665209 ], [ 140.089903085028169, 35.771559344153346 ], [ 140.089829338942906, 35.771540360502783 ], [ 140.089754021232068, 35.771524570809056 ], [ 140.089677426239774, 35.771512036514778 ], [ 140.089599847235831, 35.771502807409668 ], [ 140.089521583935607, 35.771496915274376 ], [ 140.089442941425688, 35.771494386592792 ], [ 140.089364221569838, 35.771495230899127 ], [ 140.089285731603184, 35.771499441837243 ], [ 140.089207773389546, 35.771507006694868 ], [ 140.089130647718491, 35.771517893691339 ], [ 140.089054655379613, 35.771532061511799 ], [ 140.088980088568462, 35.771549457188463 ], [ 140.088907235183711, 35.77157001080387 ], [ 140.088836377752642, 35.771593643965723 ], [ 140.088767792357146, 35.771620265569439 ], [ 140.088701744336646, 35.771649771798181 ], [ 140.088638485065218, 35.771682048241551 ], [ 140.08857826376854, 35.771716972014325 ], [ 140.088521311410062, 35.771754405400273 ], [ 140.088467847136485, 35.771794204327051 ], [ 140.088418080426209, 35.771836217306827 ], [ 140.088372201421294, 35.771880278020781 ], [ 140.088330388446906, 35.771926219090751 ], [ 140.088292804788892, 35.771973860426293 ], [ 140.088259594396504, 35.77202301981827 ], [ 140.088230886179616, 35.772073504463982 ], [ 140.088206789711506, 35.77212512156072 ], [ 140.088187400600333, 35.772177670890294 ], [ 140.088172792969232, 35.772230946937746 ], [ 140.088163023753367, 35.772284748425527 ], [ 140.088158128402938, 35.772338862423176 ], [ 140.088158128402938, 35.772393080237663 ], [ 140.088163023753367, 35.772447194235319 ], [ 140.088172792969232, 35.772500994663737 ], [ 140.088187400600333, 35.772554271770545 ], [ 140.088206789711506, 35.772606820040764 ], [ 140.088230886179616, 35.772658438196864 ], [ 140.088259594396504, 35.772708922842568 ], [ 140.088292804788892, 35.772758081175191 ], [ 140.088330388446906, 35.772805723570094 ], [ 140.088372201421294, 35.772851663580703 ], [ 140.088418080426209, 35.772895725354019 ], [ 140.088467847136485, 35.772937738333788 ], [ 140.088521311410062, 35.772977537260573 ], [ 140.08857826376854, 35.773014970646521 ], [ 140.088638485065218, 35.773049894419287 ], [ 140.088701744336646, 35.773082170862658 ], [ 140.088767792357146, 35.773111676032045 ], [ 140.088836377752642, 35.773138297635761 ], [ 140.088907235183711, 35.773161931856968 ], [ 140.088980088568462, 35.773182485472375 ], [ 140.089054655379613, 35.773199880089685 ], [ 140.089130647718491, 35.7732140489695 ], [ 140.089207773389546, 35.77322493596597 ], [ 140.089285731603184, 35.773232499764241 ], [ 140.089364221569838, 35.773236711761712 ], [ 140.089442941425688, 35.773237556068047 ], [ 140.089521583935607, 35.77323502738647 ], [ 140.089599847235831, 35.773229135251178 ], [ 140.089677426239774, 35.773219905086705 ], [ 140.089754021232068, 35.773207371851782 ], [ 140.089829338942906, 35.773191582158056 ], [ 140.089903085028169, 35.773172598507493 ], [ 140.089974973737782, 35.773150493995637 ], [ 140.090044726841398, 35.773125355489618 ], [ 140.09011207792534, 35.773097278331448 ], [ 140.090176762724525, 35.773066370575378 ], [ 140.090238532013274, 35.773032755106655 ], [ 140.090297149456916, 35.772996560107281 ], [ 140.090352384092057, 35.77295792329349 ], [ 140.090404024291701, 35.77291699827181 ], [ 140.09045187024563, 35.772873940767511 ], [ 140.090495736108892, 35.772828918158766 ], [ 140.090535454298674, 35.772782104179861 ], [ 140.090570867974719, 35.772733681039959 ], [ 140.090601841781734, 35.772683834126262 ], [ 140.090628257552339, 35.772632758360182 ], [ 140.090650011084477, 35.772580649722492 ], [ 140.090667017512459, 35.772527711609449 ], [ 140.090679212381445, 35.772474146357951 ], [ 140.090686548424458, 35.772420163720376 ], [ 140.090688997711027, 35.772365971330423 ] ] ] } },
{ "type": "Feature", "properties": { "P12_001": 10210, "P12_002": "誕生寺", "P12_003": "12", "P12_004": "12223", "P12_005": "‐", "P12_006": "鴨川市小湊183", "P12_007": 2 }, "geometry": { "type": "Polygon", "coordinates": [ [ [ 140.198581111432588, 35.117520277742884 ], [ 140.198551750072568, 35.117332416935291 ], [ 140.198366443280577, 35.117352000181064 ], [ 140.198395805714824, 35.117539860988657 ], [ 140.198581111432588, 35.117520277742884 ] ] ] } },
{ "type": "Feature", "properties": { "P12_001": 10218, "P12_002": "清澄寺", "P12_003": "12", "P12_004": "12223", "P12_005": "‐", "P12_006": "鴨川市清澄322-1", "P12_007": 2 }, "geometry": { "type": "Polygon", "coordinates": [ [ [ 140.151550889163815, 35.161167527365947 ], [ 140.151626444283551, 35.16115086158522 ], [ 140.151640055012052, 35.161128083323263 ], [ 140.151619500341241, 35.161066138569751 ], [ 140.151585332793445, 35.160964749773562 ], [ 140.151578388851163, 35.160930862050471 ], [ 140.151557833106096, 35.160851971846384 ], [ 140.151541722601365, 35.160855306697499 ], [ 140.151516722690246, 35.160863359918011 ], [ 140.151442000113093, 35.160878917612884 ], [ 140.151238666357017, 35.160924194466951 ], [ 140.151226444631845, 35.160933638621238 ], [ 140.15127755630121, 35.16109863853714 ], [ 140.151294222192433, 35.161161138392927 ], [ 140.151310889157912, 35.161218360539614 ], [ 140.151550889163815, 35.161167527365947 ] ] ] } },
{ "type": "Feature", "properties": { "P12_001": 10222, "P12_002": "魚見塚一戦場公園", "P12_003": "12", "P12_004": "12223", "P12_005": "‐", "P12_006": "鴨川市貝渚3277", "P12_007": 4 }, "geometry": { "type": "Polygon", "coordinates": [ [ [ 140.096159539445381, 35.09360065769134 ], [ 140.096157505892961, 35.093555374481141 ], [ 140.096151415978227, 35.093510266064591 ], [ 140.096141291186115, 35.093465505116654 ], [ 140.096127172338072, 35.093421269609038 ], [ 140.096109113146525, 35.093377726919918 ], [ 140.096087184511902, 35.093335047605535 ], [ 140.096061471299805, 35.093293394806636 ], [ 140.096032070192621, 35.093252930604599 ], [ 140.095999097209159, 35.093213812843409 ], [ 140.095962679110755, 35.09317619089218 ], [ 140.095922958772462, 35.093140210941975 ], [ 140.095880087663346, 35.093106012827725 ], [ 140.09583423229185, 35.093073728968861 ], [ 140.095785569909054, 35.093043483309984 ], [ 140.095734288508424, 35.093015392380188 ], [ 140.095680587900148, 35.092989566352458 ], [ 140.095624676488455, 35.092966104806194 ], [ 140.095566766974571, 35.092945098845988 ], [ 140.095507086024924, 35.092926627923489 ], [ 140.095445862454397, 35.092910765134235 ], [ 140.095383334746202, 35.092897570861481 ], [ 140.09531974675474, 35.092887097013651 ], [ 140.095255341260184, 35.09287938384626 ], [ 140.095190368562413, 35.092874461021246 ], [ 140.095125081109813, 35.092872348666383 ], [ 140.095059729202319, 35.092873053137787 ], [ 140.094994566362544, 35.092876573376117 ], [ 140.094929847187416, 35.09288289349103 ], [ 140.094865817679846, 35.092891991236058 ], [ 140.094802730288166, 35.09290383059313 ], [ 140.094740824569868, 35.092918367069302 ], [ 140.094680343305072, 35.092935541340665 ], [ 140.09462151960571, 35.092955288786541 ], [ 140.094564581212467, 35.092977535252039 ], [ 140.094509748346269, 35.093002189632593 ], [ 140.094457231559858, 35.093029161882981 ], [ 140.094407237108896, 35.09305834394894 ], [ 140.094359955135445, 35.093089623538788 ], [ 140.094315569335919, 35.093122882004707 ], [ 140.094274253738604, 35.093157986927267 ], [ 140.094236165183787, 35.093194805887023 ], [ 140.094201454066251, 35.093233194811631 ], [ 140.09417025251858, 35.093273004331969 ], [ 140.094142681930805, 35.093314081900836 ], [ 140.094118848653608, 35.093356269674267 ], [ 140.09409884399804, 35.09339940133345 ], [ 140.094082747458515, 35.093443311618927 ], [ 140.094070620267189, 35.093487831033812 ], [ 140.094062509691014, 35.093532786903168 ], [ 140.09405844580894, 35.093578005492688 ], [ 140.09405844580894, 35.09362331200871 ], [ 140.094062509691014, 35.093668529538874 ], [ 140.094070620267189, 35.093713485408223 ], [ 140.094082747458515, 35.093758005882471 ], [ 140.09409884399804, 35.093801916167941 ], [ 140.094118848653608, 35.093845047827124 ], [ 140.094142681930805, 35.093887234541199 ], [ 140.09417025251858, 35.093928312110073 ], [ 140.094201454066251, 35.093968122689759 ], [ 140.094236165183787, 35.094006511614367 ], [ 140.094274253738604, 35.094043329514768 ], [ 140.094315569335919, 35.094078435496684 ], [ 140.094359955135445, 35.094111692903255 ], [ 140.094407237108896, 35.094142973552458 ], [ 140.094457231559858, 35.094172155618416 ], [ 140.094509748346269, 35.094199126809443 ], [ 140.094564581212467, 35.094223782249351 ], [ 140.09462151960571, 35.094246027655494 ], [ 140.094680343305072, 35.094265776160725 ], [ 140.094740824569868, 35.094282950432095 ], [ 140.094802730288166, 35.094297486908268 ], [ 140.094865817679846, 35.094309326265332 ], [ 140.094929847187416, 35.094318422951012 ], [ 140.094994566362544, 35.094324744125281 ], [ 140.095059729202319, 35.094328263304249 ], [ 140.095125081109813, 35.094328968835015 ], [ 140.095190368562413, 35.094326855420789 ], [ 140.095255341260184, 35.094321933655138 ], [ 140.09531974675474, 35.094314220487746 ], [ 140.095383334746202, 35.094303746639916 ], [ 140.095445862454397, 35.094290552367163 ], [ 140.095507086024924, 35.094274689577908 ], [ 140.095566766974571, 35.09425621865541 ], [ 140.095624676488455, 35.094235212695196 ], [ 140.095680587900148, 35.09421175114894 ], [ 140.095734288508424, 35.094185924061847 ], [ 140.095785569909054, 35.094157834191414 ], [ 140.09583423229185, 35.09412758853253 ], [ 140.095880087663346, 35.094095304673665 ], [ 140.095922958772462, 35.094061106559415 ], [ 140.095962679110755, 35.094025126609218 ], [ 140.095999097209159, 35.093987504657989 ], [ 140.096032070192621, 35.093948386896791 ], [ 140.096061471299805, 35.093907922694761 ], [ 140.096087184511902, 35.093866269895855 ], [ 140.096109113146525, 35.093823589522117 ], [ 140.096127172338072, 35.093780047892359 ], [ 140.096141291186115, 35.093735811325388 ], [ 140.096151415978227, 35.093691051436799 ], [ 140.096157505892961, 35.093645941960901 ], [ 140.096159539445381, 35.09360065769134 ] ] ] } },
{ "type": "Feature", "properties": { "P12_001": 10225, "P12_002": "仁右衛門島", "P12_003": "12", "P12_004": "12223", "P12_005": "‐", "P12_006": "鴨川市太海浜445", "P12_007": 2 }, "geometry": { "type": "Polygon", "coordinates": [ [ [ 140.103421248752682, 35.078025389169952 ], [ 140.10342930561643, 35.078089777856597 ], [ 140.103449556274882, 35.078251610299553 ], [ 140.103566721336051, 35.078248610204781 ], [ 140.103566778271215, 35.078260500410913 ], [ 140.103565973659101, 35.078355694096139 ], [ 140.103642916707912, 35.078356082879608 ], [ 140.10364541648417, 35.078298471949452 ], [ 140.103633888723493, 35.078297361744887 ], [ 140.103630860416985, 35.078254361445786 ], [ 140.103624887595316, 35.078208861067708 ], [ 140.103492305993939, 35.078212748902395 ], [ 140.103476526357724, 35.078089667683628 ], [ 140.103467500521845, 35.07801647257471 ], [ 140.103537861650096, 35.077950611383919 ], [ 140.103596306139735, 35.077889693145892 ], [ 140.103673889440643, 35.077798693449083 ], [ 140.103729306698028, 35.077767473183144 ], [ 140.103833694647506, 35.077724972899837 ], [ 140.103870582192513, 35.077709889796232 ], [ 140.103973500570049, 35.077681500128186 ], [ 140.104182138965228, 35.077592834191549 ], [ 140.104219389606214, 35.077591083076904 ], [ 140.104278582847058, 35.077591556608816 ], [ 140.104340944046726, 35.077564193456247 ], [ 140.104425721589848, 35.077496583269529 ], [ 140.104458332551559, 35.077468917141289 ], [ 140.104559750203947, 35.07742711073584 ], [ 140.104654498921661, 35.077383110405144 ], [ 140.104685582302011, 35.077371527412112 ], [ 140.104786194268002, 35.077358444371683 ], [ 140.104826304558514, 35.077352805422358 ], [ 140.1049354170529, 35.077320055447075 ], [ 140.104955805215184, 35.077306749941997 ], [ 140.104967556419524, 35.077274583671596 ], [ 140.104960527611581, 35.077260359705292 ], [ 140.104899387832461, 35.077201028381808 ], [ 140.10486447153346, 35.077188527986905 ], [ 140.1048283069577, 35.077181972695072 ], [ 140.104827833214131, 35.07716974879196 ], [ 140.104859416120036, 35.07714733177022 ], [ 140.104887444337635, 35.077141639853117 ], [ 140.104911057393906, 35.077148972711889 ], [ 140.104952779057157, 35.077170888658479 ], [ 140.10500208384056, 35.077176306202503 ], [ 140.105047944583276, 35.077163249645963 ], [ 140.105107418202977, 35.077110721503495 ], [ 140.105114917531751, 35.077114082838499 ], [ 140.10506369414054, 35.07716827734717 ], [ 140.105057582740812, 35.077177305174736 ], [ 140.105059750574299, 35.077207722449209 ], [ 140.105067970723809, 35.077213360339179 ], [ 140.105100860990149, 35.07721777679226 ], [ 140.105117999550714, 35.077211556256763 ], [ 140.105161056504841, 35.077177083769442 ], [ 140.105185056290566, 35.077172528540792 ], [ 140.105289833118007, 35.077157639299237 ], [ 140.105318640165791, 35.077157000507867 ], [ 140.105332304606719, 35.077149082884866 ], [ 140.105345250375393, 35.077131583391356 ], [ 140.105351333844652, 35.077103972349605 ], [ 140.105393276803085, 35.07707805733601 ], [ 140.105445056655014, 35.077046860375894 ], [ 140.105455945237821, 35.077024860740224 ], [ 140.105452472192411, 35.077008528656478 ], [ 140.10544963832487, 35.07699333220183 ], [ 140.105422194498459, 35.076978167527848 ], [ 140.105391361418015, 35.07697994406702 ], [ 140.105361222302093, 35.076989583142719 ], [ 140.105337389024868, 35.077029056847358 ], [ 140.105265417598105, 35.07701855651564 ], [ 140.105224944211614, 35.077014667621604 ], [ 140.105357361452974, 35.076844222618426 ], [ 140.105375110186685, 35.076825028156122 ], [ 140.105398360146978, 35.076813167611945 ], [ 140.105559888448425, 35.076740667440241 ], [ 140.105580388332555, 35.076728221072472 ], [ 140.105599528218079, 35.076712972709402 ], [ 140.105611778947974, 35.076700557062942 ], [ 140.1056426668151, 35.076602028526594 ], [ 140.105653110659006, 35.076555529176282 ], [ 140.105650943899803, 35.076540887823917 ], [ 140.105624971793816, 35.076525915952637 ], [ 140.105591028763939, 35.076535444855352 ], [ 140.105526138783318, 35.076572943921342 ], [ 140.105486389440301, 35.076630667143185 ], [ 140.105436999791266, 35.076688000522196 ], [ 140.105428779641755, 35.076682140167577 ], [ 140.105462610949758, 35.076637360151231 ], [ 140.105512499050093, 35.076563193613325 ], [ 140.105565916056776, 35.076498972304847 ], [ 140.105591193123985, 35.076478611492135 ], [ 140.105624722568166, 35.076466167243076 ], [ 140.105656165821756, 35.07644186033113 ], [ 140.105684917008602, 35.076392694583021 ], [ 140.105676278976404, 35.07636652850217 ], [ 140.105665611688806, 35.076357111891127 ], [ 140.105573417534032, 35.076359778288925 ], [ 140.105569556684941, 35.076355278146757 ], [ 140.105690388156205, 35.07625261070848 ], [ 140.105693000728564, 35.076172472583615 ], [ 140.105683306710091, 35.076149388167913 ], [ 140.105666110140106, 35.076124638445364 ], [ 140.105656750212944, 35.076108416534595 ], [ 140.105626499375177, 35.07608788940307 ], [ 140.105602667172207, 35.076069777602086 ], [ 140.10558077721052, 35.076004861356402 ], [ 140.105562860894025, 35.075989527185541 ], [ 140.105536500984329, 35.075989722106954 ], [ 140.105477860981466, 35.07599605493413 ], [ 140.105462721597348, 35.075975806413105 ], [ 140.105435889018338, 35.075945999327402 ], [ 140.105398249499387, 35.075934722488107 ], [ 140.105364638412311, 35.075924306904831 ], [ 140.105352139531021, 35.075910139084371 ], [ 140.105349999628004, 35.075872944053408 ], [ 140.105365000434062, 35.07585094335839 ], [ 140.10539030543174, 35.075837360302167 ], [ 140.105421722903372, 35.075827417191441 ], [ 140.105447999021663, 35.075820388367703 ], [ 140.10550122158935, 35.075811778985553 ], [ 140.105583972025556, 35.075824249718494 ], [ 140.105597638614967, 35.075841694125515 ], [ 140.105631277632511, 35.075860138564124 ], [ 140.105663165624975, 35.075864582560449 ], [ 140.105683581717727, 35.0758708327579 ], [ 140.105693388532274, 35.075882360664451 ], [ 140.105665193806146, 35.075970083774692 ], [ 140.105671138697346, 35.075986583236606 ], [ 140.105709557046453, 35.076010722770384 ], [ 140.105761693548885, 35.076019639365626 ], [ 140.10581649955887, 35.076015001507251 ], [ 140.10586858342316, 35.076009250266239 ], [ 140.105954166652651, 35.075983139271877 ], [ 140.106017749272866, 35.075948611698067 ], [ 140.106051917894888, 35.075917555632223 ], [ 140.106053222032585, 35.075895027378166 ], [ 140.106046279164531, 35.075871360316938 ], [ 140.106012639072759, 35.075853415894123 ], [ 140.105971528656909, 35.075850139307562 ], [ 140.105940028468126, 35.075863168320858 ], [ 140.105935222280351, 35.075857527252822 ], [ 140.105993388539616, 35.07582697120278 ], [ 140.1060474167937, 35.075804887878022 ], [ 140.106106944125827, 35.075774332887335 ], [ 140.106126415954122, 35.075777249293026 ], [ 140.106139918183516, 35.075794527381234 ], [ 140.106177056028429, 35.075805083858789 ], [ 140.106218222305188, 35.075787666995012 ], [ 140.106313029032293, 35.0757034164521 ], [ 140.10635197054043, 35.075676860528425 ], [ 140.106413333763243, 35.075568555200171 ], [ 140.106428387207472, 35.07555949982936 ], [ 140.106435222650674, 35.07555988861283 ], [ 140.10644755609772, 35.075560583550036 ], [ 140.106485222472855, 35.075550360769462 ], [ 140.106526860344729, 35.07550630641164 ], [ 140.106568083556652, 35.075378305545925 ], [ 140.106585139400096, 35.075301667531633 ], [ 140.106558861133294, 35.075246528077862 ], [ 140.106568333856558, 35.075201417542601 ], [ 140.106564807098749, 35.075178888229189 ], [ 140.106546251604414, 35.075159222353683 ], [ 140.106520831662152, 35.075144640325227 ], [ 140.106496111055662, 35.075133442937592 ], [ 140.106453721209846, 35.075142555513601 ], [ 140.106433833647372, 35.075148611848995 ], [ 140.106409167827564, 35.075156167172423 ], [ 140.106383110855944, 35.075157333522824 ], [ 140.106333332328944, 35.075135805300356 ], [ 140.106309693490715, 35.075122583484358 ], [ 140.106271971254642, 35.075111971920315 ], [ 140.106230777047415, 35.075096832670866 ], [ 140.106195778031264, 35.075069860420484 ], [ 140.106146389456484, 35.075063222498919 ], [ 140.106101888712374, 35.075074611629901 ], [ 140.106047861532574, 35.075118111944796 ], [ 140.106017167030188, 35.075148611848995 ], [ 140.106007583659306, 35.075152555829526 ], [ 140.105995917320598, 35.075152583372763 ], [ 140.105999943603962, 35.075127222402095 ], [ 140.105985500332906, 35.075119942511101 ], [ 140.105967056560388, 35.075121972236239 ], [ 140.105919860526797, 35.075159527448065 ], [ 140.105884944227796, 35.075228361190391 ], [ 140.105835499792079, 35.075349583240254 ], [ 140.1058246112093, 35.075368751218676 ], [ 140.105814611030013, 35.075380055601215 ], [ 140.10577952929674, 35.075403806351524 ], [ 140.105573611973028, 35.075525388582257 ], [ 140.105557890346233, 35.07553219388199 ], [ 140.105543471782852, 35.075533361291754 ], [ 140.105468277610612, 35.075534943968869 ], [ 140.105456387828212, 35.075543360548316 ], [ 140.105447999021663, 35.075568527656927 ], [ 140.105456139676789, 35.075585278186097 ], [ 140.105475750083173, 35.075598500002094 ], [ 140.105477916842403, 35.075621915996066 ], [ 140.105477944772844, 35.075644111612498 ], [ 140.105472082598794, 35.075662083578557 ], [ 140.105457693040137, 35.075678555497227 ], [ 140.105414471725993, 35.07570972173604 ], [ 140.105391165904763, 35.075730751002069 ], [ 140.105379333057556, 35.0757499708889 ], [ 140.105367443275156, 35.07575211184637 ], [ 140.105299556141205, 35.075753084334721 ], [ 140.105270498793516, 35.075662443759427 ], [ 140.105254501084858, 35.075645832005833 ], [ 140.105228527904615, 35.075628417260766 ], [ 140.105194221778788, 35.07561077793234 ], [ 140.105175667358679, 35.075591083454235 ], [ 140.105159527849224, 35.075576860547294 ], [ 140.105118332567741, 35.075580111709321 ], [ 140.105100943707271, 35.075590139568483 ], [ 140.105082472004312, 35.075593555989975 ], [ 140.105059832217165, 35.075587417024849 ], [ 140.105025221004752, 35.075571250200568 ], [ 140.105018415640501, 35.075571250200568 ], [ 140.104978081906324, 35.075578694291664 ], [ 140.104952694191525, 35.07559969389574 ], [ 140.104915388763857, 35.075644083009898 ], [ 140.104869611812546, 35.075677416690063 ], [ 140.104843417337122, 35.075711721799223 ], [ 140.1048388324445, 35.075747722936534 ], [ 140.10484694409493, 35.075759222240485 ], [ 140.104864860411425, 35.075771416481643 ], [ 140.104884388100658, 35.075769611339872 ], [ 140.104906250131876, 35.075768055146646 ], [ 140.104926110838136, 35.075764055020279 ], [ 140.104930918100195, 35.075771942981326 ], [ 140.104927442906273, 35.075781860667519 ], [ 140.104911389336706, 35.075789583369115 ], [ 140.104853890185751, 35.075803916449033 ], [ 140.104794055618527, 35.075826749797478 ], [ 140.104791111103395, 35.075825193604246 ], [ 140.104790250630344, 35.075814193256733 ], [ 140.104816305453454, 35.075730499934814 ], [ 140.104819500268519, 35.075661807086775 ], [ 140.104819471263795, 35.075642639108352 ], [ 140.104804278167251, 35.075621278264052 ], [ 140.10475502817053, 35.075585499591398 ], [ 140.104645639594281, 35.075523249743505 ], [ 140.104599721916401, 35.075512167825622 ], [ 140.104584831757933, 35.075511139191427 ], [ 140.104560193868593, 35.075516083203546 ], [ 140.104532555603186, 35.075522722184466 ], [ 140.104444639105935, 35.075514249459175 ], [ 140.104405138988596, 35.075519250676493 ], [ 140.104367306104905, 35.075529111157486 ], [ 140.104315139523521, 35.075554027198848 ], [ 140.104204082639342, 35.075660943712037 ], [ 140.104194527198928, 35.075678999367184 ], [ 140.104189111912234, 35.075700971459604 ], [ 140.104187833556523, 35.075720139438026 ], [ 140.104181668444369, 35.075724667123431 ], [ 140.104147498748091, 35.075740583939819 ], [ 140.104103917560707, 35.075833582640449 ], [ 140.103923028078526, 35.075845250381931 ], [ 140.103857943658909, 35.075858917127235 ], [ 140.103797806153636, 35.075861554922433 ], [ 140.103795193581277, 35.075859805926498 ], [ 140.103800305929894, 35.075853166945578 ], [ 140.103868527155129, 35.075800942838143 ], [ 140.103882859778622, 35.0757771666633 ], [ 140.103879444742631, 35.075765639816105 ], [ 140.103857778224636, 35.075757305866382 ], [ 140.103820611375028, 35.075762111102932 ], [ 140.103705083468583, 35.075841831841728 ], [ 140.103678971710309, 35.075830027443395 ], [ 140.103702167958176, 35.075802942901326 ], [ 140.103703527956753, 35.075788860888665 ], [ 140.103700054911371, 35.075774777816648 ], [ 140.103679444379651, 35.075768639910883 ], [ 140.103654778559843, 35.075764722414242 ], [ 140.103617749214038, 35.07576144370897 ], [ 140.103574638547485, 35.075772250194426 ], [ 140.10355955609856, 35.075786360809687 ], [ 140.103536943167626, 35.07578697099845 ], [ 140.103530751199258, 35.075772332824151 ], [ 140.103510109514332, 35.075750970920495 ], [ 140.103351778176432, 35.075745139168468 ], [ 140.103260028760531, 35.075758305897978 ], [ 140.103093582549462, 35.075804860334777 ], [ 140.103074471668634, 35.075816194379279 ], [ 140.103062139295844, 35.07583086115617 ], [ 140.103061557053167, 35.075846640256344 ], [ 140.103045860134074, 35.075862443721697 ], [ 140.103020528280211, 35.075874331809118 ], [ 140.10298922145617, 35.075874555333122 ], [ 140.102969110450005, 35.075871638927431 ], [ 140.102949249743745, 35.075867998981934 ], [ 140.102922916690261, 35.075871917537931 ], [ 140.102902139650013, 35.075884194408822 ], [ 140.102892860291462, 35.07590341641437 ], [ 140.102894222438579, 35.075926471168117 ], [ 140.10291766683784, 35.075960305923431 ], [ 140.102969223246106, 35.075997888678501 ], [ 140.102954388948547, 35.076008416553464 ], [ 140.102924639784845, 35.076016167857652 ], [ 140.102905528904046, 35.076015501523045 ], [ 140.102816916293762, 35.075947611666471 ], [ 140.102776084108285, 35.075934056153493 ], [ 140.102749332097886, 35.075941111461127 ], [ 140.102729471391626, 35.075962806002408 ], [ 140.102726555881191, 35.075987278173812 ], [ 140.102734444087929, 35.076003444998101 ], [ 140.102749639332956, 35.076019000574263 ], [ 140.102835361140507, 35.076051666860458 ], [ 140.102920471700656, 35.076093168171525 ], [ 140.102913443966969, 35.076100028557747 ], [ 140.102852361123013, 35.076116915743768 ], [ 140.10276188791434, 35.076147528999009 ], [ 140.102732888576099, 35.076166028524106 ], [ 140.102703389712275, 35.076180860560463 ], [ 140.102650833178672, 35.07621658308728 ], [ 140.102625417533403, 35.076238638868787 ], [ 140.102611888447797, 35.076259999713088 ], [ 140.10257855666535, 35.076310832886755 ], [ 140.102562751247149, 35.076319833171084 ], [ 140.102552221463355, 35.076343611464637 ], [ 140.102553334384822, 35.076359916005138 ], [ 140.102564359397178, 35.076381305452038 ], [ 140.102576749779359, 35.076393111969089 ], [ 140.102611055905214, 35.076407111352019 ], [ 140.102650138139893, 35.076416610592787 ], [ 140.102685834343305, 35.076418222931856 ], [ 140.10272480700462, 35.076407972608038 ], [ 140.102763138339611, 35.07638875060249 ], [ 140.102785749122035, 35.076383056566684 ], [ 140.102841331813664, 35.076379972782817 ], [ 140.102871083125876, 35.076386193318314 ], [ 140.10290255538419, 35.07639836107559 ], [ 140.102896666353899, 35.076413389092714 ], [ 140.102849971994345, 35.076422221998868 ], [ 140.102746692669314, 35.076418610655971 ], [ 140.102681389102997, 35.076465221238614 ], [ 140.102665276449756, 35.07647852886241 ], [ 140.102668306904775, 35.076486555599033 ], [ 140.102694277936507, 35.07650397246281 ], [ 140.102725750194821, 35.07651230535317 ], [ 140.102759749085578, 35.076518833101758 ], [ 140.102824332905413, 35.076519750503621 ], [ 140.102852667283855, 35.076515860550224 ], [ 140.102850638028428, 35.076526000701072 ], [ 140.102796528131478, 35.076528944650008 ], [ 140.102727249845714, 35.076516722865605 ], [ 140.10270258295165, 35.076519583125453 ], [ 140.102681444963935, 35.076551194293572 ], [ 140.102678778679149, 35.076579916599243 ], [ 140.102715999241184, 35.076634499891384 ], [ 140.102775138769601, 35.076696888514846 ], [ 140.102815611081837, 35.076710249106412 ], [ 140.102849194238445, 35.076719499398635 ], [ 140.102884250189732, 35.076744528791032 ], [ 140.102905499899322, 35.076750111594521 ], [ 140.102923305568197, 35.076747250275318 ], [ 140.103005416826562, 35.076700888641213 ], [ 140.103145779209825, 35.076653805586012 ], [ 140.103218973131362, 35.076623221992733 ], [ 140.103242277878309, 35.076613028874107 ], [ 140.103268971879288, 35.076607887821865 ], [ 140.103310777333917, 35.076603832609017 ], [ 140.103352360419109, 35.076604832640605 ], [ 140.103423361799457, 35.076615500350492 ], [ 140.10348488830806, 35.076614166621916 ], [ 140.103567276722515, 35.076582667745477 ], [ 140.103618555974663, 35.076537139824154 ], [ 140.10368886016775, 35.076458056817373 ], [ 140.103721110181965, 35.076449249335745 ], [ 140.103760139778473, 35.076430304881335 ], [ 140.103944528087993, 35.076348305468862 ], [ 140.104017111836413, 35.076319973006008 ], [ 140.104041888303811, 35.076316832016957 ], [ 140.104083945132572, 35.076306943992719 ], [ 140.104123028441506, 35.07630091731928 ], [ 140.104150666706914, 35.076297693700489 ], [ 140.104172611455283, 35.076307777705495 ], [ 140.10417474920979, 35.076321305675229 ], [ 140.104095167806662, 35.076361056931013 ], [ 140.10401858248261, 35.076410472687023 ], [ 140.103990888356265, 35.076426111952266 ], [ 140.103962918148085, 35.076443972686 ], [ 140.103937137258328, 35.076464888600988 ], [ 140.103786332105386, 35.076579111489067 ], [ 140.103717971227837, 35.076643472632469 ], [ 140.10370035999793, 35.076696472188132 ], [ 140.103711472024429, 35.076739277565821 ], [ 140.103744472938331, 35.076770749958371 ], [ 140.103776777739228, 35.076801111087001 ], [ 140.103780943674906, 35.076814057470564 ], [ 140.103784442502274, 35.07684108268873 ], [ 140.103774861279902, 35.076854056615538 ], [ 140.103759832543403, 35.076861972119829 ], [ 140.103731722682909, 35.076851915658068 ], [ 140.103608777090557, 35.076785694286407 ], [ 140.103578611118451, 35.076777332793448 ], [ 140.103549862080087, 35.076777388939291 ], [ 140.103513555703529, 35.076780306404338 ], [ 140.103348499569989, 35.076816721749651 ], [ 140.10332452878896, 35.07682916599871 ], [ 140.103321139534955, 35.076842138866162 ], [ 140.103325306544889, 35.076859028170894 ], [ 140.103348667152773, 35.076871360128273 ], [ 140.103350721115902, 35.076881500279121 ], [ 140.103295277002331, 35.076897416036154 ], [ 140.103264472926583, 35.076896916020353 ], [ 140.103209555194752, 35.076888583129993 ], [ 140.103181443185775, 35.076884139133668 ], [ 140.103158861408048, 35.076883639117874 ], [ 140.103134833691854, 35.076887639244241 ], [ 140.103100695148754, 35.076909666423155 ], [ 140.103022110648254, 35.076974082653038 ], [ 140.102985943924011, 35.077024305637941 ], [ 140.102970971048393, 35.077060972050504 ], [ 140.102969721697406, 35.077097028274302 ], [ 140.103015942313363, 35.077178611360068 ], [ 140.103036527063125, 35.077205610094346 ], [ 140.103045556121771, 35.077226999541246 ], [ 140.103041470754704, 35.077237138632732 ], [ 140.103036832149684, 35.07728561050299 ], [ 140.102994610960906, 35.077362890486718 ], [ 140.102924942722922, 35.0774357222367 ], [ 140.102794389302716, 35.077546443954844 ], [ 140.10276436190864, 35.077592721899862 ], [ 140.102739167558582, 35.07763727733284 ], [ 140.102705167593541, 35.077716221564053 ], [ 140.102698443872185, 35.077754556461535 ], [ 140.10269850080735, 35.077775389746797 ], [ 140.102713027869839, 35.077800722114866 ], [ 140.102742555738359, 35.077830499538614 ], [ 140.102773471535926, 35.077848471504673 ], [ 140.102828360263032, 35.077870304821531 ], [ 140.10290105573327, 35.077889306481133 ], [ 140.103040862730069, 35.077873221227222 ], [ 140.103068277551785, 35.077882138881819 ], [ 140.103143889606713, 35.077949582749724 ], [ 140.103216638789377, 35.077984332788191 ], [ 140.103256471923743, 35.078000028199284 ], [ 140.1032797788192, 35.078016305196542 ], [ 140.1032992216428, 35.0780808888046 ], [ 140.103303417657457, 35.078090055407742 ], [ 140.103304167482918, 35.078091721773937 ], [ 140.103318472175943, 35.078102418086424 ], [ 140.103348639222304, 35.078104055850027 ], [ 140.103380138336831, 35.078092777951376 ], [ 140.103388139339643, 35.078089861545685 ], [ 140.103389667995259, 35.078089305384047 ], [ 140.103407416728999, 35.078059416727967 ], [ 140.103421248752682, 35.078025389169952 ] ] ] } },
{ "type": "Feature", "properties": { "P12_001": 10226, "P12_002": "鏡忍寺", "P12_003": "12", "P12_004": "12223", "P12_005": "‐", "P12_006": "鴨川市広場1413", "P12_007": 2 }, "geometry": { "type": "Polygon", "coordinates": [ [ [ 140.106492832449248, 35.119151943695627 ], [ 140.106430194093463, 35.119189388734483 ], [ 140.106416667156338, 35.119174083166222 ], [ 140.106337778643507, 35.119221249910503 ], [ 140.106353388548456, 35.119238860636337 ], [ 140.106302306958014, 35.119269388083779 ], [ 140.106458998992736, 35.11944538940655 ], [ 140.106613306195783, 35.11936452774188 ], [ 140.106604499506574, 35.119353193697386 ], [ 140.106649944515112, 35.119329388919944 ], [ 140.106492832449248, 35.119151943695627 ] ] ] } },
{ "type": "Feature", "properties": { "P12_001": 10248, "P12_002": "三石観音寺", "P12_003": "12", "P12_004": "12225", "P12_005": "‐", "P12_006": "君津市草川原1407　", "P12_007": 2 }, "geometry": { "type": "Polygon", "coordinates": [ [ [ 140.088943776820685, 35.20913455540429 ], [ 140.088943776820685, 35.209546517571127 ], [ 140.089463206049373, 35.209546517571127 ], [ 140.089463206049373, 35.20913455540429 ], [ 140.088943776820685, 35.20913455540429 ] ] ] } },
{ "type": "Feature", "properties": { "P12_001": 10258, "P12_002": "富津公園", "P12_003": "12", "P12_004": "12226", "P12_005": "‐", "P12_006": "富津市富津2280", "P12_007": 4 }, "geometry": { "type": "Polygon", "coordinates": [ [ [ 139.808333331829061, 35.307039943884455 ], [ 139.808325166466204, 35.307042027636726 ], [ 139.808217916718718, 35.3070779440256 ], [ 139.808110694901671, 35.307118444245717 ], [ 139.807921722773784, 35.30716486096631 ], [ 139.807617778125945, 35.307216776801297 ], [ 139.807390583162174, 35.30725530556083 ], [ 139.807273917626588, 35.307282139035642 ], [ 139.807159277049408, 35.307319000369624 ], [ 139.80705694306306, 35.307352527911846 ], [ 139.806853277364183, 35.307449805349343 ], [ 139.806650609642162, 35.307553749310998 ], [ 139.806507331748492, 35.307615805296834 ], [ 139.80606372190465, 35.307779333767947 ], [ 139.806025278847841, 35.307793499469696 ], [ 139.805785778367522, 35.307867249680896 ], [ 139.805550390110426, 35.307930943430328 ], [ 139.805329333402597, 35.307996333207925 ], [ 139.805023332643145, 35.308063360749117 ], [ 139.804792028678861, 35.308086778861806 ], [ 139.804540279617129, 35.308111888765218 ], [ 139.804397943839376, 35.3081381660784 ], [ 139.804349944267898, 35.308147056189753 ], [ 139.804025500810184, 35.308225806558909 ], [ 139.803839418410774, 35.308273305940823 ], [ 139.803835137530484, 35.308274417204743 ], [ 139.803834556362062, 35.308274500893823 ], [ 139.803638668222334, 35.308302860899914 ], [ 139.803436332443113, 35.308333333260876 ], [ 139.803431249099191, 35.308334109768452 ], [ 139.802904859814447, 35.308413389815364 ], [ 139.802780028916004, 35.308435166986378 ], [ 139.802528250849576, 35.308495499400813 ], [ 139.802407472016483, 35.308520638966186 ], [ 139.801814889687648, 35.308699970902644 ], [ 139.801634779035652, 35.308728444259778 ], [ 139.801544693630689, 35.308745167245696 ], [ 139.801522111852961, 35.308750416352197 ], [ 139.801378917750668, 35.308783722489117 ], [ 139.801192637689525, 35.308820556279855 ], [ 139.801078027191323, 35.308827250347257 ], [ 139.800967500985877, 35.308837279265781 ], [ 139.800821137850505, 35.308877499816049 ], [ 139.80072700038022, 35.30890597211382 ], [ 139.800655111670579, 35.30892158277647 ], [ 139.800626694575016, 35.308927777887433 ], [ 139.80045066606732, 35.308964610618808 ], [ 139.800297138768684, 35.309009860988994 ], [ 139.80000091689331, 35.309108417068579 ], [ 139.799999999485095, 35.309108722162968 ], [ 139.799888306645784, 35.309145889650679 ], [ 139.799778221956501, 35.309182499917405 ], [ 139.799610389964869, 35.309241167025 ], [ 139.799491638238663, 35.309279722268421 ], [ 139.799312527712033, 35.309336443339959 ], [ 139.799067917031579, 35.309413807012767 ], [ 139.798912360477544, 35.309467443241083 ], [ 139.798551056331036, 35.309601527985436 ], [ 139.798270581864415, 35.309705443344491 ], [ 139.798053612672135, 35.309777499646245 ], [ 139.797702556856308, 35.309878055789021 ], [ 139.797528583385997, 35.309923278615962 ], [ 139.79734233447806, 35.309961806316139 ], [ 139.79711308340265, 35.309993611346314 ], [ 139.796889972731691, 35.310018693706489 ], [ 139.796776362358827, 35.3100438322125 ], [ 139.796604417069688, 35.310070610600832 ], [ 139.796469331395059, 35.310099082898603 ], [ 139.796346498598808, 35.310125888830179 ], [ 139.796241110523965, 35.310144305725544 ], [ 139.796155139490764, 35.310161055195358 ], [ 139.796028221327475, 35.310192887768778 ], [ 139.795907443568638, 35.310248193541362 ], [ 139.795812249037795, 35.310264944070532 ], [ 139.795693528464824, 35.310288388667097 ], [ 139.795625971125162, 35.310313527173115 ], [ 139.795519528138271, 35.310353749842093 ], [ 139.795454027984505, 35.310372194280703 ], [ 139.795286193844333, 35.31039561133403 ], [ 139.795181779038643, 35.310412360803845 ], [ 139.79497708313545, 35.310464277698188 ], [ 139.794693582510831, 35.31054472197679 ], [ 139.79448477868138, 35.310596667473732 ], [ 139.794228917396396, 35.310651917100479 ], [ 139.793765278189284, 35.310752417097412 ], [ 139.793599471156057, 35.310785917096389 ], [ 139.793138918264873, 35.310893111160723 ], [ 139.792997666403863, 35.310935000195904 ], [ 139.792810360435396, 35.310983583298487 ], [ 139.792572917140944, 35.311062332608287 ], [ 139.792476694554324, 35.311087472173661 ], [ 139.792252555827531, 35.311122610995596 ], [ 139.792097000347752, 35.311156110994574 ], [ 139.791884112225517, 35.311187888481506 ], [ 139.791667610331302, 35.311228111150484 ], [ 139.791666666066874, 35.311228306071897 ], [ 139.791424557311188, 35.311273277831582 ], [ 139.791268999682899, 35.31130175012936 ], [ 139.790361166240785, 35.311467472525713 ], [ 139.790074582522948, 35.311516029144407 ], [ 139.789414471859175, 35.311626472252058 ], [ 139.789211806285664, 35.311653220978435 ], [ 139.78905419361999, 35.311680029028722 ], [ 139.78882494469309, 35.311726888559903 ], [ 139.788426805639773, 35.311790472136373 ], [ 139.788322417690296, 35.311805527696734 ], [ 139.787982611404772, 35.311869138816448 ], [ 139.787706278166127, 35.311924388443195 ], [ 139.787527138634744, 35.311959556927079 ], [ 139.787357249457216, 35.311991359838544 ], [ 139.786997000222755, 35.312029778425114 ], [ 139.786849612254315, 35.312051528052883 ], [ 139.786673582672336, 35.31207663901565 ], [ 139.786427916005636, 35.312140277678601 ], [ 139.78624163916723, 35.312188860781191 ], [ 139.786114804795318, 35.312210610408961 ], [ 139.785987278607394, 35.312212556445012 ], [ 139.785945888886943, 35.312218305567313 ], [ 139.785851723486189, 35.312243500219168 ], [ 139.78574961186925, 35.312266557091625 ], [ 139.785669528792084, 35.312280221718218 ], [ 139.785607026865847, 35.312294610943979 ], [ 139.785555082653872, 35.312305417429435 ], [ 139.785511109365785, 35.312316221796181 ], [ 139.785476778532228, 35.312327749702725 ], [ 139.785449918022721, 35.312345027790933 ], [ 139.785432306792814, 35.312361610941927 ], [ 139.784938111661376, 35.31244869420145 ], [ 139.784889694207237, 35.312465249809208 ], [ 139.784573249603852, 35.312558889419918 ], [ 139.784178944543413, 35.312674138823475 ], [ 139.783985000793479, 35.312731944675043 ], [ 139.78380441532363, 35.312785777943489 ], [ 139.78381847186526, 35.312824721970379 ], [ 139.783787167189729, 35.312920666738655 ], [ 139.783765138649983, 35.312981971641442 ], [ 139.783736082376549, 35.313028138354134 ], [ 139.783715804861856, 35.313058417912387 ], [ 139.783654167705691, 35.313122583075021 ], [ 139.7836268603088, 35.313155749377017 ], [ 139.783609249078893, 35.313184582915014 ], [ 139.783586333209911, 35.313230749627706 ], [ 139.783566083625686, 35.31328558292774 ], [ 139.783538749372582, 35.313365638422873 ], [ 139.783520251887666, 35.313400972166221 ], [ 139.783498221199437, 35.313439917252467 ], [ 139.783433944614671, 35.313503362053368 ], [ 139.783389917614159, 35.3135459163638 ], [ 139.783369639025238, 35.313572582460445 ], [ 139.783365222789655, 35.313604306979606 ], [ 139.783366972740453, 35.313615861370046 ], [ 139.783380166660521, 35.31363822330529 ], [ 139.783388083871984, 35.313651110364951 ], [ 139.783400526892336, 35.313691833049724 ], [ 139.783414556577753, 35.31375436150811 ], [ 139.783423944435384, 35.313770723253811 ], [ 139.783432138802965, 35.313773611056902 ], [ 139.78344155566532, 35.313773611056902 ], [ 139.783461499088702, 35.313752444074659 ], [ 139.783506138410871, 35.31369475051477 ], [ 139.78353799954715, 35.313651166510795 ], [ 139.783565749534404, 35.313614917484294 ], [ 139.783610138556668, 35.313567972145307 ], [ 139.783671165539687, 35.313511943892273 ], [ 139.78371741730885, 35.313477111224074 ], [ 139.783750693230388, 35.313440750965249 ], [ 139.783785859829294, 35.313396833264285 ], [ 139.783811751366642, 35.313363527127365 ], [ 139.783832083667988, 35.313346861346638 ], [ 139.783850583301415, 35.313343833708622 ], [ 139.783865360663782, 35.313349888984661 ], [ 139.783874612091864, 35.313366555824736 ], [ 139.783874583087169, 35.313390806590846 ], [ 139.783865332733313, 35.31342263810491 ], [ 139.783841277086651, 35.313455944241831 ], [ 139.783800582404979, 35.313508943797494 ], [ 139.783758028199145, 35.313554389089092 ], [ 139.783733971478256, 35.313575583614579 ], [ 139.783698859666032, 35.313601333368716 ], [ 139.783637832682984, 35.313651221597276 ], [ 139.783572998563272, 35.31370633350781 ], [ 139.783535415979486, 35.313749610298693 ], [ 139.783490805662041, 35.313797665842245 ], [ 139.783338192548882, 35.313903388461789 ], [ 139.783334276913109, 35.313905360981728 ], [ 139.783333332648681, 35.313905833454278 ], [ 139.783205416508537, 35.313969801576789 ], [ 139.78341671152026, 35.314317816808227 ], [ 139.783650915955462, 35.314407894865752 ], [ 139.783677027713765, 35.314404638406941 ], [ 139.78382958389173, 35.314385471487881 ], [ 139.783944583267925, 35.314361471789027 ], [ 139.784132333975265, 35.314327889160325 ], [ 139.784298972476819, 35.31431066721796 ], [ 139.784504332265584, 35.314279971332994 ], [ 139.784802388957388, 35.314251250086677 ], [ 139.78495141730329, 35.31424169364071 ], [ 139.785121555706468, 35.314235028175908 ], [ 139.785392194353818, 35.314215250008722 ], [ 139.785487082723847, 35.31417763759169 ], [ 139.785515305380414, 35.314032999547855 ], [ 139.785543807341639, 35.313814472517251 ], [ 139.78611394324804, 35.313752889003965 ], [ 139.786672638407907, 35.313721139060277 ], [ 139.786689860759878, 35.313720165512571 ], [ 139.787377972785038, 35.313652861479589 ], [ 139.787486166796953, 35.313622138051379 ], [ 139.787693472049739, 35.313587999261038 ], [ 139.788741444431452, 35.31360516717627 ], [ 139.789030888873043, 35.31365355535744 ], [ 139.789423556778729, 35.31369661074303 ], [ 139.790512917806637, 35.313751555275395 ], [ 139.791666666066874, 35.313856916654714 ], [ 139.791667610331302, 35.313857000343795 ], [ 139.791965667023135, 35.313884222602077 ], [ 139.792611999375623, 35.313943222347298 ], [ 139.794911750564438, 35.314000806793565 ], [ 139.795099305758555, 35.314007249793718 ], [ 139.795224000227421, 35.314004418136463 ], [ 139.795315861365168, 35.313996833151087 ], [ 139.795556861496408, 35.31399358198906 ], [ 139.795684472549965, 35.313979333657578 ], [ 139.795762360937459, 35.313975555995867 ], [ 139.79584666581124, 35.313972722219908 ], [ 139.796015555937657, 35.313968499628885 ], [ 139.796106832684217, 35.313962806652427 ], [ 139.796285639198544, 35.313951916477883 ], [ 139.796379806747808, 35.313948610229367 ], [ 139.796586471748469, 35.313955360442613 ], [ 139.796674859840806, 35.313958721777617 ], [ 139.796919889478175, 35.313975972322581 ], [ 139.797171333453321, 35.313989860473185 ], [ 139.797277416566942, 35.313995610654835 ], [ 139.797362888074588, 35.313994221839778 ], [ 139.797409973460617, 35.313989944162266 ], [ 139.797477415855695, 35.313987110386307 ], [ 139.797578861438524, 35.313984278729052 ], [ 139.797659112098472, 35.313984778744853 ], [ 139.79770385991975, 35.313987194075388 ], [ 139.797743418046508, 35.313988166563739 ], [ 139.797947167536762, 35.313995861722091 ], [ 139.798007055816385, 35.313998723041294 ], [ 139.79814510963962, 35.31400163838763 ], [ 139.798238721802392, 35.313999278143577 ], [ 139.79846286160344, 35.314004110923371 ], [ 139.798670109921034, 35.314018944019082 ], [ 139.798756138963682, 35.314023750314988 ], [ 139.798962832969067, 35.314034778205738 ], [ 139.799443611810972, 35.314071166007807 ], [ 139.799554972707483, 35.314084528718084 ], [ 139.799715417092216, 35.314086972651225 ], [ 139.799973832940111, 35.31410133327438 ], [ 139.799999999485095, 35.3141026945462 ], [ 139.800000971679992, 35.314102750692044 ], [ 139.800239806126228, 35.314115250027584 ], [ 139.800479610618908, 35.314123889071688 ], [ 139.800733390010294, 35.314134943446334 ], [ 139.800954028835463, 35.314150250073951 ], [ 139.801093833683751, 35.314168888374617 ], [ 139.801162415856481, 35.314177471272878 ], [ 139.801201942830033, 35.314181778612344 ], [ 139.801338306860373, 35.314182778643932 ], [ 139.801388277677859, 35.314179943808618 ], [ 139.801426083705309, 35.314177082489408 ], [ 139.801476666844422, 35.314170417024606 ], [ 139.801577557040815, 35.314165694417788 ], [ 139.801677528754709, 35.314169055752785 ], [ 139.80191038930505, 35.314183443919191 ], [ 139.802197278109475, 35.314204444582622 ], [ 139.80244988979274, 35.314221194052429 ], [ 139.802714110879549, 35.314237972124836 ], [ 139.802985307061874, 35.314260916705614 ], [ 139.803269889454754, 35.314279111136329 ], [ 139.803536444883548, 35.314297778039595 ], [ 139.803644860190673, 35.31428780632627 ], [ 139.803742556646256, 35.314293555448572 ], [ 139.803911720706054, 35.31430980596194 ], [ 139.804033222508394, 35.314324610455053 ], [ 139.804122750378383, 35.314340360952627 ], [ 139.804187277263026, 35.314349417382793 ], [ 139.804318390366717, 35.314358027824298 ], [ 139.804413721327109, 35.314362360588291 ], [ 139.804473029512536, 35.314365221907501 ], [ 139.804600056174905, 35.314373833408361 ], [ 139.804682028855211, 35.314381499964114 ], [ 139.804747139056786, 35.314388166488271 ], [ 139.804835778523255, 35.314401055666643 ], [ 139.80500844463316, 35.314432555602437 ], [ 139.805106999413312, 35.314447361154905 ], [ 139.805204082472983, 35.314461694234815 ], [ 139.805263361653715, 35.314463138136368 ], [ 139.805343889469782, 35.31447030679503 ], [ 139.805465693135943, 35.314475583444782 ], [ 139.805685166401503, 35.31447611100382 ], [ 139.805730221457821, 35.314478028437271 ], [ 139.805749111043468, 35.314484721445325 ], [ 139.805768306789901, 35.314488055237078 ], [ 139.805794472260629, 35.314487110291971 ], [ 139.80597033318557, 35.314479528484661 ], [ 139.806013640439602, 35.314479528484661 ], [ 139.806047360025758, 35.314486221492707 ], [ 139.806078167324245, 35.314490527772818 ], [ 139.806117722228265, 35.314492916619471 ], [ 139.806190972010739, 35.314494832993567 ], [ 139.806267970920459, 35.314506778286187 ], [ 139.806335999855236, 35.31451677754275 ], [ 139.806435137952292, 35.314521581719944 ], [ 139.806472332732369, 35.31452491657106 ], [ 139.80651011082935, 35.314532082051663 ], [ 139.806569139710177, 35.314547360076681 ], [ 139.806615639630763, 35.314558332880949 ], [ 139.806650501143082, 35.314571694531871 ], [ 139.806685389511614, 35.314590278805412 ], [ 139.806713278076927, 35.314610778393686 ], [ 139.806729417586382, 35.314622376217706 ], [ 139.806740111730193, 35.314599471892436 ], [ 139.806942942737976, 35.314003360899676 ], [ 139.806958083196349, 35.313983278697464 ], [ 139.807736332190416, 35.31402430541727 ], [ 139.807808694643597, 35.314036222107283 ], [ 139.808108721507182, 35.314053972668042 ], [ 139.808122917701098, 35.314053860376362 ], [ 139.808192277629757, 35.314053360360568 ], [ 139.808803943983179, 35.314047055076628 ], [ 139.80884774968851, 35.314046444887865 ], [ 139.810128112099704, 35.314039528355799 ], [ 139.810371501359612, 35.314006611002348 ], [ 139.810665953947705, 35.312681902839934 ], [ 139.810755503302659, 35.31262816809155 ], [ 139.81086298079083, 35.312520699654144 ], [ 139.811030153193911, 35.312383378578744 ], [ 139.811060007633984, 35.3122460585627 ], [ 139.81115551369686, 35.312120678542499 ], [ 139.811233136744988, 35.312072914321718 ], [ 139.811304788045675, 35.311983357467099 ], [ 139.811322700065176, 35.311828124808905 ], [ 139.811322700065176, 35.311702744788704 ], [ 139.811334642485747, 35.311565423713304 ], [ 139.811334642485747, 35.311523630020119 ], [ 139.812463972003343, 35.311478110573638 ], [ 139.812580250809475, 35.311468472557301 ], [ 139.81256811072717, 35.311333888856517 ], [ 139.812555193963192, 35.311203777754649 ], [ 139.812526944450411, 35.310979028069838 ], [ 139.81251400083022, 35.310958388646632 ], [ 139.812504582893638, 35.310893998900632 ], [ 139.812484166800886, 35.310794167357017 ], [ 139.812455528410112, 35.310646056745853 ], [ 139.812446529430446, 35.310584859897332 ], [ 139.812416694326856, 35.310434139034214 ], [ 139.81239433384431, 35.31031305575992 ], [ 139.812341360502273, 35.310072832069316 ], [ 139.812325249997542, 35.310008443382671 ], [ 139.812319778849911, 35.309983306995363 ], [ 139.81226136014223, 35.309799305419858 ], [ 139.812271056309214, 35.309761055270819 ], [ 139.812284722898625, 35.309708082199045 ], [ 139.812304499813507, 35.309620360148159 ], [ 139.812331444114392, 35.309486749995074 ], [ 139.812364889767196, 35.309338998505424 ], [ 139.81239688840725, 35.309191250193834 ], [ 139.812424555677381, 35.309049972425647 ], [ 139.81245222187323, 35.308905778251763 ], [ 139.812479194104583, 35.308760389124878 ], [ 139.812489640096999, 35.308705055809043 ], [ 139.812492526602711, 35.308647943835332 ], [ 139.812485693307991, 35.308614971395393 ], [ 139.812451249678332, 35.308514916327773 ], [ 139.812439416831126, 35.308479582584425 ], [ 139.812423638269138, 35.30844897250725 ], [ 139.812323500046716, 35.308318278759863 ], [ 139.81227861042467, 35.308280000008224 ], [ 139.812237694447788, 35.308247611273167 ], [ 139.812199638120433, 35.308222306448343 ], [ 139.812160860972313, 35.30819816585521 ], [ 139.812114555490723, 35.308170472183726 ], [ 139.812066444197399, 35.308143973465249 ], [ 139.812028387870043, 35.308125721829342 ], [ 139.811982416479736, 35.308112193859607 ], [ 139.811942221323619, 35.308101583354919 ], [ 139.8118754159579, 35.308093333094284 ], [ 139.811798971360389, 35.307999693483573 ], [ 139.812094832288267, 35.307918556386468 ], [ 139.812398306415275, 35.307832610874755 ], [ 139.812509222572885, 35.307799056848644 ], [ 139.812647610487403, 35.307756971832696 ], [ 139.812687055818088, 35.307740472370789 ], [ 139.812811721282259, 35.307707472387605 ], [ 139.813342667529128, 35.307554111610585 ], [ 139.813347721868325, 35.307459166873898 ], [ 139.813350695388181, 35.307302972320905 ], [ 139.813355333993201, 35.307148860460835 ], [ 139.813360833071272, 35.306983750371963 ], [ 139.813360417337094, 35.306967249850693 ], [ 139.813366306367385, 35.306947971699302 ], [ 139.813379721582635, 35.30694730642405 ], [ 139.813383527645072, 35.306819332042224 ], [ 139.813387332633283, 35.306767027423767 ], [ 139.813389861414237, 35.30669547219717 ], [ 139.813396166178677, 35.306667278509892 ], [ 139.813272851044871, 35.305907773584167 ], [ 139.813062721592786, 35.305980084131242 ], [ 139.812750027190901, 35.306086193415538 ], [ 139.812628860554099, 35.306123278273532 ], [ 139.81250838788182, 35.306158082339124 ], [ 139.812376750544871, 35.30618830575154 ], [ 139.812268111794054, 35.306211694202268 ], [ 139.812156001072111, 35.306232805038675 ], [ 139.812027861488275, 35.306255028198358 ], [ 139.81191088871762, 35.306275556389231 ], [ 139.81181827775444, 35.306293805906435 ], [ 139.811699193011208, 35.306317193297808 ], [ 139.81154947177501, 35.306344582934258 ], [ 139.811437334196853, 35.306364528479612 ], [ 139.811328693297554, 35.306385638256657 ], [ 139.811241666278079, 35.306401028573362 ], [ 139.811152500429813, 35.306418110680802 ], [ 139.810972861372903, 35.306443777805214 ], [ 139.810779944604519, 35.306474556319905 ], [ 139.810619805306374, 35.306497944770634 ], [ 139.810488860859721, 35.306519611768678 ], [ 139.810422693597616, 35.306530999840305 ], [ 139.810369778264999, 35.306540694002486 ], [ 139.810256971430022, 35.306552083133468 ], [ 139.81005641782906, 35.306592583353584 ], [ 139.809908083447681, 35.306622805706645 ], [ 139.809719360545444, 35.306665582481735 ], [ 139.809500666110068, 35.306714638056874 ], [ 139.809301500438181, 35.306761972179324 ], [ 139.808980473090685, 35.306849805462541 ], [ 139.808832832673829, 35.3068891668755 ], [ 139.808708861174182, 35.30693080590278 ], [ 139.808538944066186, 35.306983277899405 ], [ 139.808483917835275, 35.30700208357824 ], [ 139.808334250311503, 35.307039721419805 ], [ 139.808333331829061, 35.307039943884455 ] ] ] } },
{ "type": "Feature", "properties": { "P12_001": 10281, "P12_002": "袖ケ浦公園", "P12_003": "12", "P12_004": "12229", "P12_005": "‐", "P12_006": "袖ケ浦市飯富2360　", "P12_007": 4 }, "geometry": { "type": "Polygon", "coordinates": [ [ [ 139.992523306085246, 35.419953332965456 ], [ 139.992489833576229, 35.419787889179595 ], [ 139.992465167756421, 35.419692833210583 ], [ 139.992461471267319, 35.419642750060611 ], [ 139.992478082371889, 35.419420778005914 ], [ 139.992481110678398, 35.41934125006982 ], [ 139.992463223366627, 35.419094388457658 ], [ 139.992485750357673, 35.419092415937712 ], [ 139.992483610454656, 35.419028167085997 ], [ 139.992480972100338, 35.418997167165998 ], [ 139.992450638545449, 35.418731722339651 ], [ 139.992429278188268, 35.418730777394543 ], [ 139.992417360475429, 35.418697806013967 ], [ 139.992365110102639, 35.41865713947503 ], [ 139.992293888501337, 35.418625249696412 ], [ 139.99155147214023, 35.418582750472467 ], [ 139.990943971722487, 35.41854175023655 ], [ 139.990239111088954, 35.418538000118076 ], [ 139.990140527304135, 35.418546833024237 ], [ 139.990037193192421, 35.418547944288157 ], [ 139.989866415611374, 35.418568693884332 ], [ 139.989698056163718, 35.418594333465499 ], [ 139.989508221414269, 35.418640556324036 ], [ 139.989426471103428, 35.418670972539147 ], [ 139.989387278221159, 35.418692361986047 ], [ 139.989364056191334, 35.418730194749024 ], [ 139.989377692701794, 35.418784472946776 ], [ 139.989430861557054, 35.418898443708244 ], [ 139.989495360511228, 35.418995333421627 ], [ 139.98952544376624, 35.419020055600932 ], [ 139.989548611009383, 35.419039082685067 ], [ 139.989683361518473, 35.419131138559308 ], [ 139.989740527652401, 35.419169999956466 ], [ 139.989987055866408, 35.41927658383203 ], [ 139.990025527927941, 35.419304417338438 ], [ 139.99002605645822, 35.419390555652853 ], [ 139.989841621956003, 35.419446372034798 ], [ 139.989614743895544, 35.419446372034798 ], [ 139.989340104746759, 35.419344874124988 ], [ 139.989107252790404, 35.41919561199439 ], [ 139.988981877247966, 35.41905829091899 ], [ 139.988695293530128, 35.418729915079169 ], [ 139.988546034220803, 35.418437361345575 ], [ 139.988271391849281, 35.418282129746743 ], [ 139.988032568145513, 35.418294069742579 ], [ 139.987907192603075, 35.418258247636352 ], [ 139.987757925774019, 35.417911960213729 ], [ 139.987595139527571, 35.417956999772173 ], [ 139.987556610530845, 35.417994193743773 ], [ 139.987493222349627, 35.418087193503766 ], [ 139.987481750449888, 35.418112000431506 ], [ 139.987757925774019, 35.418311982384729 ], [ 139.98780569330782, 35.418383627656553 ], [ 139.987023557682676, 35.418723944551573 ], [ 139.987095208983362, 35.418849324571774 ], [ 139.986752916886815, 35.419023666943829 ], [ 139.986782388894426, 35.419081000322848 ], [ 139.986832860311694, 35.419175082744154 ], [ 139.986845194832966, 35.419302638680556 ], [ 139.986841529497099, 35.41939677830706 ], [ 139.986824778740242, 35.419574582652892 ], [ 139.986799471594082, 35.419659638305987 ], [ 139.986862056237442, 35.419813001201724 ], [ 139.986892555226603, 35.419874916293274 ], [ 139.986942582979253, 35.419929305723358 ], [ 139.98700252819404, 35.420001082355263 ], [ 139.987073973239035, 35.42013966724177 ], [ 139.987120862037557, 35.420254001362174 ], [ 139.987240221788397, 35.420489971740444 ], [ 139.987297917526831, 35.420548138832238 ], [ 139.987387722552938, 35.420588555363274 ], [ 139.987788971555659, 35.420700444491182 ], [ 139.987971778571392, 35.420744638683935 ], [ 139.988003639707671, 35.420830915773919 ], [ 139.988092443534157, 35.420980556094428 ], [ 139.988158693513412, 35.421053443990253 ], [ 139.988184082302467, 35.421084138815864 ], [ 139.988623443493452, 35.420948221386503 ], [ 139.988906332870698, 35.420838333381134 ], [ 139.988808734171727, 35.42061658485045 ], [ 139.989423690948314, 35.420389705861083 ], [ 139.989603084002312, 35.420565694471584 ], [ 139.989721027893637, 35.420552138958605 ], [ 139.989857583140207, 35.420567999629149 ], [ 139.989978249177227, 35.42058249902788 ], [ 139.990061500213216, 35.420577722393929 ], [ 139.990280610382769, 35.420535388429442 ], [ 139.99048958286923, 35.420494055555899 ], [ 139.990572333305437, 35.4204887492442 ], [ 139.990619471329609, 35.420497611812308 ], [ 139.990654471419987, 35.420509582529462 ], [ 139.990678055471562, 35.420529611763897 ], [ 139.990760722116363, 35.420608166152292 ], [ 139.990827250325992, 35.420669556862869 ], [ 139.990893111427255, 35.420694721852776 ], [ 139.990994055336074, 35.420826971793396 ], [ 139.990977388370595, 35.420871861982704 ], [ 139.990939137604244, 35.420938722145735 ], [ 139.990895611203541, 35.420976778432717 ], [ 139.990826222270158, 35.420988916528032 ], [ 139.990787028313633, 35.420984278669657 ], [ 139.990862574839412, 35.421189750203077 ], [ 139.990993924277745, 35.421410656546136 ], [ 139.991376034469198, 35.42184053135513 ], [ 139.991716352097001, 35.422174874544481 ], [ 139.991961141102706, 35.422539072490537 ], [ 139.992247724820544, 35.422712218850236 ], [ 139.992396985204124, 35.422801777823565 ], [ 139.992402956951537, 35.422897303087062 ], [ 139.99231937075001, 35.423022684166625 ], [ 139.992116374307955, 35.423100298906682 ], [ 139.991990993394268, 35.423255529446166 ], [ 139.992026817433242, 35.423416731572601 ], [ 139.992367132912563, 35.423840639032058 ], [ 139.992916418729834, 35.424264541194738 ], [ 139.993155234913871, 35.424330216998321 ], [ 139.993328381212848, 35.424228719088511 ], [ 139.993364204177567, 35.424151100111025 ], [ 139.993931396643092, 35.424276480131226 ], [ 139.994355298323939, 35.424467537014358 ], [ 139.994689649575577, 35.424778002330747 ], [ 139.995000110614825, 35.424915322346791 ], [ 139.995531481189857, 35.425136228689851 ], [ 139.995549394283586, 35.425231759250124 ], [ 139.995358338113618, 35.425601924545717 ], [ 139.995597161817386, 35.425721338275743 ], [ 139.99588373908972, 35.425297430816286 ], [ 139.996021055978503, 35.425106379229923 ], [ 139.996307647216071, 35.424933232870224 ], [ 139.996618108255319, 35.424807851790668 ], [ 139.99693453889347, 35.424557095987687 ], [ 139.99711962439028, 35.424169014871886 ], [ 139.99766890805904, 35.424348128581109 ], [ 139.998242076568971, 35.423888399015418 ], [ 139.998521638998625, 35.423852389403265 ], [ 139.998556721806125, 35.423835777649671 ], [ 139.99845104475844, 35.423434647392817 ], [ 139.997870721753515, 35.423528222382842 ], [ 139.997313221157953, 35.423530944926476 ], [ 139.997244278037726, 35.423493777438757 ], [ 139.997282499799354, 35.423351694560388 ], [ 139.997324776849069, 35.423194610148784 ], [ 139.997342500875078, 35.423089999852515 ], [ 139.997334417155116, 35.423042610643577 ], [ 139.997185305017808, 35.422849537806925 ], [ 139.996976335754113, 35.422831627283486 ], [ 139.996894194416797, 35.422904749296876 ], [ 139.996828278528852, 35.422909999462732 ], [ 139.996636020274792, 35.422837598870437 ], [ 139.996367357170442, 35.422580866183722 ], [ 139.995782666271111, 35.421829832923933 ], [ 139.995751417456489, 35.421783831470705 ], [ 139.995682277748784, 35.421722027611473 ], [ 139.995667111508453, 35.421715943732842 ], [ 139.995458168026715, 35.421632221808316 ], [ 139.995393250115626, 35.421601249431568 ], [ 139.995316721726709, 35.421530361598926 ], [ 139.995300028979273, 35.421505306781995 ], [ 139.99525527686103, 35.421363278990114 ], [ 139.995237972866192, 35.421228555454398 ], [ 139.995214971057294, 35.421146443750239 ], [ 139.99519483212066, 35.421073055838619 ], [ 139.995164666148554, 35.420973333408632 ], [ 139.995154167517939, 35.420770638445973 ], [ 139.995168387345331, 35.420612249967746 ], [ 139.995175749170301, 35.420511527506157 ], [ 139.995185861071434, 35.420470583416083 ], [ 139.995215305148577, 35.420420028852909 ], [ 139.995173889646168, 35.420271555942165 ], [ 139.99515344454872, 35.420229139347946 ], [ 139.995063860817794, 35.420079332708625 ], [ 139.995015639951134, 35.419949444071413 ], [ 139.994964416559895, 35.419837527400261 ], [ 139.994943972536703, 35.419792444408245 ], [ 139.994902140225861, 35.419731278281034 ], [ 139.994725139523268, 35.419740807183757 ], [ 139.994661750267767, 35.419744195002643 ], [ 139.994641388961696, 35.419744778707525 ], [ 139.994121859827885, 35.419788027955164 ], [ 139.99384824980919, 35.41983758248675 ], [ 139.993623332252241, 35.419883361475321 ], [ 139.99342013814848, 35.419931221038105 ], [ 139.993328249080264, 35.41997030701863 ], [ 139.99323522130868, 35.419984749212162 ], [ 139.99280136134422, 35.419994943390137 ], [ 139.992523306085246, 35.419953332965456 ] ] ] } },
{ "type": "Feature", "properties": { "P12_001": 10283, "P12_002": "百目木公園", "P12_003": "12", "P12_004": "12229", "P12_005": "‐", "P12_006": "袖ケ浦市百目木200　", "P12_007": 4 }, "geometry": { "type": "Polygon", "coordinates": [ [ [ 140.030760749594833, 35.380703472260315 ], [ 140.031365137914662, 35.381333722043415 ], [ 140.031474748860376, 35.381280750030996 ], [ 140.031600555176453, 35.381310472368263 ], [ 140.032050083055253, 35.381417638889353 ], [ 140.032159333053471, 35.381454889006797 ], [ 140.032335528069694, 35.381492833002099 ], [ 140.032428193819555, 35.381522527796115 ], [ 140.032625944706183, 35.381639528314317 ], [ 140.032817111523741, 35.381785193932984 ], [ 140.032954805473736, 35.381917971432642 ], [ 140.03324583228337, 35.38221855614028 ], [ 140.033507943546113, 35.382519221358933 ], [ 140.033542166954817, 35.382613610993339 ], [ 140.033593860866887, 35.382772750554615 ], [ 140.033597305981829, 35.382992305160059 ], [ 140.033571332801614, 35.383096138948751 ], [ 140.033523417021513, 35.38322213869192 ], [ 140.033636600917731, 35.383351291077055 ], [ 140.033648542264046, 35.38350652373525 ], [ 140.033553022235907, 35.383793105881885 ], [ 140.03397094464961, 35.383816986932921 ], [ 140.034335143895817, 35.383542344782128 ], [ 140.034502316298898, 35.382778124665073 ], [ 140.034562025179014, 35.382682596223503 ], [ 140.034562025179014, 35.382300486694653 ], [ 140.034492471885642, 35.382041888482902 ], [ 140.034483470757465, 35.381968638287496 ], [ 140.033797801573371, 35.381034746496788 ], [ 140.033606746477659, 35.380760105405344 ], [ 140.033344052972211, 35.380377993757783 ], [ 140.03295596995909, 35.380139175831928 ], [ 140.032597742460297, 35.380019765279968 ], [ 140.03228130322816, 35.379834682102498 ], [ 140.032084276385007, 35.379757065243723 ], [ 140.032146418438003, 35.379499194809206 ], [ 140.032123055681609, 35.379484556634907 ], [ 140.032096140385448, 35.379475056334783 ], [ 140.032070110270041, 35.379473611373882 ], [ 140.031965140077858, 35.379467916278713 ], [ 140.031826082906548, 35.379457861935663 ], [ 140.031706750011921, 35.379452166840494 ], [ 140.031649333578088, 35.379450055544979 ], [ 140.031593721881734, 35.379450167836666 ], [ 140.031521056490448, 35.37945175051378 ], [ 140.031399082018766, 35.379466639755336 ], [ 140.031320193505934, 35.379483666776288 ], [ 140.031264610814276, 35.379503611262287 ], [ 140.031141832804735, 35.379553028077645 ], [ 140.03101461170337, 35.379613471724412 ], [ 140.030781694217836, 35.379749027913547 ], [ 140.030643749967965, 35.379830083440275 ], [ 140.030434110373193, 35.379942083800508 ], [ 140.030346331379747, 35.379989250544796 ], [ 140.030327193642734, 35.380019167803468 ], [ 140.030313332614327, 35.380117944228999 ], [ 140.030283694098216, 35.380157860744241 ], [ 140.030253999721168, 35.380192555696219 ], [ 140.030760749594833, 35.380703472260315 ] ] ] } },
{ "type": "Feature", "properties": { "P12_001": 10304, "P12_002": "野島崎公園", "P12_003": "12", "P12_004": "12234", "P12_005": "‐", "P12_006": "南房総市白浜町白浜", "P12_007": 4 }, "geometry": { "type": "Polygon", "coordinates": [ [ [ 139.888678389211492, 34.901255364149776 ], [ 139.88867577986187, 34.901143267388186 ], [ 139.888667959332793, 34.901031603903 ], [ 139.888654958777465, 34.900920805911255 ], [ 139.888636829759776, 34.900811303511283 ], [ 139.888613638883157, 34.900703517267225 ], [ 139.888585480681456, 34.900597867743215 ], [ 139.888552459356816, 34.900494760672395 ], [ 139.888514707041793, 34.900394596491161 ], [ 139.88847236661141, 34.900297762923614 ], [ 139.888425602425713, 34.900204632862902 ], [ 139.888374597106917, 34.900115569667946 ], [ 139.888319546168304, 34.900030914451236 ], [ 139.888260663385267, 34.899950997731672 ], [ 139.888198175424264, 34.899876126722354 ], [ 139.888132326139726, 34.899806591686684 ], [ 139.888063369054265, 34.899742661700969 ], [ 139.88799157165576, 34.899684584654395 ], [ 139.887917208951848, 34.899632584070964 ], [ 139.887840573138106, 34.899586861228229 ], [ 139.887761957484372, 34.899547595157266 ], [ 139.887681666002976, 34.899514934167847 ], [ 139.887600012374492, 34.8994890085607 ], [ 139.887517309205236, 34.899469914737168 ], [ 139.887433877695486, 34.899457728970852 ], [ 139.887350041194054, 34.899452497873391 ], [ 139.887266123049727, 34.899454242631897 ], [ 139.887182447685547, 34.899462954771529 ], [ 139.88709933952461, 34.899478601452266 ], [ 139.887017121915648, 34.899501122290843 ], [ 139.88693611068777, 34.8995304304201 ], [ 139.886856618447268, 34.89956641142966 ], [ 139.886778955651977, 34.899608926543941 ], [ 139.886703419868695, 34.899657811562847 ], [ 139.886630304367287, 34.899712876861734 ], [ 139.886559892749347, 34.899773910569515 ], [ 139.886492456799772, 34.899840674331188 ], [ 139.886428256486653, 34.89991291284209 ], [ 139.886367542109923, 34.89999034431365 ], [ 139.886310548929998, 34.900072670007624 ], [ 139.886257493945095, 34.900159572117353 ], [ 139.886208585559388, 34.900250712708441 ], [ 139.886164011766368, 34.900345739015499 ], [ 139.886123945520069, 34.900444286620242 ], [ 139.886088541512265, 34.900545970976623 ], [ 139.886057938320988, 34.900650400123105 ], [ 139.886032251965105, 34.900757169385884 ], [ 139.886011581275454, 34.900865865616311 ], [ 139.88599600789496, 34.900976069309621 ], [ 139.88598559305575, 34.901087353545542 ], [ 139.88598037543079, 34.90119928822574 ], [ 139.88598037543079, 34.901311441133167 ], [ 139.88598559305575, 34.90142337475401 ], [ 139.88599600789496, 34.901534658989931 ], [ 139.886011581275454, 34.901644862683241 ], [ 139.886032251965105, 34.901753559973024 ], [ 139.886057938320988, 34.901860329235802 ], [ 139.886088541512265, 34.901964757322929 ], [ 139.886123945520069, 34.902066442738665 ], [ 139.886164011766368, 34.902164989284053 ], [ 139.886208585559388, 34.902260016650466 ], [ 139.886257493945095, 34.902351157241554 ], [ 139.886310548929998, 34.902438058291928 ], [ 139.886367542109923, 34.902520383985902 ], [ 139.886428256486653, 34.902597815457462 ], [ 139.886492456799772, 34.902670053968365 ], [ 139.886559892749347, 34.902736817730037 ], [ 139.886630304367287, 34.902797852497173 ], [ 139.886703419868695, 34.902852916736705 ], [ 139.886778955651977, 34.902901801755611 ], [ 139.886856618447268, 34.902944317929247 ], [ 139.88693611068777, 34.902980298938807 ], [ 139.887017121915648, 34.903009607068064 ], [ 139.88709933952461, 34.903032126847286 ], [ 139.887182447685547, 34.903047773528023 ], [ 139.887266123049727, 34.903056485667655 ], [ 139.887350041194054, 34.903058230426161 ], [ 139.887433877695486, 34.9030529993287 ], [ 139.887517309205236, 34.903040813562384 ], [ 139.887600012374492, 34.903021720798208 ], [ 139.887681666002976, 34.902995794131705 ], [ 139.887761957484372, 34.902963134201634 ], [ 139.887840573138106, 34.902923867071323 ], [ 139.887917208951848, 34.902878145287936 ], [ 139.88799157165576, 34.902826143645157 ], [ 139.888063369054265, 34.902768066598576 ], [ 139.888132326139726, 34.902704136612861 ], [ 139.888198175424264, 34.902634601577198 ], [ 139.888260663385267, 34.902559731627235 ], [ 139.888319546168304, 34.902479813848316 ], [ 139.888374597106917, 34.902395159690954 ], [ 139.888425602425713, 34.90230609543665 ], [ 139.88847236661141, 34.902212965375931 ], [ 139.888514707041793, 34.902116132867747 ], [ 139.888552459356816, 34.902015968686513 ], [ 139.888585480681456, 34.901912861615692 ], [ 139.888613638883157, 34.901807212091683 ], [ 139.888636829759776, 34.901699425847625 ], [ 139.888654958777465, 34.901589923447652 ], [ 139.888667959332793, 34.901479124396552 ], [ 139.88867577986187, 34.901367460911366 ], [ 139.888678389211492, 34.901255364149776 ] ] ] } },
{ "type": "Feature", "properties": { "P12_001": 10306, "P12_002": "大房岬", "P12_003": "12", "P12_004": "12234", "P12_005": "‐", "P12_006": "南房総市富浦町多田良", "P12_007": 1 }, "geometry": { "type": "Polygon", "coordinates": [ [ [ 139.816666667395765, 35.041746443293569 ], [ 139.816688777578378, 35.041727194804132 ], [ 139.816750777830549, 35.041668307350598 ], [ 139.816752500925162, 35.041666666408929 ], [ 139.816766555318281, 35.041653306876718 ], [ 139.816785443829644, 35.041574138062138 ], [ 139.816830166943191, 35.041537472708924 ], [ 139.816900721436184, 35.041452194591173 ], [ 139.81698377910746, 35.041404694149911 ], [ 139.81709683409386, 35.041272749303673 ], [ 139.817132110266101, 35.041191361139319 ], [ 139.81715794379403, 35.041086639610725 ], [ 139.817188499718355, 35.041011083198399 ], [ 139.81723877777091, 35.041006639202074 ], [ 139.817328501154122, 35.040940805554527 ], [ 139.81739211063055, 35.040828305178493 ], [ 139.817420166778618, 35.040743028120097 ], [ 139.817469889444681, 35.040712193459562 ], [ 139.817486556410159, 35.040647193524791 ], [ 139.817587943983597, 35.04053108392457 ], [ 139.817663221947242, 35.040461361382981 ], [ 139.817698499193739, 35.040304139255163 ], [ 139.817764610594907, 35.040251917266431 ], [ 139.817821000047189, 35.040180248688792 ], [ 139.817877667729789, 35.04014524970178 ], [ 139.818080443950919, 35.040002471886204 ], [ 139.818106555709193, 35.039839972049279 ], [ 139.818170166259875, 35.03974691614345 ], [ 139.818177111276441, 35.039692750237379 ], [ 139.818196000862059, 35.039646360000674 ], [ 139.818311556698944, 35.039582193778685 ], [ 139.818339609624275, 35.039419416390622 ], [ 139.818464610253983, 35.039346638667773 ], [ 139.818634332923011, 35.039218860266722 ], [ 139.818688499755126, 35.039131639290979 ], [ 139.818695443697408, 35.039007472232825 ], [ 139.818747390057894, 35.038943583561981 ], [ 139.818815721930719, 35.038846639821465 ], [ 139.818931277767632, 35.03879830566742 ], [ 139.818994610087941, 35.038739139603386 ], [ 139.819079333918637, 35.03859386064947 ], [ 139.81912155618167, 35.03859386064947 ], [ 139.819272388190825, 35.038512193874624 ], [ 139.819494056146056, 35.038436639581008 ], [ 139.819536277334834, 35.038398027132388 ], [ 139.819571833885959, 35.038363027086021 ], [ 139.819644610999063, 35.038355250357299 ], [ 139.819666000360968, 35.038338027355579 ], [ 139.819741277250358, 35.0382469174858 ], [ 139.819804889949523, 35.038239139697723 ], [ 139.820588500517857, 35.039926083879806 ], [ 139.820614556415222, 35.039916831468872 ], [ 139.821777222012258, 35.040873944332141 ], [ 139.821860638482519, 35.040809639334583 ], [ 139.820732999832074, 35.039874805776833 ], [ 139.820842111252233, 35.039836083155237 ], [ 139.820382944141613, 35.038900249565891 ], [ 139.821812794677101, 35.038449799954385 ], [ 139.821770171719351, 35.038235515642555 ], [ 139.821557036519948, 35.037479800031456 ], [ 139.821285265614677, 35.036743135869663 ], [ 139.820956536979708, 35.036030063554861 ], [ 139.820572873424908, 35.035344983649786 ], [ 139.820136641519781, 35.034692116626758 ], [ 139.81965053118256, 35.034075489096033 ], [ 139.819117539566548, 35.033498902025137 ], [ 139.819111042511622, 35.033492895479448 ], [ 139.81905486146357, 35.033508055916009 ], [ 139.819007639647992, 35.033576112091396 ], [ 139.819020417833912, 35.033668306741205 ], [ 139.819005694183971, 35.033708305886172 ], [ 139.818957083365092, 35.033781916262448 ], [ 139.818957083365092, 35.033822194017915 ], [ 139.818991249838632, 35.033853027619095 ], [ 139.819033472101665, 35.033878583511175 ], [ 139.819040138887857, 35.033925528850162 ], [ 139.819025417386428, 35.033976083413329 ], [ 139.818985972055742, 35.034025249161445 ], [ 139.818972084171151, 35.034042193552665 ], [ 139.818922639735433, 35.034113028417529 ], [ 139.81887847200835, 35.034208305791843 ], [ 139.818836249745317, 35.034304693370721 ], [ 139.818790695163415, 35.034381639657461 ], [ 139.818756249385274, 35.034459416478917 ], [ 139.818682915811422, 35.034573305670008 ], [ 139.818612916704893, 35.034654972444862 ], [ 139.818567361048764, 35.034714418178744 ], [ 139.818513472447023, 35.0347760832624 ], [ 139.818444862343824, 35.034825528680365 ], [ 139.818389861894872, 35.034876361854032 ], [ 139.818280416383431, 35.034960806259001 ], [ 139.818158750221073, 35.035041917931572 ], [ 139.818061250352969, 35.035099417629397 ], [ 139.817953750305577, 35.035123582587708 ], [ 139.817857638366519, 35.035151638558773 ], [ 139.817766249898142, 35.03516386140253 ], [ 139.817697918025289, 35.035194693944355 ], [ 139.817617640509127, 35.035217749757457 ], [ 139.817552361650542, 35.035259417387344 ], [ 139.817405139116346, 35.03537330551908 ], [ 139.817340971030717, 35.035361918506808 ], [ 139.81723263951497, 35.035326917401093 ], [ 139.817226250959152, 35.035328583767289 ], [ 139.817169027890031, 35.035342471917893 ], [ 139.817107917115635, 35.035478028107029 ], [ 139.817013471335997, 35.035485805895114 ], [ 139.816879305218094, 35.03535608251736 ], [ 139.81680541625775, 35.035351638521036 ], [ 139.816711250856997, 35.035247193484224 ], [ 139.816704028684342, 35.035188862192328 ], [ 139.816666667395765, 35.035143638306032 ], [ 139.81666652774345, 35.035143471987219 ], [ 139.816628750720696, 35.035097750203839 ], [ 139.816522639676606, 35.035072749414041 ], [ 139.816407359921584, 35.035029971579597 ], [ 139.816275416423821, 35.035051361026497 ], [ 139.816178750172554, 35.035031917615648 ], [ 139.815991806225838, 35.035111639413799 ], [ 139.815902361072972, 35.035189138684117 ], [ 139.815895138900316, 35.035276361778564 ], [ 139.815857359729051, 35.035309416848229 ], [ 139.815758470857645, 35.035328861318433 ], [ 139.815718471214751, 35.03539663888332 ], [ 139.815675972869826, 35.035421917224262 ], [ 139.81559347165927, 35.035458305026332 ], [ 139.815512918061273, 35.035550528278741 ], [ 139.815531805498381, 35.035597192888517 ], [ 139.815543751141718, 35.035705528938081 ], [ 139.815512918061273, 35.035728861242966 ], [ 139.815395138529965, 35.035781082172342 ], [ 139.815329306433398, 35.035847194430382 ], [ 139.815307082380428, 35.035942750415195 ], [ 139.815090140044333, 35.036039417663922 ], [ 139.814993750949185, 35.035991082450529 ], [ 139.814892361227265, 35.035991082450529 ], [ 139.814757916878989, 35.036066638862856 ], [ 139.814720415938098, 35.036179139238889 ], [ 139.814609583571865, 35.036188862003662 ], [ 139.814529304981448, 35.036256638509201 ], [ 139.814475139223589, 35.036254695651209 ], [ 139.814381248830443, 35.036219694545494 ], [ 139.814248472790098, 35.036243306520234 ], [ 139.81418486116516, 35.036318861873205 ], [ 139.814142361746008, 35.036344139154785 ], [ 139.81409291731029, 35.036332472472665 ], [ 139.814008193479594, 35.036326638601928 ], [ 139.813878471527744, 35.036369137825879 ], [ 139.813753750202636, 35.036332472472665 ], [ 139.813631250423441, 35.036311083025765 ], [ 139.813504582560057, 35.036346083072132 ], [ 139.813452638348082, 35.036334417449368 ], [ 139.813370140360263, 35.03635386086021 ], [ 139.813228749921194, 35.036320806849901 ], [ 139.813184027881903, 35.036355806896267 ], [ 139.813167638072542, 35.036425528378501 ], [ 139.813184027881903, 35.036536081659122 ], [ 139.813056806780537, 35.036625249730271 ], [ 139.812986250139062, 35.036621360836229 ], [ 139.812913192647073, 35.036627194706966 ], [ 139.812823471412344, 35.036690250724391 ], [ 139.812731527557474, 35.036754418005742 ], [ 139.812722081690424, 35.036814416723189 ], [ 139.812771527200397, 35.036856917006496 ], [ 139.812641806322773, 35.036854972029801 ], [ 139.812549027776811, 35.036891917052863 ], [ 139.812445138278633, 35.036851360686903 ], [ 139.812329861746349, 35.036861082392321 ], [ 139.812261527725013, 35.036913027889263 ], [ 139.812162360623233, 35.036911081853212 ], [ 139.81208236026319, 35.036932471300112 ], [ 139.811992917258834, 35.036920805677347 ], [ 139.811901250560084, 35.03692663848873 ], [ 139.811810416403915, 35.037031638627823 ], [ 139.811730417118099, 35.037146082921197 ], [ 139.811647916981798, 35.03709552835803 ], [ 139.811555973126929, 35.037167472368097 ], [ 139.811393471556357, 35.037184694310461 ], [ 139.811259027208081, 35.037237193850331 ], [ 139.811209582772364, 35.037334139709557 ], [ 139.811080137976603, 35.037388306674984 ], [ 139.810992082901322, 35.037348027860162 ], [ 139.810827081554464, 35.037411917590369 ], [ 139.810822361306549, 35.037462193543043 ], [ 139.810801250175018, 35.037481639072602 ], [ 139.810685693263878, 35.0374796940959 ], [ 139.810586806540954, 35.037514694142267 ], [ 139.81055375084037, 35.037528306860445 ], [ 139.810490139215432, 35.037452471837618 ], [ 139.81043124998692, 35.037444971600678 ], [ 139.810384307475971, 35.03747580626122 ], [ 139.810367638361981, 35.037533861061327 ], [ 139.810379582931063, 35.037601916177358 ], [ 139.810419582573957, 35.037683306460423 ], [ 139.810384307475971, 35.037745250154579 ], [ 139.810396248822286, 35.037891639313052 ], [ 139.810443471712119, 35.038033027254215 ], [ 139.810476528486959, 35.038101083429602 ], [ 139.810516528129853, 35.038230806807356 ], [ 139.810511805733427, 35.038277193865994 ], [ 139.810492918296319, 35.038354140152734 ], [ 139.810511805733427, 35.038435527257732 ], [ 139.81057541843262, 35.038505249799321 ], [ 139.81059180609347, 35.03861552658816 ], [ 139.810544583203665, 35.038675528483679 ], [ 139.810556526698491, 35.038758860565373 ], [ 139.810592083249588, 35.038809416187902 ], [ 139.810641805915679, 35.038879973501622 ], [ 139.8106818066328, 35.038947750007161 ], [ 139.810719583655555, 35.039060250383194 ], [ 139.810811251428561, 35.039129972924783 ], [ 139.81078069442998, 35.039246361135497 ], [ 139.810797361395458, 35.039321916488468 ], [ 139.810854306234205, 35.039390528825493 ], [ 139.810988472352108, 35.039489415423994 ], [ 139.811016805656294, 35.039576638518447 ], [ 139.81119125072172, 35.03976080535341 ], [ 139.811264307139453, 35.039820806189574 ], [ 139.811396249562961, 35.039830528954354 ], [ 139.811410416752182, 35.039855527625441 ], [ 139.81141986047075, 35.039931082978413 ], [ 139.811486528332665, 35.040002193275704 ], [ 139.811519582958994, 35.040069971899953 ], [ 139.811575972411276, 35.040104971946313 ], [ 139.811639584036186, 35.040112749734398 ], [ 139.811719861552348, 35.040205805640227 ], [ 139.811797639292251, 35.040261917582349 ], [ 139.811792915821599, 35.040304693298083 ], [ 139.811790416045341, 35.04037636187573 ], [ 139.811851806124366, 35.040420805017021 ], [ 139.811957361781964, 35.040459692898068 ], [ 139.812009305993939, 35.040582749751657 ], [ 139.812051805413091, 35.040627471503448 ], [ 139.812011805770197, 35.040671917822806 ], [ 139.811950417839682, 35.040755248845144 ], [ 139.811985721942364, 35.040904138082603 ], [ 139.812021277419234, 35.040939139188325 ], [ 139.812077665797233, 35.040931361400247 ], [ 139.812183778989834, 35.04089080503428 ], [ 139.812457110778155, 35.041004971776516 ], [ 139.812412388738863, 35.04110386155309 ], [ 139.812367667773799, 35.04110580547043 ], [ 139.812240444523951, 35.041101917635743 ], [ 139.81208961144057, 35.041142472942347 ], [ 139.812016557171319, 35.041189138611479 ], [ 139.811940999903072, 35.041220804866086 ], [ 139.811863499319287, 35.04130997187788 ], [ 139.811870167179734, 35.041377750502122 ], [ 139.811955167092293, 35.041534694019447 ], [ 139.812016277866718, 35.041587194618671 ], [ 139.812044610096649, 35.0416588610776 ], [ 139.812052111573934, 35.041666666408929 ], [ 139.812053692867721, 35.041668307350598 ], [ 139.812212942688092, 35.04183413780121 ], [ 139.812333221995658, 35.041903861402155 ], [ 139.812396833620568, 35.041921360895657 ], [ 139.812467388113561, 35.041874971718315 ], [ 139.812503498976895, 35.041886360849297 ], [ 139.812602389996812, 35.041973582884388 ], [ 139.812654333134532, 35.041975527861084 ], [ 139.812715721065047, 35.041958028367581 ], [ 139.812751000460054, 35.041892194720035 ], [ 139.812760443104366, 35.041816638307708 ], [ 139.812786278780777, 35.041810806555681 ], [ 139.812845166935062, 35.041857471165457 ], [ 139.812911279410486, 35.041886360849297 ], [ 139.812987388842458, 35.042006916564553 ], [ 139.813100443828858, 35.04207469412944 ], [ 139.813114611018079, 35.042140806387486 ], [ 139.813145722328898, 35.04221691684274 ], [ 139.813244611200304, 35.042265250996778 ], [ 139.813261001009664, 35.042350528055174 ], [ 139.813350722244394, 35.04243386119623 ], [ 139.813435443926579, 35.042463027371852 ], [ 139.813513221666483, 35.042544416595561 ], [ 139.813576834365676, 35.042573306279401 ], [ 139.813678221939085, 35.042569693877148 ], [ 139.813759054841711, 35.042612194160455 ], [ 139.813834332805357, 35.042631638630652 ], [ 139.813893222033897, 35.042621916925228 ], [ 139.813985166962993, 35.042569417385359 ], [ 139.814025167680143, 35.042590806832266 ], [ 139.814098221949394, 35.042602471395675 ], [ 139.814185443407837, 35.042579139090783 ], [ 139.814320721372951, 35.042667193779302 ], [ 139.814417110468128, 35.042702193825669 ], [ 139.814461833581674, 35.042748584062366 ], [ 139.814586557055264, 35.042802751027793 ], [ 139.814638499118729, 35.042843583885542 ], [ 139.814706833140065, 35.042889970944174 ], [ 139.814819888126465, 35.042928860943931 ], [ 139.814883777981748, 35.042935250976313 ], [ 139.814985167703668, 35.042937194893653 ], [ 139.815053499576521, 35.042997193611107 ], [ 139.815138221258707, 35.043033861083025 ], [ 139.815126555994254, 35.043096083387674 ], [ 139.81515933453872, 35.043158028141185 ], [ 139.81521127767644, 35.043194693494392 ], [ 139.815334611072473, 35.043211082783337 ], [ 139.815381833962306, 35.043224693382797 ], [ 139.815442943662475, 35.043327194502268 ], [ 139.815409889036118, 35.043354139209406 ], [ 139.815393500301013, 35.0434163604547 ], [ 139.815445443438733, 35.043462749632049 ], [ 139.815504332667246, 35.043482194102246 ], [ 139.81560544415882, 35.043437471291107 ], [ 139.815648778269065, 35.043433027294782 ], [ 139.815707666423322, 35.043431083377442 ], [ 139.815757110859039, 35.043398028307777 ], [ 139.815790166559623, 35.043326640459341 ], [ 139.815799610278191, 35.043282194139984 ], [ 139.815877388018095, 35.043274417411254 ], [ 139.815934056774978, 35.043233583494157 ], [ 139.815957389452393, 35.043187194316808 ], [ 139.815959889228651, 35.043113582881183 ], [ 139.816000166027663, 35.043064138522574 ], [ 139.81605183308352, 35.042974972570136 ], [ 139.816136832996079, 35.042971361227238 ], [ 139.816148222178668, 35.042958583281198 ], [ 139.816188501126192, 35.042913027816631 ], [ 139.816200444620989, 35.042837471404304 ], [ 139.816231000545343, 35.042781361580893 ], [ 139.816237943413398, 35.042750249369213 ], [ 139.816195721150336, 35.042709694062609 ], [ 139.816252109528364, 35.042686361757717 ], [ 139.816285444533577, 35.042609971632615 ], [ 139.816304056963077, 35.042526637432204 ], [ 139.816384333404983, 35.042479971763072 ], [ 139.816426554593789, 35.042361917186156 ], [ 139.81642905651853, 35.042311638055416 ], [ 139.816452666352063, 35.04224552791608 ], [ 139.816473777483594, 35.042179695327889 ], [ 139.816521000373399, 35.042108027809604 ], [ 139.81657794413789, 35.042006082851771 ], [ 139.816563776948669, 35.041909139111254 ], [ 139.816592110252856, 35.041860806016565 ], [ 139.816613223532869, 35.041793028451679 ], [ 139.816666556748146, 35.041746556644604 ], [ 139.816666667395765, 35.041746443293569 ] ] ] } },
{ "type": "Feature", "properties": { "P12_001": 10313, "P12_002": "厳島神社", "P12_003": "12", "P12_004": "12234", "P12_005": "‐", "P12_006": "南房総市白浜629", "P12_007": 2 }, "geometry": { "type": "Polygon", "coordinates": [ [ [ 139.888571758231137, 34.901455830228464 ], [ 139.888571758231137, 34.901712560796469 ], [ 139.888912073710429, 34.901712560796469 ], [ 139.888912073710429, 34.901455830228464 ], [ 139.888571758231137, 34.901455830228464 ] ] ] } },
{ "type": "Feature", "properties": { "P12_001": 10317, "P12_002": "花の広場公園「花夢花夢」", "P12_003": "12", "P12_004": "12234", "P12_005": "‐", "P12_006": "南房総市和田町柴254-1", "P12_007": 4 }, "geometry": { "type": "Polygon", "coordinates": [ [ [ 140.024164081751934, 35.045045773158293 ], [ 140.024162474676189, 35.044994923034942 ], [ 140.024157665265648, 35.044944266773641 ], [ 140.024149669634056, 35.04489400353323 ], [ 140.02413851893462, 35.044844329294484 ], [ 140.024124256137299, 35.044795433682026 ], [ 140.024106938177226, 35.044747506320491 ], [ 140.024086628435072, 35.0447007325971 ], [ 140.024063408553758, 35.044655293661641 ], [ 140.024037366621627, 35.044611365367118 ], [ 140.024008606840766, 35.044569118269784 ], [ 140.02397723556183, 35.044528714451012 ], [ 140.023943376323359, 35.044490312814133 ], [ 140.023907161257938, 35.044454057431501 ], [ 140.023868728943597, 35.044420093434816 ], [ 140.023828227626637, 35.044388550065449 ], [ 140.023785817370111, 35.044359549149284 ], [ 140.023741658237014, 35.04433320191864 ], [ 140.023695923181378, 35.044309613249723 ], [ 140.023648787305689, 35.044288871069035 ], [ 140.023600435380729, 35.044271058006302 ], [ 140.023551054325679, 35.044256241860275 ], [ 140.023500833208288, 35.044244479836159 ], [ 140.023449966467581, 35.044235818545594 ], [ 140.023398651765234, 35.044230290828594 ], [ 140.02334708998572, 35.044227917872277 ], [ 140.023295476642289, 35.044228709210834 ], [ 140.023244012619386, 35.0442326616662 ], [ 140.023192898801511, 35.044239760407407 ], [ 140.023142330701887, 35.044249975772495 ], [ 140.023092505982191, 35.04426327068402 ], [ 140.023043614784456, 35.044279594292917 ], [ 140.022995847250655, 35.044298879859795 ], [ 140.022949390300028, 35.044321056407831 ], [ 140.022904421183569, 35.044346036010523 ], [ 140.022861115003792, 35.044373724385231 ], [ 140.022819638269226, 35.044404011358971 ], [ 140.022780154265604, 35.044436781462011 ], [ 140.022742812313481, 35.044471907571676 ], [ 140.022707758510677, 35.044509254090478 ], [ 140.022675127138257, 35.044548675886695 ], [ 140.02264504710601, 35.044590021472509 ], [ 140.022617631210039, 35.044633129825868 ], [ 140.022592991172189, 35.044677835687324 ], [ 140.022571216155086, 35.044723962144502 ], [ 140.022552392098618, 35.044771337581821 ], [ 140.022536593125949, 35.044819771315282 ], [ 140.02252388046918, 35.044869081135737 ], [ 140.022514302469574, 35.044919074240497 ], [ 140.022507897800011, 35.044969557826846 ], [ 140.02250468687123, 35.045020335914032 ], [ 140.02250468687123, 35.045071212521272 ], [ 140.022507897800011, 35.04512199060845 ], [ 140.022514302469574, 35.045172474194807 ], [ 140.02252388046918, 35.045222466240205 ], [ 140.022536593125949, 35.045271776060666 ], [ 140.022552392098618, 35.045320210853482 ], [ 140.022571216155086, 35.045367585231439 ], [ 140.022592991172189, 35.04541371274798 ], [ 140.022617631210039, 35.04545841755008 ], [ 140.02264504710601, 35.045501526962795 ], [ 140.022675127138257, 35.045542872548602 ], [ 140.022707758510677, 35.04558229328547 ], [ 140.022742812313481, 35.04561964086362 ], [ 140.022780154265604, 35.045654766973293 ], [ 140.022819638269226, 35.04568753601697 ], [ 140.022861115003792, 35.045717824050072 ], [ 140.022904421183569, 35.045745511365418 ], [ 140.022949390300028, 35.045770492027465 ], [ 140.022995847250655, 35.045792667516146 ], [ 140.023043614784456, 35.04581195414238 ], [ 140.023092505982191, 35.045828277751284 ], [ 140.023142330701887, 35.045841572662809 ], [ 140.023192898801511, 35.045851788027889 ], [ 140.023244012619386, 35.045858885709741 ], [ 140.023295476642289, 35.045862838165114 ], [ 140.02334708998572, 35.045863629503671 ], [ 140.023398651765234, 35.045861256547354 ], [ 140.023449966467581, 35.045855729889709 ], [ 140.023500833208288, 35.045847068599137 ], [ 140.023551054325679, 35.045835306575022 ], [ 140.023600435380729, 35.045820489369646 ], [ 140.023648787305689, 35.045802677366268 ], [ 140.023695923181378, 35.04578193518558 ], [ 140.023741658237014, 35.045758346516656 ], [ 140.023785817370111, 35.045731999286019 ], [ 140.023828227626637, 35.045702998369848 ], [ 140.023868728943597, 35.045671453941125 ], [ 140.023907161257938, 35.04563748994444 ], [ 140.023943376323359, 35.045601235621163 ], [ 140.02397723556183, 35.045562832924936 ], [ 140.024008606840766, 35.045522430165519 ], [ 140.024037366621627, 35.045480183068179 ], [ 140.024063408553758, 35.045436254773662 ], [ 140.024086628435072, 35.045390815838203 ], [ 140.024106938177226, 35.045344042114806 ], [ 140.024124256137299, 35.045296114753278 ], [ 140.02413851893462, 35.045247219140819 ], [ 140.024149669634056, 35.045197543842711 ], [ 140.024157665265648, 35.045147280602308 ], [ 140.024162474676189, 35.045096625400362 ], [ 140.024164081751934, 35.045045773158293 ] ] ] } },
{ "type": "Feature", "properties": { "P12_001": 10319, "P12_002": "高家神社", "P12_003": "12", "P12_004": "12234", "P12_005": "‐", "P12_006": "南房総市千倉町南朝夷164　", "P12_007": 2 }, "geometry": { "type": "Polygon", "coordinates": [ [ [ 139.949461912087685, 34.962370096732194 ], [ 139.949461912087685, 34.962551863067596 ], [ 139.949778128950385, 34.962551863067596 ], [ 139.949778128950385, 34.962370096732194 ], [ 139.949461912087685, 34.962370096732194 ] ] ] } },
{ "type": "Feature", "properties": { "P12_001": 10320, "P12_002": "真野寺", "P12_003": "12", "P12_004": "12234", "P12_005": "‐", "P12_006": "南房総市久保587", "P12_007": 2 }, "geometry": { "type": "Polygon", "coordinates": [ [ [ 139.937847625014513, 34.997589586469807 ], [ 139.937847625014513, 34.997761391685444 ], [ 139.938119031749522, 34.997761391685444 ], [ 139.938119031749522, 34.997589586469807 ], [ 139.937847625014513, 34.997589586469807 ] ] ] } },
{ "type": "Feature", "properties": { "P12_001": 10321, "P12_002": "石堂寺", "P12_003": "12", "P12_004": "12234", "P12_005": "‐", "P12_006": "南房総市石堂302", "P12_007": 2 }, "geometry": { "type": "Polygon", "coordinates": [ [ [ 139.957958028529589, 35.052192582619611 ], [ 139.957971639258091, 35.052181194547984 ], [ 139.957964694241554, 35.052090917331626 ], [ 139.957958028529589, 35.052057306100323 ], [ 139.957848306936313, 35.052057306100323 ], [ 139.957834694059301, 35.052073972940406 ], [ 139.957848306936313, 35.052192582619611 ], [ 139.957861916590559, 35.052203694199449 ], [ 139.957958028529589, 35.052192582619611 ] ] ] } },
{ "type": "Feature", "properties": { "P12_001": 10323, "P12_002": "小松寺", "P12_003": "12", "P12_004": "12234", "P12_005": "‐", "P12_006": "南房総市千倉町大貫1057", "P12_007": 2 }, "geometry": { "type": "Polygon", "coordinates": [ [ [ 139.909985748335743, 34.968273158215823 ], [ 139.909985748335743, 34.968474841493979 ], [ 139.910249677226972, 34.968474841493979 ], [ 139.910249677226972, 34.968273158215823 ], [ 139.909985748335743, 34.968273158215823 ] ] ] } },
{ "type": "Feature", "properties": { "P12_001": 10329, "P12_002": "能蔵院", "P12_003": "12", "P12_004": "12234", "P12_005": "‐", "P12_006": "南房総市千倉町忽戸146", "P12_007": 2 }, "geometry": { "type": "Polygon", "coordinates": [ [ [ 139.957557055608731, 34.950267777967142 ], [ 139.957570666337233, 34.950115555997279 ], [ 139.957515944118654, 34.950104166866296 ], [ 139.957454277957737, 34.950110000737034 ], [ 139.957447611171546, 34.950273332168024 ], [ 139.957557055608731, 34.950267777967142 ] ] ] } },
{ "type": "Feature", "properties": { "P12_001": 10333, "P12_002": "日運寺", "P12_003": "12", "P12_004": "12234", "P12_005": "‐", "P12_006": "南房総市加茂2124-1", "P12_007": 2 }, "geometry": { "type": "Polygon", "coordinates": [ [ [ 139.944780692700931, 35.014448860596595 ], [ 139.944705138655451, 35.014324694597796 ], [ 139.944602361004456, 35.014364138640481 ], [ 139.944677917198447, 35.014482750438397 ], [ 139.944780692700931, 35.014448860596595 ] ] ] } },
{ "type": "Feature", "properties": { "P12_001": 10336, "P12_002": "吉崎浜海岸（サーフィン）", "P12_003": "12", "P12_004": "12235", "P12_005": "‐", "P12_006": "匝瑳市", "P12_007": 4 }, "geometry": { "type": "Polygon", "coordinates": [ [ [ 140.613456610473065, 35.664090204392146 ], [ 140.611783373900437, 35.663612128907907 ], [ 140.611026406843422, 35.663691811509906 ], [ 140.610269439786379, 35.664329233129749 ], [ 140.610269439786379, 35.665126019953583 ], [ 140.611066289393221, 35.666121984679819 ], [ 140.617958302524727, 35.670783117099155 ], [ 140.622181274357587, 35.672974261531465 ], [ 140.623538662534742, 35.673477432088141 ], [ 140.624395193091232, 35.673547149332954 ], [ 140.624733822000394, 35.673098963564151 ], [ 140.625052539713636, 35.672541219249531 ], [ 140.624952947209437, 35.671933678870282 ], [ 140.623336609282859, 35.670424573992754 ], [ 140.613456610473065, 35.664090204392146 ] ] ] } },
{ "type": "Feature", "properties": { "P12_001": 10337, "P12_002": "飯高寺", "P12_003": "12", "P12_004": "12235", "P12_005": "‐", "P12_006": "匝瑳市飯高1789", "P12_007": 2 }, "geometry": { "type": "Polygon", "coordinates": [ [ [ 140.529382500307349, 35.744235500033525 ], [ 140.529082167282951, 35.744383610644689 ], [ 140.529213749833218, 35.744561028325769 ], [ 140.529514056001403, 35.744412916655243 ], [ 140.529382500307349, 35.744235500033525 ] ] ] } },
{ "type": "Feature", "properties": { "P12_001": 10339, "P12_002": "野手浜海岸（サーフィン）", "P12_003": "12", "P12_004": "12235", "P12_005": "‐", "P12_006": "匝瑳市", "P12_007": 4 }, "geometry": { "type": "Polygon", "coordinates": [ [ [ 140.582489700147931, 35.642677039581358 ], [ 140.581812440181096, 35.64247784261056 ], [ 140.581095355673881, 35.642597356979358 ], [ 140.580696987805652, 35.642995750920953 ], [ 140.580577455100808, 35.643274619900197 ], [ 140.580856346125131, 35.643832369511593 ], [ 140.583366142974626, 35.645704794129465 ], [ 140.591055004638719, 35.65108302971128 ], [ 140.599102466565853, 35.657138538807487 ], [ 140.605675876928728, 35.661480959887228 ], [ 140.609580131048375, 35.66458838750313 ], [ 140.610735465973676, 35.664986742248573 ], [ 140.611452551555118, 35.664787584473927 ], [ 140.61185091834912, 35.664429041367534 ], [ 140.611890800898948, 35.663592422776894 ], [ 140.607508527681773, 35.660166283821397 ], [ 140.596313778692036, 35.652437556612313 ], [ 140.586513430037257, 35.645346241488866 ], [ 140.582489700147931, 35.642677039581358 ] ] ] } },
{ "type": "Feature", "properties": { "P12_001": 10341, "P12_002": "香取神宮", "P12_003": "12", "P12_004": "12236", "P12_005": "‐", "P12_006": "香取市香取1697", "P12_007": 2 }, "geometry": { "type": "Polygon", "coordinates": [ [ [ 140.528906750022628, 35.886077193878485 ], [ 140.528843749645119, 35.886245277578247 ], [ 140.528981388808432, 35.886279277593019 ], [ 140.529031139404964, 35.886141888718875 ], [ 140.529042723026521, 35.8861110000312 ], [ 140.528906750022628, 35.886077193878485 ] ] ] } },
{ "type": "Feature", "properties": { "P12_001": 10357, "P12_002": "小見川城山公園", "P12_003": "12", "P12_004": "12236", "P12_005": "‐", "P12_006": "香取市小見川4780-1", "P12_007": 4 }, "geometry": { "type": "Polygon", "coordinates": [ [ [ 140.592651800910829, 35.860005870259251 ], [ 140.592651336835473, 35.859989843269894 ], [ 140.592649948906427, 35.859973878782505 ], [ 140.592647643569137, 35.859958038239718 ], [ 140.59264442619488, 35.859942383084139 ], [ 140.592640311823118, 35.859926971580322 ], [ 140.59263531764185, 35.859911867289604 ], [ 140.592629459764794, 35.859897126357822 ], [ 140.592622761825396, 35.859882804930812 ], [ 140.592615251754125, 35.859868961273143 ], [ 140.592606954258713, 35.859855646233861 ], [ 140.59259790693784, 35.859842912780749 ], [ 140.592588139870486, 35.859830810703521 ], [ 140.59257769387807, 35.859819384495097 ], [ 140.59256660978204, 35.859808679707768 ], [ 140.592554928403842, 35.85979873871576 ], [ 140.592542694861919, 35.859789598596507 ], [ 140.59252995642322, 35.859781295368094 ], [ 140.592516764651634, 35.859773860811195 ], [ 140.592503170036878, 35.859767323528402 ], [ 140.592489223068583, 35.859761708944255 ], [ 140.592474979607744, 35.859757039305208 ], [ 140.592460494440957, 35.85975333367967 ], [ 140.592445822354961, 35.859750603720549 ], [ 140.592431022433374, 35.859748861080753 ], [ 140.592416148388622, 35.859748113175769 ], [ 140.592401262527176, 35.859748362124314 ], [ 140.592386418561404, 35.859749608985737 ], [ 140.592371675574981, 35.859751846344551 ], [ 140.592357088354589, 35.859755065725913 ], [ 140.592342717058159, 35.859759255476916 ], [ 140.592328616472344, 35.859764400766579 ], [ 140.592314837086832, 35.859770477229731 ], [ 140.592301437985299, 35.859777467916672 ], [ 140.592288467508922, 35.859785339987397 ], [ 140.592275976147363, 35.859794066958003 ], [ 140.592264012241827, 35.859803610691699 ], [ 140.592252624133465, 35.859813939407829 ], [ 140.592241851569497, 35.859825009672804 ], [ 140.592231741816875, 35.859836780171761 ], [ 140.592222330325768, 35.85984920429307 ], [ 140.592213653620632, 35.859862234365714 ], [ 140.592205746077411, 35.859875820600003 ], [ 140.592198638849339, 35.859889908968796 ], [ 140.592192357718375, 35.859904447563679 ], [ 140.592186927392191, 35.859919378120097 ], [ 140.592182370430066, 35.859934643432851 ], [ 140.59217870509417, 35.859950183118684 ], [ 140.592175943201283, 35.859965938913035 ], [ 140.592174094419619, 35.859981849373291 ], [ 140.592173168417418, 35.859997853056825 ], [ 140.592173168417418, 35.860013886402321 ], [ 140.592174094419619, 35.860029890085855 ], [ 140.592175943201283, 35.860045800546111 ], [ 140.59217870509417, 35.860061556340462 ], [ 140.592182370430066, 35.860077096026295 ], [ 140.592186927392191, 35.860092361339049 ], [ 140.592192357718375, 35.860107291895467 ], [ 140.592198638849339, 35.86012183049035 ], [ 140.592205746077411, 35.860135918859143 ], [ 140.592213653620632, 35.860149505093432 ], [ 140.592222330325768, 35.860162535166076 ], [ 140.592231741816875, 35.860174959287384 ], [ 140.592241851569497, 35.860186729786342 ], [ 140.592252624133465, 35.860197800051317 ], [ 140.592264012241827, 35.860208128767447 ], [ 140.592275976147363, 35.860217672501143 ], [ 140.592288467508922, 35.860226399471749 ], [ 140.592301437985299, 35.860234271542474 ], [ 140.592314837086832, 35.86024126117006 ], [ 140.592328616472344, 35.860247338692567 ], [ 140.592342717058159, 35.860252483982229 ], [ 140.592357088354589, 35.860256673733232 ], [ 140.592371675574981, 35.860259893114595 ], [ 140.592386418561404, 35.860262130473409 ], [ 140.592401262527176, 35.860263376275476 ], [ 140.592416148388622, 35.860263626283377 ], [ 140.592431022433374, 35.860262878378393 ], [ 140.592445822354961, 35.860261135738597 ], [ 140.592460494440957, 35.860258405779476 ], [ 140.592474979607744, 35.860254699094583 ], [ 140.592489223068583, 35.860250030514891 ], [ 140.592503170036878, 35.860244415930744 ], [ 140.592516764651634, 35.860237878647951 ], [ 140.59252995642322, 35.860230444091052 ], [ 140.592542694861919, 35.860222140862639 ], [ 140.592554928403842, 35.860213000743386 ], [ 140.59256660978204, 35.860203059751377 ], [ 140.59257769387807, 35.860192354964049 ], [ 140.592588139870486, 35.860180928755625 ], [ 140.59259790693784, 35.860168826678397 ], [ 140.592606954258713, 35.860156093225285 ], [ 140.592615251754125, 35.860142778186002 ], [ 140.592622761825396, 35.860128934528333 ], [ 140.592629459764794, 35.860114613101324 ], [ 140.59263531764185, 35.860099872169542 ], [ 140.592640311823118, 35.860084767878824 ], [ 140.59264442619488, 35.860069356375007 ], [ 140.592647643569137, 35.860053701219428 ], [ 140.592649948906427, 35.860037860676641 ], [ 140.592651336835473, 35.860021896189252 ], [ 140.592651800910829, 35.860005870259251 ] ] ] } },
{ "type": "Feature", "properties": { "P12_001": 10364, "P12_002": "蓮沼海浜公園", "P12_003": "12", "P12_004": "12237", "P12_005": "‐", "P12_006": "山武市蓮沼ホ203　", "P12_007": 4 }, "geometry": { "type": "Polygon", "coordinates": [ [ [ 140.500991686226399, 35.588361817353132 ], [ 140.501001471555981, 35.58837305605563 ], [ 140.50107963817382, 35.588457971873801 ], [ 140.501198971068447, 35.588582167534554 ], [ 140.501336833675452, 35.588719582892594 ], [ 140.501463749690231, 35.588841806033408 ], [ 140.501480777603206, 35.588858222865589 ], [ 140.501592665955741, 35.588962860705102 ], [ 140.501687278243878, 35.58904725002359 ], [ 140.501751610689553, 35.589103582311658 ], [ 140.501759527900987, 35.589110583592152 ], [ 140.501797973106306, 35.589144249909943 ], [ 140.501839667913345, 35.589180638771367 ], [ 140.501888360375091, 35.589223250286999 ], [ 140.502041028274931, 35.589350055140351 ], [ 140.502198417496913, 35.589474917135718 ], [ 140.502356138661668, 35.589595555480699 ], [ 140.502521332299011, 35.589714861156466 ], [ 140.502693082074927, 35.589837222013493 ], [ 140.502857193944038, 35.589946805983836 ], [ 140.503025722048704, 35.590055832733185 ], [ 140.503182222867196, 35.590151861190549 ], [ 140.503349139599123, 35.590250999915661 ], [ 140.503523306434175, 35.590349888632872 ], [ 140.503708692720579, 35.590455943890042 ], [ 140.503896194202241, 35.590561277726117 ], [ 140.504097193616332, 35.590674278117952 ], [ 140.504344443725358, 35.590814305846649 ], [ 140.50464124999192, 35.590980749664098 ], [ 140.504910694074937, 35.591132110377941 ], [ 140.505019111530544, 35.591192972470125 ], [ 140.505046500570302, 35.591208500503043 ], [ 140.505124555466324, 35.591252694695797 ], [ 140.505301638886039, 35.591352916082229 ], [ 140.505356722052142, 35.591384167069478 ], [ 140.505421666819444, 35.59141752829288 ], [ 140.505690916463493, 35.591573306519159 ], [ 140.506228332909075, 35.591876860600259 ], [ 140.506589166534752, 35.592087556875008 ], [ 140.506959667322661, 35.592314528028311 ], [ 140.507070249388988, 35.592383666865018 ], [ 140.507257444709865, 35.592505138922782 ], [ 140.507281528286967, 35.592520777128669 ], [ 140.507305388420406, 35.592536221472507 ], [ 140.50734952821702, 35.592564832545847 ], [ 140.507774027180034, 35.592847721779215 ], [ 140.508105640172261, 35.593082389150219 ], [ 140.508389638173952, 35.593286139230955 ], [ 140.508716138817533, 35.593531805890116 ], [ 140.50896363815221, 35.593724943347453 ], [ 140.508925500181959, 35.593757528063279 ], [ 140.508935833378274, 35.593765582343146 ], [ 140.509252277981659, 35.594023666767477 ], [ 140.509259610801934, 35.594028944476577 ], [ 140.509264833798142, 35.5940319721146 ], [ 140.509273693125522, 35.594035083441703 ], [ 140.509287860314743, 35.59404041729664 ], [ 140.509327750384301, 35.59404586132456 ], [ 140.509345610839858, 35.594045388852003 ], [ 140.509356861444388, 35.59404408266667 ], [ 140.50936686054942, 35.594041305036548 ], [ 140.509380083474213, 35.594036111016536 ], [ 140.509393915497895, 35.594028193393527 ], [ 140.509405971788823, 35.59401927785764 ], [ 140.509415942963386, 35.594009582636104 ], [ 140.509426111799684, 35.593999333371642 ], [ 140.509437445121364, 35.593983222693197 ], [ 140.509443860533423, 35.593971916191947 ], [ 140.509446694400964, 35.593966222156133 ], [ 140.509448277843234, 35.593959110702663 ], [ 140.509449556198945, 35.593951527835991 ], [ 140.509449610985627, 35.593944861311833 ], [ 140.509449305899068, 35.593936305956817 ], [ 140.509447499013078, 35.59391630638433 ], [ 140.509443806820997, 35.593885389094062 ], [ 140.509422693540955, 35.593764277217169 ], [ 140.50938183342501, 35.593602443714857 ], [ 140.509364111547512, 35.59352936089762 ], [ 140.509361083241004, 35.593509999057147 ], [ 140.509359527729174, 35.593494583315909 ], [ 140.509359527729174, 35.593481417645755 ], [ 140.509360056259425, 35.593466277336951 ], [ 140.509363832242911, 35.593442388870429 ], [ 140.509367695240513, 35.593429278286756 ], [ 140.509373081522483, 35.593416360505792 ], [ 140.509379943821898, 35.59340533367439 ], [ 140.509392055973734, 35.593387583113632 ], [ 140.509402556752832, 35.593374833770191 ], [ 140.509408222339431, 35.593367944781377 ], [ 140.509473305684793, 35.593313499205451 ], [ 140.510524499737727, 35.592522499640715 ], [ 140.510573416717421, 35.592486528165352 ], [ 140.510802972879389, 35.592317694441896 ], [ 140.511222110268136, 35.592005250249436 ], [ 140.511434416147694, 35.591860667292089 ], [ 140.511591405749243, 35.59174644652272 ], [ 140.508706639238056, 35.58922381386413 ], [ 140.507460668892577, 35.588241766950453 ], [ 140.50233222266732, 35.584314306013617 ], [ 140.498387359805889, 35.580501028768708 ], [ 140.498311390026203, 35.580561306096655 ], [ 140.498238140243728, 35.580615778156471 ], [ 140.498220833026153, 35.580629943858213 ], [ 140.49818750016945, 35.580656443636045 ], [ 140.498154942920166, 35.580683305713457 ], [ 140.498150028233283, 35.580687028288686 ], [ 140.498114555473563, 35.580708499305963 ], [ 140.498061722858068, 35.580738250245822 ], [ 140.497921834218403, 35.5808197782451 ], [ 140.497896500216029, 35.580837861443484 ], [ 140.497855278078333, 35.580869638930423 ], [ 140.497790528824254, 35.580925528407889 ], [ 140.497403888526861, 35.581246027939571 ], [ 140.497219473361127, 35.581371777674846 ], [ 140.497131082046053, 35.581438972594206 ], [ 140.497029555894557, 35.581534277511764 ], [ 140.497009964824656, 35.581552663685827 ], [ 140.496887221191059, 35.581639333796701 ], [ 140.496821028146996, 35.581664583535044 ], [ 140.496677943618039, 35.581721250579449 ], [ 140.496599110966116, 35.581770082630577 ], [ 140.496062750506781, 35.58213961125351 ], [ 140.496120806118483, 35.582262165972594 ], [ 140.496199332609564, 35.582406943851353 ], [ 140.496234833299752, 35.582469028439789 ], [ 140.496300999487602, 35.582585306477533 ], [ 140.496393193642376, 35.582741443825327 ], [ 140.496439192963152, 35.582818000269242 ], [ 140.496481472161378, 35.582888167740144 ], [ 140.496558943740439, 35.583011582655892 ], [ 140.496607583564014, 35.583089111588158 ], [ 140.496678111200794, 35.58319769446755 ], [ 140.49668402923578, 35.583206499830467 ], [ 140.49670580532711, 35.583209443779403 ], [ 140.496769722038636, 35.583332222022499 ], [ 140.497018028133908, 35.583686971576853 ], [ 140.497040139390776, 35.583719306284777 ], [ 140.497102971111303, 35.5838061109338 ], [ 140.497219806378155, 35.583961055447297 ], [ 140.497350973194273, 35.584130694280937 ], [ 140.49743269450039, 35.584232166766213 ], [ 140.497446972337201, 35.584250583661579 ], [ 140.497480639285214, 35.584294111519718 ], [ 140.497571584088973, 35.584401221894971 ], [ 140.497761332898506, 35.584626056328226 ], [ 140.498054973354755, 35.584908277108269 ], [ 140.498087611172679, 35.584944610883205 ], [ 140.498280056345948, 35.585158417425703 ], [ 140.498369416633182, 35.585265000241918 ], [ 140.498645555432859, 35.585591471360551 ], [ 140.498753639871438, 35.585719694690916 ], [ 140.49879266624518, 35.585766082808902 ], [ 140.498901861456716, 35.585893027497178 ], [ 140.498933194062715, 35.585931332732706 ], [ 140.499020139439324, 35.586037582911288 ], [ 140.499050222694308, 35.586073000343717 ], [ 140.499386528003953, 35.58647055527576 ], [ 140.499413834326589, 35.586713306588585 ], [ 140.500991686226399, 35.588361817353132 ] ] ] } },
{ "type": "Feature", "properties": { "P12_001": 10365, "P12_002": "山武の森公園", "P12_003": "12", "P12_004": "12237", "P12_005": "‐", "P12_006": "山武市埴谷1904-5", "P12_007": 4 }, "geometry": { "type": "Polygon", "coordinates": [ [ [ 140.370033389281474, 35.64283258263071 ], [ 140.370084749102261, 35.642818028145498 ], [ 140.37024730653377, 35.64277213898395 ], [ 140.370466917303133, 35.642701666418667 ], [ 140.370677249788201, 35.642631860187997 ], [ 140.370702916807602, 35.642623082368324 ], [ 140.371081140367977, 35.642494032740665 ], [ 140.370772215504104, 35.642029653663684 ], [ 140.370403959895555, 35.642213786599271 ], [ 140.370070804282477, 35.641741224001059 ], [ 140.370071305956543, 35.641734110428871 ], [ 140.370073139698718, 35.641728583771233 ], [ 140.370079166232813, 35.64172088861288 ], [ 140.370098548898511, 35.641712495339249 ], [ 140.370392753335182, 35.641634574445447 ], [ 140.370451196750594, 35.641654685250259 ], [ 140.370544889482005, 35.641615888473787 ], [ 140.37067894387809, 35.641531111431185 ], [ 140.370634583860522, 35.641487777435103 ], [ 140.370550194121108, 35.641415943598005 ], [ 140.370472360520296, 35.641353472344811 ], [ 140.370380527313017, 35.641292749028196 ], [ 140.370285027695616, 35.641233971747639 ], [ 140.370149951689228, 35.641162180284759 ], [ 140.369979589842359, 35.641080735974562 ], [ 140.369781027898114, 35.640997027821662 ], [ 140.369566889350608, 35.640907556774842 ], [ 140.369446194308892, 35.640859888955411 ], [ 140.368870194079932, 35.640618889816579 ], [ 140.368850592267563, 35.640610672395965 ], [ 140.368144698206947, 35.640317712929217 ], [ 140.368147861868778, 35.640309777297169 ], [ 140.367921500521874, 35.640213361115691 ], [ 140.368037083214972, 35.640113666228942 ], [ 140.368110667088729, 35.640097139223791 ], [ 140.368147443986118, 35.640083527564968 ], [ 140.368176472329083, 35.640064389248508 ], [ 140.3682008609928, 35.640010638609795 ], [ 140.368220111525915, 35.639986582765097 ], [ 140.368250055128584, 35.639952556266437 ], [ 140.36826174939776, 35.639940305879435 ], [ 140.368280194244505, 35.639920971582207 ], [ 140.368316194460249, 35.639889167611386 ], [ 140.368348749561022, 35.639866777073536 ], [ 140.368372833138153, 35.639835833299379 ], [ 140.368373194085649, 35.639806999761383 ], [ 140.36838744399202, 35.639777443742929 ], [ 140.368403722079535, 35.639768193450706 ], [ 140.368440833068206, 35.639751972599292 ], [ 140.368462193425387, 35.639727360592957 ], [ 140.368455138835486, 35.639696111724419 ], [ 140.368422305504339, 35.639671833415072 ], [ 140.368398693522295, 35.639657416646074 ], [ 140.368379082041685, 35.639633805730689 ], [ 140.368381055436174, 35.639613167366839 ], [ 140.368398890109773, 35.639588917660085 ], [ 140.368411917521343, 35.639539917171433 ], [ 140.368403943374716, 35.639499860821267 ], [ 140.368373722615928, 35.639474749858493 ], [ 140.368334055990061, 35.639455000293907 ], [ 140.368300472833454, 35.639433333295869 ], [ 140.368283722076598, 35.639408083557527 ], [ 140.368282750955956, 35.639374722334118 ], [ 140.368296805349075, 35.639347278670535 ], [ 140.368314889248325, 35.639312138789244 ], [ 140.368316666055335, 35.639281027636919 ], [ 140.36829349988642, 35.63925091651619 ], [ 140.368272528407203, 35.639234250735463 ], [ 140.368235999661209, 35.639222167726629 ], [ 140.368139942508861, 35.639212805142719 ], [ 140.36813988772218, 35.639197000618019 ], [ 140.36758560557513, 35.63886755482914 ], [ 140.367568939683906, 35.639399723123915 ], [ 140.367531478490207, 35.639519295757268 ], [ 140.367359620215183, 35.639531571568803 ], [ 140.367298239804398, 35.639562261097637 ], [ 140.367206175633697, 35.639525434722394 ], [ 140.367126382603601, 35.639433367195245 ], [ 140.366815163144935, 35.63937496598588 ], [ 140.366721611140036, 35.639502083349107 ], [ 140.366584180380954, 35.639744795465781 ], [ 140.366388154737422, 35.640037519755602 ], [ 140.366187377692768, 35.640308651202275 ], [ 140.365992485381383, 35.640544426659133 ], [ 140.36588587910876, 35.640689327423132 ], [ 140.365804074011237, 35.640823633572779 ], [ 140.365774195937689, 35.640889199203386 ], [ 140.365723807237572, 35.641008500641725 ], [ 140.36571316680616, 35.641034138104182 ], [ 140.365655667655204, 35.641173028085078 ], [ 140.36533561142835, 35.641983228468256 ], [ 140.366414397554024, 35.642121719072122 ], [ 140.366518745756309, 35.642213786599271 ], [ 140.366423860609046, 35.642397916356799 ], [ 140.366468333422716, 35.642459917256147 ], [ 140.366524693870247, 35.642584332203484 ], [ 140.366553833935058, 35.642716083187665 ], [ 140.366554971564227, 35.642753305761872 ], [ 140.367439414319506, 35.642502261814194 ], [ 140.36750692331799, 35.642674116819535 ], [ 140.367942715855492, 35.642637292562995 ], [ 140.368195896890455, 35.643283296021743 ], [ 140.36898552754738, 35.643091249700568 ], [ 140.369291805462979, 35.643019139371681 ], [ 140.36946611087609, 35.642978693178691 ], [ 140.370033389281474, 35.64283258263071 ] ] ] } },
{ "type": "Feature", "properties": { "P12_001": 10424, "P12_002": "屋形海岸（サーフィン）", "P12_003": "12", "P12_004": "12410", "P12_005": "‐", "P12_006": "横芝光町", "P12_007": 4 }, "geometry": { "type": "Polygon", "coordinates": [ [ [ 140.553860955063698, 35.619723300678558 ], [ 140.553733393425574, 35.618683065485982 ], [ 140.553354586548267, 35.617674436164741 ], [ 140.55273604285594, 35.616728061988169 ], [ 140.551896556326142, 35.615872695983249 ], [ 140.550861634989474, 35.61513432837782 ], [ 140.549662724248066, 35.614535394202647 ], [ 140.548336251868506, 35.614094093185237 ], [ 140.54692252365453, 35.613823831469432 ], [ 140.545464493432405, 35.613732823297781 ], [ 140.544006462136025, 35.613823831469432 ], [ 140.542592733922049, 35.614094093185237 ], [ 140.541266261542489, 35.614535394202647 ], [ 140.540067350801053, 35.61513432837782 ], [ 140.539032429464413, 35.615872695983249 ], [ 140.538192944008841, 35.616728061988169 ], [ 140.537574399242288, 35.617674436164741 ], [ 140.537195592364981, 35.618683065485982 ], [ 140.537068030726829, 35.619723300678558 ], [ 140.537195592364981, 35.620763535871141 ], [ 140.537574399242288, 35.621772165192375 ], [ 140.538192944008841, 35.622718539368947 ], [ 140.539032429464413, 35.623573905373867 ], [ 140.540067350801053, 35.624312272979303 ], [ 140.541266261542489, 35.624911207154469 ], [ 140.542592733922049, 35.625352509231234 ], [ 140.544006462136025, 35.625622769887684 ], [ 140.545464493432405, 35.625713779118691 ], [ 140.54692252365453, 35.625622769887684 ], [ 140.548336251868506, 35.625352509231234 ], [ 140.549662724248066, 35.624911207154469 ], [ 140.550861634989474, 35.624312272979303 ], [ 140.551896556326142, 35.623573905373867 ], [ 140.55273604285594, 35.622718539368947 ], [ 140.553354586548267, 35.621772165192375 ], [ 140.553733393425574, 35.620763535871141 ], [ 140.553860955063698, 35.619723300678558 ] ] ] } },
{ "type": "Feature", "properties": { "P12_001": 10383, "P12_002": "太東埼灯台", "P12_003": "12", "P12_004": "12238", "P12_005": "‐", "P12_006": "いすみ市和泉3508", "P12_007": 1 }, "geometry": { "type": "Polygon", "coordinates": [ [ [ 140.401138249227728, 35.329329660750808 ], [ 140.39929691317559, 35.328936840078498 ], [ 140.397872971006876, 35.329256002703538 ], [ 140.396817228585775, 35.329943434377824 ], [ 140.395810624439576, 35.33149016438464 ], [ 140.395270553525961, 35.333527902487646 ], [ 140.395098682359929, 35.334755460335224 ], [ 140.395393286417061, 35.335246487499809 ], [ 140.39585976271448, 35.335295586508522 ], [ 140.396350752288384, 35.334632712813438 ], [ 140.396669926557223, 35.333454253974573 ], [ 140.397357356434583, 35.331907533501955 ], [ 140.397897483209164, 35.331170993284758 ], [ 140.398781354464234, 35.330827281155358 ], [ 140.399567005030462, 35.330655416615819 ], [ 140.400647203792886, 35.330508110055476 ], [ 140.401359202807726, 35.330262606537062 ], [ 140.401506504836277, 35.329869785864751 ], [ 140.401457423496566, 35.329526065260509 ], [ 140.401138249227728, 35.329329660750808 ] ] ] } },
{ "type": "Feature", "properties": { "P12_001": 10386, "P12_002": "太東海水浴場", "P12_003": "12", "P12_004": "12238", "P12_005": "‐", "P12_006": "いすみ市岬町中原", "P12_007": 4 }, "geometry": { "type": "Polygon", "coordinates": [ [ [ 140.407013473263021, 35.294403798933267 ], [ 140.407750099424703, 35.295336735185316 ], [ 140.408388446888097, 35.295484051279857 ], [ 140.409321285612549, 35.295140320082062 ], [ 140.409616004614293, 35.294551094900051 ], [ 140.409321285612549, 35.293765455674141 ], [ 140.40799556520696, 35.291604952040309 ], [ 140.405933274500569, 35.287333061790406 ], [ 140.403772764179593, 35.281686288064186 ], [ 140.402545206453425, 35.277659901332697 ], [ 140.401906858990003, 35.275990419566668 ], [ 140.401121265358967, 35.275597599953713 ], [ 140.400482916821289, 35.275646703199854 ], [ 140.400335614792738, 35.275990419566668 ], [ 140.400384696132448, 35.277217982711029 ], [ 140.402005079678872, 35.281980909659715 ], [ 140.404607497159787, 35.290082790606249 ], [ 140.407013473263021, 35.294403798933267 ] ] ] } },
{ "type": "Feature", "properties": { "P12_001": 10389, "P12_002": "行元寺", "P12_003": "12", "P12_004": "12238", "P12_005": "‐", "P12_006": "いすみ市荻原2136", "P12_007": 2 }, "geometry": { "type": "Polygon", "coordinates": [ [ [ 140.401855185488671, 35.260475747239234 ], [ 140.40119232582299, 35.260451197734881 ], [ 140.400259372153926, 35.260647607541358 ], [ 140.399694675167694, 35.261163184210297 ], [ 140.399080896841724, 35.262808112234545 ], [ 140.398835374124303, 35.264477588703791 ], [ 140.398884512399178, 35.266196165241105 ], [ 140.399056327704272, 35.268307569866224 ], [ 140.399473721587697, 35.270099793857256 ], [ 140.399915628747664, 35.270885434142521 ], [ 140.400161151465085, 35.271008190139149 ], [ 140.400725848451344, 35.271008190139149 ], [ 140.401388709191252, 35.270885434142521 ], [ 140.401585150568962, 35.270664479069112 ], [ 140.40146236074267, 35.2704189660165 ], [ 140.40099588444528, 35.270247109951796 ], [ 140.400480325733923, 35.269952497890472 ], [ 140.400062930776244, 35.268872245543875 ], [ 140.399719245379373, 35.267178219570276 ], [ 140.399645593827984, 35.265189570941786 ], [ 140.399891116545405, 35.263078174791517 ], [ 140.400406675256761, 35.261875166448291 ], [ 140.401143186473831, 35.261335040274993 ], [ 140.401855185488671, 35.261335040274993 ], [ 140.402149790620058, 35.26131049077064 ], [ 140.402272580446351, 35.261089526163026 ], [ 140.402223442171447, 35.260623058036998 ], [ 140.401855185488671, 35.260475747239234 ] ] ] } },
{ "type": "Feature", "properties": { "P12_001": 10390, "P12_002": "飯縄寺", "P12_003": "12", "P12_004": "12238", "P12_005": "‐", "P12_006": "いすみ市岬町和泉2935", "P12_007": 2 }, "geometry": { "type": "Polygon", "coordinates": [ [ [ 140.289229959732324, 35.312063080324606 ], [ 140.289229959732324, 35.312305522305628 ], [ 140.28965653199495, 35.312305522305628 ], [ 140.28965653199495, 35.312063080324606 ], [ 140.289229959732324, 35.312063080324606 ] ] ] } },
{ "type": "Feature", "properties": { "P12_001": 10391, "P12_002": "白里中央海水浴場", "P12_003": "12", "P12_004": "12239", "P12_005": "‐", "P12_006": "大網白里町南今泉4881-1地先", "P12_007": 4 }, "geometry": { "type": "Polygon", "coordinates": [ [ [ 140.405786388206167, 35.310167860495085 ], [ 140.405815637844341, 35.310107610710382 ], [ 140.405810306349025, 35.310093332716953 ], [ 140.40584125007706, 35.310025916392284 ], [ 140.405965443946144, 35.310061111360064 ], [ 140.405989416875684, 35.309996582838494 ], [ 140.405870470710511, 35.30996138893007 ], [ 140.405879027099814, 35.309938444349299 ], [ 140.405779360472479, 35.309913167067712 ], [ 140.405727860999406, 35.310036471810491 ], [ 140.405787361475319, 35.310056222434433 ], [ 140.405770111192908, 35.310087806059308 ], [ 140.405689666093991, 35.310065278864599 ], [ 140.405660445460541, 35.310131251287721 ], [ 140.405786388206167, 35.310167860495085 ] ] ] } },
{ "type": "Feature", "properties": { "P12_001": 10411, "P12_002": "片貝海水浴場", "P12_003": "12", "P12_004": "12403", "P12_005": "‐", "P12_006": "九十九里町片貝", "P12_007": 4 }, "geometry": { "type": "Polygon", "coordinates": [ [ [ 140.453607005996815, 35.528825190768735 ], [ 140.453593764809796, 35.528651462822864 ], [ 140.453554444091935, 35.528483013645456 ], [ 140.453490238407596, 35.528324960982921 ], [ 140.45340309859202, 35.5281821079531 ], [ 140.453295671593537, 35.528058794735479 ], [ 140.453171223127555, 35.527958768270459 ], [ 140.453033533474553, 35.527885066789615 ], [ 140.45288678575821, 35.527839930829828 ], [ 140.452735440258294, 35.52782473225647 ], [ 140.452584094758379, 35.527839930829828 ], [ 140.452437348116263, 35.527885066789615 ], [ 140.452299658463289, 35.527958768270459 ], [ 140.452175208923052, 35.528058794735479 ], [ 140.452067782998796, 35.5281821079531 ], [ 140.451980643183248, 35.528324960982921 ], [ 140.45191643749888, 35.528483013645456 ], [ 140.451877116781048, 35.528651462822864 ], [ 140.451863875594029, 35.528825190768735 ], [ 140.451877116781048, 35.528998918714599 ], [ 140.45191643749888, 35.529167367892008 ], [ 140.451980643183248, 35.529325420554542 ], [ 140.452067782998796, 35.529468273584364 ], [ 140.452175208923052, 35.529591586801985 ], [ 140.452299658463289, 35.52969161432636 ], [ 140.452437348116263, 35.529765314747856 ], [ 140.452584094758379, 35.529810450707643 ], [ 140.452735440258294, 35.529825650340356 ], [ 140.45288678575821, 35.529810450707643 ], [ 140.453033533474553, 35.529765314747856 ], [ 140.453171223127555, 35.52969161432636 ], [ 140.453295671593537, 35.529591586801985 ], [ 140.45340309859202, 35.529468273584364 ], [ 140.453490238407596, 35.529325420554542 ], [ 140.453554444091935, 35.529167367892008 ], [ 140.453593764809796, 35.528998918714599 ], [ 140.453607005996815, 35.528825190768735 ] ] ] } },
{ "type": "Feature", "properties": { "P12_001": 10419, "P12_002": "京カントリークラブ", "P12_003": "12", "P12_004": "12409", "P12_005": "‐", "P12_006": "芝山町山田1281", "P12_007": 4 }, "geometry": { "type": "Polygon", "coordinates": [ [ [ 140.427253074496718, 35.691538628718767 ], [ 140.427253074496718, 35.692250613075473 ], [ 140.427983472165579, 35.692250613075473 ], [ 140.427983472165579, 35.691538628718767 ], [ 140.427253074496718, 35.691538628718767 ] ] ] } },
{ "type": "Feature", "properties": { "P12_001": 10425, "P12_002": "カレドニアン・ゴルフクラブ", "P12_003": "12", "P12_004": "12410", "P12_005": "‐", "P12_006": "横芝光町長倉1658", "P12_007": 4 }, "geometry": { "type": "Polygon", "coordinates": [ [ [ 140.531065065653934, 35.607906582037593 ], [ 140.532710018337781, 35.60891317633692 ], [ 140.533495611968846, 35.609158689389531 ], [ 140.534109390294816, 35.60898683438419 ], [ 140.534649518143624, 35.608544915762522 ], [ 140.534575866592206, 35.607906582037593 ], [ 140.532783669889199, 35.606605366142745 ], [ 140.528069823427018, 35.603266412144897 ], [ 140.523331435757854, 35.599829249536057 ], [ 140.522594924540755, 35.599362776113253 ], [ 140.522103878031658, 35.59924002117598 ], [ 140.521686512078702, 35.599411879359394 ], [ 140.521588320394557, 35.600074760469965 ], [ 140.522030227554495, 35.600934052446362 ], [ 140.526081184272044, 35.60410115037952 ], [ 140.531286019233903, 35.607955681046306 ], [ 140.531065065653934, 35.607906582037593 ] ] ] } },
{ "type": "Feature", "properties": { "P12_001": 10428, "P12_002": "一宮海水浴場", "P12_003": "12", "P12_004": "12421", "P12_005": "‐", "P12_006": "一宮町一宮海岸", "P12_007": 4 }, "geometry": { "type": "Polygon", "coordinates": [ [ [ 140.395932275562473, 35.335649607226287 ], [ 140.395883136213342, 35.334814863694888 ], [ 140.395392204648829, 35.334471147328067 ], [ 140.39480299546031, 35.334471147328067 ], [ 140.394508276458595, 35.335109481052989 ], [ 140.393919067270076, 35.336778958581597 ], [ 140.392495182036527, 35.342523934562664 ], [ 140.391513090092587, 35.349103644540939 ], [ 140.390776578875489, 35.356960021969066 ], [ 140.390580137497807, 35.365552919486632 ], [ 140.39013823033784, 35.375324268427569 ], [ 140.390383696120097, 35.381265635146725 ], [ 140.390923880904069, 35.388827399454165 ], [ 140.391169346686326, 35.391626246347116 ], [ 140.391807695223974, 35.392853776651449 ], [ 140.392446043761623, 35.393099289704068 ], [ 140.392986113601012, 35.392902894728564 ], [ 140.393182554978722, 35.392166353452012 ], [ 140.393035252950142, 35.389711255765896 ], [ 140.39288795092159, 35.38740343603753 ], [ 140.39283881157246, 35.383426139839905 ], [ 140.392642485139334, 35.379301564625187 ], [ 140.3925442075153, 35.37468592516845 ], [ 140.3925442075153, 35.371199694272207 ], [ 140.392986113601012, 35.362754091662076 ], [ 140.392986113601012, 35.35646899480448 ], [ 140.393673601487819, 35.348023397491126 ], [ 140.39480299546031, 35.341787398582895 ], [ 140.395735834184762, 35.336582547715764 ], [ 140.395932275562473, 35.335649607226287 ] ] ] } },
{ "type": "Feature", "properties": { "P12_001": 10464, "P12_002": "御宿岩和田海水浴場", "P12_003": "12", "P12_004": "12443", "P12_005": "‐", "P12_006": "御宿町", "P12_007": 4 }, "geometry": { "type": "Polygon", "coordinates": [ [ [ 140.358661749162479, 35.183187872375115 ], [ 140.358657949545545, 35.183092857720965 ], [ 140.358646566808432, 35.182998210663172 ], [ 140.358627642846869, 35.182904297738745 ], [ 140.358601251783966, 35.182811482306612 ], [ 140.358567497821838, 35.182720122428933 ], [ 140.35852650772182, 35.182630572989808 ], [ 140.358478444769702, 35.182543178279772 ], [ 140.358423491587672, 35.18245827835193 ], [ 140.358361860876983, 35.182376200547147 ], [ 140.358293791120786, 35.182297263731421 ], [ 140.35821954765845, 35.182221772999135 ], [ 140.358139415165823, 35.182150018613697 ], [ 140.358053705175024, 35.182082280244963 ], [ 140.357962748554513, 35.182018818494377 ], [ 140.357866897657857, 35.181959881251139 ], [ 140.357766523100764, 35.181905693098599 ], [ 140.3576620137612, 35.181856466967226 ], [ 140.357553774630816, 35.181812390362943 ], [ 140.357442221443847, 35.181773634901326 ], [ 140.357327787122387, 35.181740352070229 ], [ 140.357210916405307, 35.181712668992304 ], [ 140.357092060477044, 35.181690692662457 ], [ 140.356971679115873, 35.18167450994784 ], [ 140.356850235322952, 35.181664182291065 ], [ 140.356728201767595, 35.1816597488883 ], [ 140.356606051119172, 35.181661225629867 ], [ 140.356484253898486, 35.181668611456416 ], [ 140.356363283849134, 35.181681873527914 ], [ 140.356243606120756, 35.181700963114025 ], [ 140.356125684788651, 35.181725803941148 ], [ 140.356009976408473, 35.181756300667281 ], [ 140.355896930016087, 35.181792337822678 ], [ 140.355786980682097, 35.181833773453704 ], [ 140.355680553808952, 35.181880447597685 ], [ 140.355578061908062, 35.181932180164168 ], [ 140.355479901377123, 35.181988769875623 ], [ 140.355386453574368, 35.182049999564164 ], [ 140.355298077298755, 35.182115630874812 ], [ 140.355215116309864, 35.182185411680955 ], [ 140.355137891807942, 35.182259069728225 ], [ 140.355066699211335, 35.182336321109354 ], [ 140.355001818898927, 35.182416867086083 ], [ 140.354943499022113, 35.182500395148544 ], [ 140.354891965173067, 35.182586584312027 ], [ 140.354847417162034, 35.182675098760832 ], [ 140.354810027942989, 35.18276559844184 ], [ 140.354779940391012, 35.182857730589674 ], [ 140.354757272673396, 35.182951140320242 ], [ 140.354742111804313, 35.183045465333961 ], [ 140.354734517941665, 35.183140343331253 ], [ 140.354734517941665, 35.183235402478331 ], [ 140.354742111804313, 35.183330279416268 ], [ 140.354757272673396, 35.183424605489343 ], [ 140.354779940391012, 35.183518014160555 ], [ 140.354810027942989, 35.183610147367752 ], [ 140.354847417162034, 35.183700645989404 ], [ 140.354891965173067, 35.183789160438202 ], [ 140.354943499022113, 35.183875349601685 ], [ 140.355001818898927, 35.183958877664146 ], [ 140.355066699211335, 35.184039423640883 ], [ 140.355137891807942, 35.184116676081359 ], [ 140.355215116309864, 35.184190334128637 ], [ 140.355298077298755, 35.184260114934773 ], [ 140.355386453574368, 35.184325745186065 ], [ 140.355479901377123, 35.184386974874613 ], [ 140.355578061908062, 35.184443565645417 ], [ 140.355680553808952, 35.184495297152552 ], [ 140.355786980682097, 35.184541971296525 ], [ 140.355896930016087, 35.184583407986906 ], [ 140.356009976408473, 35.184619444082955 ], [ 140.356125684788651, 35.184649941868443 ], [ 140.356243606120756, 35.184674782695559 ], [ 140.356363283849134, 35.18469387228167 ], [ 140.356484253898486, 35.18470713329382 ], [ 140.356606051119172, 35.184714519120362 ], [ 140.356728201767595, 35.184715996921291 ], [ 140.356850235322952, 35.184711563518519 ], [ 140.356971679115873, 35.184701234802397 ], [ 140.357092060477044, 35.184685052087779 ], [ 140.357210916405307, 35.184663075757932 ], [ 140.357327787122387, 35.184635392680008 ], [ 140.357442221443847, 35.184602109848903 ], [ 140.357553774630816, 35.184563355446649 ], [ 140.3576620137612, 35.184519278842359 ], [ 140.357766523100764, 35.184470052710985 ], [ 140.357866897657857, 35.184415864558453 ], [ 140.357962748554513, 35.184356926255852 ], [ 140.358053705175024, 35.184293464505267 ], [ 140.358139415165823, 35.184225726136532 ], [ 140.35821954765845, 35.184153972810449 ], [ 140.358293791120786, 35.184078481018808 ], [ 140.358361860876983, 35.183999544203083 ], [ 140.358423491587672, 35.183917467457654 ], [ 140.358478444769702, 35.183832566470464 ], [ 140.35852650772182, 35.183745172819776 ], [ 140.358567497821838, 35.183655623380652 ], [ 140.358601251783966, 35.18356426350298 ], [ 140.358627642846869, 35.183471447011492 ], [ 140.358646566808432, 35.183377534087057 ], [ 140.358657949545545, 35.183282887029264 ], [ 140.358661749162479, 35.183187872375115 ] ] ] } },
{ "type": "Feature", "properties": { "P12_001": 10473, "P12_002": "日本寺", "P12_003": "12", "P12_004": "12463", "P12_005": "‐", "P12_006": "鋸南町元名184", "P12_007": 2 }, "geometry": { "type": "Polygon", "coordinates": [ [ [ 139.8321768058168, 35.156476167296773 ], [ 139.832184029063711, 35.1563828338398 ], [ 139.831869305406428, 35.156366444550862 ], [ 139.831862083233773, 35.156460055558973 ], [ 139.8321768058168, 35.156476167296773 ] ] ] } },
{ "type": "Feature", "properties": { "P12_001": 10192, "P12_002": "勝浦海中公園センター", "P12_003": "12", "P12_004": "12218", "P12_005": "‐", "P12_006": "勝浦市吉尾174", "P12_007": 1 }, "geometry": { "type": "Polygon", "coordinates": [ [ [ 140.285273921463755, 35.135358723692519 ], [ 140.285272780611848, 35.135335447533478 ], [ 140.285269366650112, 35.135312260360294 ], [ 140.285263688172535, 35.135289254336897 ], [ 140.285255770961101, 35.135266515271091 ], [ 140.285245645094733, 35.135244134267438 ], [ 140.285233348172142, 35.13522219713375 ], [ 140.285218929608789, 35.135200786499738 ], [ 140.285202443117043, 35.135179988173206 ], [ 140.285183953151858, 35.13515988054646 ], [ 140.285163533836368, 35.135140543071167 ], [ 140.285141260367993, 35.135122048842845 ], [ 140.285117219760792, 35.135104470957032 ], [ 140.285091507622951, 35.135087876153122 ], [ 140.285064220636798, 35.135072329051809 ], [ 140.285035465152959, 35.135057891095698 ], [ 140.285005353967506, 35.13504461631193 ], [ 140.284974000950768, 35.135032556608913 ], [ 140.284941528567117, 35.135021758598306 ], [ 140.284908061429348, 35.135012263594959 ], [ 140.284873732744273, 35.13500411079503 ], [ 140.284838670347483, 35.13499732880112 ], [ 140.284803014965519, 35.134991945156465 ], [ 140.28476689980522, 35.134987981048184 ], [ 140.284730466667327, 35.134985450247896 ], [ 140.284693857352693, 35.134984363349155 ], [ 140.284657210439377, 35.134984725648735 ], [ 140.284620672025142, 35.134986536087283 ], [ 140.284584380688074, 35.134989784071244 ], [ 140.284548478228942, 35.134994461125778 ], [ 140.284513101077351, 35.135000547123127 ], [ 140.28447838888556, 35.135008017698112 ], [ 140.284444473786181, 35.135016845307497 ], [ 140.284411488985967, 35.135026997111254 ], [ 140.284379561246311, 35.135038430735165 ], [ 140.284348814105755, 35.135051104864367 ], [ 140.284319366805875, 35.135064967590438 ], [ 140.284291331068516, 35.135079968064318 ], [ 140.284264819689781, 35.135096045902742 ], [ 140.284239930426281, 35.135113140722446 ], [ 140.284216764257366, 35.135131185784033 ], [ 140.28419540497444, 35.135150111170041 ], [ 140.284175942814386, 35.135169843784936 ], [ 140.284158445454807, 35.135190306295776 ], [ 140.284142985944641, 35.135211421369604 ], [ 140.284129621219051, 35.135233104257978 ], [ 140.28411840391621, 35.135255275509238 ], [ 140.284109378080331, 35.135277845078164 ], [ 140.284102577013073, 35.135300729275677 ], [ 140.284098028644934, 35.135323836997195 ], [ 140.284095751238112, 35.135347081375578 ], [ 140.284095751238112, 35.135370367068823 ], [ 140.284098028644934, 35.135393611447199 ], [ 140.284102577013073, 35.135416719168724 ], [ 140.284109378080331, 35.135439603366237 ], [ 140.28411840391621, 35.135462172935163 ], [ 140.284129621219051, 35.135484344186423 ], [ 140.284142985944641, 35.135506027074797 ], [ 140.284158445454807, 35.135527142148625 ], [ 140.284175942814386, 35.135547604659457 ], [ 140.28419540497444, 35.13556733727436 ], [ 140.284216764257366, 35.135586262660368 ], [ 140.284239930426281, 35.135604307721955 ], [ 140.284264819689781, 35.135621402541659 ], [ 140.284291331068516, 35.135637480380083 ], [ 140.284319366805875, 35.135652480853963 ], [ 140.284348814105755, 35.135666343580034 ], [ 140.284379561246311, 35.135679017709236 ], [ 140.284411488985967, 35.135690451333147 ], [ 140.284444473786181, 35.135700603136904 ], [ 140.28447838888556, 35.135709430746282 ], [ 140.284513101077351, 35.135716901321274 ], [ 140.284548478228942, 35.135722987318616 ], [ 140.284584380688074, 35.13572766437315 ], [ 140.284620672025142, 35.135730912357111 ], [ 140.284657210439377, 35.135732722795666 ], [ 140.284693857352693, 35.135733085095247 ], [ 140.284730466667327, 35.135731998196498 ], [ 140.28476689980522, 35.13572946739621 ], [ 140.284803014965519, 35.135725503287929 ], [ 140.284838670347483, 35.135720119643281 ], [ 140.284873732744273, 35.135713337649371 ], [ 140.284908061429348, 35.135705184849442 ], [ 140.284941528567117, 35.135695689846095 ], [ 140.284974000950768, 35.135684891835481 ], [ 140.285005353967506, 35.135672832132471 ], [ 140.285035465152959, 35.135659557348703 ], [ 140.285064220636798, 35.135645119392592 ], [ 140.285091507622951, 35.135629572291272 ], [ 140.285117219760792, 35.135612977487362 ], [ 140.285141260367993, 35.135595399601556 ], [ 140.285163533836368, 35.135576905373235 ], [ 140.285183953151858, 35.135557567897941 ], [ 140.285202443117043, 35.135537460271195 ], [ 140.285218929608789, 35.135516661944663 ], [ 140.285233348172142, 35.135495251310651 ], [ 140.285245645094733, 35.135473314176956 ], [ 140.285255770961101, 35.13545093317331 ], [ 140.285263688172535, 35.135428194107497 ], [ 140.285269366650112, 35.135405188084107 ], [ 140.285272780611848, 35.135382000910923 ], [ 140.285273921463755, 35.135358723692519 ] ] ] } },
{ "type": "Feature", "properties": { "P12_001": 10230, "P12_002": "大山不動堂", "P12_003": "12", "P12_004": "12223", "P12_005": "‐", "P12_006": "鴨川市平塚1718", "P12_007": 2 }, "geometry": { "type": "Polygon", "coordinates": [ [ [ 139.966065463601979, 35.136721074993275 ], [ 139.966065463601979, 35.137255063260803 ], [ 139.966685384480883, 35.137255063260803 ], [ 139.966685384480883, 35.136721074993275 ], [ 139.966065463601979, 35.136721074993275 ] ] ] } },
{ "type": "Feature", "properties": { "P12_001": 10380, "P12_002": "清水寺", "P12_003": "12", "P12_004": "12238", "P12_005": "‐", "P12_006": "いすみ市岬町鴨根1270", "P12_007": 2 }, "geometry": { "type": "Polygon", "coordinates": [ [ [ 140.356404935531231, 35.290301897767137 ], [ 140.356507018143446, 35.290127203689053 ], [ 140.356455269444695, 35.290105036675214 ], [ 140.356458213959826, 35.290092563823563 ], [ 140.356345574707603, 35.2900457869221 ], [ 140.356339630890659, 35.290063231329121 ], [ 140.356281852435075, 35.290048535949623 ], [ 140.356185768426514, 35.290213258314388 ], [ 140.356404935531231, 35.290301897767137 ] ] ] } }
]
}
