{
"type": "FeatureCollection",
"crs": { "type": "name", "properties": { "name": "urn:ogc:def:crs:EPSG::4612" } },
"features": [
{ "type": "Feature", "properties": { "P12_001": 10001, "P12_002": "昇仙峡", "P12_003": "19", "P12_004": "19201", "P12_005": "河川・峡谷", "P12_006": "甲府市高成町", "P12_007": -1 }, "geometry": { "type": "MultiPoint", "coordinates": [ [ 138.564587447153031, 35.739590316440001 ] ] } },
{ "type": "Feature", "properties": { "P12_001": 10002, "P12_002": "金櫻神社", "P12_003": "19", "P12_004": "19201", "P12_005": "‐", "P12_006": "甲府市御岳町2347", "P12_007": 2 }, "geometry": { "type": "MultiPoint", "coordinates": [ [ 138.556121666481772, 35.769455556029129 ] ] } },
{ "type": "Feature", "properties": { "P12_001": 10003, "P12_002": "山梨県立愛宕山こどもの国", "P12_003": "19", "P12_004": "19201", "P12_005": "‐", "P12_006": "甲府市愛宕町358-1", "P12_007": 4 }, "geometry": { "type": "MultiPoint", "coordinates": [ [ 138.586914000081151, 35.673087999811401 ] ] } },
{ "type": "Feature", "properties": { "P12_001": 10004, "P12_002": "山梨県立美術館", "P12_003": "19", "P12_004": "19201", "P12_005": "‐", "P12_006": "甲府市貢川1-4-27", "P12_007": 2 }, "geometry": { "type": "MultiPoint", "coordinates": [ [ 138.537426943798437, 35.660467500574725 ] ] } },
{ "type": "Feature", "properties": { "P12_001": 10005, "P12_002": "山梨県立文学館", "P12_003": "19", "P12_004": "19201", "P12_005": "‐", "P12_006": "甲府市貢川1-5-35", "P12_007": 2 }, "geometry": { "type": "MultiPoint", "coordinates": [ [ 138.539507778061534, 35.660124722178239 ] ] } },
{ "type": "Feature", "properties": { "P12_001": 10006, "P12_002": "武田神社", "P12_003": "19", "P12_004": "19201", "P12_005": "‐", "P12_006": "甲府市古府中町2611", "P12_007": 2 }, "geometry": { "type": "MultiPoint", "coordinates": [ [ 138.576929709638421, 35.686736179531124 ] ] } },
{ "type": "Feature", "properties": { "P12_001": 10007, "P12_002": "甲府市遊亀公園付属動物園", "P12_003": "19", "P12_004": "19201", "P12_005": "‐", "P12_006": "甲府市太田町10-1", "P12_007": 2 }, "geometry": { "type": "MultiPoint", "coordinates": [ [ 138.571979877969056, 35.651513321482639 ] ] } },
{ "type": "Feature", "properties": { "P12_001": 10008, "P12_002": "山梨県立科学館", "P12_003": "19", "P12_004": "19201", "P12_005": "‐", "P12_006": "甲府市愛宕町358-1", "P12_007": 2 }, "geometry": { "type": "MultiPoint", "coordinates": [ [ 138.580316431458186, 35.669198220621411 ] ] } },
{ "type": "Feature", "properties": { "P12_001": 10009, "P12_002": "（財）山梨県地場産業振興センター（かいてらす）", "P12_003": "19", "P12_004": "19201", "P12_005": "‐", "P12_006": "甲府市東光寺3-13-25", "P12_007": 5 }, "geometry": { "type": "MultiPoint", "coordinates": [ [ 138.592184166666016, 35.667590277769136 ] ] } },
{ "type": "Feature", "properties": { "P12_001": 10010, "P12_002": "小瀬スポーツ公園", "P12_003": "19", "P12_004": "19201", "P12_005": "‐", "P12_006": "甲府市小瀬町840", "P12_007": 4 }, "geometry": { "type": "MultiPoint", "coordinates": [ [ 138.588382222461632, 35.620820277533824 ] ] } },
{ "type": "Feature", "properties": { "P12_001": 10011, "P12_002": "柳町大神宮節分祭", "P12_003": "19", "P12_004": "19201", "P12_005": "‐", "P12_006": "甲府市中央4-5-29", "P12_007": 1 }, "geometry": { "type": "MultiPoint", "coordinates": [ [ 138.572301388298456, 35.659507499471601 ] ] } },
{ "type": "Feature", "properties": { "P12_001": 10012, "P12_002": "武田２４将騎馬行列", "P12_003": "19", "P12_004": "19201", "P12_005": "‐", "P12_006": "甲府市", "P12_007": 1 }, "geometry": { "type": "MultiPoint", "coordinates": [ [ 138.568334999460717, 35.662037222240087 ] ] } },
{ "type": "Feature", "properties": { "P12_001": 10013, "P12_002": "正の木祭り", "P12_003": "19", "P12_004": "19201", "P12_005": "‐", "P12_006": "甲府市太田町10-2", "P12_007": 1 }, "geometry": { "type": "MultiPoint", "coordinates": [ [ 138.57260583309278, 35.651369166453946 ] ] } },
{ "type": "Feature", "properties": { "P12_001": 10014, "P12_002": "甲府大好きまつり", "P12_003": "19", "P12_004": "19201", "P12_005": "‐", "P12_006": "甲府市", "P12_007": 1 }, "geometry": { "type": "MultiPoint", "coordinates": [ [ 138.568334999460717, 35.662037222240087 ] ] } },
{ "type": "Feature", "properties": { "P12_001": 10015, "P12_002": "山梨県立考古博物館", "P12_003": "19", "P12_004": "19201", "P12_005": "‐", "P12_006": "甲府市下曽根町923", "P12_007": 2 }, "geometry": { "type": "MultiPoint", "coordinates": [ [ 138.582934166378777, 35.594159999584349 ] ] } },
{ "type": "Feature", "properties": { "P12_001": 10016, "P12_002": "甲府市右左口の里", "P12_003": "19", "P12_004": "19201", "P12_005": "‐", "P12_006": "甲府市中畑町1132", "P12_007": 4 }, "geometry": { "type": "MultiPoint", "coordinates": [ [ 138.599290277624277, 35.56833194436382 ] ] } },
{ "type": "Feature", "properties": { "P12_001": 10017, "P12_002": "甲府市上九の湯ふれあいセンター", "P12_003": "19", "P12_004": "19201", "P12_005": "‐", "P12_006": "甲府市古関町1174", "P12_007": 3 }, "geometry": { "type": "MultiPoint", "coordinates": [ [ 138.609669296700758, 35.530904412708537 ] ] } },
{ "type": "Feature", "properties": { "P12_001": 10018, "P12_002": "上九ふれあい農産物直売所", "P12_003": "19", "P12_004": "19201", "P12_005": "‐", "P12_006": "甲府市古関1154-1", "P12_007": 5 }, "geometry": { "type": "MultiPoint", "coordinates": [ [ 138.610455208840904, 35.530727703121045 ] ] } },
{ "type": "Feature", "properties": { "P12_001": 10019, "P12_002": "甲府市農林業まつり", "P12_003": "19", "P12_004": "19201", "P12_005": "‐", "P12_006": "甲府市", "P12_007": 1 }, "geometry": { "type": "MultiPoint", "coordinates": [ [ 138.568334999460717, 35.662037222240087 ] ] } },
{ "type": "Feature", "properties": { "P12_001": 10020, "P12_002": "山梨県富士山科学研究所", "P12_003": "19", "P12_004": "19202", "P12_005": "‐", "P12_006": "富士吉田市上吉田字剣丸尾5597-1", "P12_007": 2 }, "geometry": { "type": "MultiPoint", "coordinates": [ [ 138.762620999959267, 35.453124999619092 ] ] } },
{ "type": "Feature", "properties": { "P12_001": 10021, "P12_002": "富士吉田市歴史民俗博物館", "P12_003": "19", "P12_004": "19202", "P12_005": "‐", "P12_006": "富士吉田市上吉田2288-1", "P12_007": 2 }, "geometry": { "type": "MultiPoint", "coordinates": [ [ 138.8053542187223, 35.45801747522637 ] ] } },
{ "type": "Feature", "properties": { "P12_001": 10022, "P12_002": "富士山レーダードーム館", "P12_003": "19", "P12_004": "19202", "P12_005": "‐", "P12_006": "富士吉田市新屋1936-1", "P12_007": 2 }, "geometry": { "type": "MultiPoint", "coordinates": [ [ 138.80365946161487, 35.457758607174014 ] ] } },
{ "type": "Feature", "properties": { "P12_001": 10023, "P12_002": "富士山アリーナ", "P12_003": "19", "P12_004": "19202", "P12_005": "‐", "P12_006": "富士吉田市新屋1936", "P12_007": 4 }, "geometry": { "type": "MultiPoint", "coordinates": [ [ 138.802469370764925, 35.459677778406785 ] ] } },
{ "type": "Feature", "properties": { "P12_001": 10024, "P12_002": "道の駅富士吉田", "P12_003": "19", "P12_004": "19202", "P12_005": "‐", "P12_006": "富士吉田市新屋1936-6", "P12_007": 6 }, "geometry": { "type": "MultiPoint", "coordinates": [ [ 138.801924000292388, 35.459123000126397 ] ] } },
{ "type": "Feature", "properties": { "P12_001": 10025, "P12_002": "吉田の火祭り・すすき祭り", "P12_003": "19", "P12_004": "19202", "P12_005": "‐", "P12_006": "富士吉田市上吉田5558", "P12_007": 1 }, "geometry": { "type": "MultiPoint", "coordinates": [ [ 138.792403611637383, 35.470775277557038 ] ] } },
{ "type": "Feature", "properties": { "P12_001": 10026, "P12_002": "火祭りロードレース", "P12_003": "19", "P12_004": "19202", "P12_005": "‐", "P12_006": "富士吉田市上吉田5000", "P12_007": 1 }, "geometry": { "type": "MultiPoint", "coordinates": [ [ 138.766551001327684, 35.454893539805084 ] ] } },
{ "type": "Feature", "properties": { "P12_001": 10027, "P12_002": "心静かに紅葉を観る会", "P12_003": "19", "P12_004": "19202", "P12_005": "‐", "P12_006": "富士吉田市上吉田2288-1", "P12_007": 1 }, "geometry": { "type": "MultiPoint", "coordinates": [ [ 138.805346999864241, 35.458172000337584 ] ] } },
{ "type": "Feature", "properties": { "P12_001": 10028, "P12_002": "リフレふじよしだ春祭り", "P12_003": "19", "P12_004": "19202", "P12_005": "‐", "P12_006": "富士吉田市新屋1936-6", "P12_007": 1 }, "geometry": { "type": "MultiPoint", "coordinates": [ [ 138.802109126634946, 35.459003498212951 ] ] } },
{ "type": "Feature", "properties": { "P12_001": 10029, "P12_002": "農業まつり＆リフレふじよしだ秋祭り", "P12_003": "19", "P12_004": "19202", "P12_005": "‐", "P12_006": "富士吉田市新屋1936", "P12_007": 1 }, "geometry": { "type": "MultiPoint", "coordinates": [ [ 138.80344506144047, 35.459017695810076 ] ] } },
{ "type": "Feature", "properties": { "P12_001": 10030, "P12_002": "山梨県立リニア見学センター", "P12_003": "19", "P12_004": "19204", "P12_005": "‐", "P12_006": "都留市小形山2381", "P12_007": 2 }, "geometry": { "type": "MultiPoint", "coordinates": [ [ 138.927191667061834, 35.582893055570082 ] ] } },
{ "type": "Feature", "properties": { "P12_001": 10031, "P12_002": "ミュージアム都留", "P12_003": "19", "P12_004": "19204", "P12_005": "‐", "P12_006": "都留市上谷1-5-1", "P12_007": 2 }, "geometry": { "type": "MultiPoint", "coordinates": [ [ 138.904990278178843, 35.549866110832397 ] ] } },
{ "type": "Feature", "properties": { "P12_001": 10032, "P12_002": "西東京ゴルフ倶楽部", "P12_003": "19", "P12_004": "19204", "P12_005": "‐", "P12_006": "都留市十日市場字日向山2108", "P12_007": 4 }, "geometry": { "type": "MultiPoint", "coordinates": [ [ 138.881014999942408, 35.548351999645092 ] ] } },
{ "type": "Feature", "properties": { "P12_001": 10033, "P12_002": "和みの里　芭蕉月待ちの湯", "P12_003": "19", "P12_004": "19204", "P12_005": "‐", "P12_006": "都留市戸沢1126", "P12_007": 3 }, "geometry": { "type": "MultiPoint", "coordinates": [ [ 138.955236582602311, 35.547401684240413 ] ] } },
{ "type": "Feature", "properties": { "P12_001": 10034, "P12_002": "八朔祭り・大名行列", "P12_003": "19", "P12_004": "19204", "P12_005": "‐", "P12_006": "都留市", "P12_007": 1 }, "geometry": { "type": "MultiPoint", "coordinates": [ [ 138.905475000171236, 35.551624166721979 ] ] } },
{ "type": "Feature", "properties": { "P12_001": 10035, "P12_002": "西沢渓谷", "P12_003": "19", "P12_004": "19205", "P12_005": "河川・峡谷", "P12_006": "山梨市三富川浦", "P12_007": 1 }, "geometry": { "type": "MultiPoint", "coordinates": [ [ 138.742984439780116, 35.869480000301849 ] ] } },
{ "type": "Feature", "properties": { "P12_001": 10036, "P12_002": "JAフルーツ山梨フルーツ直売所", "P12_003": "19", "P12_004": "19205", "P12_005": "‐", "P12_006": "山梨市北239", "P12_007": 5 }, "geometry": { "type": "MultiPoint", "coordinates": [ [ 138.695043999780864, 35.706237999683992 ] ] } },
{ "type": "Feature", "properties": { "P12_001": 10037, "P12_002": "うまいもの市（フルーツ公園）", "P12_003": "19", "P12_004": "19205", "P12_005": "‐", "P12_006": "山梨市江曽原1488", "P12_007": 1 }, "geometry": { "type": "MultiPoint", "coordinates": [ [ 138.665880000261836, 35.70187694516494 ] ] } },
{ "type": "Feature", "properties": { "P12_001": 10038, "P12_002": "花かげの湯", "P12_003": "19", "P12_004": "19205", "P12_005": "‐", "P12_006": "山梨市牧丘町窪平453-1", "P12_007": 3 }, "geometry": { "type": "MultiPoint", "coordinates": [ [ 138.71383934580922, 35.736518169378087 ] ] } },
{ "type": "Feature", "properties": { "P12_001": 10039, "P12_002": "フルーツセンター足湯", "P12_003": "19", "P12_004": "19205", "P12_005": "‐", "P12_006": "山梨市江曽原1411", "P12_007": 3 }, "geometry": { "type": "MultiPoint", "coordinates": [ [ 138.662951776203613, 35.70471053356431 ] ] } },
{ "type": "Feature", "properties": { "P12_001": 10040, "P12_002": "みとみ笛吹の湯", "P12_003": "19", "P12_004": "19205", "P12_005": "‐", "P12_006": "山梨市三富下釜口447", "P12_007": 3 }, "geometry": { "type": "MultiPoint", "coordinates": [ [ 138.738336804599953, 35.789295555445563 ] ] } },
{ "type": "Feature", "properties": { "P12_001": 10041, "P12_002": "鼓川温泉", "P12_003": "19", "P12_004": "19205", "P12_005": "‐", "P12_006": "山梨市牧丘町牧平262", "P12_007": 3 }, "geometry": { "type": "MultiPoint", "coordinates": [ [ 138.649154746094723, 35.747186859186229 ] ] } },
{ "type": "Feature", "properties": { "P12_001": 10042, "P12_002": "道の駅「花かげの郷まきおか」", "P12_003": "19", "P12_004": "19205", "P12_005": "‐", "P12_006": "山梨市牧丘町室伏2120", "P12_007": 6 }, "geometry": { "type": "MultiPoint", "coordinates": [ [ 138.718429501720152, 35.754465420542772 ] ] } },
{ "type": "Feature", "properties": { "P12_001": 10043, "P12_002": "道の駅みとみ", "P12_003": "19", "P12_004": "19205", "P12_005": "‐", "P12_006": "山梨市三富川浦1822-1", "P12_007": 6 }, "geometry": { "type": "MultiPoint", "coordinates": [ [ 138.756122308197973, 35.859035770484468 ] ] } },
{ "type": "Feature", "properties": { "P12_001": 10044, "P12_002": "万葉のうたまつりとホタル観賞会", "P12_003": "19", "P12_004": "19205", "P12_005": "‐", "P12_006": "山梨市万力1828", "P12_007": 1 }, "geometry": { "type": "MultiPoint", "coordinates": [ [ 138.678119999938076, 35.687129999849674 ] ] } },
{ "type": "Feature", "properties": { "P12_001": 10045, "P12_002": "根津記念館", "P12_003": "19", "P12_004": "19205", "P12_005": "‐", "P12_006": "山梨市正徳寺296", "P12_007": 2 }, "geometry": { "type": "MultiPoint", "coordinates": [ [ 138.668202306990906, 35.678814923969639 ] ] } },
{ "type": "Feature", "properties": { "P12_001": 10046, "P12_002": "猿橋", "P12_003": "19", "P12_004": "19206", "P12_005": "‐", "P12_006": "大月市猿橋町猿橋", "P12_007": 2 }, "geometry": { "type": "MultiPoint", "coordinates": [ [ 138.980209838513247, 35.615668845740686 ] ] } },
{ "type": "Feature", "properties": { "P12_001": 10047, "P12_002": "花咲カントリー倶楽部", "P12_003": "19", "P12_004": "19206", "P12_005": "‐", "P12_006": "大月市大月町花咲1872-1", "P12_007": 4 }, "geometry": { "type": "MultiPoint", "coordinates": [ [ 138.926091666697175, 35.608251666481294 ] ] } },
{ "type": "Feature", "properties": { "P12_001": 10048, "P12_002": "笹一酒造（株）酒遊館", "P12_003": "19", "P12_004": "19206", "P12_005": "‐", "P12_006": "大月市笹子町吉久保26", "P12_007": 5 }, "geometry": { "type": "MultiPoint", "coordinates": [ [ 138.830734444838868, 35.603976944180658 ] ] } },
{ "type": "Feature", "properties": { "P12_001": 10049, "P12_002": "かがり火市民祭り", "P12_003": "19", "P12_004": "19206", "P12_005": "‐", "P12_006": "大月市御太刀", "P12_007": 1 }, "geometry": { "type": "MultiPoint", "coordinates": [ [ 138.945934683339033, 35.612396769495376 ] ] } },
{ "type": "Feature", "properties": { "P12_001": 10050, "P12_002": "峡北漁業協同組合（釜無・塩川）", "P12_003": "19", "P12_004": "19207", "P12_005": "‐", "P12_006": "韮崎市円野町下円井36-2", "P12_007": 4 }, "geometry": { "type": "MultiPoint", "coordinates": [ [ 138.402965000534437, 35.758619444831538 ] ] } },
{ "type": "Feature", "properties": { "P12_001": 10051, "P12_002": "ゆ〜ぷるにらさき", "P12_003": "19", "P12_004": "19207", "P12_005": "‐", "P12_006": "韮崎市中田町中条1800-1", "P12_007": 3 }, "geometry": { "type": "MultiPoint", "coordinates": [ [ 138.437749000216286, 35.747932000561434 ] ] } },
{ "type": "Feature", "properties": { "P12_001": 10052, "P12_002": "武田の里にらさき・ふるさとまつり", "P12_003": "19", "P12_004": "19207", "P12_005": "‐", "P12_006": "韮崎市（駅前中央通り・本町通り）", "P12_007": 1 }, "geometry": { "type": "MultiPoint", "coordinates": [ [ 138.451067041510782, 35.709161823359523 ] ] } },
{ "type": "Feature", "properties": { "P12_001": 10053, "P12_002": "新府桃の花見会", "P12_003": "19", "P12_004": "19207", "P12_005": "‐", "P12_006": "韮崎市中田町中條3513", "P12_007": 1 }, "geometry": { "type": "MultiPoint", "coordinates": [ [ 138.426700833376799, 35.741370832897644 ] ] } },
{ "type": "Feature", "properties": { "P12_001": 10054, "P12_002": "夏の武田の里まつり「武田陣没将士供養会・花火大会」", "P12_003": "19", "P12_004": "19207", "P12_005": "‐", "P12_006": "韮崎市（釜無川河川公園）", "P12_007": 1 }, "geometry": { "type": "MultiPoint", "coordinates": [ [ 138.440444142483216, 35.712260168571959 ] ] } },
{ "type": "Feature", "properties": { "P12_001": 10055, "P12_002": "武田乃郷　白山温泉", "P12_003": "19", "P12_004": "19207", "P12_005": "‐", "P12_006": "韮崎市神山町鍋山1785-3", "P12_007": 3 }, "geometry": { "type": "MultiPoint", "coordinates": [ [ 138.428993933723177, 35.701230162641934 ] ] } },
{ "type": "Feature", "properties": { "P12_001": 10056, "P12_002": "白峰三山", "P12_003": "19", "P12_004": "19208", "P12_005": "山岳", "P12_006": "南アルプス市", "P12_007": -1 }, "geometry": { "type": "MultiPoint", "coordinates": [ [ 138.228312900020342, 35.646009479553868 ] ] } },
{ "type": "Feature", "properties": { "P12_001": 10057, "P12_002": "仙丈ヶ岳", "P12_003": "19", "P12_004": "19208", "P12_005": "山岳", "P12_006": "南アルプス市芦安芦倉", "P12_007": -1 }, "geometry": { "type": "MultiPoint", "coordinates": [ [ 138.18357541617263, 35.719728492276147 ] ] } },
{ "type": "Feature", "properties": { "P12_001": 10058, "P12_002": "後楽園スポーツクラブ（さくらの里）", "P12_003": "19", "P12_004": "19208", "P12_005": "‐", "P12_006": "南アルプス市鏡中条3782", "P12_007": 3 }, "geometry": { "type": "MultiPoint", "coordinates": [ [ 138.502466666203759, 35.621739444020193 ] ] } },
{ "type": "Feature", "properties": { "P12_001": 10059, "P12_002": "天恵泉白根桃源天笑閣", "P12_003": "19", "P12_004": "19208", "P12_005": "‐", "P12_006": "南アルプス市駒場147-18", "P12_007": 3 }, "geometry": { "type": "MultiPoint", "coordinates": [ [ 138.409948387308305, 35.65129409644544 ] ] } },
{ "type": "Feature", "properties": { "P12_001": 10060, "P12_002": "湧暇李の里 樹園", "P12_003": "19", "P12_004": "19208", "P12_005": "‐", "P12_006": "南アルプス市野牛島2722", "P12_007": 3 }, "geometry": { "type": "MultiPoint", "coordinates": [ [ 138.479497350722227, 35.669284329808022 ] ] } },
{ "type": "Feature", "properties": { "P12_001": 10061, "P12_002": "まちの駅くしがた", "P12_003": "19", "P12_004": "19208", "P12_005": "‐", "P12_006": "南アルプス市小笠原1284-4", "P12_007": 6 }, "geometry": { "type": "MultiPoint", "coordinates": [ [ 138.464939165909868, 35.617457500163539 ] ] } },
{ "type": "Feature", "properties": { "P12_001": 10062, "P12_002": "総合交流ﾀｰﾐﾅﾙ「ハッピーパーク」", "P12_003": "19", "P12_004": "19208", "P12_005": "‐", "P12_006": "南アルプス市徳永410", "P12_007": 5 }, "geometry": { "type": "MultiPoint", "coordinates": [ [ 138.494446971750449, 35.65543174048247 ] ] } },
{ "type": "Feature", "properties": { "P12_001": 10063, "P12_002": "南アルプス桃源郷マラソン", "P12_003": "19", "P12_004": "19208", "P12_005": "‐", "P12_006": "南アルプス市桃園1600（櫛形総合公園陸上競技場）", "P12_007": 1 }, "geometry": { "type": "MultiPoint", "coordinates": [ [ 138.456457502311991, 35.617835449246627 ] ] } },
{ "type": "Feature", "properties": { "P12_001": 10064, "P12_002": "南アルプス山麓サマーフェスティバル", "P12_003": "19", "P12_004": "19208", "P12_005": "‐", "P12_006": "南アルプス市桃園1600（櫛形総合公園）", "P12_007": 1 }, "geometry": { "type": "MultiPoint", "coordinates": [ [ 138.456484445101069, 35.617411111333752 ] ] } },
{ "type": "Feature", "properties": { "P12_001": 10065, "P12_002": "若草瓦会館", "P12_003": "19", "P12_004": "19208", "P12_005": "‐", "P12_006": "南アルプス市加賀美2605-5", "P12_007": 2 }, "geometry": { "type": "MultiPoint", "coordinates": [ [ 138.483671520724215, 35.609311952784424 ] ] } },
{ "type": "Feature", "properties": { "P12_001": 10066, "P12_002": "やまなみの湯", "P12_003": "19", "P12_004": "19208", "P12_005": "‐", "P12_006": "南アルプス市西南湖1299-1", "P12_007": 3 }, "geometry": { "type": "MultiPoint", "coordinates": [ [ 138.499153405505353, 35.584505477046207 ] ] } },
{ "type": "Feature", "properties": { "P12_001": 10067, "P12_002": "十日市", "P12_003": "19", "P12_004": "19208", "P12_005": "‐", "P12_006": "南アルプス市十日市場", "P12_007": 1 }, "geometry": { "type": "MultiPoint", "coordinates": [ [ 138.477943450829684, 35.60814786403273 ] ] } },
{ "type": "Feature", "properties": { "P12_001": 10068, "P12_002": "甲斐駒ヶ岳", "P12_003": "19", "P12_004": "19209", "P12_005": "山岳", "P12_006": "北杜市", "P12_007": -1 }, "geometry": { "type": "MultiPoint", "coordinates": [ [ 138.236930870263564, 35.757974559878107 ] ] } },
{ "type": "Feature", "properties": { "P12_001": 10069, "P12_002": "八ヶ岳", "P12_003": "19", "P12_004": "19209", "P12_005": "山岳", "P12_006": "北杜市", "P12_007": -1 }, "geometry": { "type": "MultiPoint", "coordinates": [ [ 138.370379872033482, 35.970844567522818 ] ] } },
{ "type": "Feature", "properties": { "P12_001": 10070, "P12_002": "清春白樺美術館", "P12_003": "19", "P12_004": "19209", "P12_005": "‐", "P12_006": "北杜市長坂町中丸2072", "P12_007": 2 }, "geometry": { "type": "MultiPoint", "coordinates": [ [ 138.353342000033308, 35.8227669999971 ] ] } },
{ "type": "Feature", "properties": { "P12_001": 10071, "P12_002": "ポール・ラッシュ記念センター", "P12_003": "19", "P12_004": "19209", "P12_005": "‐", "P12_006": "北杜市高根町清里3545", "P12_007": 2 }, "geometry": { "type": "MultiPoint", "coordinates": [ [ 138.417296849370132, 35.924101828436676 ] ] } },
{ "type": "Feature", "properties": { "P12_001": 10072, "P12_002": "ポール・ラッシュ祭〜八ヶ岳カンティフェア〜", "P12_003": "19", "P12_004": "19209", "P12_005": "‐", "P12_006": "北杜市高根町清里3545（清泉寮前牧草地）", "P12_007": 1 }, "geometry": { "type": "MultiPoint", "coordinates": [ [ 138.422475855276616, 35.923822980146497 ] ] } },
{ "type": "Feature", "properties": { "P12_001": 10073, "P12_002": "平山郁夫シルクロード美術館", "P12_003": "19", "P12_004": "19209", "P12_005": "‐", "P12_006": "北杜市長坂町小荒間2000-6", "P12_007": 2 }, "geometry": { "type": "MultiPoint", "coordinates": [ [ 138.359149444990976, 35.879176944760218 ] ] } },
{ "type": "Feature", "properties": { "P12_001": 10074, "P12_002": "山梨県立八ヶ岳自然ふれあいセンター", "P12_003": "19", "P12_004": "19209", "P12_005": "‐", "P12_006": "北杜市高根町清里3545", "P12_007": 2 }, "geometry": { "type": "MultiPoint", "coordinates": [ [ 138.421384000071612, 35.926150000222378 ] ] } },
{ "type": "Feature", "properties": { "P12_001": 10075, "P12_002": "シミック八ヶ岳薬用植物園", "P12_003": "19", "P12_004": "19209", "P12_005": "‐", "P12_006": "北杜市小淵沢町上笹尾3332-3", "P12_007": 2 }, "geometry": { "type": "MultiPoint", "coordinates": [ [ 138.343452222042515, 35.865937221825391 ] ] } },
{ "type": "Feature", "properties": { "P12_001": 10076, "P12_002": "北杜市オオムラサキセンター", "P12_003": "19", "P12_004": "19209", "P12_005": "‐", "P12_006": "北杜市長坂町富岡2812", "P12_007": 2 }, "geometry": { "type": "MultiPoint", "coordinates": [ [ 138.389525378093822, 35.795194059458311 ] ] } },
{ "type": "Feature", "properties": { "P12_001": 10077, "P12_002": "山梨県立まきば公園", "P12_003": "19", "P12_004": "19209", "P12_005": "‐", "P12_006": "北杜市大泉町西井出8240-1", "P12_007": 4 }, "geometry": { "type": "MultiPoint", "coordinates": [ [ 138.408810739524029, 35.923279404720802 ] ] } },
{ "type": "Feature", "properties": { "P12_001": 10078, "P12_002": "清里丘の公園清里ゴルフコース", "P12_003": "19", "P12_004": "19209", "P12_005": "‐", "P12_006": "北杜市高根町清里3545-5", "P12_007": 4 }, "geometry": { "type": "MultiPoint", "coordinates": [ [ 138.428966337126781, 35.90079859288079 ] ] } },
{ "type": "Feature", "properties": { "P12_001": 10079, "P12_002": "サンメドウズ清里スキー場／ハイランドパーク", "P12_003": "19", "P12_004": "19209", "P12_005": "‐", "P12_006": "北杜市大泉町西井出8240-1", "P12_007": 4 }, "geometry": { "type": "MultiPoint", "coordinates": [ [ 138.414487999521612, 35.947494999794458 ] ] } },
{ "type": "Feature", "properties": { "P12_001": 10080, "P12_002": "長坂総合スポーツ公園", "P12_003": "19", "P12_004": "19209", "P12_005": "‐", "P12_006": "北杜市長坂町大八田6811-187", "P12_007": 4 }, "geometry": { "type": "MultiPoint", "coordinates": [ [ 138.370480999898291, 35.841423999717847 ] ] } },
{ "type": "Feature", "properties": { "P12_001": 10081, "P12_002": "山梨県立八ヶ岳スケートセンター", "P12_003": "19", "P12_004": "19209", "P12_005": "‐", "P12_006": "北杜市小淵沢町上の原3989-1", "P12_007": 4 }, "geometry": { "type": "MultiPoint", "coordinates": [ [ 138.309821000338957, 35.883582000409035 ] ] } },
{ "type": "Feature", "properties": { "P12_001": 10082, "P12_002": "フィオーレ小淵沢", "P12_003": "19", "P12_004": "19209", "P12_005": "‐", "P12_006": "北杜市小淵沢町1270", "P12_007": 4 }, "geometry": { "type": "MultiPoint", "coordinates": [ [ 138.318463999613982, 35.871114000111049 ] ] } },
{ "type": "Feature", "properties": { "P12_001": 10083, "P12_002": "泉温泉健康センター", "P12_003": "19", "P12_004": "19209", "P12_005": "‐", "P12_006": "北杜市大泉町谷戸1880", "P12_007": 3 }, "geometry": { "type": "MultiPoint", "coordinates": [ [ 138.379352999841103, 35.860478999806048 ] ] } },
{ "type": "Feature", "properties": { "P12_001": 10084, "P12_002": "たかねの湯", "P12_003": "19", "P12_004": "19209", "P12_005": "‐", "P12_006": "北杜市高根町箕輪新町95", "P12_007": 3 }, "geometry": { "type": "MultiPoint", "coordinates": [ [ 138.432713889434467, 35.831313888725049 ] ] } },
{ "type": "Feature", "properties": { "P12_001": 10085, "P12_002": "スパティオ小淵沢延命の湯", "P12_003": "19", "P12_004": "19209", "P12_005": "‐", "P12_006": "北杜市小淵沢町2968-1", "P12_007": 3 }, "geometry": { "type": "MultiPoint", "coordinates": [ [ 138.317804089687002, 35.878971204157779 ] ] } },
{ "type": "Feature", "properties": { "P12_001": 10086, "P12_002": "清里丘の公園アクアリゾート清里", "P12_003": "19", "P12_004": "19209", "P12_005": "‐", "P12_006": "北杜市高根町清里3545-5", "P12_007": 3 }, "geometry": { "type": "MultiPoint", "coordinates": [ [ 138.431556630134423, 35.903865185729785 ] ] } },
{ "type": "Feature", "properties": { "P12_001": 10087, "P12_002": "そば処三分一　農産加工直売所", "P12_003": "19", "P12_004": "19209", "P12_005": "‐", "P12_006": "北杜市長坂町小荒間292-1", "P12_007": 5 }, "geometry": { "type": "MultiPoint", "coordinates": [ [ 138.35657699992862, 35.876141999953404 ] ] } },
{ "type": "Feature", "properties": { "P12_001": 10088, "P12_002": "道の駅こぶちさわ", "P12_003": "19", "P12_004": "19209", "P12_005": "‐", "P12_006": "北杜市小淵沢町2968-1", "P12_007": 6 }, "geometry": { "type": "MultiPoint", "coordinates": [ [ 138.315975999992474, 35.87947099968693 ] ] } },
{ "type": "Feature", "properties": { "P12_001": 10089, "P12_002": "甲斐源氏祭り", "P12_003": "19", "P12_004": "19209", "P12_005": "‐", "P12_006": "北杜市須玉町521-17", "P12_007": 1 }, "geometry": { "type": "MultiPoint", "coordinates": [ [ 138.424942000473038, 35.790035000514933 ] ] } },
{ "type": "Feature", "properties": { "P12_001": 10090, "P12_002": "清里フィールドバレエ", "P12_003": "19", "P12_004": "19209", "P12_005": "‐", "P12_006": "北杜市高根町清里3545", "P12_007": 1 }, "geometry": { "type": "MultiPoint", "coordinates": [ [ 138.443246000102931, 35.914920999504602 ] ] } },
{ "type": "Feature", "properties": { "P12_001": 10091, "P12_002": "八ケ岳ホースショウｉｎこぶちさわ", "P12_003": "19", "P12_004": "19209", "P12_005": "‐", "P12_006": "北杜市小淵沢町10060-3", "P12_007": 1 }, "geometry": { "type": "MultiPoint", "coordinates": [ [ 138.326281388875032, 35.874469444409385 ] ] } },
{ "type": "Feature", "properties": { "P12_001": 10092, "P12_002": "須玉町体験農園施設　大正館", "P12_003": "19", "P12_004": "19209", "P12_005": "‐", "P12_006": "北杜市須玉町下津金2961-3", "P12_007": 6 }, "geometry": { "type": "MultiPoint", "coordinates": [ [ 138.444490963986823, 35.851074262167515 ] ] } },
{ "type": "Feature", "properties": { "P12_001": 10093, "P12_002": "みずがき山自然公園", "P12_003": "19", "P12_004": "19209", "P12_005": "‐", "P12_006": "北杜市須玉町小尾8862-1", "P12_007": 4 }, "geometry": { "type": "MultiPoint", "coordinates": [ [ 138.573723999762819, 35.896369000129312 ] ] } },
{ "type": "Feature", "properties": { "P12_001": 10094, "P12_002": "増富の湯", "P12_003": "19", "P12_004": "19209", "P12_005": "‐", "P12_006": "北杜市須玉町比志6438", "P12_007": 3 }, "geometry": { "type": "MultiPoint", "coordinates": [ [ 138.531305999672213, 35.864506999398543 ] ] } },
{ "type": "Feature", "properties": { "P12_001": 10095, "P12_002": "みずがき湖ビジターセンター", "P12_003": "19", "P12_004": "19209", "P12_005": "‐", "P12_006": "北杜市須玉町比志3730-3", "P12_007": 2 }, "geometry": { "type": "MultiPoint", "coordinates": [ [ 138.502978000034773, 35.856612999590311 ] ] } },
{ "type": "Feature", "properties": { "P12_001": 10096, "P12_002": "おいしい学校", "P12_003": "19", "P12_004": "19209", "P12_005": "‐", "P12_006": "北杜市須玉町下津金3058", "P12_007": 5 }, "geometry": { "type": "MultiPoint", "coordinates": [ [ 138.443850207820901, 35.851097993477651 ] ] } },
{ "type": "Feature", "properties": { "P12_001": 10097, "P12_002": "おいしい市場", "P12_003": "19", "P12_004": "19209", "P12_005": "‐", "P12_006": "北杜市須玉町若神子2323", "P12_007": 5 }, "geometry": { "type": "MultiPoint", "coordinates": [ [ 138.423630000224421, 35.795960999500551 ] ] } },
{ "type": "Feature", "properties": { "P12_001": 10098, "P12_002": "實相寺（神代桜）", "P12_003": "19", "P12_004": "19209", "P12_005": "‐", "P12_006": "北杜市武川町山高2763", "P12_007": 2 }, "geometry": { "type": "MultiPoint", "coordinates": [ [ 138.368108610823811, 35.780583055663556 ] ] } },
{ "type": "Feature", "properties": { "P12_001": 10099, "P12_002": "サントリー白州蒸溜所", "P12_003": "19", "P12_004": "19209", "P12_005": "‐", "P12_006": "北杜市白州町鳥原2913-1", "P12_007": 2 }, "geometry": { "type": "MultiPoint", "coordinates": [ [ 138.296835731583769, 35.824879392370121 ] ] } },
{ "type": "Feature", "properties": { "P12_001": 10100, "P12_002": "白州・尾白の森名水公園べるが", "P12_003": "19", "P12_004": "19209", "P12_005": "‐", "P12_006": "北杜市白州町白須8056", "P12_007": 4 }, "geometry": { "type": "MultiPoint", "coordinates": [ [ 138.312574000489803, 35.799391999441298 ] ] } },
{ "type": "Feature", "properties": { "P12_001": 10101, "P12_002": "むかわの湯", "P12_003": "19", "P12_004": "19209", "P12_005": "‐", "P12_006": "北杜市武川町牧原1322", "P12_007": 3 }, "geometry": { "type": "MultiPoint", "coordinates": [ [ 138.378626000489589, 35.783749000216233 ] ] } },
{ "type": "Feature", "properties": { "P12_001": 10102, "P12_002": "白州福祉会館（フォッサ・マグナの湯）", "P12_003": "19", "P12_004": "19209", "P12_005": "‐", "P12_006": "北杜市白州町大武川344-19", "P12_007": 3 }, "geometry": { "type": "MultiPoint", "coordinates": [ [ 138.258787977083557, 35.877900289666684 ] ] } },
{ "type": "Feature", "properties": { "P12_001": 10103, "P12_002": "白州・尾白の森名水公園　尾白の湯", "P12_003": "19", "P12_004": "19209", "P12_005": "‐", "P12_006": "北杜市白州町白須8807-1", "P12_007": 3 }, "geometry": { "type": "MultiPoint", "coordinates": [ [ 138.314759695703515, 35.802115344447657 ] ] } },
{ "type": "Feature", "properties": { "P12_001": 10104, "P12_002": "道の駅はくしゅう", "P12_003": "19", "P12_004": "19209", "P12_005": "‐", "P12_006": "北杜市白州町白須1308", "P12_007": 6 }, "geometry": { "type": "MultiPoint", "coordinates": [ [ 138.330477916922405, 35.810206851564999 ] ] } },
{ "type": "Feature", "properties": { "P12_001": 10105, "P12_002": "北杜市甲斐駒の里　名水まつり", "P12_003": "19", "P12_004": "19209", "P12_005": "‐", "P12_006": "北杜市白州町白須7458-2", "P12_007": 1 }, "geometry": { "type": "MultiPoint", "coordinates": [ [ 138.318796943923871, 35.823135277770916 ] ] } },
{ "type": "Feature", "properties": { "P12_001": 10106, "P12_002": "北杜ふるさと祭り", "P12_003": "19", "P12_004": "19209", "P12_005": "‐", "P12_006": "北杜市高根町村山東割98", "P12_007": 1 }, "geometry": { "type": "MultiPoint", "coordinates": [ [ 138.370394999529708, 35.842006999623379 ] ] } },
{ "type": "Feature", "properties": { "P12_001": 10107, "P12_002": "レイクウッドゴルフクラブサンパーク明野コース", "P12_003": "19", "P12_004": "19209", "P12_005": "‐", "P12_006": "北杜市明野町小笠原字大内窪3394-1", "P12_007": 4 }, "geometry": { "type": "MultiPoint", "coordinates": [ [ 138.481818000000771, 35.772495999290982 ] ] } },
{ "type": "Feature", "properties": { "P12_001": 10108, "P12_002": "山梨県立フラワーセンター（ハイジの村）", "P12_003": "19", "P12_004": "19209", "P12_005": "‐", "P12_006": "北杜市明野町浅尾2471", "P12_007": 4 }, "geometry": { "type": "MultiPoint", "coordinates": [ [ 138.464475833393067, 35.781012777817466 ] ] } },
{ "type": "Feature", "properties": { "P12_001": 10109, "P12_002": "明野サンフラワーフェス", "P12_003": "19", "P12_004": "19209", "P12_005": "‐", "P12_006": "北杜市明野町（太陽館周辺）", "P12_007": 1 }, "geometry": { "type": "MultiPoint", "coordinates": [ [ 138.462031444595596, 35.778259497977501 ] ] } },
{ "type": "Feature", "properties": { "P12_001": 10110, "P12_002": "浅尾ダイコン祭り", "P12_003": "19", "P12_004": "19209", "P12_005": "‐", "P12_006": "北杜市明野町浅尾5259-950(明野温泉太陽館）", "P12_007": 1 }, "geometry": { "type": "MultiPoint", "coordinates": [ [ 138.461888473074623, 35.77833862752567 ] ] } },
{ "type": "Feature", "properties": { "P12_001": 10111, "P12_002": "大武川河川公園（フレンドパークむかわ）", "P12_003": "19", "P12_004": "19209", "P12_005": "‐", "P12_006": "北杜市武川町柳沢3506-1", "P12_007": 4 }, "geometry": { "type": "MultiPoint", "coordinates": [ [ 138.329446389139662, 35.78016194451817 ] ] } },
{ "type": "Feature", "properties": { "P12_001": 10112, "P12_002": "武川町農産物直売センター", "P12_003": "19", "P12_004": "19209", "P12_005": "‐", "P12_006": "北杜市武川町牧原682", "P12_007": 5 }, "geometry": { "type": "MultiPoint", "coordinates": [ [ 138.389919999708241, 35.78137100027152 ] ] } },
{ "type": "Feature", "properties": { "P12_001": 10113, "P12_002": "金田一春彦記念図書館", "P12_003": "19", "P12_004": "19209", "P12_005": "‐", "P12_006": "北杜市大泉町谷戸3000", "P12_007": 2 }, "geometry": { "type": "MultiPoint", "coordinates": [ [ 138.3886599991597, 35.862055999684685 ] ] } },
{ "type": "Feature", "properties": { "P12_001": 10114, "P12_002": "道の駅南きよさと", "P12_003": "19", "P12_004": "19209", "P12_005": "‐", "P12_006": "北杜市高根町長澤760", "P12_007": 6 }, "geometry": { "type": "MultiPoint", "coordinates": [ [ 138.427866550800786, 35.865639908654884 ] ] } },
{ "type": "Feature", "properties": { "P12_001": 10115, "P12_002": "甲斐市わくわくフェスタ", "P12_003": "19", "P12_004": "19210", "P12_005": "‐", "P12_006": "甲斐市", "P12_007": 1 }, "geometry": { "type": "MultiPoint", "coordinates": [ [ 138.480066000145825, 35.684405000090749 ] ] } },
{ "type": "Feature", "properties": { "P12_001": 10116, "P12_002": "甲府盆地の桃畑", "P12_003": "19", "P12_004": "19211", "P12_005": "郷土景観", "P12_006": "笛吹市", "P12_007": -1 }, "geometry": { "type": "MultiPoint", "coordinates": [ [ 138.697239399578734, 35.647569590164494 ] ] } },
{ "type": "Feature", "properties": { "P12_001": 10117, "P12_002": "山梨県立博物館", "P12_003": "19", "P12_004": "19211", "P12_005": "‐", "P12_006": "笛吹市御坂町成田1501-1", "P12_007": 2 }, "geometry": { "type": "MultiPoint", "coordinates": [ [ 138.648495000743765, 35.64027555597221 ] ] } },
{ "type": "Feature", "properties": { "P12_001": 10118, "P12_002": "釈迦堂遺跡博物館", "P12_003": "19", "P12_004": "19211", "P12_005": "‐", "P12_006": "笛吹市一宮町千米寺764", "P12_007": 2 }, "geometry": { "type": "MultiPoint", "coordinates": [ [ 138.71541194530505, 35.64443527746613 ] ] } },
{ "type": "Feature", "properties": { "P12_001": 10119, "P12_002": "浅間神社", "P12_003": "19", "P12_004": "19211", "P12_005": "‐", "P12_006": "笛吹市一宮町一ノ宮1684", "P12_007": 2 }, "geometry": { "type": "MultiPoint", "coordinates": [ [ 138.697295000164218, 35.647465832682087 ] ] } },
{ "type": "Feature", "properties": { "P12_001": 10120, "P12_002": "山梨県森林公園　金川の森", "P12_003": "19", "P12_004": "19211", "P12_005": "‐", "P12_006": "笛吹市一宮町国分1162-1", "P12_007": 4 }, "geometry": { "type": "MultiPoint", "coordinates": [ [ 138.676621999205963, 35.639759999824207 ] ] } },
{ "type": "Feature", "properties": { "P12_001": 10121, "P12_002": "春日居福祉会館（山ゆりの湯）", "P12_003": "19", "P12_004": "19211", "P12_005": "‐", "P12_006": "笛吹市春日居町寺本142-1", "P12_007": 3 }, "geometry": { "type": "MultiPoint", "coordinates": [ [ 138.655242499841506, 35.667422222357743 ] ] } },
{ "type": "Feature", "properties": { "P12_001": 10122, "P12_002": "ももの里温泉", "P12_003": "19", "P12_004": "19211", "P12_005": "‐", "P12_006": "笛吹市一宮町金沢387-1", "P12_007": 3 }, "geometry": { "type": "MultiPoint", "coordinates": [ [ 138.698037000207478, 35.626271000106613 ] ] } },
{ "type": "Feature", "properties": { "P12_001": 10123, "P12_002": "みさかの湯", "P12_003": "19", "P12_004": "19211", "P12_005": "‐", "P12_006": "笛吹市御坂町成田2200", "P12_007": 3 }, "geometry": { "type": "MultiPoint", "coordinates": [ [ 138.644123397177054, 35.63869342456195 ] ] } },
{ "type": "Feature", "properties": { "P12_001": 10124, "P12_002": "なごみの湯", "P12_003": "19", "P12_004": "19211", "P12_005": "‐", "P12_006": "笛吹市石和町下平井578", "P12_007": 3 }, "geometry": { "type": "MultiPoint", "coordinates": [ [ 138.647378646207585, 35.646447814515057 ] ] } },
{ "type": "Feature", "properties": { "P12_001": 10125, "P12_002": "笛吹川石和鵜飼", "P12_003": "19", "P12_004": "19211", "P12_005": "‐", "P12_006": "笛吹市石和町市部777", "P12_007": 1 }, "geometry": { "type": "MultiPoint", "coordinates": [ [ 138.640501877659631, 35.646880927113159 ] ] } },
{ "type": "Feature", "properties": { "P12_001": 10126, "P12_002": "笛吹市桃の里マラソン大会", "P12_003": "19", "P12_004": "19211", "P12_005": "‐", "P12_006": "笛吹市一宮町", "P12_007": 1 }, "geometry": { "type": "MultiPoint", "coordinates": [ [ 138.63972055565921, 35.64733750032542 ] ] } },
{ "type": "Feature", "properties": { "P12_001": 10127, "P12_002": "笛吹市桃の花まつり", "P12_003": "19", "P12_004": "19211", "P12_005": "‐", "P12_006": "笛吹市内", "P12_007": 1 }, "geometry": { "type": "MultiPoint", "coordinates": [ [ 138.63972055565921, 35.64733750032542 ] ] } },
{ "type": "Feature", "properties": { "P12_001": 10128, "P12_002": "桃の花まつりかすがい会場", "P12_003": "19", "P12_004": "19211", "P12_005": "‐", "P12_006": "笛吹市春日居町鎮目1323", "P12_007": 1 }, "geometry": { "type": "MultiPoint", "coordinates": [ [ 138.642596699078467, 35.668709625249051 ] ] } },
{ "type": "Feature", "properties": { "P12_001": 10129, "P12_002": "笛吹市夏祭り", "P12_003": "19", "P12_004": "19211", "P12_005": "‐", "P12_006": "笛吹市石和町市部777", "P12_007": 1 }, "geometry": { "type": "MultiPoint", "coordinates": [ [ 138.63972055565921, 35.64733750032542 ] ] } },
{ "type": "Feature", "properties": { "P12_001": 10130, "P12_002": "石和温泉夜桜祭り", "P12_003": "19", "P12_004": "19211", "P12_005": "‐", "P12_006": "笛吹市石和町市部", "P12_007": 1 }, "geometry": { "type": "MultiPoint", "coordinates": [ [ 138.638761111236363, 35.649295277654971 ] ] } },
{ "type": "Feature", "properties": { "P12_001": 10131, "P12_002": "川中島合戦戦国絵巻", "P12_003": "19", "P12_004": "19211", "P12_005": "‐", "P12_006": "笛吹市石和町市部777", "P12_007": 1 }, "geometry": { "type": "MultiPoint", "coordinates": [ [ 138.63972055565921, 35.64733750032542 ] ] } },
{ "type": "Feature", "properties": { "P12_001": 10132, "P12_002": "石和温泉花火大会", "P12_003": "19", "P12_004": "19211", "P12_005": "‐", "P12_006": "笛吹市石和町市部777", "P12_007": 1 }, "geometry": { "type": "MultiPoint", "coordinates": [ [ 138.63972055565921, 35.64733750032542 ] ] } },
{ "type": "Feature", "properties": { "P12_001": 10133, "P12_002": "芦川農産物直売所「おごっそう家」", "P12_003": "19", "P12_004": "19211", "P12_005": "‐", "P12_006": "笛吹市芦川町上芦川679-1", "P12_007": 5 }, "geometry": { "type": "MultiPoint", "coordinates": [ [ 138.688690999989717, 35.552701999697604 ] ] } },
{ "type": "Feature", "properties": { "P12_001": 10134, "P12_002": "農産物直売所八代グリーンファーム", "P12_003": "19", "P12_004": "19211", "P12_005": "‐", "P12_006": "笛吹市八代町南4632-1", "P12_007": 5 }, "geometry": { "type": "MultiPoint", "coordinates": [ [ 138.633276000387127, 35.623094000188019 ] ] } },
{ "type": "Feature", "properties": { "P12_001": 10135, "P12_002": "春日居農産物直売所", "P12_003": "19", "P12_004": "19211", "P12_005": "‐", "P12_006": "笛吹市春日居町桑戸817-1", "P12_007": 5 }, "geometry": { "type": "MultiPoint", "coordinates": [ [ 138.660526999821286, 35.671059999819192 ] ] } },
{ "type": "Feature", "properties": { "P12_001": 10136, "P12_002": "牛倉神社例大祭", "P12_003": "19", "P12_004": "19212", "P12_005": "‐", "P12_006": "上野原市上野原1602", "P12_007": 1 }, "geometry": { "type": "MultiPoint", "coordinates": [ [ 139.115607219697495, 35.625372571087325 ] ] } },
{ "type": "Feature", "properties": { "P12_001": 10137, "P12_002": "商工祭", "P12_003": "19", "P12_004": "19212", "P12_005": "‐", "P12_006": "上野原市上野原3832（市役所センタープラザ）", "P12_007": 1 }, "geometry": { "type": "MultiPoint", "coordinates": [ [ 139.108621944347306, 35.630200278420148 ] ] } },
{ "type": "Feature", "properties": { "P12_001": 10138, "P12_002": "ふるさと長寿館", "P12_003": "19", "P12_004": "19212", "P12_005": "‐", "P12_006": "上野原市棡原2374-1", "P12_007": 6 }, "geometry": { "type": "MultiPoint", "coordinates": [ [ 139.089385277608585, 35.669293888702043 ] ] } },
{ "type": "Feature", "properties": { "P12_001": 10139, "P12_002": "新湯治場秋山温泉", "P12_003": "19", "P12_004": "19212", "P12_005": "‐", "P12_006": "上野原市秋山2210", "P12_007": 3 }, "geometry": { "type": "MultiPoint", "coordinates": [ [ 139.123511303603891, 35.580077865501153 ] ] } },
{ "type": "Feature", "properties": { "P12_001": 10140, "P12_002": "甘草屋敷", "P12_003": "19", "P12_004": "19213", "P12_005": "‐", "P12_006": "甲州市塩山上於曽1651", "P12_007": 2 }, "geometry": { "type": "MultiPoint", "coordinates": [ [ 138.734757222268058, 35.7064494446862 ] ] } },
{ "type": "Feature", "properties": { "P12_001": 10141, "P12_002": "武田信玄宝物館", "P12_003": "19", "P12_004": "19213", "P12_005": "‐", "P12_006": "甲州市塩山小屋敷2280", "P12_007": 2 }, "geometry": { "type": "MultiPoint", "coordinates": [ [ 138.714389000651977, 35.72941300000997 ] ] } },
{ "type": "Feature", "properties": { "P12_001": 10142, "P12_002": "慈雲寺", "P12_003": "19", "P12_004": "19213", "P12_005": "‐", "P12_006": "甲州市塩山中萩原352", "P12_007": 2 }, "geometry": { "type": "MultiPoint", "coordinates": [ [ 138.756413913371489, 35.718389379266512 ] ] } },
{ "type": "Feature", "properties": { "P12_001": 10143, "P12_002": "山梨県高設養液いちご生産組合", "P12_003": "19", "P12_004": "19213", "P12_005": "‐", "P12_006": "甲州市塩山藤木1702", "P12_007": 2 }, "geometry": { "type": "MultiPoint", "coordinates": [ [ 138.716150101645894, 35.733806111762703 ] ] } },
{ "type": "Feature", "properties": { "P12_001": 10144, "P12_002": "塩山フルーツ村（さくらんぼ）", "P12_003": "19", "P12_004": "19213", "P12_005": "‐", "P12_006": "甲州市塩山牛奥4124", "P12_007": 2 }, "geometry": { "type": "MultiPoint", "coordinates": [ [ 138.741737000062585, 35.696009000115339 ] ] } },
{ "type": "Feature", "properties": { "P12_001": 10145, "P12_002": "松里果樹園", "P12_003": "19", "P12_004": "19213", "P12_005": "‐", "P12_006": "甲州市塩山藤木1702", "P12_007": 2 }, "geometry": { "type": "MultiPoint", "coordinates": [ [ 138.716172233961515, 35.733812847684817 ] ] } },
{ "type": "Feature", "properties": { "P12_001": 10146, "P12_002": "塩山カントリー倶楽部", "P12_003": "19", "P12_004": "19213", "P12_005": "‐", "P12_006": "甲州市塩山中萩原3683-1", "P12_007": 4 }, "geometry": { "type": "MultiPoint", "coordinates": [ [ 138.774068408230505, 35.714939165310284 ] ] } },
{ "type": "Feature", "properties": { "P12_001": 10147, "P12_002": "大菩薩の湯", "P12_003": "19", "P12_004": "19213", "P12_005": "‐", "P12_006": "甲州市塩山上小田原730-1", "P12_007": 3 }, "geometry": { "type": "MultiPoint", "coordinates": [ [ 138.797221111665067, 35.734327777904696 ] ] } },
{ "type": "Feature", "properties": { "P12_001": 10148, "P12_002": "信玄館", "P12_003": "19", "P12_004": "19213", "P12_005": "‐", "P12_006": "甲州市塩山小屋敷2311-1", "P12_007": 5 }, "geometry": { "type": "MultiPoint", "coordinates": [ [ 138.712348108878132, 35.729364331398813 ] ] } },
{ "type": "Feature", "properties": { "P12_001": 10149, "P12_002": "勝沼ぶどうの丘", "P12_003": "19", "P12_004": "19213", "P12_005": "‐", "P12_006": "甲州市勝沼町菱山5093", "P12_007": 5 }, "geometry": { "type": "MultiPoint", "coordinates": [ [ 138.736767065847516, 35.674502587524444 ] ] } },
{ "type": "Feature", "properties": { "P12_001": 10150, "P12_002": "シャトー・メルシャン", "P12_003": "19", "P12_004": "19213", "P12_005": "‐", "P12_006": "甲州市勝沼町下岩崎1425-1", "P12_007": 2 }, "geometry": { "type": "MultiPoint", "coordinates": [ [ 138.722337180116824, 35.660621745097501 ] ] } },
{ "type": "Feature", "properties": { "P12_001": 10151, "P12_002": "天空の湯", "P12_003": "19", "P12_004": "19213", "P12_005": "‐", "P12_006": "甲州市勝沼町菱山5093", "P12_007": 3 }, "geometry": { "type": "MultiPoint", "coordinates": [ [ 138.736728577561848, 35.674502587524444 ] ] } },
{ "type": "Feature", "properties": { "P12_001": 10152, "P12_002": "やまと天目山温泉", "P12_003": "19", "P12_004": "19213", "P12_005": "‐", "P12_006": "甲州市大和町木賊517", "P12_007": 3 }, "geometry": { "type": "MultiPoint", "coordinates": [ [ 138.815076944945076, 35.657394722188712 ] ] } },
{ "type": "Feature", "properties": { "P12_001": 10153, "P12_002": "道の駅甲斐大和", "P12_003": "19", "P12_004": "19213", "P12_005": "‐", "P12_006": "甲州市大和町初鹿野2248", "P12_007": 6 }, "geometry": { "type": "MultiPoint", "coordinates": [ [ 138.792778454462223, 35.635780192202162 ] ] } },
{ "type": "Feature", "properties": { "P12_001": 10154, "P12_002": "ふるさと武田勝頼公祭り", "P12_003": "19", "P12_004": "19213", "P12_005": "‐", "P12_006": "甲州市大和町初鹿野1643", "P12_007": 1 }, "geometry": { "type": "MultiPoint", "coordinates": [ [ 138.780100832987159, 35.640427500029148 ] ] } },
{ "type": "Feature", "properties": { "P12_001": 10155, "P12_002": "勝沼ぶどうまつり", "P12_003": "19", "P12_004": "19213", "P12_005": "‐", "P12_006": "甲州市", "P12_007": 1 }, "geometry": { "type": "MultiPoint", "coordinates": [ [ 138.729410833643101, 35.70431666648102 ] ] } },
{ "type": "Feature", "properties": { "P12_001": 10156, "P12_002": "湯殿館", "P12_003": "19", "P12_004": "19214", "P12_005": "‐", "P12_006": "中央市若宮33-1", "P12_007": 3 }, "geometry": { "type": "MultiPoint", "coordinates": [ [ 138.539988610486034, 35.6118286111016 ] ] } },
{ "type": "Feature", "properties": { "P12_001": 10157, "P12_002": "四季新鮮収穫広場　た・から", "P12_003": "19", "P12_004": "19214", "P12_005": "‐", "P12_006": "中央市臼井阿原102-1", "P12_007": 5 }, "geometry": { "type": "MultiPoint", "coordinates": [ [ 138.517038368725821, 35.602024221041006 ] ] } },
{ "type": "Feature", "properties": { "P12_001": 10158, "P12_002": "中央市れんげまつり", "P12_003": "19", "P12_004": "19214", "P12_005": "‐", "P12_006": "中央市乙黒1-1（ふるさとふれあい公園）", "P12_007": 1 }, "geometry": { "type": "MultiPoint", "coordinates": [ [ 138.546121999430738, 35.598135000330046 ] ] } },
{ "type": "Feature", "properties": { "P12_001": 10159, "P12_002": "シルクふれんどりぃ", "P12_003": "19", "P12_004": "19214", "P12_005": "‐", "P12_006": "中央市大鳥居1619-1", "P12_007": 3 }, "geometry": { "type": "MultiPoint", "coordinates": [ [ 138.552685833584405, 35.561000555930946 ] ] } },
{ "type": "Feature", "properties": { "P12_001": 10160, "P12_002": "道の駅とよとみ", "P12_003": "19", "P12_004": "19214", "P12_005": "‐", "P12_006": "中央市浅利1010-1", "P12_007": 6 }, "geometry": { "type": "MultiPoint", "coordinates": [ [ 138.545187777394062, 35.58479527728025 ] ] } },
{ "type": "Feature", "properties": { "P12_001": 10161, "P12_002": "中央市与一公まつり", "P12_003": "19", "P12_004": "19214", "P12_005": "‐", "P12_006": "中央市大鳥居3866（豊富農村広場）", "P12_007": 1 }, "geometry": { "type": "MultiPoint", "coordinates": [ [ 138.557524167306497, 35.571798610517533 ] ] } },
{ "type": "Feature", "properties": { "P12_001": 10162, "P12_002": "スイートコーン収穫祭（道の駅とよとみ）", "P12_003": "19", "P12_004": "19214", "P12_005": "‐", "P12_006": "中央市浅利1010-1", "P12_007": 1 }, "geometry": { "type": "MultiPoint", "coordinates": [ [ 138.545187777394062, 35.58479527728025 ] ] } },
{ "type": "Feature", "properties": { "P12_001": 10163, "P12_002": "六郷の里「つむぎの湯」", "P12_003": "19", "P12_004": "19346", "P12_005": "‐", "P12_006": "市川三郷町鴨狩津向640", "P12_007": 3 }, "geometry": { "type": "MultiPoint", "coordinates": [ [ 138.458211666835041, 35.481787222402431 ] ] } },
{ "type": "Feature", "properties": { "P12_001": 10164, "P12_002": "みはらしの丘　みたまの湯", "P12_003": "19", "P12_004": "19346", "P12_005": "‐", "P12_006": "市川三郷町大塚2608", "P12_007": 3 }, "geometry": { "type": "MultiPoint", "coordinates": [ [ 138.533767999893371, 35.566052000199704 ] ] } },
{ "type": "Feature", "properties": { "P12_001": 10165, "P12_002": "神明の花火大会", "P12_003": "19", "P12_004": "19346", "P12_005": "‐", "P12_006": "市川三郷町高田笛吹川河畔", "P12_007": 1 }, "geometry": { "type": "MultiPoint", "coordinates": [ [ 138.482718000135606, 35.561865000469425 ] ] } },
{ "type": "Feature", "properties": { "P12_001": 10166, "P12_002": "南アルプス早川山菜祭り", "P12_003": "19", "P12_004": "19364", "P12_005": "‐", "P12_006": "早川町保(町民スポーツ広場)", "P12_007": 1 }, "geometry": { "type": "MultiPoint", "coordinates": [ [ 138.332784999927867, 35.433915999623707 ] ] } },
{ "type": "Feature", "properties": { "P12_001": 10167, "P12_002": "久遠寺", "P12_003": "19", "P12_004": "19365", "P12_005": "神社・寺院・教会", "P12_006": "身延町身延3567", "P12_007": -1 }, "geometry": { "type": "MultiPoint", "coordinates": [ [ 138.425079999642321, 35.382003999684912 ] ] } },
{ "type": "Feature", "properties": { "P12_001": 10168, "P12_002": "甲斐黄金村・湯之奥金山博物館", "P12_003": "19", "P12_004": "19365", "P12_005": "‐", "P12_006": "身延町上之平1787", "P12_007": 2 }, "geometry": { "type": "MultiPoint", "coordinates": [ [ 138.472141301080228, 35.423808843803158 ] ] } },
{ "type": "Feature", "properties": { "P12_001": 10169, "P12_002": "（財）山梨県富士川地域地場産業振興センター", "P12_003": "19", "P12_004": "19365", "P12_005": "‐", "P12_006": "身延町下山1578", "P12_007": 5 }, "geometry": { "type": "MultiPoint", "coordinates": [ [ 138.437406258691908, 35.41864823802581 ] ] } },
{ "type": "Feature", "properties": { "P12_001": 10170, "P12_002": "富士川カントリークラブ", "P12_003": "19", "P12_004": "19365", "P12_005": "‐", "P12_006": "身延町西嶋3525", "P12_007": 4 }, "geometry": { "type": "MultiPoint", "coordinates": [ [ 138.435157222427961, 35.492450000067493 ] ] } },
{ "type": "Feature", "properties": { "P12_001": 10171, "P12_002": "門野の湯", "P12_003": "19", "P12_004": "19365", "P12_005": "‐", "P12_006": "身延町門野1122", "P12_007": 3 }, "geometry": { "type": "MultiPoint", "coordinates": [ [ 138.407429444713216, 35.346151666566186 ] ] } },
{ "type": "Feature", "properties": { "P12_001": 10172, "P12_002": "下部温泉会館", "P12_003": "19", "P12_004": "19365", "P12_005": "‐", "P12_006": "身延町下部1130-1", "P12_007": 3 }, "geometry": { "type": "MultiPoint", "coordinates": [ [ 138.47720637637326, 35.423563764156427 ] ] } },
{ "type": "Feature", "properties": { "P12_001": 10173, "P12_002": "道の駅　しもべ（下部農村文化公園）", "P12_003": "19", "P12_004": "19365", "P12_005": "‐", "P12_006": "身延町古関4321", "P12_007": 6 }, "geometry": { "type": "MultiPoint", "coordinates": [ [ 138.513030111950115, 35.469951298014053 ] ] } },
{ "type": "Feature", "properties": { "P12_001": 10174, "P12_002": "みのぶ　ゆばの里", "P12_003": "19", "P12_004": "19365", "P12_005": "‐", "P12_006": "身延町相又425-1", "P12_007": 5 }, "geometry": { "type": "MultiPoint", "coordinates": [ [ 138.42133611117265, 35.352451944501695 ] ] } },
{ "type": "Feature", "properties": { "P12_001": 10175, "P12_002": "身延山御会式万燈行列", "P12_003": "19", "P12_004": "19365", "P12_005": "‐", "P12_006": "身延町身延（総門〜久遠寺境内）", "P12_007": 1 }, "geometry": { "type": "MultiPoint", "coordinates": [ [ 138.424111999968886, 35.379648999901463 ] ] } },
{ "type": "Feature", "properties": { "P12_001": 10176, "P12_002": "身延山観桜会", "P12_003": "19", "P12_004": "19365", "P12_005": "‐", "P12_006": "身延町身延（久遠寺境内）", "P12_007": 1 }, "geometry": { "type": "MultiPoint", "coordinates": [ [ 138.424690999689915, 35.381520999894292 ] ] } },
{ "type": "Feature", "properties": { "P12_001": 10177, "P12_002": "わんぱく祭り", "P12_003": "19", "P12_004": "19365", "P12_005": "‐", "P12_006": "身延町下山1578", "P12_007": 1 }, "geometry": { "type": "MultiPoint", "coordinates": [ [ 138.437500555306428, 35.419266944613867 ] ] } },
{ "type": "Feature", "properties": { "P12_001": 10178, "P12_002": "しもべおんせんまつり", "P12_003": "19", "P12_004": "19365", "P12_005": "‐", "P12_006": "身延町（下部温泉郷内）", "P12_007": 1 }, "geometry": { "type": "MultiPoint", "coordinates": [ [ 138.481477832336168, 35.422074511129836 ] ] } },
{ "type": "Feature", "properties": { "P12_001": 10179, "P12_002": "富士五湖", "P12_003": "19", "P12_004": "19365、19425、19430", "P12_005": "湖沼", "P12_006": "身延町　および　山中湖村　および　富士河口湖町", "P12_007": -1 }, "geometry": { "type": "MultiPoint", "coordinates": [ [ 138.759360856818148, 35.516187657634362 ] ] } },
{ "type": "Feature", "properties": { "P12_001": 10180, "P12_002": "なんぶの湯", "P12_003": "19", "P12_004": "19366", "P12_005": "‐", "P12_006": "南部町内船8106-1", "P12_007": 3 }, "geometry": { "type": "MultiPoint", "coordinates": [ [ 138.463534959970502, 35.280224174106422 ] ] } },
{ "type": "Feature", "properties": { "P12_001": 10181, "P12_002": "道の駅「とみざわ」", "P12_003": "19", "P12_004": "19366", "P12_005": "‐", "P12_006": "南部町福士28507-1", "P12_007": 6 }, "geometry": { "type": "MultiPoint", "coordinates": [ [ 138.485122373598756, 35.24182002007791 ] ] } },
{ "type": "Feature", "properties": { "P12_001": 10182, "P12_002": "南部の火祭り", "P12_003": "19", "P12_004": "19366", "P12_005": "‐", "P12_006": "南部町南部橋上下流", "P12_007": 1 }, "geometry": { "type": "MultiPoint", "coordinates": [ [ 138.459662999947568, 35.281965999931003 ] ] } },
{ "type": "Feature", "properties": { "P12_001": 10183, "P12_002": "たけのこまつり", "P12_003": "19", "P12_004": "19366", "P12_005": "‐", "P12_006": "南部町南部町福士28505-2", "P12_007": 1 }, "geometry": { "type": "MultiPoint", "coordinates": [ [ 138.486524000282429, 35.242483000290292 ] ] } },
{ "type": "Feature", "properties": { "P12_001": 10184, "P12_002": "櫛形山", "P12_003": "19", "P12_004": "19368", "P12_005": "‐", "P12_006": "富士川町", "P12_007": 1 }, "geometry": { "type": "MultiPoint", "coordinates": [ [ 138.369447050241206, 35.586400758688114 ] ] } },
{ "type": "Feature", "properties": { "P12_001": 10185, "P12_002": "森の教室（県森林総合研究所）", "P12_003": "19", "P12_004": "19368", "P12_005": "‐", "P12_006": "富士川町最勝寺2290-1", "P12_007": 2 }, "geometry": { "type": "MultiPoint", "coordinates": [ [ 138.447907401205612, 35.558640117947164 ] ] } },
{ "type": "Feature", "properties": { "P12_001": 10186, "P12_002": "あおやぎ活性館", "P12_003": "19", "P12_004": "19368", "P12_005": "‐", "P12_006": "富士川町青柳町222-1", "P12_007": 5 }, "geometry": { "type": "MultiPoint", "coordinates": [ [ 138.466287406138918, 35.561526572992989 ] ] } },
{ "type": "Feature", "properties": { "P12_001": 10187, "P12_002": "甲州富士川まつり（旧：甲州増穂まつり）", "P12_003": "19", "P12_004": "19368", "P12_005": "‐", "P12_006": "富士川町小林（利根川公園）", "P12_007": 1 }, "geometry": { "type": "MultiPoint", "coordinates": [ [ 138.452942906789758, 35.56877561949932 ] ] } },
{ "type": "Feature", "properties": { "P12_001": 10188, "P12_002": "ふじかわ夏まつりＲ５２", "P12_003": "19", "P12_004": "19368", "P12_005": "‐", "P12_006": "富士川町青柳地内", "P12_007": 1 }, "geometry": { "type": "MultiPoint", "coordinates": [ [ 138.464896780861864, 35.557732180395874 ] ] } },
{ "type": "Feature", "properties": { "P12_001": 10189, "P12_002": "つくたべかん", "P12_003": "19", "P12_004": "19368", "P12_005": "‐", "P12_006": "富士川町十谷2294-7", "P12_007": 4 }, "geometry": { "type": "MultiPoint", "coordinates": [ [ 138.394269999760695, 35.506520999644465 ] ] } },
{ "type": "Feature", "properties": { "P12_001": 10190, "P12_002": "かじかの湯", "P12_003": "19", "P12_004": "19368", "P12_005": "‐", "P12_006": "富士川町鳥屋137-1", "P12_007": 3 }, "geometry": { "type": "MultiPoint", "coordinates": [ [ 138.428417999790895, 35.50762400014753 ] ] } },
{ "type": "Feature", "properties": { "P12_001": 10191, "P12_002": "交流センター「塩の華」", "P12_003": "19", "P12_004": "19368", "P12_005": "‐", "P12_006": "富士川町鰍沢4852-1", "P12_007": 5 }, "geometry": { "type": "MultiPoint", "coordinates": [ [ 138.451149177492653, 35.521976204238513 ] ] } },
{ "type": "Feature", "properties": { "P12_001": 10192, "P12_002": "富士川町大法師さくら祭り", "P12_003": "19", "P12_004": "19368", "P12_005": "‐", "P12_006": "富士川町鰍沢（大法師公園）", "P12_007": 1 }, "geometry": { "type": "MultiPoint", "coordinates": [ [ 138.455248000494862, 35.545640999632496 ] ] } },
{ "type": "Feature", "properties": { "P12_001": 10193, "P12_002": "ふるさとふれあい祭り", "P12_003": "19", "P12_004": "19384", "P12_005": "‐", "P12_006": "昭和町押越1500-1", "P12_007": 1 }, "geometry": { "type": "MultiPoint", "coordinates": [ [ 138.539758999178503, 35.630474999721514 ] ] } },
{ "type": "Feature", "properties": { "P12_001": 10194, "P12_002": "水源の森", "P12_003": "19", "P12_004": "19422", "P12_005": "‐", "P12_006": "道志村5821-2", "P12_007": 4 }, "geometry": { "type": "MultiPoint", "coordinates": [ [ 139.044305999222502, 35.529951000038693 ] ] } },
{ "type": "Feature", "properties": { "P12_001": 10195, "P12_002": "道志の湯", "P12_003": "19", "P12_004": "19422", "P12_005": "‐", "P12_006": "道志村7501", "P12_007": 3 }, "geometry": { "type": "MultiPoint", "coordinates": [ [ 139.025200000379755, 35.514020999269746 ] ] } },
{ "type": "Feature", "properties": { "P12_001": 10196, "P12_002": "道の駅どうし", "P12_003": "19", "P12_004": "19422", "P12_005": "‐", "P12_006": "道志村9745", "P12_007": 6 }, "geometry": { "type": "MultiPoint", "coordinates": [ [ 138.98985099982383, 35.503391000094609 ] ] } },
{ "type": "Feature", "properties": { "P12_001": 10197, "P12_002": "道志渓谷山菜祭り", "P12_003": "19", "P12_004": "19422", "P12_005": "‐", "P12_006": "道志村9745（道の駅どうし）", "P12_007": 1 }, "geometry": { "type": "MultiPoint", "coordinates": [ [ 138.98985099982383, 35.503391000094609 ] ] } },
{ "type": "Feature", "properties": { "P12_001": 10198, "P12_002": "道志渓谷渓流祭り", "P12_003": "19", "P12_004": "19422", "P12_005": "‐", "P12_006": "道志村9745（道の駅どうし）", "P12_007": 1 }, "geometry": { "type": "MultiPoint", "coordinates": [ [ 138.98985099982383, 35.503391000094609 ] ] } },
{ "type": "Feature", "properties": { "P12_001": 10199, "P12_002": "道志渓谷もろこし祭り", "P12_003": "19", "P12_004": "19422", "P12_005": "‐", "P12_006": "道志村9745（道の駅どうし）", "P12_007": 1 }, "geometry": { "type": "MultiPoint", "coordinates": [ [ 138.98985099982383, 35.503391000094609 ] ] } },
{ "type": "Feature", "properties": { "P12_001": 10200, "P12_002": "三つ峠グリーンセンター", "P12_003": "19", "P12_004": "19423", "P12_005": "‐", "P12_006": "西桂町下暮地1900", "P12_007": 3 }, "geometry": { "type": "MultiPoint", "coordinates": [ [ 138.837180000156991, 35.53037583347799 ] ] } },
{ "type": "Feature", "properties": { "P12_001": 10201, "P12_002": "山梨県立富士湧水の里水族館", "P12_003": "19", "P12_004": "19424", "P12_005": "‐", "P12_006": "忍野村忍草3098-1", "P12_007": 2 }, "geometry": { "type": "MultiPoint", "coordinates": [ [ 138.823981929322599, 35.455540448233137 ] ] } },
{ "type": "Feature", "properties": { "P12_001": 10202, "P12_002": "忍野八海祭り", "P12_003": "19", "P12_004": "19424", "P12_005": "‐", "P12_006": "忍野村", "P12_007": 1 }, "geometry": { "type": "MultiPoint", "coordinates": [ [ 138.845619999963105, 35.464322999806654 ] ] } },
{ "type": "Feature", "properties": { "P12_001": 10203, "P12_002": "山中明神安産祭り", "P12_003": "19", "P12_004": "19425", "P12_005": "‐", "P12_006": "山中湖村山中地区", "P12_007": 1 }, "geometry": { "type": "MultiPoint", "coordinates": [ [ 138.848714000550785, 35.427890999669955 ] ] } },
{ "type": "Feature", "properties": { "P12_001": 10204, "P12_002": "スポニチ山中湖ロードレース", "P12_003": "19", "P12_004": "19425", "P12_005": "‐", "P12_006": "山中湖村山中341-40", "P12_007": 1 }, "geometry": { "type": "MultiPoint", "coordinates": [ [ 138.85713277725597, 35.408646945000555 ] ] } },
{ "type": "Feature", "properties": { "P12_001": 10205, "P12_002": "山中湖アートイルミネーション「ＦＡＮＴＡＳＥＵＭ」", "P12_003": "19", "P12_004": "19425", "P12_005": "‐", "P12_006": "山中湖村山中1650", "P12_007": 1 }, "geometry": { "type": "MultiPoint", "coordinates": [ [ 138.852421494356577, 35.438881960634035 ] ] } },
{ "type": "Feature", "properties": { "P12_001": 10206, "P12_002": "山中湖「夕焼けの渚・紅葉祭り」", "P12_003": "19", "P12_004": "19425", "P12_005": "‐", "P12_006": "山中湖村平野506", "P12_007": 1 }, "geometry": { "type": "MultiPoint", "coordinates": [ [ 138.879214166900397, 35.408190819650656 ] ] } },
{ "type": "Feature", "properties": { "P12_001": 10207, "P12_002": "富士山", "P12_003": "19", "P12_004": "19429", "P12_005": "山岳", "P12_006": "鳴沢村", "P12_007": -1 }, "geometry": { "type": "MultiPoint", "coordinates": [ [ 138.727757444450617, 35.365598621779043 ] ] } },
{ "type": "Feature", "properties": { "P12_001": 10208, "P12_002": "鳴沢ゴルフ倶楽部", "P12_003": "19", "P12_004": "19429", "P12_005": "‐", "P12_006": "鳴沢村5224", "P12_007": 4 }, "geometry": { "type": "MultiPoint", "coordinates": [ [ 138.71922099954952, 35.466354999983309 ] ] } },
{ "type": "Feature", "properties": { "P12_001": 10209, "P12_002": "ふじてんリゾート", "P12_003": "19", "P12_004": "19429", "P12_005": "‐", "P12_006": "鳴沢村字富士山8545-1", "P12_007": 4 }, "geometry": { "type": "MultiPoint", "coordinates": [ [ 138.687744000385351, 35.441932999708229 ] ] } },
{ "type": "Feature", "properties": { "P12_001": 10210, "P12_002": "フォレストアドベンチャー・フジ", "P12_003": "19", "P12_004": "19429", "P12_005": "‐", "P12_006": "鳴沢村字富士山8545-1", "P12_007": 4 }, "geometry": { "type": "MultiPoint", "coordinates": [ [ 138.724128999253935, 35.456502000666831 ] ] } },
{ "type": "Feature", "properties": { "P12_001": 10211, "P12_002": "青木ヶ原の樹海", "P12_003": "19", "P12_004": "19430", "P12_005": "植物", "P12_006": "富士河口湖町精進", "P12_007": -1 }, "geometry": { "type": "MultiPoint", "coordinates": [ [ 138.619777999355279, 35.47007899994594 ] ] } },
{ "type": "Feature", "properties": { "P12_001": 10212, "P12_002": "天上山公園カチカチ山ロープウェイ", "P12_003": "19", "P12_004": "19430", "P12_005": "‐", "P12_006": "富士河口湖町浅川1163-1", "P12_007": 1 }, "geometry": { "type": "MultiPoint", "coordinates": [ [ 138.772077222885628, 35.504011944195895 ] ] } },
{ "type": "Feature", "properties": { "P12_001": 10213, "P12_002": "河口湖ミューズ館", "P12_003": "19", "P12_004": "19430", "P12_005": "‐", "P12_006": "富士河口湖町小立923", "P12_007": 2 }, "geometry": { "type": "MultiPoint", "coordinates": [ [ 138.752859999489488, 35.511102778370571 ] ] } },
{ "type": "Feature", "properties": { "P12_001": 10214, "P12_002": "河口湖美術館", "P12_003": "19", "P12_004": "19430", "P12_005": "‐", "P12_006": "富士河口湖町河口3170", "P12_007": 2 }, "geometry": { "type": "MultiPoint", "coordinates": [ [ 138.770647544548638, 35.519281973884063 ] ] } },
{ "type": "Feature", "properties": { "P12_001": 10215, "P12_002": "大石紬伝統工芸館", "P12_003": "19", "P12_004": "19430", "P12_005": "‐", "P12_006": "富士河口湖町大石1438-1", "P12_007": 2 }, "geometry": { "type": "MultiPoint", "coordinates": [ [ 138.745139005860551, 35.524043530684423 ] ] } },
{ "type": "Feature", "properties": { "P12_001": 10216, "P12_002": "カントリーレイクシステムズ", "P12_003": "19", "P12_004": "19430", "P12_005": "‐", "P12_006": "富士河口湖町大石2954-1", "P12_007": 4 }, "geometry": { "type": "MultiPoint", "coordinates": [ [ 138.750803603403597, 35.523819786553986 ] ] } },
{ "type": "Feature", "properties": { "P12_001": 10217, "P12_002": "河口湖クラフトパーク", "P12_003": "19", "P12_004": "19430", "P12_005": "‐", "P12_006": "富士河口湖町河口3118", "P12_007": 4 }, "geometry": { "type": "MultiPoint", "coordinates": [ [ 138.768712000258688, 35.523598000247546 ] ] } },
{ "type": "Feature", "properties": { "P12_001": 10218, "P12_002": "河口湖フィールドセンター（クラフト体験）", "P12_003": "19", "P12_004": "19430", "P12_005": "‐", "P12_006": "富士河口湖町船津6603", "P12_007": 4 }, "geometry": { "type": "MultiPoint", "coordinates": [ [ 138.756496000789866, 35.453138000218587 ] ] } },
{ "type": "Feature", "properties": { "P12_001": 10219, "P12_002": "河口湖　宝石の森", "P12_003": "19", "P12_004": "19430", "P12_005": "‐", "P12_006": "富士河口湖町船津1996", "P12_007": 5 }, "geometry": { "type": "MultiPoint", "coordinates": [ [ 138.755783223317167, 35.49313865592427 ] ] } },
{ "type": "Feature", "properties": { "P12_001": 10220, "P12_002": "道の駅かつやま", "P12_003": "19", "P12_004": "19430", "P12_005": "‐", "P12_006": "富士河口湖町勝山3754", "P12_007": 6 }, "geometry": { "type": "MultiPoint", "coordinates": [ [ 138.734428947238143, 35.50465302141987 ] ] } },
{ "type": "Feature", "properties": { "P12_001": 10221, "P12_002": "甲斐のかつやまやぶさめ祭り", "P12_003": "19", "P12_004": "19430", "P12_005": "‐", "P12_006": "富士河口湖町勝山3951", "P12_007": 1 }, "geometry": { "type": "MultiPoint", "coordinates": [ [ 138.745994999469758, 35.510597999698007 ] ] } },
{ "type": "Feature", "properties": { "P12_001": 10222, "P12_002": "富士山・河口湖山開き花火大会", "P12_003": "19", "P12_004": "19430", "P12_005": "‐", "P12_006": "富士河口湖町", "P12_007": 1 }, "geometry": { "type": "MultiPoint", "coordinates": [ [ 138.755736999962664, 35.512623999597963 ] ] } },
{ "type": "Feature", "properties": { "P12_001": 10223, "P12_002": "河口湖富士桜ミツバツツジ祭り", "P12_003": "19", "P12_004": "19430", "P12_005": "‐", "P12_006": "富士河口湖町船津創造の森", "P12_007": 1 }, "geometry": { "type": "MultiPoint", "coordinates": [ [ 138.7499639999387, 35.45089400015803 ] ] } },
{ "type": "Feature", "properties": { "P12_001": 10224, "P12_002": "富士河口湖温泉郷冬花火・湖上の舞", "P12_003": "19", "P12_004": "19430", "P12_005": "‐", "P12_006": "富士河口湖町船津", "P12_007": 1 }, "geometry": { "type": "MultiPoint", "coordinates": [ [ 138.762974000050122, 35.507382999825609 ] ] } },
{ "type": "Feature", "properties": { "P12_001": 10225, "P12_002": "西湖・河口湖氷まつり", "P12_003": "19", "P12_004": "19430", "P12_005": "‐", "P12_006": "富士河口湖町西湖2068", "P12_007": 1 }, "geometry": { "type": "MultiPoint", "coordinates": [ [ 138.654496000490099, 35.498440000205903 ] ] } },
{ "type": "Feature", "properties": { "P12_001": 10226, "P12_002": "富士山の日", "P12_003": "19", "P12_004": "19430", "P12_005": "‐", "P12_006": "富士河口湖町", "P12_007": 1 }, "geometry": { "type": "MultiPoint", "coordinates": [ [ 138.754945278202058, 35.497296666907687 ] ] } },
{ "type": "Feature", "properties": { "P12_001": 10227, "P12_002": "河口湖湖上祭", "P12_003": "19", "P12_004": "19430", "P12_005": "‐", "P12_006": "富士河口湖町", "P12_007": 1 }, "geometry": { "type": "MultiPoint", "coordinates": [ [ 138.769656841490132, 35.503516025644103 ] ] } },
{ "type": "Feature", "properties": { "P12_001": 10228, "P12_002": "富士山マラソン", "P12_003": "19", "P12_004": "19430", "P12_005": "‐", "P12_006": "富士河口湖町", "P12_007": 1 }, "geometry": { "type": "MultiPoint", "coordinates": [ [ 138.754945278202058, 35.497296666907687 ] ] } },
{ "type": "Feature", "properties": { "P12_001": 10229, "P12_002": "富士クラシック", "P12_003": "19", "P12_004": "19430", "P12_005": "‐", "P12_006": "富士河口湖町富士ケ嶺2-2", "P12_007": 4 }, "geometry": { "type": "MultiPoint", "coordinates": [ [ 138.64912300002652, 35.417233000102897 ] ] } },
{ "type": "Feature", "properties": { "P12_001": 10230, "P12_002": "西湖いやしの里根場", "P12_003": "19", "P12_004": "19430", "P12_005": "‐", "P12_006": "富士河口湖町西湖根場2710", "P12_007": 4 }, "geometry": { "type": "MultiPoint", "coordinates": [ [ 138.661517999655985, 35.504977000388294 ] ] } },
{ "type": "Feature", "properties": { "P12_001": 10231, "P12_002": "河口湖漁業協同組合", "P12_003": "19", "P12_004": "19430", "P12_005": "‐", "P12_006": "富士河口湖町河口2985", "P12_007": 1 }, "geometry": { "type": "MultiPoint", "coordinates": [ [ 138.767614736530959, 35.523097577890951 ] ] } },
{ "type": "Feature", "properties": { "P12_001": 10232, "P12_002": "小菅の湯", "P12_003": "19", "P12_004": "19442", "P12_005": "‐", "P12_006": "小菅村3445", "P12_007": 3 }, "geometry": { "type": "MultiPoint", "coordinates": [ [ 138.949969999815721, 35.754485999729184 ] ] } },
{ "type": "Feature", "properties": { "P12_001": 10233, "P12_002": "多摩源流まつり", "P12_003": "19", "P12_004": "19442", "P12_005": "‐", "P12_006": "小菅村4299", "P12_007": 1 }, "geometry": { "type": "MultiPoint", "coordinates": [ [ 138.940306000221767, 35.760289000237208 ] ] } },
{ "type": "Feature", "properties": { "P12_001": 10234, "P12_002": "丹波山村営つり場", "P12_003": "19", "P12_004": "19443", "P12_005": "‐", "P12_006": "丹波山村1255", "P12_007": 4 }, "geometry": { "type": "MultiPoint", "coordinates": [ [ 138.915964444303768, 35.790644999866913 ] ] } },
{ "type": "Feature", "properties": { "P12_001": 10235, "P12_002": "丹波山温泉のめこい湯", "P12_003": "19", "P12_004": "19443", "P12_005": "‐", "P12_006": "丹波山村778-2", "P12_007": 3 }, "geometry": { "type": "MultiPoint", "coordinates": [ [ 138.925570236177577, 35.788434775644419 ] ] } },
{ "type": "Feature", "properties": { "P12_001": 10236, "P12_002": "道の駅たばやま", "P12_003": "19", "P12_004": "19443", "P12_005": "‐", "P12_006": "丹波山村2901", "P12_007": 6 }, "geometry": { "type": "MultiPoint", "coordinates": [ [ 138.924099912081374, 35.789688884734289 ] ] } },
{ "type": "Feature", "properties": { "P12_001": 10001, "P12_002": "昇仙峡", "P12_003": "19", "P12_004": "19201", "P12_005": "河川・峡谷", "P12_006": "甲府市高成町", "P12_007": -1 }, "geometry": { "type": "LineString", "coordinates": [ [ 138.56966630993864, 35.758842269906992 ], [ 138.569605569962761, 35.758841260014734 ], [ 138.569408619996636, 35.758805430041242 ], [ 138.568648899926814, 35.758682930063124 ], [ 138.567854730066074, 35.758563210028235 ], [ 138.567420010121168, 35.758502100032885 ], [ 138.567260569925054, 35.758463759939559 ], [ 138.567032230034329, 35.75836709995815 ], [ 138.566916679975719, 35.758247369997441 ], [ 138.566835290101295, 35.758054040029393 ], [ 138.566750850055399, 35.757913760055629 ], [ 138.566650839897164, 35.757819599950608 ], [ 138.566519459993231, 35.757735430060592 ], [ 138.566356679906164, 35.757676819941643 ], [ 138.566041120015086, 35.757600429985857 ], [ 138.565578340003469, 35.757503760078627 ], [ 138.565382509910307, 35.757469040049621 ], [ 138.56524696999503, 35.757445139954449 ], [ 138.564921689958226, 35.757404309989958 ], [ 138.564785770025651, 35.757390679938403 ], [ 138.564658830157668, 35.757347340012885 ], [ 138.564532160055762, 35.757264009926338 ], [ 138.564442439900091, 35.75717123006563 ], [ 138.564358830007677, 35.757053730078518 ], [ 138.564299939952832, 35.756942070044687 ], [ 138.56423354999572, 35.756780120028758 ], [ 138.56419383012809, 35.756623449911856 ], [ 138.564177720032689, 35.756429569974181 ], [ 138.564188550018315, 35.756249010084957 ], [ 138.564198270051321, 35.756168730082649 ], [ 138.5642182700538, 35.756080400005096 ], [ 138.564306733818853, 35.755674559024534 ], [ 138.564451692098089, 35.755075570869764 ], [ 138.564518994051639, 35.754842602273392 ], [ 138.564565587824518, 35.754633965823125 ], [ 138.564638067076856, 35.754454321094165 ], [ 138.564786649217268, 35.754118328718228 ], [ 138.564948174041035, 35.753766287091373 ], [ 138.565096879960436, 35.75350900993265 ], [ 138.565392720099112, 35.753011509993968 ], [ 138.565539939994181, 35.752799839976014 ], [ 138.565687440139328, 35.752645399991522 ], [ 138.565859379871995, 35.752476510003639 ], [ 138.565949421537397, 35.752281500428658 ], [ 138.565929379937046, 35.751907070051139 ], [ 138.565802990085189, 35.75145206999629 ], [ 138.565782160041977, 35.7513548400348 ], [ 138.565774436029812, 35.751253332205295 ], [ 138.565818959040968, 35.751093878095432 ], [ 138.565991873674136, 35.750901290737261 ], [ 138.566515220055379, 35.750531230021707 ], [ 138.56670631069818, 35.750334918179625 ], [ 138.566764293942242, 35.750224128600181 ], [ 138.566750833596615, 35.750034647466663 ], [ 138.566710430351719, 35.749891989743752 ], [ 138.56658859585994, 35.749756538242892 ], [ 138.56646604992082, 35.749689839933559 ], [ 138.566329380099489, 35.749632620064141 ], [ 138.566252159931281, 35.749566789985806 ], [ 138.566210351039473, 35.749468642958298 ], [ 138.566139938039555, 35.749313997866736 ], [ 138.566133725528999, 35.749133835486603 ], [ 138.566188602686879, 35.749047895942653 ], [ 138.566278683808235, 35.748957814712881 ], [ 138.566354269146785, 35.748820104334449 ], [ 138.566347021311714, 35.74862337536986 ], [ 138.566281095582184, 35.748360284541413 ], [ 138.566219665014245, 35.748243377641678 ], [ 138.566178248427434, 35.748143977658522 ], [ 138.566167894280738, 35.748036294303738 ], [ 138.566136831727903, 35.747615915496169 ], [ 138.566146880034523, 35.747372619921705 ], [ 138.566164379994433, 35.747175120078523 ], [ 138.566164379994433, 35.746634569968748 ], [ 138.566150490029742, 35.746480120058436 ], [ 138.566113017122859, 35.746280228728779 ], [ 138.566133725528999, 35.746073145470248 ], [ 138.566198956720825, 35.745945789226944 ], [ 138.566267990114795, 35.745896230023149 ], [ 138.566366049908396, 35.74586762000903 ], [ 138.566520490019343, 35.745844840022386 ], [ 138.566727440043081, 35.745816230008266 ], [ 138.566899380113938, 35.7458190100309 ], [ 138.567039660043207, 35.7458190100309 ], [ 138.56718244553889, 35.745791140562091 ], [ 138.567230816295648, 35.745680226076175 ], [ 138.567206762700181, 35.745556128994508 ], [ 138.567123829984837, 35.745464290021779 ], [ 138.567008270118606, 35.745338449966766 ], [ 138.566888830040199, 35.745200949936233 ], [ 138.566677199186387, 35.744967084760731 ], [ 138.566475412820978, 35.744872062697823 ], [ 138.566239940081147, 35.744783729999853 ], [ 138.566102990009739, 35.744723450040972 ], [ 138.565952160006731, 35.744649010071356 ], [ 138.565861049986552, 35.744574840004532 ], [ 138.565661575853341, 35.744388523459477 ], [ 138.565558034160887, 35.744206290077628 ], [ 138.565569940054274, 35.744074009914776 ], [ 138.565547680126912, 35.743953648592743 ], [ 138.565534660109847, 35.743690679970946 ], [ 138.565499660077336, 35.743530399953755 ], [ 138.565416182193303, 35.743277521916824 ], [ 138.565387439989308, 35.743058180036925 ], [ 138.565366330146958, 35.742872340010464 ], [ 138.565327720006479, 35.742729290019291 ], [ 138.565249480183439, 35.742318726573551 ], [ 138.565236019725091, 35.742066085009256 ], [ 138.565236019725091, 35.74184243524568 ], [ 138.565218417630604, 35.741614643637476 ], [ 138.565197709337212, 35.741441729088415 ], [ 138.565173894957638, 35.741200477199818 ], [ 138.565173894957638, 35.74110314805958 ], [ 138.565246373984536, 35.740931269051082 ], [ 138.56537327, 35.740769559954565 ], [ 138.565539396629191, 35.740548165018829 ], [ 138.565663646615036, 35.740413560865051 ], [ 138.565777143723494, 35.740294673407625 ], [ 138.56576718830749, 35.740175415201115 ], [ 138.565736125641934, 35.74006462562167 ], [ 138.565646879972405, 35.739980120080254 ], [ 138.565555769952226, 35.739919839962553 ], [ 138.565485500008378, 35.739885679987808 ], [ 138.565331329888949, 35.739848460002996 ], [ 138.565191329984287, 35.739814010035602 ], [ 138.56504743994708, 35.73979983994024 ], [ 138.564949109936492, 35.73977122992612 ], [ 138.564717719874324, 35.7396595699717 ], [ 138.564420111995759, 35.739501359368099 ], [ 138.564330030648932, 35.73938435733934 ], [ 138.564229595268131, 35.739197982430483 ], [ 138.564126053801147, 35.738966049215868 ], [ 138.56409499113559, 35.738835586747904 ], [ 138.564084637101615, 35.738704088977599 ], [ 138.564126053801147, 35.738551882698808 ], [ 138.564143655895606, 35.738455589019722 ], [ 138.5641881785686, 35.738331339159892 ], [ 138.564213028610851, 35.738124255901361 ], [ 138.564257551622035, 35.738000005882718 ], [ 138.56426790565601, 35.737844693538072 ], [ 138.564216134922503, 35.737692487418094 ], [ 138.56411259323005, 35.737516466644372 ], [ 138.563970741262466, 35.737303170936528 ], [ 138.56382578309595, 35.737050529372233 ], [ 138.563725347715149, 35.736874508677921 ], [ 138.563679139934322, 35.736755590013729 ], [ 138.563629970025232, 35.736592539979135 ], [ 138.563559970072902, 35.736518090004296 ], [ 138.563438028035449, 35.736333667066774 ], [ 138.563370199852102, 35.736242904846598 ], [ 138.563378472640352, 35.736129646676936 ], [ 138.563280118730717, 35.735874296714705 ], [ 138.563204533392195, 35.735773861270395 ], [ 138.563114419916928, 35.735708369940326 ], [ 138.563033580058629, 35.735668370012291 ], [ 138.56297747007099, 35.735651150070908 ], [ 138.562788309952111, 35.73563115002748 ], [ 138.562630530062933, 35.735625309994795 ], [ 138.562448029885246, 35.735648369968864 ], [ 138.562363860056365, 35.735662539984823 ], [ 138.562072750124059, 35.735814199946688 ], [ 138.56200608002959, 35.735865590026854 ], [ 138.561900810053203, 35.735885869978304 ], [ 138.561634140046635, 35.735948649972386 ], [ 138.561472750049518, 35.735977259986505 ], [ 138.561206080042922, 35.735988650059234 ], [ 138.560932469957805, 35.735985869957197 ], [ 138.560757189996025, 35.73596587007259 ], [ 138.560529140050249, 35.735925869906332 ], [ 138.560329140025402, 35.735834199990109 ], [ 138.560251920082663, 35.735734200090619 ], [ 138.560150249955655, 35.735576699937255 ], [ 138.56005686828658, 35.735379367800661 ], [ 138.559990530073122, 35.735144760094698 ], [ 138.559956432905778, 35.734996263847819 ], [ 138.559938830811291, 35.734789180509878 ], [ 138.559990601770238, 35.734675284864593 ], [ 138.560088859970989, 35.734630040055812 ], [ 138.560222190014088, 35.734558370024203 ], [ 138.560348310099869, 35.734523929982615 ], [ 138.560509700096986, 35.734503930098008 ], [ 138.560723860078042, 35.734498370052741 ], [ 138.560878029972031, 35.734503930098008 ], [ 138.561151920081755, 35.7345125400687 ], [ 138.561267470027616, 35.734503930098008 ], [ 138.561399803074892, 35.734344987048573 ], [ 138.561472282101789, 35.73416482466844 ], [ 138.561572717482591, 35.733926679004512 ], [ 138.561672117426184, 35.733657470776357 ], [ 138.561738384167967, 35.733450387517827 ], [ 138.561751844513566, 35.733340633399543 ], [ 138.561748310048358, 35.733199200045924 ], [ 138.561710648316534, 35.733075568127717 ], [ 138.561614134182122, 35.733009300360585 ], [ 138.561400810103834, 35.732913089899547 ], [ 138.561221920034086, 35.73284170001417 ], [ 138.561036080078168, 35.732781429981102 ], [ 138.560825529979581, 35.732758649994459 ], [ 138.560608310019461, 35.732690040052304 ], [ 138.560390809921984, 35.732646980034808 ], [ 138.560194420005047, 35.732572540065192 ], [ 138.560001360058749, 35.732489760027683 ], [ 138.559836359953692, 35.732403929985331 ], [ 138.559608579999463, 35.732295040048321 ], [ 138.558994420081433, 35.732003369936081 ], [ 138.558861080005215, 35.731931700063278 ], [ 138.558650809931237, 35.731817259927411 ], [ 138.558236640117713, 35.731625589952884 ], [ 138.558047189941135, 35.731528370076028 ], [ 138.557721360000926, 35.731359480088145 ], [ 138.557612469996258, 35.731328090051399 ], [ 138.557514420010278, 35.73132226002393 ], [ 138.55742664007343, 35.731285040039126 ], [ 138.557303860104071, 35.731245039952277 ], [ 138.557044140096366, 35.73117642993072 ], [ 138.556921359901537, 35.731144760065362 ], [ 138.556840809875467, 35.731101979955881 ], [ 138.556507469999872, 35.730899199975461 ], [ 138.556409140102033, 35.730878929949832 ], [ 138.556324969934934, 35.730824760005845 ], [ 138.556237469909973, 35.730747540013596 ], [ 138.556118029944258, 35.730704479996099 ], [ 138.555935529992041, 35.730492809978145 ], [ 138.55576385991273, 35.730343930038913 ], [ 138.555525249972874, 35.73015504000761 ], [ 138.555356920009956, 35.730037810002699 ], [ 138.55520941997753, 35.729966430043142 ], [ 138.555016639943091, 35.729891980068302 ], [ 138.554820250026182, 35.729828929933198 ], [ 138.554595809962905, 35.729808930048591 ], [ 138.554371360092006, 35.729823089979917 ], [ 138.55403108002514, 35.72986337005419 ], [ 138.553792470085284, 35.729906150084261 ], [ 138.553652189930546, 35.729957810067226 ], [ 138.55347302998203, 35.729986430086569 ], [ 138.553157470090952, 35.730043370047966 ], [ 138.553020530052635, 35.730048930093226 ], [ 138.552869690016507, 35.730043370047966 ], [ 138.552768029922618, 35.730011699944384 ], [ 138.552701360053618, 35.729951699972929 ], [ 138.55266968987894, 35.729877259923903 ], [ 138.552654678575749, 35.729767412423541 ], [ 138.552724051403743, 35.729663870833974 ], [ 138.552834841043961, 35.729522018849131 ], [ 138.552979799210476, 35.729345998075409 ], [ 138.553348407419151, 35.728928725333688 ], [ 138.553497507221806, 35.728700933884298 ], [ 138.553555490691309, 35.728576683865654 ], [ 138.553534782285197, 35.728418265216945 ], [ 138.55350061353343, 35.728345786112193 ], [ 138.553422189958354, 35.728263929969664 ], [ 138.553201360002987, 35.728175039996664 ], [ 138.552966080033741, 35.728092260038558 ], [ 138.552783860106132, 35.728060589934977 ], [ 138.552562749900716, 35.728020590006949 ], [ 138.552454140146097, 35.727983370022137 ], [ 138.552271574584267, 35.727931619595132 ], [ 138.552071739372593, 35.727792873914353 ], [ 138.551934970009512, 35.727637260063112 ], [ 138.551758008096357, 35.727471894931121 ], [ 138.551563310051165, 35.727290870037258 ], [ 138.551071920069404, 35.727021980070482 ], [ 138.550823030047326, 35.726864760063357 ], [ 138.550517750013, 35.726670310066197 ], [ 138.55011480282829, 35.726477895496636 ], [ 138.549656359928917, 35.726238370064827 ], [ 138.549305530126531, 35.726086699938925 ], [ 138.549091920048852, 35.725972260041274 ], [ 138.548972749961962, 35.725886430078333 ] ] } },
{ "type": "Feature", "properties": { "P12_001": 10035, "P12_002": "西沢渓谷", "P12_003": "19", "P12_004": "19205", "P12_005": "河川・峡谷", "P12_006": "山梨市三富川浦", "P12_007": 1 }, "geometry": { "type": "LineString", "coordinates": [ [ 138.753935170855101, 35.863430815674583 ], [ 138.753938794603528, 35.863600106188997 ], [ 138.753902555202814, 35.863762148792944 ], [ 138.753845607283239, 35.863822720650234 ], [ 138.753695471930655, 35.863896752787909 ], [ 138.753536535530827, 35.863953700689962 ], [ 138.753432993838373, 35.863958877916339 ], [ 138.753291659533033, 35.863981139298936 ], [ 138.753172586846006, 35.864040157964489 ], [ 138.753055067145681, 35.864063972538823 ], [ 138.752903378580896, 35.864083127696766 ], [ 138.752834523527895, 35.86412816843076 ], [ 138.752810191147887, 35.864195470467941 ], [ 138.752782234793983, 35.864326450587079 ], [ 138.752668339067554, 35.864528356619225 ], [ 138.752468503855908, 35.864717837832146 ], [ 138.752233464342567, 35.864849335761271 ], [ 138.752012920724781, 35.864926992012997 ], [ 138.751867962445544, 35.86496633779003 ], [ 138.751798589617579, 35.864952877350831 ], [ 138.751750442745248, 35.864892305493541 ], [ 138.751700224998473, 35.864857618974085 ], [ 138.751632923044923, 35.864885575313643 ], [ 138.751552160520305, 35.864987045980889 ], [ 138.751323851292511, 35.865265055311255 ], [ 138.751220309600058, 35.865454536444766 ], [ 138.751144206599264, 35.865582410259833 ], [ 138.751049465954054, 35.865660066511559 ], [ 138.750855843252992, 35.86568750512054 ], [ 138.750593882935675, 35.865708213470214 ], [ 138.750296718542131, 35.865779139383228 ], [ 138.75008652918379, 35.865907013357109 ], [ 138.749986611352512, 35.866162243336078 ], [ 138.749948279545663, 35.866512730183061 ], [ 138.749872715626083, 35.866842511697818 ], [ 138.749638193887705, 35.866995753278957 ], [ 138.749455442882834, 35.867040794012951 ], [ 138.749303754543519, 35.867011284640469 ], [ 138.74921885027004, 35.866940358568641 ], [ 138.749077515964672, 35.866756054423284 ], [ 138.748896318284721, 35.866660796205352 ], [ 138.748704766232606, 35.866602295270383 ], [ 138.748573786186682, 35.866603848303306 ], [ 138.748466620520333, 35.866645265002653 ], [ 138.748387411207915, 35.866733275310111 ], [ 138.748289046588809, 35.866887034621826 ], [ 138.748144088535042, 35.866997306470687 ], [ 138.748043653154241, 35.867111202115979 ], [ 138.74776616150416, 35.867245806349167 ], [ 138.747553901158625, 35.86738403429937 ], [ 138.747275892071769, 35.867439429168492 ], [ 138.746273091475956, 35.867611825907574 ], [ 138.745957289663465, 35.867658419674491 ], [ 138.745329309674162, 35.867801824851071 ], [ 138.745128956687523, 35.86781373201913 ], [ 138.74488563390193, 35.867786293489559 ], [ 138.744556889406056, 35.867708637317236 ], [ 138.744246264441443, 35.867715885307121 ], [ 138.744049535428701, 35.867723133058782 ], [ 138.743945993736247, 35.867764549837538 ], [ 138.743814495915359, 35.867936428846036 ], [ 138.743762725069132, 35.868039970435596 ], [ 138.743783433362523, 35.868130051665368 ], [ 138.74389008125388, 35.86830607243909 ], [ 138.744035039645865, 35.868412720253311 ], [ 138.744080597756067, 35.8684955535726 ], [ 138.744042287368188, 35.868595988937507 ], [ 138.743945993736247, 35.868706778358138 ], [ 138.743610518954824, 35.868958384620086 ], [ 138.743366109890189, 35.869263330074901 ], [ 138.742984440066579, 35.869480000004444 ], [ 138.742224440084897, 35.869973059926977 ], [ 138.742061939909689, 35.870100829957714 ], [ 138.741899170081183, 35.870201940039905 ], [ 138.74156193996032, 35.87026194001136 ], [ 138.741388610024956, 35.869916670014618 ], [ 138.741280279956754, 35.869789170045493 ], [ 138.741202250039464, 35.869742806001668 ], [ 138.740612499947872, 35.869737500057305 ], [ 138.740393082966932, 35.869720305923039 ], [ 138.740310028050828, 35.869692250007695 ], [ 138.74021111003367, 35.869619170033722 ], [ 138.740176670050346, 35.869529169957431 ], [ 138.740176670050346, 35.869295930187761 ], [ 138.740171694089696, 35.869208083060727 ], [ 138.740124483000073, 35.869105013225365 ], [ 138.740031389923189, 35.868943609923399 ], [ 138.739969170010482, 35.868735279982339 ], [ 138.739969170010482, 35.868588889993681 ], [ 138.740031389923189, 35.86826221994442 ], [ 138.740033361143134, 35.868149193959447 ], [ 138.739936041543388, 35.868042500327661 ], [ 138.739689165015506, 35.867821142236551 ], [ 138.739639194037608, 35.867755027962247 ], [ 138.739521694065303, 35.867552249966991 ], [ 138.739397249956113, 35.867439472048019 ], [ 138.739307250001303, 35.867405582928946 ], [ 138.739215560091196, 35.867439719955208 ], [ 138.73903058298086, 35.867664749963097 ], [ 138.738968361038985, 35.867726693965231 ], [ 138.738836972116559, 35.867940861000939 ], [ 138.738781693973351, 35.868008361078012 ], [ 138.738691694018542, 35.868087249957313 ], [ 138.738511972104362, 35.868160583079302 ], [ 138.738373639045051, 35.868149193959447 ], [ 138.738297528040334, 35.86811530603147 ], [ 138.738233060039562, 35.868059439963993 ], [ 138.738198610023176, 35.867991669904718 ], [ 138.738170829868324, 35.867574999937965 ], [ 138.738152249942345, 35.86749030596485 ], [ 138.738113443762103, 35.86739163564831 ], [ 138.738025560112447, 35.867253890013373 ], [ 138.737935830036406, 35.867186390015704 ], [ 138.737797499908112, 35.867130000023941 ], [ 138.737585028078655, 35.86709030596986 ], [ 138.73741000007135, 35.867085000025497 ], [ 138.737285560020496, 35.867101670076657 ], [ 138.737119440042477, 35.867135560069201 ], [ 138.737050279938501, 35.867141109950431 ], [ 138.736994999991595, 35.867113059990572 ], [ 138.736960560008299, 35.867062499946869 ], [ 138.736960560008299, 35.866949720042733 ], [ 138.737008889956314, 35.866781109962879 ], [ 138.737029719999526, 35.866589439908942 ], [ 138.737015829922115, 35.866443060084322 ], [ 138.736995280016231, 35.866392500040618 ], [ 138.736953890034016, 35.866336110048849 ], [ 138.736856940080315, 35.866262779944307 ], [ 138.736690830135359, 35.866212219980007 ], [ 138.736421109957348, 35.866212219980007 ], [ 138.736116939988364, 35.866223329906497 ], [ 138.736054439938329, 35.866240280024492 ], [ 138.735874720053317, 35.866257220057854 ], [ 138.73579167009737, 35.866285280022936 ], [ 138.735584170057507, 35.866392500040618 ], [ 138.735480559937145, 35.866471110044181 ], [ 138.735390559982335, 35.866578329903042 ], [ 138.735314439959126, 35.866707780017151 ], [ 138.735293610028634, 35.866820280013258 ], [ 138.735300560027525, 35.86689332997156 ], [ 138.735328330036538, 35.866989170080544 ], [ 138.735425000078379, 35.867186390015704 ], [ 138.735611939841078, 35.867473609947758 ], [ 138.735611939841078, 35.867642499935634 ], [ 138.735584170057507, 35.867698890006807 ], [ 138.73552888988516, 35.867755279998576 ], [ 138.735431939931431, 35.867783330037838 ], [ 138.735300560027525, 35.86779471995176 ], [ 138.735141390048369, 35.867783330037838 ], [ 138.734795559880212, 35.867726939966666 ], [ 138.734477500059285, 35.867704439888037 ], [ 138.734405829992397, 35.867711939914244 ], [ 138.734263060053621, 35.867726939966666 ], [ 138.733799439855432, 35.867828329956879 ], [ 138.733778890062268, 35.867839720029608 ], [ 138.733765000097577, 35.867834169989571 ], [ 138.733481390067595, 35.867879169908605 ], [ 138.7332461099856, 35.86786777999469 ], [ 138.733004169962413, 35.867760829959209 ], [ 138.732858890060697, 35.867642499935634 ], [ 138.732789720036379, 35.867546669990688 ], [ 138.7326927798903, 35.86730443997245 ], [ 138.732685829891409, 35.867017220040402 ], [ 138.732658329986634, 35.866949720042733 ], [ 138.732554719866272, 35.866797780014039 ], [ 138.732485560100514, 35.866640280019482 ], [ 138.732451109971379, 35.86652749995654 ], [ 138.732451109971379, 35.866240280024492 ], [ 138.732492500066314, 35.865834720063638 ], [ 138.732499439919394, 35.865654439923624 ], [ 138.732430279928138, 35.865169999897603 ], [ 138.732416389963447, 35.865063059946756 ], [ 138.732347219939129, 35.864843330007147 ], [ 138.732257219984319, 35.864691389978454 ], [ 138.732132779933465, 35.86458999990883 ], [ 138.732070560133479, 35.864561939943755 ], [ 138.73198750003175, 35.864533610075874 ], [ 138.731870000059416, 35.864539169962327 ], [ 138.731752499974363, 35.864567499989015 ], [ 138.731699009975443, 35.864594860064933 ] ] } },
{ "type": "Feature", "properties": { "P12_001": 10179, "P12_002": "富士五湖", "P12_003": "19", "P12_004": "19365、19425、19430", "P12_005": "湖沼", "P12_006": "身延町　および　山中湖村　および　富士河口湖町", "P12_007": -1 }, "geometry": { "type": "MultiPolygon", "coordinates": [ [ [ [ 138.855537221680379, 35.429349139001062 ], [ 138.85571822178693, 35.429316167042089 ], [ 138.855923749252213, 35.429278499778597 ], [ 138.856300777662341, 35.429190888736386 ], [ 138.856607860795805, 35.429081860473516 ], [ 138.85687161045044, 35.428980693962217 ], [ 138.857163611360448, 35.42887480571428 ], [ 138.857368999339201, 35.42880624952258 ], [ 138.857632749976119, 35.428706638901588 ], [ 138.857847499922116, 35.428625667426054 ], [ 138.85797936017866, 35.428572777668137 ], [ 138.858141388483915, 35.42851513914075 ], [ 138.858308999523558, 35.428445139395215 ], [ 138.858333332714437, 35.428437167109358 ], [ 138.858333971863857, 35.428436943938223 ], [ 138.858427721854355, 35.428406193478239 ], [ 138.858548417297044, 35.428391917433693 ], [ 138.858669194270561, 35.428393111083906 ], [ 138.858888222457438, 35.428424889392666 ], [ 138.85910172226383, 35.428482944225841 ], [ 138.859330360612205, 35.428554861200695 ], [ 138.859513583007214, 35.428594471825249 ], [ 138.859751443836302, 35.428616917195043 ], [ 138.859957139602187, 35.428619416231221 ], [ 138.860189194387544, 35.428612528563114 ], [ 138.860319333328277, 35.42859824981528 ], [ 138.860396611141795, 35.428576389256001 ], [ 138.860477527719354, 35.42852827830405 ], [ 138.860509500251908, 35.428503472065948 ], [ 138.860564221526573, 35.428500222117449 ], [ 138.860709471832337, 35.428495139041814 ], [ 138.860790555728215, 35.428479472007297 ], [ 138.860858444397564, 35.428466888519111 ], [ 138.860909277731594, 35.428445111461272 ], [ 138.860941250591566, 35.428417221676845 ], [ 138.860974972271748, 35.428367694203907 ], [ 138.861208222515359, 35.428203306282342 ], [ 138.861424721608955, 35.428086806441954 ], [ 138.861605556361781, 35.428015222271434 ], [ 138.861818639018423, 35.427985249456242 ], [ 138.862216611359401, 35.427945443894849 ], [ 138.86249772151703, 35.427933778622233 ], [ 138.862739306570205, 35.427948499507238 ], [ 138.863141333187855, 35.42796891681305 ], [ 138.863447028004998, 35.427966443908616 ], [ 138.863667749348423, 35.427954972071021 ], [ 138.863867639070548, 35.427928111036458 ], [ 138.864003416736722, 35.427906083173909 ], [ 138.86418508251478, 35.427867888769974 ], [ 138.864304750144953, 35.427832611209837 ], [ 138.864385027900539, 35.427796082629783 ], [ 138.864415999797529, 35.427747610939555 ], [ 138.864453333392248, 35.427658832378874 ], [ 138.864531943858481, 35.42762099991468 ], [ 138.864745028479717, 35.427554499420523 ], [ 138.865020527743724, 35.427495917747272 ], [ 138.865424056297002, 35.427440943757134 ], [ 138.865914749506288, 35.427411249980963 ], [ 138.866493971457857, 35.427370527705811 ], [ 138.866666666551254, 35.427366221974609 ], [ 138.866667332877597, 35.427366221974609 ], [ 138.867481972025047, 35.427346055473507 ], [ 138.868114750244303, 35.427331972263239 ], [ 138.868322277998374, 35.427327361361272 ], [ 138.868542111015813, 35.427305193829035 ], [ 138.868701166883397, 35.427265750507743 ], [ 138.868961861259749, 35.427201806119108 ], [ 138.869217722068697, 35.42716072220459 ], [ 138.869529388283269, 35.427120805808535 ], [ 138.870113361289128, 35.427041082949998 ], [ 138.870713721994264, 35.426958639385958 ], [ 138.87099422214402, 35.426921499863646 ], [ 138.871778333066317, 35.426814306229744 ], [ 138.871952166644576, 35.426780194085516 ], [ 138.872107917402445, 35.426740749562761 ], [ 138.872289861171197, 35.42668777780522 ], [ 138.872591555738154, 35.426619693787181 ], [ 138.873154083513072, 35.42651852817697 ], [ 138.873647777974156, 35.426443111049643 ], [ 138.874147999814085, 35.426356917129148 ], [ 138.874251305939652, 35.426336444255817 ], [ 138.874361139116644, 35.426305194589332 ], [ 138.874436193986867, 35.426276777664455 ], [ 138.874999999405759, 35.426028582822454 ], [ 138.875419722145324, 35.425844306537712 ], [ 138.875718083115856, 35.425716082853548 ], [ 138.87585266728837, 35.425657389444545 ], [ 138.875912360962076, 35.425627583331888 ], [ 138.875960443858048, 35.42559972148139 ], [ 138.875983082582621, 35.425580667531975 ], [ 138.87600066704988, 35.425569249760059 ], [ 138.876036749522711, 35.425550916986829 ], [ 138.876114056150328, 35.425522193389362 ], [ 138.876155582525911, 35.425507556005812 ], [ 138.87621369404286, 35.425483055839564 ], [ 138.876288749567948, 35.425447556009374 ], [ 138.876387389116957, 35.425396111307116 ], [ 138.876482943918717, 35.425338721782254 ], [ 138.876510777696893, 35.425322250070103 ], [ 138.87653255592727, 35.425313250536199 ], [ 138.876594943720534, 35.425292694762156 ], [ 138.876720917057384, 35.425251083106467 ], [ 138.877034611392588, 35.425144361345865 ], [ 138.877271332754475, 35.425056333096769 ], [ 138.877412750128371, 35.425000000255707 ], [ 138.877414555921916, 35.424999278178426 ], [ 138.877487749989797, 35.424968833489942 ], [ 138.877536722521512, 35.424947499770738 ], [ 138.877551888895312, 35.424940943705508 ], [ 138.877559416909719, 35.424935666594131 ], [ 138.877567721268008, 35.424927193900309 ], [ 138.877581889298284, 35.424910249714131 ], [ 138.877588832844623, 35.424905193971703 ], [ 138.877601667239873, 35.42489966755744 ], [ 138.8776381671899, 35.424890417218826 ], [ 138.877671639038624, 35.424885749547883 ], [ 138.877690611167338, 35.424884083123274 ], [ 138.877698971844126, 35.424882472566544 ], [ 138.877718167282211, 35.424872805621781 ], [ 138.877816361522207, 35.424819000051208 ], [ 138.877848916885682, 35.42480000016748 ], [ 138.87786494375365, 35.424795832604133 ], [ 138.877924638737113, 35.424785388915673 ], [ 138.878122221693047, 35.42475149964222 ], [ 138.878201443804329, 35.424732333356317 ], [ 138.87826158344194, 35.424712028386985 ], [ 138.878395416810349, 35.424671333144687 ], [ 138.878597917156583, 35.424613999788058 ], [ 138.879013055832758, 35.424440639065075 ], [ 138.879278389281296, 35.424314944453585 ], [ 138.879454693997189, 35.424223889126765 ], [ 138.879767082529185, 35.424097638539799 ], [ 138.879849832732134, 35.424058582989623 ], [ 138.879934528215102, 35.424017917183086 ], [ 138.880183666495043, 35.423876527603142 ], [ 138.880551028097756, 35.423688693495855 ], [ 138.880953777687694, 35.423464361145363 ], [ 138.881144999600792, 35.423345139097655 ], [ 138.881382471766784, 35.423175249992482 ], [ 138.881395972488406, 35.423162583002842 ], [ 138.881415361112005, 35.423140083567361 ], [ 138.881426500058666, 35.423128222456818 ], [ 138.881439083312728, 35.423116971988165 ], [ 138.88145311087419, 35.423108056256083 ], [ 138.881472917629878, 35.423101778028411 ], [ 138.88150463836638, 35.423094306450885 ], [ 138.881518332600962, 35.423089222474154 ], [ 138.881540639308383, 35.423077639201168 ], [ 138.881577333426236, 35.423054193916535 ], [ 138.881632028506232, 35.423017694171513 ], [ 138.881680166410973, 35.422973611113214 ], [ 138.881711833448435, 35.42294058358673 ], [ 138.881779778108864, 35.422898388922718 ], [ 138.881865833094082, 35.422842333318492 ], [ 138.881928639019407, 35.422811332954886 ], [ 138.881977166569527, 35.422775582920721 ], [ 138.882043721931296, 35.42271266638086 ], [ 138.882142666975398, 35.422637972532264 ], [ 138.882289778083475, 35.422500056071954 ], [ 138.882362194170327, 35.42244369349477 ], [ 138.882417777576336, 35.422387722593449 ], [ 138.882451639070439, 35.422341222198227 ], [ 138.882468750396839, 35.422312611237615 ], [ 138.882493667073504, 35.422283610703687 ], [ 138.882529222706466, 35.422247193559016 ], [ 138.882571694053979, 35.422203528007962 ], [ 138.882615888354422, 35.422154250438645 ], [ 138.882675694337706, 35.42207902764742 ], [ 138.882743388839231, 35.421993193564106 ], [ 138.882769917141616, 35.421938000307577 ], [ 138.882790750072644, 35.421883500593658 ], [ 138.882803861148858, 35.421848249765993 ], [ 138.882821388970171, 35.421822221643374 ], [ 138.882856527125938, 35.421795527912074 ], [ 138.882941666935665, 35.421746777483193 ], [ 138.883001416927868, 35.421701528107889 ], [ 138.88305338874676, 35.421648249677766 ], [ 138.883124332694393, 35.4215868061275 ], [ 138.883157389030515, 35.421563610746489 ], [ 138.883175000674697, 35.421557194050585 ], [ 138.883195389278995, 35.421555277722355 ], [ 138.883223694233408, 35.421555139254124 ], [ 138.883245028137082, 35.421552528482195 ], [ 138.883261305818792, 35.421545778080855 ], [ 138.883275639202793, 35.421538417037624 ], [ 138.883286443840234, 35.421526000251966 ], [ 138.883303805980404, 35.421503694251506 ], [ 138.883324333088922, 35.421481277716744 ], [ 138.883333333569993, 35.4214753331945 ], [ 138.883333999896337, 35.421474888954776 ], [ 138.883373832460478, 35.421448610928536 ], [ 138.883450777601979, 35.421414611120788 ], [ 138.883581111037955, 35.421361083387772 ], [ 138.88370311031926, 35.42131880642377 ], [ 138.883809860713598, 35.421285944097995 ], [ 138.883840361434352, 35.421278999660913 ], [ 138.883887666676713, 35.421271972323119 ], [ 138.883936556367843, 35.421275556277408 ], [ 138.883961611548699, 35.421279193997023 ], [ 138.883982222152667, 35.421278806225907 ], [ 138.884013305376925, 35.42127541660772 ], [ 138.884052416933343, 35.421263721899344 ], [ 138.884102832790177, 35.421247999898043 ], [ 138.884126249495807, 35.421243639200057 ], [ 138.884161778279235, 35.421239889143962 ], [ 138.884637471778177, 35.421173943423824 ], [ 138.884901166424044, 35.421146027808007 ], [ 138.885019305923947, 35.421143499636429 ], [ 138.885341611422263, 35.42113252790643 ], [ 138.885991193508232, 35.421119860916789 ], [ 138.886490443854171, 35.421144999658871 ], [ 138.886824639103253, 35.421160083084338 ], [ 138.887069860955876, 35.421172528104293 ], [ 138.887365416807029, 35.421177028171613 ], [ 138.887580166753025, 35.421178666662279 ], [ 138.887671388632555, 35.421177583245992 ], [ 138.887741194095298, 35.421179861213588 ], [ 138.887839221999286, 35.421184916956015 ], [ 138.888124528212103, 35.421200471654053 ], [ 138.888324582633089, 35.42120819433665 ], [ 138.888633777382609, 35.421218361088648 ], [ 138.889085167159664, 35.421253194409068 ], [ 138.889438805713695, 35.421293000270829 ], [ 138.889856222341933, 35.421351193572228 ], [ 138.890083583701198, 35.4213838615619 ], [ 138.890217749741652, 35.42140163926075 ], [ 138.890331999663744, 35.421411611075911 ], [ 138.890378917225291, 35.421418832449454 ], [ 138.890446333081258, 35.421435332395909 ], [ 138.890589028753965, 35.421481139248513 ], [ 138.890868278109281, 35.421548638756406 ], [ 138.890979889248001, 35.421587388835455 ], [ 138.891200582759637, 35.421636027828939 ], [ 138.891523306390042, 35.421718332924748 ], [ 138.89166666740681, 35.421751722090598 ], [ 138.891667389396787, 35.421751889393867 ], [ 138.892424222194904, 35.421928138425976 ], [ 138.892578361327026, 35.421975305931696 ], [ 138.892714444160845, 35.422019917031527 ], [ 138.892886749608863, 35.42208413925772 ], [ 138.89318227861051, 35.422196499769072 ], [ 138.893586249525896, 35.422331749589574 ], [ 138.893913722573416, 35.422467943757404 ], [ 138.894260305926423, 35.42264841712182 ], [ 138.894736556061616, 35.422866888451516 ], [ 138.894807833008713, 35.42291263883552 ], [ 138.894867832832375, 35.422970693668695 ], [ 138.894897972066985, 35.422998139213398 ], [ 138.894923250229795, 35.423013889148635 ], [ 138.894973805573102, 35.423038055609453 ], [ 138.895031610285287, 35.423074693822706 ], [ 138.895149056281866, 35.423155389262874 ], [ 138.895420943958783, 35.423323193835465 ], [ 138.895722222030798, 35.423495193604971 ], [ 138.895992471887354, 35.42361761123513 ], [ 138.896449833061837, 35.423836139033426 ], [ 138.89648186060316, 35.423857777623027 ], [ 138.896526028054097, 35.423881972318149 ], [ 138.89657127832632, 35.423898944137903 ], [ 138.896627500554303, 35.423912277637307 ], [ 138.896753249926888, 35.423956027891272 ], [ 138.897030305807846, 35.424085833297134 ], [ 138.897222417356687, 35.424190667264178 ], [ 138.897339527734346, 35.424262389001832 ], [ 138.897498638610699, 35.424373638763683 ], [ 138.897583832446855, 35.424451778098337 ], [ 138.897693416447254, 35.424569500423971 ], [ 138.897739999699638, 35.424634249790607 ], [ 138.897755556046235, 35.424662139575041 ], [ 138.897765639348563, 35.424698167146403 ], [ 138.897766833497087, 35.424718889322619 ], [ 138.8977613889395, 35.424732443890612 ], [ 138.897751555796049, 35.424743278053477 ], [ 138.897732860675717, 35.424754167183124 ], [ 138.89770977795186, 35.424760555945092 ], [ 138.89767675010242, 35.424763360752763 ], [ 138.89761727810091, 35.424759944402098 ], [ 138.897449638902032, 35.424708221561922 ], [ 138.897353694127446, 35.424683305990982 ], [ 138.897293028304858, 35.424662777850507 ], [ 138.897233388985029, 35.424628721574159 ], [ 138.897198082528632, 35.424613499680461 ], [ 138.897144083571419, 35.424606471441564 ], [ 138.897098943971599, 35.424608416604826 ], [ 138.897061527536295, 35.424613943920185 ], [ 138.897028527846118, 35.424623082823409 ], [ 138.89701094436117, 35.424630333031978 ], [ 138.896971417292121, 35.424655721978041 ], [ 138.896948389249587, 35.424672916968937 ], [ 138.896929777952153, 35.424695499905866 ], [ 138.896913388615729, 35.424720805951203 ], [ 138.896902500482838, 35.424746083161516 ], [ 138.896894916477351, 35.424774055546301 ], [ 138.896893972160285, 35.424805610984286 ], [ 138.896927721999702, 35.424950610650271 ], [ 138.896939638927421, 35.425000000255707 ], [ 138.896986167171008, 35.425192888903965 ], [ 138.897036639018893, 35.425376611315784 ], [ 138.897074806258274, 35.425525221668543 ], [ 138.897116193802191, 35.425657610813495 ], [ 138.897166639455406, 35.425835000331226 ], [ 138.897207805981992, 35.42592230650304 ], [ 138.897232306163772, 35.425979917096491 ], [ 138.897275805651191, 35.426088833022874 ], [ 138.897296193928071, 35.426204166546256 ], [ 138.897297417218141, 35.426229388789785 ], [ 138.897294167117167, 35.426241111432098 ], [ 138.89728430581448, 35.42624927745333 ], [ 138.897254639065835, 35.426265583063682 ], [ 138.897246944387973, 35.426269221684386 ], [ 138.897241444166724, 35.426266528312098 ], [ 138.897240277850017, 35.426257527877105 ], [ 138.897240250018228, 35.426249416822657 ], [ 138.897250110993468, 35.426237667147497 ], [ 138.897257777839542, 35.426230416938928 ], [ 138.897258861315663, 35.426225000157856 ], [ 138.897254361075113, 35.426209693861615 ], [ 138.897245443434628, 35.426188110839526 ], [ 138.897235361114582, 35.426152971747619 ], [ 138.897198722005498, 35.426090888720424 ], [ 138.897193138943692, 35.426075582424183 ], [ 138.897195306223381, 35.42606747227083 ], [ 138.897206306010958, 35.426066527923503 ], [ 138.897215167005527, 35.426074611044015 ], [ 138.897220694076282, 35.426080917205624 ], [ 138.897228416585961, 35.426080889271688 ], [ 138.897232778322291, 35.426073666696688 ], [ 138.897227222437436, 35.426061971988311 ], [ 138.897220527740274, 35.426048472387095 ], [ 138.897224860662476, 35.426032222344261 ], [ 138.897202499928596, 35.42596469400133 ], [ 138.897182555651, 35.42593952762568 ], [ 138.897172610852863, 35.425933250299103 ], [ 138.897159444113043, 35.425939583193191 ], [ 138.897138583350198, 35.425955000324088 ], [ 138.897133083128949, 35.425956806118023 ], [ 138.897108750265517, 35.425936166842526 ], [ 138.897035861037836, 35.425892222252457 ], [ 138.896998221620606, 35.425849972020941 ], [ 138.896964832612468, 35.425782499545889 ], [ 138.896917971696837, 35.425656443295026 ], [ 138.896884471688878, 35.425565528238629 ], [ 138.896854360613503, 35.425489000361807 ], [ 138.896844110975167, 35.425417805464228 ], [ 138.896794889594304, 35.42526294421701 ], [ 138.896745888903354, 35.425147722129012 ], [ 138.896697000194507, 35.425060443891141 ], [ 138.896658016336971, 35.425000000255707 ], [ 138.89665536674832, 35.42499589306572 ], [ 138.896634860595526, 35.424964193752935 ], [ 138.896552833364893, 35.424859000249072 ], [ 138.896501944367259, 35.424809583310427 ], [ 138.896454388965992, 35.424770971699608 ], [ 138.896374639032558, 35.424693361307597 ], [ 138.896276471642096, 35.424577166938334 ], [ 138.896227722092334, 35.424525417365679 ], [ 138.896133193465886, 35.424438861205083 ], [ 138.896082416777801, 35.42439994382277 ], [ 138.896039305953479, 35.424369222197818 ], [ 138.895993305859463, 35.424336943781462 ], [ 138.895934889502257, 35.424300805375445 ], [ 138.895889416902975, 35.424276721514985 ], [ 138.895816972002024, 35.42423972166236 ], [ 138.895746666548945, 35.424209027670983 ], [ 138.895665972298445, 35.424179388861589 ], [ 138.895613166834863, 35.424165277417018 ], [ 138.895583222095496, 35.424157888740218 ], [ 138.895555361140396, 35.424154250119507 ], [ 138.895513000137868, 35.424150639132371 ], [ 138.895449805876865, 35.424143749662079 ], [ 138.895401193849011, 35.424128611269829 ], [ 138.895278417568989, 35.424067888895749 ], [ 138.895168166914772, 35.423974722003507 ], [ 138.895102193729059, 35.423928471511907 ], [ 138.895020582665865, 35.423885943743194 ], [ 138.894947971428905, 35.423848888923786 ], [ 138.894885082990413, 35.423823417377371 ], [ 138.89483197170432, 35.423808306017968 ], [ 138.894794610932678, 35.423801111376903 ], [ 138.894761721914875, 35.423798777841796 ], [ 138.894707193498306, 35.42379966722234 ], [ 138.894646944170631, 35.423806528157968 ], [ 138.894548749930635, 35.423829971640409 ], [ 138.894382806180346, 35.423886083112521 ], [ 138.894181972141155, 35.423962528088623 ], [ 138.894164028152346, 35.423966916720552 ], [ 138.894147888647382, 35.423967528263539 ], [ 138.894126556053465, 35.423966193742174 ], [ 138.894112443686822, 35.423960610859304 ], [ 138.89410277786169, 35.42395080544631 ], [ 138.894099277601839, 35.423939278041196 ], [ 138.894096749818289, 35.423913416921472 ], [ 138.89409316671788, 35.423795556427969 ], [ 138.894094750511783, 35.42378380585172 ], [ 138.894098749779687, 35.423772750319905 ], [ 138.894104055833083, 35.423758027632715 ], [ 138.894104000169449, 35.423745138673389 ], [ 138.894100750068475, 35.423724194227134 ], [ 138.894092971567744, 35.423695889038008 ], [ 138.89408752799244, 35.423685222178406 ], [ 138.894073527280483, 35.423674250448407 ], [ 138.894058639224852, 35.4236614170566 ], [ 138.894038611124387, 35.423631917616532 ], [ 138.894019889154549, 35.423582971950452 ], [ 138.893987000136747, 35.423512889604567 ], [ 138.893972889734698, 35.423497194636106 ], [ 138.893932861038138, 35.4234719174258 ], [ 138.893894306117971, 35.423453305913917 ], [ 138.89386399989246, 35.423450360535455 ], [ 138.893824833327272, 35.423450499904781 ], [ 138.893763471709349, 35.423450694240891 ], [ 138.893681444478688, 35.423457611044398 ], [ 138.89365636081115, 35.423465583330248 ], [ 138.89363208262904, 35.423488639341933 ], [ 138.893615167435058, 35.42350805553145 ], [ 138.893422028073701, 35.423616999692136 ], [ 138.893418082504837, 35.423624860542603 ], [ 138.893416639179748, 35.423642499773223 ], [ 138.893412721770119, 35.423682861310091 ], [ 138.893402139459738, 35.423729583074262 ], [ 138.89338080588351, 35.423772527449131 ], [ 138.893370083104315, 35.423788110982194 ], [ 138.893346027904158, 35.423805417408474 ], [ 138.893310166776104, 35.423821944387775 ], [ 138.893279917196509, 35.423835056217868 ], [ 138.893259971936629, 35.423849416664957 ], [ 138.89324105547152, 35.423871333092116 ], [ 138.893224305631264, 35.423907138693799 ], [ 138.893173389784124, 35.42399977784487 ], [ 138.893170860690844, 35.424009028483844 ], [ 138.893168889543574, 35.424026278441517 ], [ 138.893165444292492, 35.424053610448283 ], [ 138.893153278188208, 35.424088528471607 ], [ 138.89311058287646, 35.424178222244215 ], [ 138.893053582994867, 35.424287277840293 ], [ 138.893023582591894, 35.424355056086839 ], [ 138.893007749891751, 35.424384278590445 ], [ 138.892994360824815, 35.424406944127725 ], [ 138.892987111455966, 35.424429582932532 ], [ 138.892978167620839, 35.424480667196875 ], [ 138.892982943887461, 35.42456022185106 ], [ 138.893005749930353, 35.424703027951992 ], [ 138.893047082465529, 35.424798750048659 ], [ 138.893129499996434, 35.424934138637752 ], [ 138.89314783264831, 35.424981777416043 ], [ 138.893157608490952, 35.424999947391484 ], [ 138.893163694162581, 35.425011277757207 ], [ 138.893176971574803, 35.425029694332252 ], [ 138.893201278571041, 35.425049417194359 ], [ 138.893211972536108, 35.425060528293685 ], [ 138.893220999866685, 35.425082417087268 ], [ 138.893227472236788, 35.425105361363201 ], [ 138.893234778251554, 35.425118888898353 ], [ 138.893265999980002, 35.425161582468505 ], [ 138.893285667249188, 35.425186194070136 ], [ 138.893295138906495, 35.425208805842097 ], [ 138.893323500179378, 35.425273056002226 ], [ 138.893335499620235, 35.425293528274828 ], [ 138.89334958317275, 35.425308110691596 ], [ 138.893383750161945, 35.425341027683785 ], [ 138.893438472091475, 35.425412028245255 ], [ 138.893499500055071, 35.425496167068928 ], [ 138.893576777868589, 35.425605693637209 ], [ 138.893644222538654, 35.425717056035907 ], [ 138.893676860742715, 35.425792778033639 ], [ 138.893693222247322, 35.425834638691853 ], [ 138.893724388967001, 35.42589658295045 ], [ 138.893769667071041, 35.42597111069724 ], [ 138.893804971890262, 35.426016388907577 ], [ 138.893838138898758, 35.42605188873776 ], [ 138.893883944170057, 35.426088528152476 ], [ 138.89392758379887, 35.426116527570102 ], [ 138.893961333310841, 35.426129056091511 ], [ 138.894018999846253, 35.426148388779581 ], [ 138.894213889010075, 35.426236027755735 ], [ 138.894247556008906, 35.42625230633324 ], [ 138.894374667175754, 35.426297750044654 ], [ 138.894470667286555, 35.426330778472227 ], [ 138.89456099953037, 35.42635008322636 ], [ 138.894718471604051, 35.426382917618199 ], [ 138.894740193843376, 35.426390943969736 ], [ 138.894755861189793, 35.426400582980563 ], [ 138.894769888751284, 35.426416082711818 ], [ 138.894794583100861, 35.426458888618448 ], [ 138.894819693945351, 35.426494417283671 ], [ 138.894851556132949, 35.426534417481534 ], [ 138.894868999476529, 35.426562361031287 ], [ 138.894882667188995, 35.426591361565215 ], [ 138.89490236065285, 35.426642806267473 ], [ 138.894916028365344, 35.426676972477388 ], [ 138.894923805883764, 35.426712917448398 ], [ 138.894928610964513, 35.426745056495427 ], [ 138.894935194007019, 35.426791360752354 ], [ 138.894940833714742, 35.426823139361474 ], [ 138.894949416718617, 35.42685527840851 ], [ 138.894960944328346, 35.426880139313035 ], [ 138.894979721961818, 35.426917056264941 ], [ 138.895007888739428, 35.426976777823086 ], [ 138.895032221930308, 35.427028222525344 ], [ 138.895061722342945, 35.427101750056927 ], [ 138.895066888909838, 35.427122471332048 ], [ 138.895072527635278, 35.427150471951137 ], [ 138.895076860557481, 35.427176722043441 ], [ 138.895081194462023, 35.42719813956446 ], [ 138.89508863898098, 35.427214972014887 ], [ 138.895107028278801, 35.427246111147085 ], [ 138.895155499837841, 35.42732872201438 ], [ 138.895200139774772, 35.427421278264731 ], [ 138.89529991682636, 35.427600943947866 ], [ 138.895316333012289, 35.427625805753486 ], [ 138.895341111184763, 35.427662417234259 ], [ 138.895367249841769, 35.427706944532282 ], [ 138.895393000163097, 35.427758306634189 ], [ 138.895412971290199, 35.427800305760634 ], [ 138.895444916973247, 35.427858472029193 ], [ 138.895484417192762, 35.427930639208036 ], [ 138.895501277705421, 35.427964416745738 ], [ 138.895530582967922, 35.428027611123156 ], [ 138.895556361121095, 35.4280865277033 ], [ 138.895572806121123, 35.428126389132572 ], [ 138.895599056432815, 35.428193194497119 ], [ 138.895623472136833, 35.428244194058557 ], [ 138.895642527760998, 35.428272556016658 ], [ 138.89566861075437, 35.428307722141412 ], [ 138.89570333274267, 35.428368944322727 ], [ 138.895744000261203, 35.428438582428889 ], [ 138.895758611308452, 35.428458528462137 ], [ 138.895790471858874, 35.428486555813706 ], [ 138.895838249914618, 35.428522639553307 ], [ 138.895873389052696, 35.428546860980902 ], [ 138.895935667155868, 35.42857805568061 ], [ 138.896050221918188, 35.42862525021917 ], [ 138.896215055997686, 35.428684778342308 ], [ 138.896390028060864, 35.42873563853442 ], [ 138.896473943925628, 35.428754305613815 ], [ 138.896529028323613, 35.428757639364122 ], [ 138.896588056325839, 35.428756139341687 ], [ 138.896613889160307, 35.428756111407743 ], [ 138.896637139202483, 35.42875599997236 ], [ 138.89665788863806, 35.428760832844013 ], [ 138.896693194112146, 35.428768833364167 ], [ 138.896726249465956, 35.428774139310576 ], [ 138.89677141722504, 35.428776694214633 ], [ 138.896858416527323, 35.42877730575762 ], [ 138.896921166789042, 35.428774389214198 ], [ 138.896979499650797, 35.428766971702359 ], [ 138.897026861539075, 35.428764138960744 ], [ 138.897116056280282, 35.428762028296411 ], [ 138.897225055812612, 35.42875986086311 ], [ 138.897348388728915, 35.428752249916265 ], [ 138.897526721892859, 35.428736332677765 ], [ 138.897677471437561, 35.428714221914497 ], [ 138.897788610745181, 35.428694027779827 ], [ 138.897894221672345, 35.428669333277469 ], [ 138.897976667035067, 35.428641110688702 ], [ 138.898039306624383, 35.428612971901742 ], [ 138.898155777852622, 35.428558499821399 ], [ 138.898240472353308, 35.428535666980856 ], [ 138.898281110730323, 35.428514806336409 ], [ 138.898332722045382, 35.428481306636264 ], [ 138.898378805962267, 35.42844958299392 ], [ 138.898426083372811, 35.428430499308377 ], [ 138.898498582955085, 35.428395999693393 ], [ 138.898574332965751, 35.428345277969512 ], [ 138.898658806449106, 35.428280111095631 ], [ 138.898696721892435, 35.428232750154898 ], [ 138.898764082739632, 35.428187805649991 ], [ 138.898818944155664, 35.428145278482006 ], [ 138.898888971618049, 35.428056694257435 ], [ 138.899020443538916, 35.427917444176856 ], [ 138.899064416822029, 35.427899277805793 ], [ 138.899108332476942, 35.427872083366161 ], [ 138.899158833138927, 35.42783855573208 ], [ 138.899224582360404, 35.427775249618911 ], [ 138.899281556374802, 35.427711971740045 ], [ 138.899319861136064, 35.427663167245477 ], [ 138.899370139470989, 35.427588194357874 ], [ 138.899421471813042, 35.427503277589039 ], [ 138.899473943622297, 35.427420166914509 ], [ 138.899495861011758, 35.427401166730412 ], [ 138.899517778401218, 35.427377666779364 ], [ 138.899534138923514, 35.427348778581923 ], [ 138.899556000649341, 35.427313528054626 ], [ 138.899563610522051, 35.427295500151793 ], [ 138.899566722446224, 35.427255805725423 ], [ 138.899565444474831, 35.427219750220125 ], [ 138.89956644445553, 35.427199028043908 ], [ 138.899575221627231, 35.427189083261588 ], [ 138.899590610982955, 35.427185416706941 ], [ 138.89960361073193, 35.427184472359613 ], [ 138.899620249899812, 35.427165499508732 ], [ 138.899624610653831, 35.427159167515732 ], [ 138.899635583264484, 35.427146527558939 ], [ 138.899691444006322, 35.42708955614205 ], [ 138.899701332813379, 35.427073667137847 ], [ 138.899731889197767, 35.427024500102824 ], [ 138.899768806297573, 35.426919833439037 ], [ 138.899818805986911, 35.426783555769759 ], [ 138.899847861090535, 35.426694833076958 ], [ 138.899909611371555, 35.426661556247588 ], [ 138.899945693844387, 35.426613666364219 ], [ 138.899970805671188, 35.42656491683644 ], [ 138.899992722078338, 35.426543193844296 ], [ 138.89999999960645, 35.426536833016264 ], [ 138.900011361535036, 35.426526917068976 ], [ 138.900011563888683, 35.426526517583625 ], [ 138.900020083043103, 35.426509749711656 ], [ 138.900022083331919, 35.426470999932981 ], [ 138.900026389077198, 35.426449332508348 ], [ 138.900035110912683, 35.426432193986059 ], [ 138.900050444277355, 35.426416805690188 ], [ 138.900075693626064, 35.426397805806459 ], [ 138.90010208342423, 35.426387806357724 ], [ 138.900127389418856, 35.426385000348589 ], [ 138.900147167360444, 35.426377722206077 ], [ 138.900165833666648, 35.426363250323604 ], [ 138.900197556367743, 35.426321666601851 ], [ 138.900280229951335, 35.426178283199526 ], [ 138.900294778458857, 35.426163610673278 ], [ 138.900321055620054, 35.42613286111439 ], [ 138.900362638641525, 35.426075055283739 ], [ 138.900461193385382, 35.425962944075273 ], [ 138.900484166419147, 35.425934028244257 ], [ 138.900490722612119, 35.425921389188559 ], [ 138.900486250203414, 35.425911472340175 ], [ 138.900471916819413, 35.425904305633054 ], [ 138.900443193405522, 35.425885471851124 ], [ 138.900421027821778, 35.425861221888859 ], [ 138.900417471898322, 35.425809860688048 ], [ 138.900407306082826, 35.425755805814589 ], [ 138.900404832980627, 35.425703528200394 ], [ 138.900411361014363, 35.425684583283441 ], [ 138.90042886100386, 35.425661972412577 ], [ 138.900440888603924, 35.425642110781872 ], [ 138.90045283336346, 35.425610527710319 ], [ 138.900464888795341, 35.425597861621775 ], [ 138.900486833034336, 35.425581556011423 ], [ 138.900504417501566, 35.425574305502487 ], [ 138.900515389129907, 35.425565250401078 ], [ 138.90051972205211, 35.425552611345374 ], [ 138.900522944321267, 35.425534582541445 ], [ 138.900517389418724, 35.425525583007548 ], [ 138.900504082864927, 35.425509388832587 ], [ 138.900500778082659, 35.425507610972595 ], [ 138.900491971769412, 35.425509443799371 ], [ 138.900479889487997, 35.425512193940627 ], [ 138.900469971539366, 35.425512221874563 ], [ 138.900458944247418, 35.42551044401457 ], [ 138.900449000431564, 35.425504166687993 ], [ 138.900437943998071, 35.425494306308217 ], [ 138.900416889067401, 35.425467332937167 ], [ 138.900403527832282, 35.425436721846509 ], [ 138.900392333222015, 35.425401610688539 ], [ 138.900401889357056, 35.425330360824184 ], [ 138.900424722249454, 35.425271693546925 ], [ 138.900448722440871, 35.425226527973436 ], [ 138.900478222198643, 35.425175056238338 ], [ 138.900497860653729, 35.425142556453025 ], [ 138.900504388687438, 35.42512358240068 ], [ 138.900507583124778, 35.425104667219856 ], [ 138.900507471470092, 35.425080306122567 ], [ 138.900505194500312, 35.425064999826326 ], [ 138.900499667429585, 35.425061416773133 ], [ 138.900485360895118, 35.425061472641005 ], [ 138.900467722401402, 35.425060611194404 ], [ 138.90045672195896, 35.425060666761915 ], [ 138.900449000431564, 35.425057972488531 ], [ 138.900433499748601, 35.425039999552482 ], [ 138.900397927089102, 35.425000000255707 ], [ 138.900384750198839, 35.42498516703423 ], [ 138.900384694207759, 35.424970749818165 ], [ 138.90039338886632, 35.424948193914084 ], [ 138.900411972659384, 35.42492200029038 ], [ 138.900422805783506, 35.424882278230442 ], [ 138.900426972369729, 35.424835417096944 ], [ 138.900424388595127, 35.424815694234837 ], [ 138.900452111046036, 35.424797472296262 ], [ 138.900474027780632, 35.424773055631462 ], [ 138.90048494374534, 35.424756777955054 ], [ 138.900486000371956, 35.424746861106676 ], [ 138.900485944380904, 35.424735139365453 ], [ 138.900481472299589, 35.424719832768851 ], [ 138.900474806416526, 35.42470905627605 ], [ 138.900464860963524, 35.424702778048378 ], [ 138.900447221487525, 35.424701916601769 ], [ 138.900411972659384, 35.424701139557705 ], [ 138.900372306103833, 35.424699472232007 ], [ 138.900362388482648, 35.424696805592198 ], [ 138.900356861411922, 35.424692306425975 ], [ 138.900342472036868, 35.424677944176693 ], [ 138.900328082989262, 35.424662666415124 ], [ 138.900319194162876, 35.424648278334459 ], [ 138.900314693922326, 35.42463024953053 ], [ 138.900305694423565, 35.42458883311204 ], [ 138.900297860259201, 35.424567221555286 ], [ 138.900276806310814, 35.424541139366973 ], [ 138.900249110709439, 35.424506082875418 ], [ 138.90022688847975, 35.424468305978735 ], [ 138.900204638418273, 35.424422389192564 ], [ 138.900197861207943, 35.424387277734226 ], [ 138.900199916832946, 35.424355693761576 ], [ 138.900204110596121, 35.424314222376303 ], [ 138.900200749822773, 35.424299806361702 ], [ 138.900192860977057, 35.424265582481716 ], [ 138.900191667483426, 35.424243971826058 ], [ 138.900187332596602, 35.42422911037027 ], [ 138.900208888499918, 35.424128833539875 ], [ 138.900184333636844, 35.424067499622808 ], [ 138.900177556099067, 35.424038639359303 ], [ 138.900172360718074, 35.423960610859304 ], [ 138.900196056069262, 35.423916111495217 ], [ 138.900193694621748, 35.423909916768999 ], [ 138.900184944299554, 35.423909471628178 ], [ 138.900158889137998, 35.423946806087329 ], [ 138.900151444291595, 35.423977861417711 ], [ 138.90015155594628, 35.424001278167673 ], [ 138.900135916759098, 35.42402566689853 ], [ 138.900130250201869, 35.42406047138391 ], [ 138.900128333735921, 35.424121860868489 ], [ 138.900125193979932, 35.424154388587738 ], [ 138.900107499822582, 35.424153194336796 ], [ 138.900095388727067, 35.424150528598084 ], [ 138.900084332620992, 35.424144250370411 ], [ 138.900068860424682, 35.424132582694874 ], [ 138.900058916608856, 35.424122722615465 ], [ 138.900056666488581, 35.424114611561016 ], [ 138.900055472340057, 35.424096582757088 ], [ 138.900075888776172, 35.423993749821179 ], [ 138.900085472088165, 35.42392883315128 ], [ 138.900089777833443, 35.423908083041127 ], [ 138.900096306194598, 35.423890027504719 ], [ 138.900101749769902, 35.423876499969566 ], [ 138.90011377802486, 35.423863832979926 ], [ 138.900145611398329, 35.423839389282286 ], [ 138.900199389010794, 35.423805860747109 ], [ 138.900257583368358, 35.423771416699637 ], [ 138.900292721524124, 35.423746943566229 ], [ 138.900348638911879, 35.423701694190925 ], [ 138.900385943365052, 35.423669110904164 ], [ 138.90044191641644, 35.423632889597428 ], [ 138.900538555676633, 35.423577583103324 ], [ 138.900562693717404, 35.423563082385812 ], [ 138.900588999692701, 35.423536833194603 ], [ 138.900621805869918, 35.423486249938954 ], [ 138.900657889652479, 35.423434750269912 ], [ 138.900711417106038, 35.423349860533925 ], [ 138.900750861334529, 35.423309167093805 ], [ 138.900760750469033, 35.423304611158621 ], [ 138.900800416697138, 35.423311694063926 ], [ 138.900819110835158, 35.423306222616446 ], [ 138.900826833344837, 35.423308916889823 ], [ 138.900832332911193, 35.423307971941767 ], [ 138.90084908373376, 35.423274582775917 ], [ 138.900838750272555, 35.423268305449334 ], [ 138.90082330623548, 35.423259332948284 ], [ 138.900802333163085, 35.423249500502443 ], [ 138.900781361072973, 35.423240555935323 ], [ 138.900783472689056, 35.423225221705145 ], [ 138.900795528120966, 35.423209861042849 ], [ 138.900818583013006, 35.423194444212321 ], [ 138.900831722248455, 35.423179082648929 ], [ 138.900839278422126, 35.423152916959175 ], [ 138.900863166958857, 35.423080722146764 ], [ 138.90087863882772, 35.423028416598626 ], [ 138.90089619448085, 35.423003639495917 ], [ 138.90090916738032, 35.422998278582725 ], [ 138.900920860343774, 35.422997889309784 ], [ 138.900944277704269, 35.423000999888949 ], [ 138.900966832605974, 35.423005888628481 ], [ 138.900989860648508, 35.423012888933435 ], [ 138.901008082955428, 35.423021722065165 ], [ 138.901034193780617, 35.423036861358504 ], [ 138.901052861069104, 35.423046750272952 ], [ 138.90106847242447, 35.423049528348152 ], [ 138.901075806271081, 35.423043139586184 ], [ 138.901069666572994, 35.423028249295363 ], [ 138.90105747165461, 35.423014806162755 ], [ 138.90102227783521, 35.422998944191399 ], [ 138.901004444191386, 35.422985528091637 ], [ 138.900996138850786, 35.422970666635848 ], [ 138.900993888730511, 35.42295294360342 ], [ 138.900986443229243, 35.422939110296774 ], [ 138.900972110827553, 35.422930306000076 ], [ 138.900951277896525, 35.422927167486968 ], [ 138.900914388628536, 35.422919527705083 ], [ 138.900933722243394, 35.422876778267053 ], [ 138.900973972284731, 35.422778388929856 ], [ 138.900977111058438, 35.422745027697935 ], [ 138.900981332653402, 35.422703555411573 ], [ 138.901005944162421, 35.422562833242495 ], [ 138.901001332594632, 35.422517805836868 ], [ 138.901006667134709, 35.422483528191563 ], [ 138.901022027676305, 35.422473556676763 ], [ 138.901051806079664, 35.422479778135468 ], [ 138.901078249576869, 35.422483278287942 ], [ 138.901110166773236, 35.422481388692198 ], [ 138.90113983253957, 35.422468667036142 ], [ 138.901182639506004, 35.422437861609374 ], [ 138.901214389056605, 35.422399917409429 ], [ 138.901240610554169, 35.422358361621612 ], [ 138.901250361184481, 35.42232586093521 ], [ 138.901258972020145, 35.422289778397065 ], [ 138.901256667218576, 35.422267250126552 ], [ 138.901253306445227, 35.422254639004791 ], [ 138.901245556103731, 35.42224566740483 ], [ 138.901234361166019, 35.422208750152564 ], [ 138.901231833382468, 35.422147444469793 ], [ 138.901212916917387, 35.422106055684878 ], [ 138.901191639004765, 35.422078166801541 ], [ 138.901225832843465, 35.422047417242652 ], [ 138.901254389266484, 35.422029305838372 ], [ 138.901285138836386, 35.422012972294084 ], [ 138.901303806124901, 35.42200388925874 ], [ 138.901321417441665, 35.422002916977476 ], [ 138.90137211030688, 35.42200727797583 ], [ 138.901426056219947, 35.422005277845791 ], [ 138.90147455593825, 35.422014139812553 ], [ 138.901498805961126, 35.422017666697506 ], [ 138.90151091705664, 35.422019416923931 ], [ 138.901519721405293, 35.422019388989987 ], [ 138.901529610539797, 35.422015749468187 ], [ 138.901532888472559, 35.422007638413739 ], [ 138.901529555531027, 35.42199952735929 ], [ 138.901519582901074, 35.421991444238778 ], [ 138.901499694614557, 35.421974388617208 ], [ 138.901487527527962, 35.421968110689903 ], [ 138.901474305779345, 35.421964556471735 ], [ 138.90135647210198, 35.421962249669107 ], [ 138.901311306307491, 35.42196149965789 ], [ 138.901291499551803, 35.421964278634178 ], [ 138.901282722380103, 35.421970610627177 ], [ 138.901248694549992, 35.421994167647554 ], [ 138.90118502813047, 35.422034944589122 ], [ 138.901159722135844, 35.422039528458249 ], [ 138.9011388325589, 35.422044999905737 ], [ 138.901109028288346, 35.422027972218103 ], [ 138.901106666513385, 35.421996443812965 ], [ 138.901112833060949, 35.421907167247234 ], [ 138.901115833330465, 35.421844971883566 ], [ 138.901108944465449, 35.421788193901683 ], [ 138.901088806020027, 35.42172427834808 ], [ 138.901066472135682, 35.421664861059604 ], [ 138.901037639031699, 35.421622582894145 ], [ 138.900972249331744, 35.421538055698619 ], [ 138.900932360776551, 35.421490416920335 ], [ 138.900823916898219, 35.421385305716463 ], [ 138.900754110780611, 35.421296306087193 ], [ 138.900701916634631, 35.421208139369867 ], [ 138.900639778017961, 35.421111888630939 ], [ 138.900604306207867, 35.421067861440513 ], [ 138.900531332502453, 35.421005888947612 ], [ 138.900501472240819, 35.420983471511761 ], [ 138.900483778083498, 35.420965499476807 ], [ 138.900452750522874, 35.420925028306741 ], [ 138.900393917015919, 35.420831471841183 ], [ 138.900306305741168, 35.420706472274134 ], [ 138.90023980637045, 35.420620167218615 ], [ 138.900206611530137, 35.420586917422085 ], [ 138.900184472141035, 35.420568056006587 ], [ 138.900139221868812, 35.420545667405769 ], [ 138.900116055976952, 35.420535833157736 ], [ 138.900092832784281, 35.420525110430262 ], [ 138.900061943727849, 35.420510778217476 ], [ 138.900036472379526, 35.420483833381098 ], [ 138.900028639197444, 35.420458611137569 ], [ 138.900012111684276, 35.420455943596664 ], [ 138.900000721596427, 35.420457777324536 ], [ 138.89999999960645, 35.420457889060287 ], [ 138.899983500579935, 35.420460555399735 ], [ 138.899964806441915, 35.420465139268863 ], [ 138.899940582941127, 35.420465221869215 ], [ 138.899872167104462, 35.420437499388044 ], [ 138.899844528149004, 35.420414138806329 ], [ 138.899847721604033, 35.420394306010657 ], [ 138.8998233887406, 35.420368249954095 ], [ 138.899801305997414, 35.420360193866429 ], [ 138.899793417151727, 35.420320583241875 ], [ 138.899777943318242, 35.420307999753682 ], [ 138.899759193516616, 35.420302666774425 ], [ 138.899723972192845, 35.420308167056945 ], [ 138.899685388785997, 35.420299305991279 ], [ 138.899670027262061, 35.420308361393047 ], [ 138.899664583031893, 35.42032369382104 ], [ 138.899680167210335, 35.420354305812793 ], [ 138.899710056286068, 35.420390250183068 ], [ 138.899732166861043, 35.420404611230886 ], [ 138.899778499954522, 35.420422471830456 ], [ 138.899831443922295, 35.420442139125051 ], [ 138.899850221883185, 35.420453778265916 ], [ 138.899850277546818, 35.42046550000714 ], [ 138.899855860608625, 35.420478111128901 ], [ 138.899869111171341, 35.420485277836022 ], [ 138.899889999766003, 35.420481611281382 ], [ 138.899910917174765, 35.420478832305086 ], [ 138.899941833080703, 35.420493138686489 ], [ 138.899969389195576, 35.420498471665745 ], [ 138.89996833256896, 35.420512000101994 ], [ 138.899951972046665, 35.420542694093371 ], [ 138.899958582920959, 35.420543583473915 ], [ 138.899978360862548, 35.420531778231243 ], [ 138.89999999960645, 35.420516806241167 ], [ 138.900000721596427, 35.420516306133564 ], [ 138.900012389347523, 35.420508250045899 ], [ 138.900025583264323, 35.420504582590155 ], [ 138.900034417409387, 35.420511778132308 ], [ 138.900036666547351, 35.420522582559045 ], [ 138.900022416986246, 35.420532556176404 ], [ 138.900000721596427, 35.420547888604389 ], [ 138.89999999960645, 35.420548417547025 ], [ 138.899976305892409, 35.420565139463157 ], [ 138.899933472076469, 35.420585111628156 ], [ 138.899893860529687, 35.420592471469924 ], [ 138.899850889191868, 35.420586305879098 ], [ 138.899789111079031, 35.420562167051855 ], [ 138.899547388831365, 35.420453000320762 ], [ 138.899484444074403, 35.420413528164431 ], [ 138.899461277527649, 35.420406389391246 ], [ 138.899428222173839, 35.420401999557861 ], [ 138.899402806489149, 35.420385861250779 ], [ 138.899387305806158, 35.420367889215818 ], [ 138.899375083055929, 35.420348082551904 ], [ 138.899369389321748, 35.420308443993406 ], [ 138.899350472201775, 35.420266139095467 ], [ 138.899314528233162, 35.4201274437889 ], [ 138.89925691670652, 35.419831971507627 ], [ 138.899226749640093, 35.419743749823517 ], [ 138.899203361093726, 35.419687944122906 ], [ 138.899176778110018, 35.41965647158564 ], [ 138.899141417627163, 35.41963316657143 ], [ 138.899077389394051, 35.419598221515265 ], [ 138.899047583158904, 35.419588389369792 ], [ 138.899006833127231, 35.419584028371439 ], [ 138.898949499591282, 35.419571582750748 ], [ 138.898902055844729, 35.419548306571571 ], [ 138.898835833482423, 35.419521499602695 ], [ 138.898832583381477, 35.419532305831623 ], [ 138.898837055462764, 35.419547611226768 ], [ 138.898825000030854, 35.419554888768545 ], [ 138.898803027960071, 35.41956486118444 ], [ 138.89878877807152, 35.419577528174081 ], [ 138.89877016742895, 35.419601027524394 ], [ 138.898771333090792, 35.419618139013842 ], [ 138.898768082989818, 35.41962716708241 ], [ 138.898749416683614, 35.419636250418122 ], [ 138.898732943851769, 35.419645305519531 ], [ 138.898708721333264, 35.419647194214186 ], [ 138.898678971744062, 35.419646389236185 ], [ 138.898646999866372, 35.419635693541551 ], [ 138.89861716678169, 35.419614138753765 ], [ 138.898574000293735, 35.419569222182794 ], [ 138.898517471588377, 35.419496388794556 ], [ 138.89844205523201, 35.419388471881909 ], [ 138.898425361055388, 35.419351583464675 ], [ 138.898413000128386, 35.419300222263864 ], [ 138.898402778321866, 35.419238083669164 ], [ 138.898417360882434, 35.419068555902989 ], [ 138.898427833502723, 35.418957666879415 ], [ 138.89842730568057, 35.418850389443698 ], [ 138.898413694286575, 35.418768417152229 ], [ 138.898393528009336, 35.418698166601985 ], [ 138.898383499715749, 35.41867655594632 ], [ 138.898332389373337, 35.418582972447922 ], [ 138.898276889462778, 35.41849391695078 ], [ 138.898184778274924, 35.418349999499625 ], [ 138.898132721978271, 35.418287082959765 ], [ 138.897987638663409, 35.418121693921904 ], [ 138.897906860590041, 35.418040833281026 ], [ 138.897825860517031, 35.417962693946372 ], [ 138.897444833166418, 35.417540360436234 ], [ 138.897207083009704, 35.417248777880744 ], [ 138.896954472301729, 35.416969443906545 ], [ 138.896858860854053, 35.416856361317919 ], [ 138.896701972266158, 35.416666667351009 ], [ 138.896412917599207, 35.416317138694446 ], [ 138.896328667425223, 35.416197027866922 ], [ 138.896090638295533, 35.415930416750243 ], [ 138.895949056222804, 35.415789250041072 ], [ 138.895694943906619, 35.415579999313863 ], [ 138.895578111192236, 35.41548091673441 ], [ 138.895517638882609, 35.415422917468746 ], [ 138.895439639079086, 35.415307056204192 ], [ 138.895267389294702, 35.415095583076898 ], [ 138.895141638612387, 35.414973888725484 ], [ 138.895088860980621, 35.41493702734109 ], [ 138.895062250165097, 35.414923221968387 ], [ 138.894760139103255, 35.414674139247666 ], [ 138.894512139308205, 35.414508666708358 ], [ 138.894253889219954, 35.41438011052022 ], [ 138.893981472083709, 35.414268888692305 ], [ 138.89368347161701, 35.414182555402483 ], [ 138.893190943472632, 35.4140696941828 ], [ 138.89272433296793, 35.413941444667252 ], [ 138.892175444418797, 35.41377141679348 ], [ 138.892110527859671, 35.413755582455707 ], [ 138.892089471946719, 35.413752167006137 ], [ 138.891788028193531, 35.413669972444623 ], [ 138.89166733275087, 35.413642194395941 ], [ 138.89166666740681, 35.413642055627349 ], [ 138.891650028238928, 35.4136382220698 ], [ 138.891625332579594, 35.413636249873704 ], [ 138.891375500141493, 35.413508416363577 ], [ 138.891265693814006, 35.413460221910178 ], [ 138.891239250316801, 35.413451277943793 ], [ 138.891217027759694, 35.413445167319743 ], [ 138.890967943506212, 35.413291944262824 ], [ 138.890739610980347, 35.413170027641371 ], [ 138.890612694308743, 35.413083500315807 ], [ 138.890368249454866, 35.412909861154539 ], [ 138.890223555785383, 35.412831556018446 ], [ 138.890105332790057, 35.412775250510599 ], [ 138.88990563920035, 35.412685222131458 ], [ 138.889768361235724, 35.412634193734988 ], [ 138.889664028279952, 35.412578583271575 ], [ 138.889601721362652, 35.412553360727685 ], [ 138.889559666510081, 35.412548139183819 ], [ 138.889535166983165, 35.412548222084538 ], [ 138.889517332684477, 35.412534667516546 ], [ 138.8894457224105, 35.412474167412505 ], [ 138.889269638711937, 35.412346555271334 ], [ 138.889181056270615, 35.412299417501742 ], [ 138.889108805537489, 35.412266278239507 ], [ 138.889070582634474, 35.412255889217462 ], [ 138.889058917502837, 35.41225358331593 ], [ 138.888910278591908, 35.412181527872839 ], [ 138.888716694249013, 35.412078389165437 ], [ 138.888634639186535, 35.412044305856242 ], [ 138.888570193476227, 35.412024972267076 ], [ 138.88848963871223, 35.412009194397903 ], [ 138.888450639465333, 35.412010028210936 ], [ 138.888438583378587, 35.412008778092115 ], [ 138.888261611026593, 35.411952556085716 ], [ 138.888226806525154, 35.411945667216152 ], [ 138.888075749848213, 35.411799333329164 ], [ 138.887930943869179, 35.411627389127169 ], [ 138.887782694276211, 35.411479694286705 ], [ 138.887554222263844, 35.411285277982437 ], [ 138.887372582680456, 35.411148082698318 ], [ 138.887136444149462, 35.410972083569824 ], [ 138.886971806202382, 35.410873972070178 ], [ 138.886822943982082, 35.410768388993006 ], [ 138.8866303055934, 35.4106426397151 ], [ 138.886422666512061, 35.410515749651204 ], [ 138.886256528593947, 35.410399777551994 ], [ 138.886125693203013, 35.410297111018252 ], [ 138.886030332896496, 35.410237611129418 ], [ 138.885897832835667, 35.410177222460767 ], [ 138.885746971636308, 35.410099861071274 ], [ 138.885613111090947, 35.410016277922715 ], [ 138.885549971511296, 35.409976667298153 ], [ 138.885481417170439, 35.409950611241591 ], [ 138.885441860632397, 35.409932639206637 ], [ 138.885391110793819, 35.409890556278377 ], [ 138.885342471916459, 35.409846332949662 ], [ 138.885270193351516, 35.409813805530774 ], [ 138.885134805985615, 35.409778971909994 ], [ 138.885081639035889, 35.409767943711387 ], [ 138.885052167109933, 35.409753861101855 ], [ 138.885023056015257, 35.409724638598249 ], [ 138.884993721938628, 35.40968508294047 ], [ 138.88477997197333, 35.409533167672443 ], [ 138.884510638602023, 35.409373943624679 ], [ 138.8842375557943, 35.4092365278727 ], [ 138.883998833488732, 35.40911580580255 ], [ 138.883853583182969, 35.40904113868644 ], [ 138.883747722096928, 35.409001888499787 ], [ 138.88365358278844, 35.408979972072636 ], [ 138.883549499991574, 35.408963527994054 ], [ 138.883441888775593, 35.408946472372484 ], [ 138.883333917055779, 35.408915943882185 ], [ 138.883333333569993, 35.408915778381107 ], [ 138.883322278118783, 35.408912666900846 ], [ 138.883239667402336, 35.408891388749154 ], [ 138.883163028083374, 35.408879278636086 ], [ 138.883100556467213, 35.40886108342999 ], [ 138.883009888604477, 35.408822139315205 ], [ 138.882956583150559, 35.408807555997342 ], [ 138.882891667246298, 35.408801555607219 ], [ 138.882667082519731, 35.408777721650381 ], [ 138.882428721700279, 35.408765249897939 ], [ 138.882321083634793, 35.408763082464638 ], [ 138.882230360763288, 35.408760221789088 ], [ 138.882066471983137, 35.408726750022879 ], [ 138.881812306622805, 35.408690805952965 ], [ 138.881684500315487, 35.408678056062605 ], [ 138.881610278107644, 35.408672528146518 ], [ 138.881437083351358, 35.408676666574458 ], [ 138.881263749763406, 35.408692860749419 ], [ 138.881149749672772, 35.408692917518394 ], [ 138.881048194004563, 35.408701139107137 ], [ 138.8809447225253, 35.408721083338193 ], [ 138.880810388839109, 35.408747332829769 ], [ 138.880777333485298, 35.408749361494472 ], [ 138.880618666935675, 35.408732444341133 ], [ 138.880511555710029, 35.40872938932948 ], [ 138.88041863870933, 35.408733167619879 ], [ 138.880371499802976, 35.408742917164993 ], [ 138.880336610823804, 35.408755333049555 ], [ 138.880318999179622, 35.408757722752902 ], [ 138.880205528220898, 35.408756333264762 ], [ 138.880150943813277, 35.408753693657793 ], [ 138.880070000386183, 35.408750277907863 ], [ 138.880011306038284, 35.408748332744601 ], [ 138.879932860925749, 35.408734083132167 ], [ 138.879871028131589, 35.408728082742051 ], [ 138.879779138943377, 35.408726833524327 ], [ 138.879668832625555, 35.408717943923989 ], [ 138.879608027643911, 35.408715806226816 ], [ 138.879479889646859, 35.408724305653116 ], [ 138.879344110670957, 35.40874294419784 ], [ 138.879224860845426, 35.408774833040887 ], [ 138.879198860365193, 35.408782471921675 ], [ 138.879079139036008, 35.408807082922579 ], [ 138.878961832525903, 35.408831138849102 ], [ 138.87887655584916, 35.40885655632983 ], [ 138.878827693989848, 35.40887713913672 ], [ 138.878810805645401, 35.40888619333704 ], [ 138.878736333606099, 35.408907278053718 ], [ 138.878675194315235, 35.408930556035081 ], [ 138.878627666745814, 35.408950611100792 ], [ 138.878350722519542, 35.408996389118371 ], [ 138.878251832811628, 35.409005444520147 ], [ 138.878182221844156, 35.409004943511448 ], [ 138.878130722183784, 35.409013028434153 ], [ 138.87804580535601, 35.409037472131793 ], [ 138.877997417292391, 35.409057082657412 ], [ 138.877970639158548, 35.409077722233278 ], [ 138.877805638743041, 35.409092056248248 ], [ 138.877733693832425, 35.409077027789564 ], [ 138.877661611399901, 35.409052055449656 ], [ 138.877563000010127, 35.409005221349005 ], [ 138.877485139365689, 35.408979194127475 ], [ 138.877499333263188, 35.408912110925371 ], [ 138.877490667418726, 35.408886250106008 ], [ 138.877467083722223, 35.408861027862478 ], [ 138.877422639262875, 35.408828583043949 ], [ 138.877327194151178, 35.408783056431822 ], [ 138.87718788904823, 35.408729528098071 ], [ 138.877105472499636, 35.40870291696713 ], [ 138.877000943411446, 35.408665305571517 ], [ 138.87694330601758, 35.408648555721442 ], [ 138.876837556258806, 35.408632305978969 ], [ 138.876776777471775, 35.40862327761004 ], [ 138.876641083301053, 35.408579388887844 ], [ 138.876622139004155, 35.408574110875378 ], [ 138.876544111041397, 35.408538667513795 ], [ 138.876496250145067, 35.408520778379561 ], [ 138.876462972464196, 35.408512389487555 ], [ 138.876425972523805, 35.40850977781453 ], [ 138.876385693668368, 35.40851024998819 ], [ 138.87605044441213, 35.408470778732955 ], [ 138.875914611082351, 35.408445360951866 ], [ 138.875781249545042, 35.408412694163658 ], [ 138.875703556218923, 35.408405693858697 ], [ 138.875622694650104, 35.408405278454005 ], [ 138.87555408268102, 35.408402471543781 ], [ 138.875498610602278, 35.40839011122673 ], [ 138.875361034018653, 35.408340191777562 ], [ 138.875343429905428, 35.408333332644119 ], [ 138.875211750391969, 35.408282027911916 ], [ 138.875128222207991, 35.408247278092951 ], [ 138.875057361100914, 35.408237167208824 ], [ 138.875011527997799, 35.408223250100363 ], [ 138.875000555387146, 35.408221944414038 ], [ 138.874999999405759, 35.408221889447255 ], [ 138.874984999695414, 35.408220111587262 ], [ 138.874956888581409, 35.40822291729603 ], [ 138.874928221813462, 35.408221417273587 ], [ 138.874917528175814, 35.408218917336313 ], [ 138.87490433229442, 35.408216889272339 ], [ 138.874849249861057, 35.408212861078319 ], [ 138.874690082338788, 35.408204360750929 ], [ 138.874560306521374, 35.408215056445563 ], [ 138.874476027533291, 35.408219805815762 ], [ 138.874440444068512, 35.408213693990263 ], [ 138.874123861118477, 35.40818099986884 ], [ 138.874101333066278, 35.408179527780341 ], [ 138.873980444438075, 35.408155971961421 ], [ 138.873904555923218, 35.408156193931099 ], [ 138.873842000156742, 35.408167277997585 ], [ 138.873783305808871, 35.408196972074123 ], [ 138.873694416890146, 35.408254694102965 ], [ 138.873626360575031, 35.408303055859626 ], [ 138.873559486293431, 35.408333347061635 ], [ 138.873546999959558, 35.408338999929533 ], [ 138.873476083188876, 35.408354499961156 ], [ 138.873398917684909, 35.408355027702328 ], [ 138.873271777703962, 35.408347639025521 ], [ 138.873251305604185, 35.408346638810322 ], [ 138.873221833023365, 35.408345167622919 ], [ 138.87306494443547, 35.40833741730674 ], [ 138.873023694413462, 35.408333332644119 ], [ 138.872988888929711, 35.408329916894189 ], [ 138.872988971442851, 35.408333347061635 ], [ 138.872961443159795, 35.408333332644119 ], [ 138.872961306620198, 35.408327193785773 ], [ 138.872753417379982, 35.408306666846762 ], [ 138.872746360541782, 35.408333347061635 ], [ 138.872722694004693, 35.408333332644119 ], [ 138.872730361505603, 35.408304416512735 ], [ 138.872713805833172, 35.408302778022069 ], [ 138.872527917150421, 35.40831266693651 ], [ 138.872414167218693, 35.408327000350759 ], [ 138.872394139118228, 35.408333361178791 ], [ 138.872259194114434, 35.408376222052205 ], [ 138.871995888786529, 35.408455250166675 ], [ 138.871864611360905, 35.408473582639537 ], [ 138.871504694604596, 35.408505083411107 ], [ 138.871090527749885, 35.408530582591098 ], [ 138.870352943434028, 35.408508806434355 ], [ 138.869985138814343, 35.408508193990272 ], [ 138.869763610675733, 35.408495472334216 ], [ 138.869447528698373, 35.408483610923305 ], [ 138.869113556431245, 35.408505000510388 ], [ 138.868756528289737, 35.408547028471865 ], [ 138.868410306422874, 35.408597806063625 ], [ 138.868074943547384, 35.408689472032329 ], [ 138.867721805965999, 35.408795833054661 ], [ 138.867435028268829, 35.40888133253145 ], [ 138.866958360656412, 35.409008693867911 ], [ 138.866667193391095, 35.409114750019839 ], [ 138.866666666551254, 35.409114944055581 ], [ 138.866658806519666, 35.409117806533317 ], [ 138.866473444349339, 35.409203193673626 ], [ 138.866269444032042, 35.409335805989713 ], [ 138.866039027721939, 35.409502777650367 ], [ 138.864939250662303, 35.410293056091753 ], [ 138.864759999375934, 35.410376611006015 ], [ 138.864614972052124, 35.410419167009032 ], [ 138.864465167479352, 35.410449443493164 ], [ 138.864243777844962, 35.41051380629014 ], [ 138.8640221937153, 35.410596722027833 ], [ 138.863801332885373, 35.410706306266178 ], [ 138.863508972453843, 35.410855610762276 ], [ 138.863256139746227, 35.411031832761545 ], [ 138.863017666289807, 35.411222639280133 ], [ 138.862921805992954, 35.411351583239387 ], [ 138.862850861063009, 35.411465860980059 ], [ 138.86277666701443, 35.411644471781578 ], [ 138.862684861649115, 35.411887444178618 ], [ 138.862571360893952, 35.412060333629029 ], [ 138.86245466668376, 35.412320943454496 ], [ 138.862422999646299, 35.412429249940445 ], [ 138.862423471804846, 35.412540360933704 ], [ 138.862420444685824, 35.412657361182063 ], [ 138.862386471864454, 35.412756833334818 ], [ 138.862349722082968, 35.41281838922157 ], [ 138.862265499413382, 35.412895278437404 ], [ 138.862226471679804, 35.412993222033052 ], [ 138.862223249410675, 35.413005250446865 ], [ 138.862225694681058, 35.413118500038394 ], [ 138.862238582775348, 35.413177222282435 ], [ 138.86225894453014, 35.413244139082373 ], [ 138.86227199994272, 35.413284528553177 ], [ 138.862279917602535, 35.413331250016988 ], [ 138.862274999884789, 35.413383917204492 ], [ 138.86226047135068, 35.413470722367613 ], [ 138.86226383310634, 35.413567722216669 ], [ 138.86226858317832, 35.413664666498214 ], [ 138.862289139100938, 35.413740277961651 ], [ 138.862325749723368, 35.413851333387399 ], [ 138.862524417137735, 35.414489000314859 ], [ 138.862526167267674, 35.414520527818901 ], [ 138.862518250262724, 35.414549916724681 ], [ 138.862495388883644, 35.414582000204199 ], [ 138.862462056193976, 35.414608888872337 ], [ 138.862424583440202, 35.414627916990369 ], [ 138.86236824988498, 35.414642388872849 ], [ 138.862299000076206, 35.414647221744502 ], [ 138.862196444099879, 35.414647527515996 ], [ 138.862075082330847, 35.414643167719099 ], [ 138.861943610737399, 35.414638832852496 ], [ 138.861797722591945, 35.414638082841272 ], [ 138.861696638754836, 35.414644306102169 ], [ 138.86153538843061, 35.414654360517687 ], [ 138.86122525001889, 35.414662500407168 ], [ 138.861122611529424, 35.414665778289603 ], [ 138.861060221771538, 35.414666806138378 ], [ 138.861030111678474, 35.414659889635232 ], [ 138.861016666620486, 35.41463991747024 ], [ 138.861015943648198, 35.414624193666754 ], [ 138.861026471932121, 35.414610639098754 ], [ 138.861055527363163, 35.414593749879359 ], [ 138.8610992216733, 35.414592527694474 ], [ 138.861132944663211, 35.414581582997322 ], [ 138.861183805829029, 35.414554332689811 ], [ 138.861203527779537, 35.414527722459965 ], [ 138.861202721966691, 35.414490333334399 ], [ 138.861185277968247, 35.414443222297287 ], [ 138.861145472253639, 35.414424360581421 ], [ 138.861106360697192, 35.414415806488705 ], [ 138.861079221732069, 35.414416443863075 ], [ 138.861052110926209, 35.414424639620435 ], [ 138.861010471258794, 35.414441027831138 ], [ 138.86096219386755, 35.414453638952899 ], [ 138.860938416658087, 35.414466721347232 ], [ 138.860929916494797, 35.414485721531328 ], [ 138.860924693936852, 35.414504166641045 ], [ 138.860907527601682, 35.414516139186972 ], [ 138.860886361343745, 35.414519972143793 ], [ 138.860865083431122, 35.414519582870845 ], [ 138.860840556072418, 35.414518305719184 ], [ 138.86079113823169, 35.414536249820202 ], [ 138.860757444383353, 35.414565028084084 ], [ 138.860740278048183, 35.414575777844405 ], [ 138.860721778077988, 35.414587333183455 ], [ 138.860692694160264, 35.414605556023119 ], [ 138.860647749710552, 35.414622833013638 ], [ 138.86048466739814, 35.414659306026188 ], [ 138.860290277897207, 35.414721556056271 ], [ 138.860120971736421, 35.414773472031101 ], [ 138.860005027348024, 35.414822639066131 ], [ 138.859931360466732, 35.414896111030203 ], [ 138.859867583047389, 35.414977249508638 ], [ 138.85982794366879, 35.415065167223439 ], [ 138.859775249859894, 35.415118777556813 ], [ 138.859705305892959, 35.415162056538207 ], [ 138.859681750028273, 35.415176611321407 ], [ 138.859662610581239, 35.415188444498014 ], [ 138.859560194091415, 35.415215944108404 ], [ 138.859485722052113, 35.415240555710042 ], [ 138.85942627788242, 35.415286971402352 ], [ 138.859376278193082, 35.415341110678355 ], [ 138.859331610751781, 35.415412527545612 ], [ 138.859301666667307, 35.415460416527878 ], [ 138.859245250598917, 35.415523971643573 ], [ 138.859164193879963, 35.41565786081096 ], [ 138.859105888850024, 35.415732138654128 ], [ 138.85910172226383, 35.415737443699442 ], [ 138.859023556124299, 35.415799639063117 ], [ 138.858929610983665, 35.415856443777471 ], [ 138.858851500507768, 35.415938917077639 ], [ 138.858817417013995, 35.416041832914267 ], [ 138.858776278319226, 35.416172722036784 ], [ 138.858746138429751, 35.416248389067732 ], [ 138.85873674961303, 35.416295027931177 ], [ 138.858742110347748, 35.416325028379944 ], [ 138.858764917372952, 35.416346389131988 ], [ 138.85876622219385, 35.416401943727521 ], [ 138.858767055838513, 35.416436417511122 ], [ 138.858755027256137, 35.41648216699403 ], [ 138.85871525035563, 35.416562306458722 ], [ 138.858605555682857, 35.416626944389968 ], [ 138.858510777879815, 35.416666680867429 ], [ 138.858492305741436, 35.416674416766092 ], [ 138.858391249736144, 35.416714749467928 ], [ 138.858334060270778, 35.416748646851232 ], [ 138.858224083023231, 35.416813833248838 ], [ 138.858067360771344, 35.41690002807043 ], [ 138.857933278226369, 35.41696761107977 ], [ 138.857799110876186, 35.41702799974842 ], [ 138.857673667326111, 35.417079833122891 ], [ 138.857525888909379, 35.417150417078204 ], [ 138.857470583166645, 35.417179166807422 ], [ 138.857434249880072, 35.417206582615997 ], [ 138.857413778435188, 35.417225139161104 ], [ 138.857399500059955, 35.417241556206839 ], [ 138.857385722329951, 35.41726261118739 ], [ 138.857369610984222, 35.417286582711363 ], [ 138.857314806214134, 35.417349139414043 ], [ 138.857264527879238, 35.417392582995419 ], [ 138.857255750380091, 35.417400139275848 ], [ 138.857212806219223, 35.41742800022525 ], [ 138.857161416903807, 35.41745994403508 ], [ 138.857079028187002, 35.417504111495923 ], [ 138.857024805592971, 35.41753027808678 ], [ 138.856966306395208, 35.417547193437926 ], [ 138.856917666535509, 35.417564110591265 ], [ 138.856865528380609, 35.41758908323154 ], [ 138.856801332829178, 35.417626971563614 ], [ 138.856778944263482, 35.417640194228362 ], [ 138.8567344441405, 35.417659028010291 ], [ 138.856700278133616, 35.417676417036922 ], [ 138.856679332893037, 35.417682389493102 ], [ 138.856661305736253, 35.417686666689647 ], [ 138.856642582784104, 35.417689360963024 ], [ 138.856629056195288, 35.417695750025359 ], [ 138.85660011143662, 35.417715389386018 ], [ 138.856529361001975, 35.41777002756816 ], [ 138.856465000096819, 35.417816693464459 ], [ 138.856402666984877, 35.417875000003441 ], [ 138.856363444101191, 35.417908417103234 ], [ 138.856305610574907, 35.417970917337307 ], [ 138.856276110817134, 35.418009056474091 ], [ 138.856252277944037, 35.418034360717243 ], [ 138.856209222128456, 35.418063111347557 ], [ 138.856191167139855, 35.418066889337588 ], [ 138.856157638645215, 35.418078083037265 ], [ 138.856127389065648, 35.418092861592335 ], [ 138.856064332326554, 35.418118666844187 ], [ 138.856042250238232, 35.418139693890794 ], [ 138.85587538934783, 35.418229582900608 ], [ 138.855829472421817, 35.418267444500202 ], [ 138.855809110994471, 35.418291250222744 ], [ 138.8557820280204, 35.418343028029703 ], [ 138.855743055623037, 35.418410193832166 ], [ 138.855695527398723, 35.418463417595881 ], [ 138.855561194039979, 35.41857838947989 ], [ 138.855493167521274, 35.418633055595976 ], [ 138.855387777611469, 35.418729749973906 ], [ 138.855291027678874, 35.418848805619447 ], [ 138.85511411131796, 35.41898294408972 ], [ 138.854910055991894, 35.419151666877895 ], [ 138.854790971520089, 35.419238639344272 ], [ 138.854658332955069, 35.419345193801611 ], [ 138.854524027428141, 35.419465749769955 ], [ 138.854430527596492, 35.419549832725757 ], [ 138.85430319344772, 35.419699693798059 ], [ 138.854170806023888, 35.419869138663515 ], [ 138.854123249967756, 35.419919555516998 ], [ 138.854041582586092, 35.419977083510091 ], [ 138.853980277614085, 35.420009388959294 ], [ 138.853934332856255, 35.420043055962708 ], [ 138.853861249460749, 35.420110333200554 ], [ 138.85378980552278, 35.420160832954757 ], [ 138.853626416732993, 35.420260500344718 ], [ 138.853481805904067, 35.420364305561897 ], [ 138.853376333481123, 35.420442833268396 ], [ 138.85327613895231, 35.42055908350553 ], [ 138.85316927788557, 35.420707500423276 ], [ 138.853040306243827, 35.420876916453693 ], [ 138.852999500221102, 35.420914749818984 ], [ 138.852865083039461, 35.42100874992353 ], [ 138.852696555514598, 35.421109832633022 ], [ 138.852512778120456, 35.421236083219988 ], [ 138.852389139381643, 35.421355443735926 ], [ 138.852295250232061, 35.421432110982082 ], [ 138.852065777256712, 35.421620055924024 ], [ 138.851948721560376, 35.421700500259114 ], [ 138.851900082683017, 35.421765000623232 ], [ 138.851874333343972, 35.421819028163483 ], [ 138.85185983362399, 35.421848499969975 ], [ 138.851825360812285, 35.421884555475273 ], [ 138.851772971516169, 35.421927194078648 ], [ 138.851694193731618, 35.422017056055616 ], [ 138.851612167483239, 35.422070305951074 ], [ 138.851497916578865, 35.422131416697006 ], [ 138.851386333271961, 35.422223417272242 ], [ 138.851247193850156, 35.422351556253496 ], [ 138.851148361115605, 35.422469471713775 ], [ 138.851077306495597, 35.422589389106292 ], [ 138.851055278433734, 35.422662666734254 ], [ 138.851045139467772, 35.42267736088678 ], [ 138.851004888444152, 35.422722556196398 ], [ 138.850989000080375, 35.422743443873685 ], [ 138.850979471777151, 35.422760778534268 ], [ 138.850893528119173, 35.42282813957393 ], [ 138.850832832827592, 35.42286013925164 ], [ 138.85074024948122, 35.422910139498974 ], [ 138.850677221556225, 35.42295724963499 ], [ 138.850628472006463, 35.423005360586941 ], [ 138.850516667354782, 35.423085444484123 ], [ 138.850479666432108, 35.423109028236979 ], [ 138.850433417161497, 35.423145056108709 ], [ 138.850379693248072, 35.423203222377268 ], [ 138.850319249752545, 35.423270361146884 ], [ 138.85025644382722, 35.4233727222095 ], [ 138.850209528230238, 35.423447416959185 ], [ 138.850198749787438, 35.423487472123831 ], [ 138.850187166514075, 35.423547055814481 ], [ 138.850193971556195, 35.423564139069619 ], [ 138.850189556120853, 35.423576972461433 ], [ 138.850184027740369, 35.423608167161134 ], [ 138.850126582877181, 35.423679943865572 ], [ 138.85010341698532, 35.423697916801622 ], [ 138.850058416871974, 35.42373497162103 ], [ 138.85001919366087, 35.423793388994667 ], [ 138.849839278012723, 35.424060250315328 ], [ 138.849778416385135, 35.424162056303558 ], [ 138.849745028359308, 35.424238693813585 ], [ 138.849706916783532, 35.424290222017291 ], [ 138.84968041664041, 35.424317416757283 ], [ 138.849660277867542, 35.424361305479479 ], [ 138.849653666993248, 35.424395166818996 ], [ 138.84965333235661, 35.42443125025823 ], [ 138.849652639180732, 35.424475639088023 ], [ 138.849656583439867, 35.42451188892943 ], [ 138.849619417163467, 35.424688722471686 ], [ 138.849619222013359, 35.424762277937205 ], [ 138.849630582304769, 35.424839582858098 ], [ 138.849646193660163, 35.42498516703423 ], [ 138.849648389099087, 35.42500002818965 ], [ 138.849664833116833, 35.425110777843905 ], [ 138.849691249764533, 35.425210582801 ], [ 138.849730999815534, 35.42529811124286 ], [ 138.849782028299671, 35.425399667327468 ], [ 138.849786333390085, 35.425417861332107 ], [ 138.849795860710998, 35.425517361418805 ], [ 138.849816943473485, 35.425659694444981 ], [ 138.849852082611562, 35.42576297252171 ], [ 138.849902472601144, 35.425861861065421 ], [ 138.849921389066253, 35.425919443724936 ], [ 138.849960083145504, 35.425979611324998 ], [ 138.850000000514797, 35.425970527989278 ], [ 138.850000583345718, 35.425970388619959 ], [ 138.850000583345718, 35.425994721482944 ], [ 138.850000000514797, 35.425994860852263 ], [ 138.849968027654825, 35.426002139295143 ], [ 138.849972472231713, 35.426042471996979 ], [ 138.849979249442043, 35.426084277988778 ], [ 138.849988527913808, 35.426122444158409 ], [ 138.849991350714561, 35.426130175551592 ], [ 138.850050193389677, 35.426291333348743 ], [ 138.850084583360797, 35.426377972109698 ], [ 138.850203277859777, 35.426600361099112 ], [ 138.850383693498259, 35.426876083185078 ], [ 138.850527749655498, 35.427090193816781 ], [ 138.850598167418127, 35.427187000531191 ], [ 138.850665583274093, 35.42726594394275 ], [ 138.850704444016799, 35.427302389021357 ], [ 138.850732721466812, 35.427320110852328 ], [ 138.85074344391856, 35.427339778146923 ], [ 138.850769832734443, 35.427389777793529 ], [ 138.850849139323458, 35.427502833349315 ], [ 138.850986388473956, 35.427679471954733 ], [ 138.851149721600137, 35.427875694052936 ], [ 138.851382583180651, 35.428133499971814 ], [ 138.851502693827797, 35.428237528360135 ], [ 138.851574306066397, 35.428296166802362 ], [ 138.851609805708307, 35.428321361412316 ], [ 138.851706277977627, 35.42837780628949 ], [ 138.85173536091304, 35.428401444108033 ], [ 138.851791555964098, 35.428438499828538 ], [ 138.851872111055513, 35.428476167092022 ], [ 138.851946193776854, 35.428489000183468 ], [ 138.851997056579847, 35.428508749477686 ], [ 138.852057527907164, 35.428510778142396 ], [ 138.852127193883405, 35.428510583205558 ], [ 138.852157444445282, 35.428512693869891 ], [ 138.852175778079442, 35.428525972402518 ], [ 138.85221949956653, 35.428520833459004 ], [ 138.852237693714187, 35.428503166294448 ], [ 138.852297000361972, 35.428461082765459 ], [ 138.852326138306182, 35.428449750297183 ], [ 138.852343667109807, 35.428449694429311 ], [ 138.852371277906002, 35.428465305896317 ], [ 138.852420193791772, 35.42847886046431 ], [ 138.852546861614229, 35.428543055958023 ], [ 138.852671389006474, 35.428611556281851 ], [ 138.852824638830299, 35.428703778226037 ], [ 138.853068750029848, 35.428863694614954 ], [ 138.853244694241909, 35.42896202748355 ], [ 138.853369528111557, 35.429028055804039 ], [ 138.853724833300049, 35.429155221602933 ], [ 138.854040333428799, 35.429236139012787 ], [ 138.854533167395715, 35.42931191687839 ], [ 138.854733305966988, 35.429340694241176 ], [ 138.855020222168378, 35.429358389339676 ], [ 138.855537221680379, 35.429349139001062 ] ] ], [ [ [ 138.762204278443789, 35.52453458296398 ], [ 138.762228749811442, 35.524524499713429 ], [ 138.762250250051125, 35.524514443495718 ], [ 138.762289889429724, 35.524490527839617 ], [ 138.762346916160851, 35.52445622135928 ], [ 138.762467444285193, 35.524402361122291 ], [ 138.762504222225942, 35.524395277916618 ], [ 138.762587360764513, 35.524380167758672 ], [ 138.762653249472521, 35.524360943802705 ], [ 138.762700860537393, 35.524342611029475 ], [ 138.762730221790946, 35.524321806252907 ], [ 138.76277119382226, 35.524295555860242 ], [ 138.76278561102913, 35.524288611122792 ], [ 138.762803611008962, 35.524285666945794 ], [ 138.762829305339238, 35.524286999664966 ], [ 138.762857444285061, 35.524292139209209 ], [ 138.762891610291945, 35.524304333124093 ], [ 138.762924306124205, 35.524320194494713 ], [ 138.762946471707949, 35.524335193517636 ], [ 138.7630015004423, 35.524357194347338 ], [ 138.763019860925993, 35.524356610738288 ], [ 138.763058277341941, 35.524352499943916 ], [ 138.763096083095178, 35.524348361215608 ], [ 138.763122721742519, 35.524340693800156 ], [ 138.763158638861654, 35.524327943909796 ], [ 138.763204444132953, 35.524312639415747 ], [ 138.763242222054373, 35.524299389718145 ], [ 138.763300443916307, 35.524280000261108 ], [ 138.763374361283923, 35.524248889062854 ], [ 138.763518221963608, 35.524154944225451 ], [ 138.763810221891305, 35.523962999924521 ], [ 138.764069860950798, 35.523791500262618 ], [ 138.764190416579538, 35.523713972470951 ], [ 138.764252221869299, 35.523665721849312 ], [ 138.76431711157889, 35.523612417287431 ], [ 138.764355694003456, 35.523574332817063 ], [ 138.764386556210354, 35.523532472158848 ], [ 138.76442044357168, 35.523476694392173 ], [ 138.764448139173055, 35.52341963857274 ], [ 138.764474277830061, 35.523366416611218 ], [ 138.764497332722129, 35.523309389026089 ], [ 138.764518860793629, 35.523256139130623 ], [ 138.764543472630066, 35.523206721290883 ], [ 138.764572750060751, 35.52315852773858 ], [ 138.764581278383304, 35.522973305905047 ], [ 138.764575610843764, 35.522967000043799 ], [ 138.764574443544745, 35.522961583262735 ], [ 138.764574193385869, 35.522954750261043 ], [ 138.764577610805134, 35.522946972010935 ], [ 138.764587749771096, 35.52293725039975 ], [ 138.764597221428403, 35.522930305662307 ], [ 138.764625277533639, 35.522908889342752 ], [ 138.764664861248605, 35.522870332698716 ], [ 138.764696443808333, 35.52283011143227 ], [ 138.764742278548624, 35.52276055592646 ], [ 138.764788082837669, 35.522685999644999 ], [ 138.76482983285004, 35.522619805823439 ], [ 138.764865500137688, 35.522572889122429 ], [ 138.764895056213959, 35.522534333379497 ], [ 138.76491236105332, 35.5225150565593 ], [ 138.764939944017726, 35.522499944298801 ], [ 138.764966527983745, 35.522491499538923 ], [ 138.764994139107387, 35.522487278210257 ], [ 138.765020777754728, 35.522488056155417 ], [ 138.765048416710187, 35.522493833374391 ], [ 138.765076110346968, 35.52251136116962 ], [ 138.765111971802469, 35.522532193880132 ], [ 138.76513863926391, 35.522549693741425 ], [ 138.765165278238669, 35.522558832644648 ], [ 138.765191917213457, 35.522562972274052 ], [ 138.765228749835501, 35.522561222347996 ], [ 138.765267611233071, 35.522552778489207 ], [ 138.76530647164833, 35.522545972520362 ], [ 138.765333082791273, 35.522545916652483 ], [ 138.765367889257305, 35.522550028347951 ], [ 138.765382249490813, 35.522559194284014 ], [ 138.765400721629192, 35.522575889167307 ], [ 138.765421278206674, 35.522605971615697 ], [ 138.765446944050268, 35.522627666974273 ], [ 138.765484860475908, 35.522650999622051 ], [ 138.765556722545938, 35.522678472199601 ], [ 138.765630305931808, 35.522696916408222 ], [ 138.765754749828602, 35.522733861594432 ], [ 138.765804778004622, 35.522748306444065 ], [ 138.765851166761735, 35.522756500098865 ], [ 138.765916388488478, 35.52276111100084 ], [ 138.766077222317818, 35.522763111130878 ], [ 138.766182971749174, 35.522758138589538 ], [ 138.766268417381383, 35.52274611107682 ], [ 138.766359638933494, 35.522725778473919 ], [ 138.766478389096136, 35.522704166917158 ], [ 138.766524277862885, 35.522694222134838 ], [ 138.766538777582895, 35.522688861221646 ], [ 138.766533721688376, 35.522683666710627 ], [ 138.766551000333095, 35.52267244417591 ], [ 138.766535388977729, 35.522656417304212 ], [ 138.766553499629964, 35.522644610860084 ], [ 138.76660102785425, 35.52269347212362 ], [ 138.766624083073737, 35.522693361288965 ], [ 138.766659888538157, 35.522687639036768 ], [ 138.766666667713082, 35.522685222600941 ], [ 138.766667750534339, 35.522684833027633 ], [ 138.766720472175052, 35.522666083047518 ], [ 138.766792110608293, 35.522650139076539 ], [ 138.766845805380171, 35.522636500106003 ], [ 138.766873305831439, 35.522617305886165 ], [ 138.766911777911019, 35.522580027895621 ], [ 138.766939611034303, 35.522543110643348 ], [ 138.767007555694732, 35.522481972263847 ], [ 138.767090722392567, 35.522394361221636 ], [ 138.767121667112633, 35.522355222770742 ], [ 138.767147361442909, 35.522319193997916 ], [ 138.767171444474883, 35.522260832492158 ], [ 138.76719016644472, 35.522237693880115 ], [ 138.767216250420375, 35.522203971909924 ], [ 138.767244861524716, 35.522184555720408 ], [ 138.767288443525302, 35.52215894390357 ], [ 138.767338277860915, 35.522137416749352 ], [ 138.767375611128188, 35.5221179726259 ], [ 138.767422944529784, 35.522092360809062 ], [ 138.767449111018607, 35.522080056059522 ], [ 138.767481500046046, 35.522073888666505 ], [ 138.767503555939697, 35.522071999971857 ], [ 138.767700806223615, 35.521999332985779 ], [ 138.767730222158519, 35.521975138591024 ], [ 138.767774666617868, 35.521944166762097 ], [ 138.767833805947362, 35.521899639464074 ], [ 138.767883027655643, 35.521851111305239 ], [ 138.767924832676783, 35.521799527834382 ], [ 138.767976471823658, 35.521731806356811 ], [ 138.768016694033179, 35.521656250761247 ], [ 138.768066443563612, 35.521546832925075 ], [ 138.768123694258975, 35.521452610850851 ], [ 138.768138471969678, 35.521425250009052 ], [ 138.768178805833884, 35.521271861451062 ], [ 138.768180472140926, 35.521220249445534 ], [ 138.768187750323904, 35.521174694298736 ], [ 138.768198805775114, 35.521150389069327 ], [ 138.768221028004774, 35.521130611240437 ], [ 138.768260917542278, 35.521108083270292 ], [ 138.768353750065245, 35.521047528199475 ], [ 138.768415667337166, 35.521015999794336 ], [ 138.768484971827235, 35.520988056244583 ], [ 138.768560250334247, 35.520972193972867 ], [ 138.768604499643487, 35.520958832839881 ], [ 138.768647249963976, 35.52093699991417 ], [ 138.76868408258602, 35.520910361149653 ], [ 138.768742972084056, 35.520857110353099 ], [ 138.768854777390601, 35.520728888771494 ], [ 138.768923860863367, 35.520637000532737 ], [ 138.768978333616303, 35.520583749736183 ], [ 138.769044610987351, 35.520534082893917 ], [ 138.769127138863212, 35.520483193866767 ], [ 138.769165443951948, 35.520456556003346 ], [ 138.769199306100916, 35.520425083165719 ], [ 138.769302221598792, 35.520292082477781 ], [ 138.769402111287377, 35.520133694045235 ], [ 138.769488777917644, 35.519993443749456 ], [ 138.769548278078389, 35.519872860748265 ], [ 138.769605999949988, 35.519705971988337 ], [ 138.769668499397937, 35.519511249612208 ], [ 138.76972886103519, 35.519356999907977 ], [ 138.76974313875553, 35.519320471928651 ], [ 138.769798527993714, 35.519179389021296 ], [ 138.769841889631806, 35.519076056278145 ], [ 138.769909193833087, 35.518867417093922 ], [ 138.769945000607237, 35.518684693695846 ], [ 138.769978305792506, 35.518472166888394 ], [ 138.76999719442577, 35.518315277276827 ], [ 138.770008832380483, 35.518162389126807 ], [ 138.769998749405573, 35.518053194161403 ], [ 138.769976167326917, 35.517845693660618 ], [ 138.770045027490283, 35.51776033265206 ], [ 138.77005041703913, 35.517716832602083 ], [ 138.770050277880074, 35.517679333542951 ], [ 138.770049417058431, 35.517655666889375 ], [ 138.770051417347247, 35.517549388467401 ], [ 138.770057944398673, 35.51750433252711 ], [ 138.770054194307392, 35.517381056153631 ], [ 138.770051889505794, 35.5173528614988 ], [ 138.770030444274852, 35.517334805962399 ], [ 138.770013972097871, 35.517297806109774 ], [ 138.769999917686874, 35.517242278246719 ], [ 138.76999102853307, 35.517221805974117 ], [ 138.769960750139376, 35.517194194027248 ], [ 138.769928639102631, 35.51717108334914 ], [ 138.769890139191205, 35.517155444248566 ], [ 138.769830639030459, 35.517147361128053 ], [ 138.769792193800384, 35.517145193694752 ], [ 138.769749166798903, 35.517141555975137 ], [ 138.769701555734031, 35.517128193941055 ], [ 138.769664889447995, 35.51711405636474 ], [ 138.769628222507095, 35.517097694285788 ], [ 138.769471167583191, 35.517073444023161 ], [ 138.769462555437769, 35.517063583042656 ], [ 138.769450917483056, 35.517049193760528 ], [ 138.769426167142427, 35.51702127784435 ], [ 138.769409972301247, 35.517004417459979 ], [ 138.769394333114064, 35.516994583211954 ], [ 138.769348889328882, 35.516951443900254 ], [ 138.769307833474699, 35.516925221441525 ], [ 138.769275889428826, 35.516907582811633 ], [ 138.769239360992117, 35.516875083326688 ], [ 138.769205056153595, 35.516841639194055 ], [ 138.769157110779531, 35.516798943821712 ], [ 138.769106832444606, 35.516746917312595 ], [ 138.769047443611129, 35.516700500418821 ], [ 138.768987875344266, 35.51666666701324 ], [ 138.768987001097884, 35.516666169909293 ], [ 138.768960777963173, 35.516655999252549 ], [ 138.768929999579143, 35.516653277946325 ], [ 138.768890166687555, 35.516655222508852 ], [ 138.768865360683293, 35.51666666701324 ], [ 138.768815111162496, 35.516689832658123 ], [ 138.768800306602287, 35.51666666701324 ], [ 138.768784222106092, 35.516641499736494 ], [ 138.768813778182334, 35.516623749671218 ], [ 138.768816000470792, 35.516608833549022 ], [ 138.768805639505189, 35.516576278196197 ], [ 138.768780444182966, 35.516529778702072 ], [ 138.7687472221657, 35.516473056588069 ], [ 138.768702639202161, 35.516421027976399 ], [ 138.768667167392039, 35.516370832491866 ], [ 138.768592806025168, 35.516265805990905 ], [ 138.768521861095223, 35.516161694101136 ], [ 138.768434832651394, 35.516021305637487 ], [ 138.768400528140319, 35.515973888828881 ], [ 138.768360528257858, 35.515935806160698 ], [ 138.768305749354994, 35.515892166441034 ], [ 138.76819502752457, 35.515813305930195 ], [ 138.768139110464233, 35.515776167308978 ], [ 138.768100305712608, 35.515749249805808 ], [ 138.768068306003101, 35.515717666433886 ], [ 138.768040832728786, 35.515676778056935 ], [ 138.767974472517125, 35.515581028026332 ], [ 138.767851360618181, 35.515404944495295 ], [ 138.767769082573778, 35.51529308319045 ], [ 138.767707694106321, 35.515203110378827 ], [ 138.767606000588785, 35.515073028036504 ], [ 138.767505888900558, 35.514985583396459 ], [ 138.767386471429262, 35.51490547186571 ], [ 138.767196861141883, 35.514765833112911 ], [ 138.766984889138342, 35.514629916782646 ], [ 138.766908694146082, 35.51455822177747 ], [ 138.76684597171618, 35.514508443499814 ], [ 138.766775860758372, 35.514478139081746 ], [ 138.766678888498689, 35.514425999935781 ], [ 138.766667693888422, 35.51441772157807 ], [ 138.766666667713082, 35.514416972467941 ], [ 138.7666116939875, 35.514376221658132 ], [ 138.766531138896084, 35.51429452810531 ], [ 138.766455999548128, 35.514200028193528 ], [ 138.766404082738006, 35.514122943740496 ], [ 138.766373528318212, 35.51404000006886 ], [ 138.76637338883171, 35.514000667281863 ], [ 138.766357250309028, 35.513964278071128 ], [ 138.766316056278072, 35.513910471599459 ], [ 138.765860167242806, 35.513417722338367 ], [ 138.765807610955818, 35.51334450057827 ], [ 138.765789583144141, 35.513302943588997 ], [ 138.765780917299708, 35.513242860992214 ], [ 138.765777055553713, 35.513218222057368 ], [ 138.76576661076524, 35.513196667269582 ], [ 138.765766305925041, 35.513191999598639 ], [ 138.765765555775801, 35.513188693782269 ], [ 138.765764721476245, 35.513186360847889 ], [ 138.765764110813507, 35.513184694423281 ], [ 138.765764027972949, 35.513183055932615 ], [ 138.765755332332077, 35.512996249674103 ], [ 138.76575469383755, 35.512982999976508 ], [ 138.765754943996427, 35.51298224996529 ], [ 138.765754471837909, 35.512972610954463 ], [ 138.765751693895481, 35.512848638635454 ], [ 138.765756111295445, 35.512800388914911 ], [ 138.765761861348125, 35.51277558297717 ], [ 138.765773778275815, 35.512735138839943 ], [ 138.765774583433824, 35.512732722103749 ], [ 138.76578858316347, 35.512691944261093 ], [ 138.765807193478622, 35.512665416931966 ], [ 138.765839082843144, 35.512638167525552 ], [ 138.76587722192329, 35.512614667274143 ], [ 138.765915805657556, 35.512596222164426 ], [ 138.765939888689559, 35.51258802760853 ], [ 138.765975583481605, 35.512576722173094 ], [ 138.766014610560291, 35.51256986033637 ], [ 138.76607941677446, 35.512567000561916 ], [ 138.766153000160301, 35.512570055573576 ], [ 138.766203749671433, 35.51257916744396 ], [ 138.766263000655613, 35.512599000239625 ], [ 138.766353332899428, 35.512637972288353 ], [ 138.766469971445986, 35.512682278517786 ], [ 138.766556471740216, 35.512707443992348 ], [ 138.766666667713082, 35.512727527893091 ], [ 138.76666766671147, 35.512727721928833 ], [ 138.766693721873025, 35.512732472200135 ], [ 138.766790555628489, 35.512752250029024 ], [ 138.766880806014029, 35.512763555464453 ], [ 138.766988833397477, 35.512767944096382 ], [ 138.767054638610006, 35.512772389497279 ], [ 138.767108167373323, 35.512771500116735 ], [ 138.76715041737603, 35.512763721866619 ], [ 138.76720013841981, 35.512743639167333 ], [ 138.767291166786379, 35.512707332556957 ], [ 138.767340722149015, 35.512687611497043 ], [ 138.767386917393139, 35.51266269382355 ], [ 138.767430416880586, 35.512642138950596 ], [ 138.767544221493637, 35.5126036111416 ], [ 138.767629193985044, 35.512572110670398 ], [ 138.767852472253566, 35.512494417077292 ], [ 138.767967110838725, 35.512453167060968 ], [ 138.767988527910404, 35.51244108277929 ], [ 138.768008722346906, 35.512427443808747 ], [ 138.768011832961349, 35.512416777850241 ], [ 138.768010443662718, 35.512404278163864 ], [ 138.768011278289691, 35.512392528488704 ], [ 138.768017111182928, 35.51238405609525 ], [ 138.768027444316743, 35.512377777867577 ], [ 138.768039555412258, 35.51237588917293 ], [ 138.768053528292398, 35.51237844407698 ], [ 138.76807152827223, 35.512388693729704 ], [ 138.768088666775611, 35.512401167284331 ], [ 138.768101722188192, 35.51240702830512 ], [ 138.768114777600772, 35.512408083186742 ], [ 138.768131416768654, 35.512405861087025 ], [ 138.768148027449854, 35.512399194187132 ], [ 138.768159694218667, 35.512391806411429 ], [ 138.768175361237667, 35.512374139246873 ], [ 138.768196889309166, 35.512354582486566 ], [ 138.768226500394206, 35.512334667090542 ], [ 138.768251666902302, 35.512323943461972 ], [ 138.768284917733695, 35.51231580657614 ], [ 138.768307111149255, 35.512313443905633 ], [ 138.768341444474459, 35.512313361305281 ], [ 138.768484833323043, 35.512346056027425 ], [ 138.768518388667189, 35.512373806442532 ], [ 138.768544056475406, 35.512392999761275 ], [ 138.768604277643846, 35.512425860885592 ], [ 138.768675138750893, 35.512448361222162 ], [ 138.768726722234135, 35.512461472451527 ], [ 138.768838361204672, 35.512480082761954 ], [ 138.768886110773764, 35.512488806260485 ], [ 138.768928443617028, 35.512499389618633 ], [ 138.768984693676828, 35.512520027993034 ], [ 138.769016305705549, 35.512541333177566 ], [ 138.769080860778502, 35.512576305867313 ], [ 138.76913766649227, 35.512605499535887 ], [ 138.769205972638844, 35.51262333310261 ], [ 138.769274110812233, 35.512637694450795 ], [ 138.769333528132421, 35.512649082486583 ], [ 138.76936658250392, 35.51265100001627 ], [ 138.769413693578457, 35.512650389374372 ], [ 138.769475500505393, 35.512650250005045 ], [ 138.7695226390843, 35.512652667341968 ], [ 138.769559999855971, 35.512660583159217 ], [ 138.76957238894218, 35.512667277692678 ], [ 138.769588138801765, 35.51268133326937 ], [ 138.769610028031991, 35.51269977837908 ], [ 138.769632306252703, 35.512711943458932 ], [ 138.769659167227132, 35.512718166719822 ], [ 138.769749666789266, 35.512727667262418 ], [ 138.7698077216603, 35.512728249970372 ], [ 138.769884860969626, 35.512727361490924 ], [ 138.769967166845845, 35.512721528404072 ], [ 138.770054667448221, 35.512724167109944 ], [ 138.770095444329399, 35.512733278079224 ], [ 138.770141416919046, 35.512753721516788 ], [ 138.770177916869073, 35.512781277595792 ], [ 138.770195167681976, 35.51279424945583 ], [ 138.770217221611034, 35.512804332706381 ], [ 138.770258943791589, 35.512815111001366 ], [ 138.770295638891753, 35.512822527612109 ], [ 138.770335083120244, 35.512831416611718 ], [ 138.770359833460873, 35.512831360743839 ], [ 138.770388721573624, 35.512829055743403 ], [ 138.770418028473301, 35.512822249774558 ], [ 138.770456943897301, 35.512811278044552 ], [ 138.770502250160575, 35.512793194574215 ], [ 138.770519667309514, 35.51278791716247 ], [ 138.770535694177482, 35.512786749944368 ], [ 138.77055449964277, 35.512790082793586 ], [ 138.770601750203781, 35.512806082632437 ], [ 138.770702750218021, 35.512851194440607 ], [ 138.770786778392363, 35.512874721724856 ], [ 138.770936138638405, 35.512907417348103 ], [ 138.771169500209254, 35.51296055550781 ], [ 138.771189278150814, 35.512962027896677 ], [ 138.771211777388913, 35.512962332767074 ], [ 138.771283639458943, 35.512968972333752 ], [ 138.771351916791389, 35.512979583325475 ], [ 138.77149769426444, 35.513013306196761 ], [ 138.771601777388753, 35.513023000174371 ], [ 138.771707583466053, 35.513032666818773 ], [ 138.771808193507468, 35.513043777918099 ], [ 138.77187583332767, 35.513054971918145 ], [ 138.77191444391147, 35.51305647194058 ], [ 138.771966722207765, 35.513054861083482 ], [ 138.772010721685518, 35.513054778483131 ], [ 138.772057527592409, 35.513057667092617 ], [ 138.772114417129046, 35.513065028135848 ], [ 138.772179527855968, 35.513069388833841 ], [ 138.772260250265731, 35.513069943607853 ], [ 138.772326249646085, 35.513066055984623 ], [ 138.772365667025042, 35.51305547172538 ], [ 138.772422472738839, 35.513036583277035 ], [ 138.7724353608331, 35.513029750275344 ], [ 138.77248733265202, 35.513012721686621 ], [ 138.772546027654784, 35.513010416686178 ], [ 138.772614056138053, 35.51301133309957 ], [ 138.772683417274095, 35.513005750216699 ], [ 138.772716083309945, 35.513004027924211 ], [ 138.77275474955735, 35.512997389258629 ], [ 138.772793416787096, 35.512990222551508 ], [ 138.772820722088227, 35.51298305584438 ], [ 138.772848138716597, 35.512976221641232 ], [ 138.772861888614813, 35.512970416788683 ], [ 138.772877443979127, 35.512964138561003 ], [ 138.772895611277278, 35.512956666983484 ], [ 138.772939332764338, 35.512937306361479 ], [ 138.772991471901577, 35.512917888970499 ], [ 138.773054555817595, 35.512897805370116 ], [ 138.773092389402649, 35.512878416814175 ], [ 138.773127667044918, 35.512858389081664 ], [ 138.77317963984612, 35.512821443895461 ], [ 138.773243556424546, 35.512763111224729 ], [ 138.773311500102665, 35.512686555413964 ], [ 138.773380250575968, 35.512606528586119 ], [ 138.773443860676991, 35.512496917314934 ], [ 138.773557583431796, 35.512260527715604 ], [ 138.773616861265481, 35.512114443732237 ], [ 138.773681972319849, 35.511946332487057 ], [ 138.773748666840675, 35.511754082715001 ], [ 138.773775139152008, 35.511614972003741 ], [ 138.773793556609064, 35.511385916414802 ], [ 138.773790249862174, 35.511264194129453 ], [ 138.773763360728509, 35.511127694190129 ], [ 138.773730861028668, 35.510962083182591 ], [ 138.773691861126906, 35.51082258289803 ], [ 138.773661750051531, 35.51072180656076 ], [ 138.773637361197046, 35.510670528260668 ], [ 138.773610833222079, 35.510644472204106 ], [ 138.773565555772933, 35.510607667288319 ], [ 138.773515889083058, 35.510575360938027 ], [ 138.773476111200239, 35.510537611074184 ], [ 138.773451750177543, 35.510503443963167 ], [ 138.773431778068129, 35.510456666631491 ], [ 138.773424999875516, 35.510406249778008 ], [ 138.773431472245619, 35.510363916946126 ], [ 138.77345113885994, 35.510320638865828 ], [ 138.773500499727305, 35.510262888903057 ], [ 138.773572971805208, 35.510198806046191 ], [ 138.773610277240692, 35.510158193404237 ], [ 138.773635444076234, 35.510109499744331 ], [ 138.773657277642826, 35.510053639076936 ], [ 138.773675721949388, 35.509967138784219 ], [ 138.773682027983455, 35.509878861232238 ], [ 138.773666638627731, 35.509549667281128 ], [ 138.773624277952621, 35.509249361227106 ], [ 138.773575500571042, 35.509121805854903 ], [ 138.773562971998331, 35.509069833111106 ], [ 138.773555666965848, 35.508999806332724 ], [ 138.773553249527254, 35.508958389013138 ], [ 138.773559167225699, 35.508947139445581 ], [ 138.773569860863319, 35.508924333637886 ], [ 138.773582082631236, 35.508848167100062 ], [ 138.773594389204334, 35.508757472511519 ], [ 138.773592333251884, 35.508650277676161 ], [ 138.773585222387254, 35.508543110774738 ], [ 138.773573166955345, 35.508460694243546 ], [ 138.773542417385443, 35.508333333207446 ], [ 138.773537583490565, 35.508313361042454 ], [ 138.773489583107732, 35.50816744436235 ], [ 138.773430167424721, 35.508010638552605 ], [ 138.773351693498086, 35.507841471524706 ], [ 138.773263778365418, 35.507692527466524 ], [ 138.773212110731862, 35.507582332886649 ], [ 138.773141360952053, 35.50745508328594 ], [ 138.773101083078927, 35.507344861372857 ], [ 138.773091833421262, 35.507336610949082 ], [ 138.773052972023692, 35.507298444779451 ], [ 138.77303902795768, 35.507279361093907 ], [ 138.773027944019788, 35.507249500014474 ], [ 138.773016193428106, 35.507232778098334 ], [ 138.772984693708935, 35.507209555684483 ], [ 138.772930471769769, 35.507170221996383 ], [ 138.772913639088927, 35.507161306264301 ], [ 138.772888750244078, 35.507154778133007 ], [ 138.772854389087058, 35.507150083429224 ], [ 138.77280833300199, 35.507150167231039 ], [ 138.77272575011736, 35.50714738915584 ], [ 138.772660666894808, 35.507142138776942 ], [ 138.77258094381088, 35.507129777859163 ], [ 138.772460306323865, 35.507113917389631 ], [ 138.772336750098191, 35.507107611228022 ], [ 138.772202221589311, 35.50709297204228 ], [ 138.77209108228169, 35.507078888832012 ], [ 138.771972611092082, 35.507060638659141 ], [ 138.771911888950996, 35.50704941702552 ], [ 138.771819721772061, 35.507022110850137 ], [ 138.771769222092388, 35.507005500369388 ], [ 138.771690166317114, 35.506968028343103 ], [ 138.771627167206248, 35.506925138935017 ], [ 138.771566332428193, 35.506878055831841 ], [ 138.771509832536935, 35.506818417174415 ], [ 138.771479222126089, 35.506778222039713 ], [ 138.771451861161324, 35.506725972359455 ], [ 138.771432444051015, 35.506658056245406 ], [ 138.771420250114915, 35.506601221794924 ], [ 138.771414527894052, 35.506560056181151 ], [ 138.77141113896144, 35.506499278239559 ], [ 138.771410943811333, 35.506439806284661 ], [ 138.7714123324551, 35.506380306095465 ], [ 138.771414611389474, 35.50634827848382 ], [ 138.771419277966032, 35.506304471761254 ], [ 138.771476472015451, 35.506065166519591 ], [ 138.771477832827429, 35.506041972039675 ], [ 138.771476332856395, 35.506022332679017 ], [ 138.771491139053779, 35.505903277934571 ], [ 138.771493139342596, 35.505826082646884 ], [ 138.771495360648743, 35.505773306126542 ], [ 138.771496193311123, 35.505736167505326 ], [ 138.771493277846787, 35.505724861469162 ], [ 138.771478332817765, 35.505684639001252 ], [ 138.77146097231477, 35.505641278320596 ], [ 138.771426221512371, 35.505569555681852 ], [ 138.771368943967502, 35.505435082605047 ], [ 138.771354333575118, 35.505405806035753 ], [ 138.771344056104937, 35.505392583370998 ], [ 138.771310889096441, 35.505357832650937 ], [ 138.771284694448383, 35.505322860862293 ], [ 138.771246610704452, 35.505222444362204 ], [ 138.771218056573474, 35.505172916889265 ], [ 138.771193971576878, 35.505132806157107 ], [ 138.771175249607069, 35.505115416830108 ], [ 138.771153166863883, 35.505092556055629 ], [ 138.771106972274595, 35.505039806267767 ], [ 138.771075472555452, 35.504987000011297 ], [ 138.771006332764216, 35.504871777923306 ], [ 138.770977638819318, 35.504805166894862 ], [ 138.770948639379299, 35.504737278114021 ], [ 138.770936222461273, 35.504717416483317 ], [ 138.770890610702907, 35.504657916594489 ], [ 138.770844083114156, 35.504615389426505 ], [ 138.770768777757638, 35.504517249992915 ], [ 138.770766611132814, 35.504514277581613 ], [ 138.770729832537228, 35.504464138565687 ], [ 138.770615194279458, 35.504348055932176 ], [ 138.770499472218148, 35.504243805574184 ], [ 138.770482138564688, 35.504210055970418 ], [ 138.770401721977436, 35.504111778068605 ], [ 138.770396916896686, 35.504113639430045 ], [ 138.770353693762814, 35.504099749654799 ], [ 138.770332250169048, 35.504094000069394 ], [ 138.77031552816058, 35.504090638385144 ], [ 138.770277889070798, 35.504088138447869 ], [ 138.770264360517388, 35.504086444089324 ], [ 138.770247361500537, 35.50407911098003 ], [ 138.770184749743009, 35.504052082642204 ], [ 138.770001556162129, 35.503967221741249 ], [ 138.769855167044028, 35.503905111080485 ], [ 138.769773666980683, 35.503868749803694 ], [ 138.769624777910877, 35.503813221940632 ], [ 138.769551360861044, 35.503787916796391 ], [ 138.76949002805722, 35.503774083489738 ], [ 138.76933277798318, 35.503767028218007 ], [ 138.769300138796837, 35.503769583122065 ], [ 138.769227556373977, 35.503786916881552 ], [ 138.769140472266514, 35.503819778005862 ], [ 138.769053139309904, 35.503852417160502 ], [ 138.769004778095791, 35.503873110501679 ], [ 138.768969111135561, 35.50388869403475 ], [ 138.768957388375696, 35.50389391708044 ], [ 138.768932556176793, 35.50390341672194 ], [ 138.768923916527001, 35.50390705624374 ], [ 138.768759333261244, 35.50398205616419 ], [ 138.768600499720719, 35.504045194073001 ], [ 138.768480778391535, 35.504084388992503 ], [ 138.768422138724958, 35.504103028438323 ], [ 138.76840119348438, 35.504113361592495 ], [ 138.768382833000686, 35.504136721573481 ], [ 138.768366166983299, 35.504166917259447 ], [ 138.768359527949741, 35.504186805622631 ], [ 138.768357917306332, 35.504210138570777 ], [ 138.768363028209592, 35.504235500483993 ], [ 138.768379056059871, 35.50425944407403 ], [ 138.768400943652921, 35.504284083609605 ], [ 138.768426138975144, 35.504301861308456 ], [ 138.76844547160772, 35.504311416517467 ], [ 138.768477360972241, 35.504323694234166 ], [ 138.768518500321875, 35.504333193875667 ], [ 138.768552027834232, 35.504333110974947 ], [ 138.768572138447837, 35.504330332899748 ], [ 138.768593916678242, 35.504318639092467 ], [ 138.768612332825541, 35.504308972147705 ], [ 138.768633278066119, 35.504306889417308 ], [ 138.7686567782672, 35.504313000341718 ], [ 138.768676110899776, 35.504324611548647 ], [ 138.768695444514634, 35.504341027693286 ], [ 138.768705555648779, 35.504352666834151 ], [ 138.768751888742258, 35.504388750273385 ], [ 138.768781277827628, 35.504420555614992 ], [ 138.768788333028652, 35.50443463912562 ], [ 138.768789333009352, 35.504455611205451 ], [ 138.768782861294113, 35.504470861033084 ], [ 138.768771693533353, 35.504481944198474 ], [ 138.768745611522291, 35.504491528242518 ], [ 138.768711610869104, 35.504498472078865 ], [ 138.768636277353323, 35.504507110874492 ], [ 138.768597082956319, 35.504514527785595 ], [ 138.768587694139597, 35.504519083720787 ], [ 138.768577333173994, 35.504529111103466 ], [ 138.768567417189956, 35.504547249540586 ], [ 138.768567500030542, 35.50456538887881 ], [ 138.768574194400287, 35.504579861662378 ], [ 138.768584193879747, 35.504588916763787 ], [ 138.76860194402812, 35.504592499816987 ], [ 138.768657361098121, 35.504600527970716 ], [ 138.768691750086958, 35.504609500471773 ], [ 138.76870508250795, 35.504620332832445 ], [ 138.768712917654597, 35.504642972538349 ], [ 138.768712972335948, 35.504658389368878 ], [ 138.768696416663488, 35.504677472153332 ], [ 138.768662111170102, 35.504696555838876 ], [ 138.768610110537082, 35.504721138905843 ], [ 138.768576917661363, 35.504737528017642 ], [ 138.768549222059988, 35.504737582984419 ], [ 138.768520388956006, 35.504728582549426 ], [ 138.76849477812118, 35.504698750305018 ], [ 138.768463611074054, 35.504649889041488 ], [ 138.768433582839265, 35.504617332787568 ], [ 138.768392499808101, 35.504595667165127 ], [ 138.768358110819293, 35.504587583143518 ], [ 138.768303778207724, 35.504575027589269 ], [ 138.768259166430056, 35.504552221781566 ], [ 138.768209471580917, 35.504534777788152 ], [ 138.768141305903157, 35.504510861230955 ], [ 138.768076833343343, 35.504485443449859 ], [ 138.768021527600609, 35.504453972714785 ], [ 138.767975389002373, 35.504410443829769 ], [ 138.767951332819905, 35.504368360901509 ], [ 138.767927222283532, 35.504306722114045 ], [ 138.767886444092625, 35.504251193650255 ], [ 138.76785580617738, 35.504235750387608 ], [ 138.767843111268633, 35.504233306017845 ], [ 138.767834805928032, 35.504233306017845 ], [ 138.767824749802656, 35.504235110910685 ], [ 138.767816472293873, 35.504241221835095 ], [ 138.767813000193257, 35.504253028279223 ], [ 138.767812610875325, 35.50426374980524 ], [ 138.767816582966248, 35.504278027651978 ], [ 138.767821083206798, 35.504299277569366 ], [ 138.767825777615172, 35.504340167147774 ], [ 138.767829250043178, 35.504366194369304 ], [ 138.767821361197491, 35.504384777947244 ], [ 138.767804360216047, 35.504395971947297 ], [ 138.767783916930398, 35.504399722003392 ], [ 138.76776572180043, 35.504395139035353 ], [ 138.767747471989139, 35.504379361466547 ], [ 138.76772466692853, 35.504357111333952 ], [ 138.76770069456893, 35.504317221670384 ], [ 138.767651832709618, 35.504215500385058 ], [ 138.767643471705384, 35.50420252852502 ], [ 138.767632110431663, 35.504197000308565 ], [ 138.76761925016919, 35.504196416699514 ], [ 138.767598110760787, 35.504200777697868 ], [ 138.767579250286758, 35.504208860518013 ], [ 138.767555833581127, 35.504217556082608 ], [ 138.767533944023484, 35.504218833234276 ], [ 138.767511249635277, 35.504212722309866 ], [ 138.767491583348374, 35.504206582550424 ], [ 138.767474917003568, 35.5041948608092 ], [ 138.767450666980693, 35.50417947161224 ], [ 138.767408528305225, 35.504147555736346 ], [ 138.767390777501987, 35.504137110846422 ], [ 138.767384832954036, 35.504136055964807 ], [ 138.767380360545303, 35.504136833008872 ], [ 138.767377222099043, 35.504138667637832 ], [ 138.767375555464554, 35.504142749597172 ], [ 138.767362610724348, 35.504145667041698 ], [ 138.767340860653206, 35.504145889311737 ], [ 138.767315888967801, 35.504145943978159 ], [ 138.767290888795685, 35.504145555606307 ], [ 138.76727313897473, 35.504151055888826 ], [ 138.767267610921692, 35.504158333130242 ], [ 138.767259305581092, 35.504166499752202 ], [ 138.767244389366198, 35.504188805752669 ], [ 138.767230000318591, 35.504202889263297 ], [ 138.767207278098567, 35.504220666962148 ], [ 138.767184555551097, 35.504234332965524 ], [ 138.767157638913062, 35.504243944042415 ], [ 138.767106277756881, 35.504257917018755 ], [ 138.76707772264362, 35.504257000605364 ], [ 138.767069082666382, 35.50425524947785 ], [ 138.767055278086872, 35.504250167303304 ], [ 138.767035194650191, 35.504241943912376 ], [ 138.767015332885734, 35.504232110865807 ], [ 138.766998083055142, 35.504224917125839 ], [ 138.766987056418031, 35.504221611309468 ], [ 138.766970917240513, 35.504221471940149 ], [ 138.766968639288422, 35.504222166984583 ], [ 138.766945056246783, 35.504229332790615 ], [ 138.766920556065031, 35.504240806430403 ], [ 138.766898443525434, 35.504253971425086 ], [ 138.766880056192235, 35.504269500291741 ], [ 138.76687705592272, 35.50427641679488 ], [ 138.766876639427835, 35.504281194099022 ], [ 138.766850917265742, 35.504317194036808 ], [ 138.766847943845761, 35.50432088912612 ], [ 138.766846666856651, 35.504323972071717 ], [ 138.766846333202324, 35.504326778080852 ], [ 138.766849805630358, 35.504357639075131 ], [ 138.766852527909151, 35.504374193688001 ], [ 138.766847249687572, 35.504403972167083 ], [ 138.766841222299064, 35.504417221864678 ], [ 138.766817694266166, 35.504438249812388 ], [ 138.766781305970824, 35.504462389540727 ], [ 138.766727278199482, 35.504498027839141 ], [ 138.766667611047836, 35.504548833064476 ], [ 138.766666667713082, 35.504549638943573 ], [ 138.766649111077669, 35.504564582999713 ], [ 138.766582027893719, 35.504625278340946 ], [ 138.766528694607985, 35.504671305661411 ], [ 138.766458861313453, 35.504735027780001 ], [ 138.766444694265459, 35.504748611183025 ], [ 138.766423944175017, 35.504755444184717 ], [ 138.766405582709041, 35.504755500052596 ], [ 138.766388389524337, 35.504753111550706 ], [ 138.766372943522697, 35.504747806505392 ], [ 138.76635216658272, 35.50473622233131 ], [ 138.766327805887471, 35.504719805886303 ], [ 138.766298721642301, 35.504705333102727 ], [ 138.766263111327987, 35.504700556098953 ], [ 138.766235861035625, 35.504699167511902 ], [ 138.766218666868639, 35.504700167426741 ], [ 138.76619972158943, 35.5047079718086 ], [ 138.766184361047806, 35.50471963858304 ], [ 138.766174917549762, 35.504735639322988 ], [ 138.766169639328183, 35.504753111550706 ], [ 138.766166139068332, 35.504767666934633 ], [ 138.76616561124618, 35.504790444207671 ], [ 138.766168694028806, 35.504823389133797 ], [ 138.766169360355178, 35.504849083550987 ], [ 138.766172360624665, 35.50486022168316 ], [ 138.766182111254977, 35.504874082923742 ], [ 138.766199278245011, 35.50488602753574 ], [ 138.766219666849338, 35.504891332881414 ], [ 138.766241666751938, 35.504891277914638 ], [ 138.766280806140202, 35.504891861523689 ], [ 138.766291417264682, 35.50489916669904 ], [ 138.766297166662497, 35.504912472264515 ], [ 138.766295583196012, 35.504926471973327 ], [ 138.766285027735165, 35.504941167026942 ], [ 138.766264694139608, 35.504951222343557 ], [ 138.766237805988254, 35.504953943649781 ], [ 138.766201111215508, 35.504952027922286 ], [ 138.766171777793744, 35.504956083149146 ], [ 138.766138416617423, 35.504968139496896 ], [ 138.766122971598065, 35.504980194042453 ], [ 138.766099917688308, 35.504999888970623 ], [ 138.766085194004091, 35.505015833241963 ], [ 138.76606936130392, 35.50502383256066 ], [ 138.766051722155368, 35.505027389482109 ], [ 138.766035139305984, 35.505027139278127 ], [ 138.766013333571209, 35.505024861310531 ], [ 138.765977832946987, 35.505011055937821 ], [ 138.765950832486084, 35.504995250435073 ], [ 138.765924888651767, 35.504968000127569 ], [ 138.76590219426356, 35.504942499746122 ], [ 138.765882582985455, 35.504928999844537 ], [ 138.765867638938715, 35.504923278493436 ], [ 138.765847361006792, 35.504923306427379 ], [ 138.765822472161943, 35.50492505545234 ], [ 138.765799277783401, 35.504925111320212 ], [ 138.765780194327419, 35.504921416831628 ], [ 138.765765693625127, 35.504916388722776 ], [ 138.765751556046155, 35.504906582709054 ], [ 138.765734944055197, 35.504891028011016 ], [ 138.765723694436161, 35.504875138706453 ], [ 138.765717139225501, 35.504852082694768 ], [ 138.76572119415701, 35.504795778088017 ], [ 138.765467332654595, 35.50473761151909 ], [ 138.765410305596049, 35.504729693899648 ], [ 138.765373917300707, 35.504731388258193 ], [ 138.765302528371478, 35.504754888509609 ], [ 138.765258305911772, 35.50475255557523 ], [ 138.765202138692558, 35.504722110886739 ], [ 138.765150111210033, 35.50474233325572 ], [ 138.765062777925976, 35.504794832839593 ], [ 138.765034360334596, 35.504823833373521 ], [ 138.765042332675733, 35.504848749845557 ], [ 138.765054193939818, 35.504872861639953 ], [ 138.76508669363966, 35.504885667097824 ], [ 138.765129943950484, 35.504887972098267 ], [ 138.765240916594678, 35.504849917063659 ], [ 138.765256666454235, 35.50485391642264 ], [ 138.765260666704449, 35.504873193543197 ], [ 138.76524305604255, 35.504898193817048 ], [ 138.765173360597345, 35.504929694288251 ], [ 138.765127193839874, 35.504941056192287 ], [ 138.765074361199339, 35.504941944071007 ], [ 138.765043860806031, 35.504921778471001 ], [ 138.765017056477518, 35.504895444576881 ], [ 138.765008138837032, 35.504893638782953 ], [ 138.765003694260116, 35.50490002754492 ], [ 138.765023888696618, 35.504937333169032 ], [ 138.765020582604592, 35.504949167246735 ], [ 138.764996083405123, 35.504951972354775 ], [ 138.764980472049757, 35.504945611226383 ], [ 138.764962472069925, 35.504875943684453 ], [ 138.764948194349557, 35.504871611521132 ], [ 138.764916083312812, 35.50487313947751 ], [ 138.764801971894912, 35.504905499893496 ], [ 138.764730638629345, 35.504921721702033 ], [ 138.764678860978279, 35.504913082906405 ], [ 138.764660943839004, 35.504891222046759 ], [ 138.764660778485279, 35.504874222293068 ], [ 138.764664749921366, 35.504861388901261 ], [ 138.764680833107832, 35.504843388932365 ], [ 138.764700943721436, 35.504828332539745 ], [ 138.764727332537319, 35.504817999385573 ], [ 138.764768972204735, 35.504808389209778 ], [ 138.764817861240999, 35.504796805936792 ], [ 138.764843138421497, 35.504783499470221 ], [ 138.764860305411531, 35.504763583173109 ], [ 138.7648652778106, 35.504741193671194 ], [ 138.764864194334478, 35.504713028752484 ], [ 138.76485497250863, 35.504685721676012 ], [ 138.764837721695727, 35.504673305791449 ], [ 138.764807306762435, 35.504673389292897 ], [ 138.764768832718232, 35.504680082925262 ], [ 138.764728360677253, 35.504696750174979 ], [ 138.764688917103655, 35.504721693679862 ], [ 138.764653528134119, 35.504737528017642 ], [ 138.764565582550176, 35.504764527520429 ], [ 138.764542166826857, 35.504773500021486 ], [ 138.764517638813288, 35.504782693891492 ], [ 138.764500167637891, 35.504794832839593 ], [ 138.764478055753187, 35.504810777711668 ], [ 138.764457582998546, 35.504816750167848 ], [ 138.764439471364028, 35.504815306013285 ], [ 138.764420749394191, 35.504809917166156 ], [ 138.764401416434197, 35.504796638633529 ], [ 138.764367610931146, 35.504785389065972 ], [ 138.764330805486026, 35.504783471836653 ], [ 138.764292221751759, 35.504790971948843 ], [ 138.764258500071577, 35.504806832418375 ], [ 138.764241055745714, 35.504822638822212 ], [ 138.764234333216734, 35.504833278048238 ], [ 138.764233249740585, 35.504835000040359 ], [ 138.764225860885233, 35.504858556159647 ], [ 138.764210360857106, 35.504937944712026 ], [ 138.764178332660947, 35.50503025015766 ], [ 138.764133083043589, 35.505139527723415 ], [ 138.764087750258227, 35.50522983303901 ], [ 138.76399788886323, 35.505392111197338 ], [ 138.763875000273629, 35.505561667798538 ], [ 138.763856388648776, 35.505594027914157 ], [ 138.763850222101183, 35.50561558300231 ], [ 138.763852416557825, 35.50565586073737 ], [ 138.763861583374904, 35.505706305524789 ], [ 138.763873528134411, 35.505752750352499 ], [ 138.763867417250452, 35.5057907780539 ], [ 138.763851582913134, 35.505827082862083 ], [ 138.763832944438747, 35.505849806069435 ], [ 138.763802416868486, 35.505871110953599 ], [ 138.763767111394401, 35.505885389401065 ], [ 138.763714943443063, 35.505897361045903 ], [ 138.763639638741409, 35.505912221600596 ], [ 138.763612416935729, 35.505922221950428 ], [ 138.763595083609658, 35.505936971970826 ], [ 138.76358180586999, 35.505957389276638 ], [ 138.763572056549435, 35.505989638857969 ], [ 138.763567944644535, 35.506009471653634 ], [ 138.763569443960705, 35.506029666689408 ], [ 138.76357774995617, 35.506045888798305 ], [ 138.763599167355295, 35.506067666757232 ], [ 138.763634610678707, 35.50608541652214 ], [ 138.763652083491252, 35.506097667205999 ], [ 138.763656777899627, 35.506108500467768 ], [ 138.763657082739854, 35.5061120832206 ], [ 138.763643388832719, 35.506130805266771 ], [ 138.763502055936556, 35.506171666911243 ], [ 138.763469083095885, 35.506182972346679 ], [ 138.763452666909956, 35.506200250238294 ], [ 138.763407221487626, 35.506323222642457 ], [ 138.76340094426763, 35.506359221378787 ], [ 138.763406500152485, 35.506377193714108 ], [ 138.763417556586006, 35.506394416338573 ], [ 138.763453055245606, 35.506416806140855 ], [ 138.763481222023245, 35.506431722263059 ], [ 138.763503277916897, 35.506441916948994 ], [ 138.763516889310893, 35.506456861005134 ], [ 138.763522722204158, 35.506475110877645 ], [ 138.763522444540882, 35.506492582805002 ], [ 138.763512667061065, 35.506508944283226 ], [ 138.763501861768731, 35.506515888720308 ], [ 138.763493721781856, 35.506516750467277 ], [ 138.763485250105248, 35.506514000326021 ], [ 138.763476416942495, 35.506507639197622 ], [ 138.763470639057999, 35.506499611043893 ], [ 138.763462805875918, 35.506493250215868 ], [ 138.763432583145857, 35.506478082988586 ], [ 138.763423749983104, 35.506474778073311 ], [ 138.763419694069285, 35.506475638618824 ], [ 138.763417332621771, 35.506479499509574 ], [ 138.763419389229057, 35.506484778423143 ], [ 138.763433000623053, 35.506498306258656 ], [ 138.763439472010873, 35.506506332610201 ], [ 138.763439222179414, 35.506522111080102 ], [ 138.763436056556202, 35.506532610936809 ], [ 138.763421972021376, 35.5065394439385 ], [ 138.763404055864385, 35.506544194209795 ], [ 138.76339063896566, 35.506553138776916 ], [ 138.763386832883299, 35.506564139341947 ], [ 138.763386888546933, 35.506586138369457 ], [ 138.763394833383671, 35.50661311083941 ], [ 138.763509221809983, 35.506806166490563 ], [ 138.763539833530558, 35.506853999604957 ], [ 138.76357863860963, 35.50689463927975 ], [ 138.763618582828428, 35.50692997180667 ], [ 138.763660832831135, 35.506954305570751 ], [ 138.763698944406912, 35.506970528580744 ], [ 138.76374583315436, 35.506977610584954 ], [ 138.763788610324355, 35.50697847233193 ], [ 138.763825499592343, 35.506973110517642 ], [ 138.763856360816959, 35.506963167537513 ], [ 138.763872443348561, 35.506951944101701 ], [ 138.763878833205524, 35.506935472089189 ], [ 138.763873944301878, 35.506924278089144 ], [ 138.763860222562954, 35.506912444011441 ], [ 138.763857777292543, 35.50690522143644 ], [ 138.763860972712166, 35.50689399980282 ], [ 138.763871416518356, 35.506888721790347 ], [ 138.763890750133214, 35.506889333333341 ], [ 138.763911722223327, 35.506893889268525 ], [ 138.763938306189317, 35.506893833400653 ], [ 138.76403491663541, 35.506884416659872 ], [ 138.764237777812951, 35.506852361114284 ], [ 138.764299750093613, 35.506855999734995 ], [ 138.764344194552962, 35.506864222224834 ], [ 138.764378527878165, 35.506882332728019 ], [ 138.764393444093059, 35.506912583380768 ], [ 138.7643907774779, 35.50694741670118 ], [ 138.764362167355841, 35.506979277910659 ], [ 138.764315972111717, 35.507006611118882 ], [ 138.764297472141521, 35.507009694064479 ], [ 138.764275249911833, 35.507011249654433 ], [ 138.76426694358895, 35.507016582633682 ], [ 138.764257722090548, 35.507033999894617 ], [ 138.764237499822229, 35.507074194128229 ], [ 138.76419872192011, 35.507115916618574 ], [ 138.764171111123915, 35.507159888842217 ], [ 138.764149055885099, 35.507212167357508 ], [ 138.764128832961944, 35.507261443725369 ], [ 138.764107666376589, 35.507295556169964 ], [ 138.764044943291822, 35.507374416680804 ], [ 138.764019166775824, 35.507416138870788 ], [ 138.764006305858516, 35.507454027503229 ], [ 138.764002693943979, 35.507481277810733 ], [ 138.764002860279987, 35.507526693588204 ], [ 138.764015971683648, 35.507571333222714 ], [ 138.764080333571087, 35.50772275018533 ], [ 138.764107666376589, 35.507798639486325 ], [ 138.764114778223529, 35.507836610719117 ], [ 138.764112528103254, 35.507861943797302 ], [ 138.764094056292322, 35.507898694347041 ], [ 138.764060111302769, 35.507936110805815 ], [ 138.763994666594073, 35.507981221712889 ], [ 138.763937528208288, 35.508014555911963 ], [ 138.763900999771579, 35.508041306412231 ], [ 138.763868471912474, 35.508076222333003 ], [ 138.763843971730722, 35.508112750312328 ], [ 138.763837333024611, 35.508120943967135 ], [ 138.763828694029684, 35.508122582457801 ], [ 138.763822028474038, 35.508120443859532 ], [ 138.763799333103549, 35.508106332715329 ], [ 138.763750666394344, 35.508086277649618 ], [ 138.763699388733613, 35.508078778438517 ], [ 138.763644138981931, 35.508081611180131 ], [ 138.763574277855582, 35.508100833333906 ], [ 138.763529083246993, 35.508121611377994 ], [ 138.763500527806286, 35.508147277861248 ], [ 138.763482667312928, 35.508178889167112 ], [ 138.763477444100118, 35.508211000280205 ], [ 138.763484860787287, 35.508240389185978 ], [ 138.763498889331061, 35.508254499429086 ], [ 138.763519556580917, 35.508265360624797 ], [ 138.763539555867283, 35.508275111071008 ], [ 138.763556250043933, 35.508290861006245 ], [ 138.763568306130679, 35.508311528215678 ], [ 138.763568388971265, 35.508333333207446 ], [ 138.763568416803082, 35.508344722144329 ], [ 138.763550583159258, 35.508382332939213 ], [ 138.763533306479133, 35.508400888583218 ], [ 138.763492750615285, 35.508415111162812 ], [ 138.763464139510944, 35.508417917171947 ], [ 138.763445471567564, 35.508414693955928 ], [ 138.763433416790548, 35.508407278246281 ], [ 138.763408000123519, 35.508357417067913 ], [ 138.76339508321513, 35.508333333207446 ], [ 138.763390000471105, 35.508323888532729 ], [ 138.763371028342391, 35.508309306115962 ], [ 138.76334888862587, 35.508305055952263 ], [ 138.763294193873293, 35.508313778249338 ], [ 138.763238221804187, 35.508333333207446 ], [ 138.763224832737279, 35.508338027610868 ], [ 138.763191222384364, 35.508360472079566 ], [ 138.76317444372998, 35.508383750060929 ], [ 138.763169000154676, 35.508400277941327 ], [ 138.763161943971369, 35.508421639594467 ], [ 138.763149555867443, 35.508498250071646 ], [ 138.763134193688643, 35.508627361033803 ], [ 138.763117860998165, 35.508778860897138 ], [ 138.763100416672273, 35.508915721574738 ], [ 138.763092222331494, 35.50898286124545 ], [ 138.763084944148545, 35.509011278170327 ], [ 138.763067305654829, 35.509046027989292 ], [ 138.763041721669509, 35.509100694105378 ], [ 138.763018667432334, 35.509183610744174 ], [ 138.762992472129412, 35.509298805799325 ], [ 138.76298308331269, 35.50937119404675 ], [ 138.762983193657647, 35.509406721810869 ], [ 138.762985693936798, 35.509438943458257 ], [ 138.763003582261945, 35.509494166450914 ], [ 138.763021443737586, 35.509546111260775 ], [ 138.76303852821448, 35.509600028266739 ], [ 138.763045139088803, 35.509656583077472 ], [ 138.763041250493274, 35.509700667036867 ], [ 138.76302455533434, 35.509758583401812 ], [ 138.762999778144177, 35.509808000040096 ], [ 138.7629778329229, 35.509840917032285 ], [ 138.762975388634828, 35.509843722140324 ], [ 138.762974582821954, 35.509844361617255 ], [ 138.762878667516333, 35.509919389171273 ], [ 138.762877860721176, 35.509920027747107 ], [ 138.762873167295112, 35.509923082758768 ], [ 138.762848138963761, 35.509939249900881 ], [ 138.762788693811757, 35.509968972512091 ], [ 138.762731638921423, 35.509992111124127 ], [ 138.762656889218846, 35.510017277800145 ], [ 138.762571693745514, 35.510039194227303 ], [ 138.762490500159544, 35.510063694393551 ], [ 138.761595167416488, 35.510366944023851 ], [ 138.76154452857773, 35.510383499838177 ], [ 138.761509971943156, 35.510392138633804 ], [ 138.761457666469909, 35.510395528251991 ], [ 138.761404582360768, 35.510395638786278 ], [ 138.761359528220993, 35.510399693712777 ], [ 138.761330582480014, 35.510405027593123 ], [ 138.761298443611452, 35.510416278061776 ], [ 138.761270278470988, 35.510422917027725 ], [ 138.761248556231664, 35.510422944060565 ], [ 138.761193833319851, 35.510415193744393 ], [ 138.761155193921923, 35.510409361558636 ], [ 138.761127832957186, 35.510406777819547 ], [ 138.760895333190234, 35.510413860724853 ], [ 138.760758556198255, 35.510422056482213 ], [ 138.760482888633646, 35.510440166985397 ], [ 138.760382693449969, 35.510451944294132 ], [ 138.760315471761828, 35.510464194076889 ], [ 138.760271111125348, 35.510475833217754 ], [ 138.760242889338969, 35.510485806534739 ], [ 138.759890333606194, 35.510631250440454 ], [ 138.759656305709001, 35.510723444450697 ], [ 138.759619972094981, 35.510736167007849 ], [ 138.759596806530539, 35.51073999996467 ], [ 138.759570500555213, 35.510740693206913 ], [ 138.759541944132224, 35.510748583192779 ], [ 138.759461639199685, 35.510781055945245 ], [ 138.759403222187615, 35.510802694534846 ], [ 138.759125943979569, 35.510875499989154 ], [ 138.758976472078842, 35.510909056458267 ], [ 138.758900917545731, 35.510925166831413 ], [ 138.758835971845059, 35.5109452495307 ], [ 138.758770193809482, 35.510967999770891 ], [ 138.758712556088199, 35.510995361513785 ], [ 138.758639556515561, 35.511043388964289 ], [ 138.758570583060333, 35.51108608253444 ], [ 138.758514610991227, 35.511119443766354 ], [ 138.758461832377179, 35.51114547188898 ], [ 138.758420417001446, 35.511158193845404 ], [ 138.758334306025148, 35.511173777979202 ], [ 138.758333332893983, 35.511173943480273 ], [ 138.758297722252252, 35.511180389011209 ], [ 138.758268499830308, 35.511186417034899 ], [ 138.758244916788669, 35.511191805882028 ], [ 138.758231139386083, 35.511194472221476 ], [ 138.758209971818445, 35.511193860678489 ], [ 138.758188861224141, 35.511195221631965 ], [ 138.75816041743812, 35.511201943799001 ], [ 138.758141721335505, 35.51120200056797 ], [ 138.75812383301033, 35.511198028241829 ], [ 138.758094556561929, 35.511194110882471 ], [ 138.758067721782169, 35.511195500370619 ], [ 138.75804011164081, 35.511202194002983 ], [ 138.758013277515914, 35.511204249700533 ], [ 138.757994583377894, 35.511200306209425 ], [ 138.75797911150903, 35.511191693545548 ], [ 138.757943250053557, 35.511167193980029 ], [ 138.757875666879272, 35.511132750232925 ], [ 138.757796721776401, 35.511108333568124 ], [ 138.757614916511841, 35.511067471923653 ], [ 138.757470389178366, 35.511046416943103 ], [ 138.757295110310366, 35.511035472245943 ], [ 138.757173721691828, 35.511043278429995 ], [ 138.757087694538427, 35.511053527782352 ], [ 138.757030888824659, 35.511071221979748 ], [ 138.756770027784825, 35.511218443745456 ], [ 138.756658471327427, 35.511318333405463 ], [ 138.756627028254201, 35.511370110912054 ], [ 138.756606888826497, 35.51142925036298 ], [ 138.75660022228854, 35.511469888836309 ], [ 138.756604861033281, 35.511509583262679 ], [ 138.756633305801614, 35.511573249813758 ], [ 138.756674777823292, 35.511622860788151 ], [ 138.756696610734991, 35.511649806225257 ], [ 138.75672450050422, 35.511673083605892 ], [ 138.756762111107321, 35.511691444012698 ], [ 138.756868110697582, 35.511725611123708 ], [ 138.756962805660038, 35.51175058256252 ], [ 138.757002667038279, 35.511763388921487 ], [ 138.757056999649819, 35.511789944184557 ], [ 138.757079027711683, 35.51180788918667 ], [ 138.757092888937137, 35.511823777590131 ], [ 138.75710927827356, 35.511847861450597 ], [ 138.757132582342194, 35.511866277725275 ], [ 138.757163416389858, 35.511883693784753 ], [ 138.757189860869346, 35.511898528207695 ], [ 138.757214361378544, 35.51190925003408 ], [ 138.757227583127161, 35.511920499601636 ], [ 138.757238332755861, 35.511934360842218 ], [ 138.757259777986775, 35.51197024994535 ], [ 138.757283806010008, 35.512017943690417 ], [ 138.757322278089617, 35.512073806160004 ], [ 138.757362610971512, 35.512124055710224 ], [ 138.757364556251559, 35.512135860952888 ], [ 138.757359527861439, 35.512139444006088 ], [ 138.757351806334071, 35.512138222722299 ], [ 138.757303638632919, 35.512116056091159 ], [ 138.757263417405682, 35.51210533276295 ], [ 138.757245193461614, 35.512102221883417 ], [ 138.757233055516565, 35.512104944090737 ], [ 138.757222611710375, 35.512113556153885 ], [ 138.757213278557288, 35.512128916515813 ], [ 138.757206193559853, 35.512156443759778 ], [ 138.757203500095159, 35.512181722171547 ], [ 138.757207443699428, 35.512202471981333 ], [ 138.757219082636425, 35.512221860537281 ], [ 138.757242360837864, 35.512252471627939 ], [ 138.757252971962345, 35.512286305934609 ], [ 138.757252527635643, 35.512321027819638 ], [ 138.757236639271866, 35.512361249987187 ], [ 138.757185556106378, 35.512420666374567 ], [ 138.757171472553864, 35.512437749930072 ], [ 138.757165388519411, 35.51245155560315 ], [ 138.757163888548376, 35.512464110857032 ], [ 138.757164860697259, 35.512477139486045 ], [ 138.757171056058951, 35.512496444240178 ], [ 138.757177555606006, 35.512514999884182 ], [ 138.757176361130064, 35.512528306350745 ], [ 138.757170138918838, 35.512540500265629 ], [ 138.75715661134771, 35.512554222136892 ], [ 138.75700891740874, 35.51268100046503 ], [ 138.756917971555282, 35.512777721575439 ], [ 138.756905611283173, 35.512799861173733 ], [ 138.756903444003484, 35.512814722329153 ], [ 138.756903499667089, 35.512826694274359 ], [ 138.75691508294048, 35.512841556330876 ], [ 138.756926167205791, 35.512849500082062 ], [ 138.756929749978781, 35.51285747266828 ], [ 138.75692691637272, 35.512866527769688 ], [ 138.756901611360405, 35.512885444151969 ], [ 138.756874306059274, 35.51291025008971 ], [ 138.756843333179972, 35.512954249646562 ], [ 138.756826806649087, 35.512991943642533 ], [ 138.756827527656782, 35.513025805883139 ], [ 138.75682730565714, 35.513057833494791 ], [ 138.756812249955743, 35.513091666900365 ], [ 138.756791610537675, 35.51311088905414 ], [ 138.756755806055537, 35.513127888807837 ], [ 138.756702056274889, 35.51313363899397 ], [ 138.756594527899495, 35.513137249981106 ], [ 138.756513166995205, 35.513131778533619 ], [ 138.756441444411678, 35.513128556218696 ], [ 138.756368388847989, 35.513137722154767 ], [ 138.756269722449446, 35.513168306212577 ], [ 138.756144194094219, 35.513213806392599 ], [ 138.756049777777321, 35.513249833363226 ], [ 138.755983027592862, 35.513285806268172 ], [ 138.755946249652141, 35.51332075012288 ], [ 138.755911777822718, 35.513359472267986 ], [ 138.755877360674646, 35.513406667106914 ], [ 138.755851083513448, 35.513484027595318 ], [ 138.755836250139112, 35.513529277871712 ], [ 138.7558213060924, 35.513547221972729 ], [ 138.755776582660047, 35.513582082325989 ], [ 138.755755721897202, 35.513598388837437 ], [ 138.755742500148585, 35.51360466706511 ], [ 138.755709249644667, 35.51361047131693 ], [ 138.755656221853997, 35.513609000129527 ], [ 138.755582944290666, 35.513599693923034 ], [ 138.755490360944293, 35.513582555400752 ], [ 138.755419000501746, 35.513574833018517 ], [ 138.755341916856054, 35.513575778266933 ], [ 138.755321389092671, 35.513579111116151 ], [ 138.75529277798833, 35.51358377758563 ], [ 138.755247499884319, 35.513594111040163 ], [ 138.755142443628841, 35.513594333009841 ], [ 138.75504986028244, 35.513581917125279 ], [ 138.754989111291849, 35.513567860647498 ], [ 138.754948556082866, 35.513549027766665 ], [ 138.754885750157513, 35.513496360879522 ], [ 138.754838361419729, 35.513442889014385 ], [ 138.754805417393158, 35.513394082717632 ], [ 138.754785028133995, 35.513350777604487 ], [ 138.754765472192048, 35.513256250059136 ], [ 138.754755639048597, 35.513197972054819 ], [ 138.754729500391619, 35.513157832787989 ], [ 138.754685027773007, 35.513115361187516 ], [ 138.754631888655098, 35.513072916920251 ], [ 138.75453261093898, 35.512996806250307 ], [ 138.75449683297893, 35.512959943964823 ], [ 138.754417555858879, 35.512906111661771 ], [ 138.754365917039451, 35.512882056335975 ], [ 138.754310832641494, 35.512874861094183 ], [ 138.754270944086301, 35.512877193728194 ], [ 138.754235222117302, 35.512886832739021 ], [ 138.754207777329668, 35.512907693383468 ], [ 138.754188611033129, 35.512936972656043 ], [ 138.754154389035193, 35.512997611228307 ], [ 138.754122472166273, 35.513011028229172 ], [ 138.754089028149366, 35.513022639436095 ], [ 138.754053249534451, 35.513033749634324 ], [ 138.754023889590599, 35.51304005579594 ], [ 138.753997471960616, 35.513042999972939 ], [ 138.753961610505115, 35.513040194264171 ], [ 138.75393930641718, 35.513036861414953 ], [ 138.753929416627813, 35.513033999537946 ], [ 138.753915249579819, 35.5130238057531 ], [ 138.753908778192027, 35.513014528381646 ], [ 138.753897693926717, 35.512998139269847 ], [ 138.753867916505669, 35.512982222031347 ], [ 138.753845944107439, 35.512963722255222 ], [ 138.753831778041786, 35.512943917093125 ], [ 138.753825444175874, 35.512918333210223 ], [ 138.753827693313838, 35.512890167390424 ], [ 138.753837778253342, 35.512857500602216 ], [ 138.753893056164259, 35.512762028409171 ], [ 138.753908666537342, 35.512747917264967 ], [ 138.753939889248102, 35.51272547189518 ], [ 138.753953138828507, 35.512708167271086 ], [ 138.753958556536588, 35.512681916878421 ], [ 138.753953778305345, 35.512659528277595 ], [ 138.753936499660625, 35.51264099936607 ], [ 138.753922333594971, 35.512621833080168 ], [ 138.753918333344785, 35.512598805903515 ], [ 138.753907277893575, 35.5125642774535 ], [ 138.753878138967082, 35.512513138522735 ], [ 138.753843583642208, 35.512472889322346 ], [ 138.753778444756051, 35.51242183299194 ], [ 138.753698638831537, 35.512356472082317 ], [ 138.753654943539118, 35.512309388979141 ], [ 138.753618306067182, 35.512264250138131 ], [ 138.753566388929613, 35.512216249720467 ], [ 138.753496777962141, 35.512163444064733 ], [ 138.753310443970378, 35.512049332726235 ], [ 138.753170222382181, 35.511989972206727 ], [ 138.752989944265607, 35.51192780657918 ], [ 138.752849694190729, 35.51187227781503 ], [ 138.752692917257519, 35.511795610568875 ], [ 138.752586806012573, 35.511734249919328 ], [ 138.752485389503448, 35.511666138868449 ], [ 138.752438193951178, 35.511626778147509 ], [ 138.752402722141085, 35.511579694143236 ], [ 138.752382556518711, 35.511527778168414 ], [ 138.75235630620702, 35.511411388862314 ], [ 138.752352638956296, 35.511369056030439 ], [ 138.752355833393636, 35.511350138747062 ], [ 138.752362610603939, 35.511330278017454 ], [ 138.752363777902957, 35.511307360774367 ], [ 138.75235497158971, 35.511278888882707 ], [ 138.752346167241058, 35.511250917399018 ], [ 138.752327389607615, 35.511211750113091 ], [ 138.75230361141584, 35.511175167467343 ], [ 138.752223027510297, 35.511083693732189 ], [ 138.752149305620236, 35.511006999753555 ], [ 138.752082943771427, 35.510943999411886 ], [ 138.752036971509227, 35.5109111671226 ], [ 138.751994805656807, 35.510893667261307 ], [ 138.751965721739083, 35.510879944488956 ], [ 138.751942278183947, 35.510862388759783 ], [ 138.75192347239124, 35.510837944161047 ], [ 138.751913082611509, 35.510813471928742 ], [ 138.751898610723345, 35.510800472134761 ], [ 138.751779277729781, 35.51074830595595 ], [ 138.751765666663232, 35.510748861030336 ], [ 138.751750778280154, 35.510754194009586 ], [ 138.751743055770447, 35.510765333042855 ], [ 138.751737277885979, 35.510781222047051 ], [ 138.751729583208089, 35.510801888655749 ], [ 138.751719277906119, 35.510825221603902 ], [ 138.751691556110075, 35.51086447149018 ], [ 138.751647721331153, 35.510910138973458 ], [ 138.751581610623532, 35.510945306299675 ], [ 138.75149697178648, 35.510973360684083 ], [ 138.751466360720769, 35.51098394374187 ], [ 138.75145930617461, 35.510988583478877 ], [ 138.751458638865955, 35.510996694232965 ], [ 138.751467139356663, 35.51100477735347 ], [ 138.751513943626378, 35.511020305919757 ], [ 138.751538083304297, 35.511033582650199 ], [ 138.751549443595735, 35.511047471824718 ], [ 138.75155444382662, 35.511064832316691 ], [ 138.751559444057477, 35.5110775560753 ], [ 138.751568693387725, 35.51109086043931 ], [ 138.751592138907455, 35.51110644397238 ], [ 138.751735389251849, 35.51116811039342 ], [ 138.751744638582068, 35.511175056031959 ], [ 138.751747500347363, 35.511184889078528 ], [ 138.751744693590837, 35.511197638968888 ], [ 138.751698889301821, 35.511267805717317 ], [ 138.751691166792142, 35.511294472415777 ], [ 138.75168775035516, 35.51133674968014 ], [ 138.751670971700776, 35.51140744356902 ], [ 138.751649832947237, 35.511438749704112 ], [ 138.751618749722979, 35.511468360879931 ], [ 138.751572082975173, 35.51149158329379 ], [ 138.751518306345019, 35.511512556274717 ], [ 138.751445417117338, 35.511532389070382 ], [ 138.751385944133546, 35.511539471975695 ], [ 138.751343416794981, 35.511534333332548 ], [ 138.751307971834393, 35.511519944350788 ], [ 138.751281693690913, 35.511497972055757 ], [ 138.751247582365352, 35.511463888446194 ], [ 138.751232638318641, 35.511439027842037 ], [ 138.75121913857933, 35.511425139568608 ], [ 138.751202111075798, 35.511417667089987 ], [ 138.751175194110317, 35.511415389122391 ], [ 138.751106499628094, 35.51142363864507 ], [ 138.751054139146106, 35.511438221962941 ], [ 138.751027971675001, 35.511452193737817 ], [ 138.751008194715695, 35.511470749381822 ], [ 138.750979277788844, 35.511511361122672 ], [ 138.750958860697864, 35.511553111246599 ], [ 138.750940417373613, 35.511600611556652 ], [ 138.75091266676344, 35.511668556205365 ], [ 138.750894082315511, 35.511687999728096 ], [ 138.750868722294456, 35.511704666677446 ], [ 138.750839139041233, 35.511722750448158 ], [ 138.750818861436727, 35.51174286108138 ], [ 138.750794389086792, 35.51177686058876 ], [ 138.750747111676247, 35.511821277352496 ], [ 138.750662582529287, 35.511890749957587 ], [ 138.750637249357709, 35.511912944222296 ], [ 138.750635583050666, 35.511924721831392 ], [ 138.750638999487649, 35.511935805897878 ], [ 138.750650028089325, 35.511941333213237 ], [ 138.750661083213117, 35.511951000158 ], [ 138.750662806493523, 35.511962778367824 ], [ 138.750658638925017, 35.511978721738075 ], [ 138.750647777969078, 35.512026527819621 ], [ 138.75065291735902, 35.512050778082255 ], [ 138.750668250068827, 35.512074971575913 ], [ 138.75068777785151, 35.512087417196604 ], [ 138.750697111004627, 35.512094306066167 ], [ 138.750702166899117, 35.512102889294283 ], [ 138.750702639057664, 35.512109861665301 ], [ 138.750699111293414, 35.512119389240738 ], [ 138.750694193575697, 35.512127832799159 ], [ 138.750691972269522, 35.512138471724825 ], [ 138.750694693566032, 35.512149805995286 ], [ 138.750702361394389, 35.512159694008638 ], [ 138.750714055995019, 35.512171388717015 ], [ 138.75077955636732, 35.512237556406831 ], [ 138.75086213925195, 35.512307278314807 ], [ 138.750907861027827, 35.512354917093091 ], [ 138.750937861430828, 35.512393721838556 ], [ 138.750948721731902, 35.512426306026413 ], [ 138.750947222415732, 35.512443832920546 ], [ 138.750940332568433, 35.512445110973303 ], [ 138.750924222205015, 35.512442638669604 ], [ 138.750910388811377, 35.512432639220862 ], [ 138.750880389390687, 35.512402000196268 ], [ 138.750849611006657, 35.51236255597388 ], [ 138.750811943757611, 35.512331916949286 ], [ 138.750773528323947, 35.512308805970818 ], [ 138.750722889157771, 35.512293249770963 ], [ 138.750702194076069, 35.512293278305627 ], [ 138.750691888774099, 35.512295443936743 ], [ 138.7506825834528, 35.512301778032288 ], [ 138.75067938901546, 35.512311389109179 ], [ 138.750680611323247, 35.512320667381729 ], [ 138.750686750038994, 35.512332278288291 ], [ 138.750731582834021, 35.512404500133542 ], [ 138.750747750170802, 35.512442055961642 ], [ 138.750747111676247, 35.512473667267507 ], [ 138.750740667137961, 35.512519000144259 ], [ 138.750721083364226, 35.512548861223699 ], [ 138.750702166899117, 35.512562611028898 ], [ 138.750690500130304, 35.512565028365813 ], [ 138.750679555351496, 35.512564443855673 ], [ 138.750672250319013, 35.512558500234526 ], [ 138.750673694626414, 35.512550139276456 ], [ 138.750685277899777, 35.512531639199963 ], [ 138.750701943917164, 35.512495805664344 ], [ 138.750701889235842, 35.512478528073096 ], [ 138.750693778063066, 35.512445750450233 ], [ 138.750675443774043, 35.512414777720203 ], [ 138.750642499747471, 35.512376082607936 ], [ 138.750592722385221, 35.512319527797203 ], [ 138.750571527968049, 35.512307638752716 ], [ 138.750554278137429, 35.512303250120787 ], [ 138.750535000186204, 35.512304222402058 ], [ 138.750518805999917, 35.512309638882755 ], [ 138.750505361269347, 35.512323222285787 ], [ 138.750489249923646, 35.512353528506047 ], [ 138.750471082625495, 35.512388693729704 ], [ 138.750454472271713, 35.512406306227845 ], [ 138.750443416820502, 35.512419972231221 ], [ 138.750440694541709, 35.512432443983663 ], [ 138.750444193819249, 35.512443778254131 ], [ 138.750456027906381, 35.512463611049796 ], [ 138.75056166699278, 35.512607083360137 ], [ 138.75058838946299, 35.512659194572166 ], [ 138.750594305851706, 35.512711027946636 ], [ 138.750594556010583, 35.512782861119675 ], [ 138.75058197177421, 35.512820917055379 ], [ 138.750570471996298, 35.51283208282112 ], [ 138.75055580594028, 35.512832971600936 ], [ 138.750547361440624, 35.512819277363249 ], [ 138.750547277617756, 35.512789277815585 ], [ 138.750546139132837, 35.512758443854153 ], [ 138.750538638950246, 35.512707917067104 ], [ 138.750517528028524, 35.512653138614539 ], [ 138.750492249865715, 35.512609499795964 ], [ 138.75046488890095, 35.512570999920904 ], [ 138.750402860956655, 35.512503443644036 ], [ 138.750380860726608, 35.512487639042384 ], [ 138.750367138987684, 35.512484028355615 ], [ 138.750350610492177, 35.512486360989627 ], [ 138.750336943434547, 35.51249233254471 ], [ 138.75032122238909, 35.512499278183249 ], [ 138.750299500149765, 35.512506250554267 ], [ 138.750285388765434, 35.512506278488203 ], [ 138.750271277708521, 35.512500721436716 ], [ 138.750257110660556, 35.512486556226825 ], [ 138.750243778239565, 35.512474083573295 ], [ 138.750230861003729, 35.512467499574122 ], [ 138.75021794409534, 35.512463250311519 ], [ 138.750197389155005, 35.512463306179399 ], [ 138.750177249727301, 35.512466972734046 ], [ 138.750164778127925, 35.512473917171121 ], [ 138.750158360439144, 35.51248283290321 ], [ 138.750156777627552, 35.512496999915285 ], [ 138.750156833618604, 35.512511833437138 ], [ 138.750156666955149, 35.512559750353347 ], [ 138.750148444455135, 35.512622333187771 ], [ 138.750114361288809, 35.512740666756031 ], [ 138.750103194182913, 35.51277269346658 ], [ 138.750086777996984, 35.512791443446694 ], [ 138.750064860607523, 35.512804193937782 ], [ 138.750050194551505, 35.512802721849283 ], [ 138.750037361138567, 35.512792278160823 ], [ 138.750029056125385, 35.512773582847124 ], [ 138.750027110845338, 35.51273094334266 ], [ 138.750032388739498, 35.512662833192877 ], [ 138.750023167241068, 35.512642666691775 ], [ 138.750007582735208, 35.512635194513521 ], [ 138.750000971860914, 35.512633860592885 ], [ 138.749999999712031, 35.512633667458239 ], [ 138.749985611646736, 35.512630750013713 ], [ 138.749959083344351, 35.512637555982565 ], [ 138.749929860922407, 35.512658555996332 ], [ 138.749901556295441, 35.512675832986851 ], [ 138.749859500460559, 35.512694638534477 ], [ 138.74982749976877, 35.512702916892188 ], [ 138.749802778569659, 35.512699221502508 ], [ 138.749790860659658, 35.512691777858926 ], [ 138.749790805650917, 35.512676055857625 ], [ 138.749799916804363, 35.512667056323728 ], [ 138.749844693935756, 35.512643777441269 ], [ 138.749898583202906, 35.512603999513445 ], [ 138.749931416557075, 35.512573249954556 ], [ 138.749949610704732, 35.512536555873425 ], [ 138.74994955602341, 35.512514861415951 ], [ 138.749942167168058, 35.512496167303716 ], [ 138.749927527961574, 35.512493944302896 ], [ 138.749905555563345, 35.512493971936472 ], [ 138.749881806513116, 35.512505999449189 ], [ 138.749853500249003, 35.512526277385675 ], [ 138.749809638620576, 35.512557055779595 ], [ 138.749722888822305, 35.512615582786438 ], [ 138.749679971510943, 35.512644111146699 ], [ 138.749661721699624, 35.512665111160466 ], [ 138.749648999941371, 35.512691332718106 ], [ 138.749644528514949, 35.512725749732731 ], [ 138.749636306014935, 35.512736250190166 ], [ 138.749622611125488, 35.512739278168979 ], [ 138.749603361006052, 35.512734056024385 ], [ 138.74959322204009, 35.512709389455971 ], [ 138.749595832664227, 35.512668222040006 ], [ 138.749616722241171, 35.512617305980015 ], [ 138.74965869359832, 35.512568582583981 ], [ 138.74975727813856, 35.512488305552154 ], [ 138.74977002772863, 35.512468083183172 ], [ 138.749773638660884, 35.512448611125784 ], [ 138.749762583209673, 35.512426943701144 ], [ 138.749740583307073, 35.512419500057561 ], [ 138.749710389391112, 35.512423305981535 ], [ 138.749679333016388, 35.512439082949612 ], [ 138.749626361216798, 35.512473610498532 ], [ 138.749585222522029, 35.51249388933612 ], [ 138.749525778352336, 35.512507500673088 ], [ 138.74933461112056, 35.51254155604834 ], [ 138.749311722564528, 35.512541611015124 ], [ 138.74929338893034, 35.512531167026296 ], [ 138.749276832603044, 35.512506500457881 ], [ 138.749271221709421, 35.512467611009512 ], [ 138.749272971511914, 35.512439167352156 ], [ 138.749283917273033, 35.512424194460984 ], [ 138.749306777997276, 35.512416667315946 ], [ 138.74951802801084, 35.512370583226513 ], [ 138.749581110944575, 35.512349472678451 ], [ 138.74961766754052, 35.512325472319439 ], [ 138.749624916909369, 35.512306750273268 ], [ 138.749619388856331, 35.51229027826075 ], [ 138.749607443769406, 35.512277611271109 ], [ 138.749575389378577, 35.512269443748053 ], [ 138.749538778101282, 35.512269499315565 ], [ 138.749496694107165, 35.512274833195917 ], [ 138.749453721787035, 35.51228688954366 ], [ 138.749407972506759, 35.512297472000718 ], [ 138.749368638950671, 35.512298277879815 ], [ 138.749330138711827, 35.512283417325122 ], [ 138.749238499682519, 35.51224244424526 ], [ 138.749203667349263, 35.512221555666876 ], [ 138.749191721607446, 35.512205860698423 ], [ 138.74918522206039, 35.51217594375111 ], [ 138.749191555926302, 35.512150500138631 ], [ 138.749205250160884, 35.512138500559857 ], [ 138.749230833163892, 35.512132443701134 ], [ 138.749261055566507, 35.512138389124466 ], [ 138.749284888439632, 35.512151806125331 ], [ 138.74930969378903, 35.512173443813836 ], [ 138.749325250135627, 35.512180889259611 ], [ 138.749334416952735, 35.512181639270828 ], [ 138.749381083700541, 35.512177056302797 ], [ 138.749391138843635, 35.512171778290323 ], [ 138.74939658241891, 35.512160555455246 ], [ 138.749397417045884, 35.512133610919236 ], [ 138.749391805497424, 35.512099193904604 ], [ 138.749385388790955, 35.512090221403547 ], [ 138.749372555377988, 35.512085027793617 ], [ 138.749337749894266, 35.512080611227752 ], [ 138.749299305646474, 35.512076943772016 ], [ 138.749263582695193, 35.512062806496061 ], [ 138.749221389338402, 35.512037443681749 ], [ 138.749179221848834, 35.512018083059743 ], [ 138.749109610553916, 35.511997278283175 ], [ 138.748981693901641, 35.511953500095274 ], [ 138.748946556400739, 35.511941471681467 ], [ 138.74886222174905, 35.511901250415015 ], [ 138.748785193766963, 35.511857250257435 ], [ 138.748723750290765, 35.511811722143484 ], [ 138.748660417198124, 35.511753500007046 ], [ 138.748595277657074, 35.511702750349222 ], [ 138.748532916713316, 35.511661721401488 ], [ 138.748442194169257, 35.511623000157471 ], [ 138.748364888523923, 35.511590833176506 ], [ 138.748345694068121, 35.511582832956712 ], [ 138.748290082830295, 35.511559694344669 ], [ 138.74809366717335, 35.511495083446263 ], [ 138.747880110721042, 35.511423499876479 ], [ 138.747829360882463, 35.51140744356902 ], [ 138.747816249806249, 35.511403277807865 ], [ 138.74774113829011, 35.511390332980667 ], [ 138.747664056609011, 35.511380693969841 ], [ 138.747613000293057, 35.51137913928099 ], [ 138.747571972270691, 35.511382527697712 ], [ 138.747550972348762, 35.511389917575976 ], [ 138.747530000258678, 35.511403861416916 ], [ 138.747514055903821, 35.51142600011412 ], [ 138.747506110412218, 35.511446472386716 ], [ 138.74751016730832, 35.511464472355605 ], [ 138.747523222066064, 35.51148244348947 ], [ 138.747544305483416, 35.511497139143813 ], [ 138.747604499802321, 35.511542832758842 ], [ 138.74760952819247, 35.511554277563604 ], [ 138.747601583355703, 35.511569861096667 ], [ 138.747576556334081, 35.511571556356309 ], [ 138.747543471838725, 35.51155769421463 ], [ 138.747505360590395, 35.511529943799523 ], [ 138.747458166675301, 35.51147930557709 ], [ 138.747444083450205, 35.51145397159781 ], [ 138.747432028018324, 35.511441722115414 ], [ 138.747411999917858, 35.511438499800498 ], [ 138.74739000001523, 35.511443444407902 ], [ 138.747356000016936, 35.511456610303682 ], [ 138.747340528148072, 35.511460972203132 ], [ 138.74732899988345, 35.511462610693798 ], [ 138.747322999671894, 35.51146436152095 ], [ 138.747313618713548, 35.511463967742536 ], [ 138.747189832302411, 35.511452028236739 ], [ 138.747172861444795, 35.511466805890713 ], [ 138.74713488935555, 35.51147916710886 ], [ 138.747067833021134, 35.511486666620321 ], [ 138.747009750318256, 35.511480221990482 ], [ 138.746966667325751, 35.511465582804739 ], [ 138.746933556308306, 35.511436193898959 ], [ 138.746912443749409, 35.511399416917115 ], [ 138.746880305535711, 35.511374111172131 ], [ 138.746853221579357, 35.511361389215715 ], [ 138.746835221599497, 35.511352916822254 ], [ 138.746800166939181, 35.511349721540178 ], [ 138.746767139417187, 35.511351416499451 ], [ 138.746727139207309, 35.51136049983517 ], [ 138.746629167294373, 35.511395916764634 ], [ 138.746523166721829, 35.511428860789671 ], [ 138.746445166918306, 35.51144863861856 ], [ 138.746362167538791, 35.511471721663085 ], [ 138.746111082996492, 35.511522166450504 ], [ 138.746034055996716, 35.511532972679433 ], [ 138.745926971948052, 35.511542194183015 ], [ 138.745888750027348, 35.511544916690696 ], [ 138.745690833417058, 35.511559027834899 ], [ 138.745650777543574, 35.511559111336346 ], [ 138.745607721727993, 35.511553471684508 ], [ 138.745424472156031, 35.511519472177127 ], [ 138.745351306247386, 35.511495889024992 ], [ 138.745242082423403, 35.511454361171118 ], [ 138.745199999738986, 35.511431556264512 ], [ 138.745169888663611, 35.511406250219167 ], [ 138.745042388833667, 35.511284556468489 ], [ 138.744973167184156, 35.511222499873405 ], [ 138.744962306228217, 35.511206305698444 ], [ 138.744938332886306, 35.511170528030704 ], [ 138.744923888829959, 35.511148944107518 ], [ 138.74489777800477, 35.511127722124073 ], [ 138.744867721610717, 35.511113888517059 ], [ 138.744794582551577, 35.511091110643292 ], [ 138.744687193662685, 35.511053055909052 ], [ 138.744668083029779, 35.511046277573776 ], [ 138.744558139180384, 35.511007305525055 ], [ 138.744520055436453, 35.510999193569511 ], [ 138.744495056246649, 35.511002528220914 ], [ 138.744480082403527, 35.511014000058509 ], [ 138.74447611096744, 35.511031194148309 ], [ 138.7444812218707, 35.511060638921961 ], [ 138.744490389670091, 35.511114638528277 ], [ 138.744488443407761, 35.511137556071731 ], [ 138.744485805606701, 35.511144139169808 ], [ 138.744478943918637, 35.511150222160275 ], [ 138.744467305963923, 35.511151972086331 ], [ 138.744441889296922, 35.511146832542096 ], [ 138.744395221566805, 35.511124861148154 ], [ 138.744371888684071, 35.51111105667654 ], [ 138.744353860872394, 35.511095944416041 ], [ 138.744350110781113, 35.511085555393997 ], [ 138.744353278041501, 35.511078194651134 ], [ 138.744362249708445, 35.511072110459196 ], [ 138.744375472439344, 35.511064305476609 ], [ 138.744381249668976, 35.511057805879986 ], [ 138.744381221837159, 35.511046527477397 ], [ 138.744353556032195, 35.511004167612676 ], [ 138.744334943752449, 35.510981693708217 ], [ 138.744329610522101, 35.51096352823825 ], [ 138.744329555840778, 35.51094622181197 ], [ 138.74432947201791, 35.51092066646374 ], [ 138.744319861201518, 35.510899917555044 ], [ 138.744306582479567, 35.510884806195641 ], [ 138.74428061114088, 35.510867971642661 ], [ 138.744250916233, 35.510856777942976 ], [ 138.74420841705367, 35.510851082423258 ], [ 138.744206443941806, 35.510850805486797 ], [ 138.744195832817326, 35.510851249726521 ], [ 138.744184749534298, 35.510856917312303 ], [ 138.744168361180186, 35.510863860848289 ], [ 138.74415352780585, 35.510864333021949 ], [ 138.744141861037036, 35.510860472131199 ], [ 138.744127583316697, 35.510856167301085 ], [ 138.744114305577028, 35.510846250452701 ], [ 138.744098943398228, 35.510841055941675 ], [ 138.744081472222859, 35.510838500136529 ], [ 138.744056582723147, 35.510841582781758 ], [ 138.74403174986935, 35.510853332456918 ], [ 138.744019610614572, 35.510866778292808 ], [ 138.744005361053468, 35.510879360579537 ], [ 138.743987888895788, 35.510885889011199 ], [ 138.743956139345158, 35.510888111110916 ], [ 138.743921194374934, 35.510888193711267 ], [ 138.74389102829079, 35.510892999850441 ], [ 138.743864582828991, 35.510902582993396 ], [ 138.743847721334049, 35.510919500146727 ], [ 138.743836639033304, 35.510939860683571 ], [ 138.743832999614398, 35.510959333041335 ], [ 138.743834139081599, 35.510982721556992 ], [ 138.743850721603536, 35.511025917036932 ], [ 138.743865138810406, 35.511051944258462 ], [ 138.743881889305527, 35.511062972457069 ], [ 138.743908167776453, 35.511070083596678 ], [ 138.74394083283002, 35.511079778175016 ], [ 138.743979111396641, 35.511099221697741 ], [ 138.744011056424824, 35.511125193952495 ], [ 138.744032667009463, 35.51116094398666 ], [ 138.744037527753846, 35.511193472306637 ], [ 138.744034417139375, 35.511212360754982 ], [ 138.744034472148144, 35.511232556091116 ], [ 138.744039305715575, 35.511247499846888 ], [ 138.74404969385813, 35.511259193954537 ], [ 138.744071194097813, 35.511270861630074 ], [ 138.74409275000113, 35.511284499999881 ], [ 138.74410475042427, 35.511304639167776 ], [ 138.74410880633809, 35.511326110754474 ], [ 138.744115222062277, 35.51134108244419 ], [ 138.744128805624456, 35.511360583336618 ], [ 138.74415352780585, 35.511380055694374 ], [ 138.744171860457726, 35.511385889381962 ], [ 138.744192555866846, 35.511385193436425 ], [ 138.744244278509171, 35.511371416598386 ], [ 138.744317443762952, 35.511346528060294 ], [ 138.74438030535191, 35.511341194179941 ], [ 138.744420611056881, 35.511356806247676 ], [ 138.744444917070808, 35.511382722033822 ], [ 138.744454583223359, 35.511418499701563 ], [ 138.744451471299186, 35.511443888647626 ], [ 138.744434028283052, 35.511468666651425 ], [ 138.744400667106703, 35.511495416851332 ], [ 138.744369639546107, 35.51150394361084 ], [ 138.744338611003172, 35.511507250328307 ], [ 138.744314722466441, 35.511501443373199 ], [ 138.744297971643874, 35.511496943906614 ], [ 138.744277278199348, 35.51149697184055 ], [ 138.744263777477755, 35.511505472167947 ], [ 138.744236000018077, 35.511530916981883 ], [ 138.744219306168873, 35.511540693259477 ], [ 138.744203388990996, 35.511544000277311 ], [ 138.744178722473208, 35.511544694420657 ], [ 138.744153221983339, 35.511539527843567 ], [ 138.744129305614791, 35.511525250297197 ], [ 138.744098193576434, 35.511507749534807 ], [ 138.744059972310595, 35.51150066723023 ], [ 138.7440296939169, 35.511496832471224 ], [ 138.743990694015139, 35.511498861436301 ], [ 138.743959667436826, 35.511506722286768 ], [ 138.743937417047903, 35.511518499895864 ], [ 138.743916777629835, 35.511534166930375 ], [ 138.743898527818544, 35.511560222085848 ], [ 138.743882722295325, 35.51159672213123 ], [ 138.743875667094301, 35.511628610974284 ], [ 138.743865388641865, 35.511651417082348 ], [ 138.7438463330177, 35.511674249922898 ], [ 138.743816139101739, 35.511693167206275 ], [ 138.743798639112242, 35.51169580561178 ], [ 138.743777944030541, 35.511691944120294 ], [ 138.743761167013332, 35.511682222509116 ], [ 138.743754778466098, 35.511668556205365 ], [ 138.743757083267695, 35.511643832867982 ], [ 138.743774500416635, 35.511611249581222 ], [ 138.743791917565545, 35.51157411035927 ], [ 138.743787889483542, 35.511565000291078 ], [ 138.743777556349755, 35.511565667401577 ], [ 138.743764832626908, 35.511573500618475 ], [ 138.743748166609521, 35.511588528176063 ], [ 138.743733083076279, 35.511600917328145 ], [ 138.743711610995859, 35.511608777577884 ], [ 138.743690917551334, 35.511608806112555 ], [ 138.743673360915892, 35.511602332948044 ], [ 138.743656611075636, 35.511590666774332 ], [ 138.743647806726983, 35.511575694183527 ], [ 138.743646944268193, 35.511554221996093 ], [ 138.743656471589134, 35.511537277809914 ], [ 138.743681083425571, 35.511523555938652 ], [ 138.743751861037197, 35.511497389347795 ], [ 138.743829056010128, 35.511485527936891 ], [ 138.743862444363401, 35.511473082316201 ], [ 138.743878305550254, 35.511450250376747 ], [ 138.743878222054803, 35.511420333429434 ], [ 138.743861417205778, 35.511396277502911 ], [ 138.743842277758745, 35.511382639433464 ], [ 138.743804860668604, 35.511381417248586 ], [ 138.743761889330756, 35.511391278229091 ], [ 138.743732443599441, 35.511396527406525 ], [ 138.74369344369768, 35.511392056174245 ], [ 138.743668722171151, 35.511384944133539 ], [ 138.743639278404459, 35.511387610773347 ], [ 138.743613055924584, 35.51139938928354 ], [ 138.74359558311204, 35.511412443743936 ], [ 138.743564556533698, 35.511421611482191 ], [ 138.743539083220782, 35.511418417101204 ], [ 138.743521527567651, 35.511410638851096 ], [ 138.743496778209305, 35.51139050028393 ], [ 138.743488777708905, 35.511372943653669 ], [ 138.743487944064242, 35.511357971663593 ], [ 138.743497443553366, 35.511344944236036 ], [ 138.743510139444396, 35.511325389277928 ], [ 138.743508499986859, 35.51130847212459 ], [ 138.743494889575175, 35.511289610709092 ], [ 138.743482111170977, 35.511275306129875 ], [ 138.743475693482225, 35.511260361172639 ], [ 138.743475610641639, 35.511238888985204 ], [ 138.743487527569329, 35.511227139310051 ], [ 138.74351933311101, 35.511217943637853 ], [ 138.743541611004304, 35.51121922169061 ], [ 138.743562333262958, 35.511226332529858 ], [ 138.743607833694057, 35.511254888824062 ], [ 138.743643721999064, 35.511276306044714 ], [ 138.743679582472254, 35.511291833109176 ], [ 138.74370430563593, 35.511295693699559 ], [ 138.743730555947621, 35.51129238968538 ], [ 138.743752806009098, 35.511281277684958 ], [ 138.743771860978399, 35.511264332597683 ], [ 138.743778167012493, 35.511246722202102 ], [ 138.743774916911548, 35.5112252497143 ], [ 138.743766916411147, 35.511208360494905 ], [ 138.743747777946425, 35.511198610949783 ], [ 138.743723082614537, 35.511191500110534 ], [ 138.743714278265884, 35.511185027546759 ], [ 138.743707860577103, 35.51117136064228 ], [ 138.743714972424073, 35.511146611473507 ], [ 138.74370688842825, 35.511114082853169 ], [ 138.743693277361672, 35.511083528531479 ], [ 138.74366613937886, 35.511063389063217 ], [ 138.743638249609631, 35.511056944433378 ], [ 138.743596861083404, 35.511056389659359 ], [ 138.743564249728877, 35.511064250509826 ], [ 138.743522082239309, 35.511078000315024 ], [ 138.743473582848452, 35.511093082839395 ], [ 138.743452889403926, 35.511091805687734 ], [ 138.743443278260116, 35.511080138913293 ], [ 138.743440055990959, 35.511063861236885 ], [ 138.743444778558569, 35.511046277573776 ], [ 138.74346780561882, 35.511027999767329 ], [ 138.743513889535706, 35.510996666599389 ], [ 138.743565499868481, 35.510952944279367 ], [ 138.74357658315148, 35.510932749844329 ], [ 138.743570167427322, 35.510915833592087 ], [ 138.74355261079188, 35.510898944372684 ], [ 138.743523916846982, 35.510887277297883 ], [ 138.743492027809879, 35.510881500078902 ], [ 138.74345941678277, 35.510881555946781 ], [ 138.743414860668736, 35.510894667176146 ], [ 138.743386249564395, 35.510912944081504 ], [ 138.743352889370357, 35.510940360791174 ], [ 138.74331399981358, 35.510975582783807 ], [ 138.743296527983318, 35.510989944131993 ], [ 138.743288611305815, 35.51100752839583 ], [ 138.743284721728003, 35.511030306569957 ], [ 138.743282444430776, 35.511069389152972 ], [ 138.743274527753272, 35.511085028553914 ], [ 138.743266556066999, 35.511085693862228 ], [ 138.743256221950929, 35.5110798331418 ], [ 138.743251389038363, 35.511067499857589 ], [ 138.743250499730067, 35.511038194453263 ], [ 138.74324561082642, 35.510999166536664 ], [ 138.74323361040328, 35.510981610807498 ], [ 138.743217667358181, 35.510969917000217 ], [ 138.743201722348488, 35.510969305457223 ], [ 138.743186610983457, 35.510971944163096 ], [ 138.743170722619681, 35.510979777980722 ], [ 138.743161194316428, 35.510990221969543 ], [ 138.743154889264645, 35.511006499645958 ], [ 138.743144582980392, 35.511023443832137 ], [ 138.7431398607402, 35.511038417624405 ], [ 138.743127138654501, 35.511043666801847 ], [ 138.743113611083373, 35.511046277573776 ], [ 138.743092889152166, 35.511039805911089 ], [ 138.743072943892287, 35.511022278416227 ], [ 138.743065693541126, 35.51099886076517 ], [ 138.743072000557504, 35.510974777805806 ], [ 138.743087055931483, 35.510953250050861 ], [ 138.743118056642601, 35.510936917407669 ], [ 138.743145082970727, 35.510925166831413 ], [ 138.743166528201641, 35.510912083535992 ], [ 138.743176860353145, 35.510900360893672 ], [ 138.74317522187792, 35.510887999675525 ], [ 138.743158472037635, 35.510879555816743 ], [ 138.743140167217575, 35.510880917370947 ], [ 138.743106778209437, 35.510890721882852 ], [ 138.743077333460434, 35.510899250144178 ], [ 138.743058221845217, 35.510900582863357 ], [ 138.743039917025158, 35.510899332744536 ], [ 138.743019194111639, 35.510888306348114 ], [ 138.743007972324421, 35.51086750037009 ], [ 138.743003889561066, 35.510833666964508 ], [ 138.74300063847781, 35.510806972332119 ], [ 138.743007750324779, 35.510789388969378 ], [ 138.743026805948944, 35.510776999817288 ], [ 138.743055471734607, 35.510774333477848 ], [ 138.743075332516753, 35.510761277815995 ], [ 138.743077667114761, 35.510748888964272 ], [ 138.743074443863321, 35.510733278398362 ], [ 138.743061638609618, 35.510727750181907 ], [ 138.74304194416348, 35.510729221669678 ], [ 138.743022472044402, 35.51073580656994 ], [ 138.742986110598594, 35.510746472528446 ], [ 138.74296744429239, 35.510748610826354 ], [ 138.742955666851174, 35.510745888619034 ], [ 138.742945527885212, 35.510741082780221 ], [ 138.742938777524415, 35.510733861106317 ], [ 138.742938749692598, 35.510725250244633 ], [ 138.74294333342857, 35.510705278079641 ], [ 138.742941167131193, 35.510688083088745 ], [ 138.742931028165231, 35.51068038924118 ], [ 138.742928417541094, 35.510673388936219 ], [ 138.7429330281266, 35.510662139368662 ], [ 138.742942444120274, 35.510646332964825 ], [ 138.742953193748974, 35.510634306353204 ], [ 138.742956306328011, 35.510621999801472 ], [ 138.742952055918948, 35.510607667288319 ], [ 138.742948805817974, 35.510583250022798 ], [ 138.742946305866269, 35.51056716728322 ], [ 138.742939221851117, 35.510548249999843 ], [ 138.742929000044597, 35.510525361591789 ], [ 138.742926305925039, 35.510509417320442 ], [ 138.742930082865854, 35.51050011021286 ], [ 138.742942667102227, 35.510490110764124 ], [ 138.742955306347341, 35.510489055882509 ], [ 138.74296919343999, 35.510490750241054 ], [ 138.742984389282782, 35.510499333168802 ], [ 138.742993693949188, 35.510512388830655 ], [ 138.743006832857219, 35.510536471790019 ], [ 138.743022944202949, 35.510579111294483 ], [ 138.743027222443828, 35.510597361166994 ], [ 138.743033999654159, 35.510611110972192 ], [ 138.743041610509152, 35.510621082486992 ], [ 138.743061027946879, 35.510639971836433 ], [ 138.743079582598398, 35.510649250409344 ], [ 138.743104443611429, 35.510652638826073 ], [ 138.743120860779669, 35.510650888900017 ], [ 138.743139360422418, 35.510643944162574 ], [ 138.743148999398045, 35.510632916865056 ], [ 138.743149806193202, 35.510617416833441 ], [ 138.743144278140164, 35.510600917187347 ], [ 138.743130749586754, 35.510583388491028 ], [ 138.743114693904658, 35.51056377856613 ], [ 138.743108333189241, 35.510545889431896 ], [ 138.743107443553498, 35.510535221671198 ], [ 138.7431124716162, 35.510519721939943 ], [ 138.743124194376065, 35.510505582561443 ], [ 138.743152805480406, 35.510492443698503 ], [ 138.743191610232032, 35.510484499947317 ], [ 138.743227639005823, 35.51048594410188 ], [ 138.743251167038721, 35.510496888799032 ], [ 138.743284249569484, 35.510514556263956 ], [ 138.74333652786575, 35.510539916975716 ], [ 138.743358055937279, 35.510556416922171 ], [ 138.74338086099786, 35.510576333219291 ], [ 138.743396055858341, 35.510588693536342 ], [ 138.743421333038839, 35.510601056556673 ], [ 138.743449167144433, 35.510607860723333 ], [ 138.743492110650436, 35.51060813856089 ], [ 138.7435180561219, 35.510602110537199 ], [ 138.743547389216246, 35.510587639555816 ], [ 138.743571305912212, 35.510567972261221 ], [ 138.743595221625895, 35.510536306288948 ], [ 138.743597138746679, 35.510524694180923 ], [ 138.743589749891328, 35.510511888723052 ], [ 138.743576499328611, 35.5105023064812 ], [ 138.743576471496795, 35.510489888494078 ], [ 138.743581832558959, 35.510480666990503 ], [ 138.743590638544759, 35.510478638926521 ], [ 138.743607305871905, 35.510483833437547 ], [ 138.743624471879627, 35.510494610831437 ], [ 138.743640639216409, 35.510496166721751 ], [ 138.743659721690079, 35.510493333079047 ], [ 138.743678277651327, 35.510481277632394 ], [ 138.743697305443675, 35.510459221835909 ], [ 138.743708472222153, 35.510430777878192 ], [ 138.743705027953354, 35.510413555854456 ], [ 138.743707417232685, 35.510402749625527 ], [ 138.743715249432455, 35.510397528382029 ], [ 138.743729444312237, 35.510396306197144 ], [ 138.743746582815589, 35.510401471873138 ], [ 138.74376375013307, 35.510409055787143 ], [ 138.743791666751804, 35.510408999919264 ], [ 138.743820028679551, 35.510401332503811 ], [ 138.743843472234687, 35.51038286126235 ], [ 138.743856138984199, 35.510358028291762 ], [ 138.743867306090095, 35.510326361418393 ], [ 138.743867388603235, 35.510324471822642 ], [ 138.743868694733862, 35.510296750242574 ], [ 138.743864194493341, 35.51026872198991 ], [ 138.743850833258222, 35.510219110715155 ], [ 138.74384161045009, 35.510112694125318 ], [ 138.74382597224519, 35.510063832861782 ], [ 138.743795944010401, 35.510019555767741 ], [ 138.743742694220089, 35.509981638600635 ], [ 138.743677193847759, 35.509927443757121 ], [ 138.7436395004041, 35.509913027442153 ], [ 138.743602971967363, 35.509913111243968 ], [ 138.743555389716619, 35.509924082973967 ], [ 138.743508944313589, 35.509936833465055 ], [ 138.743470222075103, 35.509946860847734 ], [ 138.743434778096827, 35.509946943748453 ], [ 138.743420360889957, 35.509941722204587 ], [ 138.743408611280586, 35.509930749573492 ], [ 138.743400360948726, 35.509914471897076 ], [ 138.743388611339356, 35.509895333244756 ], [ 138.743376860747674, 35.509885305862078 ], [ 138.743358110618601, 35.509879139370156 ], [ 138.743337027856114, 35.509878222055676 ], [ 138.743314167131871, 35.509878249689244 ], [ 138.743281389768782, 35.509877361209796 ], [ 138.743254417139667, 35.509871666891542 ], [ 138.743241500231278, 35.509858778532951 ], [ 138.743220972140477, 35.509844444217606 ], [ 138.743203972468734, 35.509838749899345 ], [ 138.743188138786309, 35.509837806453113 ], [ 138.743167083200746, 35.509843610704941 ], [ 138.74314544347456, 35.509854666837484 ], [ 138.743113306243174, 35.509873388883655 ], [ 138.743103360790172, 35.509879638276296 ], [ 138.74308347217621, 35.509884000175745 ], [ 138.743069971454588, 35.509879694144175 ], [ 138.743058221845217, 35.509867750132912 ], [ 138.743050583158407, 35.509854861173586 ], [ 138.743034750458264, 35.509843860608555 ], [ 138.743015999674299, 35.509842472021504 ], [ 138.742987306056818, 35.509842527889383 ], [ 138.742962694220381, 35.509840167021068 ], [ 138.742939249682934, 35.509830166671236 ], [ 138.742904611517531, 35.509802472124008 ], [ 138.742871750331545, 35.509781943983533 ], [ 138.742840667107288, 35.509763805546406 ], [ 138.742789667437251, 35.509746667324485 ], [ 138.742761556323273, 35.509742889334454 ], [ 138.742738722448564, 35.509744861530557 ], [ 138.742715888573855, 35.509753056086453 ], [ 138.742697778249038, 35.509762667163344 ], [ 138.742680833258646, 35.509777056145097 ], [ 138.74267033280654, 35.509794806210373 ], [ 138.742662221633793, 35.509819721781312 ], [ 138.742655222096403, 35.509831693726518 ], [ 138.742642971841804, 35.509841777878165 ], [ 138.742632999866714, 35.509841332737345 ], [ 138.742624778348983, 35.509836556334299 ], [ 138.742617139662173, 35.509826500116588 ], [ 138.74261066729207, 35.509810250374116 ], [ 138.742611721954091, 35.509775778392708 ], [ 138.742624499703425, 35.509742221923588 ], [ 138.742647832586186, 35.509709139430321 ], [ 138.742671749937017, 35.509677499589799 ], [ 138.742682222557306, 35.509657361022633 ], [ 138.742686833470231, 35.50963244334914 ], [ 138.742684417013947, 35.509610416387687 ], [ 138.742675000037963, 35.509590332787305 ], [ 138.742655638591287, 35.509576972555415 ], [ 138.742615777867911, 35.509560306206794 ], [ 138.742606056379145, 35.509558693547511 ], [ 138.742570056419481, 35.509552722292788 ], [ 138.742532972001356, 35.509551361639673 ], [ 138.742443138765594, 35.509542028400347 ], [ 138.742316583580134, 35.5095319442487 ], [ 138.742254693812612, 35.509530749997758 ], [ 138.7422201941514, 35.509531972182636 ], [ 138.742154583106668, 35.509528832468071 ], [ 138.742097250553059, 35.509535833073393 ], [ 138.742003943906951, 35.509534694389956 ], [ 138.741986361404315, 35.509528139225822 ], [ 138.741904861340942, 35.509524499704021 ], [ 138.741826416883299, 35.509525333216686 ], [ 138.741805971633056, 35.509528721933776 ], [ 138.741771667121952, 35.509530889367078 ], [ 138.741737860636619, 35.509533805910507 ], [ 138.741667611174591, 35.509539611063424 ], [ 138.741666666857526, 35.509539693663775 ], [ 138.74166113847707, 35.509540166738539 ], [ 138.741615388214484, 35.509550499892704 ], [ 138.741581805693386, 35.509556610817114 ], [ 138.741527917408547, 35.509563888959626 ], [ 138.741462999867139, 35.509577111023646 ], [ 138.741404500014511, 35.509583778524267 ], [ 138.74137022137063, 35.509584889273761 ], [ 138.741329722152699, 35.509578750415415 ], [ 138.74124786060321, 35.50957202794801 ], [ 138.741143250639027, 35.509568082654717 ], [ 138.7411125829274, 35.509561166752306 ], [ 138.741091971996013, 35.50955775040164 ], [ 138.741030667024006, 35.509554000045185 ], [ 138.740925000433208, 35.509560333239634 ], [ 138.740872639296356, 35.509574722221394 ], [ 138.740783000228419, 35.509613860672289 ], [ 138.740655333407574, 35.509686860462701 ], [ 138.740490416487489, 35.509782667262272 ], [ 138.740426194086581, 35.509827610866083 ], [ 138.740391277930456, 35.509842610489734 ], [ 138.740366693925807, 35.509847221391709 ], [ 138.740334889366437, 35.509841417139889 ], [ 138.740279222465006, 35.509818167092462 ], [ 138.740165471550966, 35.509762527794017 ], [ 138.740112193928837, 35.509743806648935 ], [ 138.740074083335401, 35.509739333314101 ], [ 138.74003002753912, 35.509741944086031 ], [ 138.740019472078245, 35.509744249987563 ], [ 138.739952388894324, 35.509731943736199 ], [ 138.739916694102277, 35.50972913862816 ], [ 138.739898111291524, 35.509732056072686 ], [ 138.739882055609428, 35.509739471782332 ], [ 138.739872056129968, 35.50975469367603 ], [ 138.739815000584741, 35.509831638759735 ], [ 138.739785472012869, 35.509868667447392 ], [ 138.7397766110183, 35.509879611243456 ], [ 138.739769971329878, 35.509911833191211 ], [ 138.739751555837415, 35.509949666856869 ], [ 138.739715500214118, 35.50999699986366 ], [ 138.739679916749338, 35.510025000182381 ], [ 138.739604750551877, 35.510099943333863 ], [ 138.739515027988489, 35.510174889488994 ], [ 138.739394917341343, 35.51028663905808 ], [ 138.73936327813567, 35.510340583096884 ], [ 138.739337332664206, 35.510411222319348 ], [ 138.739339861757486, 35.510498556425098 ], [ 138.739325221568691, 35.510534806266506 ], [ 138.739288943945724, 35.510569277947553 ], [ 138.73922883312224, 35.510602832614481 ], [ 138.739208306013722, 35.510611417644782 ], [ 138.739188527417269, 35.510621361526006 ], [ 138.739139833531141, 35.510646250064106 ], [ 138.739018278576566, 35.51070563881791 ], [ 138.738919583363952, 35.510754306346072 ], [ 138.738816916715223, 35.510798972112326 ], [ 138.73874783258762, 35.510829806374119 ], [ 138.738693499976051, 35.510845278171438 ], [ 138.738628278576726, 35.510847833075495 ], [ 138.738565000492855, 35.510842306060496 ], [ 138.738459222247371, 35.51083524988767 ], [ 138.738384082899444, 35.510825694678658 ], [ 138.738293083019528, 35.510802417298024 ], [ 138.738207944192112, 35.510763805987573 ], [ 138.73808025052179, 35.510693749773431 ], [ 138.737984193765072, 35.510632528192843 ], [ 138.737759444339616, 35.510498806328719 ], [ 138.737654527570641, 35.510453750388429 ], [ 138.73758025002661, 35.510407833602258 ], [ 138.737515889121482, 35.510363528574281 ], [ 138.737475306080682, 35.510344999662756 ], [ 138.737441694090592, 35.510346694021301 ], [ 138.737390332934439, 35.51035811089212 ], [ 138.737323139078114, 35.510358222327504 ], [ 138.737258861013544, 35.510343805411807 ], [ 138.737162860902771, 35.510308444049855 ], [ 138.737111360587505, 35.510274610644274 ], [ 138.7370707218831, 35.510230221814481 ], [ 138.737043916572304, 35.510189056501069 ], [ 138.737035888567533, 35.510151110498931 ], [ 138.737044722385178, 35.510126833203458 ], [ 138.737071361359938, 35.510109000537831 ], [ 138.737123666833185, 35.510091944015166 ], [ 138.73716322173405, 35.510090250557717 ], [ 138.737178028258853, 35.510085360917095 ], [ 138.737192749978476, 35.510054611358207 ], [ 138.737190638362421, 35.510009361081806 ], [ 138.737201472468854, 35.509994805397511 ], [ 138.737222193745197, 35.509982638515474 ], [ 138.737280500412311, 35.509978499787167 ], [ 138.737342721869567, 35.509963805935008 ], [ 138.737382167080341, 35.509934638998914 ], [ 138.737463860656646, 35.50980005658927 ], [ 138.737564082689829, 35.509679250416944 ], [ 138.737575888945145, 35.509654667650345 ], [ 138.737601861593561, 35.509600583341118 ], [ 138.737661110613146, 35.509343722370289 ], [ 138.73764797235998, 35.509300250254249 ], [ 138.737607583159559, 35.509233639225805 ], [ 138.737524555948227, 35.509134249673401 ], [ 138.737409028054742, 35.508994833190656 ], [ 138.737262916927364, 35.50887447245951 ], [ 138.737084861099248, 35.508790527971939 ], [ 138.736924666746773, 35.508722527455355 ], [ 138.73675555639096, 35.50864436108786 ], [ 138.736645277904955, 35.508616972312119 ], [ 138.736543917059436, 35.508602638897877 ], [ 138.736440833260957, 35.508617360683971 ], [ 138.73636624956697, 35.508642222489584 ], [ 138.73627936093709, 35.508715082910676 ], [ 138.736189861028208, 35.508841583401257 ], [ 138.736245638929489, 35.508901721865925 ], [ 138.736243110818521, 35.508919693900879 ], [ 138.736206916691003, 35.508919777402326 ], [ 138.736109860935898, 35.508892472428407 ], [ 138.736011638864085, 35.508901111224027 ], [ 138.735901805687092, 35.508918249445948 ], [ 138.735779083106081, 35.508960777515028 ], [ 138.735652582929418, 35.509024444366474 ], [ 138.735553222045269, 35.50909019364795 ], [ 138.735527500538041, 35.509130416716587 ], [ 138.735490139111533, 35.509182278024994 ], [ 138.735444972334761, 35.509209861136839 ], [ 138.735382943408155, 35.509221610811998 ], [ 138.735309221518122, 35.509212221704793 ], [ 138.735238055570846, 35.509185943678546 ], [ 138.735169388592993, 35.509144833031556 ], [ 138.735117471782843, 35.509075166991451 ], [ 138.735101721923286, 35.508989582811758 ], [ 138.735118166923314, 35.508866917080177 ], [ 138.735176861271214, 35.508601472280503 ], [ 138.735210278111168, 35.508533749901837 ], [ 138.73528116737748, 35.508454333415514 ], [ 138.735397582614667, 35.508333306174606 ], [ 138.735407472404034, 35.508323000053281 ], [ 138.735461583015962, 35.508261582634766 ], [ 138.735480805958417, 35.508199167103598 ], [ 138.735494693378513, 35.508084971963285 ], [ 138.735521528158301, 35.507975000254184 ], [ 138.735529027686027, 35.507891444138465 ], [ 138.735509528390025, 35.507853444070641 ], [ 138.735465471611462, 35.507821806032304 ], [ 138.735399360576395, 35.507758500219502 ], [ 138.735356527742766, 35.507697277737819 ], [ 138.735330499430717, 35.507641305935401 ], [ 138.735319944297288, 35.507571556093488 ], [ 138.735317138523044, 35.507490167411071 ], [ 138.735341443554688, 35.507403444247572 ], [ 138.73537605552545, 35.507308222258509 ], [ 138.735388693788281, 35.507202500412745 ], [ 138.735384638856743, 35.507144361177026 ], [ 138.735346972590008, 35.507086278409915 ], [ 138.735327500470959, 35.507059888647916 ], [ 138.735297694235811, 35.507030361273912 ], [ 138.735247193573827, 35.507004028280889 ], [ 138.735201917106963, 35.506991417159128 ], [ 138.735155361031531, 35.506987306364756 ], [ 138.735121749696305, 35.506991582660199 ], [ 138.735097221682736, 35.50700749959833 ], [ 138.735052110897044, 35.507055138376622 ], [ 138.735039221820443, 35.507059417375352 ], [ 138.734999111265608, 35.507048916917917 ], [ 138.734942167047649, 35.507028943851829 ], [ 138.734882666886904, 35.507024806024617 ], [ 138.734806389054057, 35.507020750197022 ], [ 138.734736555759497, 35.507012417172895 ], [ 138.734660194431228, 35.506981916616532 ], [ 138.73462519379737, 35.506952389242521 ], [ 138.734609499601419, 35.506890028377775 ], [ 138.734577027733394, 35.506838305537599 ], [ 138.734529056164689, 35.506793999608519 ], [ 138.734424138413402, 35.506726555968505 ], [ 138.734329527928679, 35.50664216724121 ], [ 138.734211582924047, 35.506545139157851 ], [ 138.734097082843078, 35.50643619349534 ], [ 138.734005583300274, 35.506395055815503 ], [ 138.733912194141027, 35.506366610355954 ], [ 138.733842194510459, 35.506361999453986 ], [ 138.733764499219717, 35.506385971879055 ], [ 138.733706278012676, 35.506425832407231 ], [ 138.73369583256931, 35.506434805809384 ], [ 138.733667027952009, 35.506426471884161 ], [ 138.733638167016238, 35.506410555847118 ], [ 138.733624777949302, 35.506392082803465 ], [ 138.733626693432939, 35.506354222104967 ], [ 138.733646167516611, 35.506332332710649 ], [ 138.733654333370708, 35.506304583196638 ], [ 138.733643971422794, 35.506283583182871 ], [ 138.733614000488785, 35.50622980644733 ], [ 138.733570500346502, 35.50612397226508 ], [ 138.733537471842197, 35.506077778542455 ], [ 138.733535306199684, 35.506039944276061 ], [ 138.733549500097155, 35.505971806192335 ], [ 138.733582167115316, 35.505892721609264 ], [ 138.733644443581341, 35.505747138334229 ], [ 138.733659667255921, 35.505673110695042 ], [ 138.733658471797668, 35.505619306025565 ], [ 138.733646000198291, 35.50556466694232 ], [ 138.733617056421934, 35.505518472318599 ], [ 138.733584082598952, 35.505489971892274 ], [ 138.73353363891033, 35.50547408258771 ], [ 138.733428666477721, 35.505442333113983 ], [ 138.733379306265221, 35.50543655589501 ], [ 138.733334222329034, 35.505437527875905 ], [ 138.733333332693292, 35.505437555809841 ], [ 138.733294971286085, 35.505438388721785 ], [ 138.733197333027476, 35.505456222288508 ], [ 138.73301472195007, 35.505461360931655 ], [ 138.732863556565349, 35.505452139127712 ], [ 138.732751860948895, 35.505421944342835 ], [ 138.732644777882513, 35.505380305954667 ], [ 138.732560888867226, 35.505313916895901 ], [ 138.732542111233784, 35.505253111020373 ], [ 138.732537749497453, 35.505134221777006 ], [ 138.732567861555111, 35.505020749615063 ], [ 138.732650278103733, 35.504867111453819 ], [ 138.732692389602249, 35.504804806456946 ], [ 138.732793666624872, 35.50474100023618 ], [ 138.732933806354794, 35.504668833357705 ], [ 138.732969221518971, 35.504638332801342 ], [ 138.732985972341538, 35.50458299927439 ], [ 138.732968693696819, 35.504451666813246 ], [ 138.732931139084769, 35.504331444550338 ], [ 138.73289541711577, 35.504260999663984 ], [ 138.732846972406236, 35.504194443602323 ], [ 138.732840861522277, 35.504156278333781 ], [ 138.732823139205692, 35.504086305621094 ], [ 138.732766611482646, 35.503957250226449 ], [ 138.732690250154349, 35.503821832802323 ], [ 138.732633528263449, 35.503737832747241 ], [ 138.732628750032234, 35.503728610943298 ], [ 138.732626972070477, 35.503724528082863 ], [ 138.732625889249221, 35.503720360519523 ], [ 138.732626221921265, 35.503716278560184 ], [ 138.73262802771481, 35.503711999561453 ], [ 138.732633833103677, 35.50370172227516 ], [ 138.732642749761879, 35.503682249917404 ], [ 138.732648749973436, 35.503666471447502 ], [ 138.73265230589692, 35.503649388793086 ], [ 138.732651610756449, 35.503641332705421 ], [ 138.732648444150925, 35.503635638987895 ], [ 138.7326419170995, 35.503630528278684 ], [ 138.732632027964996, 35.503626332781401 ], [ 138.732621193858563, 35.503623972213454 ], [ 138.732605721989671, 35.503623305703684 ], [ 138.732599306265513, 35.50362299993219 ], [ 138.732530139297324, 35.503629583030261 ], [ 138.732519221695441, 35.503630472410805 ], [ 138.73251336064294, 35.503630166639311 ], [ 138.732510082710178, 35.503629166724473 ], [ 138.732505027470523, 35.503626278114986 ], [ 138.732497360951925, 35.503621111537903 ], [ 138.732469249837919, 35.503599194209649 ], [ 138.732351499655977, 35.503466778031857 ], [ 138.732185250083177, 35.503278972459235 ], [ 138.732091749596691, 35.503202861188562 ], [ 138.732001472034199, 35.503141194467155 ], [ 138.731877416800472, 35.503076999874537 ], [ 138.731772694199321, 35.503021943584415 ], [ 138.73166361117157, 35.502972889186232 ], [ 138.731587499674731, 35.502955806531823 ], [ 138.73148269357813, 35.502940917442459 ], [ 138.731406638727236, 35.502935000553791 ], [ 138.731359832820374, 35.502931388965926 ], [ 138.731019888828342, 35.502932028442856 ], [ 138.730844833269742, 35.502931528335253 ], [ 138.730784388791903, 35.502924944336087 ], [ 138.730720860876573, 35.502908306221762 ], [ 138.730636806507619, 35.502882528002758 ], [ 138.730541472068325, 35.502845028042536 ], [ 138.730462499788501, 35.502803305852552 ], [ 138.730375306318393, 35.50274736168371 ], [ 138.73031427802735, 35.502699694070387 ], [ 138.730282611317307, 35.502674888733374 ], [ 138.73023044434828, 35.502635582979217 ], [ 138.730179971518112, 35.502597556178912 ], [ 138.730085000529556, 35.502530417409297 ], [ 138.729917389489913, 35.502428027511648 ], [ 138.729764444506287, 35.502345833250502 ], [ 138.729641999915998, 35.502292972027256 ], [ 138.729575861049113, 35.502272527688596 ], [ 138.729509111519519, 35.502260694511989 ], [ 138.729462889098414, 35.502258860784117 ], [ 138.729375166496425, 35.502265722620841 ], [ 138.729299082831403, 35.502269221872226 ], [ 138.72920491667341, 35.502265583251514 ], [ 138.729151056220388, 35.502262305969815 ], [ 138.729087278146181, 35.502262443536949 ], [ 138.72904338966822, 35.502267306144731 ], [ 138.728986693644543, 35.502282750308474 ], [ 138.728944610632709, 35.502304305997356 ], [ 138.728856443703989, 35.502363056175334 ], [ 138.728800944120849, 35.502401443713914 ], [ 138.728752500066179, 35.502436943544097 ], [ 138.728644443868632, 35.502502083084771 ], [ 138.728524721884554, 35.502575056142703 ], [ 138.728429249595933, 35.502628583575358 ], [ 138.728347721700771, 35.502668916577562 ], [ 138.728243389399864, 35.502704277939515 ], [ 138.728160555701493, 35.502718056279377 ], [ 138.728103222165544, 35.502727389518711 ], [ 138.728016193721714, 35.502729222345486 ], [ 138.727922971880787, 35.502721860401159 ], [ 138.727863556197775, 35.502705110551091 ], [ 138.72781522150575, 35.502682221842669 ], [ 138.72779097213774, 35.502668222133849 ], [ 138.727764943825719, 35.502655666879967 ], [ 138.727731527640628, 35.502634221425012 ], [ 138.72766822172494, 35.502595583081714 ], [ 138.727610194030831, 35.50255836095905 ], [ 138.727557305726691, 35.502521443706776 ], [ 138.72749663924921, 35.50248202831942 ], [ 138.727415749848603, 35.502431221892628 ], [ 138.727315250479563, 35.502380167664775 ], [ 138.72724672200593, 35.50235374996884 ], [ 138.727176443729803, 35.502328750596092 ], [ 138.727083055552868, 35.502306693898511 ], [ 138.727023361224269, 35.502299638626774 ], [ 138.72695750002066, 35.502293999876031 ], [ 138.726895167236165, 35.502294860421543 ], [ 138.726807138811637, 35.502303610952914 ], [ 138.726729916989171, 35.502307361009009 ], [ 138.726673721938141, 35.502306749466022 ], [ 138.726593833173069, 35.502301860726497 ], [ 138.726488222245905, 35.502290583224998 ], [ 138.726442527646981, 35.502280610809109 ], [ 138.726395971571549, 35.502267777417295 ], [ 138.726347667330799, 35.502250388991392 ], [ 138.726264166978638, 35.502217527867074 ], [ 138.726188582649115, 35.502176749724057 ], [ 138.726066999535306, 35.502109972593807 ], [ 138.72596941694033, 35.502057028469842 ], [ 138.725877999910665, 35.502008389476352 ], [ 138.725763444166063, 35.501945888641544 ], [ 138.725686082857095, 35.501906556755642 ], [ 138.725545221792032, 35.501837999662847 ], [ 138.725400166636405, 35.501776193572113 ], [ 138.725296222016311, 35.501735472198064 ], [ 138.725217139391532, 35.501707611248662 ], [ 138.725123971249616, 35.501666166896236 ], [ 138.725022694226993, 35.5016412504242 ], [ 138.725000861315266, 35.501639972371443 ], [ 138.724999999838786, 35.501639944437507 ], [ 138.724974416835749, 35.501638443513968 ], [ 138.724881360348547, 35.501633610642315 ], [ 138.724817278416424, 35.501627971891573 ], [ 138.724747639289689, 35.501626250500181 ], [ 138.724700249569594, 35.501630639132109 ], [ 138.724634472188882, 35.501648694067782 ], [ 138.72455555590011, 35.50167755613348 ], [ 138.724460888769471, 35.501725110208859 ], [ 138.724404778196174, 35.501749611576564 ], [ 138.72430633281499, 35.501798166768239 ], [ 138.724253721846679, 35.501823389011768 ], [ 138.724076361159035, 35.501897666854937 ], [ 138.723912139379422, 35.501975056178374 ], [ 138.723834138593617, 35.502014666802928 ], [ 138.723755305800296, 35.502071806123809 ], [ 138.723657194073439, 35.502146638740996 ], [ 138.723530750542665, 35.502233999879593 ], [ 138.723472916688962, 35.502268583296392 ], [ 138.723387000207936, 35.502309638976605 ], [ 138.723250832896412, 35.502364721698846 ], [ 138.723135027994516, 35.502392221909965 ], [ 138.723040888686029, 35.502404611062055 ], [ 138.722986471596727, 35.502408278517791 ], [ 138.722942583118794, 35.50240836141851 ], [ 138.722868833069498, 35.502404916833548 ], [ 138.72274125007155, 35.502392944287614 ], [ 138.722657861374074, 35.502392388312138 ], [ 138.722613111092187, 35.502398917344522 ], [ 138.72253858338928, 35.502426332552375 ], [ 138.722455028028349, 35.502464527557038 ], [ 138.722414693509279, 35.502480388927658 ], [ 138.72235677812472, 35.502490555679657 ], [ 138.722298888607384, 35.502503583407574 ], [ 138.72226205598534, 35.502509389461586 ], [ 138.722205916925361, 35.502531750128469 ], [ 138.722150417014774, 35.502550500108583 ], [ 138.722103916603004, 35.502559943882204 ], [ 138.722062666580968, 35.502563583404012 ], [ 138.722026666621275, 35.502563666905459 ], [ 138.722001194290641, 35.502555806054993 ], [ 138.721985416599267, 35.502560138819042 ], [ 138.721969611076048, 35.502558750532359 ], [ 138.721883527931595, 35.50254455558634 ], [ 138.72167161159166, 35.502500443693009 ], [ 138.721539056194644, 35.502494222234304 ], [ 138.721478443416231, 35.502502943930651 ], [ 138.721399528109771, 35.50252572180441 ], [ 138.721329861151219, 35.502563527536132 ], [ 138.721281222273859, 35.502594833070496 ], [ 138.721205000104646, 35.502648805944332 ], [ 138.721165666548558, 35.502711332910884 ], [ 138.721137167098902, 35.502735333269897 ], [ 138.721079360422152, 35.502789278209796 ], [ 138.721038833372404, 35.502843444218279 ], [ 138.720992500278925, 35.502915306526717 ], [ 138.720912943531033, 35.503013055485901 ], [ 138.720856832957736, 35.503057944423297 ], [ 138.72078941710177, 35.503114777972684 ], [ 138.720663806233375, 35.50319425002651 ], [ 138.720589305379974, 35.503230972041578 ], [ 138.72056025027635, 35.503246889280078 ], [ 138.720535582776279, 35.503267083414755 ], [ 138.720510527595422, 35.50329366751285 ], [ 138.720472278497766, 35.503347194044409 ], [ 138.720415889278911, 35.503364999677196 ], [ 138.720405193676669, 35.503374638688022 ], [ 138.720326332724113, 35.503458471740203 ], [ 138.720289778092734, 35.503496222505142 ], [ 138.720221583600875, 35.503559499783279 ], [ 138.720195888943152, 35.50360313950295 ], [ 138.72018674995789, 35.503618361396647 ], [ 138.720161666945216, 35.503657749751156 ], [ 138.720119777446342, 35.503745778300619 ], [ 138.72010605570739, 35.503804167439952 ], [ 138.720101056458816, 35.503850499630815 ], [ 138.72010169397106, 35.503871528479621 ], [ 138.720107222024097, 35.503913027798824 ], [ 138.720102555447539, 35.503944028162429 ], [ 138.720084277804432, 35.503998277972727 ], [ 138.720077583107241, 35.504019444689028 ], [ 138.720077610939057, 35.504031416333866 ], [ 138.720084389131671, 35.504040583171033 ], [ 138.720100194000025, 35.504056194337672 ], [ 138.720112638749868, 35.5040911114599 ], [ 138.720125111331555, 35.504126944094423 ], [ 138.720147667215542, 35.504155417487908 ], [ 138.720189638572691, 35.504223611439507 ], [ 138.720201582677333, 35.50426805583681 ], [ 138.720201639323278, 35.504291250316733 ], [ 138.720195777288467, 35.504310610938738 ], [ 138.720187555770735, 35.50432608273605 ], [ 138.720158055358098, 35.5043512782471 ], [ 138.720126249816445, 35.504381277794771 ], [ 138.72007902741467, 35.504401666265551 ], [ 138.720056556008387, 35.504404610742917 ], [ 138.720044749753072, 35.504403667296685 ], [ 138.71987949917866, 35.504380334348539 ], [ 138.719863806292437, 35.504378860457848 ], [ 138.719712499784066, 35.504329582888531 ], [ 138.71966288941266, 35.50432088912612 ], [ 138.719624888509315, 35.504318249819519 ], [ 138.719585222281182, 35.504321694104121 ], [ 138.71956166707136, 35.504329610822467 ], [ 138.719506722159906, 35.504345027953363 ], [ 138.719410667367782, 35.504366693575811 ], [ 138.719356082960161, 35.504376361121302 ], [ 138.719288860617155, 35.504382861619021 ], [ 138.719249082734365, 35.504382917186533 ], [ 138.719106944025356, 35.50437683329497 ], [ 138.719075221979125, 35.504380389315322 ], [ 138.719048332518042, 35.504386166534296 ], [ 138.719019082919147, 35.50439866712177 ], [ 138.71897936069999, 35.504415332268934 ], [ 138.718906360799906, 35.504443971463857 ], [ 138.718873222605538, 35.504454556323836 ], [ 138.718786916479132, 35.504472917031002 ], [ 138.718648000039252, 35.504497833503038 ], [ 138.718589500186624, 35.504506888904814 ], [ 138.718503194060219, 35.504519777864132 ], [ 138.71839699931985, 35.504537194223971 ], [ 138.718280306091941, 35.504570389053718 ], [ 138.718221860920636, 35.504590277416902 ], [ 138.718158222005485, 35.504600306001038 ], [ 138.718004305855288, 35.504628943994497 ], [ 138.7177747503668, 35.504683638945615 ], [ 138.717547944006611, 35.504744000581418 ], [ 138.71745933275119, 35.504764166782159 ], [ 138.71733377852874, 35.50477958301196 ], [ 138.717276999664477, 35.504785806272849 ], [ 138.717209500313061, 35.504784193913935 ], [ 138.717113056203004, 35.504783499470221 ], [ 138.717078750709618, 35.504776528000299 ], [ 138.717041999618374, 35.504760693662526 ], [ 138.71700897209638, 35.504742971531186 ], [ 138.716993249413747, 35.504739944453462 ], [ 138.71697752836829, 35.504740583029296 ], [ 138.716966306581071, 35.504744278418976 ], [ 138.716955832978471, 35.504749806335063 ], [ 138.716943861369458, 35.504758417497115 ], [ 138.716924417082197, 35.504771917098331 ], [ 138.716889249784884, 35.504789749763958 ], [ 138.71679530595398, 35.504837750181615 ], [ 138.716759943506531, 35.5048616111713 ], [ 138.716741083032503, 35.504871972259409 ], [ 138.71672691696682, 35.504873916521575 ], [ 138.716699638515223, 35.504876610794959 ], [ 138.716678972247621, 35.504883417064171 ], [ 138.71666752747845, 35.504890694305587 ], [ 138.716666666984281, 35.504891249980695 ], [ 138.716660778099964, 35.504894971502125 ], [ 138.716632721994728, 35.504920721787194 ], [ 138.716598860500625, 35.504946500006199 ], [ 138.716574889123308, 35.504958721554651 ], [ 138.716561639542903, 35.504960111042799 ], [ 138.716549222624849, 35.504965917096811 ], [ 138.716508806247504, 35.504992472359881 ], [ 138.716485722213918, 35.505010500262706 ], [ 138.716482250113302, 35.505016638820692 ], [ 138.716481110646129, 35.505025638354596 ], [ 138.716480139479529, 35.505046693335146 ], [ 138.716473193968596, 35.505066138359695 ], [ 138.716493222723955, 35.505089250239259 ], [ 138.716506693649137, 35.50509883248111 ], [ 138.716525222433432, 35.505123499950621 ], [ 138.716540444143419, 35.505159194116914 ], [ 138.716545638869576, 35.505255443954752 ], [ 138.716545860869218, 35.505337082540784 ], [ 138.71655683249756, 35.505379305739467 ], [ 138.716591056460089, 35.505416055688471 ], [ 138.716625249316508, 35.505437555809841 ], [ 138.716653167244971, 35.505441305865936 ], [ 138.716666666984281, 35.505448193834411 ], [ 138.71666752747845, 35.505448611041295 ], [ 138.71670949981791, 35.505469943859403 ], [ 138.716757332882423, 35.505513777915176 ], [ 138.716787221958157, 35.505544193768635 ], [ 138.716931194292528, 35.505611444274003 ], [ 138.716952582877525, 35.505625194079201 ], [ 138.71696499979555, 35.505645389114967 ], [ 138.716982027626528, 35.505702361132592 ], [ 138.71701133288903, 35.505845805809351 ], [ 138.717008472106045, 35.505887110792457 ], [ 138.716998138972258, 35.505915056144396 ], [ 138.716967027916183, 35.505944250113338 ], [ 138.716943306370354, 35.505960083550022 ], [ 138.716915138610432, 35.505974721834669 ], [ 138.716872888607725, 35.505987693694713 ], [ 138.716797166428847, 35.506014166958153 ], [ 138.716770194127179, 35.506028638840633 ], [ 138.716739110902921, 35.506049916691957 ], [ 138.716718388644296, 35.506072028356314 ], [ 138.716708055510509, 35.506090721867821 ], [ 138.716697972208152, 35.506111805383043 ], [ 138.716667555310266, 35.506151639178739 ], [ 138.716666666984281, 35.506152667027514 ], [ 138.716637917375721, 35.506185500518257 ], [ 138.716581250166172, 35.506234389415361 ], [ 138.716551333258622, 35.506257832897802 ], [ 138.716529028188376, 35.506269277702557 ], [ 138.716507416621425, 35.506276167473224 ], [ 138.716481610636464, 35.506281333149211 ], [ 138.716450250403824, 35.506283694618254 ], [ 138.716388860954055, 35.506279944562159 ], [ 138.716343832681503, 35.506283306246409 ], [ 138.716304167108234, 35.506286667029563 ], [ 138.716280917066058, 35.506293055791531 ], [ 138.716261833282658, 35.506307416839348 ], [ 138.716241167015085, 35.506332222176361 ], [ 138.716228499938154, 35.506355722127402 ], [ 138.716223805529779, 35.506394805911881 ], [ 138.716228722265214, 35.506443027398127 ], [ 138.716236806261037, 35.506483416868932 ], [ 138.716259416826375, 35.506536778199781 ], [ 138.716298721895782, 35.506656028481792 ], [ 138.716332583062439, 35.506783582952906 ], [ 138.716338361274381, 35.506816111272883 ], [ 138.716356971916952, 35.506883110673172 ], [ 138.716360277681531, 35.506891193793685 ], [ 138.716363361446497, 35.506892639149711 ], [ 138.716366028061657, 35.506893056356589 ], [ 138.716376221708941, 35.506913139055875 ], [ 138.716375443727912, 35.506914139271082 ], [ 138.716374055411563, 35.506917583555683 ], [ 138.716373583253016, 35.506920222261549 ], [ 138.716376056355216, 35.506934582708645 ], [ 138.716396777631587, 35.50697780582216 ], [ 138.716410000362487, 35.507023083131401 ], [ 138.716436361346553, 35.507089749727356 ], [ 138.716445667322688, 35.50716005614548 ], [ 138.716444278024056, 35.507173860617094 ], [ 138.716440806578333, 35.507188860541113 ], [ 138.716439444129179, 35.507207860424842 ], [ 138.716443722042641, 35.507218222414046 ], [ 138.716455028307621, 35.507233166470186 ], [ 138.716466332935425, 35.507249833719904 ], [ 138.716469861027065, 35.507258472515524 ], [ 138.71646919371841, 35.507264806310715 ], [ 138.716461472191043, 35.50727808304115 ], [ 138.716437333495435, 35.507344944273576 ], [ 138.716435556188543, 35.507378443973728 ], [ 138.716434694057199, 35.507406611595712 ], [ 138.716437333495435, 35.507454721646567 ], [ 138.716450806057793, 35.507481749984393 ], [ 138.71647324963223, 35.507511721598128 ], [ 138.716505527987294, 35.50753872200201 ], [ 138.716542278096227, 35.507560582561297 ], [ 138.716618389265619, 35.507617389378204 ], [ 138.716646528211413, 35.507627056022606 ], [ 138.716656277859414, 35.507635889154336 ], [ 138.716666666984281, 35.507695972051486 ], [ 138.716667556292578, 35.507696722062704 ], [ 138.716678082939325, 35.507705693662665 ], [ 138.716690055530648, 35.507729528520606 ], [ 138.716694444116513, 35.507759582734693 ], [ 138.716700917468899, 35.507866861071498 ], [ 138.716693167127403, 35.507908639129361 ], [ 138.71668538895409, 35.50794077817639 ], [ 138.716667556292578, 35.507987805712055 ], [ 138.716666666984281, 35.507990138346067 ], [ 138.716665889003224, 35.507992193442888 ], [ 138.716658166493545, 35.508038806174589 ], [ 138.716662193593265, 35.508082166855246 ], [ 138.716666666984281, 35.508147805902787 ], [ 138.716667556292578, 35.508160693961017 ], [ 138.716668332309013, 35.508172110831836 ], [ 138.716702028121972, 35.508279694039047 ], [ 138.716711250602685, 35.508333333207446 ], [ 138.716724500510537, 35.508410361191878 ], [ 138.716757778191436, 35.50849472198523 ], [ 138.716836250153477, 35.508602694465388 ], [ 138.716905861448396, 35.508717083040715 ], [ 138.716980528310359, 35.508854500294518 ], [ 138.717023639134709, 35.508923667128116 ], [ 138.717040027488821, 35.50897580627408 ], [ 138.717057277319441, 35.509011028266706 ], [ 138.717094193764353, 35.509089860843609 ], [ 138.717133138984792, 35.509158972109695 ], [ 138.717168916617396, 35.509195582389012 ], [ 138.717216249691575, 35.509234443903445 ], [ 138.717244972123154, 35.509250916817052 ], [ 138.717282805708209, 35.509268416678346 ], [ 138.717320000143843, 35.509284888690864 ], [ 138.717389778429634, 35.509309556160375 ], [ 138.717430277647566, 35.509316527930665 ], [ 138.717465638785285, 35.509328444007991 ], [ 138.717505306323119, 35.509346693880502 ], [ 138.717521250350529, 35.50935716730509 ], [ 138.717526889075941, 35.509365972502884 ], [ 138.717528110401418, 35.509372527667018 ], [ 138.717528332401059, 35.509374499863121 ], [ 138.717548611315294, 35.5094035829974 ], [ 138.717558222459076, 35.50940749975603 ], [ 138.717561833063883, 35.509410777638458 ], [ 138.717563471539137, 35.509419610770195 ], [ 138.717564833333398, 35.50943424995593 ], [ 138.717563556344288, 35.509469111210286 ], [ 138.717563666689244, 35.509508471931227 ], [ 138.717558250290892, 35.509544499802949 ], [ 138.717545999708875, 35.509595110692175 ], [ 138.717537889518411, 35.509636750281807 ], [ 138.717534639417437, 35.509726417321936 ], [ 138.717516389606146, 35.509819416910915 ], [ 138.717517832931264, 35.509865889372193 ], [ 138.717528556365295, 35.509923167461672 ], [ 138.717548527492397, 35.509979360633039 ], [ 138.717578028232481, 35.510038972257625 ], [ 138.71760519404711, 35.51008366655855 ], [ 138.717632111667456, 35.510120861648375 ], [ 138.717638306046865, 35.510140944347661 ], [ 138.717655278214181, 35.510169778479415 ], [ 138.71768452748563, 35.510203638917844 ], [ 138.717701528467103, 35.510232500082445 ], [ 138.717707750023436, 35.510267639174351 ], [ 138.7177170559996, 35.510302778266265 ], [ 138.71772941725402, 35.51033163852977 ], [ 138.717749500035808, 35.510370527978139 ], [ 138.71777675032817, 35.510410222104149 ], [ 138.717799333389138, 35.510431250051852 ], [ 138.717841278551646, 35.5104557502181 ], [ 138.717889666615264, 35.510480221849683 ], [ 138.717943361387142, 35.510495943850977 ], [ 138.717999583615125, 35.510506138536918 ], [ 138.718064694342047, 35.510504860484161 ], [ 138.718128333257198, 35.510495471677316 ], [ 138.718145306079407, 35.510491972425932 ], [ 138.718196221926576, 35.510475693848427 ], [ 138.718244750458979, 35.510461528638537 ], [ 138.718293305840916, 35.510447332791429 ], [ 138.718331360443301, 35.510436138791384 ], [ 138.718372167120918, 35.510433860823788 ], [ 138.718421138997741, 35.510439333172364 ], [ 138.718464693821375, 35.510452582869959 ], [ 138.718495138878495, 35.510469360653971 ], [ 138.718523833478287, 35.510503194059552 ], [ 138.718542471952674, 35.510528888476742 ], [ 138.718568250105818, 35.510542889387018 ], [ 138.718604027738422, 35.510551000141106 ], [ 138.718652638783993, 35.510552082956657 ], [ 138.718696971916103, 35.510549667421927 ], [ 138.718748500390575, 35.510568278032714 ], [ 138.718788583113593, 35.510585749960072 ], [ 138.718822917421107, 35.510595028232622 ], [ 138.718840082773966, 35.510597332331962 ], [ 138.718857221932211, 35.510590278261688 ], [ 138.718868638869566, 35.510578556220104 ], [ 138.718874305426795, 35.510565694293625 ], [ 138.718882860598853, 35.510557500638825 ], [ 138.718902860867502, 35.510548111531612 ], [ 138.718937167343199, 35.510543361260318 ], [ 138.718971693853916, 35.510542556582678 ], [ 138.719047249696786, 35.510533416778358 ], [ 138.719114611526265, 35.510533305943703 ], [ 138.719137805904836, 35.510537806311383 ], [ 138.719193361479029, 35.51055822181501 ], [ 138.719222471591394, 35.510574361023188 ], [ 138.719280610940189, 35.510589388580776 ], [ 138.71936255565771, 35.510597861274597 ], [ 138.719420667174688, 35.510596693756135 ], [ 138.719451028081522, 35.510590138591994 ], [ 138.719501194106869, 35.510573860915585 ], [ 138.719581832693734, 35.510553221640095 ], [ 138.719671139089655, 35.510521749703557 ], [ 138.719768556330905, 35.510488332904131 ], [ 138.719864805290825, 35.510441667007839 ], [ 138.719967083276458, 35.510402611157296 ], [ 138.720013444201754, 35.510376055894227 ], [ 138.720058388978885, 35.51034980580193 ], [ 138.720149528017856, 35.51030994407229 ], [ 138.720192639824489, 35.510293027820047 ], [ 138.720234750340722, 35.510279305948792 ], [ 138.720279832639733, 35.510269611370454 ], [ 138.720337667148328, 35.510251860404082 ], [ 138.720392943749516, 35.510226916899207 ], [ 138.720432499632665, 35.510204806135938 ], [ 138.720470832225772, 35.510179027916934 ], [ 138.720486278227412, 35.510167556379699 ], [ 138.720516417134604, 35.510151916978757 ], [ 138.720620972417464, 35.510078222143903 ], [ 138.7207505557042, 35.509963167359174 ], [ 138.720887417173941, 35.509824832790891 ], [ 138.721079056564236, 35.509604305463277 ], [ 138.72118344420133, 35.509465333220255 ], [ 138.721269083346499, 35.509329250487816 ], [ 138.721312861152057, 35.509277500014058 ], [ 138.721390693964707, 35.509176860342833 ], [ 138.721516082833432, 35.509014611019538 ], [ 138.721579056077104, 35.508939111291852 ], [ 138.721681777734574, 35.508828138466463 ], [ 138.721842832581245, 35.508660056056314 ], [ 138.721935889068448, 35.508561028143276 ], [ 138.722008583145993, 35.508496277875544 ], [ 138.722079555907726, 35.508445193611195 ], [ 138.722169805638401, 35.508395499736089 ], [ 138.722269777840154, 35.508348666536534 ], [ 138.722324943768939, 35.508333306174606 ], [ 138.722370916358585, 35.508320499815639 ], [ 138.722443749922633, 35.508311028108075 ], [ 138.722499111001554, 35.508327444553082 ], [ 138.722505667194525, 35.508333333207446 ], [ 138.722532556000772, 35.508357528503296 ], [ 138.722532694504963, 35.508407055976235 ], [ 138.722512972227008, 35.508580305864562 ], [ 138.722508111482625, 35.508721249402598 ], [ 138.722509388471735, 35.508871527982144 ], [ 138.722542139312765, 35.509128610922652 ], [ 138.722578166776827, 35.509297972286653 ], [ 138.722661722137758, 35.50952644396618 ], [ 138.722751805204979, 35.509711860736552 ], [ 138.72283774984524, 35.509839805682063 ], [ 138.722974305819889, 35.510015832444125 ], [ 138.723094555953537, 35.510166333293725 ], [ 138.72314358251171, 35.510281833219274 ], [ 138.723158306195955, 35.510376528067894 ], [ 138.723162666949975, 35.510526583776667 ], [ 138.723148611556695, 35.510675556369527 ], [ 138.723136722460822, 35.510756167106784 ], [ 138.723155972252812, 35.510945193662828 ], [ 138.723202111178438, 35.511084111239434 ], [ 138.723290778097521, 35.511218943853052 ], [ 138.723390860971648, 35.511345750115133 ], [ 138.723494028265577, 35.511413749430261 ], [ 138.723657777886643, 35.511508333143858 ], [ 138.723810027729797, 35.511585583097968 ], [ 138.72399330578844, 35.511638722158771 ], [ 138.72410572208517, 35.511656972031282 ], [ 138.724169888822473, 35.511659944442584 ], [ 138.724200694056009, 35.511659888574712 ], [ 138.724293971888017, 35.511650193996374 ], [ 138.724321444180021, 35.511645000386444 ], [ 138.724561417607475, 35.51159286124048 ], [ 138.724733778064234, 35.511543027996048 ], [ 138.724973749527095, 35.511501667145069 ], [ 138.724999999838786, 35.51150066723023 ], [ 138.725000917306318, 35.511500638395198 ], [ 138.725063277922658, 35.511498277827251 ], [ 138.725181694430944, 35.511461472010367 ], [ 138.725445221758491, 35.511361917257254 ], [ 138.72571263866385, 35.511243667190442 ], [ 138.725846722191164, 35.511169805653061 ], [ 138.726000472332771, 35.511057555976365 ], [ 138.726190139266066, 35.510913611492363 ], [ 138.726284694087155, 35.510824055887625 ], [ 138.72640672218256, 35.510665167347483 ], [ 138.726446055738649, 35.510603721995025 ], [ 138.726491693691628, 35.510451444486897 ], [ 138.726526888493339, 35.510317888724572 ], [ 138.726554806094356, 35.510256055901365 ], [ 138.726587471475341, 35.51016555624966 ], [ 138.726592556183988, 35.510104193797922 ], [ 138.726596277461169, 35.510010500365965 ], [ 138.726607917380448, 35.50993580561628 ], [ 138.726664278112651, 35.509848500345562 ], [ 138.726726000234436, 35.50978916745963 ], [ 138.726789138831805, 35.509769666567202 ], [ 138.726865527337026, 35.509765222067401 ], [ 138.726995860773002, 35.509767139597081 ], [ 138.727150417382347, 35.509780832633311 ], [ 138.727275528260407, 35.50979350052404 ], [ 138.727443305963476, 35.509826582716947 ], [ 138.72754486097682, 35.509882361384712 ], [ 138.727617527877413, 35.509979110429057 ], [ 138.727648138943152, 35.510089943885127 ], [ 138.727655305798862, 35.510295971396317 ], [ 138.72763074962603, 35.510465417162862 ], [ 138.727584000365084, 35.510694166980315 ], [ 138.727569082185568, 35.510747250173239 ], [ 138.727555221942424, 35.510794332375319 ], [ 138.727556611568502, 35.510820638635863 ], [ 138.72756541657202, 35.510984943957077 ], [ 138.727600749223058, 35.511272778258665 ], [ 138.727670556322948, 35.511543610704003 ], [ 138.727814194348127, 35.511720000306894 ], [ 138.727956666711464, 35.511872027911409 ], [ 138.72805005587071, 35.511966083583467 ], [ 138.728101527699266, 35.512047860637729 ], [ 138.728132000260786, 35.512119194003539 ], [ 138.728153166846141, 35.512192443697565 ], [ 138.728142917207776, 35.512268610836117 ], [ 138.728125722058508, 35.512364778073604 ], [ 138.728080832617565, 35.512551444061693 ], [ 138.728047750086802, 35.512791360846343 ], [ 138.728051806000622, 35.512884777942567 ], [ 138.728073500408129, 35.512967167440912 ], [ 138.728110556012155, 35.513049638938888 ], [ 138.728119805669792, 35.513073971801873 ], [ 138.728128694496178, 35.513095610391474 ], [ 138.728151638715843, 35.513143082767591 ], [ 138.72821377765996, 35.513266861050859 ], [ 138.728266750441861, 35.513395777977266 ], [ 138.728296194208582, 35.513440388776743 ], [ 138.72840577820898, 35.513559278320479 ], [ 138.728495055790773, 35.513652556047376 ], [ 138.728652222369362, 35.513782944161193 ], [ 138.728811388581903, 35.513914971967139 ], [ 138.728929999258042, 35.514003221585185 ], [ 138.729045500301993, 35.514071666942229 ], [ 138.729148806100113, 35.514118610676078 ], [ 138.729323666836052, 35.514171750037249 ], [ 138.729483139198521, 35.514214610610303 ], [ 138.729613138980199, 35.514246971927378 ], [ 138.729673443644089, 35.514261443809858 ], [ 138.729733638945305, 35.514269056558895 ], [ 138.729823193535509, 35.514269832701864 ], [ 138.729909888979876, 35.514279611082017 ], [ 138.729986028308502, 35.514294750074995 ], [ 138.730090667086785, 35.514327389229628 ], [ 138.730141806243324, 35.51434419404648 ], [ 138.730236249409728, 35.514364639286235 ], [ 138.730282806467443, 35.514369832896165 ], [ 138.730325499814569, 35.514369749995446 ], [ 138.730411472286647, 35.514364805688402 ], [ 138.730526528021613, 35.514352972211434 ], [ 138.73066744376797, 35.514339499643064 ], [ 138.730776639432719, 35.514320777596886 ], [ 138.73089683292045, 35.514293582856894 ], [ 138.731044749841374, 35.514247305632814 ], [ 138.731213360861716, 35.514195722161958 ], [ 138.731356749710301, 35.514149444036782 ], [ 138.73148719381868, 35.514092638421332 ], [ 138.731619528198337, 35.514024721706555 ], [ 138.731745417057425, 35.513952056222308 ], [ 138.731849305686495, 35.513886306039744 ], [ 138.731958306201108, 35.513793056246776 ], [ 138.732039499787078, 35.513702499826103 ], [ 138.732121361336567, 35.513608278052246 ], [ 138.732197332692039, 35.513502916944752 ], [ 138.732250110978669, 35.513417694404424 ], [ 138.732288028386591, 35.513333582613598 ], [ 138.732312361250024, 35.513256889536059 ], [ 138.732328332454387, 35.51318444361857 ], [ 138.732328443781626, 35.513128916656612 ], [ 138.732322306048161, 35.513084667496507 ], [ 138.73230933314872, 35.51304163931983 ], [ 138.732232333325896, 35.512834306122301 ], [ 138.732211638899059, 35.512768361603626 ], [ 138.732202555904848, 35.512719139001085 ], [ 138.732208193647978, 35.512663777540197 ], [ 138.73221549999019, 35.512637583015405 ], [ 138.732228722721089, 35.51260613901281 ], [ 138.732244388757806, 35.51257466737664 ], [ 138.732262056065593, 35.512545638908776 ], [ 138.732283167642208, 35.512517000014221 ], [ 138.732304806058664, 35.512500028194466 ], [ 138.732335305797136, 35.512484250325294 ], [ 138.732358444512045, 35.512476555876994 ], [ 138.732394889453332, 35.51246880616155 ], [ 138.732433332718813, 35.512466721628968 ], [ 138.732472250107435, 35.512466666962553 ], [ 138.732501333042848, 35.512472249845423 ], [ 138.732540806085439, 35.512487888945998 ], [ 138.73257977848283, 35.512499888524779 ], [ 138.732660139078973, 35.512514639446273 ], [ 138.732793749465458, 35.512539778188348 ], [ 138.732878556603112, 35.512550083408577 ], [ 138.733015083436214, 35.51255666740775 ], [ 138.733201749445158, 35.512566721823269 ], [ 138.733333332693292, 35.512577667421517 ], [ 138.73333427799264, 35.512577750322237 ], [ 138.733378583292932, 35.512581443609363 ], [ 138.733537221683321, 35.512589472063461 ], [ 138.733614000488785, 35.512588749685811 ], [ 138.733679721878474, 35.512585221599394 ], [ 138.733737778714101, 35.512578333030191 ], [ 138.733799333517567, 35.512568027509595 ], [ 138.733862917423977, 35.512553194288117 ], [ 138.73390577841684, 35.512542388960284 ], [ 138.733965221604251, 35.512528111113546 ], [ 138.734010139204429, 35.512516722176663 ], [ 138.734055778139719, 35.51250872195687 ], [ 138.734102805391387, 35.512502971470376 ], [ 138.734152582753637, 35.512498916543876 ], [ 138.734212056064877, 35.512498806009582 ], [ 138.734253583095324, 35.51250097134033 ], [ 138.734314471572418, 35.512510471882926 ], [ 138.734377443833779, 35.512525056101886 ], [ 138.734430750270008, 35.512541360811142 ], [ 138.734480610472843, 35.51255991765661 ], [ 138.734529083014195, 35.512579056008569 ], [ 138.734569278374209, 35.512599333043966 ], [ 138.734610527413935, 35.512624971893644 ], [ 138.734680221549411, 35.512672582737991 ], [ 138.734751361302017, 35.512755083070999 ], [ 138.734784306310871, 35.512814221620822 ], [ 138.734842027527606, 35.513036721745266 ], [ 138.734867806335615, 35.513111333293864 ], [ 138.734895667618161, 35.513191639160731 ], [ 138.73496552874451, 35.513345916798897 ], [ 138.735040056447417, 35.513482693975043 ], [ 138.735073000146542, 35.51355008264828 ], [ 138.735095611039327, 35.513612222444443 ], [ 138.735119583398927, 35.513706972259847 ], [ 138.735135999584855, 35.513765055928054 ], [ 138.73516986075154, 35.513831221515311 ], [ 138.735234861133506, 35.513965110983065 ], [ 138.735258944165508, 35.514017250129037 ], [ 138.735305306073087, 35.514083999625711 ], [ 138.73538061077474, 35.514169082496345 ], [ 138.735474666260359, 35.514254971546443 ], [ 138.73558947183642, 35.514344778556627 ], [ 138.735844361478769, 35.514518278648936 ], [ 138.735973889101899, 35.51460302781414 ], [ 138.736071083361196, 35.514674861287546 ], [ 138.736158082663508, 35.514733249826158 ], [ 138.736209499810712, 35.514757500088784 ], [ 138.736324999544962, 35.514805471671409 ], [ 138.736451278049429, 35.514857555850597 ], [ 138.736528055872611, 35.514885388866055 ], [ 138.73660799997387, 35.514908055604799 ], [ 138.736656193869663, 35.51491780605101 ], [ 138.73670691653129, 35.514923916675059 ], [ 138.73677599967661, 35.514927916935136 ], [ 138.736852721836158, 35.514927778466905 ], [ 138.736927500352834, 35.514929167053957 ], [ 138.737004193698255, 35.514925916805097 ], [ 138.7370599434403, 35.514922693889446 ], [ 138.737104306368792, 35.514915889422419 ], [ 138.737131527847055, 35.514908055604799 ], [ 138.737153693430798, 35.51489869443153 ], [ 138.737180277396817, 35.514887221692831 ], [ 138.737210667117751, 35.514879388776301 ], [ 138.737252472138891, 35.514870499776698 ], [ 138.737393500194827, 35.514834249935291 ], [ 138.737500027607211, 35.514798028027826 ], [ 138.737596111213463, 35.514759916524611 ], [ 138.737692193837375, 35.514717083585133 ], [ 138.737812555625737, 35.514651471570431 ], [ 138.738013860841164, 35.514524555675152 ], [ 138.738130722369647, 35.514448972145651 ], [ 138.738235361147929, 35.514365360462421 ], [ 138.738341139393413, 35.514271332724299 ], [ 138.73843649969993, 35.514174500178505 ], [ 138.738538110704326, 35.514047777417879 ], [ 138.738556000011783, 35.514025472618869 ], [ 138.738591805476204, 35.513976583421396 ], [ 138.738610833268552, 35.513941500197362 ], [ 138.738615417331971, 35.513925833162851 ], [ 138.738615389500154, 35.51391541710796 ], [ 138.738610139110392, 35.513904527978312 ], [ 138.738595611558566, 35.513893639149032 ], [ 138.738579360726334, 35.513882777953327 ], [ 138.738567721789337, 35.513867639561077 ], [ 138.738564778165767, 35.513852499667003 ], [ 138.738566471649762, 35.51383399959051 ], [ 138.738574527813768, 35.51381647179528 ], [ 138.738587806208301, 35.5137993606062 ], [ 138.738603416581384, 35.513786082974669 ], [ 138.738620778066689, 35.513779416975872 ], [ 138.738636417253872, 35.513777943986277 ], [ 138.738647443890983, 35.513784582952226 ], [ 138.738663110909982, 35.513792110998359 ], [ 138.738684583317848, 35.513798221922769 ], [ 138.738700221522748, 35.51379913923725 ], [ 138.73874197153512, 35.513801444237693 ], [ 138.738774000058726, 35.513807110922372 ], [ 138.738813693463783, 35.513818249955641 ], [ 138.738849472078698, 35.513832583369883 ], [ 138.738878888995885, 35.513845750166766 ], [ 138.73890219404683, 35.513857556610894 ], [ 138.738934167561666, 35.513874693931719 ], [ 138.73904097198249, 35.513939528001266 ], [ 138.739179166432365, 35.51401883275183 ], [ 138.739272417087392, 35.514064306199366 ], [ 138.739373972100736, 35.514106916868798 ], [ 138.739475472105312, 35.514138693675733 ], [ 138.739518194594012, 35.514149139166385 ], [ 138.739552167415354, 35.514151582635051 ], [ 138.739593332959657, 35.514150667122763 ], [ 138.739626777631429, 35.514147221937066 ], [ 138.739675583172243, 35.514138443471751 ], [ 138.739741361207848, 35.514125583347464 ], [ 138.739798639080135, 35.51411388833872 ], [ 138.739867250066908, 35.514106250659395 ], [ 138.739917499915151, 35.514105583248529 ], [ 138.739954999845878, 35.51410663903124 ], [ 138.74001516698786, 35.514112888423881 ], [ 138.74005622185976, 35.514119750260612 ], [ 138.740102972430435, 35.514137610860175 ], [ 138.740158944499512, 35.514161778222089 ], [ 138.740227666813553, 35.514191889505511 ], [ 138.74030988919435, 35.514233916565892 ], [ 138.740512750371863, 35.514354972341472 ], [ 138.740728221652972, 35.514505417323193 ], [ 138.740811277350986, 35.514565361752112 ], [ 138.740893527563571, 35.514615055326857 ], [ 138.740943666739412, 35.514643722155348 ], [ 138.740982832977181, 35.514669193701771 ], [ 138.741025166802785, 35.514706833031319 ], [ 138.741060500436106, 35.514755999765981 ], [ 138.741095027929134, 35.514796832575421 ], [ 138.741144889114281, 35.514864583188391 ], [ 138.741174971375528, 35.514911194117907 ], [ 138.741201138846634, 35.514966333308749 ], [ 138.741219249498869, 35.51500597186724 ], [ 138.741231944407616, 35.515047832525454 ], [ 138.741236555975405, 35.515080166809689 ], [ 138.741232610733988, 35.515114694358616 ], [ 138.741222583422712, 35.515167527948286 ], [ 138.741200138865935, 35.515257361090221 ], [ 138.741189944236368, 35.515306388455564 ], [ 138.741168443996656, 35.515368943656412 ], [ 138.741144916946098, 35.515448416611335 ], [ 138.741126611143727, 35.515547306056142 ], [ 138.74112055625082, 35.515596305787909 ], [ 138.741112388432128, 35.515636027847847 ], [ 138.74109397228483, 35.515695222265556 ], [ 138.741079666732645, 35.515748471860647 ], [ 138.741070499915566, 35.515789889180233 ], [ 138.741066527497196, 35.515844806401397 ], [ 138.741074139334472, 35.515976611036201 ], [ 138.741079556060271, 35.516045027858581 ], [ 138.741090138370652, 35.516126972216107 ], [ 138.741102721624713, 35.516186917546122 ], [ 138.741128778750863, 35.5162654446519 ], [ 138.741161028291799, 35.516337194323491 ], [ 138.741212222129661, 35.516421222312502 ], [ 138.741259972681036, 35.516493194254139 ], [ 138.741293806015904, 35.516536917475257 ], [ 138.741327610536644, 35.516577806152576 ], [ 138.741363999814297, 35.516610250070009 ], [ 138.741426360758055, 35.516658861129557 ], [ 138.74143688904195, 35.51666666701324 ], [ 138.741474833299407, 35.516694778166624 ], [ 138.741525888633049, 35.516718000580482 ], [ 138.741564083049383, 35.51673575034539 ], [ 138.741583638663883, 35.516747527954486 ], [ 138.741600249999948, 35.516749277880542 ], [ 138.741615417028612, 35.516747472086607 ], [ 138.741634167157684, 35.516739750605467 ], [ 138.741660860813795, 35.516723167157565 ], [ 138.741666666857526, 35.516719471767885 ], [ 138.741667666838225, 35.516718833192051 ], [ 138.741683194370722, 35.516708943376514 ], [ 138.74172213860885, 35.516688777776508 ], [ 138.74174524949197, 35.516680471785222 ], [ 138.741776305866694, 35.516679833209388 ], [ 138.741805193979445, 35.516684499678874 ], [ 138.741827611359241, 35.51668858283967 ], [ 138.741842806219722, 35.516697416872496 ], [ 138.74185008342036, 35.51671394355143 ], [ 138.741854472333642, 35.516732805868024 ], [ 138.741856694294682, 35.516749360781262 ], [ 138.74186394399095, 35.516762917151446 ], [ 138.741888583331786, 35.516781777665855 ], [ 138.741924028619792, 35.516804139233827 ], [ 138.741968194106136, 35.516833583106383 ], [ 138.74202327752181, 35.516862417238144 ], [ 138.742176249682387, 35.516945916584895 ], [ 138.742250166722556, 35.516983110773623 ], [ 138.742290166605017, 35.516998832774924 ], [ 138.742329305993252, 35.517011693800306 ], [ 138.742364027981552, 35.517018444201639 ], [ 138.742394333552198, 35.517019110411049 ], [ 138.742418944406353, 35.517017249950698 ], [ 138.742446138707663, 35.517012888952344 ], [ 138.742481693685761, 35.517000972274289 ], [ 138.742508443987788, 35.516988000414244 ], [ 138.742530389209065, 35.516974305575829 ], [ 138.742555306540595, 35.516956750747759 ], [ 138.742599222522898, 35.516939471955048 ], [ 138.742627249814035, 35.516932722454811 ], [ 138.74265180565942, 35.516931221531273 ], [ 138.742676360849941, 35.516933083193081 ], [ 138.742694499988858, 35.516938306539139 ], [ 138.742706805579644, 35.516946417593587 ], [ 138.742720306301237, 35.5169616941537 ], [ 138.742734860702569, 35.516985138537237 ], [ 138.742739028271075, 35.516996332537282 ], [ 138.742741638895183, 35.517003305809396 ], [ 138.742745721985955, 35.517008333017152 ], [ 138.742910444410768, 35.517080389361332 ], [ 138.742949610975984, 35.517097082742801 ], [ 138.742984972113675, 35.517121138669324 ], [ 138.74299966698382, 35.517148221673565 ], [ 138.743008860977852, 35.517168943849775 ], [ 138.743015167011947, 35.517205028190112 ], [ 138.74301522169327, 35.517230583538343 ], [ 138.743005194381993, 35.517267221751595 ], [ 138.742984277955514, 35.51733149984566 ], [ 138.742967555947075, 35.517391667445722 ], [ 138.742954971710702, 35.517423471886232 ], [ 138.742934777274229, 35.51745388864078 ], [ 138.742902805723958, 35.517497499525419 ], [ 138.742873916628923, 35.5175554438243 ], [ 138.742861693878723, 35.517592138806521 ], [ 138.742854333182606, 35.517627888540325 ], [ 138.742850305755468, 35.517662722161106 ], [ 138.742847805803763, 35.517699110470744 ], [ 138.742846111337457, 35.517749528225323 ], [ 138.742837388847079, 35.517849193813092 ], [ 138.742832777934154, 35.517932582625548 ], [ 138.742834721577054, 35.517980889715794 ], [ 138.742837056175063, 35.517988583262998 ], [ 138.742839333144843, 35.517991139068151 ], [ 138.74284522202916, 35.518032360549803 ], [ 138.742846555664158, 35.518050082681142 ], [ 138.742854278173866, 35.518073527965768 ], [ 138.742866499941755, 35.518101111077613 ], [ 138.742882527792034, 35.518137056048616 ], [ 138.742904972021364, 35.518179250412267 ], [ 138.742922277843036, 35.518210472144816 ], [ 138.742964527845743, 35.518266194043619 ], [ 138.743029778059196, 35.518336943800371 ], [ 138.743079055758528, 35.518393138773924 ], [ 138.743165556052787, 35.518507082809165 ], [ 138.743273083445871, 35.518687666707876 ], [ 138.743361472374232, 35.518866306344428 ], [ 138.743401082938732, 35.518955638778031 ], [ 138.743485389103768, 35.519226222220851 ], [ 138.743566861335296, 35.519478582824 ], [ 138.743650832863693, 35.519635389534841 ], [ 138.743834888903393, 35.519911582893378 ], [ 138.743924860970793, 35.520029000348615 ], [ 138.744001028131237, 35.52011027819637 ], [ 138.744013971889132, 35.52012044434764 ], [ 138.744047721728577, 35.520133999816728 ], [ 138.744069806436329, 35.520141638397156 ], [ 138.744083749520058, 35.520145082982118 ], [ 138.744089194077674, 35.520147750222655 ], [ 138.744093639309426, 35.520152028320297 ], [ 138.7440971942506, 35.520158611418367 ], [ 138.744124943878461, 35.520216527783312 ], [ 138.744125721859518, 35.520217110491267 ], [ 138.744253694175399, 35.520316138404304 ], [ 138.744267722064308, 35.520335471993462 ], [ 138.744275667555939, 35.520348861360752 ], [ 138.744339583152055, 35.520413778030651 ], [ 138.744492221658305, 35.520562250515901 ], [ 138.744534111157151, 35.520591943390983 ], [ 138.744575056338959, 35.520614389661873 ], [ 138.744615971724357, 35.520645639328357 ], [ 138.744753527679705, 35.52078972228059 ], [ 138.7447576942659, 35.520810610858973 ], [ 138.744763917459409, 35.520838166937978 ], [ 138.744772528622519, 35.520911833238159 ], [ 138.744797082830758, 35.521026693686778 ], [ 138.744839249992879, 35.521168389038223 ], [ 138.744992749975609, 35.521432749220146 ], [ 138.745219221699159, 35.521741027860386 ], [ 138.745291166609775, 35.52185683265634 ], [ 138.745485110801667, 35.5220517499693 ], [ 138.745651582701555, 35.522201721876264 ], [ 138.745874667457116, 35.522362694047899 ], [ 138.745923166847973, 35.522390638799109 ], [ 138.745963556375813, 35.522402110636712 ], [ 138.746016056344331, 35.522411889016865 ], [ 138.746064555735188, 35.522438194075946 ], [ 138.746119194169268, 35.522489193637391 ], [ 138.74615163886034, 35.522543582817015 ], [ 138.74618619353032, 35.52261608370128 ], [ 138.746222667285707, 35.522668778522359 ], [ 138.746285388733327, 35.522728056441515 ], [ 138.746553889442225, 35.522867805728602 ], [ 138.746772332833586, 35.522998193842419 ], [ 138.747083582880691, 35.523137889063818 ], [ 138.747271694179346, 35.523215249552216 ], [ 138.747408694153251, 35.523262360589328 ], [ 138.747570110813513, 35.52329519408007 ], [ 138.747665777924823, 35.523307610865729 ], [ 138.747776861241391, 35.523314943975024 ], [ 138.747880250207544, 35.523326083008286 ], [ 138.747968166977358, 35.523325916606119 ], [ 138.748128556479969, 35.523316749768952 ], [ 138.748322832361595, 35.523288610982 ], [ 138.748557139231821, 35.523238944139734 ], [ 138.748722083001411, 35.523210860920287 ], [ 138.748872943218487, 35.523198917209392 ], [ 138.748939778208126, 35.523198777840065 ], [ 138.749008694035126, 35.523204222254705 ], [ 138.749205332674023, 35.523230166875877 ], [ 138.749367528297597, 35.523262417358296 ], [ 138.749613333636006, 35.523301888613531 ], [ 138.749751082776868, 35.523327888802214 ], [ 138.749876499477409, 35.523345056159535 ], [ 138.749889305713424, 35.523344750388041 ], [ 138.74990138897715, 35.523341055899458 ], [ 138.749910722130238, 35.523337360509778 ], [ 138.749921389245799, 35.523330389039856 ], [ 138.749981999732199, 35.523288471612673 ], [ 138.749991999539077, 35.523285166697399 ], [ 138.749999999712031, 35.523284888559473 ], [ 138.750001055683782, 35.523284860925905 ], [ 138.750004472120764, 35.523284750091243 ], [ 138.750018499682227, 35.523285110829519 ], [ 138.750028500143998, 35.523291638960814 ], [ 138.750040527744062, 35.523303055831633 ], [ 138.75005511128694, 35.523321832844587 ], [ 138.750074139079288, 35.523336082757389 ], [ 138.750107721600386, 35.523350666976349 ], [ 138.75012908300846, 35.523360332719648 ], [ 138.750147638642261, 35.523363972241455 ], [ 138.750188528160436, 35.523372055361968 ], [ 138.75023305546037, 35.523370471838078 ], [ 138.750279388553849, 35.523364443514019 ], [ 138.750345666907236, 35.523350193901585 ], [ 138.750393749803209, 35.523332249800568 ], [ 138.750453222132137, 35.523305943540024 ], [ 138.750462721621261, 35.523295027677904 ], [ 138.750466111208709, 35.523283832776762 ], [ 138.75046605619994, 35.523267333130669 ], [ 138.750466778517364, 35.523257999891342 ], [ 138.750470888457642, 35.523250666782047 ], [ 138.750482611217535, 35.523242555727599 ], [ 138.750495222303385, 35.523238083594222 ], [ 138.750504249633991, 35.523238083594222 ], [ 138.750518722504466, 35.52324541670351 ], [ 138.750540443761508, 35.52326161057811 ], [ 138.750558527236791, 35.523272639077078 ], [ 138.75058197177421, 35.523272583209206 ], [ 138.750609055730592, 35.523268833153111 ], [ 138.750633388594025, 35.523261417443464 ], [ 138.750682083462465, 35.523244332986863 ], [ 138.750722610512184, 35.523225082899145 ], [ 138.750814556346342, 35.523180610567906 ], [ 138.751014610439881, 35.523088694395213 ], [ 138.751191610623692, 35.522988055625085 ], [ 138.751362583418967, 35.5228879439954 ], [ 138.751631749471954, 35.522703388972005 ], [ 138.751731193851526, 35.5226454996399 ], [ 138.751766360821392, 35.522616582607419 ], [ 138.751781888681336, 35.522599582853729 ], [ 138.751796360569529, 35.52259022168046 ], [ 138.75188600029233, 35.5225579441652 ], [ 138.752266193343388, 35.522450443858709 ], [ 138.752522749947644, 35.522384638408994 ], [ 138.752670082400499, 35.522342499913222 ], [ 138.752781917503484, 35.522318139116301 ], [ 138.752846832425405, 35.52230691748268 ], [ 138.7528722222429, 35.522303082723674 ], [ 138.752895860948172, 35.522303027756898 ], [ 138.752929332796896, 35.522306750179418 ], [ 138.752982416906036, 35.522311832954692 ], [ 138.753023389264797, 35.522315499509332 ], [ 138.753069527863005, 35.522313056040666 ], [ 138.753105277991239, 35.522309193648091 ], [ 138.753161194069293, 35.522298250452756 ], [ 138.753263250055284, 35.522278693992817 ], [ 138.753320332777434, 35.522268194436478 ], [ 138.753408556352099, 35.522254806270652 ], [ 138.753474277741759, 35.522243805705621 ], [ 138.753507138927745, 35.522235250411448 ], [ 138.753768499957914, 35.522200777528937 ], [ 138.753785194134537, 35.522202083515637 ], [ 138.753824833513136, 35.522210250137597 ], [ 138.753911833142865, 35.522227222257719 ], [ 138.754039249804805, 35.522249805795376 ], [ 138.75424433294333, 35.522286805948362 ], [ 138.754353861607541, 35.522301194029026 ], [ 138.754381833235044, 35.522308750309456 ], [ 138.754448555587686, 35.52233747180437 ], [ 138.754533555910911, 35.522368000294669 ], [ 138.754620917026756, 35.522386500070802 ], [ 138.75472461050569, 35.522394943929591 ], [ 138.754780917211406, 35.5223948324942 ], [ 138.754844582976062, 35.522392693895931 ], [ 138.754899249896823, 35.522385222318405 ], [ 138.754944916663959, 35.522377805407302 ], [ 138.754987333330121, 35.522365694393137 ], [ 138.755063027349735, 35.522332056224762 ], [ 138.7551265834243, 35.522304167341424 ], [ 138.755198583016238, 35.522258917065024 ], [ 138.755272666392443, 35.522203249832643 ], [ 138.755441889057806, 35.522041583217302 ], [ 138.755613306179811, 35.52189897145248 ], [ 138.755765693872291, 35.52178069435282 ], [ 138.756021666990762, 35.521618943935671 ], [ 138.756265305704346, 35.521481139211112 ], [ 138.756529333349704, 35.521318528248443 ], [ 138.756768361477782, 35.521166250439954 ], [ 138.756907389244901, 35.521104250313478 ], [ 138.756934500378208, 35.521097444344633 ], [ 138.757038249848193, 35.521078888700622 ], [ 138.757130194700011, 35.521066166744205 ], [ 138.757232833189505, 35.521060166654451 ], [ 138.757361305823167, 35.521060777897077 ], [ 138.757432972088225, 35.521064443550628 ], [ 138.757510555724252, 35.521080611593838 ], [ 138.757590471993723, 35.52109580585396 ], [ 138.757675166821826, 35.52112444384742 ], [ 138.75779163870493, 35.521177972181171 ], [ 138.757848110764371, 35.521210527834356 ], [ 138.757871693806038, 35.521238305883038 ], [ 138.75788591749992, 35.521271889384998 ], [ 138.757895443838549, 35.521313166434162 ], [ 138.757897916940749, 35.521352528056191 ], [ 138.757891028075761, 35.521401528388687 ], [ 138.757854083144139, 35.521601388506866 ], [ 138.757833416876565, 35.521737971947637 ], [ 138.757819333324022, 35.521806916811556 ], [ 138.757767972167869, 35.522014416411245 ], [ 138.757754666596384, 35.522084417057876 ], [ 138.757748832720836, 35.522137221512153 ], [ 138.75775047152348, 35.522181416906932 ], [ 138.757760138985788, 35.522237471610069 ], [ 138.757766305860798, 35.522274166592297 ], [ 138.757768360830937, 35.52233116654385 ], [ 138.757776443844477, 35.522554139142322 ], [ 138.757836056314773, 35.522856721361748 ], [ 138.757933083255779, 35.523290388841993 ], [ 138.758041972115706, 35.52356511101312 ], [ 138.758135222115868, 35.523771750067297 ], [ 138.758318250343052, 35.524034750497208 ], [ 138.758333332893983, 35.524046055932637 ], [ 138.758334416370104, 35.524046860910637 ], [ 138.758438860980561, 35.524125110779586 ], [ 138.758580611353921, 35.524196167208927 ], [ 138.758762500113903, 35.524270999826115 ], [ 138.759023083163015, 35.524344721693808 ], [ 138.759049861296859, 35.524348417083488 ], [ 138.75907566728182, 35.524346111181956 ], [ 138.759103806227614, 35.524339250246321 ], [ 138.759130055557023, 35.524330167210977 ], [ 138.759155417542701, 35.524325943779758 ], [ 138.759179416751806, 35.524328167080938 ], [ 138.759211277957093, 35.52433752795384 ], [ 138.759262082476994, 35.524358166628602 ], [ 138.759298111250786, 35.524368556551742 ], [ 138.759331221285947, 35.524379861086082 ], [ 138.759367777881891, 35.524384999729229 ], [ 138.759401417048934, 35.524384943861349 ], [ 138.759435028384161, 35.524379638816036 ], [ 138.759493249591202, 35.524366166848395 ], [ 138.759539222180848, 35.524357888791052 ], [ 138.759611471931663, 35.524351694064826 ], [ 138.759679917237321, 35.524347306333993 ], [ 138.759709806313026, 35.524347249865386 ], [ 138.759741583040608, 35.524340083158265 ], [ 138.759793583673627, 35.524326583256681 ], [ 138.759879278154983, 35.524301971655049 ], [ 138.760025667273084, 35.524270917225763 ], [ 138.760074806140807, 35.524267666976904 ], [ 138.760122028542582, 35.524268361120242 ], [ 138.760232610886504, 35.524276472174691 ], [ 138.760468249754581, 35.524280693503357 ], [ 138.760524749645811, 35.524286333155196 ], [ 138.760548777669044, 35.524293194090831 ], [ 138.760571388234382, 35.524302971569888 ], [ 138.760600388656684, 35.524315027917631 ], [ 138.760681721729156, 35.524356417303281 ], [ 138.760772167264832, 35.524386805523164 ], [ 138.760860556193194, 35.524419528179244 ], [ 138.760943944235805, 35.524447056624673 ], [ 138.761018944097259, 35.524455444615583 ], [ 138.761106471549112, 35.524447667266564 ], [ 138.761162443618218, 35.524443138964948 ], [ 138.761208361199095, 35.524432194267789 ], [ 138.761245999634014, 35.524415971558163 ], [ 138.761280389605133, 35.524396805872989 ], [ 138.761317389545525, 35.524368471848838 ], [ 138.761349889245366, 35.524350417213526 ], [ 138.76135780592287, 35.524347749672621 ], [ 138.761397388655553, 35.524342443726212 ], [ 138.761440193657364, 35.524339583050661 ], [ 138.761497193538958, 35.524348111311994 ], [ 138.761550722302275, 35.524359778086428 ], [ 138.761625694004465, 35.524374472238954 ], [ 138.761729249306626, 35.524399388710989 ], [ 138.761788194468267, 35.524415832789565 ], [ 138.761825500231168, 35.52443016710491 ], [ 138.762000472294346, 35.524510389470322 ], [ 138.762031360368439, 35.524528582874225 ], [ 138.762059166642217, 35.524534944603346 ], [ 138.762093639453923, 35.524538833127671 ], [ 138.762138360921682, 35.524539221799884 ], [ 138.762177028151427, 35.524539639006768 ], [ 138.762204278443789, 35.52453458296398 ] ] ], [ [ [ 138.591666666963135, 35.476480638774923 ], [ 138.591667249794057, 35.476480500306693 ], [ 138.59181586087314, 35.476451111100552 ], [ 138.592214750026812, 35.476333056270938 ], [ 138.592620860390099, 35.476135832455718 ], [ 138.592889193780707, 35.475955833067147 ], [ 138.593033638273596, 35.475820556213804 ], [ 138.593246972071427, 35.475561667479361 ], [ 138.593288083589243, 35.475449166697587 ], [ 138.593295028117865, 35.475296943855874 ], [ 138.593226139140398, 35.475094167494639 ], [ 138.593184861286545, 35.47500000038719 ], [ 138.593068083253485, 35.474733611240197 ], [ 138.593047249667592, 35.474654999731882 ], [ 138.593026416736564, 35.474457778319575 ], [ 138.593046971676898, 35.474260556006172 ], [ 138.593074750118859, 35.474142221536816 ], [ 138.593157250162903, 35.473962222148245 ], [ 138.593239750534394, 35.473838056394229 ], [ 138.593329194124777, 35.473764999834849 ], [ 138.593432528082133, 35.473714166675578 ], [ 138.593576971920186, 35.473663611353864 ], [ 138.593762805921614, 35.473635556068359 ], [ 138.594051694252528, 35.47361305603215 ], [ 138.594265028050359, 35.473618888818635 ], [ 138.594608916956389, 35.473618888818635 ], [ 138.594760306305346, 35.473585000746638 ], [ 138.594966694264798, 35.473511667250797 ], [ 138.595166138677911, 35.473427221754534 ], [ 138.595242000015844, 35.473393610618999 ], [ 138.595379500307558, 35.47330888908737 ], [ 138.595537832875408, 35.47317416700804 ], [ 138.595682277695744, 35.472993888880822 ], [ 138.595764777739788, 35.472836110789807 ], [ 138.59580613941651, 35.472672777749864 ], [ 138.59580613941651, 35.472475555736828 ], [ 138.59577169345431, 35.472312221795782 ], [ 138.595771416773346, 35.472041943824095 ], [ 138.595791971386234, 35.471951944279994 ], [ 138.595809193385037, 35.471862499509911 ], [ 138.595691138690313, 35.47182944404949 ], [ 138.595654750394971, 35.471643055898952 ], [ 138.595577249272083, 35.471606388850667 ], [ 138.59556530647717, 35.47152333374364 ], [ 138.595406693954004, 35.471450000247799 ], [ 138.595398360781587, 35.47134361129153 ], [ 138.595451417058911, 35.471303610492939 ], [ 138.595418638713511, 35.471210555636816 ], [ 138.59546752840464, 35.471097222243465 ], [ 138.595548917140746, 35.471100555993779 ], [ 138.595548917140746, 35.471047499533327 ], [ 138.595630305876853, 35.470924443627709 ], [ 138.595711693630648, 35.470931111128323 ], [ 138.59571558320846, 35.470788056024873 ], [ 138.595776693685195, 35.47073805547717 ], [ 138.595707528026736, 35.470724722278128 ], [ 138.595666972162888, 35.470598332321835 ], [ 138.595675028326895, 35.470531667528071 ], [ 138.595589472022283, 35.470504999928515 ], [ 138.59555308274463, 35.470398610972254 ], [ 138.595386139013669, 35.470328889064277 ], [ 138.595378082849663, 35.470235555769861 ], [ 138.595288638931834, 35.470188888972473 ], [ 138.595300860699751, 35.470075833416686 ], [ 138.59526836099991, 35.469956111261375 ], [ 138.595349749736016, 35.469883055603091 ], [ 138.595353638331517, 35.469799999594969 ], [ 138.595418638713511, 35.469733332999013 ], [ 138.595382250418169, 35.469590277895556 ], [ 138.595256138249709, 35.46956388903466 ], [ 138.595256138249709, 35.469447221590642 ], [ 138.595134193977174, 35.469460555991148 ], [ 138.594963360340955, 35.469397500081961 ], [ 138.594918638873196, 35.469300832736877 ], [ 138.594995861023108, 35.469231111129261 ], [ 138.59498363925519, 35.469151111033895 ], [ 138.595068916586797, 35.469024721978698 ], [ 138.594971416504961, 35.468935000272154 ], [ 138.594995861023108, 35.468855000176788 ], [ 138.594943083391342, 35.468798610867125 ], [ 138.59493891680512, 35.468741943719905 ], [ 138.594865582595872, 35.468658889513975 ], [ 138.594898360941272, 35.468575555668302 ], [ 138.59498363925519, 35.46855222181906 ], [ 138.594946971986843, 35.4684991671608 ], [ 138.595023917128344, 35.468392499465885 ], [ 138.595113361046145, 35.468362499918214 ], [ 138.595036138896262, 35.468279443910092 ], [ 138.59510530586445, 35.468176388704137 ], [ 138.595113361046145, 35.468109722108181 ], [ 138.595113361046145, 35.4680663890611 ], [ 138.594991416773638, 35.468029999850373 ], [ 138.594955028150849, 35.467976667354556 ], [ 138.594906139442031, 35.4679100007586 ], [ 138.595028082732256, 35.467776944202782 ], [ 138.594958917073797, 35.467620555599922 ], [ 138.595007805782615, 35.467560833441041 ], [ 138.595093083114222, 35.467567500040566 ], [ 138.595072806164609, 35.467504167194917 ], [ 138.595186693618245, 35.467417778337584 ], [ 138.595268083009216, 35.467444444134948 ], [ 138.595284193700053, 35.467394444488342 ], [ 138.595333083391182, 35.467377778139721 ], [ 138.595280305759417, 35.46728805553208 ], [ 138.595316694054759, 35.467218056086907 ], [ 138.59526391675044, 35.467211389187021 ], [ 138.595190861186751, 35.467135000078791 ], [ 138.595060582432097, 35.46715138919059 ], [ 138.59500363919642, 35.467108333380331 ], [ 138.594861416991961, 35.467041667385111 ], [ 138.59487752833769, 35.467001666586512 ], [ 138.594966972255492, 35.466981944325134 ], [ 138.595093083114222, 35.466911943978872 ], [ 138.59526391675044, 35.466898611380557 ], [ 138.595337249977405, 35.46686861093179 ], [ 138.595353360340823, 35.466758889126311 ], [ 138.595459194577359, 35.46671250016648 ], [ 138.595504666849223, 35.466666667182125 ], [ 138.595528361218101, 35.466642778558871 ], [ 138.595625861299936, 35.466566111312716 ], [ 138.595715306200049, 35.466576111061819 ], [ 138.595776417004231, 35.466612778110104 ], [ 138.595801722016546, 35.466666667182125 ], [ 138.595816971885768, 35.466699166967437 ], [ 138.59587297178669, 35.466666667182125 ], [ 138.59587391675862, 35.466666111507017 ], [ 138.595880471969281, 35.466666667182125 ], [ 138.595991693790069, 35.466676110955753 ], [ 138.595991166950199, 35.466666667182125 ], [ 138.595987528186157, 35.466602777760272 ], [ 138.596007806118081, 35.466499722554317 ], [ 138.595946972322309, 35.466433055657994 ], [ 138.595930582985886, 35.466373332598025 ], [ 138.596060860758257, 35.466313333502683 ], [ 138.596170583262847, 35.466296667154062 ], [ 138.596227527480835, 35.466163610898612 ], [ 138.596284471698795, 35.466123610700748 ], [ 138.596276417499382, 35.466057221942343 ], [ 138.596337250312871, 35.465987222196809 ], [ 138.596263083113797, 35.465935556125601 ], [ 138.596198916703912, 35.465890832989643 ], [ 138.596300583044524, 35.465734444386783 ], [ 138.596369750012713, 35.465711110537541 ], [ 138.596394194530831, 35.465667777790827 ], [ 138.596455305989878, 35.465611389382254 ], [ 138.59659336095325, 35.465581388933494 ], [ 138.596662527921438, 35.465627777592957 ], [ 138.596678917257861, 35.465588056434108 ], [ 138.596792806348674, 35.465544722485937 ], [ 138.596861972334551, 35.465554722235034 ], [ 138.596882250266475, 35.465488056239813 ], [ 138.596939193502152, 35.465451667029079 ], [ 138.596959472416387, 35.465358333434303 ], [ 138.59700030594351, 35.465328332985543 ], [ 138.596943361070657, 35.465225278079949 ], [ 138.597008361125205, 35.465155556171972 ], [ 138.597089471870618, 35.465158889021183 ], [ 138.597093360793536, 35.465069167314638 ], [ 138.597219471652267, 35.464986111306516 ], [ 138.597313083138602, 35.464986111306516 ], [ 138.597353639002449, 35.464922778460874 ], [ 138.597487806025185, 35.464886111112222 ], [ 138.597467528093262, 35.464779721555225 ], [ 138.597573361347486, 35.46470666679803 ], [ 138.597500027793103, 35.464650000551906 ], [ 138.597459471929255, 35.464453611150446 ], [ 138.597479749861179, 35.464347222194178 ], [ 138.597613917211334, 35.464287222197747 ], [ 138.597699472206216, 35.464280555297861 ], [ 138.597760306001987, 35.464323889246032 ], [ 138.597853916506011, 35.464260555499294 ], [ 138.5979475276649, 35.46424083233682 ], [ 138.5979269720697, 35.464197500190835 ], [ 138.597980027364741, 35.46407111053491 ], [ 138.598122249896619, 35.464077778035524 ], [ 138.598081694032771, 35.463984443840019 ], [ 138.598272527610192, 35.463908055332517 ], [ 138.59836613876908, 35.463911389082824 ], [ 138.598414749814651, 35.463854721935604 ], [ 138.598634472159688, 35.463821389538722 ], [ 138.598731972241524, 35.463891388983896 ], [ 138.598744194009441, 35.463838055586983 ], [ 138.598793083045706, 35.463781667178417 ], [ 138.598764471941365, 35.463665000034766 ], [ 138.598845860677471, 35.463621944224506 ], [ 138.599000305632131, 35.463591944676843 ], [ 138.59909391679102, 35.463628610824031 ], [ 138.599142805827285, 35.46377833342811 ], [ 138.599199750045244, 35.463738333530607 ], [ 138.599325861231392, 35.463785000327995 ], [ 138.59933391706798, 35.463718333431672 ], [ 138.599468082453541, 35.463658332534145 ], [ 138.599577806267888, 35.463645278073749 ], [ 138.599614472553924, 35.463731666931082 ], [ 138.599711972308313, 35.463718333431672 ], [ 138.599760860362295, 35.463798332625942 ], [ 138.599793361044419, 35.463738333530607 ], [ 138.599846139658496, 35.46367833263308 ], [ 138.599801694216836, 35.463645278073749 ], [ 138.599780861285808, 35.463558611078497 ], [ 138.599667250185689, 35.46347555597147 ], [ 138.599659194021683, 35.46342888947445 ], [ 138.599699749885531, 35.463368888276555 ], [ 138.599785027872002, 35.463382222677062 ], [ 138.599837805503768, 35.46334249971602 ], [ 138.599951693939715, 35.463335832816135 ], [ 138.599992527794285, 35.463246111109591 ], [ 138.600000000145059, 35.463243111064713 ], [ 138.60000058297598, 35.463242860860731 ], [ 138.600240583252969, 35.463146389053215 ], [ 138.600236417321611, 35.46303333319706 ], [ 138.600313638816658, 35.462990000450347 ], [ 138.600281139116817, 35.462883610592982 ], [ 138.60032586123944, 35.462820278648429 ], [ 138.600411416561741, 35.462786943247899 ], [ 138.600390860639124, 35.462693888692137 ], [ 138.600317806057717, 35.462667221993684 ], [ 138.60024447184847, 35.462603889148035 ], [ 138.600098082730369, 35.462577500287139 ], [ 138.600090027548674, 35.462517500290701 ], [ 138.60012669383471, 35.462480832942056 ], [ 138.600313638816658, 35.462447499644078 ], [ 138.600358360939282, 35.46251083248972 ], [ 138.60042752790747, 35.462507499640509 ], [ 138.60048447212543, 35.462534167240058 ], [ 138.600508916643577, 35.462643889045538 ], [ 138.600590306034519, 35.462713888791072 ], [ 138.600598361216242, 35.462830278097165 ], [ 138.600630860916084, 35.462810277998237 ], [ 138.600834194252144, 35.462823611497647 ], [ 138.600935860592728, 35.462880277743771 ], [ 138.600952249929151, 35.46273694390166 ], [ 138.601090582883245, 35.462707222191547 ], [ 138.601203916974924, 35.462700556192758 ], [ 138.601321971997095, 35.46279027819967 ], [ 138.601358639265442, 35.462763610600121 ], [ 138.601415582501119, 35.462760277450542 ], [ 138.601464194528972, 35.46279027819967 ], [ 138.60149697189209, 35.462843611596575 ], [ 138.601557805687861, 35.462843611596575 ], [ 138.601603638790976, 35.46286972231956 ], [ 138.601651417174168, 35.462896666855571 ], [ 138.601728639324079, 35.462990000450347 ], [ 138.601679750287815, 35.463056389208745 ], [ 138.601724472737857, 35.463096389406608 ], [ 138.601688083460232, 35.463222778161445 ], [ 138.601789749800815, 35.463252777709108 ], [ 138.601854750182781, 35.463319443704336 ], [ 138.601972528196541, 35.463276110657262 ], [ 138.602086417287353, 35.463256388696244 ], [ 138.602127805813581, 35.463261943645179 ], [ 138.602162250138605, 35.463239444510066 ], [ 138.602155306264848, 35.463104166755627 ], [ 138.602107250218381, 35.463059167283937 ], [ 138.602045305769536, 35.463042222196663 ], [ 138.601955860869424, 35.462980277938073 ], [ 138.601928361400468, 35.462861944069445 ], [ 138.601941971812153, 35.462726944152564 ], [ 138.601983361320691, 35.462603056236098 ], [ 138.60196947226342, 35.462524166890226 ], [ 138.601928361400468, 35.462422778108881 ], [ 138.601859472422973, 35.462309999489548 ], [ 138.601790582790613, 35.462225556095838 ], [ 138.601715027930084, 35.462225556095838 ], [ 138.601467250462093, 35.462304444540621 ], [ 138.601377805561981, 35.462298889291318 ], [ 138.601322806624069, 35.462169166786175 ], [ 138.601267528058287, 35.461983332508566 ], [ 138.601267528058287, 35.461870832928255 ], [ 138.601295306172801, 35.461842499504826 ], [ 138.601467250462093, 35.461864999841403 ], [ 138.601529193928656, 35.461853889643166 ], [ 138.601570306428783, 35.461831389306596 ], [ 138.601584193521433, 35.461797500333503 ], [ 138.601639193441656, 35.461577777983898 ], [ 138.601694194344162, 35.46144250022946 ], [ 138.601687250470405, 35.461380555670495 ], [ 138.601604750426361, 35.461279166889149 ], [ 138.601398361484598, 35.461132778035378 ], [ 138.601253917646574, 35.461053888689506 ], [ 138.600903083229639, 35.460811666904419 ], [ 138.600730861277071, 35.46064833296338 ], [ 138.600682805885469, 35.460625832927171 ], [ 138.600586416456736, 35.460552777268887 ], [ 138.600469472415085, 35.460552777268887 ], [ 138.600125306173226, 35.460620277677876 ], [ 138.600043083137592, 35.460625832927171 ], [ 138.60000058297598, 35.460607722423987 ], [ 138.600000000145059, 35.460607472520365 ], [ 138.599884750242296, 35.460558332518183 ], [ 138.599767778041411, 35.460462499887228 ], [ 138.599712778121187, 35.460372500343126 ], [ 138.599630278077143, 35.46009083253346 ], [ 138.599526944119759, 35.459944443679696 ], [ 138.599224166731574, 35.459628889600225 ], [ 138.599004167378126, 35.459285277531961 ], [ 138.598900832438432, 35.459082499969263 ], [ 138.598639443576474, 35.458885555793785 ], [ 138.59856361105264, 35.458801111198611 ], [ 138.598522500189688, 35.458682778531447 ], [ 138.598433056599305, 35.458350556301163 ], [ 138.598433056599305, 35.458333333376331 ], [ 138.598433056599305, 35.458288610841109 ], [ 138.598446666683571, 35.458260555555604 ], [ 138.598460556068261, 35.458142221987345 ], [ 138.598467221623906, 35.45788305631644 ], [ 138.598426111088372, 35.457748056399552 ], [ 138.598295277662032, 35.45742138941857 ], [ 138.598253889135805, 35.457167777795505 ], [ 138.598233056204776, 35.457100278287612 ], [ 138.598219444155916, 35.456953889433848 ], [ 138.598178056284553, 35.456784722405949 ], [ 138.598123055709465, 35.456638332651089 ], [ 138.598050000145776, 35.456505278798559 ], [ 138.597999166811775, 35.456413055953277 ], [ 138.597895832854391, 35.456300278235048 ], [ 138.597827221867618, 35.456244166762936 ], [ 138.597799721416351, 35.45623277782606 ], [ 138.597614167042792, 35.456091943921223 ], [ 138.597531389008054, 35.456058332785688 ], [ 138.597421389167607, 35.456052499698835 ], [ 138.597380277649791, 35.456063888635718 ], [ 138.597194443648362, 35.456176389417486 ], [ 138.597036110753066, 35.456187777453273 ], [ 138.596891666915013, 35.456159722167769 ], [ 138.596712778424546, 35.456097777909171 ], [ 138.596547472186501, 35.456001944377121 ], [ 138.596389139291205, 35.455861110472291 ], [ 138.596258582873247, 35.455692222483407 ], [ 138.596127750429218, 35.455590832800965 ], [ 138.595955806467344, 35.455523056356611 ], [ 138.595584139119381, 35.455382222451775 ], [ 138.595350249726351, 35.455241389448041 ], [ 138.595253861279929, 35.455145832852452 ], [ 138.595164417362099, 35.455072500558067 ], [ 138.59510247225839, 35.45505000022149 ], [ 138.594999416946564, 35.454988055962893 ], [ 138.594861638991603, 35.454948610839416 ], [ 138.594744693967669, 35.4551005564443 ], [ 138.594558860621106, 35.45524694379624 ], [ 138.594208305832012, 35.455432777773488 ], [ 138.593788583419894, 35.45560166696383 ], [ 138.593726638971049, 35.455629722249334 ], [ 138.593375528200539, 35.455708611595206 ], [ 138.59324497178261, 35.455731110730319 ], [ 138.59263247247759, 35.455765000003773 ], [ 138.592158027808495, 35.455832500412768 ], [ 138.591738306051212, 35.455933611056196 ], [ 138.591667194130423, 35.455948750349535 ], [ 138.591666666963135, 35.455948860883829 ], [ 138.591394139154488, 35.456006943650941 ], [ 138.59097441674237, 35.456006943650941 ], [ 138.590802471798213, 35.455990000365858 ], [ 138.590513305476577, 35.455978888365436 ], [ 138.589908028363453, 35.455961943278162 ], [ 138.589756638359603, 35.455961943278162 ], [ 138.589626082923985, 35.45597305648004 ], [ 138.589275250144198, 35.456057778011669 ], [ 138.588600806390303, 35.456282777472659 ], [ 138.588414972061457, 35.456327777845438 ], [ 138.588284417608122, 35.456344721731256 ], [ 138.588077749693355, 35.456344721731256 ], [ 138.587905805731509, 35.456305277508868 ], [ 138.587823306342329, 35.456276944385806 ], [ 138.58752747184559, 35.456209443976817 ], [ 138.587417194014449, 35.45616999975443 ], [ 138.587046082647873, 35.456096944096139 ], [ 138.58697025012404, 35.456068610973077 ], [ 138.586818860775082, 35.455995555615154 ], [ 138.586701916406014, 35.455978610527879 ], [ 138.58635774950929, 35.455984167579366 ], [ 138.586240806122504, 35.456001110564088 ], [ 138.58593136121408, 35.456023610900658 ], [ 138.585477193822044, 35.456012221663414 ], [ 138.585401360970792, 35.45600666671448 ], [ 138.585188027500408, 35.455944722155522 ], [ 138.58492663863845, 35.455826389488358 ], [ 138.584830250191999, 35.455798332400661 ], [ 138.584616917376479, 35.455803611614591 ], [ 138.584328028390672, 35.455871111122484 ], [ 138.584038861086754, 35.455910556245968 ], [ 138.583667721888361, 35.455905000095576 ], [ 138.583516333521686, 35.455933055381081 ], [ 138.58338355579761, 35.455957499979817 ], [ 138.583333832134372, 35.455965500199611 ], [ 138.583333333126319, 35.45596558310033 ], [ 138.583259389236616, 35.455977499778385 ], [ 138.583104666946127, 35.455995277777596 ], [ 138.58295883282716, 35.455995277777596 ], [ 138.582779943354353, 35.455961389405239 ], [ 138.582449666497212, 35.455966944654534 ], [ 138.582270778006716, 35.455933055381081 ], [ 138.582016332691069, 35.455859999722797 ], [ 138.58176161036701, 35.455769721440042 ], [ 138.581617166856432, 35.455741667055626 ], [ 138.581445221912276, 35.455741667055626 ], [ 138.581211056493146, 35.455775306125098 ], [ 138.580977167100144, 35.455775306125098 ], [ 138.580756888773692, 35.455735861001621 ], [ 138.580426610934239, 35.455662528406869 ], [ 138.580296055498593, 35.455645583619962 ], [ 138.580082722028209, 35.455651416406447 ], [ 138.579793555706573, 35.45568502784235 ], [ 138.579511610921969, 35.455662528406869 ], [ 138.579387722351697, 35.455640028370659 ], [ 138.579249944396736, 35.455583639060997 ], [ 138.579016055986017, 35.455397805984845 ], [ 138.578823556101526, 35.455189471671019 ], [ 138.578678833617914, 35.455065582853464 ], [ 138.578479388877383, 35.45493586094905 ], [ 138.578424389284578, 35.454913360912848 ], [ 138.57816300042262, 35.454721971686297 ], [ 138.578011611073634, 35.454660028028435 ], [ 138.577516055810264, 35.45452475027399 ], [ 138.577357722260103, 35.45450225023778 ], [ 138.577082444340846, 35.454423361793005 ], [ 138.576951888577781, 35.454361417234047 ], [ 138.576841611074087, 35.4542655828009 ], [ 138.576752167156258, 35.454119193947136 ], [ 138.576642166660946, 35.453865861062724 ], [ 138.576545777232212, 35.453730583308278 ], [ 138.576497722168057, 35.453685582935499 ], [ 138.576277443841605, 35.453527806045948 ], [ 138.57609855633342, 35.453274472260439 ], [ 138.575878278006968, 35.453054749910827 ], [ 138.575664943554273, 35.452823639525434 ], [ 138.575486055718642, 35.452683082557066 ], [ 138.575224639024867, 35.452530860616442 ], [ 138.575087139060599, 35.452418361036131 ], [ 138.575025193629443, 35.452384472663773 ], [ 138.575000472430332, 35.452379722392472 ], [ 138.575000000271814, 35.452379610957088 ], [ 138.574791306201035, 35.452339472290987 ], [ 138.574667416321034, 35.452328082453015 ], [ 138.574557138817312, 35.452283082981324 ], [ 138.57445408285065, 35.452164750314161 ], [ 138.574426582399383, 35.452130861040708 ], [ 138.574213249911281, 35.45213669412756 ], [ 138.574158249991086, 35.452181694500339 ], [ 138.574185193806073, 35.452291971980934 ], [ 138.574185750442325, 35.452294194381018 ], [ 138.574178805913704, 35.452333639504502 ], [ 138.574126860944318, 35.452356417378269 ], [ 138.574041027958742, 35.452373082825794 ], [ 138.573944917175567, 35.452435027985487 ], [ 138.573931028118295, 35.452435027985487 ], [ 138.573937971992052, 35.45244086107234 ], [ 138.573738249588246, 35.452412527949278 ], [ 138.573587971874645, 35.45244086107234 ], [ 138.573559083107028, 35.452439193746635 ], [ 138.573518250234798, 35.452406693961329 ], [ 138.573427693699301, 35.452308639230651 ], [ 138.573394082691522, 35.452301971429669 ], [ 138.57336158299168, 35.452320861079471 ], [ 138.573270471784497, 35.452480028358266 ], [ 138.573201583461895, 35.452513638592706 ], [ 138.573146582886807, 35.452598083187873 ], [ 138.573064082515316, 35.452631971560237 ], [ 138.572960749540243, 35.452637528311357 ], [ 138.572857694555864, 35.452598083187873 ], [ 138.572809360518704, 35.452615028275147 ], [ 138.572768249655752, 35.452631971560237 ], [ 138.572726861129524, 35.452631971560237 ], [ 138.57264436108548, 35.452603917175821 ], [ 138.572575472108014, 35.452592528238945 ], [ 138.572403527818693, 35.452592528238945 ], [ 138.572231582874537, 35.452631971560237 ], [ 138.572176582954313, 35.452631971560237 ], [ 138.572087139363958, 35.45260947122366 ], [ 138.572052693401758, 35.452586972088547 ], [ 138.57198408306985, 35.452581417139619 ], [ 138.571894639479467, 35.452615028275147 ], [ 138.571798250050705, 35.45260947122366 ], [ 138.571550471600432, 35.452547527866159 ], [ 138.571337139767223, 35.452541971715767 ], [ 138.571220193760979, 35.452581417139619 ], [ 138.571158250294417, 35.452620861362007 ], [ 138.570896861432459, 35.452879750096443 ], [ 138.570800472003697, 35.452975305790943 ], [ 138.570738528537163, 35.45300919386294 ], [ 138.570614638657162, 35.453020305863355 ], [ 138.570559639064356, 35.45303725004954 ], [ 138.570270749751131, 35.453262527648448 ], [ 138.570153527718787, 35.453262527648448 ], [ 138.570009082898451, 35.453380861216701 ], [ 138.569878528445116, 35.453403360351821 ], [ 138.569837138936606, 35.453431416538422 ], [ 138.569733805961505, 35.453606138815609 ], [ 138.569651305590043, 35.453769471855558 ], [ 138.569582416612548, 35.453853917351822 ], [ 138.569376027670785, 35.45403419457795 ], [ 138.569286860761395, 35.454203082566828 ], [ 138.569273250349681, 35.454253638789638 ], [ 138.569279944064562, 35.454388916844437 ], [ 138.56931438904445, 35.45449586147582 ], [ 138.569369666627949, 35.454535306599304 ], [ 138.56945216699944, 35.454563360983713 ], [ 138.569837443776805, 35.454659194515763 ], [ 138.569995777326966, 35.454743916948487 ], [ 138.570147167658234, 35.454884471814303 ], [ 138.570250222642613, 35.455059194091497 ], [ 138.57027772211157, 35.455143638686671 ], [ 138.570271056228506, 35.455380027985633 ], [ 138.570188278193768, 35.455684194029317 ], [ 138.570105778149724, 35.455926417616588 ], [ 138.570009388720962, 35.456286971768478 ], [ 138.570009388720962, 35.456467249895702 ], [ 138.570043832718568, 35.456962806067025 ], [ 138.570071333169835, 35.457098082920368 ], [ 138.570140222147302, 35.457289472146918 ], [ 138.570305222562837, 35.457598917404532 ], [ 138.570376888500448, 35.457683082960685 ], [ 138.570415778057253, 35.457728639008579 ], [ 138.57068411046555, 35.457981971892991 ], [ 138.57074605655157, 35.458072250175746 ], [ 138.570759666963255, 35.45815113892089 ], [ 138.570759666963255, 35.458333346892751 ], [ 138.570759666963255, 35.458438361679484 ], [ 138.570725499974088, 35.458697528251484 ], [ 138.570697721859545, 35.458984750108982 ], [ 138.570677166919211, 35.45932836127615 ], [ 138.570677166919211, 35.459564749974383 ], [ 138.570691055976482, 35.459728083014333 ], [ 138.570739111368084, 35.459925305928465 ], [ 138.570821611412129, 35.460060583082175 ], [ 138.571007443776381, 35.460263361245602 ], [ 138.571324111204149, 35.460663082983778 ], [ 138.571413833112643, 35.460798082900666 ], [ 138.571468832705449, 35.460950027604454 ], [ 138.571475778216382, 35.460995305814791 ], [ 138.571489388628066, 35.461006416914117 ], [ 138.571503277685338, 35.461169749954067 ], [ 138.571516889079334, 35.461620306052978 ], [ 138.571578861359995, 35.461851417339467 ], [ 138.571641499967029, 35.461950972392948 ], [ 138.572021528319226, 35.461935332991999 ], [ 138.572024138943334, 35.462012722315436 ], [ 138.571688888704813, 35.462026277784524 ], [ 138.571812749770714, 35.462223082891043 ], [ 138.57203302776972, 35.462482249463044 ], [ 138.572184417118706, 35.46276391727271 ], [ 138.572239417038901, 35.462904749976083 ], [ 138.572294417613989, 35.462983360583301 ], [ 138.572514971966541, 35.463146693923612 ], [ 138.572859056022708, 35.463039527923286 ], [ 138.572888222126153, 35.463112667083017 ], [ 138.572582138645942, 35.463216389399477 ], [ 138.572927749850066, 35.4635750284246 ], [ 138.573003582701318, 35.46370447219109 ], [ 138.573099971802634, 35.463901694504493 ], [ 138.573189416702746, 35.464126693965476 ], [ 138.573395806626792, 35.464278638969631 ], [ 138.573581638991044, 35.464396972537891 ], [ 138.573622749526578, 35.464453360946464 ], [ 138.573801638999356, 35.464847527735706 ], [ 138.573863582793336, 35.464915028144695 ], [ 138.573980527817298, 35.464988361340176 ], [ 138.574097749849642, 35.46501641662568 ], [ 138.574317750185372, 35.46505030589914 ], [ 138.574641361159479, 35.465056138985993 ], [ 138.574771917577408, 35.465045027586299 ], [ 138.574937472009736, 35.46500169393849 ], [ 138.574943860884389, 35.465000028414977 ], [ 138.575000000271814, 35.46498177764137 ], [ 138.575000528093966, 35.464981611239203 ], [ 138.575411916678831, 35.464847805573264 ], [ 138.575707750520706, 35.464780306065371 ], [ 138.575983027457625, 35.464785861014306 ], [ 138.576120528404203, 35.46480836044978 ], [ 138.576347750276994, 35.464870305609473 ], [ 138.576561083092514, 35.464949194054249 ], [ 138.576884139067488, 35.465084472109055 ], [ 138.576946082861468, 35.46511808324459 ], [ 138.577076916942673, 35.46516891730495 ], [ 138.577131916862896, 35.465180027803548 ], [ 138.577826917521719, 35.465428361113773 ], [ 138.577888860988253, 35.465450861149982 ], [ 138.578226083356356, 35.465591694153723 ], [ 138.578287749814507, 35.465625305289258 ], [ 138.578494416746963, 35.465693082935069 ], [ 138.578797194135149, 35.465777528130971 ], [ 138.578907193975596, 35.46582252850375 ], [ 138.579106639043573, 35.465935306221986 ], [ 138.579223582430359, 35.466019749916057 ], [ 138.579354416838981, 35.466143638733612 ], [ 138.579450806267744, 35.46630141652426 ], [ 138.57946441635201, 35.466374472182551 ], [ 138.579464722174521, 35.466616693667277 ], [ 138.579446500195019, 35.466666694214972 ], [ 138.579423610656704, 35.466729472286602 ], [ 138.579327222210253, 35.466875582401713 ], [ 138.579237777310141, 35.466976972084161 ], [ 138.57912083326849, 35.467066971628263 ], [ 138.578996943388489, 35.467123360937926 ], [ 138.578852499877883, 35.467157250211379 ], [ 138.578646110608702, 35.467145860974135 ], [ 138.578467193304107, 35.467100860901716 ], [ 138.578246916942248, 35.466982527934185 ], [ 138.577923582649134, 35.466864194365925 ], [ 138.577510527757227, 35.466779749770758 ], [ 138.577187193791531, 35.466734749397979 ], [ 138.576822471627054, 35.466717806413257 ], [ 138.576361360688679, 35.466723083524634 ], [ 138.575941916922119, 35.466779471933201 ], [ 138.575611639082638, 35.466847250179747 ], [ 138.575529138711175, 35.466852806330138 ], [ 138.57535025022068, 35.466909194738712 ], [ 138.575253860791946, 35.466993639033511 ], [ 138.575000528093966, 35.46728513898865 ], [ 138.575000000271814, 35.467285750531637 ], [ 138.574999417440893, 35.467286417041407 ], [ 138.574798027747732, 35.467580582735259 ], [ 138.574772193930954, 35.467618361434134 ], [ 138.574710249482081, 35.467815582546081 ], [ 138.574648583023929, 35.468170582950492 ], [ 138.574600528614639, 35.468418360585609 ], [ 138.574579971709738, 35.468559194190078 ], [ 138.574676083147779, 35.468604193661761 ], [ 138.57489636049192, 35.468638082935215 ], [ 138.57493080645412, 35.468649194034541 ], [ 138.575000000271814, 35.468656249907006 ], [ 138.575000528093966, 35.468656305774886 ], [ 138.57515108281595, 35.46867169407075 ], [ 138.575281638906461, 35.468694194106959 ], [ 138.575453860859028, 35.468739472317296 ], [ 138.575549972297068, 35.468818360762072 ], [ 138.575584417276957, 35.468857528047998 ], [ 138.575605250207985, 35.468913916456565 ], [ 138.575611916745913, 35.469206972302018 ], [ 138.575570833059913, 35.469522249445028 ], [ 138.575481388487219, 35.469725027608462 ], [ 138.575385000040797, 35.469893638961238 ], [ 138.575164999705038, 35.470209193941805 ], [ 138.575000555925783, 35.470562333285145 ], [ 138.575000000271814, 35.470563499902511 ], [ 138.574944722360897, 35.470682249776559 ], [ 138.574772778399023, 35.470969471634064 ], [ 138.574724721370274, 35.471087527665134 ], [ 138.574724721370274, 35.471233916518898 ], [ 138.574800277867979, 35.471510028178166 ], [ 138.574944722360897, 35.471825306222271 ], [ 138.574944722360897, 35.47186474954357 ], [ 138.574993332424157, 35.471955028126686 ], [ 138.575000000271814, 35.471973444401364 ], [ 138.575000555925783, 35.471974972357742 ], [ 138.575005000502699, 35.471987249774074 ], [ 138.575057778134465, 35.472060861107472 ], [ 138.575111111420199, 35.472135583190365 ], [ 138.575158332839663, 35.472185861575618 ], [ 138.575254721286115, 35.472304194242788 ], [ 138.575316666717271, 35.472445028147618 ], [ 138.575615555509955, 35.472678667605685 ], [ 138.575643028129406, 35.472712110536861 ], [ 138.57572641682691, 35.472805777536706 ], [ 138.575843556018668, 35.472921443864429 ], [ 138.575958472267104, 35.47303702849289 ], [ 138.57608222167832, 35.473158194202028 ], [ 138.576196611086914, 35.473264943596206 ], [ 138.576320111321508, 35.473372221933019 ], [ 138.576505278341727, 35.473514527926348 ], [ 138.576677277967207, 35.473638721614307 ], [ 138.576860443716299, 35.473765694278555 ], [ 138.576956249659247, 35.473833417558318 ], [ 138.577068722274475, 35.473903222066653 ], [ 138.577135861122031, 35.473942277917189 ], [ 138.577690555714895, 35.474275582963031 ], [ 138.57775250016374, 35.47429808299924 ], [ 138.578048333023332, 35.474376971444016 ], [ 138.578193056489226, 35.474376971444016 ], [ 138.578461111234247, 35.474360028459294 ], [ 138.578694999644966, 35.474331972272694 ], [ 138.578935832584307, 35.47434308337202 ], [ 138.579004721561802, 35.474360028459294 ], [ 138.579465555819183, 35.474427805804744 ], [ 138.579603332791862, 35.474450582777415 ], [ 138.579940556142247, 35.474540582621884 ], [ 138.580153888957767, 35.474613916718454 ], [ 138.580470278394841, 35.474698361313628 ], [ 138.580607777704245, 35.474720861349837 ], [ 138.581061667105558, 35.474731971848428 ], [ 138.581364443838879, 35.474754749722194 ], [ 138.581619166817802, 35.474794193944582 ], [ 138.582183361227209, 35.474946138948738 ], [ 138.582400458213669, 35.47500001390361 ], [ 138.582410582772582, 35.475002528258408 ], [ 138.582444750089195, 35.475019472444586 ], [ 138.582355306171365, 35.475081416703183 ], [ 138.582341693795087, 35.475098360889362 ], [ 138.582355306171365, 35.475131972325258 ], [ 138.582513638739243, 35.475272805929727 ], [ 138.582568638659467, 35.475272805929727 ], [ 138.582644472165583, 35.475238916956634 ], [ 138.582665028088201, 35.475199471833157 ], [ 138.582646417445631, 35.475158639023718 ], [ 138.582623917225249, 35.475109471988688 ], [ 138.582623917225249, 35.4750700277663 ], [ 138.5826489167425, 35.475059193603435 ], [ 138.582784388913552, 35.47500000038719 ], [ 138.583022806378921, 35.474895860563485 ], [ 138.583139750420571, 35.47482252796874 ], [ 138.583195028331488, 35.474732249685985 ], [ 138.583236138867022, 35.4745972506702 ], [ 138.583256693807328, 35.474400027455701 ], [ 138.583318361247791, 35.474208639130246 ], [ 138.583333333126319, 35.474186778270607 ], [ 138.583333916939552, 35.474185971790781 ], [ 138.583380306678947, 35.474118360547131 ], [ 138.583641972549316, 35.473927250359601 ], [ 138.583793360588544, 35.473848360713362 ], [ 138.584054750432813, 35.473746972232377 ], [ 138.584288638843532, 35.473685028574515 ], [ 138.584419472269872, 35.473668082586144 ], [ 138.585437528248804, 35.473673916574093 ], [ 138.585802250085862, 35.473713360796481 ], [ 138.586676139235152, 35.473814749577834 ], [ 138.586793082621938, 35.473831694665108 ], [ 138.586937528097138, 35.473854193800221 ], [ 138.587123361443702, 35.473893638923698 ], [ 138.587226694418774, 35.473927528197159 ], [ 138.587653361359543, 35.474068333266956 ], [ 138.58785252810938, 35.474164166799007 ], [ 138.588003916476055, 35.474254166343108 ], [ 138.588389193908313, 35.474614721696454 ], [ 138.588403083293002, 35.474637221732664 ], [ 138.588526971863274, 35.474744166664408 ], [ 138.588650582770271, 35.474828889097132 ], [ 138.588870861096723, 35.474930277578117 ], [ 138.588990096842622, 35.47500000038719 ], [ 138.589015306571923, 35.475014722173285 ], [ 138.589166693956287, 35.475133055741544 ], [ 138.589359472486336, 35.475324722204917 ], [ 138.589510860853011, 35.475561111503886 ], [ 138.58966224987455, 35.475859722598635 ], [ 138.589751693792351, 35.476006111452399 ], [ 138.589896138612687, 35.476135556119985 ], [ 138.590040583105576, 35.476191944528551 ], [ 138.590185027598494, 35.476236944000242 ], [ 138.590481138448752, 35.476287778060602 ], [ 138.59083197221085, 35.476310278397179 ], [ 138.591024749758589, 35.476332778433388 ], [ 138.59121030609677, 35.476389166841955 ], [ 138.591423638912261, 35.476490556524396 ], [ 138.591616416460027, 35.476490556524396 ], [ 138.591666666963135, 35.476480638774923 ] ] ], [ [ [ 138.695883721890709, 35.505561888867128 ], [ 138.695954528316435, 35.505551305809341 ], [ 138.696024194292647, 35.505536472287488 ], [ 138.69609616703508, 35.505520694418315 ], [ 138.696196694235908, 35.505488443935896 ], [ 138.69627241706965, 35.505457360671578 ], [ 138.696337499964784, 35.505426666680201 ], [ 138.696395500154495, 35.505394361230998 ], [ 138.696458028089125, 35.505348000505464 ], [ 138.696491750096754, 35.505320944233702 ], [ 138.696557444636909, 35.505270194575878 ], [ 138.696631806003779, 35.505215139186852 ], [ 138.696731278215168, 35.505141332616255 ], [ 138.696775166693129, 35.505113138862512 ], [ 138.696798083408424, 35.505100277536769 ], [ 138.696827444334559, 35.505081167118746 ], [ 138.696858000718947, 35.505066110726119 ], [ 138.696895416826777, 35.505050417559858 ], [ 138.696927888694802, 35.505038806352928 ], [ 138.6969695005304, 35.505024360602199 ], [ 138.697000444268156, 35.505014638690653 ], [ 138.697019722219409, 35.505010806034207 ], [ 138.697039167161506, 35.505008277862629 ], [ 138.697059722101841, 35.505006667305892 ], [ 138.697090583326457, 35.505006833708066 ], [ 138.697124777492576, 35.505009278077829 ], [ 138.697155111549904, 35.505015361068303 ], [ 138.697183750486033, 35.505022139103211 ], [ 138.697204888912154, 35.505024389136864 ], [ 138.697229639252811, 35.505025944126089 ], [ 138.697256583067798, 35.505026111429352 ], [ 138.697285778640207, 35.505023110483378 ], [ 138.697308278533171, 35.505019443928731 ], [ 138.697340528401554, 35.505012805863878 ], [ 138.697374666576621, 35.505000693948624 ], [ 138.697413556133426, 35.504979943838471 ], [ 138.697471305836814, 35.504948194364744 ], [ 138.697502667051765, 35.504928194265808 ], [ 138.697532860967726, 35.504908944178098 ], [ 138.697551444433344, 35.50489983320881 ], [ 138.697565722153712, 35.504894860967831 ], [ 138.697581667163405, 35.50489147225074 ], [ 138.697601499786316, 35.504889472120702 ], [ 138.697619611420862, 35.504889249850656 ], [ 138.697637749904885, 35.504890388534093 ], [ 138.697653722746423, 35.504895110871452 ], [ 138.697677443964835, 35.504904971851957 ], [ 138.697714971727351, 35.504922306212173 ], [ 138.69774186151588, 35.504937500472302 ], [ 138.697755861245554, 35.504945389256704 ], [ 138.697767278182909, 35.504949444183197 ], [ 138.697778499970127, 35.504951222343557 ], [ 138.697785693675343, 35.50495105594139 ], [ 138.697790889056364, 35.504950055726184 ], [ 138.697796082472763, 35.504946444138319 ], [ 138.697820778132069, 35.504924999884828 ], [ 138.697864916768907, 35.504889305718535 ], [ 138.697913833636989, 35.50485138855143 ], [ 138.69795122191303, 35.504836306027059 ], [ 138.697972944152355, 35.504826277743284 ], [ 138.697980806148536, 35.50481919453761 ], [ 138.697986749714175, 35.504812860742426 ], [ 138.697993500075, 35.504805361230964 ], [ 138.697997500325187, 35.504798222457779 ], [ 138.697999971462792, 35.504788721915183 ], [ 138.698001056248643, 35.504777278011524 ], [ 138.698003221563738, 35.504744416887206 ], [ 138.698008167113301, 35.504714694275997 ], [ 138.698018110929127, 35.504691639165408 ], [ 138.69802372182275, 35.504678582902827 ], [ 138.698031194173552, 35.504663471543417 ], [ 138.698034305770307, 35.504648611289092 ], [ 138.698045499725708, 35.504610583287331 ], [ 138.698072222195918, 35.50451280639421 ], [ 138.698076833108843, 35.50448741654705 ], [ 138.698077388762812, 35.504472583325573 ], [ 138.698077360930995, 35.504459638498375 ], [ 138.69807488848366, 35.50444327792124 ], [ 138.698073694335136, 35.50443780647376 ], [ 138.698074638652201, 35.504430778234862 ], [ 138.698075472296864, 35.504424166602128 ], [ 138.698078166743869, 35.504417139264326 ], [ 138.698084443963836, 35.504403278023744 ], [ 138.698112332750753, 35.504345472193087 ], [ 138.698151527802651, 35.504280639024643 ], [ 138.698171888575132, 35.504235860921902 ], [ 138.698187694098351, 35.504195056046406 ], [ 138.698196806234108, 35.504172332839055 ], [ 138.698205917060136, 35.504155806160121 ], [ 138.698219361135813, 35.504136833008872 ], [ 138.698235306145506, 35.504121778418437 ], [ 138.698258139037932, 35.504105139102656 ], [ 138.698285194180158, 35.504087972045703 ], [ 138.698301944020415, 35.504081083176132 ], [ 138.698314166770643, 35.50407763889153 ], [ 138.698321889280322, 35.504076194436607 ], [ 138.698326332874927, 35.504074055838338 ], [ 138.698336971831225, 35.504066749761883 ], [ 138.698361944171523, 35.50404299960686 ], [ 138.698379944151384, 35.50402561118095 ], [ 138.698398667103504, 35.504003443949081 ], [ 138.698422444312968, 35.503966500565063 ], [ 138.698427443561542, 35.503956694250974 ], [ 138.698435749557007, 35.503944333032827 ], [ 138.698439972134281, 35.503940250172391 ], [ 138.698444555870253, 35.503938528180278 ], [ 138.698448805951898, 35.503938806017835 ], [ 138.698453028529173, 35.503940528009949 ], [ 138.698457306442634, 35.503946582465758 ], [ 138.698463722166821, 35.503968833499442 ], [ 138.698472166993923, 35.5039994445901 ], [ 138.698475721935097, 35.504008943931233 ], [ 138.698477277569737, 35.504016389677375 ], [ 138.698476805411218, 35.504026306525752 ], [ 138.698474277627668, 35.504032527984457 ], [ 138.698470250527976, 35.504039972529135 ], [ 138.698468250239159, 35.504047417073814 ], [ 138.698468777406447, 35.50405691761641 ], [ 138.698475389263052, 35.504072610782679 ], [ 138.698484110771119, 35.504089832806415 ], [ 138.698487806181106, 35.50409627803699 ], [ 138.698490971804318, 35.504103166906553 ], [ 138.698490999636135, 35.504110472081905 ], [ 138.698487860862429, 35.504116056166239 ], [ 138.698479277858553, 35.50413433307159 ], [ 138.698474388954935, 35.504148082576428 ], [ 138.698466916604133, 35.504162528627518 ], [ 138.698464278148208, 35.504169277827394 ], [ 138.698463749998638, 35.504174222434798 ], [ 138.698465110810588, 35.50417625049878 ], [ 138.698465943472968, 35.504176721470984 ], [ 138.698468971574272, 35.504176916708182 ], [ 138.698471166685778, 35.504176693837408 ], [ 138.698474471795492, 35.50417466667453 ], [ 138.69848930615214, 35.504161583379101 ], [ 138.698495083381772, 35.504156610837754 ], [ 138.698497832510071, 35.504153917465466 ], [ 138.698500027949024, 35.504151888500395 ], [ 138.698501416265373, 35.504150972087011 ], [ 138.698502500068912, 35.504150972087011 ], [ 138.698505528170244, 35.504152110770441 ], [ 138.698508306112672, 35.504155471553595 ], [ 138.69850991675608, 35.504163027533664 ], [ 138.69850997176485, 35.504181888949162 ], [ 138.698512278531041, 35.504217583115455 ], [ 138.698515305650062, 35.504226055809276 ], [ 138.698520500048772, 35.504234138929789 ], [ 138.69852311067288, 35.504235528117569 ], [ 138.698526528092145, 35.504234472334851 ], [ 138.698528666885153, 35.504226722018679 ], [ 138.698535082609339, 35.504201361306919 ], [ 138.69854105597139, 35.504182333489254 ], [ 138.698543443613573, 35.504176806173888 ], [ 138.69854550022086, 35.504173638825755 ], [ 138.698547749358852, 35.50417122208956 ], [ 138.698549806293585, 35.504170278042601 ], [ 138.698552305590425, 35.504168778020158 ], [ 138.698554361215429, 35.504167111295189 ], [ 138.698555499700319, 35.504164667225787 ], [ 138.698555944027049, 35.5041622504896 ], [ 138.698554778692653, 35.504157971490869 ], [ 138.698549528302863, 35.504149582899231 ], [ 138.698536944066518, 35.504130332811513 ], [ 138.698532693984873, 35.504121806352373 ], [ 138.698528083071949, 35.50410208228881 ], [ 138.698514861323332, 35.504076028034433 ], [ 138.6985125283625, 35.504066889131209 ], [ 138.698510639073504, 35.504055832998667 ], [ 138.698513389184114, 35.504043249510474 ], [ 138.698524055972229, 35.504016556079542 ], [ 138.698538416205736, 35.503998222405215 ], [ 138.698569028253758, 35.503965443881256 ], [ 138.698598638356486, 35.503930333324014 ], [ 138.6986195829422, 35.50390999982001 ], [ 138.698631221879197, 35.503901694429459 ], [ 138.698635999782994, 35.50389958286403 ], [ 138.69864075018242, 35.503899860701587 ], [ 138.698645556245481, 35.50390344375478 ], [ 138.698649583345173, 35.50390613892926 ], [ 138.698653249941032, 35.503907638951695 ], [ 138.698657305854852, 35.503909138974137 ], [ 138.698663166579934, 35.50390822165965 ], [ 138.698675999992872, 35.503903721592337 ], [ 138.698749694051116, 35.503884360970332 ], [ 138.69883097211482, 35.503863556193764 ], [ 138.698874360602446, 35.503851222008464 ], [ 138.69889005578068, 35.503846861010111 ], [ 138.698901333231532, 35.503846833076167 ], [ 138.698914277971738, 35.503850221793257 ], [ 138.69891722257762, 35.503852971934521 ], [ 138.698919305379576, 35.503857389401475 ], [ 138.698921028332535, 35.503871721914628 ], [ 138.698920221537378, 35.503888806371229 ], [ 138.698917750399772, 35.503897000026036 ], [ 138.698910444385007, 35.503910832431586 ], [ 138.698903221865663, 35.503918332844144 ], [ 138.698896277991906, 35.503928693932252 ], [ 138.698890611434649, 35.503941861029489 ], [ 138.6988808889636, 35.503959193587519 ], [ 138.698863055319777, 35.503980278304198 ], [ 138.69885522148283, 35.503989417207421 ], [ 138.698848249777257, 35.504008360322182 ], [ 138.698837943492975, 35.504027306440591 ], [ 138.698826111370465, 35.504049694140321 ], [ 138.698824528558845, 35.504054500279494 ], [ 138.698823778409604, 35.504059028280743 ], [ 138.698824556390662, 35.504064471794287 ], [ 138.698826916855893, 35.504066416957549 ], [ 138.698830860460134, 35.504067055533376 ], [ 138.698834806028998, 35.504066083252113 ], [ 138.69883991660484, 35.504062861237557 ], [ 138.698851250046744, 35.504045777682052 ], [ 138.698881833280666, 35.503994917489941 ], [ 138.698920056183681, 35.503947528615271 ], [ 138.698929582849729, 35.503934610520552 ], [ 138.698935610893102, 35.503926471832528 ], [ 138.698940556115247, 35.503915111430317 ], [ 138.698946917158082, 35.503899082756426 ], [ 138.698977583232562, 35.503852221923296 ], [ 138.699000833274738, 35.503817388602883 ], [ 138.699006472000178, 35.503808999710877 ], [ 138.699010222091459, 35.503803722299132 ], [ 138.69901211072559, 35.503801722169094 ], [ 138.699013693537211, 35.503801500199415 ], [ 138.699017471787755, 35.50380194443914 ], [ 138.699020194066549, 35.503803249224376 ], [ 138.69902341699057, 35.503807666691337 ], [ 138.69904394409906, 35.503823388692638 ], [ 138.699074443837532, 35.503840028008419 ], [ 138.699084472131119, 35.503847583087385 ], [ 138.699091027996644, 35.503853861315065 ], [ 138.699094500424678, 35.503859832870148 ], [ 138.69909402826616, 35.503868833305141 ], [ 138.699091860986471, 35.503876055880141 ], [ 138.699091305987366, 35.503880555947454 ], [ 138.699092971639544, 35.50388641696825 ], [ 138.699096833385539, 35.503890917035562 ], [ 138.699106222202261, 35.503895860741871 ], [ 138.699114471551781, 35.503896277948755 ], [ 138.699137611249029, 35.503889943853203 ], [ 138.699236610319588, 35.503860750184629 ], [ 138.699284389685062, 35.503848166996804 ], [ 138.699327806004476, 35.503844832946129 ], [ 138.699385667689995, 35.503837417236483 ], [ 138.699418555725487, 35.503830833237316 ], [ 138.699439499983782, 35.503825888930272 ], [ 138.699462416699077, 35.503811166843818 ], [ 138.699479332875342, 35.503793999786858 ], [ 138.69948730619879, 35.50379072190443 ], [ 138.699496305697551, 35.50379072190443 ], [ 138.699508278616321, 35.503790693970487 ], [ 138.699525221642119, 35.503782500315687 ], [ 138.699550777795622, 35.503763917338468 ], [ 138.699579749403796, 35.503735861452235 ], [ 138.699591611322745, 35.503729221585189 ], [ 138.699604138913173, 35.503718917266056 ], [ 138.699620583258337, 35.503692556339097 ], [ 138.69963308268953, 35.503664917359373 ], [ 138.699643943972916, 35.503616721704518 ], [ 138.699645471775767, 35.50359361102641 ], [ 138.699643777636908, 35.503570860786219 ], [ 138.699640916853895, 35.503552361010094 ], [ 138.699642306152555, 35.503544222021702 ], [ 138.699645111271934, 35.503536138901197 ], [ 138.699660666636248, 35.50352219415916 ], [ 138.699677638803564, 35.503509444569168 ], [ 138.69970736154329, 35.503503611482309 ], [ 138.699778110995652, 35.503488417222187 ], [ 138.699858555414693, 35.503469778076735 ], [ 138.699897471821004, 35.50345908328319 ], [ 138.699910278057018, 35.503452888857332 ], [ 138.699919305387596, 35.503446417194645 ], [ 138.699918083407255, 35.503395416732111 ], [ 138.699915943959383, 35.503394110745418 ], [ 138.699914777315257, 35.503391750177464 ], [ 138.699913471512048, 35.503383889026637 ], [ 138.699908972253809, 35.503378638948099 ], [ 138.699898693801345, 35.503373944544677 ], [ 138.699880694148931, 35.503369250141262 ], [ 138.699851167541652, 35.503363528489793 ], [ 138.69982674987304, 35.503358306044831 ], [ 138.699799971739196, 35.503359138956768 ], [ 138.699786499831703, 35.503358806152434 ], [ 138.699774388736159, 35.503355528269999 ], [ 138.699758221726825, 35.503350777998705 ], [ 138.699743861165899, 35.503349332642678 ], [ 138.699685861303607, 35.503345943925588 ], [ 138.699680861072721, 35.503345082478987 ], [ 138.699678332961753, 35.503344083465244 ], [ 138.69967666665471, 35.503342193869493 ], [ 138.699675417497417, 35.503339638965436 ], [ 138.699674778020579, 35.503336388716576 ], [ 138.699673610721561, 35.503329556615981 ], [ 138.699668082668524, 35.503315444570688 ], [ 138.699667111501952, 35.503311055638392 ], [ 138.699668055491571, 35.503308194061745 ], [ 138.699670917256896, 35.503305860526638 ], [ 138.699674693542846, 35.50330508348258 ], [ 138.699685138986183, 35.503302722614265 ], [ 138.699741056373938, 35.50329469355944 ], [ 138.699783083394721, 35.503288027861011 ], [ 138.699821667129015, 35.503285611124817 ], [ 138.699868194390319, 35.503284889047542 ], [ 138.699876056386501, 35.503282389110261 ], [ 138.699876056386501, 35.503278916591363 ], [ 138.699874250265509, 35.503276943494164 ], [ 138.699870583014786, 35.503274971298062 ], [ 138.699857889088321, 35.503273500110659 ], [ 138.699840944097929, 35.503271555848492 ], [ 138.699837306316198, 35.503270082558537 ], [ 138.699836083026128, 35.503263166956486 ], [ 138.699839693958353, 35.503256222219044 ], [ 138.699848138458037, 35.503252249892903 ], [ 138.699864472130827, 35.503245306356924 ], [ 138.69988986096601, 35.503234360758668 ], [ 138.699897693820645, 35.503223943802688 ], [ 138.699897693820645, 35.503215055704175 ], [ 138.699892833076262, 35.503205166789726 ], [ 138.699878861178433, 35.503193805786786 ], [ 138.699854638987375, 35.503178999297781 ], [ 138.699820083335084, 35.503164693817467 ], [ 138.699803138344691, 35.503160750326366 ], [ 138.699783166890171, 35.503159805979038 ], [ 138.699640416863559, 35.503155666349635 ], [ 138.699566416982805, 35.503149611293097 ], [ 138.699400555745655, 35.503143111095746 ], [ 138.699372583463287, 35.50313919343602 ], [ 138.699355555632337, 35.503132278735073 ], [ 138.699339722277301, 35.503122388919529 ], [ 138.699291221576715, 35.503093277851313 ], [ 138.699267416535434, 35.503082193484467 ], [ 138.699235971825033, 35.503071832396358 ], [ 138.699207055880464, 35.50306563887159 ], [ 138.699157889180952, 35.503055861392539 ], [ 138.699120360436098, 35.503049332360149 ], [ 138.699080167040705, 35.503038472065533 ], [ 138.699046194219335, 35.503028306214631 ], [ 138.699036361075883, 35.503021750149401 ], [ 138.699021139038479, 35.503007888908819 ], [ 138.698999666958031, 35.502996972145596 ], [ 138.698954722508347, 35.502973361359892 ], [ 138.698907222115849, 35.502951500500245 ], [ 138.698880056301221, 35.502939360651055 ], [ 138.698854278148076, 35.502926556094273 ], [ 138.698842500379442, 35.50292300007392 ], [ 138.698830694124126, 35.502922667269587 ], [ 138.698813277957498, 35.502921417451127 ], [ 138.698780332948644, 35.502917722061454 ], [ 138.698742971522137, 35.50291258311794 ], [ 138.698729499614643, 35.502909193800122 ], [ 138.698724916860954, 35.502909611006999 ], [ 138.698706138900064, 35.502916582476921 ], [ 138.698667360997945, 35.502928056116716 ], [ 138.698617722139886, 35.502939889293323 ], [ 138.698571693886635, 35.502951889172465 ], [ 138.698556888344115, 35.502956749978054 ], [ 138.698536139235955, 35.502967528273039 ], [ 138.698513639015573, 35.502976194101507 ], [ 138.698504250198852, 35.502981250144302 ], [ 138.698501360601739, 35.502985221569347 ], [ 138.698501027929694, 35.502989721636659 ], [ 138.698502305901087, 35.503003000169286 ], [ 138.698503000059276, 35.503010777518305 ], [ 138.698502332750621, 35.503014111268612 ], [ 138.698499389454469, 35.503016527704439 ], [ 138.698493028411633, 35.503018389366247 ], [ 138.698420139183952, 35.503033999932157 ], [ 138.69841822206314, 35.503030944019407 ], [ 138.698392722555553, 35.502955389324939 ], [ 138.69841991718431, 35.5029484436864 ], [ 138.698451778389597, 35.502941417249694 ], [ 138.698469249564994, 35.502939444152503 ], [ 138.698477889214786, 35.502939417119656 ], [ 138.698482388473025, 35.5029402500316 ], [ 138.698489278320324, 35.50294052786915 ], [ 138.698505833010444, 35.502936556444105 ], [ 138.698524194476448, 35.502927610975895 ], [ 138.698526888923425, 35.502927610975895 ], [ 138.698529611202218, 35.502930306150368 ], [ 138.698534416937832, 35.502932971889088 ], [ 138.698538917178382, 35.502932721685106 ], [ 138.698543110614111, 35.5029312495966 ], [ 138.698547610854632, 35.502927806213094 ], [ 138.698549111153113, 35.502921417451127 ], [ 138.698549693656588, 35.502918472072672 ], [ 138.698555971858866, 35.502914056407903 ], [ 138.698567693636448, 35.502911333299487 ], [ 138.698578750069942, 35.502908499356408 ], [ 138.698584166468294, 35.502908972431172 ], [ 138.698587889055204, 35.502910139048538 ], [ 138.698590193856802, 35.502912222680031 ], [ 138.698593611276095, 35.502913388997037 ], [ 138.698597889516975, 35.502912916823369 ], [ 138.698600472309266, 35.502911056363025 ], [ 138.698601305953957, 35.502908000450269 ], [ 138.698601888784879, 35.502902638635987 ], [ 138.698603000092817, 35.502901000145314 ], [ 138.698610722602496, 35.502898639276999 ], [ 138.698697028074037, 35.502879221886026 ], [ 138.698707249553138, 35.5028768054502 ], [ 138.698711806439604, 35.502873333231655 ], [ 138.698713417083013, 35.502868278089963 ], [ 138.698712082465704, 35.502861639424374 ], [ 138.698709221682719, 35.502860305804106 ], [ 138.698703028285621, 35.502860055600124 ], [ 138.698686943789397, 35.502863110611784 ], [ 138.698643388638345, 35.502876861318072 ], [ 138.698626056294586, 35.502878556577713 ], [ 138.698611028425006, 35.502880389404488 ], [ 138.698603056083869, 35.502880027765116 ], [ 138.69860127812214, 35.502878582709464 ], [ 138.698599943504831, 35.502873528468861 ], [ 138.698601250290324, 35.502863750088707 ], [ 138.698605250213092, 35.502839221988523 ], [ 138.698605806194479, 35.50281541686671 ], [ 138.698603222419877, 35.502790082887429 ], [ 138.698592388968308, 35.502764972079291 ], [ 138.698585999438791, 35.502754610991182 ], [ 138.698585082953542, 35.502739806304369 ], [ 138.698583222478675, 35.502722778616743 ], [ 138.698576832621711, 35.502698361050847 ], [ 138.698549611143449, 35.502630111531737 ], [ 138.69853258331247, 35.502598556093751 ], [ 138.698522167338126, 35.502576222459709 ], [ 138.698518333423948, 35.502550055868859 ], [ 138.698515416977301, 35.502511555693431 ], [ 138.698517805601796, 35.502433805932085 ], [ 138.698511778540706, 35.50237691651482 ], [ 138.698507443653881, 35.502316861551606 ], [ 138.698501778078935, 35.502285916755518 ], [ 138.698491861112615, 35.502251556509862 ], [ 138.698474971785856, 35.502221778030773 ], [ 138.698455277667136, 35.502193139136217 ], [ 138.698417971904263, 35.502157832741041 ], [ 138.698398667103504, 35.502142888684901 ], [ 138.698381694281295, 35.502129916824863 ], [ 138.69836197200334, 35.502119694204985 ], [ 138.698300139209181, 35.502092500366089 ], [ 138.698232110725883, 35.502064332744098 ], [ 138.698157888845486, 35.502024055910134 ], [ 138.698085166936124, 35.501962360353701 ], [ 138.698041583298391, 35.501913000184025 ], [ 138.698014082847124, 35.501859750588928 ], [ 138.698005471684013, 35.501818056032519 ], [ 138.698010056402296, 35.501765666982934 ], [ 138.698026944091879, 35.501720722478026 ], [ 138.698066471815793, 35.501658860819788 ], [ 138.698113639536246, 35.501603083053112 ], [ 138.698157277200465, 35.501563944602218 ], [ 138.698192194338873, 35.501534722098611 ], [ 138.698236943638449, 35.501505166790665 ], [ 138.698283222050605, 35.501480110648941 ], [ 138.698331333105813, 35.501453777655918 ], [ 138.698378472012138, 35.501418944335505 ], [ 138.698416083270132, 35.50138738889752 ], [ 138.698426138740643, 35.501381055703064 ], [ 138.698445999195371, 35.50136411091615 ], [ 138.698484139585247, 35.501325638674665 ], [ 138.698511111232051, 35.501293028355065 ], [ 138.698530139024399, 35.501263694416068 ], [ 138.698545193743485, 35.501222639336582 ], [ 138.698582250002346, 35.501096971757939 ], [ 138.698596805713407, 35.500987944095797 ], [ 138.698628778245961, 35.500799778085266 ], [ 138.698646833234562, 35.500559194190124 ], [ 138.698649361018113, 35.500431666751858 ], [ 138.698639000052509, 35.500267944138599 ], [ 138.698614306357769, 35.500117082851091 ], [ 138.698578472079248, 35.500000000302748 ], [ 138.698573611334865, 35.499984056031408 ], [ 138.698536471908, 35.499881610866616 ], [ 138.698524971475194, 35.499836333557369 ], [ 138.698522778000836, 35.499824555948273 ], [ 138.698517444115652, 35.499796306326665 ], [ 138.69850641649623, 35.499684805760097 ], [ 138.698481167147548, 35.499581111377573 ], [ 138.69847258316139, 35.499558583407428 ], [ 138.698456666965797, 35.499527889416051 ], [ 138.698447750307594, 35.499509694209955 ], [ 138.698430860980835, 35.499482639139657 ], [ 138.6984113060212, 35.499453832941832 ], [ 138.698393166882283, 35.499431500208892 ], [ 138.698380471973536, 35.499416693719887 ], [ 138.69836402795579, 35.499401889033066 ], [ 138.698341417063006, 35.499382083270241 ], [ 138.698307832904732, 35.499353332940302 ], [ 138.69825702838483, 35.499320250447035 ], [ 138.69821669386576, 35.499290305565779 ], [ 138.698163389066707, 35.499256749997755 ], [ 138.698111860592235, 35.499226471711438 ], [ 138.698080943703985, 35.499205306196593 ], [ 138.698037500207619, 35.499179388608262 ], [ 138.697983500268094, 35.49914899978765 ], [ 138.697947749812442, 35.499125138797964 ], [ 138.697909639218977, 35.499097444250737 ], [ 138.697882666589862, 35.499074027801136 ], [ 138.697850999552401, 35.499044416625317 ], [ 138.697816999881525, 35.499018639307408 ], [ 138.697790027579856, 35.498999056715718 ], [ 138.697756639226583, 35.498984278160655 ], [ 138.697693361142711, 35.498950416821138 ], [ 138.697613693722417, 35.498918943983504 ], [ 138.697573250495566, 35.498894138946859 ], [ 138.697547472342421, 35.49887999986872 ], [ 138.697537167040423, 35.498876166911906 ], [ 138.69751536097823, 35.498871138803054 ], [ 138.697489138498355, 35.498865416550856 ], [ 138.697451443417521, 35.498860416976669 ], [ 138.697420221689072, 35.498858056408721 ], [ 138.697371944297828, 35.498861028519656 ], [ 138.697309222195372, 35.498861833497656 ], [ 138.697243638982457, 35.498862917214311 ], [ 138.697190749696006, 35.498864806810055 ], [ 138.697160972274958, 35.498863972095926 ], [ 138.69712238886811, 35.498856806289901 ], [ 138.697080472192283, 35.498845166247939 ], [ 138.697044056065153, 35.498828082992802 ], [ 138.697024193645831, 35.498815499504609 ], [ 138.696982221306371, 35.498784917248983 ], [ 138.696949110943791, 35.498762443945253 ], [ 138.696912693834349, 35.498748082897436 ], [ 138.696882916413301, 35.498738221616563 ], [ 138.696845388650758, 35.498722055375538 ], [ 138.696819971983757, 35.498699556240425 ], [ 138.696764667223334, 35.498621221668571 ], [ 138.696730306066314, 35.498537443583174 ], [ 138.696710305797637, 35.498468971794011 ], [ 138.696705833716351, 35.498443749550489 ], [ 138.696706860546556, 35.49841491722092 ], [ 138.696711222282886, 35.498392361316832 ], [ 138.696719971950216, 35.49837252762007 ], [ 138.69673522149202, 35.498295861275011 ], [ 138.696748222223277, 35.498198499786582 ], [ 138.696751360996984, 35.498138999897755 ], [ 138.696747972391819, 35.49810113919925 ], [ 138.696741222031022, 35.498048888617895 ], [ 138.696730028075592, 35.497968667453947 ], [ 138.696714444552043, 35.497907417338695 ], [ 138.696694360787944, 35.497815500264906 ], [ 138.696672110726468, 35.497731694245566 ], [ 138.69666208243288, 35.497687556220491 ], [ 138.696658693827715, 35.497654194087474 ], [ 138.696665138366001, 35.497582083076878 ], [ 138.696669416606909, 35.497531583322676 ], [ 138.696674888668866, 35.497506361079147 ], [ 138.69667924975036, 35.497491027449698 ], [ 138.696705639221108, 35.497463028032072 ], [ 138.69673308302643, 35.497421527811767 ], [ 138.696758361189239, 35.497386332851981 ], [ 138.696767082697306, 35.49735297162006 ], [ 138.696765944212416, 35.497331333030459 ], [ 138.696761471803683, 35.497312417549274 ], [ 138.696749306026845, 35.497287194404649 ], [ 138.696727167292607, 35.497254777520062 ], [ 138.696665221861451, 35.497167444315401 ], [ 138.696592277952448, 35.497085528492541 ], [ 138.696560250411125, 35.497053138640794 ], [ 138.696459750387248, 35.496970361371325 ], [ 138.696374722232235, 35.496912805744657 ], [ 138.696274277871964, 35.496858889639796 ], [ 138.696126443464181, 35.496795139286903 ], [ 138.696067972425652, 35.496773611231589 ], [ 138.696011722365853, 35.49675927781734 ], [ 138.69596097187241, 35.496746721662362 ], [ 138.695926778033709, 35.496737777695969 ], [ 138.695897000285242, 35.496732417083145 ], [ 138.695866138405762, 35.496728861062792 ], [ 138.695828667289163, 35.496727110836368 ], [ 138.695794500299968, 35.496728971597086 ], [ 138.695760333310773, 35.496732639052823 ], [ 138.695741611013517, 35.496735361260143 ], [ 138.695721777408295, 35.496740805975151 ], [ 138.695684333141202, 35.496751693903335 ], [ 138.69561386069725, 35.496786943829903 ], [ 138.695566556109753, 35.496814972082568 ], [ 138.695518139559454, 35.496851110488585 ], [ 138.695456499950836, 35.496889972003018 ], [ 138.695413555462494, 35.496910777680682 ], [ 138.695310083000919, 35.49696322259814 ], [ 138.695253943940941, 35.496991249949708 ], [ 138.695114138847657, 35.49707530587267 ], [ 138.695062444037148, 35.49712047174652 ], [ 138.695016278261988, 35.49716830576201 ], [ 138.694942666716884, 35.497273000359733 ], [ 138.694888833440814, 35.497338889310896 ], [ 138.694858056039067, 35.497377694056354 ], [ 138.694821750256864, 35.497405694375082 ], [ 138.694776611639355, 35.497426500353107 ], [ 138.694723750184693, 35.497442805963459 ], [ 138.694631221847089, 35.497470888882539 ], [ 138.694540888293545, 35.497489083187538 ], [ 138.694451638870987, 35.497502750092011 ], [ 138.694339193760158, 35.497506528082049 ], [ 138.694262027601326, 35.49750213945012 ], [ 138.694205805700761, 35.49748961092871 ], [ 138.694141833131283, 35.497474389035013 ], [ 138.694074555779508, 35.497456471966842 ], [ 138.694027111050673, 35.497437611452433 ], [ 138.693975249904156, 35.497415166983735 ], [ 138.693939916598254, 35.497397194047686 ], [ 138.693908999710033, 35.497372916752212 ], [ 138.693850471698141, 35.497325222106049 ], [ 138.693789693893422, 35.497258639011548 ], [ 138.693732221525863, 35.497198333243617 ], [ 138.693670388731704, 35.49714794432407 ], [ 138.693630610848885, 35.497114666593603 ], [ 138.693594193739443, 35.497094888764721 ], [ 138.693557806098966, 35.497085027784209 ], [ 138.6934872220003, 35.497075221470119 ], [ 138.693416666715763, 35.497066333371613 ], [ 138.693344999795869, 35.49705652825898 ], [ 138.693283250497132, 35.497044917052051 ], [ 138.693198332687075, 35.497023416930681 ], [ 138.693131027503512, 35.497004583449119 ], [ 138.6930405826227, 35.496974082892756 ], [ 138.692978777660358, 35.496947139257841 ], [ 138.692847472075471, 35.49688424945046 ], [ 138.692801111150175, 35.496853667194834 ], [ 138.692759166969978, 35.49682849961772 ], [ 138.692715028005722, 35.496806056050119 ], [ 138.692680805352893, 35.496783556013909 ], [ 138.692637750192205, 35.496762889705572 ], [ 138.692603556353475, 35.496751221729674 ], [ 138.692487666973875, 35.496681110548749 ], [ 138.692421443629257, 35.496649666846523 ], [ 138.692396055776356, 35.496633471770465 ], [ 138.692378360636724, 35.496610971734256 ], [ 138.692373917042119, 35.496592943831423 ], [ 138.692371694098796, 35.496582139404687 ], [ 138.692362860936043, 35.496574056284175 ], [ 138.69234738906718, 35.496567750122566 ], [ 138.692334139159328, 35.49655697182758 ], [ 138.692320889578895, 35.496539861239228 ], [ 138.692211028242667, 35.49623174990225 ], [ 138.692150028110859, 35.49608852749553 ], [ 138.692078056350738, 35.495945333022746 ], [ 138.69205038858118, 35.495907500258184 ], [ 138.692028305837994, 35.495883194428039 ], [ 138.691990750243633, 35.495849000284188 ], [ 138.691949889539586, 35.495817527746922 ], [ 138.691899110886879, 35.495787860703224 ], [ 138.691824083193637, 35.495755528521542 ], [ 138.691740222337614, 35.49572049996393 ], [ 138.691697193371567, 35.495702555562545 ], [ 138.69166741693283, 35.495695472657232 ], [ 138.69166666678359, 35.495695278321129 ], [ 138.691633222111818, 35.495687332767751 ], [ 138.691575888248451, 35.495673000254598 ], [ 138.69152183297274, 35.4956595562209 ], [ 138.69146230596246, 35.495649750207171 ], [ 138.691386222297439, 35.495639056314729 ], [ 138.691339917035776, 35.495630110846513 ], [ 138.69128475012468, 35.495614861018879 ], [ 138.691258305317746, 35.495611305899622 ], [ 138.691238443880707, 35.495610443551918 ], [ 138.691208693309193, 35.495606889333757 ], [ 138.691169028063371, 35.495609638573917 ], [ 138.691151388587372, 35.495615972369109 ], [ 138.691123861286599, 35.495628638457653 ], [ 138.691101832242452, 35.495633193491749 ], [ 138.691073166456789, 35.495631416532845 ], [ 138.691051110563137, 35.495626056520749 ], [ 138.691019138685448, 35.495620694105732 ], [ 138.690990471917473, 35.495618943879315 ], [ 138.69096180613181, 35.495618083333802 ], [ 138.690927639142615, 35.495619028281858 ], [ 138.690879167583574, 35.495622721869346 ], [ 138.690762360736386, 35.495639138915081 ], [ 138.690708361124308, 35.4956482222508 ], [ 138.690643361724625, 35.49565733322008 ], [ 138.690586082870027, 35.495667361503855 ], [ 138.690538694132215, 35.495670138677951 ], [ 138.690465944391036, 35.495668444319406 ], [ 138.690399806179045, 35.495668555754797 ], [ 138.690311610763644, 35.495660582567851 ], [ 138.690239944498586, 35.495653471428234 ], [ 138.690201333259921, 35.495645417142754 ], [ 138.690091027596964, 35.495610443551918 ], [ 138.689739193854194, 35.4955136386397 ], [ 138.689643249734473, 35.495484056298913 ], [ 138.68955058289265, 35.495456250316295 ], [ 138.689470055633024, 35.495427527619924 ], [ 138.689272527685858, 35.495331389217476 ], [ 138.689148943628368, 35.495269389091 ], [ 138.689105916626886, 35.495250527675502 ], [ 138.689068416696188, 35.49523886150179 ], [ 138.689016583381459, 35.495236249828764 ], [ 138.688958167024282, 35.495236333630579 ], [ 138.688884332497253, 35.495239167273283 ], [ 138.68881269439143, 35.495246471547546 ], [ 138.688720166708691, 35.495261943645225 ], [ 138.688652972197502, 35.495280082983442 ], [ 138.688586860180152, 35.495297305908274 ], [ 138.688495471964586, 35.495335305675738 ], [ 138.688412861248139, 35.495363388895179 ], [ 138.688336861406015, 35.49538694411337 ], [ 138.688289499517737, 35.495401443629426 ], [ 138.688228943712659, 35.49542947188209 ], [ 138.688172833139362, 35.495463806296364 ], [ 138.688123278759036, 35.495492750061317 ], [ 138.688055082957419, 35.495545139110902 ], [ 138.688007722051452, 35.495562333501063 ], [ 138.687975750173763, 35.495564193961414 ], [ 138.687943777641209, 35.495555221460357 ], [ 138.687916194349384, 35.495541749793084 ], [ 138.687897388884096, 35.495520138837051 ], [ 138.687858667627921, 35.495456193547327 ], [ 138.687827694093755, 35.495412972235997 ], [ 138.687815555821288, 35.495398582953875 ], [ 138.687794583731176, 35.495388694039427 ], [ 138.687760360750929, 35.495366221937161 ], [ 138.68771838939378, 35.495330221999374 ], [ 138.687691861418841, 35.495296916334965 ], [ 138.687685193571184, 35.495273471951435 ], [ 138.687685056049276, 35.495207666802081 ], [ 138.687686056029975, 35.495164417556822 ], [ 138.687692527745185, 35.495109416834204 ], [ 138.687701222403746, 35.495051721537848 ], [ 138.687717610757886, 35.494996694082758 ], [ 138.687738417494245, 35.494934471686236 ], [ 138.687791110320859, 35.494839749804775 ], [ 138.687819610752797, 35.494782000743093 ], [ 138.687822861181189, 35.494747749830267 ], [ 138.687818332781404, 35.494706306378937 ], [ 138.687783971624384, 35.494614416337996 ], [ 138.687720805850063, 35.494475694298956 ], [ 138.687644306017603, 35.494273889017521 ], [ 138.687584472202502, 35.494145999939882 ], [ 138.68751141696626, 35.49401180590209 ], [ 138.687402972105616, 35.49382897196972 ], [ 138.687326666440953, 35.493716417422625 ], [ 138.6871929434175, 35.493558889235231 ], [ 138.687111194177561, 35.493486000279482 ], [ 138.687062610963807, 35.493450028275632 ], [ 138.687012972105748, 35.493423944285134 ], [ 138.686940166700936, 35.493398833476988 ], [ 138.686866277492584, 35.493379111215617 ], [ 138.686795721880628, 35.493372000376368 ], [ 138.686704222337795, 35.493365833584079 ], [ 138.686647972277996, 35.49335780543035 ], [ 138.686456083056243, 35.493304027793712 ], [ 138.686226667054257, 35.493233166601577 ], [ 138.686054582623598, 35.493176638823677 ], [ 138.685961917418922, 35.493136221418929 ], [ 138.685902305603491, 35.493102971622406 ], [ 138.685853721734873, 35.493059778245012 ], [ 138.685820582558193, 35.493029194187201 ], [ 138.685733250256447, 35.492917555753131 ], [ 138.6856613891687, 35.492822110893293 ], [ 138.685618278344378, 35.492778917215539 ], [ 138.685602777661387, 35.492745583016465 ], [ 138.685583916859912, 35.492695139130142 ], [ 138.685571667260177, 35.492647360682163 ], [ 138.685545111125975, 35.492593333141912 ], [ 138.685521888915616, 35.492558221683574 ], [ 138.685490944195578, 35.492531221580052 ], [ 138.685309916912075, 35.492409805666924 ], [ 138.685185193387383, 35.492332472211366 ], [ 138.685000916985217, 35.492235417395527 ], [ 138.684961194111196, 35.492218332938926 ], [ 138.684955666713023, 35.492211139198957 ], [ 138.684950110828169, 35.492194917390428 ], [ 138.684942360486673, 35.492178721413275 ], [ 138.684918055455029, 35.492158028072097 ], [ 138.684887167053489, 35.492139139623752 ], [ 138.68486508332802, 35.492123833027144 ], [ 138.68485180591577, 35.49210313878487 ], [ 138.684813055845467, 35.492029278448946 ], [ 138.684767722077822, 35.491958138518157 ], [ 138.684723499618116, 35.491901416404154 ], [ 138.68467158346283, 35.491857333345855 ], [ 138.684624110902149, 35.491821332506973 ], [ 138.684565611049521, 35.491782667130835 ], [ 138.684528083287006, 35.491757499553728 ], [ 138.684480610726325, 35.491723305710238 ], [ 138.684380972178928, 35.491666667097682 ], [ 138.684338249690256, 35.491642389201481 ], [ 138.684281972126058, 35.49161544436511 ], [ 138.684145221983584, 35.49157688892253 ], [ 138.684065806359371, 35.491558083074544 ], [ 138.684006277711916, 35.491550972235295 ], [ 138.683958888646686, 35.491546527735494 ], [ 138.683888332379865, 35.491545721856397 ], [ 138.68383983298898, 35.491546721771236 ], [ 138.683815611452786, 35.491548556400197 ], [ 138.683779222175161, 35.491551305640364 ], [ 138.683738472143489, 35.491555888608396 ], [ 138.683578693958481, 35.491580471675363 ], [ 138.683493860953575, 35.491592305753066 ], [ 138.683364943993183, 35.491607832517161 ], [ 138.683334055919062, 35.491615166527552 ], [ 138.683333332946773, 35.491615332929719 ], [ 138.683315360798758, 35.491619611027353 ], [ 138.683262499671542, 35.491638638845025 ], [ 138.68320855572307, 35.491663055509818 ], [ 138.683204277482162, 35.491666667097682 ], [ 138.683173361576252, 35.491692860721386 ], [ 138.683156860912561, 35.491710000144764 ], [ 138.683143721677112, 35.491740667103301 ], [ 138.683117583020106, 35.491884944391636 ], [ 138.683072555729836, 35.491954416996727 ], [ 138.683041750168854, 35.491980582686487 ], [ 138.683028583429007, 35.492002250111121 ], [ 138.68295719417236, 35.492115027829357 ], [ 138.682930778506972, 35.49213491709363 ], [ 138.682912082404357, 35.492150249821982 ], [ 138.682898917301685, 35.492175527933391 ], [ 138.682867028264582, 35.49221072199208 ], [ 138.682841750101773, 35.49224411115793 ], [ 138.682823110645074, 35.492284693763388 ], [ 138.682812166848549, 35.492318972309789 ], [ 138.68279141774039, 35.492401916882521 ], [ 138.682767278062471, 35.492448832682427 ], [ 138.682755193816462, 35.492476806268677 ], [ 138.682747555784516, 35.49250474981843 ], [ 138.682741139405493, 35.492586777977778 ], [ 138.682743388543457, 35.492618333415756 ], [ 138.682716027578692, 35.492697694034199 ], [ 138.682690806061828, 35.492751832409105 ], [ 138.68267322159457, 35.492772583420354 ], [ 138.682656721585772, 35.492796944217275 ], [ 138.682647972245888, 35.492820389501908 ], [ 138.682640305399843, 35.492842943603797 ], [ 138.682573250375157, 35.492920556098376 ], [ 138.682500693819492, 35.49300000021826 ], [ 138.682459943787819, 35.493022583155188 ], [ 138.682422499520726, 35.493035278078764 ], [ 138.682396082873026, 35.493047917134469 ], [ 138.682371888513785, 35.493070499771029 ], [ 138.682345500680213, 35.493105694130087 ], [ 138.682320193703276, 35.493122861187047 ], [ 138.682289361292788, 35.493129222015071 ], [ 138.682271749976053, 35.493145471757543 ], [ 138.682264083129979, 35.493164416974857 ], [ 138.68226302814054, 35.493184249770529 ], [ 138.682269666846651, 35.49319686089229 ], [ 138.682277444365099, 35.493219361228867 ], [ 138.682280778288913, 35.493239193724172 ], [ 138.6822720276393, 35.493266249995933 ], [ 138.682246721644702, 35.493282527672342 ], [ 138.682219167494395, 35.49329066756183 ], [ 138.682180610609635, 35.493293444435565 ], [ 138.682164110928255, 35.493304277697334 ], [ 138.682110166979783, 35.493339499689959 ], [ 138.682090416870011, 35.493376499542585 ], [ 138.682085000144241, 35.493425194403954 ], [ 138.682060889280422, 35.493475693857789 ], [ 138.681934556094632, 35.493668778343974 ], [ 138.681784167053792, 35.493933110591961 ], [ 138.681756722593576, 35.493983639181202 ], [ 138.681748000103227, 35.494031416427717 ], [ 138.681632722041201, 35.494219083532109 ], [ 138.681589832561627, 35.494264222373118 ], [ 138.68156569386602, 35.494304832912512 ], [ 138.681544778421852, 35.494320194175536 ], [ 138.681534888632484, 35.494331028338401 ], [ 138.681531611354558, 35.494347250447298 ], [ 138.681530527551018, 35.494358972188522 ], [ 138.681534972127906, 35.494378777951347 ], [ 138.681537222248181, 35.494396806454908 ], [ 138.681536167258741, 35.494419360556797 ], [ 138.681494500086927, 35.494507750445266 ], [ 138.68147913856302, 35.494536610708771 ], [ 138.681449416805606, 35.494552889286275 ], [ 138.681437305710091, 35.494558306067347 ], [ 138.681413055687216, 35.494568277582147 ], [ 138.68139324991381, 35.494580916637844 ], [ 138.681384472414692, 35.49459174989962 ], [ 138.68137569426068, 35.494612500009765 ], [ 138.681360332736773, 35.494640444760982 ], [ 138.681307611096059, 35.494723471934066 ], [ 138.681258194237643, 35.494807360553757 ], [ 138.681221917269568, 35.494851582981383 ], [ 138.681141611354718, 35.494916611086673 ], [ 138.681088778059319, 35.494958166874483 ], [ 138.680934666431568, 35.495048528057957 ], [ 138.680892860755563, 35.495072028309366 ], [ 138.680796000150593, 35.495143388708016 ], [ 138.68074100023037, 35.495190333342961 ], [ 138.680703583140229, 35.495219250075074 ], [ 138.680686000310146, 35.495233694023611 ], [ 138.680679416612776, 35.495246306046475 ], [ 138.680670639113657, 35.495263444568756 ], [ 138.68066405607118, 35.495285999571749 ], [ 138.680658611513564, 35.495309443955286 ], [ 138.680653139124161, 35.495324778185463 ], [ 138.680638832917111, 35.495344638915071 ], [ 138.680617944322478, 35.495359082863608 ], [ 138.680590417021705, 35.495369027645928 ], [ 138.680554027744051, 35.495370889307736 ], [ 138.68048899953024, 35.495371889222575 ], [ 138.680300528382645, 35.495369471885653 ], [ 138.679836417174783, 35.4953413330987 ], [ 138.679434028088679, 35.495304972422637 ], [ 138.679362389000602, 35.495301472270157 ], [ 138.679291832733753, 35.49530516675874 ], [ 138.67919927820148, 35.495319722443035 ], [ 138.679149721856561, 35.495331528586796 ], [ 138.679009861099644, 35.495386721843332 ], [ 138.678962472361832, 35.495397610972972 ], [ 138.678930528315988, 35.495407556356021 ], [ 138.678908527431076, 35.495422916717949 ], [ 138.678899749931958, 35.495441861034173 ], [ 138.678897611466368, 35.495468917305935 ], [ 138.678889916788506, 35.495485139114471 ], [ 138.678717111022706, 35.495593582867187 ], [ 138.678519028076437, 35.495734471738807 ], [ 138.678504721869388, 35.495746222315056 ], [ 138.678504749701204, 35.495753443688599 ], [ 138.678510278736553, 35.495764249917521 ], [ 138.678520222552379, 35.495778639199649 ], [ 138.678527971911564, 35.495792167635891 ], [ 138.678533499964601, 35.495801167169795 ], [ 138.678534610617703, 35.495807472430307 ], [ 138.678528027575197, 35.495812000431563 ], [ 138.678515888647865, 35.495814721737787 ], [ 138.678504889187707, 35.495814721737787 ], [ 138.678492749932929, 35.495812056299435 ], [ 138.678480611005597, 35.495807555931762 ], [ 138.678466277621624, 35.495804861658378 ], [ 138.678454139349128, 35.495803082897289 ], [ 138.678442028253613, 35.495803110530858 ], [ 138.678421083013035, 35.49580494425873 ], [ 138.678400166586556, 35.495809472560346 ], [ 138.678381444616718, 35.495819417042306 ], [ 138.678369332538892, 35.49582936092353 ], [ 138.678358360583132, 35.495847388826363 ], [ 138.678335305691064, 35.49588619357182 ], [ 138.678317694374329, 35.495906056103621 ], [ 138.678300082730118, 35.495915999984845 ], [ 138.678278055650594, 35.495923222259478 ], [ 138.678253806610002, 35.495925083020197 ], [ 138.678236167134003, 35.495921499966997 ], [ 138.67821852798545, 35.495916111420229 ], [ 138.678199777856378, 35.495911638986492 ], [ 138.678171083256586, 35.495902667386531 ], [ 138.678158972161071, 35.495899082831507 ], [ 138.67814463877707, 35.495899082831507 ], [ 138.678135833446134, 35.495900916559378 ], [ 138.678124805826741, 35.495902721452218 ], [ 138.678110471460457, 35.495900944192954 ], [ 138.678089528184472, 35.495895556547282 ], [ 138.678069666747461, 35.495891999625833 ], [ 138.678054221728104, 35.495891111146385 ], [ 138.678042111287425, 35.495893833353705 ], [ 138.67803441693701, 35.495898361354953 ], [ 138.678026722259119, 35.495906471508313 ], [ 138.678020111384825, 35.495915499877242 ], [ 138.678008028121127, 35.49593083320633 ], [ 138.67799922180788, 35.495934471827034 ], [ 138.677988193533594, 35.495934471827034 ], [ 138.677968360583264, 35.495933611281522 ], [ 138.67794741730728, 35.495935444108298 ], [ 138.677927582719775, 35.495939972109554 ], [ 138.677907750096864, 35.495946306205106 ], [ 138.677887944323459, 35.495954443992034 ], [ 138.677870332679277, 35.495964388774354 ], [ 138.677860417022686, 35.495970721668442 ], [ 138.677846111470529, 35.495982472244691 ], [ 138.677832916571447, 35.495995111300395 ], [ 138.677755916748623, 35.496070944132782 ], [ 138.677730611408862, 35.496088083255799 ], [ 138.677697556055051, 35.496097167492607 ], [ 138.677673332881682, 35.496102611006158 ], [ 138.677651333633946, 35.496121556223471 ], [ 138.67763922155612, 35.496135110791464 ], [ 138.677628221768543, 35.496146833433777 ], [ 138.677622722529634, 35.496149556542193 ], [ 138.677609499798706, 35.496151361435032 ], [ 138.677585278262541, 35.496156805849672 ], [ 138.677563250200677, 35.496166749730897 ], [ 138.677537917356545, 35.496181222514473 ], [ 138.677530221696372, 35.496186638995177 ], [ 138.677525833110536, 35.496193860669081 ], [ 138.677523638653895, 35.496201083244081 ], [ 138.677520389535232, 35.496222721833682 ], [ 138.677518222255543, 35.496241638816691 ], [ 138.677513832687396, 35.496253361759372 ], [ 138.67750833312104, 35.496259693752364 ], [ 138.67749733267857, 35.496266027547549 ], [ 138.677461000046861, 35.496284083384317 ], [ 138.677423556107215, 35.496303971747501 ], [ 138.67735313899945, 35.496360861164767 ], [ 138.677288250272142, 35.496418666995417 ], [ 138.677260721989057, 35.49644122199841 ], [ 138.677225527842239, 35.496464721949451 ], [ 138.677185861614134, 35.496479193831931 ], [ 138.677169360623026, 35.496489138614251 ], [ 138.677163861384088, 35.496495472709803 ], [ 138.67716277758052, 35.4965026670505 ], [ 138.677163889215905, 35.496512582997788 ], [ 138.677166138353869, 35.496525194419917 ], [ 138.677168360642327, 35.496542332641837 ], [ 138.677168388474144, 35.496552249490215 ], [ 138.677163083403059, 35.49656499998131 ], [ 138.677153000428149, 35.496573888980912 ], [ 138.677128777909644, 35.496588360863392 ], [ 138.677091360819503, 35.496610056221968 ], [ 138.67704511056661, 35.496628138791209 ], [ 138.677006555646443, 35.496638999986921 ], [ 138.67698122182, 35.496647166608881 ], [ 138.676939360807808, 35.496655333531208 ], [ 138.676900778383271, 35.496661694359233 ], [ 138.676878750321407, 35.496666250294425 ], [ 138.676845693985285, 35.496673499601904 ], [ 138.676808249718192, 35.496683472318161 ], [ 138.67674216651497, 35.496709721809736 ], [ 138.676689306370065, 35.496729611074009 ], [ 138.676644166442799, 35.496748610957745 ], [ 138.676607805979273, 35.496763082840218 ], [ 138.676568166600646, 35.496780278131475 ], [ 138.676517111267003, 35.49680924953001 ], [ 138.676442527900463, 35.496850749750308 ], [ 138.676360111351869, 35.496901971581792 ], [ 138.676233194352847, 35.496964027576141 ], [ 138.6761759714893, 35.496989860461568 ], [ 138.676147055544732, 35.497008417006668 ], [ 138.67612569380924, 35.497029583422602 ], [ 138.676084861264428, 35.497075444641261 ], [ 138.676082388817093, 35.497096055982816 ], [ 138.676082443825862, 35.497121806267884 ], [ 138.676073667309026, 35.497136222582853 ], [ 138.676063611183622, 35.497145499954307 ], [ 138.676051056416242, 35.497152193586672 ], [ 138.676023361142285, 35.497156360849651 ], [ 138.676008249777254, 35.497161556261766 ], [ 138.675826610848731, 35.49730030563402 ], [ 138.675639555521826, 35.497434500572901 ], [ 138.675611888734551, 35.497461416574247 ], [ 138.675604167207183, 35.497485500134339 ], [ 138.675589472337066, 35.497500388622967 ], [ 138.675555750329465, 35.497511778460947 ], [ 138.675505555489991, 35.497526722517087 ], [ 138.675423389100274, 35.497550888977905 ], [ 138.675366305395784, 35.497570805575386 ], [ 138.675296222269793, 35.497590721872506 ], [ 138.67521055627509, 35.497607833361947 ], [ 138.675055610347783, 35.497616555659022 ], [ 138.675000749914062, 35.497622388745874 ], [ 138.675000000092268, 35.497622471646594 ], [ 138.674947444460145, 35.497628056331656 ], [ 138.674882527901048, 35.49763097197399 ], [ 138.674850999367777, 35.497632083324213 ], [ 138.674800971846622, 35.497629777723041 ], [ 138.674714611038894, 35.497620638819818 ], [ 138.674655083046304, 35.497615805647804 ], [ 138.674612972202681, 35.497620250147605 ], [ 138.674578888708908, 35.497631221877604 ], [ 138.674533499932494, 35.497655917281058 ], [ 138.674472055473984, 35.497690971970421 ], [ 138.674389221775613, 35.497731027735796 ], [ 138.674355833422339, 35.497751305672288 ], [ 138.674307111049529, 35.497791277936216 ], [ 138.674238361558537, 35.497841693888603 ], [ 138.674208306146795, 35.497866889399653 ], [ 138.674186943429021, 35.497882221827645 ], [ 138.674166250311913, 35.497888277785272 ], [ 138.674145500221471, 35.497887222002561 ], [ 138.674106055992979, 35.497887277870433 ], [ 138.674080667157796, 35.497891138460822 ], [ 138.674055943666644, 35.497896083068227 ], [ 138.674025194096743, 35.497905971982668 ], [ 138.674003832688697, 35.497921306212852 ], [ 138.673984499728675, 35.497945417106152 ], [ 138.673972528119663, 35.497971110922613 ], [ 138.673965249936685, 35.498006667221404 ], [ 138.673961972003923, 35.498047139592934 ], [ 138.673971416484278, 35.498078277523675 ], [ 138.673983499748005, 35.498101250033912 ], [ 138.674006944285452, 35.498122527885236 ], [ 138.674030360663636, 35.498132888973345 ], [ 138.674051778062761, 35.498141056496394 ], [ 138.674077917047185, 35.498166722378919 ], [ 138.674088693525391, 35.498200055676897 ], [ 138.674089443674632, 35.498239972072952 ], [ 138.674084860593524, 35.498289193774397 ], [ 138.674069582892457, 35.498328028255983 ], [ 138.674052916547652, 35.498365556150148 ], [ 138.674049222447394, 35.498381971393691 ], [ 138.674048527961787, 35.498405389044748 ], [ 138.674050444427735, 35.49842422252631 ], [ 138.674053083211078, 35.498443056007872 ], [ 138.67405430617373, 35.498460388866263 ], [ 138.674052417539599, 35.498485694010512 ], [ 138.674041888273365, 35.498531527895963 ], [ 138.674002639195038, 35.498699139033548 ], [ 138.673988750137767, 35.49873316737596 ], [ 138.673980721805577, 35.4987576110736 ], [ 138.673955722615773, 35.498778805423477 ], [ 138.673940416755471, 35.498797306401066 ], [ 138.673933166731757, 35.498813194504166 ], [ 138.673887194142139, 35.498856861256684 ], [ 138.673845249634496, 35.49888336155297 ], [ 138.673804083435357, 35.49890058267561 ], [ 138.67376772198952, 35.498903277850083 ], [ 138.673724888828446, 35.498899389325757 ], [ 138.673619028069851, 35.498888972369777 ], [ 138.673489721791469, 35.498881222053605 ], [ 138.673409306186556, 35.498877583432893 ], [ 138.673320111445321, 35.498874943825932 ], [ 138.673257278343044, 35.498876694052349 ], [ 138.673182916976145, 35.498881278522205 ], [ 138.673098556129787, 35.498884889509341 ], [ 138.672960666847558, 35.498854139049364 ], [ 138.672912555792351, 35.498837333331409 ], [ 138.672893388513501, 35.49882199970196 ], [ 138.672882166726282, 35.498803139187558 ], [ 138.672870582470608, 35.498795388871379 ], [ 138.672853194135797, 35.498791806118554 ], [ 138.672833582530217, 35.498788444434304 ], [ 138.672813222085153, 35.498786722141823 ], [ 138.67277638946311, 35.498780806454612 ], [ 138.672754806382841, 35.49877305613844 ], [ 138.672734777627511, 35.498760111311242 ], [ 138.672723028018112, 35.498750277964312 ], [ 138.67270616652317, 35.498732388830071 ], [ 138.672680138538567, 35.498716166721174 ], [ 138.672660055756751, 35.498708750110431 ], [ 138.672631222652768, 35.498704027773073 ], [ 138.672608972263845, 35.498701056262867 ], [ 138.672587806005936, 35.498699305435714 ], [ 138.672572443827136, 35.498696722597721 ], [ 138.672558860264957, 35.498688611543265 ], [ 138.672542417229522, 35.498678833163119 ], [ 138.672530832973848, 35.498673389649575 ], [ 138.672519278514585, 35.498668416207131 ], [ 138.672508500071785, 35.498665777801627 ], [ 138.672496138817365, 35.498663972007698 ], [ 138.672487027991338, 35.498663499834031 ], [ 138.67223916768279, 35.498680416987369 ], [ 138.672200360966542, 35.498685749966626 ], [ 138.672179528035514, 35.498690610772215 ], [ 138.672145971709057, 35.498709139383372 ], [ 138.672111083384749, 35.498738611189872 ], [ 138.671952416835126, 35.498848750202228 ], [ 138.671700278613116, 35.498992778488045 ], [ 138.671666972118118, 35.499007943612774 ], [ 138.67164558353312, 35.499009999610692 ], [ 138.67161252817931, 35.499009861142461 ], [ 138.671569750027004, 35.499009916709966 ], [ 138.671522306280451, 35.499020167263787 ], [ 138.67147488872854, 35.499040610701343 ], [ 138.671408777693472, 35.499051917037875 ], [ 138.671318832803024, 35.499058472202009 ], [ 138.671239000029004, 35.499052139007553 ], [ 138.671155722003903, 35.499021916589108 ], [ 138.671084805888114, 35.498974221942944 ], [ 138.670993611185509, 35.498919167154646 ], [ 138.670814250209048, 35.498829332811255 ], [ 138.670766972143639, 35.498798833456348 ], [ 138.670733389622541, 35.498754611028723 ], [ 138.670708694290653, 35.498710389502193 ], [ 138.670682028466359, 35.498657306008901 ], [ 138.670647499663602, 35.498618750265962 ], [ 138.670528556315446, 35.498524556426041 ], [ 138.670477527831309, 35.498484666762472 ], [ 138.670426528161272, 35.49844819405029 ], [ 138.670310250445993, 35.498383693686179 ], [ 138.670225555945308, 35.498345028310041 ], [ 138.670155888986756, 35.498318611515202 ], [ 138.669996110801748, 35.498263778095854 ], [ 138.669950722025334, 35.498247028245778 ], [ 138.669920693790544, 35.498233332506267 ], [ 138.669879472582636, 35.498195055501981 ], [ 138.669532806389071, 35.497865444043633 ], [ 138.669422277744161, 35.497720806017014 ], [ 138.669194778208094, 35.497403055969578 ], [ 138.669079443500152, 35.497274500382169 ], [ 138.669043443867906, 35.497245167344268 ], [ 138.669006555254782, 35.497223222082077 ], [ 138.668926306313296, 35.49719819387429 ], [ 138.668805388870993, 35.49716961174871 ], [ 138.668616471759492, 35.497126360400884 ], [ 138.668511972467712, 35.497078860991927 ], [ 138.668362556230591, 35.497027444223605 ], [ 138.6682605002446, 35.496988889381761 ], [ 138.668143833211388, 35.496922527355842 ], [ 138.667941472024182, 35.496789193863563 ], [ 138.667874611167349, 35.496768056282654 ], [ 138.66782261053433, 35.496754471978534 ], [ 138.667736278213255, 35.496749277467515 ], [ 138.667662971835824, 35.496754693948212 ], [ 138.667542277375446, 35.49676491656809 ], [ 138.667422443736683, 35.496792943919658 ], [ 138.66728094450454, 35.496824943597368 ], [ 138.667212111190679, 35.496845443803899 ], [ 138.667168082898797, 35.496861166706296 ], [ 138.667072999600691, 35.496904749656991 ], [ 138.667011972291931, 35.49693913873768 ], [ 138.666931778031795, 35.496982639088024 ], [ 138.666776278087667, 35.497097306101637 ], [ 138.66672486126788, 35.497129667418719 ], [ 138.666700250413726, 35.497156138879973 ], [ 138.66667716638014, 35.497185610686465 ], [ 138.66666738922774, 35.497200277505783 ], [ 138.666666666910317, 35.49720136122243 ], [ 138.66660333316284, 35.49729627744 ], [ 138.666451556133069, 35.497529888964131 ], [ 138.666435861282253, 35.497552361366765 ], [ 138.666402082628736, 35.497576305857905 ], [ 138.666371333058805, 35.497589583189068 ], [ 138.666259749751902, 35.49763130567942 ], [ 138.666173138785268, 35.497659610868546 ], [ 138.666099750549535, 35.497669111110774 ], [ 138.66602724998495, 35.497674277988224 ], [ 138.665979388761201, 35.497675610707397 ], [ 138.665925943820781, 35.497665722694052 ], [ 138.665835999912616, 35.497649806356641 ], [ 138.66567566705595, 35.497626999647849 ], [ 138.665609471543149, 35.497611860354503 ], [ 138.665560361489526, 35.497603471462497 ], [ 138.665510222313685, 35.497604805983862 ], [ 138.665462721921216, 35.497614110388163 ], [ 138.665412694400061, 35.497625778364061 ], [ 138.665382110511302, 35.497637444237405 ], [ 138.665355250191737, 35.497655194302681 ], [ 138.665347083682775, 35.497673527676639 ], [ 138.665337443724866, 35.497712027852067 ], [ 138.665322582518712, 35.497755417367749 ], [ 138.665298749645615, 35.497784778339593 ], [ 138.665266639263734, 35.497798249406138 ], [ 138.665223361121093, 35.497814194278206 ], [ 138.665159917683496, 35.497836888650525 ], [ 138.664815556291501, 35.497964471956664 ], [ 138.664676971868829, 35.498016639036571 ], [ 138.664578693805936, 35.498064832889241 ], [ 138.664394028085837, 35.498176416957257 ], [ 138.664235749871864, 35.498275194065577 ], [ 138.664164278102078, 35.498324888841779 ], [ 138.664113416936232, 35.498367111139366 ], [ 138.664102528148476, 35.498382000228723 ], [ 138.664067721682443, 35.498462583032051 ], [ 138.664052971803557, 35.498501971686927 ], [ 138.664032083208895, 35.498595388783151 ], [ 138.664013083248364, 35.498688583609329 ], [ 138.664006943550305, 35.498726056536711 ], [ 138.664005750056646, 35.498747833594543 ], [ 138.6640064173653, 35.498770110759978 ], [ 138.664015139200814, 35.49879086087013 ], [ 138.664024472353901, 35.4988151390667 ], [ 138.664042472333762, 35.498836889091685 ], [ 138.664068528150182, 35.49886166709549 ], [ 138.664083444365076, 35.498884943274668 ], [ 138.664094639302789, 35.498911249535212 ], [ 138.664098416243604, 35.49894163925692 ], [ 138.664098471907238, 35.49896947167165 ], [ 138.664092443863836, 35.499053528495701 ], [ 138.664082582888597, 35.499132194069702 ], [ 138.664077999807489, 35.499173361485667 ], [ 138.66404913887169, 35.499470750095171 ], [ 138.664052499645038, 35.499492166414726 ], [ 138.664063082937702, 35.499516278209128 ], [ 138.664075721855397, 35.499549638539946 ], [ 138.664078722124884, 35.499560805507151 ], [ 138.664081110749379, 35.49956711166876 ], [ 138.664087360792394, 35.499575360891079 ], [ 138.664098082589277, 35.49958750013954 ], [ 138.664110860993475, 35.499601555716232 ], [ 138.664136749818994, 35.499632721580909 ], [ 138.664225778224221, 35.499702305621383 ], [ 138.664269889029242, 35.499734500536299 ], [ 138.664321333025981, 35.499769693693892 ], [ 138.664358055957962, 35.499786138673571 ], [ 138.664403750556886, 35.499809389021358 ], [ 138.664431694352572, 35.499828693775491 ], [ 138.66444402843004, 35.499836806632132 ], [ 138.664465333519587, 35.49985108237631 ], [ 138.664484749647585, 35.499864972451931 ], [ 138.664499443862866, 35.499880443348147 ], [ 138.664508472175754, 35.499895500041134 ], [ 138.664522693905042, 35.499914056586235 ], [ 138.664530750069048, 35.49992719394735 ], [ 138.664533638683849, 35.499946138864303 ], [ 138.664535082991279, 35.49996122228977 ], [ 138.664532750030418, 35.499978638649608 ], [ 138.664527110650141, 35.499996805921768 ], [ 138.66452652781922, 35.500000000302748 ], [ 138.664549222207427, 35.49999847234637 ], [ 138.664555193604883, 35.499979000288981 ], [ 138.664560110995183, 35.499966249497525 ], [ 138.664561999629314, 35.499954833527802 ], [ 138.664561971797497, 35.499941388593001 ], [ 138.664559471845763, 35.499928416732963 ], [ 138.664554499446695, 35.499914110351561 ], [ 138.664543249827659, 35.499889527584955 ], [ 138.664540749548507, 35.499878777824634 ], [ 138.664539361232158, 35.499866944648026 ], [ 138.664540277389989, 35.499862500148225 ], [ 138.664542722005507, 35.499859555670859 ], [ 138.664546332610314, 35.499857639342636 ], [ 138.664550667497139, 35.499856110485162 ], [ 138.664556166736048, 35.49985524993965 ], [ 138.66456269411492, 35.499855139104994 ], [ 138.664572528240654, 35.499856444190598 ], [ 138.66458019377697, 35.499858000080913 ], [ 138.664587444128131, 35.499859472169412 ], [ 138.664594250480008, 35.499862556016105 ], [ 138.664604389118523, 35.499867278353463 ], [ 138.664611693496141, 35.499871666985392 ], [ 138.664629388635774, 35.499883528095936 ], [ 138.664638361285029, 35.499890693901961 ], [ 138.664649167559645, 35.499902416544273 ], [ 138.66466019386931, 35.499916277784862 ], [ 138.664698860444162, 35.499983750259915 ], [ 138.664706860617116, 35.500000000302748 ], [ 138.664753221542412, 35.500093972172991 ], [ 138.664767971421298, 35.500132972155654 ], [ 138.664779028509656, 35.500157694591948 ], [ 138.664795583199805, 35.500179443715844 ], [ 138.664815832317629, 35.500211667465784 ], [ 138.66482600009769, 35.500234167501993 ], [ 138.664836139063652, 35.500268667417345 ], [ 138.66483713937177, 35.500304667054763 ], [ 138.664831721663688, 35.500345194092709 ], [ 138.664822638669477, 35.500387222354554 ], [ 138.66481538897321, 35.500429250316031 ], [ 138.664814499664885, 35.500452500363458 ], [ 138.664814583160336, 35.500483277856283 ], [ 138.66481736143021, 35.50050127782518 ], [ 138.664825639593857, 35.500523027850164 ], [ 138.664846833028719, 35.500553749775484 ], [ 138.664884528109582, 35.500600222236763 ], [ 138.664910278430909, 35.500621193415498 ], [ 138.664937833563499, 35.500643667620324 ], [ 138.664953443936582, 35.500653389231502 ], [ 138.664973639355367, 35.500658611376103 ], [ 138.665003028113318, 35.500659332852649 ], [ 138.665025943846302, 35.500655556664803 ], [ 138.665050694186931, 35.500644250328278 ], [ 138.665102000334343, 35.500605166543799 ], [ 138.665152389341642, 35.50057283316066 ], [ 138.665205527477269, 35.500540500077882 ], [ 138.665229360677785, 35.500532221720171 ], [ 138.665252305879761, 35.500527693718922 ], [ 138.665280750648066, 35.500527666686075 ], [ 138.665306443996059, 35.500530611163441 ], [ 138.665317443783636, 35.500535111230754 ], [ 138.6653257497791, 35.500539277893004 ], [ 138.665333527952413, 35.50054361155815 ], [ 138.665340943984717, 35.500545638721029 ], [ 138.665346056525152, 35.500545750156419 ], [ 138.665346611524257, 35.500545778090355 ], [ 138.665351194277918, 35.50054588862465 ], [ 138.665361056235469, 35.500544444470087 ], [ 138.665373417489889, 35.500539527796619 ], [ 138.665422749870572, 35.500512611194544 ], [ 138.665461472109058, 35.500488056061521 ], [ 138.665504389420448, 35.50045197262228 ], [ 138.665542527845702, 35.500415028337173 ], [ 138.665572166762558, 35.500382444149317 ], [ 138.665595999635656, 35.500352027995497 ], [ 138.665610806160458, 35.500326832784808 ], [ 138.665629833297942, 35.500288167408677 ], [ 138.665648332940691, 35.500251694396127 ], [ 138.665678500007118, 35.5002017506174 ], [ 138.665700722236807, 35.500174360640209 ], [ 138.665738332839908, 35.500133972070493 ], [ 138.665793944077734, 35.500082221596742 ], [ 138.6658745826646, 35.500016722218888 ], [ 138.665898278015788, 35.500000000302748 ], [ 138.665937972403157, 35.499971972050083 ], [ 138.666010889462655, 35.499933471874662 ], [ 138.66607999945748, 35.499896527889909 ], [ 138.666114250269544, 35.49987830655207 ], [ 138.666137694806991, 35.499863222225507 ], [ 138.666162416988385, 35.499841888506303 ], [ 138.66618330656533, 35.49981280627312 ], [ 138.666200999740369, 35.499772278334078 ], [ 138.666231333142804, 35.499704777925089 ], [ 138.666254693857383, 35.499629832971422 ], [ 138.66630494436049, 35.499560805507151 ], [ 138.666326972422326, 35.49952944350418 ], [ 138.666342333618815, 35.499499528359053 ], [ 138.666360972093202, 35.499470305855446 ], [ 138.666374721663971, 35.499444361234275 ], [ 138.666405500048, 35.499414444286955 ], [ 138.666446666574586, 35.49938213913812 ], [ 138.66648602828991, 35.499359971605884 ], [ 138.666588693956328, 35.499322556348567 ], [ 138.666666666910317, 35.499292555599439 ], [ 138.66666738922774, 35.499292277761882 ], [ 138.66680899978715, 35.499237750114027 ], [ 138.666837943563536, 35.499226056306746 ], [ 138.666861611082908, 35.499213860589677 ], [ 138.666884832638402, 35.49919519411101 ], [ 138.666905694056112, 35.499176917205659 ], [ 138.66691997177648, 35.499165611169495 ], [ 138.666923833522475, 35.499162916595743 ], [ 138.666929027921185, 35.499161333071861 ], [ 138.666931750199979, 35.499161471540091 ], [ 138.666936000281623, 35.499164638888232 ], [ 138.666953416775669, 35.499181528107627 ], [ 138.666958249688236, 35.499186721717557 ], [ 138.666962722096969, 35.499190028435024 ], [ 138.666968139477632, 35.499193971926125 ], [ 138.666975083023942, 35.499196805869204 ], [ 138.666977611134911, 35.499200443588812 ], [ 138.666977638966728, 35.499206306111432 ], [ 138.666976277499913, 35.49921497224026 ], [ 138.666977056135806, 35.499219250037534 ], [ 138.666979193946531, 35.499223972374892 ], [ 138.666984444008875, 35.499229666993514 ], [ 138.666996416927617, 35.499235805851868 ], [ 138.667004694108982, 35.499239750244065 ], [ 138.66701227811447, 35.499244556082878 ], [ 138.667035000334465, 35.499258667527442 ], [ 138.667055471779378, 35.49927388942114 ], [ 138.667064277765178, 35.499280888824998 ], [ 138.667066917530832, 35.499285555294485 ], [ 138.66706761070671, 35.499295972250465 ], [ 138.6670709174536, 35.499307306520933 ], [ 138.667076443869462, 35.499317000198175 ], [ 138.667083500052797, 35.499325083318688 ], [ 138.667090750403929, 35.499332805700924 ], [ 138.667097806259818, 35.499338888691398 ], [ 138.667098806567935, 35.499342916885411 ], [ 138.667096443810692, 35.499353917450442 ], [ 138.667095306308084, 35.499364582507859 ], [ 138.667096499801744, 35.499374611692723 ], [ 138.667106806086025, 35.499387221913388 ], [ 138.667121056629441, 35.499399806302677 ], [ 138.667134916872584, 35.499409472045983 ], [ 138.667161444192658, 35.499424333501764 ], [ 138.667171027504651, 35.499433888710776 ], [ 138.667183417245752, 35.499442305536718 ], [ 138.667199944104084, 35.49945297239632 ], [ 138.66721991719578, 35.499461388921901 ], [ 138.667229888843423, 35.49947036082223 ], [ 138.667234667074666, 35.499477694532253 ], [ 138.667239194164722, 35.499487305609136 ], [ 138.667244972376665, 35.499495278195354 ], [ 138.667250999765173, 35.499502028596694 ], [ 138.667257499967093, 35.499505889187084 ], [ 138.667265500140047, 35.499507333642008 ], [ 138.667278417375854, 35.499510278119374 ], [ 138.667284722427638, 35.499515167459634 ], [ 138.667290721656912, 35.49952152768693 ], [ 138.667299111475245, 35.499529582873507 ], [ 138.667307806133806, 35.499537416691126 ], [ 138.667309611272486, 35.499544972070467 ], [ 138.667312639046372, 35.499554528180568 ], [ 138.667318333762864, 35.499563333378362 ], [ 138.667329111223381, 35.499573333127465 ], [ 138.667337694227228, 35.499582777802182 ], [ 138.667350971966897, 35.499592722584502 ], [ 138.66736355620327, 35.499599861357687 ], [ 138.667375277980824, 35.499605444240558 ], [ 138.667390693858636, 35.499611417597833 ], [ 138.667406278364496, 35.499615666860436 ], [ 138.667419889758492, 35.499616139034096 ], [ 138.667431082731611, 35.499617332383949 ], [ 138.667441443697214, 35.499618111230198 ], [ 138.667449027702702, 35.499620667035352 ], [ 138.667453500111407, 35.499624027818506 ], [ 138.667456778044198, 35.499628167447909 ], [ 138.667543556329122, 35.499670193607194 ], [ 138.66759438868084, 35.499689944403244 ], [ 138.667642500718358, 35.499712527340165 ], [ 138.66786330588468, 35.499846221570721 ], [ 138.667875889138742, 35.499852777635951 ], [ 138.667880722051308, 35.499857805744803 ], [ 138.667885250123646, 35.499868056298617 ], [ 138.667886944262506, 35.499873361343937 ], [ 138.667889193727916, 35.499891471847121 ], [ 138.667899444021117, 35.499912471860888 ], [ 138.667903889580344, 35.499922610979318 ], [ 138.667912333097689, 35.499931305642818 ], [ 138.667922083728001, 35.499937083762887 ], [ 138.667994721814495, 35.499966443833635 ], [ 138.668016527876688, 35.499975332833237 ], [ 138.668045860971034, 35.499980082804171 ], [ 138.668092778532582, 35.499981388790864 ], [ 138.668111194025045, 35.499982721510044 ], [ 138.668138027822494, 35.499987471781338 ], [ 138.668156472129056, 35.499995667238331 ], [ 138.668162443526512, 35.500000000302748 ], [ 138.668179110853657, 35.500012082481881 ], [ 138.668192555584199, 35.500026443830066 ], [ 138.668204333025386, 35.500046305460771 ], [ 138.668218582913937, 35.50006202836316 ], [ 138.668248805643998, 35.500085971953197 ], [ 138.668295777886868, 35.500113306663252 ], [ 138.668372944373147, 35.500157056016114 ], [ 138.668429111592388, 35.500181639083081 ], [ 138.66845594375269, 35.500192555846304 ], [ 138.668482777550139, 35.5002007504022 ], [ 138.668505417257023, 35.5002130281189 ], [ 138.668532278231424, 35.500237666753378 ], [ 138.668559139205854, 35.500265028496266 ], [ 138.668573416598775, 35.5002759716916 ], [ 138.668583472069287, 35.500282806495484 ], [ 138.668616166919264, 35.500293028214266 ], [ 138.668674861267164, 35.500318306325667 ], [ 138.668747833007984, 35.500359306438369 ], [ 138.668787278218758, 35.500388027933283 ], [ 138.668817499966508, 35.500415389075442 ], [ 138.668870417084776, 35.500479694202355 ], [ 138.668895638274222, 35.500522832913326 ], [ 138.668922500230934, 35.500554305450592 ], [ 138.668954417099854, 35.500587138941334 ], [ 138.669002221677687, 35.500620638641479 ], [ 138.669043333195503, 35.500645249342021 ], [ 138.669071832645159, 35.500658222103155 ], [ 138.669099528246562, 35.500676694245712 ], [ 138.669120500336646, 35.500697222085819 ], [ 138.669139806119688, 35.500713639131554 ], [ 138.669155750147098, 35.500724556195138 ], [ 138.669178388871671, 35.500737556589847 ], [ 138.669211916384029, 35.500746416754424 ], [ 138.669250472286507, 35.500753889233039 ], [ 138.669342694146735, 35.500779805920274 ], [ 138.669412249450573, 35.500799556115588 ], [ 138.669480167261497, 35.500824806293053 ], [ 138.669548943601995, 35.500853500154392 ], [ 138.669613500639542, 35.500878055888151 ], [ 138.669649528431052, 35.500886221909383 ], [ 138.669691444124567, 35.500892333734889 ], [ 138.66975930594441, 35.500899778279567 ], [ 138.669854832914382, 35.500907166956374 ], [ 138.669918499333903, 35.500905721900715 ], [ 138.669970417453783, 35.500901528205624 ], [ 138.670011444493866, 35.500893250148273 ], [ 138.67007758237844, 35.500873305917217 ], [ 138.67014036112684, 35.500848555546987 ], [ 138.670209000272848, 35.500812833446759 ], [ 138.670235778406692, 35.50079430573669 ], [ 138.670260889251182, 35.500782611028313 ], [ 138.670288500374852, 35.500775027715036 ], [ 138.670322860549561, 35.500770193942294 ], [ 138.670370582286807, 35.500766693789814 ], [ 138.670403250287279, 35.500761860918161 ], [ 138.670431721905118, 35.500752917252143 ], [ 138.670476917168571, 35.500736417305681 ], [ 138.670531305443745, 35.50070550044353 ], [ 138.670737943562102, 35.500563388485944 ], [ 138.670795638911585, 35.500511943783685 ], [ 138.670816528161112, 35.500487250182424 ], [ 138.670833194505946, 35.50045227839378 ], [ 138.670843167135899, 35.500413889053007 ], [ 138.670852306121162, 35.50037005589833 ], [ 138.670858861004405, 35.500304278682918 ], [ 138.670866222027939, 35.500228222078654 ], [ 138.670881889046939, 35.500098028000579 ], [ 138.670891583031334, 35.500000000302748 ], [ 138.670892528003264, 35.499990471826216 ], [ 138.670908277862821, 35.499906861044082 ], [ 138.670919917127264, 35.499860944257911 ], [ 138.670935721668172, 35.499814332427306 ], [ 138.670958249720371, 35.499762222116374 ], [ 138.670984110714073, 35.499717667184775 ], [ 138.671019222020334, 35.499676528603842 ], [ 138.671073472773628, 35.499623082570082 ], [ 138.671219610750512, 35.499528694394051 ], [ 138.671263888873852, 35.499502889142207 ], [ 138.671295332601943, 35.499482805541824 ], [ 138.671316305674338, 35.499472750225209 ], [ 138.671327971788287, 35.499469416474902 ], [ 138.671342528154213, 35.499468417160791 ], [ 138.67135594341579, 35.499470332888286 ], [ 138.671378138795944, 35.499479360956855 ], [ 138.671417528015667, 35.499503361315867 ], [ 138.671444943989172, 35.499519916829833 ], [ 138.671489110457827, 35.499538943746408 ], [ 138.671632832960739, 35.499622277892449 ], [ 138.671796806218623, 35.49975083317949 ], [ 138.671957305738744, 35.499883055922268 ], [ 138.672053082540174, 35.499960388777097 ], [ 138.672106306135817, 35.500000000302748 ], [ 138.672124916778387, 35.500013860642241 ], [ 138.672266721833068, 35.500104861302638 ], [ 138.672320805268043, 35.500135917534116 ], [ 138.672443082540013, 35.500185666976734 ], [ 138.672537861325338, 35.50022391694818 ], [ 138.672654139040617, 35.500274528137773 ], [ 138.67272013940331, 35.500309110653475 ], [ 138.672779667395872, 35.500344139211087 ], [ 138.672842138684587, 35.500381471868053 ], [ 138.672895832801601, 35.500425222122011 ], [ 138.672929944127162, 35.500460667285779 ], [ 138.67294447167896, 35.500482194139629 ], [ 138.672958999230787, 35.50051488916214 ], [ 138.672971832643725, 35.500551749645439 ], [ 138.672975332903576, 35.500590721694167 ], [ 138.672979139640802, 35.500622250099305 ], [ 138.672980916620247, 35.500697250019755 ], [ 138.67298919412903, 35.500809027522784 ], [ 138.673002306187556, 35.500914250162047 ], [ 138.673033805906698, 35.501047444285 ], [ 138.673057471461476, 35.501145138577762 ], [ 138.67306755640098, 35.501195166759032 ], [ 138.673086249884136, 35.501282389429399 ], [ 138.673094138729823, 35.5013184440336 ], [ 138.673107027806395, 35.501356249765323 ], [ 138.673129139363681, 35.501389943801577 ], [ 138.673158416794394, 35.501430055434831 ], [ 138.673205472205296, 35.501476527896109 ], [ 138.673248222198339, 35.501515444076958 ], [ 138.673310250142634, 35.501571194210058 ], [ 138.673396471791307, 35.501639139759867 ], [ 138.673465610927678, 35.50169952812815 ], [ 138.673521166501871, 35.501737833066379 ], [ 138.673563193522654, 35.501765139241755 ], [ 138.673634417098128, 35.501796444475758 ], [ 138.673684249469147, 35.501815556095238 ], [ 138.673737638745962, 35.501825389141807 ], [ 138.673801666651627, 35.501832278011378 ], [ 138.673898416911641, 35.501837361087013 ], [ 138.673988777969583, 35.501839555252793 ], [ 138.674113278184876, 35.501839971858942 ], [ 138.674167332805752, 35.501840471666178 ], [ 138.674205778035827, 35.501845639144356 ], [ 138.674240638528318, 35.501851416663705 ], [ 138.674302555800239, 35.501869944373773 ], [ 138.674352389153569, 35.501881499712823 ], [ 138.674382278229274, 35.501886111515887 ], [ 138.674425694548688, 35.501892443508886 ], [ 138.674467666888148, 35.50189530628699 ], [ 138.674532417111237, 35.501894610942188 ], [ 138.674572943506121, 35.501894555975404 ], [ 138.674614917482728, 35.501888111645926 ], [ 138.67467252802706, 35.501881027539156 ], [ 138.674708082677711, 35.501875166818728 ], [ 138.674758582357413, 35.501871611699471 ], [ 138.674832556043498, 35.501869166428612 ], [ 138.674893278184612, 35.501865277904287 ], [ 138.674927888845644, 35.501863417143575 ], [ 138.674961277853782, 35.501859416883498 ], [ 138.674987443687712, 35.501854028036362 ], [ 138.675000000092268, 35.501850693384959 ], [ 138.675000749914062, 35.501850500250313 ], [ 138.675017139250485, 35.501846194218743 ], [ 138.675049250287231, 35.501835943664929 ], [ 138.675130943863564, 35.501803082540611 ], [ 138.675210721956233, 35.501762528469825 ], [ 138.675304583274027, 35.501717667466366 ], [ 138.675468499885994, 35.501631861316994 ], [ 138.675524749945794, 35.501596832759375 ], [ 138.675662861555082, 35.501507833130113 ], [ 138.675764832735894, 35.501436860502579 ], [ 138.67591447195494, 35.501340111458234 ], [ 138.675945306002603, 35.501318555769352 ], [ 138.675970416847093, 35.501306832826678 ], [ 138.675999000119617, 35.501295083451879 ], [ 138.676028694045215, 35.501279167114475 ], [ 138.676063499528937, 35.501255277590126 ], [ 138.676118833103487, 35.501214083141313 ], [ 138.676369166514263, 35.501041806435346 ], [ 138.676401611205335, 35.501015832979135 ], [ 138.676423582621254, 35.501000333247887 ], [ 138.676478139197059, 35.50096947195324 ], [ 138.676544832735601, 35.500930639273847 ], [ 138.676590943829439, 35.500907249857093 ], [ 138.676627917575161, 35.500888833582408 ], [ 138.676672806361239, 35.500868389243756 ], [ 138.676715277708723, 35.500852944178916 ], [ 138.676755916413157, 35.500837500315541 ], [ 138.676787471795933, 35.500829999902983 ], [ 138.676817805853233, 35.50082697192417 ], [ 138.676845138986181, 35.500828444012669 ], [ 138.676890083435893, 35.500835305849392 ], [ 138.676939888957406, 35.500849139156038 ], [ 138.677002333396587, 35.500865693768908 ], [ 138.677043443932121, 35.500878805899369 ], [ 138.677074193502051, 35.500888194105485 ], [ 138.677096083059695, 35.500896638565003 ], [ 138.67711225006903, 35.500905111258824 ], [ 138.677129555890701, 35.500917639780234 ], [ 138.677150332830678, 35.500934250260983 ], [ 138.677179971747506, 35.500959972612108 ], [ 138.677201139315173, 35.500980666854382 ], [ 138.677219639285369, 35.501004806582721 ], [ 138.677260443998364, 35.501050305861646 ], [ 138.677307805886642, 35.501114306118154 ], [ 138.677346000302975, 35.501168417460221 ], [ 138.677383777896978, 35.501219306487371 ], [ 138.67741047155306, 35.501247194469613 ], [ 138.677447750466456, 35.501291916704474 ], [ 138.677492056421585, 35.501340332827183 ], [ 138.677540250317378, 35.501388693682756 ], [ 138.677586028411753, 35.501434639303959 ], [ 138.67772527850596, 35.501580972289844 ], [ 138.677791722213044, 35.501657027993012 ], [ 138.67783563885024, 35.501720361139022 ], [ 138.677866332756537, 35.501759166785575 ], [ 138.677906444293654, 35.501799500388508 ], [ 138.677938388994392, 35.501833693631269 ], [ 138.678002889386022, 35.501884221920143 ], [ 138.678064305685297, 35.501934721674345 ], [ 138.67810311076434, 35.501963305602118 ], [ 138.678142556629979, 35.501986777919591 ], [ 138.678185750294915, 35.502004082844046 ], [ 138.678242666681058, 35.502016778368358 ], [ 138.678313944283019, 35.502026888651748 ], [ 138.678341638902111, 35.502030194468119 ], [ 138.678375222078074, 35.502036583230087 ], [ 138.678403167510908, 35.502044055708708 ], [ 138.678437222190553, 35.502055417012016 ], [ 138.678466193798727, 35.502065721331149 ], [ 138.678485971740315, 35.502075499711303 ], [ 138.678501250423665, 35.5020812219635 ], [ 138.678523556148775, 35.50209058313677 ], [ 138.678555832866664, 35.502103638498255 ], [ 138.678613694552212, 35.502125222421441 ], [ 138.678670305770709, 35.502149500317643 ], [ 138.678778667135902, 35.502196527853307 ], [ 138.678838582481831, 35.50222477807565 ], [ 138.678903888686335, 35.502251556509862 ], [ 138.678949388790016, 35.502268777632501 ], [ 138.678957999953127, 35.502270139186706 ], [ 138.678968443759288, 35.502270832428955 ], [ 138.678980417332923, 35.502272583556469 ], [ 138.678990250476375, 35.502275556568506 ], [ 138.679003472224991, 35.502280944514538 ], [ 138.679015499825056, 35.502284971507095 ], [ 138.679026693780486, 35.50228711100646 ], [ 138.679044167575341, 35.502288833298941 ], [ 138.679067221812517, 35.502289721778396 ], [ 138.679096194075555, 35.502289556277319 ], [ 138.679143555963833, 35.502285278179684 ], [ 138.679190749878956, 35.502276832819071 ], [ 138.679232611546013, 35.502267306144731 ], [ 138.679291361557517, 35.502249749514469 ], [ 138.679369693378192, 35.502224500238093 ], [ 138.679532443673452, 35.502167806058033 ], [ 138.679656443898409, 35.502121444131042 ], [ 138.679757027745183, 35.502079917178264 ], [ 138.679778332834729, 35.50207247173249 ], [ 138.679795361320572, 35.502062444349811 ], [ 138.67980758308849, 35.502054138959252 ], [ 138.67981630656115, 35.502049221384695 ], [ 138.679821167305533, 35.502047610827965 ], [ 138.679828749673845, 35.502046194306978 ], [ 138.679837750154917, 35.50204572213331 ], [ 138.679850749576445, 35.502044916554581 ], [ 138.679858555909021, 35.502044722218471 ], [ 138.679867693911973, 35.50204363940292 ], [ 138.679875694084927, 35.502041749807169 ], [ 138.679886443713627, 35.502037889216787 ], [ 138.679898472296003, 35.502031860892728 ], [ 138.679911833531122, 35.502023972108326 ], [ 138.67995727797117, 35.502000694126956 ], [ 138.679992721949446, 35.501982527755892 ], [ 138.680036472250634, 35.501965222230709 ], [ 138.680079110916438, 35.501951110786145 ], [ 138.680130610576811, 35.50193380616205 ], [ 138.680191527868033, 35.501911500161583 ], [ 138.680241667043873, 35.501895583223451 ], [ 138.680297249467571, 35.501875388788413 ], [ 138.680403222208298, 35.501845417174678 ], [ 138.680475471959141, 35.501823610380718 ], [ 138.680563166401896, 35.501801417017099 ], [ 138.680660500147695, 35.501781167014549 ], [ 138.680701472506456, 35.501770056515952 ], [ 138.680742888864501, 35.50175700025337 ], [ 138.680783833063998, 35.501743528586097 ], [ 138.680823833273877, 35.501735194360506 ], [ 138.680863833156309, 35.501728805598539 ], [ 138.680932750293039, 35.501717667466366 ], [ 138.68100166710235, 35.501710083552361 ], [ 138.681046972055896, 35.501706471964496 ], [ 138.681099056511783, 35.501705611118624 ], [ 138.681164582751336, 35.501698388843991 ], [ 138.681218111187178, 35.501697527998111 ], [ 138.681283194409758, 35.501697832868508 ], [ 138.681363221351575, 35.501698500279375 ], [ 138.681397889313416, 35.501699638962805 ], [ 138.681410556390347, 35.501701249519542 ], [ 138.681423528307505, 35.501703917060439 ], [ 138.681432777637724, 35.501707555681151 ], [ 138.681444860901451, 35.501713249999412 ], [ 138.681465806142029, 35.501724693903071 ], [ 138.681543638954651, 35.50176199952719 ], [ 138.681624556187103, 35.501805777715091 ], [ 138.681666111376757, 35.501836860979409 ], [ 138.681684722019355, 35.501852055840267 ], [ 138.681698499421913, 35.501869750037663 ], [ 138.68172386140759, 35.50188966753624 ], [ 138.681752250184871, 35.50190608277979 ], [ 138.681789528115957, 35.501925472236827 ], [ 138.681836221713269, 35.501944360685172 ], [ 138.681877417053954, 35.501955777555992 ], [ 138.681917693944797, 35.501960944133074 ], [ 138.682045860755977, 35.501972110799912 ], [ 138.682139000083765, 35.501980999799521 ], [ 138.682199028066691, 35.501989916733066 ], [ 138.682267306381419, 35.501989832931251 ], [ 138.68232866701706, 35.501985778004752 ], [ 138.682405889166972, 35.501981167102784 ], [ 138.682473472341229, 35.501977111275195 ], [ 138.682521749732473, 35.50197702747338 ], [ 138.682648639554543, 35.501975721787048 ], [ 138.682768639529314, 35.501974389067875 ], [ 138.682889333007381, 35.501967472264369 ], [ 138.682942472452737, 35.501966472049162 ], [ 138.682979305729674, 35.5019661386441 ], [ 138.683000110828885, 35.501968193440554 ], [ 138.683013249736916, 35.501972943711849 ], [ 138.68302077807877, 35.501975916723886 ], [ 138.68302950056912, 35.501978416961528 ], [ 138.683039750207485, 35.501980139254009 ], [ 138.683059388662571, 35.501981028634553 ], [ 138.68308688911381, 35.501981194135624 ], [ 138.683155111764933, 35.501983556505763 ], [ 138.683198000262195, 35.501986611517424 ], [ 138.683241666740514, 35.501990582942469 ], [ 138.683286055536229, 35.501992056232432 ], [ 138.683323249644445, 35.501993861125264 ], [ 138.683333332946773, 35.501994916907982 ], [ 138.683334110927831, 35.50199500040943 ], [ 138.683358556100814, 35.501997528581008 ], [ 138.683382471814497, 35.502002471986955 ], [ 138.683428972226295, 35.502010917647929 ], [ 138.683471666555732, 35.502020499889781 ], [ 138.683511638933794, 35.502025638532928 ], [ 138.683582917190591, 35.502029610859068 ], [ 138.683636471821131, 35.502033611119145 ], [ 138.683700472222398, 35.502034250596076 ], [ 138.683744056187578, 35.502036028456068 ], [ 138.683803082880075, 35.502032610903946 ], [ 138.683855722007621, 35.502031416653004 ], [ 138.683903250559354, 35.502031833259153 ], [ 138.683939889668466, 35.502031249349741 ], [ 138.683974888665148, 35.50202905608505 ], [ 138.684052805955531, 35.502023527868594 ], [ 138.684108582874501, 35.50202180647721 ], [ 138.684150500205192, 35.502019583476397 ], [ 138.684216055258844, 35.50201897193341 ], [ 138.684267194415355, 35.502022138380454 ], [ 138.684323777802064, 35.502025694400807 ], [ 138.684364527833736, 35.502032943708286 ], [ 138.684399778626499, 35.502043027859926 ], [ 138.684438527714491, 35.502053943722053 ], [ 138.684507583027994, 35.502071056112591 ], [ 138.684592417015182, 35.502084055906572 ], [ 138.684729056485253, 35.502094805366525 ], [ 138.684827306388883, 35.50211144378121 ], [ 138.684913055879008, 35.502120082576837 ], [ 138.68500058333089, 35.502129443750107 ], [ 138.685095249479247, 35.502146806044259 ], [ 138.685185472360388, 35.502157639306034 ], [ 138.685264972462363, 35.502175027731937 ], [ 138.685383777306328, 35.502203332921063 ], [ 138.685464193893552, 35.502224388802709 ], [ 138.685529528584738, 35.502247666784072 ], [ 138.685601833344322, 35.502281832993987 ], [ 138.68570216703219, 35.502335055856605 ], [ 138.685792360771813, 35.50238508313678 ], [ 138.685910610944092, 35.502463000501756 ], [ 138.685996166921257, 35.50252386044297 ], [ 138.686028750443967, 35.502550750012198 ], [ 138.686049111216477, 35.502568806750062 ], [ 138.686062917433162, 35.502587332657939 ], [ 138.686071333446165, 35.502607611495527 ], [ 138.686077639480231, 35.502630582804301 ], [ 138.686080082786049, 35.502655721546382 ], [ 138.686086110829422, 35.502677472472463 ], [ 138.686097527766776, 35.502698693855187 ], [ 138.686111306479091, 35.502710889572256 ], [ 138.686131943932565, 35.502723555660801 ], [ 138.686148388932594, 35.502730638866474 ], [ 138.686165416763572, 35.502733528377064 ], [ 138.686193500045761, 35.502733971715692 ], [ 138.68621436146347, 35.502730750301865 ], [ 138.686225083260354, 35.502729556050923 ], [ 138.686247943984569, 35.502727472119069 ], [ 138.686262249536725, 35.502728028094545 ], [ 138.686278333050637, 35.502731221574429 ], [ 138.686298360823685, 35.502737639171428 ], [ 138.686323749658868, 35.502744610641351 ], [ 138.686345555393643, 35.502748638535003 ], [ 138.686366639138441, 35.502750972370478 ], [ 138.686398806166238, 35.502751500412018 ], [ 138.686430249894329, 35.5027517214806 ], [ 138.686473500205153, 35.502750805968311 ], [ 138.68649494379892, 35.502751056172293 ], [ 138.686514250236854, 35.502753056001964 ], [ 138.686532471561463, 35.50275713916276 ], [ 138.686551417495536, 35.502765860558739 ], [ 138.686568972166356, 35.502778111242598 ], [ 138.686586527819486, 35.502795916875385 ], [ 138.686602277679071, 35.502811306072346 ], [ 138.686617333380468, 35.502826000224864 ], [ 138.686641861394037, 35.50287116669945 ], [ 138.686654193834329, 35.502916332573307 ], [ 138.686663972296458, 35.502979389383583 ], [ 138.686672443645648, 35.503023528009393 ], [ 138.686677639026641, 35.503050333176084 ], [ 138.686695694015242, 35.503081305906107 ], [ 138.68672738888452, 35.503116138625799 ], [ 138.68675083309455, 35.503150889345861 ], [ 138.686768193597544, 35.503176471426563 ], [ 138.686778999872161, 35.503202056210561 ], [ 138.686790778295659, 35.503236056018309 ], [ 138.68680722165854, 35.503277306034626 ], [ 138.686833555465654, 35.503344417170673 ], [ 138.686839194191094, 35.503368639499364 ], [ 138.68684205595639, 35.503393306067778 ], [ 138.686839860517438, 35.503418471842707 ], [ 138.686827083095551, 35.503441805391581 ], [ 138.686817056439168, 35.503455528163933 ], [ 138.686813166861356, 35.503466972067599 ], [ 138.686812082402923, 35.503486610527162 ], [ 138.686815527654005, 35.503531416563831 ], [ 138.686832416980764, 35.503589471397007 ], [ 138.686841722302063, 35.503624527888569 ], [ 138.686862832896367, 35.503657499847534 ], [ 138.686895693427488, 35.503682889394327 ], [ 138.686957139523145, 35.503716471995197 ], [ 138.687028666956564, 35.503753471847823 ], [ 138.687106139265353, 35.503792556533391 ], [ 138.687157472589718, 35.503812389028695 ], [ 138.687239249661474, 35.50384016647665 ], [ 138.687317749455332, 35.503863888697737 ], [ 138.687389167526078, 35.503880221340928 ], [ 138.687492778491873, 35.503894027915095 ], [ 138.687595361317705, 35.503906193896043 ], [ 138.687665777443186, 35.503917611667958 ], [ 138.68775430585805, 35.503930639095508 ], [ 138.687827749757389, 35.503946139127123 ], [ 138.687896167558648, 35.503964111162077 ], [ 138.687979666928499, 35.503982083197037 ], [ 138.688017056186851, 35.503988583394388 ], [ 138.688052693678088, 35.50399041712226 ], [ 138.688088332806501, 35.503994527916632 ], [ 138.688119333190173, 35.504001666689817 ], [ 138.68814988859225, 35.504008444123997 ], [ 138.688182749778235, 35.504011777874304 ], [ 138.688217917075548, 35.504014749985245 ], [ 138.688251221605952, 35.504019249451829 ], [ 138.688278555721212, 35.504025249541584 ], [ 138.688340138356466, 35.504044083323507 ], [ 138.688391527671911, 35.504062916805069 ], [ 138.688435972131259, 35.504079500252978 ], [ 138.688479943449778, 35.504091916437901 ], [ 138.688519305819966, 35.504100528200681 ], [ 138.688565111091293, 35.504108417285451 ], [ 138.688606443953887, 35.504111860668957 ], [ 138.688649499769468, 35.504112138506514 ], [ 138.688696194349092, 35.50410844401793 ], [ 138.688735221427777, 35.50410672202581 ], [ 138.688779056206698, 35.504101721850894 ], [ 138.688814055858273, 35.504100027492349 ], [ 138.688865582695598, 35.504097638690098 ], [ 138.688925917155899, 35.504091638600343 ], [ 138.688977443993224, 35.504088917294119 ], [ 138.68901886035124, 35.504083249708337 ], [ 138.689063944287454, 35.50408022263062 ], [ 138.689125916568116, 35.504080443699209 ], [ 138.689156083634543, 35.504078750241753 ], [ 138.689185443578396, 35.504073443394248 ], [ 138.68921802775597, 35.504065499643062 ], [ 138.689267083128243, 35.504049944043935 ], [ 138.689380056061253, 35.504002388767098 ], [ 138.689462056114934, 35.503963416718371 ], [ 138.689620556328549, 35.503885500554858 ], [ 138.689724972124907, 35.503845471521963 ], [ 138.689801555780264, 35.503818499953105 ], [ 138.689917917318411, 35.503784138806353 ], [ 138.690049028408026, 35.503751916858597 ], [ 138.690085888861887, 35.503746278107855 ], [ 138.690137972335492, 35.50373544394499 ], [ 138.690185861063611, 35.503726750182587 ], [ 138.690231638503121, 35.503721082897165 ], [ 138.690278471586964, 35.503719694310114 ], [ 138.690316388667441, 35.50372049988885 ], [ 138.69035272228146, 35.503722610853544 ], [ 138.690382722029568, 35.503729888996055 ], [ 138.690440139060939, 35.503743972206323 ], [ 138.690484389352463, 35.503758110683727 ], [ 138.69053180624951, 35.503769250317724 ], [ 138.690585000048742, 35.503785943699192 ], [ 138.69064241740756, 35.503797472005402 ], [ 138.690696638364415, 35.503803860767363 ], [ 138.690773000674994, 35.503814055453304 ], [ 138.690818805946321, 35.503820444515632 ], [ 138.690885694635, 35.503834971965624 ], [ 138.690927306470599, 35.503842638780348 ], [ 138.690965221913928, 35.503847750390655 ], [ 138.691005750600823, 35.503854583392346 ], [ 138.691045193847003, 35.503857917443014 ], [ 138.69108416689923, 35.503861388760463 ], [ 138.691136806026805, 35.503868666902974 ], [ 138.691170777865864, 35.50387513946675 ], [ 138.691197111018113, 35.503879722434789 ], [ 138.69120544419053, 35.50388272157857 ], [ 138.6912154446523, 35.503885693689504 ], [ 138.691232417474509, 35.503887028511237 ], [ 138.691254056218384, 35.503887000577301 ], [ 138.691280056371198, 35.503888861338012 ], [ 138.691310028287489, 35.503893722143602 ], [ 138.69136033347192, 35.503902360939229 ], [ 138.691405639407748, 35.503912889330593 ], [ 138.691466000390136, 35.503932306421206 ], [ 138.691506028104385, 35.503943499520162 ], [ 138.691559555885391, 35.503954694120935 ], [ 138.691587916830827, 35.503963943858814 ], [ 138.691646500506351, 35.503985721817742 ], [ 138.69166666678359, 35.503995055958171 ], [ 138.691667471614153, 35.503995444330016 ], [ 138.691690249825228, 35.504006028589266 ], [ 138.691801306292291, 35.504064721697908 ], [ 138.691896916757685, 35.504116110832655 ], [ 138.691961888980416, 35.504165361369132 ], [ 138.69203405621812, 35.504218278460257 ], [ 138.692098139132526, 35.504271194349919 ], [ 138.692173028321605, 35.504330000095408 ], [ 138.692231693855376, 35.504381472130881 ], [ 138.692267832974125, 35.504424110734249 ], [ 138.692303055935071, 35.504468250261155 ], [ 138.692326582985658, 35.504511666809684 ], [ 138.692365360887777, 35.504613278461804 ], [ 138.692401888669622, 35.50469574995978 ], [ 138.692426056179329, 35.504757972356295 ], [ 138.69245830604774, 35.504792750109203 ], [ 138.692491027747224, 35.504823083362304 ], [ 138.692522361130358, 35.504848222104386 ], [ 138.692551860560684, 35.504864499780794 ], [ 138.69258633337239, 35.504878888762548 ], [ 138.692606721976716, 35.504882943989408 ], [ 138.69263891683633, 35.504885833499998 ], [ 138.692686499741939, 35.504888333437272 ], [ 138.692766277834636, 35.504891916490465 ], [ 138.69283411084038, 35.504894528163497 ], [ 138.692880249766006, 35.504894443460586 ], [ 138.692918194023463, 35.50489227782947 ], [ 138.69295524962746, 35.504886917216645 ], [ 138.693006082961489, 35.50487202782692 ], [ 138.693041000099896, 35.504861749639531 ], [ 138.693071166838905, 35.504859250302992 ], [ 138.693134972090064, 35.504859138867602 ], [ 138.693188860374903, 35.504858000184171 ], [ 138.693253999915953, 35.504855721315479 ], [ 138.693294332797876, 35.504855638715121 ], [ 138.693355555911609, 35.504842221714263 ], [ 138.69338966723717, 35.504840916929027 ], [ 138.693443971689476, 35.504850333669808 ], [ 138.693503749840943, 35.504873694251529 ], [ 138.693562749683906, 35.504904056339662 ], [ 138.693623333648219, 35.504948332832974 ], [ 138.693684722115677, 35.504995138699321 ], [ 138.693766889487705, 35.505037944005224 ], [ 138.69388247238993, 35.505094972491449 ], [ 138.693979360826717, 35.505146305758323 ], [ 138.694040193640205, 35.505184167357918 ], [ 138.6941066671437, 35.50522036043035 ], [ 138.694185278592244, 35.505271806334072 ], [ 138.694207027681102, 35.505295277750449 ], [ 138.694228805584061, 35.505319222241582 ], [ 138.694255250390995, 35.505341722277791 ], [ 138.694284639148947, 35.50535608272488 ], [ 138.694318693828592, 35.505366583182315 ], [ 138.694379138961267, 35.505374638368892 ], [ 138.694446638640102, 35.505380778128334 ], [ 138.694516471934662, 35.505384971523057 ], [ 138.694590416806648, 35.505389638893632 ], [ 138.694680777864562, 35.505389971697973 ], [ 138.694788721752587, 35.505386943719159 ], [ 138.694820138631144, 35.505385638933923 ], [ 138.694847333259901, 35.505386583281251 ], [ 138.6948903894029, 35.505393471850454 ], [ 138.694921278131886, 35.50540005584962 ], [ 138.694967555561732, 35.505409277653563 ], [ 138.695002082399895, 35.505414221960599 ], [ 138.695019833203162, 35.505415194241863 ], [ 138.695047917140215, 35.505415667316626 ], [ 138.695061167048067, 35.505417222005477 ], [ 138.695075693617582, 35.505421693538125 ], [ 138.695097666670648, 35.505429833427606 ], [ 138.695119972723205, 35.505439055832284 ], [ 138.695167167293164, 35.505452443998109 ], [ 138.695222083390519, 35.505469777757597 ], [ 138.69528411067995, 35.505487638957895 ], [ 138.695360332849162, 35.505506693808407 ], [ 138.695421332980942, 35.505518472318599 ], [ 138.695499750261661, 35.505528306266257 ], [ 138.695581666492501, 35.505542416809732 ], [ 138.695634556761235, 35.50555277789784 ], [ 138.69570249945707, 35.505558832954371 ], [ 138.695760583142231, 35.505563499423857 ], [ 138.69582388905792, 35.50556433323689 ], [ 138.695883721890709, 35.505561888867128 ] ] ], [ [ [ 138.608251750095633, 35.493604444382029 ], [ 138.608320361409852, 35.49357055631004 ], [ 138.608333332999564, 35.49355849996229 ], [ 138.60833397247643, 35.493557888419303 ], [ 138.60836869446473, 35.493525555937254 ], [ 138.608430638913575, 35.493362221996215 ], [ 138.608458139364842, 35.493170832769671 ], [ 138.60849258336242, 35.493125833297981 ], [ 138.608499249900348, 35.49310888941217 ], [ 138.608650639249305, 35.493131389448372 ], [ 138.608747028350621, 35.493165277820736 ], [ 138.608863971737406, 35.493170832769671 ], [ 138.60891897165763, 35.493159443832788 ], [ 138.609077306190073, 35.493069443988318 ], [ 138.609173693654242, 35.493052500102507 ], [ 138.609400638518622, 35.493052500102507 ], [ 138.609607306433361, 35.493091944324895 ], [ 138.609735638925684, 35.493144443908768 ], [ 138.609772305866585, 35.493159443832788 ], [ 138.60989591677361, 35.493227222079334 ], [ 138.609971472616451, 35.493243889329051 ], [ 138.610122860655679, 35.493243889329051 ], [ 138.610446471957204, 35.49310888941217 ], [ 138.610638971841695, 35.493041110865256 ], [ 138.610680361350234, 35.492990556444639 ], [ 138.610680361350234, 35.492917500185619 ], [ 138.61061841690136, 35.492799167218088 ], [ 138.610604527844089, 35.492630278328114 ], [ 138.610528972001248, 35.492540278483652 ], [ 138.610226193630751, 35.492281111010556 ], [ 138.610164250164217, 35.492168333292327 ], [ 138.610171194037974, 35.49206138866095 ], [ 138.610219250084413, 35.491982500216174 ], [ 138.610322583059514, 35.491892500371705 ], [ 138.610515082943976, 35.491774443739907 ], [ 138.610611472372739, 35.491723889319289 ], [ 138.610697249694681, 35.491666667097682 ], [ 138.61098313972073, 35.491475832945518 ], [ 138.611278693607289, 35.491351944127963 ], [ 138.61140258348729, 35.491312499905575 ], [ 138.611560917364898, 35.491233611160432 ], [ 138.611615916957675, 35.491200000024897 ], [ 138.611691471818233, 35.491132221778351 ], [ 138.611815361370788, 35.490991667513271 ], [ 138.611925639201928, 35.490811389386046 ], [ 138.611980638794734, 35.490620000159502 ], [ 138.611980638794734, 35.490462222368855 ], [ 138.611946193814816, 35.490361111425059 ], [ 138.611877305819633, 35.490253888956126 ], [ 138.611732861326743, 35.490107500102361 ], [ 138.611608971446742, 35.490006111321009 ], [ 138.611512583000291, 35.489949722011346 ], [ 138.611292582991979, 35.489848333229993 ], [ 138.611210082620488, 35.489814722094465 ], [ 138.611038138658643, 35.48973000056283 ], [ 138.610928138818196, 35.489640277955189 ], [ 138.610907306214614, 35.489612222669685 ], [ 138.610909528503043, 35.489568888721507 ], [ 138.610873416888694, 35.489512778450866 ], [ 138.610861471146876, 35.489461944090131 ], [ 138.610863694417617, 35.489407499943731 ], [ 138.610900639349239, 35.489319443760692 ], [ 138.61094424950906, 35.489252778065833 ], [ 138.611013972131218, 35.489188611407151 ], [ 138.611093417224424, 35.489128889248278 ], [ 138.611168417085878, 35.489091389288049 ], [ 138.611350082863936, 35.489056666501924 ], [ 138.611340639038445, 35.489009444029428 ], [ 138.611471472464785, 35.488941943620439 ], [ 138.6118703603087, 35.48866583286226 ], [ 138.611987583323355, 35.488626389540968 ], [ 138.612400360551987, 35.488542221882255 ], [ 138.61273758292009, 35.488542221882255 ], [ 138.612936750324792, 35.488564721918465 ], [ 138.613157027668962, 35.488553610819139 ], [ 138.61366619399891, 35.488480278224394 ], [ 138.614085916738475, 35.488378888842313 ], [ 138.614216472174121, 35.488361943755038 ], [ 138.614402027529962, 35.488356388505736 ], [ 138.614491471447764, 35.488339443718829 ], [ 138.614587860876526, 35.488300000397537 ], [ 138.614636193931375, 35.488266111124084 ], [ 138.614877027853026, 35.488193055465793 ], [ 138.614973139291067, 35.488142222306521 ], [ 138.615021471691051, 35.488086110834416 ], [ 138.615069527737518, 35.487984722353431 ], [ 138.615090082677852, 35.487866388484804 ], [ 138.615090082677852, 35.487556388753539 ], [ 138.614980082837405, 35.487229999610108 ], [ 138.614835639326799, 35.486892222130528 ], [ 138.614815083404181, 35.486863889007466 ], [ 138.614773693895643, 35.486689443967094 ], [ 138.614773693895643, 35.486548610963361 ], [ 138.614821750269527, 35.486441944169535 ], [ 138.614904527321983, 35.48634055568855 ], [ 138.615275916679252, 35.486148888624449 ], [ 138.615337861128125, 35.486103889152766 ], [ 138.615386194182975, 35.486041943692705 ], [ 138.615420638507999, 35.485912499926215 ], [ 138.61553063900331, 35.485918055776246 ], [ 138.615695639418846, 35.485985555284138 ], [ 138.615792027865268, 35.485985555284138 ], [ 138.616362860653396, 35.485873056604923 ], [ 138.616666667163827, 35.485823278026906 ], [ 138.616667306313218, 35.485823167492612 ], [ 138.616707027550092, 35.485816667295261 ], [ 138.617064805840812, 35.485799722207986 ], [ 138.617229806256347, 35.485732221798997 ], [ 138.617587582582473, 35.485737778550117 ], [ 138.61775952752663, 35.485703888675936 ], [ 138.617842027898121, 35.485670278141129 ], [ 138.617816194081342, 35.485588888857983 ], [ 138.617813138803058, 35.485560555734921 ], [ 138.617826194543085, 35.48552888946228 ], [ 138.617899250106774, 35.485470278052894 ], [ 138.617844805840548, 35.485446944203659 ], [ 138.617824527908624, 35.48538249970742 ], [ 138.617794528487934, 35.485321943735507 ], [ 138.617770082987505, 35.48528305638969 ], [ 138.617750083046275, 35.485203333230785 ], [ 138.617667028003126, 35.485174167195787 ], [ 138.617652860955161, 35.484964444595278 ], [ 138.617568138295212, 35.484957222020277 ], [ 138.617436472206492, 35.484892778425134 ], [ 138.617370639162147, 35.484883332849321 ], [ 138.617294806638341, 35.484847222377248 ], [ 138.617236194148717, 35.48479333330522 ], [ 138.617227583313024, 35.484748610769998 ], [ 138.617258972359792, 35.484659721675023 ], [ 138.617207583044376, 35.484603889241932 ], [ 138.617187306094735, 35.484500833134881 ], [ 138.617151750461773, 35.484458610837294 ], [ 138.617128693605139, 35.484384721666338 ], [ 138.61708563877184, 35.484445556376905 ], [ 138.616973971642068, 35.484492500110754 ], [ 138.616875083243883, 35.48449361055988 ], [ 138.61681647173657, 35.484552222269627 ], [ 138.616704528580669, 35.484586389380638 ], [ 138.616667306313218, 35.484589082752926 ], [ 138.616666667163827, 35.484589139521901 ], [ 138.616592860468586, 35.484594444567215 ], [ 138.616557027827213, 35.484746943444293 ], [ 138.616376472047364, 35.48478722238081 ], [ 138.616303416483674, 35.484780277643367 ], [ 138.616163139231872, 35.484761667032579 ], [ 138.616117305473864, 35.484902222198762 ], [ 138.616024249968945, 35.484924444397414 ], [ 138.616018416748261, 35.485004166655223 ], [ 138.615889527619657, 35.485082778163537 ], [ 138.615799250384612, 35.485100278024831 ], [ 138.615752306628394, 35.485096667338063 ], [ 138.61568202802485, 35.485056944377021 ], [ 138.615613417038048, 35.485052777714778 ], [ 138.615577583414392, 35.485080833000282 ], [ 138.615398416933203, 35.485101943548344 ], [ 138.615345360655851, 35.485077500151064 ], [ 138.615246471930249, 35.485137222309945 ], [ 138.615179249587243, 35.485125556136239 ], [ 138.614952861359143, 35.485186389044607 ], [ 138.614889805274913, 35.485178332956941 ], [ 138.614849806374764, 35.485233332778456 ], [ 138.614720917246188, 35.485303055287169 ], [ 138.614614806328689, 35.485307777624527 ], [ 138.614567582944602, 35.485380278508792 ], [ 138.614520361197691, 35.485398888819219 ], [ 138.614550360945799, 35.485499721925457 ], [ 138.614471472161426, 35.485613333156351 ], [ 138.614440083114658, 35.48563611042939 ], [ 138.614378416656507, 35.485656111129053 ], [ 138.61438424987719, 35.485729999699274 ], [ 138.614263971584279, 35.485893055502395 ], [ 138.614178138598703, 35.48595027862509 ], [ 138.614199528166012, 35.486034166343693 ], [ 138.614146749551935, 35.486095000153156 ], [ 138.614102306074898, 35.486181944084869 ], [ 138.614036194057547, 35.486194721608804 ], [ 138.614033417097403, 35.486272221466528 ], [ 138.613904527968828, 35.486338889263948 ], [ 138.613871472615017, 35.486411111109199 ], [ 138.613811472463908, 35.486498610415666 ], [ 138.613831471422827, 35.486636944383221 ], [ 138.613689527863954, 35.486732499777347 ], [ 138.613798417051328, 35.486835555884404 ], [ 138.613820083299601, 35.486871944194036 ], [ 138.61380841751307, 35.486930555903783 ], [ 138.61379702742525, 35.486968055864011 ], [ 138.613838693942171, 35.487050000221537 ], [ 138.613800082376059, 35.48707361100724 ], [ 138.613854527624625, 35.487149722277913 ], [ 138.613842305529261, 35.487270000408706 ], [ 138.613791750185953, 35.487318055793139 ], [ 138.613821749934061, 35.48739138898862 ], [ 138.613767305667835, 35.487476111421344 ], [ 138.613733416669334, 35.487549444016096 ], [ 138.613676194460652, 35.487597222464075 ], [ 138.613612028050795, 35.487591667214772 ], [ 138.613603971886789, 35.487676388746408 ], [ 138.613465083278726, 35.487753332929017 ], [ 138.613407861070044, 35.487744443929415 ], [ 138.613388693791222, 35.487791110726803 ], [ 138.61329619426769, 35.487840277761826 ], [ 138.613228138934886, 35.487831110924667 ], [ 138.613173694013767, 35.487862499960478 ], [ 138.613034806060597, 35.487898056259269 ], [ 138.612947582794078, 35.48786694355919 ], [ 138.612914806085826, 35.487933611056242 ], [ 138.612871472279551, 35.487949444492926 ], [ 138.612732860679898, 35.487987222290705 ], [ 138.612612860377709, 35.487942777893402 ], [ 138.612525638748338, 35.488007221488544 ], [ 138.612452306176237, 35.488013888989158 ], [ 138.612359527679729, 35.487996111290315 ], [ 138.612277861280376, 35.487947222393203 ], [ 138.612228972244111, 35.487931388956518 ], [ 138.612171749380565, 35.487855833060593 ], [ 138.612052028051352, 35.48784249986155 ], [ 138.611977860852306, 35.487834721611435 ], [ 138.611906471923078, 35.487810277913795 ], [ 138.611849249714425, 35.48789305608436 ], [ 138.611703417560022, 35.487954443766746 ], [ 138.611702305924666, 35.487954999742222 ], [ 138.61163119367643, 35.487941944080369 ], [ 138.611592306084219, 35.488024444413377 ], [ 138.611417861188329, 35.488082500147648 ], [ 138.611351194499292, 35.48806944388506 ], [ 138.611342028664524, 35.488193332702622 ], [ 138.611310082654057, 35.488244166762982 ], [ 138.6112139721983, 35.488298610909389 ], [ 138.611149527797721, 35.488364166755851 ], [ 138.611076194243338, 35.488386667092421 ], [ 138.611037305668845, 35.488428055576975 ], [ 138.610991193920114, 35.488444999763153 ], [ 138.610844528121078, 35.488533332882653 ], [ 138.610761750086311, 35.488546388544506 ], [ 138.610736471923531, 35.488531389521583 ], [ 138.610665360657578, 35.48862305639139 ], [ 138.610608139431207, 35.488662500013042 ], [ 138.610495638656744, 35.488651110775798 ], [ 138.610435916496328, 35.488589444354758 ], [ 138.610428971967707, 35.488553889557792 ], [ 138.610369528780325, 35.488504999759591 ], [ 138.610360360980934, 35.48841500021549 ], [ 138.61028675041814, 35.488354722081134 ], [ 138.61028675041814, 35.488319167584528 ], [ 138.610318972454706, 35.488294722084696 ], [ 138.610251194130285, 35.488284721734864 ], [ 138.610223693679046, 35.488270278687423 ], [ 138.610164806145605, 35.488218610814023 ], [ 138.610030916786144, 35.488230277588464 ], [ 138.609938139271918, 35.488175832540961 ], [ 138.609812583084874, 35.488256110774252 ], [ 138.609700638946691, 35.488253333600149 ], [ 138.609689805822541, 35.488361388981019 ], [ 138.609608972085539, 35.488416667541188 ], [ 138.609629806653743, 35.488506944021751 ], [ 138.609485638841818, 35.488636943763723 ], [ 138.609609527739536, 35.488687221247879 ], [ 138.609628139364389, 35.488719721934281 ], [ 138.609638693515535, 35.488761944231868 ], [ 138.609698138994958, 35.488847221438611 ], [ 138.609680916996155, 35.48889499988659 ], [ 138.609635917537702, 35.488929443934062 ], [ 138.609422028085902, 35.488927221533977 ], [ 138.60930952829375, 35.488971667132738 ], [ 138.609223694325863, 35.488942500196643 ], [ 138.609162860530091, 35.488900277899056 ], [ 138.609124527937013, 35.488957500120662 ], [ 138.609021471970323, 35.488992222005692 ], [ 138.608950082713676, 35.488989999605607 ], [ 138.608774527819577, 35.488906667562119 ], [ 138.608749249656796, 35.488865832950495 ], [ 138.608736194244187, 35.488761944231868 ], [ 138.60870563884211, 35.488680832485912 ], [ 138.608630361317381, 35.48866583286226 ], [ 138.608519527832271, 35.488701389161051 ], [ 138.60842036046111, 35.488684166236219 ], [ 138.60834230663113, 35.488687778124451 ], [ 138.60833397247643, 35.488684361473425 ], [ 138.608333332999564, 35.488684111569803 ], [ 138.608268417422778, 35.488657499537766 ], [ 138.608123416948473, 35.48865972193785 ], [ 138.608073139595859, 35.488600278517623 ], [ 138.607991194223473, 35.488540833295204 ], [ 138.60798841693591, 35.488495555985963 ], [ 138.608037305972175, 35.488389722104081 ], [ 138.608000361040553, 35.488345556445431 ], [ 138.608007027578509, 35.488232499988548 ], [ 138.608059806192557, 35.4881827781795 ], [ 138.607997860761401, 35.488109166846101 ], [ 138.607985916984205, 35.488066110735481 ], [ 138.608009805520908, 35.487998889365507 ], [ 138.607923693562327, 35.487938889068708 ], [ 138.607851193980053, 35.487913056183288 ], [ 138.607804806205252, 35.487891388758655 ], [ 138.607721750179792, 35.487818889075847 ], [ 138.607643694385217, 35.487813611063373 ], [ 138.607556471773563, 35.487762777603734 ], [ 138.607440082403599, 35.48776166685424 ], [ 138.607341193677996, 35.487728055718712 ], [ 138.607313416545765, 35.487675277996914 ], [ 138.607271194047428, 35.487642778511969 ], [ 138.607207582309229, 35.487633610773706 ], [ 138.607083417712857, 35.487526667043426 ], [ 138.607125638901465, 35.487426111174017 ], [ 138.60710980652874, 35.487385000226652 ], [ 138.607103138681083, 35.487343888678566 ], [ 138.607108416902662, 35.487315833393062 ], [ 138.607161471542838, 35.487238611372888 ], [ 138.607223416973994, 35.487222500098646 ], [ 138.6071931385803, 35.48718138855056 ], [ 138.60720619399288, 35.487148888765248 ], [ 138.607259250270232, 35.487056943757523 ], [ 138.607292305951461, 35.487040832483281 ], [ 138.607345083255808, 35.487028889373114 ], [ 138.607338417700163, 35.48697277820137 ], [ 138.607360916938262, 35.486912777904571 ], [ 138.607420361107955, 35.486817500347996 ], [ 138.6074784169613, 35.486808888284848 ], [ 138.607479805605067, 35.486735555690103 ], [ 138.607617306551646, 35.486628333221169 ], [ 138.6076700832011, 35.48658138948732 ], [ 138.607740082831668, 35.48657611057375 ], [ 138.607794249762094, 35.4865174997651 ], [ 138.607861750095793, 35.486499167292237 ], [ 138.607930361410013, 35.486491666879679 ], [ 138.607910639132058, 35.486454999831395 ], [ 138.607917305997404, 35.486391111010271 ], [ 138.607944806121253, 35.486316666764928 ], [ 138.608001749356902, 35.486290556041951 ], [ 138.607970082646887, 35.486236388832005 ], [ 138.607962028120028, 35.486089167066304 ], [ 138.60803480602047, 35.486033055894559 ], [ 138.60800452828164, 35.485963889060962 ], [ 138.608070361325986, 35.485849166780206 ], [ 138.608070361325986, 35.485745555899136 ], [ 138.608160361225202, 35.485676389065539 ], [ 138.608200083116941, 35.485669722466021 ], [ 138.608247582854574, 35.485594166870456 ], [ 138.608327582946885, 35.485536943747761 ], [ 138.608329250236238, 35.485535833298627 ], [ 138.608333332999564, 35.485535556362166 ], [ 138.60833397247643, 35.485535499593198 ], [ 138.608572305464037, 35.485518332536245 ], [ 138.608651471911685, 35.485613610993909 ], [ 138.608722860840913, 35.485591943869643 ], [ 138.608799528319139, 35.485639444179697 ], [ 138.608878972430034, 35.485537777560793 ], [ 138.608973971577853, 35.485522777636774 ], [ 138.609003139318446, 35.485447222041209 ], [ 138.609164250156169, 35.485375833107895 ], [ 138.609132583118708, 35.485317500437162 ], [ 138.609128693540896, 35.485271944389275 ], [ 138.609164250156169, 35.485200832993151 ], [ 138.609235639085398, 35.485098055925114 ], [ 138.609314806515329, 35.485045278203316 ], [ 138.609258139305751, 35.484996667143761 ], [ 138.609258139305751, 35.484959722257919 ], [ 138.609270083082976, 35.484864167464522 ], [ 138.609316194176813, 35.484773333206292 ], [ 138.609293693956431, 35.484699721872886 ], [ 138.609324250340819, 35.484635000440193 ], [ 138.609325360993893, 35.484575000143394 ], [ 138.609366472511709, 35.484525277733617 ], [ 138.609413971921896, 35.484505833309797 ], [ 138.609522306110165, 35.484506944059291 ], [ 138.609567305568618, 35.484434444376483 ], [ 138.609620083200383, 35.484406389090978 ], [ 138.609724249820147, 35.484395555829202 ], [ 138.609794250432998, 35.484410555753222 ], [ 138.609975361211951, 35.484320832845214 ], [ 138.610037305660796, 35.484333889408163 ], [ 138.61009674983049, 35.484352221881032 ], [ 138.610139249992102, 35.484324721669907 ], [ 138.61022758325683, 35.484352778757604 ], [ 138.61045619344597, 35.484401388916062 ], [ 138.610447027611173, 35.484297778034993 ], [ 138.610325361001941, 35.484279167424205 ], [ 138.610255360716508, 35.484226388801311 ], [ 138.610223693679046, 35.484165833129765 ], [ 138.610217027795983, 35.484149443717605 ], [ 138.610095639177416, 35.484100833559147 ], [ 138.61006897237084, 35.484059722011054 ], [ 138.61005980555376, 35.484039444074568 ], [ 138.610003139326466, 35.484092221796367 ], [ 138.609726749771852, 35.484085833034399 ], [ 138.609668694245954, 35.484031944563107 ], [ 138.609577860702046, 35.48404694358603 ], [ 138.609503971493695, 35.484016944038359 ], [ 138.609428416960583, 35.483993056015834 ], [ 138.609346471588196, 35.483979444078138 ], [ 138.609322860714741, 35.483984999928161 ], [ 138.60932813893632, 35.484029167389004 ], [ 138.609354527752203, 35.484121944407576 ], [ 138.609334805474248, 35.484194444090384 ], [ 138.609284528121634, 35.484244722475637 ], [ 138.609240917306977, 35.48426527824968 ], [ 138.609189250328285, 35.484274999860865 ], [ 138.609113971493827, 35.484251111237604 ], [ 138.609058416901945, 35.48428361102291 ], [ 138.608942306504986, 35.484276110610359 ], [ 138.608876193505324, 35.484255556638502 ], [ 138.608825917135022, 35.484192778566872 ], [ 138.60873091700492, 35.484224166701594 ], [ 138.608682028296073, 35.484211111039734 ], [ 138.608637027855309, 35.484181943502911 ], [ 138.608578972001965, 35.484109443820103 ], [ 138.608531471609496, 35.484099721908557 ], [ 138.6084586940365, 35.484108333070608 ], [ 138.608341194013462, 35.484083610634315 ], [ 138.60833397247643, 35.484097194037346 ], [ 138.608333332999564, 35.48409841712332 ], [ 138.608325083650044, 35.484113888920632 ], [ 138.608333332999564, 35.484126443573793 ], [ 138.60833397247643, 35.484127417657248 ], [ 138.608391194685083, 35.48421444418932 ], [ 138.608403139444619, 35.484256667087628 ], [ 138.60836869446473, 35.484277222260943 ], [ 138.60833397247643, 35.484274193981769 ], [ 138.608333332999564, 35.484274139315353 ], [ 138.608330360889312, 35.484273888210275 ], [ 138.60828563843927, 35.484256110511424 ], [ 138.608197306156825, 35.484174999666564 ], [ 138.608103417007243, 35.484178055579314 ], [ 138.608013694116437, 35.484133889019567 ], [ 138.607919805949138, 35.484105832832967 ], [ 138.60788008274767, 35.484056111324286 ], [ 138.607818139281108, 35.484060277686169 ], [ 138.607720361536025, 35.484014999475832 ], [ 138.607612028330067, 35.483990000403445 ], [ 138.607565638590643, 35.483930833018583 ], [ 138.607513416612846, 35.48392499993173 ], [ 138.607428972271066, 35.484060555523726 ], [ 138.607512028296497, 35.484128611007094 ], [ 138.607543972014952, 35.484203332789626 ], [ 138.607527305997564, 35.484275832772802 ], [ 138.607482861210769, 35.484343611019348 ], [ 138.607554805466521, 35.484385556380467 ], [ 138.607577028351074, 35.484419443551367 ], [ 138.607603139503681, 35.484514722309406 ], [ 138.607576472697076, 35.484574722305837 ], [ 138.607620638510866, 35.484590832678983 ], [ 138.607660083394222, 35.484645832800865 ], [ 138.607717027612182, 35.484703889436233 ], [ 138.607717027612182, 35.484766666606767 ], [ 138.607733416948605, 35.484796111080051 ], [ 138.607829806377339, 35.484772221555701 ], [ 138.607891193862486, 35.484790278293566 ], [ 138.607934250005513, 35.484805555754775 ], [ 138.60798536100279, 35.48475138884519 ], [ 138.608043416856134, 35.484755278270612 ], [ 138.608101472709478, 35.484765555857273 ], [ 138.608160916879172, 35.484816111178986 ], [ 138.60812841717933, 35.484908056186711 ], [ 138.608069250018048, 35.484992221742864 ], [ 138.608080083142198, 35.485074444238315 ], [ 138.608011472155397, 35.485068611151462 ], [ 138.607972583580903, 35.485041388777894 ], [ 138.607931194072364, 35.485004721429242 ], [ 138.607903971611819, 35.485007778243087 ], [ 138.607847306366864, 35.485031666866348 ], [ 138.607771750523995, 35.485020277929465 ], [ 138.607729250362411, 35.484986388956372 ], [ 138.607668972548026, 35.485034721878009 ], [ 138.607688972489257, 35.485138888734554 ], [ 138.607615916925567, 35.485210277667868 ], [ 138.607592306052112, 35.485310832636181 ], [ 138.607500082554708, 35.485391944382137 ], [ 138.607495360969381, 35.485484722001438 ], [ 138.607436193808098, 35.485559999759445 ], [ 138.607386749772729, 35.48558916669554 ], [ 138.607386749772729, 35.485592221707194 ], [ 138.607388972061187, 35.485681666477284 ], [ 138.607355916707377, 35.485722500187819 ], [ 138.607240360982075, 35.485793889121133 ], [ 138.607176472235466, 35.485784167509948 ], [ 138.6071198060082, 35.485813333544954 ], [ 138.606968693667625, 35.485784167509948 ], [ 138.60692147224816, 35.485722500187819 ], [ 138.60683897187667, 35.485751388985989 ], [ 138.606586194177822, 35.485674166965822 ], [ 138.606567306526841, 35.485641110604305 ], [ 138.606536750142453, 35.485577500521828 ], [ 138.60642341670561, 35.485587222433374 ], [ 138.606302860749452, 35.485490555989387 ], [ 138.606246193867293, 35.485480833477112 ], [ 138.606203138706604, 35.485455000291324 ], [ 138.606172861295221, 35.48540638923177 ], [ 138.606092583212188, 35.48545138870346 ], [ 138.605789527833281, 35.485446110690987 ], [ 138.605717305914254, 35.485500556339218 ], [ 138.605637305821944, 35.485490000314272 ], [ 138.605568693852859, 35.485760277985598 ], [ 138.605506749404014, 35.485934999962424 ], [ 138.605403693437324, 35.486126110450321 ], [ 138.605376193968368, 35.486154166636922 ], [ 138.605011472131309, 35.486824443883982 ], [ 138.60486702763842, 35.486954167590582 ], [ 138.604846471715803, 35.486971110875665 ], [ 138.60473619421208, 35.486999166761905 ], [ 138.604681194291857, 35.487021667098475 ], [ 138.604860083109799, 35.487258056397437 ], [ 138.60498397168007, 35.487562221540031 ], [ 138.60498397168007, 35.487731110730365 ], [ 138.604949528664775, 35.487871943734106 ], [ 138.60486702763842, 35.488046666612028 ], [ 138.60462619469908, 35.488423611077174 ], [ 138.604564250250235, 35.488575833017791 ], [ 138.604536749798967, 35.488705277985744 ], [ 138.604522861396561, 35.488840555740182 ], [ 138.604474806332405, 35.489043333002513 ], [ 138.604447305881138, 35.489116110823247 ], [ 138.604316471472515, 35.489234444391506 ], [ 138.604144528492952, 35.489318888986674 ], [ 138.604013694084301, 35.489352778260134 ], [ 138.603676750689232, 35.489392221581426 ], [ 138.603511750273697, 35.48943166670491 ], [ 138.603456750353473, 35.489476667077689 ], [ 138.603429249902206, 35.489533056086984 ], [ 138.603408417298624, 35.489623055931453 ], [ 138.603442861296202, 35.490056667543818 ], [ 138.603477306276119, 35.490135278151037 ], [ 138.603532305868896, 35.490191667460699 ], [ 138.603580639251192, 35.49021416689618 ], [ 138.603697582637949, 35.490231110781998 ], [ 138.603945083097528, 35.49023666693239 ], [ 138.604041193553286, 35.49025944390506 ], [ 138.604144528492952, 35.490349443749523 ], [ 138.604240916939403, 35.49046194423093 ], [ 138.604357860981025, 35.490540832976073 ], [ 138.604667583225307, 35.490698610766721 ], [ 138.604935917598198, 35.490861943806664 ], [ 138.605004527602688, 35.490935277302512 ], [ 138.605176471564562, 35.491216944211082 ], [ 138.605258971936024, 35.491318055755606 ], [ 138.605437861408831, 35.491475556009057 ], [ 138.605499805857676, 35.491515000231445 ], [ 138.605637305821944, 35.491565833390716 ], [ 138.60592647214358, 35.491644721835492 ], [ 138.605982305708466, 35.491666667097682 ], [ 138.606112306145008, 35.491717778394879 ], [ 138.60627036104961, 35.491813611025833 ], [ 138.606332305498455, 35.491864167248643 ], [ 138.606476750318791, 35.492016388288164 ], [ 138.60659202805337, 35.49219194407803 ], [ 138.606628139340302, 35.492247221737102 ], [ 138.60671063872951, 35.49242749986432 ], [ 138.606731194652127, 35.492742777908425 ], [ 138.606827582771132, 35.493063889039384 ], [ 138.606882582691355, 35.493170832769671 ], [ 138.606917027671244, 35.493210277893155 ], [ 138.60695147166885, 35.493232778229725 ], [ 138.607605082819134, 35.49348055646557 ], [ 138.607708416776489, 35.493508610849979 ], [ 138.608024805558699, 35.493604444382029 ], [ 138.608093694208748, 35.493615832718184 ], [ 138.608251750095633, 35.493604444382029 ] ] ] ] } },
{ "type": "Feature", "properties": { "P12_001": 10002, "P12_002": "金櫻神社", "P12_003": "19", "P12_004": "19201", "P12_005": "‐", "P12_006": "甲府市御岳町2347", "P12_007": 2 }, "geometry": { "type": "Polygon", "coordinates": [ [ [ 138.555857861082842, 35.769479500495528 ], [ 138.55614844388009, 35.769495666736553 ], [ 138.556150416991954, 35.769403555326654 ], [ 138.555865360610596, 35.769389639419657 ], [ 138.555857861082842, 35.769479500495528 ] ] ] } },
{ "type": "Feature", "properties": { "P12_001": 10086, "P12_002": "清里丘の公園アクアリゾート清里", "P12_003": "19", "P12_004": "19209", "P12_005": "‐", "P12_006": "北杜市高根町清里3545-5", "P12_007": 3 }, "geometry": { "type": "Polygon", "coordinates": [ [ [ 138.431179137110348, 35.903096259123956 ], [ 138.430645464049974, 35.904272104606406 ], [ 138.430722085360145, 35.904680058746465 ], [ 138.431065843292913, 35.904963762429595 ], [ 138.431606330236121, 35.905224687337864 ], [ 138.431937664047325, 35.905618145265883 ], [ 138.432579621526116, 35.905881141190321 ], [ 138.4330414171271, 35.904872645828334 ], [ 138.433335499856753, 35.903927972005725 ], [ 138.432804917109991, 35.903724610833976 ], [ 138.432326805845037, 35.903541611400534 ], [ 138.431179137110348, 35.903096259123956 ] ] ] } },
{ "type": "Feature", "properties": { "P12_001": 10077, "P12_002": "山梨県立まきば公園", "P12_003": "19", "P12_004": "19209", "P12_005": "‐", "P12_006": "北杜市大泉町西井出8240-1", "P12_007": 4 }, "geometry": { "type": "Polygon", "coordinates": [ [ [ 138.407914194759741, 35.923474027903126 ], [ 138.408017694070821, 35.923586167045521 ], [ 138.408091583279202, 35.92375999964181 ], [ 138.408091611111018, 35.924013083223329 ], [ 138.408040116689563, 35.924233710272098 ], [ 138.407799971687155, 35.925000000369067 ], [ 138.407609749754755, 35.925606971502958 ], [ 138.407335083480547, 35.926508694042305 ], [ 138.407261249935829, 35.926884139386104 ], [ 138.407271250397571, 35.926974166864149 ], [ 138.407267611633529, 35.927163805864268 ], [ 138.407754614344327, 35.927583630125824 ], [ 138.408098372931988, 35.927268863002453 ], [ 138.408790030826253, 35.925926963774565 ], [ 138.409908280351686, 35.923856131736592 ], [ 138.410281030520935, 35.922626057169026 ], [ 138.410351438133148, 35.92173145838462 ], [ 138.410210622581303, 35.921536799986228 ], [ 138.40939885567704, 35.921300725469706 ], [ 138.408707197782746, 35.921246882954243 ], [ 138.408322022837069, 35.921507807862518 ], [ 138.40782502326627, 35.921855707640091 ], [ 138.407559956020833, 35.922253307900796 ], [ 138.407435706619282, 35.922820715267058 ], [ 138.407359582680016, 35.92317127838043 ], [ 138.407591860447297, 35.923283332819921 ], [ 138.407914194759741, 35.923474027903126 ] ] ] } },
{ "type": "Feature", "properties": { "P12_001": 10007, "P12_002": "甲府市遊亀公園付属動物園", "P12_003": "19", "P12_004": "19201", "P12_005": "‐", "P12_006": "甲府市太田町10-1", "P12_007": 2 }, "geometry": { "type": "Polygon", "coordinates": [ [ [ 138.570462860972526, 35.651402722020315 ], [ 138.570523047433056, 35.651402014060189 ], [ 138.570629695340841, 35.651474493318183 ], [ 138.57067991342808, 35.651540501814587 ], [ 138.570722882146441, 35.651571563452634 ], [ 138.570990538405397, 35.651559139157854 ], [ 138.571416583223282, 35.651533583208895 ], [ 138.571545003467662, 35.651519275025301 ], [ 138.571772794746607, 35.651711863008266 ], [ 138.571820423820299, 35.651815404805397 ], [ 138.572470665029101, 35.651747066978999 ], [ 138.57240853983717, 35.651430229440201 ], [ 138.572358839749114, 35.651057480171971 ], [ 138.572373335867354, 35.650753066927955 ], [ 138.572483090132977, 35.650572905041962 ], [ 138.572553498072608, 35.650394812970667 ], [ 138.572498621267243, 35.650361939231026 ], [ 138.572386795987256, 35.650341230571229 ], [ 138.572272900347798, 35.650315345422314 ], [ 138.572179713542198, 35.650270304500268 ], [ 138.572164722017675, 35.650239832778936 ], [ 138.572134971446161, 35.650092221740287 ], [ 138.570913528432129, 35.650283943771171 ], [ 138.570609638426276, 35.650323333026776 ], [ 138.570581031251123, 35.650415004702424 ], [ 138.570549967672861, 35.650480235253667 ], [ 138.570498197225305, 35.650813639119569 ], [ 138.570533402177432, 35.650910968168589 ], [ 138.570581031251123, 35.651173964093019 ], [ 138.570452575643969, 35.651300476297834 ], [ 138.570462860972526, 35.651402722020315 ] ] ] } },
{ "type": "Feature", "properties": { "P12_001": 10006, "P12_002": "武田神社", "P12_003": "19", "P12_004": "19201", "P12_005": "‐", "P12_006": "甲府市古府中町2611", "P12_007": 2 }, "geometry": { "type": "Polygon", "coordinates": [ [ [ 138.575907800030194, 35.68802122983314 ], [ 138.578218803208784, 35.687235768344067 ], [ 138.578588447020223, 35.686973808378262 ], [ 138.578040435336931, 35.685820397152106 ], [ 138.577838805635309, 35.685524225320911 ], [ 138.577226500170667, 35.685645429476764 ], [ 138.576102989777581, 35.685971419435212 ], [ 138.575771179551225, 35.686192630093025 ], [ 138.574921269965046, 35.686472049671224 ], [ 138.574921269965046, 35.686681620287075 ], [ 138.575026049867006, 35.686937749869315 ], [ 138.575538329758302, 35.687682879557642 ], [ 138.575907800030194, 35.68802122983314 ] ] ] } },
{ "type": "Feature", "properties": { "P12_001": 10093, "P12_002": "みずがき山自然公園", "P12_003": "19", "P12_004": "19209", "P12_005": "‐", "P12_006": "北杜市須玉町小尾8862-1", "P12_007": 4 }, "geometry": { "type": "Polygon", "coordinates": [ [ [ 138.570940801317391, 35.895331512517849 ], [ 138.57083311839358, 35.895609004654325 ], [ 138.571023635015763, 35.895828512843742 ], [ 138.572017634157362, 35.896366928987383 ], [ 138.571744284491672, 35.896810087098181 ], [ 138.572733694330907, 35.896985999721572 ], [ 138.572858444705105, 35.897066277654496 ], [ 138.572971778141948, 35.897266027839109 ], [ 138.573063218419378, 35.897404848998576 ], [ 138.574891949313184, 35.897621853646335 ], [ 138.575401373987859, 35.897456187071285 ], [ 138.575844531769292, 35.897526594712389 ], [ 138.575952215675414, 35.897331936614357 ], [ 138.575691290131289, 35.896710687633728 ], [ 138.574862957731597, 35.896159845693482 ], [ 138.574034624677012, 35.895898920785207 ], [ 138.57353697416923, 35.895798879440918 ], [ 138.572514633728161, 35.895331512517849 ], [ 138.572282700420487, 35.895716687582684 ], [ 138.571976217799318, 35.895526170916249 ], [ 138.571537201064302, 35.895153421648018 ], [ 138.571189302085088, 35.895136855020553 ], [ 138.570940801317391, 35.895331512517849 ] ] ] } },
{ "type": "Feature", "properties": { "P12_001": 10100, "P12_002": "白州・尾白の森名水公園べるが", "P12_003": "19", "P12_004": "19209", "P12_005": "‐", "P12_006": "北杜市白州町白須8056", "P12_007": 4 }, "geometry": { "type": "Polygon", "coordinates": [ [ [ 138.306336653693791, 35.798451841870104 ], [ 138.307056888966798, 35.799171917218899 ], [ 138.307138305534721, 35.799138778257031 ], [ 138.307296111590148, 35.799138778257031 ], [ 138.307816812733364, 35.799410203622735 ], [ 138.308190110370759, 35.799632499799387 ], [ 138.308717194167428, 35.799920806274642 ], [ 138.308882749254622, 35.800044667158261 ], [ 138.309148528667038, 35.80018505592227 ], [ 138.309279278597927, 35.800218971928203 ], [ 138.309485916716284, 35.800141917211299 ], [ 138.309564806155521, 35.800128944450165 ], [ 138.309784228899275, 35.800197043786817 ], [ 138.309961278525492, 35.800272527294794 ], [ 138.31009511091159, 35.800316305482696 ], [ 138.310287333132806, 35.800345056113002 ], [ 138.310955527498521, 35.80035983286588 ], [ 138.312661082643928, 35.801220555893252 ], [ 138.312759500193295, 35.801265278128113 ], [ 138.313074888667387, 35.801394194153431 ], [ 138.313316806392578, 35.80158538934424 ], [ 138.314428556370984, 35.801892916771806 ], [ 138.314702815318412, 35.801185340208292 ], [ 138.314938889999922, 35.801322015560729 ], [ 138.314963740207673, 35.800882998881526 ], [ 138.31557256505846, 35.800854007358552 ], [ 138.315560139954584, 35.800564091227663 ], [ 138.31580863973997, 35.800593082750645 ], [ 138.31586248120189, 35.800882998881526 ], [ 138.316802639863852, 35.801007249338454 ], [ 138.316595556436511, 35.802357432030263 ], [ 138.316926333284016, 35.802152667253218 ], [ 138.316978306085218, 35.801972083354499 ], [ 138.317279167007484, 35.801507249709218 ], [ 138.317402638755397, 35.801387306485324 ], [ 138.317630294804474, 35.801263724340359 ], [ 138.317921749883482, 35.801149527397854 ], [ 138.318376222115745, 35.801030721655927 ], [ 138.317951416632155, 35.800903638457385 ], [ 138.31779727815487, 35.800841389028029 ], [ 138.317707278583072, 35.800750305767274 ], [ 138.317486416770834, 35.800438417341354 ], [ 138.317583278358114, 35.800394638252357 ], [ 138.317741666917044, 35.800624971894059 ], [ 138.317797999489983, 35.800698305990629 ], [ 138.317868556739114, 35.800769722257158 ], [ 138.317994639111163, 35.800820638917877 ], [ 138.318385139101366, 35.800933193765331 ], [ 138.318529667089706, 35.800993693869366 ], [ 138.318723417113773, 35.800900305608174 ], [ 138.318762555519726, 35.800857833106605 ], [ 138.31878152764844, 35.800780056312419 ], [ 138.31874494420299, 35.800717500210467 ], [ 138.318685582546436, 35.800602083185638 ], [ 138.318671721320982, 35.800471833540051 ], [ 138.318710110887423, 35.800356805487795 ], [ 138.318825110631309, 35.800231999355759 ], [ 138.318814222498418, 35.800191583152468 ], [ 138.318836778382433, 35.800000000490911 ], [ 138.318836778382433, 35.799999861121584 ], [ 138.317796638678033, 35.799363007882711 ], [ 138.316980730727323, 35.799060666555953 ], [ 138.316247656475014, 35.798754184097959 ], [ 138.315779648485801, 35.798563667131155 ], [ 138.315489732014925, 35.798340017510149 ], [ 138.31507556548766, 35.798257183471712 ], [ 138.314785649344202, 35.798025250386779 ], [ 138.314508156994918, 35.797706342432555 ], [ 138.314151974285693, 35.797735333955529 ], [ 138.313224241055025, 35.797872009307966 ], [ 138.312631983336843, 35.797942417249438 ], [ 138.31228822474921, 35.797872009307966 ], [ 138.311791225178411, 35.797818167993967 ], [ 138.311128558865732, 35.797859584412457 ], [ 138.310383059509519, 35.797818167993967 ], [ 138.309828076120652, 35.797652501118556 ], [ 138.309471893411455, 35.797292175844738 ], [ 138.309235818729917, 35.796907001680999 ], [ 138.309010215686385, 35.796636258143678 ], [ 138.308767809758422, 35.796753760001458 ], [ 138.308353643885994, 35.797114084073812 ], [ 138.307964327566452, 35.797652501118556 ], [ 138.307579152293357, 35.798037676183384 ], [ 138.307579152293357, 35.798149500543346 ], [ 138.307384493969863, 35.798273751000274 ], [ 138.306862644518759, 35.798298601091659 ], [ 138.306324228589915, 35.798257183471712 ], [ 138.306199978206081, 35.798215767053222 ], [ 138.306336653693791, 35.798451841870104 ] ] ] } },
{ "type": "Feature", "properties": { "P12_001": 10080, "P12_002": "長坂総合スポーツ公園", "P12_003": "19", "P12_004": "19209", "P12_005": "‐", "P12_006": "北杜市長坂町大八田6811-187", "P12_007": 4 }, "geometry": { "type": "Polygon", "coordinates": [ [ [ 138.368542700965662, 35.843855156902116 ], [ 138.371030337275556, 35.843987901078407 ], [ 138.371268388670728, 35.843449693688385 ], [ 138.371358194074674, 35.843168305818828 ], [ 138.371412166837246, 35.842507166573903 ], [ 138.371480389488397, 35.841666528048002 ], [ 138.371517639587637, 35.841261028189749 ], [ 138.371765194073674, 35.840482778162176 ], [ 138.371844694175678, 35.840277167257135 ], [ 138.370061722385117, 35.839986110640623 ], [ 138.369768634397218, 35.841850591374012 ], [ 138.370377458265693, 35.841879583798089 ], [ 138.370141383584155, 35.842832166229186 ], [ 138.368641446602993, 35.842765425743458 ], [ 138.368542700965662, 35.843855156902116 ] ] ] } },
{ "type": "Feature", "properties": { "P12_001": 10010, "P12_002": "小瀬スポーツ公園", "P12_003": "19", "P12_004": "19201", "P12_005": "‐", "P12_006": "甲府市小瀬町840", "P12_007": 4 }, "geometry": { "type": "Polygon", "coordinates": [ [ [ 138.590444770781687, 35.619737233031287 ], [ 138.585793681489037, 35.620470307272967 ], [ 138.586125014972822, 35.621961306748801 ], [ 138.586207848671194, 35.622404463958503 ], [ 138.585847523605821, 35.62262397214792 ], [ 138.585532757582087, 35.622748222604848 ], [ 138.585060606909281, 35.622611548153507 ], [ 138.584580174798532, 35.622611548153507 ], [ 138.584232274837007, 35.622470731369475 ], [ 138.583864111350636, 35.622406139394059 ], [ 138.583194419305926, 35.623719044395685 ], [ 138.582852305742165, 35.624307499533735 ], [ 138.583006341405451, 35.624541563407448 ], [ 138.583308683635067, 35.624707230282866 ], [ 138.583751841743947, 35.624694805086989 ], [ 138.584000341529361, 35.624736221505479 ], [ 138.584149440811217, 35.624889463485381 ], [ 138.584248841314746, 35.625055130060439 ], [ 138.584083174245421, 35.625659812713955 ], [ 138.583942357711294, 35.625937303949335 ], [ 138.584149440811217, 35.625978720367826 ], [ 138.5849239327313, 35.625924879053827 ], [ 138.585657006983638, 35.625895887530845 ], [ 138.5867876812855, 35.625730221556523 ], [ 138.58851475566172, 35.625427879328669 ], [ 138.589036605112824, 35.625369896583074 ], [ 138.591633428901645, 35.624997146413747 ], [ 138.591687270690983, 35.624848045865434 ], [ 138.59056902116555, 35.619849057391249 ], [ 138.590444770781687, 35.619737233031287 ] ] ] } },
{ "type": "Feature", "properties": { "P12_001": 10167, "P12_002": "久遠寺", "P12_003": "19", "P12_004": "19365", "P12_005": "神社・寺院・教会", "P12_006": "身延町身延3567", "P12_007": -1 }, "geometry": { "type": "Polygon", "coordinates": [ [ [ 138.424464962248436, 35.382266995792499 ], [ 138.425748878515776, 35.382024708527858 ], [ 138.425639124250154, 35.38146558372442 ], [ 138.424340712846885, 35.381714083436812 ], [ 138.424464962248436, 35.382266995792499 ] ] ] } },
{ "type": "Feature", "properties": { "P12_001": 10111, "P12_002": "大武川河川公園（フレンドパークむかわ）", "P12_003": "19", "P12_004": "19209", "P12_005": "‐", "P12_006": "北杜市武川町柳沢3506-1", "P12_007": 4 }, "geometry": { "type": "Polygon", "coordinates": [ [ [ 138.327153977625755, 35.779548978413338 ], [ 138.328727810036526, 35.780816327066702 ], [ 138.330218809731207, 35.781810327117746 ], [ 138.331237658753111, 35.782390159679885 ], [ 138.333084841157017, 35.783160509809555 ], [ 138.334029140210561, 35.783632659443327 ], [ 138.33477464022161, 35.783856309064333 ], [ 138.335462156742039, 35.784104808776732 ], [ 138.335569839665879, 35.783823175509035 ], [ 138.334965156188957, 35.783574676397365 ], [ 138.334716657385854, 35.783276475601106 ], [ 138.334493006825909, 35.783110809927145 ], [ 138.333946308149336, 35.78241500977127 ], [ 138.333474157476559, 35.782000843183454 ], [ 138.33300200811351, 35.78241500977127 ], [ 138.332256508102461, 35.781868310163709 ], [ 138.332422174844339, 35.78170264418938 ], [ 138.331900325065789, 35.781230493654519 ], [ 138.331958307901573, 35.781039976988076 ], [ 138.331792641159694, 35.780899160204044 ], [ 138.331651825280403, 35.78098199394212 ], [ 138.330989158967725, 35.780402160478886 ], [ 138.330715809302006, 35.780153660766494 ], [ 138.330632975276217, 35.77979747812573 ], [ 138.330467309516621, 35.779930011145481 ], [ 138.330053142989328, 35.779466144374901 ], [ 138.330218809731207, 35.779325328491957 ], [ 138.33016082591314, 35.779242494753888 ], [ 138.328727810036526, 35.779242494753888 ], [ 138.328089993931599, 35.779159661916907 ], [ 138.327485311436988, 35.779300478400572 ], [ 138.327153977625755, 35.779548978413338 ] ] ] } },
{ "type": "Feature", "properties": { "P12_001": 10120, "P12_002": "山梨県森林公園　金川の森", "P12_003": "19", "P12_004": "19211", "P12_005": "‐", "P12_006": "笛吹市一宮町国分1162-1", "P12_007": 4 }, "geometry": { "type": "Polygon", "coordinates": [ [ [ 138.673366652131392, 35.638492650049393 ], [ 138.674012751311494, 35.639055916885155 ], [ 138.674675417624172, 35.639817983550905 ], [ 138.674899067201807, 35.640132750073541 ], [ 138.675408492858793, 35.640107899982155 ], [ 138.675656991661896, 35.640149316400645 ], [ 138.675793666822159, 35.640273566557205 ], [ 138.675988325145653, 35.640107899982155 ], [ 138.676278241289083, 35.640049916035103 ], [ 138.676638566354484, 35.640149316400645 ], [ 138.6768580748857, 35.639983649525227 ], [ 138.676982324287252, 35.639776567132415 ], [ 138.677230825054949, 35.639333408120528 ], [ 138.677508316094503, 35.639180167342083 ], [ 138.678295231808733, 35.638848833591247 ], [ 138.679082148505273, 35.638600333878848 ], [ 138.679537731718028, 35.638215158814013 ], [ 138.679993314603365, 35.637871401068764 ], [ 138.68044889781612, 35.637564917409314 ], [ 138.680668406019919, 35.637428242957974 ], [ 138.680763664167301, 35.637221159664065 ], [ 138.680709822705381, 35.636641327101927 ], [ 138.680597998080259, 35.636239584808898 ], [ 138.680531730859627, 35.635895827063642 ], [ 138.68063941476575, 35.635440244057342 ], [ 138.680751240045709, 35.635137901829488 ], [ 138.681248239616508, 35.634404827587808 ], [ 138.681372489018059, 35.634090061065173 ], [ 138.680461249902407, 35.63397175002428 ], [ 138.679887056340959, 35.633949944131416 ], [ 138.679106998713024, 35.633978236705211 ], [ 138.678982748329162, 35.63410248626105 ], [ 138.678498173862238, 35.634185319098023 ], [ 138.67762842412219, 35.634255727940591 ], [ 138.677048590853019, 35.634404827587808 ], [ 138.676414916776821, 35.634611910881716 ], [ 138.67584750926639, 35.635208310672049 ], [ 138.675545167036773, 35.635676318573864 ], [ 138.674758251322544, 35.636765576657758 ], [ 138.674460638864076, 35.636953999780665 ], [ 138.673822235344147, 35.638037067043086 ], [ 138.673449485174899, 35.638409816912045 ], [ 138.673366652131392, 35.638492650049393 ] ] ] } },
{ "type": "Feature", "properties": { "P12_001": 10119, "P12_002": "浅間神社", "P12_003": "19", "P12_004": "19211", "P12_005": "‐", "P12_006": "笛吹市一宮町一ノ宮1684", "P12_007": 2 }, "geometry": { "type": "Polygon", "coordinates": [ [ [ 138.697092499792376, 35.647260278197024 ], [ 138.697172821096586, 35.647585941658797 ], [ 138.697024756503311, 35.647606650318586 ], [ 138.697082739339095, 35.647952479079997 ], [ 138.697646006457973, 35.647869645341927 ], [ 138.697502749892351, 35.647189278536651 ], [ 138.697092499792376, 35.647260278197024 ] ] ] } }
]
}
