{
"type": "FeatureCollection",
"crs": { "type": "name", "properties": { "name": "urn:ogc:def:crs:EPSG::4612" } },
"features": [
{ "type": "Feature", "properties": { "P12_001": 10001, "P12_002": "長良川の鵜飼", "P12_003": "21", "P12_004": "21201", "P12_005": "郷土景観", "P12_006": "岐阜市湊町1-2（鵜飼観覧船事務所）", "P12_007": 2 }, "geometry": { "type": "MultiPoint", "coordinates": [ [ 136.772826666117794, 35.438227221808916 ] ] } },
{ "type": "Feature", "properties": { "P12_001": 10002, "P12_002": "プラザ掛洞", "P12_003": "21", "P12_004": "21201", "P12_005": "‐", "P12_006": "岐阜市奥1-104", "P12_007": 4 }, "geometry": { "type": "MultiPoint", "coordinates": [ [ 136.69507166602466, 35.51863333336172 ] ] } },
{ "type": "Feature", "properties": { "P12_001": 10003, "P12_002": "岐阜市科学館", "P12_003": "21", "P12_004": "21201", "P12_005": "‐", "P12_006": "岐阜市本荘3456-41", "P12_007": 4 }, "geometry": { "type": "MultiPoint", "coordinates": [ [ 136.73088722316686, 35.403910554828315 ] ] } },
{ "type": "Feature", "properties": { "P12_001": 10004, "P12_002": "三田洞弘法", "P12_003": "21", "P12_004": "21201", "P12_005": "‐", "P12_006": "岐阜市三田洞131", "P12_007": 2 }, "geometry": { "type": "MultiPoint", "coordinates": [ [ 136.786826355751828, 35.472785228155828 ] ] } },
{ "type": "Feature", "properties": { "P12_001": 10005, "P12_002": "岐阜城", "P12_003": "21", "P12_004": "21201", "P12_005": "‐", "P12_006": "岐阜市金華山天守閣18", "P12_007": 2 }, "geometry": { "type": "MultiPoint", "coordinates": [ [ 136.782258070453622, 35.433988539839277 ] ] } },
{ "type": "Feature", "properties": { "P12_001": 10006, "P12_002": "大龍寺", "P12_003": "21", "P12_004": "21201", "P12_005": "‐", "P12_006": "岐阜市粟野2339", "P12_007": 2 }, "geometry": { "type": "MultiPoint", "coordinates": [ [ 136.788425555395179, 35.49020222285435 ] ] } },
{ "type": "Feature", "properties": { "P12_001": 10007, "P12_002": "長良川温泉", "P12_003": "21", "P12_004": "21201", "P12_005": "‐", "P12_006": "岐阜市長良648", "P12_007": 3 }, "geometry": { "type": "MultiPoint", "coordinates": [ [ 136.783119444706699, 35.441887778198463 ] ] } },
{ "type": "Feature", "properties": { "P12_001": 10008, "P12_002": "鏡島弘法", "P12_003": "21", "P12_004": "21201", "P12_005": "‐", "P12_006": "岐阜市鏡島1328", "P12_007": 2 }, "geometry": { "type": "MultiPoint", "coordinates": [ [ 136.71908097190942, 35.415504368232064 ] ] } },
{ "type": "Feature", "properties": { "P12_001": 10009, "P12_002": "畜産センター", "P12_003": "21", "P12_004": "21201", "P12_005": "‐", "P12_006": "岐阜市椿洞776-4", "P12_007": 1 }, "geometry": { "type": "MultiPoint", "coordinates": [ [ 136.763948056157915, 35.484291944917402 ] ] } },
{ "type": "Feature", "properties": { "P12_001": 10010, "P12_002": "岐阜シティ・タワー４３", "P12_003": "21", "P12_004": "21201", "P12_005": "‐", "P12_006": "岐阜市橋本町2-52", "P12_007": 5 }, "geometry": { "type": "MultiPoint", "coordinates": [ [ 136.754186945071524, 35.410819166571343 ] ] } },
{ "type": "Feature", "properties": { "P12_001": 10011, "P12_002": "長良公園", "P12_003": "21", "P12_004": "21201", "P12_005": "‐", "P12_006": "岐阜市長良城之内1466-10", "P12_007": 4 }, "geometry": { "type": "MultiPoint", "coordinates": [ [ 136.783487999471618, 35.446821000288992 ] ] } },
{ "type": "Feature", "properties": { "P12_001": 10012, "P12_002": "岐阜ファミリーパーク", "P12_003": "21", "P12_004": "21201", "P12_005": "‐", "P12_006": "岐阜市山県北野997", "P12_007": 4 }, "geometry": { "type": "MultiPoint", "coordinates": [ [ 136.832546945185413, 35.517833056350526 ] ] } },
{ "type": "Feature", "properties": { "P12_001": 10013, "P12_002": "岐阜公園", "P12_003": "21", "P12_004": "21201", "P12_005": "‐", "P12_006": "岐阜市千畳敷下257（岐阜観光索道）", "P12_007": 4 }, "geometry": { "type": "MultiPoint", "coordinates": [ [ 136.774909721706308, 35.4344977773506 ] ] } },
{ "type": "Feature", "properties": { "P12_001": 10014, "P12_002": "伊奈波神社", "P12_003": "21", "P12_004": "21201", "P12_005": "‐", "P12_006": "岐阜市伊奈波通り1-1", "P12_007": 2 }, "geometry": { "type": "MultiPoint", "coordinates": [ [ 136.770604604119285, 35.427252538573839 ] ] } },
{ "type": "Feature", "properties": { "P12_001": 10015, "P12_002": "世界イベント村ぎふ", "P12_003": "21", "P12_004": "21201", "P12_005": "‐", "P12_006": "岐阜市長良福光大野2675-28（メモリアルセンター）", "P12_007": 6 }, "geometry": { "type": "MultiPoint", "coordinates": [ [ 136.762971158592109, 35.440351684882387 ] ] } },
{ "type": "Feature", "properties": { "P12_001": 10016, "P12_002": "池ノ上みそぎ祭", "P12_003": "21", "P12_004": "21201", "P12_005": "‐", "P12_006": "岐阜市長良川右岸", "P12_007": 1 }, "geometry": { "type": "MultiPoint", "coordinates": [ [ 136.742963999489007, 35.430769000189287 ] ] } },
{ "type": "Feature", "properties": { "P12_001": 10017, "P12_002": "手力の火祭", "P12_003": "21", "P12_004": "21201", "P12_005": "‐", "P12_006": "岐阜市蔵前6-8-22", "P12_007": 1 }, "geometry": { "type": "MultiPoint", "coordinates": [ [ 136.805303000033518, 35.39569999995507 ] ] } },
{ "type": "Feature", "properties": { "P12_001": 10018, "P12_002": "GIFUナイトビュー事業", "P12_003": "21", "P12_004": "21201", "P12_005": "‐", "P12_006": "岐阜市長良橋北詰下流　長良川公園一帯（手力の火祭・夏）", "P12_007": 1 }, "geometry": { "type": "MultiPoint", "coordinates": [ [ 136.770738999705145, 35.44079999962031 ] ] } },
{ "type": "Feature", "properties": { "P12_001": 10019, "P12_002": "ぎふ梅まつり", "P12_003": "21", "P12_004": "21201", "P12_005": "‐", "P12_006": "岐阜市梅林南町", "P12_007": 1 }, "geometry": { "type": "MultiPoint", "coordinates": [ [ 136.77054008315838, 35.418555177079838 ] ] } },
{ "type": "Feature", "properties": { "P12_001": 10020, "P12_002": "道三まつり", "P12_003": "21", "P12_004": "21201", "P12_005": "‐", "P12_006": "岐阜市中心市街地一帯", "P12_007": 1 }, "geometry": { "type": "MultiPoint", "coordinates": [ [ 136.76065400048185, 35.423298000102648 ] ] } },
{ "type": "Feature", "properties": { "P12_001": 10021, "P12_002": "ぎふ信長まつり", "P12_003": "21", "P12_004": "21201", "P12_005": "‐", "P12_006": "岐阜市中心市街地一帯", "P12_007": 1 }, "geometry": { "type": "MultiPoint", "coordinates": [ [ 136.76065400048185, 35.423298000102648 ] ] } },
{ "type": "Feature", "properties": { "P12_001": 10022, "P12_002": "長良川花火大会", "P12_003": "21", "P12_004": "21201", "P12_005": "‐", "P12_006": "岐阜市長良川河畔", "P12_007": 1 }, "geometry": { "type": "MultiPoint", "coordinates": [ [ 136.764149288458952, 35.434009403211462 ] ] } },
{ "type": "Feature", "properties": { "P12_001": 10023, "P12_002": "長良川うかいミュージアム（岐阜市長良川鵜飼伝承館）", "P12_003": "21", "P12_004": "21201", "P12_005": "‐", "P12_006": "岐阜市長良51-2", "P12_007": 2 }, "geometry": { "type": "MultiPoint", "coordinates": [ [ 136.778746632451202, 35.441010931109645 ] ] } },
{ "type": "Feature", "properties": { "P12_001": 10024, "P12_002": "ぎふ清流国体・ぎふ清流大会（岐阜市）", "P12_003": "21", "P12_004": "21201", "P12_005": "‐", "P12_006": "岐阜市", "P12_007": 1 }, "geometry": { "type": "MultiPoint", "coordinates": [ [ 136.76065400048185, 35.423298000102648 ] ] } },
{ "type": "Feature", "properties": { "P12_001": 10025, "P12_002": "岐阜市歴史博物館", "P12_003": "21", "P12_004": "21201", "P12_005": "‐", "P12_006": "岐阜市大宮町2-18-1", "P12_007": 2 }, "geometry": { "type": "MultiPoint", "coordinates": [ [ 136.772818333899068, 35.433431110357503 ] ] } },
{ "type": "Feature", "properties": { "P12_001": 10026, "P12_002": "かみいしづ緑の村公園", "P12_003": "21", "P12_004": "21202", "P12_005": "‐", "P12_006": "大垣市上石津町上多良前ヶ瀬入会1-1", "P12_007": 4 }, "geometry": { "type": "MultiPoint", "coordinates": [ [ 136.470596081843723, 35.261777790212875 ] ] } },
{ "type": "Feature", "properties": { "P12_001": 10027, "P12_002": "大垣城", "P12_003": "21", "P12_004": "21202", "P12_005": "‐", "P12_006": "大垣市郭町2-52", "P12_007": 2 }, "geometry": { "type": "MultiPoint", "coordinates": [ [ 136.616041388599228, 35.361974444764883 ] ] } },
{ "type": "Feature", "properties": { "P12_001": 10028, "P12_002": "日本昭和音楽村・江口夜詩記念館", "P12_003": "21", "P12_004": "21202", "P12_005": "‐", "P12_006": "大垣市上石津町下山2011", "P12_007": 2 }, "geometry": { "type": "MultiPoint", "coordinates": [ [ 136.47697666653994, 35.243736389023184 ] ] } },
{ "type": "Feature", "properties": { "P12_001": 10029, "P12_002": "墨俣一夜城（歴史資料館）", "P12_003": "21", "P12_004": "21202", "P12_005": "‐", "P12_006": "大垣市墨俣町墨俣1742-1", "P12_007": 2 }, "geometry": { "type": "MultiPoint", "coordinates": [ [ 136.687750832934626, 35.367083612019144 ] ] } },
{ "type": "Feature", "properties": { "P12_001": 10030, "P12_002": "ソフトピアジャパン", "P12_003": "21", "P12_004": "21202", "P12_005": "‐", "P12_006": "大垣市小野4-35-10", "P12_007": 2 }, "geometry": { "type": "MultiPoint", "coordinates": [ [ 136.641058610566461, 35.367706111048221 ] ] } },
{ "type": "Feature", "properties": { "P12_001": 10031, "P12_002": "大垣市情報工房", "P12_003": "21", "P12_004": "21202", "P12_005": "‐", "P12_006": "大垣市小野4-35-10", "P12_007": 2 }, "geometry": { "type": "MultiPoint", "coordinates": [ [ 136.641058610566461, 35.367706111048221 ] ] } },
{ "type": "Feature", "properties": { "P12_001": 10032, "P12_002": "水のパビリオン", "P12_003": "21", "P12_004": "21202", "P12_005": "‐", "P12_006": "大垣市室本町5-51", "P12_007": 4 }, "geometry": { "type": "MultiPoint", "coordinates": [ [ 136.607827777829698, 35.36370861196292 ] ] } },
{ "type": "Feature", "properties": { "P12_001": 10033, "P12_002": "こどもサイエンスプラザ", "P12_003": "21", "P12_004": "21202", "P12_005": "‐", "P12_006": "大垣市室本町5-51", "P12_007": 4 }, "geometry": { "type": "MultiPoint", "coordinates": [ [ 136.607827777829698, 35.36370861196292 ] ] } },
{ "type": "Feature", "properties": { "P12_001": 10034, "P12_002": "牧田川の鮎釣、川遊び、多良峡の紅葉", "P12_003": "21", "P12_004": "21202", "P12_005": "‐", "P12_006": "大垣市上石津町下多良871-1", "P12_007": 1 }, "geometry": { "type": "MultiPoint", "coordinates": [ [ 136.475525743518347, 35.292876001226546 ] ] } },
{ "type": "Feature", "properties": { "P12_001": 10035, "P12_002": "奥の細道むすびの地", "P12_003": "21", "P12_004": "21202", "P12_005": "‐", "P12_006": "大垣市馬場町124", "P12_007": 2 }, "geometry": { "type": "MultiPoint", "coordinates": [ [ 136.61224055505761, 35.357439722165509 ] ] } },
{ "type": "Feature", "properties": { "P12_001": 10036, "P12_002": "守屋多々志美術館", "P12_003": "21", "P12_004": "21202", "P12_005": "‐", "P12_006": "大垣市郭町2-12", "P12_007": 2 }, "geometry": { "type": "MultiPoint", "coordinates": [ [ 136.617364999994834, 35.360281389174816 ] ] } },
{ "type": "Feature", "properties": { "P12_001": 10037, "P12_002": "ひまわり畑", "P12_003": "21", "P12_004": "21202", "P12_005": "‐", "P12_006": "大垣市榎戸町", "P12_007": 1 }, "geometry": { "type": "MultiPoint", "coordinates": [ [ 136.552995843783265, 35.383329239752641 ] ] } },
{ "type": "Feature", "properties": { "P12_001": 10038, "P12_002": "ボタン園", "P12_003": "21", "P12_004": "21202", "P12_005": "‐", "P12_006": "大垣市赤坂町", "P12_007": 1 }, "geometry": { "type": "MultiPoint", "coordinates": [ [ 136.579945965134243, 35.388766092980859 ] ] } },
{ "type": "Feature", "properties": { "P12_001": 10039, "P12_002": "曽根城公園花しょうぶ", "P12_003": "21", "P12_004": "21202", "P12_005": "‐", "P12_006": "大垣市曽根町1-717-1", "P12_007": 1 }, "geometry": { "type": "MultiPoint", "coordinates": [ [ 136.618745075325023, 35.404398142959963 ] ] } },
{ "type": "Feature", "properties": { "P12_001": 10040, "P12_002": "犀川堤の桜", "P12_003": "21", "P12_004": "21202", "P12_005": "‐", "P12_006": "大垣市墨俣町", "P12_007": 1 }, "geometry": { "type": "MultiPoint", "coordinates": [ [ 136.681522998987248, 35.368423000221355 ] ] } },
{ "type": "Feature", "properties": { "P12_001": 10041, "P12_002": "大垣まつり", "P12_003": "21", "P12_004": "21202", "P12_005": "‐", "P12_006": "大垣市西外側町", "P12_007": 1 }, "geometry": { "type": "MultiPoint", "coordinates": [ [ 136.61266399994372, 35.364334999660571 ] ] } },
{ "type": "Feature", "properties": { "P12_001": 10042, "P12_002": "十万石まつり", "P12_003": "21", "P12_004": "21202", "P12_005": "‐", "P12_006": "大垣市高屋町　および　郭町", "P12_007": 1 }, "geometry": { "type": "MultiPoint", "coordinates": [ [ 136.612750000312303, 35.359383999771808 ] ] } },
{ "type": "Feature", "properties": { "P12_001": 10043, "P12_002": "水都まつり", "P12_003": "21", "P12_004": "21202", "P12_005": "‐", "P12_006": "大垣市高屋町　および　郭町　および　本町", "P12_007": 1 }, "geometry": { "type": "MultiPoint", "coordinates": [ [ 136.617464560341205, 35.365360706131753 ] ] } },
{ "type": "Feature", "properties": { "P12_001": 10044, "P12_002": "すのまた秀吉出世まつり", "P12_003": "21", "P12_004": "21202", "P12_005": "‐", "P12_006": "大垣市墨俣町墨俣1742-1", "P12_007": 1 }, "geometry": { "type": "MultiPoint", "coordinates": [ [ 136.687750832934626, 35.367083612019144 ] ] } },
{ "type": "Feature", "properties": { "P12_001": 10045, "P12_002": "すのまた天王祭", "P12_003": "21", "P12_004": "21202", "P12_005": "‐", "P12_006": "大垣市墨俣町墨俣（地内）", "P12_007": 1 }, "geometry": { "type": "MultiPoint", "coordinates": [ [ 136.612750000312303, 35.359383999771808 ] ] } },
{ "type": "Feature", "properties": { "P12_001": 10046, "P12_002": "芭蕉元禄大垣イルミネーション", "P12_003": "21", "P12_004": "21202", "P12_005": "‐", "P12_006": "大垣市郭町2-53", "P12_007": 1 }, "geometry": { "type": "MultiPoint", "coordinates": [ [ 136.616005555112338, 35.36066527738069 ] ] } },
{ "type": "Feature", "properties": { "P12_001": 10047, "P12_002": "芭蕉元禄大垣楽市まるごとバザール", "P12_003": "21", "P12_004": "21202", "P12_005": "‐", "P12_006": "大垣市高屋町　および　郭町", "P12_007": 1 }, "geometry": { "type": "MultiPoint", "coordinates": [ [ 136.612750000312303, 35.359383999771808 ] ] } },
{ "type": "Feature", "properties": { "P12_001": 10048, "P12_002": "大垣花火大会", "P12_003": "21", "P12_004": "21202", "P12_005": "‐", "P12_006": "大垣市東町", "P12_007": 1 }, "geometry": { "type": "MultiPoint", "coordinates": [ [ 136.656596700277532, 35.369986799851006 ] ] } },
{ "type": "Feature", "properties": { "P12_001": 10049, "P12_002": "中山道赤坂宿まつり", "P12_003": "21", "P12_004": "21202", "P12_005": "‐", "P12_006": "大垣市赤坂町", "P12_007": 1 }, "geometry": { "type": "MultiPoint", "coordinates": [ [ 136.584184000491291, 35.390371999768035 ] ] } },
{ "type": "Feature", "properties": { "P12_001": 10050, "P12_002": "花と緑のふれあい展", "P12_003": "21", "P12_004": "21202", "P12_005": "‐", "P12_006": "大垣市郭町2-53", "P12_007": 1 }, "geometry": { "type": "MultiPoint", "coordinates": [ [ 136.616005555112338, 35.36066527738069 ] ] } },
{ "type": "Feature", "properties": { "P12_001": 10051, "P12_002": "農業祭", "P12_003": "21", "P12_004": "21202", "P12_005": "‐", "P12_006": "大垣市東前町955-1", "P12_007": 1 }, "geometry": { "type": "MultiPoint", "coordinates": [ [ 136.638431466039378, 35.345837197928404 ] ] } },
{ "type": "Feature", "properties": { "P12_001": 10052, "P12_002": "奥の細道むすびの地「舟下り芭蕉祭」", "P12_003": "21", "P12_004": "21202", "P12_005": "‐", "P12_006": "大垣市東外側", "P12_007": 1 }, "geometry": { "type": "MultiPoint", "coordinates": [ [ 136.612232999853177, 35.357426999456493 ] ] } },
{ "type": "Feature", "properties": { "P12_001": 10053, "P12_002": "緑の村公園まつり", "P12_003": "21", "P12_004": "21202", "P12_005": "‐", "P12_006": "大垣市上石津町上多良前ヶ瀬入会1-1", "P12_007": 1 }, "geometry": { "type": "MultiPoint", "coordinates": [ [ 136.471227999472717, 35.260462000221196 ] ] } },
{ "type": "Feature", "properties": { "P12_001": 10054, "P12_002": "もんでこかみいしづ", "P12_003": "21", "P12_004": "21202", "P12_005": "‐", "P12_006": "大垣市上石津町上多良前ヶ瀬入会1-1", "P12_007": 1 }, "geometry": { "type": "MultiPoint", "coordinates": [ [ 136.471227999472717, 35.260462000221196 ] ] } },
{ "type": "Feature", "properties": { "P12_001": 10055, "P12_002": "ふれあいかみいしづ", "P12_003": "21", "P12_004": "21202", "P12_005": "‐", "P12_006": "大垣市上石津町牧田2063", "P12_007": 1 }, "geometry": { "type": "MultiPoint", "coordinates": [ [ 136.494650555279009, 35.337535555221734 ] ] } },
{ "type": "Feature", "properties": { "P12_001": 10056, "P12_002": "城下町おおがき新春マラソン", "P12_003": "21", "P12_004": "21202", "P12_005": "‐", "P12_006": "大垣市高屋町　および　郭町", "P12_007": 1 }, "geometry": { "type": "MultiPoint", "coordinates": [ [ 136.616093000691535, 35.360630000574133 ] ] } },
{ "type": "Feature", "properties": { "P12_001": 10057, "P12_002": "ソフこい", "P12_003": "21", "P12_004": "21202", "P12_005": "‐", "P12_006": "大垣市小野4-35-10", "P12_007": 1 }, "geometry": { "type": "MultiPoint", "coordinates": [ [ 136.641058610566461, 35.367706111048221 ] ] } },
{ "type": "Feature", "properties": { "P12_001": 10058, "P12_002": "歴史民俗資料館", "P12_003": "21", "P12_004": "21202", "P12_005": "‐", "P12_006": "大垣市青野町1180-1", "P12_007": 2 }, "geometry": { "type": "MultiPoint", "coordinates": [ [ 136.551964626266567, 35.385742556074149 ] ] } },
{ "type": "Feature", "properties": { "P12_001": 10059, "P12_002": "郷土館", "P12_003": "21", "P12_004": "21202", "P12_005": "‐", "P12_006": "大垣市丸の内2-4", "P12_007": 2 }, "geometry": { "type": "MultiPoint", "coordinates": [ [ 136.614494672491219, 35.361576782542556 ] ] } },
{ "type": "Feature", "properties": { "P12_001": 10060, "P12_002": "コスモドーム", "P12_003": "21", "P12_004": "21202", "P12_005": "‐", "P12_006": "大垣市室本町5-51", "P12_007": 4 }, "geometry": { "type": "MultiPoint", "coordinates": [ [ 136.607827777829698, 35.36370861196292 ] ] } },
{ "type": "Feature", "properties": { "P12_001": 10061, "P12_002": "赤坂スポーツ公園　藤", "P12_003": "21", "P12_004": "21202", "P12_005": "‐", "P12_006": "大垣市草道島町40-1", "P12_007": 1 }, "geometry": { "type": "MultiPoint", "coordinates": [ [ 136.591115833628919, 35.401615555113835 ] ] } },
{ "type": "Feature", "properties": { "P12_001": 10062, "P12_002": "元気ハツラツ市", "P12_003": "21", "P12_004": "21202", "P12_005": "‐", "P12_006": "大垣市高屋町　および　郭町", "P12_007": 1 }, "geometry": { "type": "MultiPoint", "coordinates": [ [ 136.612750000312303, 35.359383999771808 ] ] } },
{ "type": "Feature", "properties": { "P12_001": 10063, "P12_002": "奥の細道むすびの地記念館", "P12_003": "21", "P12_004": "21202", "P12_005": "‐", "P12_006": "大垣市船町2-26-1", "P12_007": 2 }, "geometry": { "type": "MultiPoint", "coordinates": [ [ 136.612099167242832, 35.355801945203666 ] ] } },
{ "type": "Feature", "properties": { "P12_001": 10064, "P12_002": "奥の細道むすびの地記念館　オープニングイベント", "P12_003": "21", "P12_004": "21202", "P12_005": "‐", "P12_006": "大垣市船町2-26-1", "P12_007": 1 }, "geometry": { "type": "MultiPoint", "coordinates": [ [ 136.612099167242832, 35.355801945203666 ] ] } },
{ "type": "Feature", "properties": { "P12_001": 10065, "P12_002": "奥の細道むすびの地記念館　芭蕉楽市", "P12_003": "21", "P12_004": "21202", "P12_005": "‐", "P12_006": "大垣市船町2-26-1", "P12_007": 1 }, "geometry": { "type": "MultiPoint", "coordinates": [ [ 136.612099167242832, 35.355801945203666 ] ] } },
{ "type": "Feature", "properties": { "P12_001": 10066, "P12_002": "秋の芭蕉祭", "P12_003": "21", "P12_004": "21202", "P12_005": "‐", "P12_006": "大垣市船町2-26-1", "P12_007": 1 }, "geometry": { "type": "MultiPoint", "coordinates": [ [ 136.612099167242832, 35.355801945203666 ] ] } },
{ "type": "Feature", "properties": { "P12_001": 10067, "P12_002": "ぎふ清流国体・ぎふ清流大会（大垣市）", "P12_003": "21", "P12_004": "21202", "P12_005": "‐", "P12_006": "大垣市", "P12_007": 1 }, "geometry": { "type": "MultiPoint", "coordinates": [ [ 136.612750000312303, 35.359383055483647 ] ] } },
{ "type": "Feature", "properties": { "P12_001": 10068, "P12_002": "乗鞍岳・五色ヶ原", "P12_003": "21", "P12_004": "21203", "P12_005": "高山市丹生川町", "P12_006": "高山市", "P12_007": 1 }, "geometry": { "type": "MultiPoint", "coordinates": [ [ 137.545630730573862, 36.117725840675064 ] ] } },
{ "type": "Feature", "properties": { "P12_001": 10068, "P12_002": "乗鞍岳・五色ヶ原", "P12_003": "21", "P12_004": "21203", "P12_005": "高山市丹生川町", "P12_006": "高山市丹生川町岩井谷", "P12_007": 1 }, "geometry": { "type": "MultiPoint", "coordinates": [ [ 137.550237999683986, 36.107990999684944 ] ] } },
{ "type": "Feature", "properties": { "P12_001": 10069, "P12_002": "高山地域", "P12_003": "21", "P12_004": "21203", "P12_005": "集落・街", "P12_006": "高山市花岡町2-18", "P12_007": 2 }, "geometry": { "type": "MultiPoint", "coordinates": [ [ 137.252180833578677, 36.146130278189844 ] ] } },
{ "type": "Feature", "properties": { "P12_001": 10070, "P12_002": "高山祭", "P12_003": "21", "P12_004": "21203", "P12_005": "年中行事", "P12_006": "高山市", "P12_007": 1 }, "geometry": { "type": "MultiPoint", "coordinates": [ [ 137.252180833578677, 36.146130278189844 ] ] } },
{ "type": "Feature", "properties": { "P12_001": 10071, "P12_002": "穂高岳", "P12_003": "21", "P12_004": "21203", "P12_005": "山岳", "P12_006": "高山市", "P12_007": -1 }, "geometry": { "type": "MultiPoint", "coordinates": [ [ 137.647426165685033, 36.28910943884955 ] ] } },
{ "type": "Feature", "properties": { "P12_001": 10072, "P12_002": "槍ヶ岳", "P12_003": "21", "P12_004": "21203", "P12_005": "山岳", "P12_006": "高山市", "P12_007": -1 }, "geometry": { "type": "MultiPoint", "coordinates": [ [ 137.645318606268688, 36.341362480594057 ] ] } },
{ "type": "Feature", "properties": { "P12_001": 10073, "P12_002": "高山の朝市", "P12_003": "21", "P12_004": "21203", "P12_005": "郷土景観", "P12_006": "高山市", "P12_007": -1 }, "geometry": { "type": "MultiPoint", "coordinates": [ [ 137.258431040859932, 36.139539910438543 ] ] } },
{ "type": "Feature", "properties": { "P12_001": 10074, "P12_002": "奥飛騨温泉郷の大露天風呂群", "P12_003": "21", "P12_004": "21203", "P12_005": "温泉", "P12_006": "高山市", "P12_007": -1 }, "geometry": { "type": "MultiPoint", "coordinates": [ [ 137.553689999693802, 36.256588000336023 ] ] } },
{ "type": "Feature", "properties": { "P12_001": 10075, "P12_002": "ほおのき平コスモス園", "P12_003": "21", "P12_004": "21203", "P12_005": "‐", "P12_006": "高山市丹生川町久手447", "P12_007": 2 }, "geometry": { "type": "MultiPoint", "coordinates": [ [ 137.491944443781108, 36.175833333141838 ] ] } },
{ "type": "Feature", "properties": { "P12_001": 10076, "P12_002": "スキー場（丹生川）", "P12_003": "21", "P12_004": "21203", "P12_005": "‐", "P12_006": "高山市丹生川町久手447", "P12_007": 4 }, "geometry": { "type": "MultiPoint", "coordinates": [ [ 137.491944443781108, 36.175833333141838 ] ] } },
{ "type": "Feature", "properties": { "P12_001": 10077, "P12_002": "飛騨大鍾乳洞", "P12_003": "21", "P12_004": "21203", "P12_005": "‐", "P12_006": "高山市丹生川町日面1147", "P12_007": 2 }, "geometry": { "type": "MultiPoint", "coordinates": [ [ 137.424494620330506, 36.184350230378868 ] ] } },
{ "type": "Feature", "properties": { "P12_001": 10078, "P12_002": "飛騨にゅうかわ温泉宿儺の湯", "P12_003": "21", "P12_004": "21203", "P12_005": "‐", "P12_006": "高山市丹生川町久手446-1", "P12_007": 3 }, "geometry": { "type": "MultiPoint", "coordinates": [ [ 137.491536198336917, 36.175878918877061 ] ] } },
{ "type": "Feature", "properties": { "P12_001": 10079, "P12_002": "ウッドフォーラム飛騨", "P12_003": "21", "P12_004": "21203", "P12_005": "‐", "P12_006": "高山市清見町三日町165", "P12_007": 6 }, "geometry": { "type": "MultiPoint", "coordinates": [ [ 137.181852488001937, 36.122158349927986 ] ] } },
{ "type": "Feature", "properties": { "P12_001": 10080, "P12_002": "道の駅ななもり清見", "P12_003": "21", "P12_004": "21203", "P12_005": "‐", "P12_006": "高山市清見町牧ヶ洞2145", "P12_007": 6 }, "geometry": { "type": "MultiPoint", "coordinates": [ [ 137.166589642997678, 36.13374158010987 ] ] } },
{ "type": "Feature", "properties": { "P12_001": 10081, "P12_002": "道の駅パスカル清見", "P12_003": "21", "P12_004": "21203", "P12_005": "‐", "P12_006": "高山市清見町大原858-1", "P12_007": 6 }, "geometry": { "type": "MultiPoint", "coordinates": [ [ 137.082679647747568, 35.940524567754665 ] ] } },
{ "type": "Feature", "properties": { "P12_001": 10082, "P12_002": "荘川桜", "P12_003": "21", "P12_004": "21203", "P12_005": "‐", "P12_006": "高山市荘川町中野770-1", "P12_007": 1 }, "geometry": { "type": "MultiPoint", "coordinates": [ [ 136.939218999956893, 36.09019600014534 ] ] } },
{ "type": "Feature", "properties": { "P12_001": 10083, "P12_002": "そばの里荘川", "P12_003": "21", "P12_004": "21203", "P12_005": "‐", "P12_006": "高山市荘川町中畑148", "P12_007": 4 }, "geometry": { "type": "MultiPoint", "coordinates": [ [ 136.952113889544421, 36.040719166456427 ] ] } },
{ "type": "Feature", "properties": { "P12_001": 10084, "P12_002": "ゴルフ場（荘川）", "P12_003": "21", "P12_004": "21203", "P12_005": "‐", "P12_006": "高山市荘川町野々俣957-1", "P12_007": 4 }, "geometry": { "type": "MultiPoint", "coordinates": [ [ 136.925979166405455, 36.020679722591183 ] ] } },
{ "type": "Feature", "properties": { "P12_001": 10085, "P12_002": "荘川高原（スキー・ゴルフ）", "P12_003": "21", "P12_004": "21203", "P12_005": "‐", "P12_006": "高山市荘川町岩瀬620", "P12_007": 4 }, "geometry": { "type": "MultiPoint", "coordinates": [ [ 136.955564000977915, 36.058694999874376 ] ] } },
{ "type": "Feature", "properties": { "P12_001": 10086, "P12_002": "ひだ荘川温泉桜香の湯", "P12_003": "21", "P12_004": "21203", "P12_005": "‐", "P12_006": "高山市荘川町猿丸82-1", "P12_007": 3 }, "geometry": { "type": "MultiPoint", "coordinates": [ [ 136.965646418247616, 36.020568719271012 ] ] } },
{ "type": "Feature", "properties": { "P12_001": 10087, "P12_002": "道の駅（桜の郷荘川）", "P12_003": "21", "P12_004": "21203", "P12_005": "‐", "P12_006": "高山市荘川町猿丸88-1", "P12_007": 6 }, "geometry": { "type": "MultiPoint", "coordinates": [ [ 136.965530632332843, 36.02161334927672 ] ] } },
{ "type": "Feature", "properties": { "P12_001": 10088, "P12_002": "ドライブインみぼろ湖", "P12_003": "21", "P12_004": "21203", "P12_005": "‐", "P12_006": "高山市荘川町中野262", "P12_007": 6 }, "geometry": { "type": "MultiPoint", "coordinates": [ [ 136.946471323592732, 36.078869979665853 ] ] } },
{ "type": "Feature", "properties": { "P12_001": 10089, "P12_002": "臥龍桜", "P12_003": "21", "P12_004": "21203", "P12_005": "‐", "P12_006": "高山市一之宮町226-2", "P12_007": 1 }, "geometry": { "type": "MultiPoint", "coordinates": [ [ 137.247904634591237, 36.089090665901551 ] ] } },
{ "type": "Feature", "properties": { "P12_001": 10090, "P12_002": "飛騨一宮水無神社", "P12_003": "21", "P12_004": "21203", "P12_005": "‐", "P12_006": "高山市一之宮町5323", "P12_007": 2 }, "geometry": { "type": "MultiPoint", "coordinates": [ [ 137.251876520984752, 36.085334815549345 ] ] } },
{ "type": "Feature", "properties": { "P12_001": 10091, "P12_002": "飛騨位山交流館", "P12_003": "21", "P12_004": "21203", "P12_005": "‐", "P12_006": "高山市一之宮町3095", "P12_007": 4 }, "geometry": { "type": "MultiPoint", "coordinates": [ [ 137.238721422455797, 36.083257818693426 ] ] } },
{ "type": "Feature", "properties": { "P12_001": 10092, "P12_002": "道の駅・スキー場（一之宮）", "P12_003": "21", "P12_004": "21203", "P12_005": "‐", "P12_006": "高山市一之宮町7846-1", "P12_007": 4 }, "geometry": { "type": "MultiPoint", "coordinates": [ [ 137.225696000769858, 36.061867999608523 ] ] } },
{ "type": "Feature", "properties": { "P12_001": 10093, "P12_002": "ひだ舟山スノーリゾートアルコピアスキー場（久々野）", "P12_003": "21", "P12_004": "21203", "P12_005": "‐", "P12_006": "高山市久々野", "P12_007": 4 }, "geometry": { "type": "MultiPoint", "coordinates": [ [ 137.261268999065123, 36.039284000456291 ] ] } },
{ "type": "Feature", "properties": { "P12_001": 10094, "P12_002": "道の駅飛騨街道なぎさ", "P12_003": "21", "P12_004": "21203", "P12_005": "‐", "P12_006": "高山市久々野町渚2685", "P12_007": 6 }, "geometry": { "type": "MultiPoint", "coordinates": [ [ 137.291615135829943, 36.006730227717867 ] ] } },
{ "type": "Feature", "properties": { "P12_001": 10095, "P12_002": "鈴蘭高原・カクレハ高原・美女高原", "P12_003": "21", "P12_004": "21203", "P12_005": "‐", "P12_006": "高山市", "P12_007": 1 }, "geometry": { "type": "MultiPoint", "coordinates": [ [ 137.319109999926582, 36.099601000385917 ], [ 137.352523000236374, 35.992643999920688 ], [ 137.415959000107819, 36.119163999618934 ] ] } },
{ "type": "Feature", "properties": { "P12_001": 10096, "P12_002": "道の駅ひだ朝日村", "P12_003": "21", "P12_004": "21203", "P12_005": "‐", "P12_006": "高山市朝日町万石150", "P12_007": 6 }, "geometry": { "type": "MultiPoint", "coordinates": [ [ 137.350757662536125, 36.087951892166132 ] ] } },
{ "type": "Feature", "properties": { "P12_001": 10097, "P12_002": "野麦峠", "P12_003": "21", "P12_004": "21203", "P12_005": "‐", "P12_006": "高山市高根町野麦野麦峠", "P12_007": 2 }, "geometry": { "type": "MultiPoint", "coordinates": [ [ 137.605389999748809, 36.052341999183966 ] ] } },
{ "type": "Feature", "properties": { "P12_001": 10098, "P12_002": "道の駅飛騨たかね工房", "P12_003": "21", "P12_004": "21203", "P12_005": "‐", "P12_006": "高山市高根町中洞767-4", "P12_007": 6 }, "geometry": { "type": "MultiPoint", "coordinates": [ [ 137.440453550491043, 36.046858115010025 ] ] } },
{ "type": "Feature", "properties": { "P12_001": 10099, "P12_002": "チャオ御岳スノーリゾート", "P12_003": "21", "P12_004": "21203", "P12_005": "‐", "P12_006": "高山市高根町日和田1739-1", "P12_007": 4 }, "geometry": { "type": "MultiPoint", "coordinates": [ [ 137.485487070472004, 35.94701551455438 ] ] } },
{ "type": "Feature", "properties": { "P12_001": 10100, "P12_002": "塩沢温泉　七峰館", "P12_003": "21", "P12_004": "21203", "P12_005": "‐", "P12_006": "高山市高根町上ケ洞290", "P12_007": 3 }, "geometry": { "type": "MultiPoint", "coordinates": [ [ 137.488759550512896, 36.037676400245743 ] ] } },
{ "type": "Feature", "properties": { "P12_001": 10101, "P12_002": "無印良品南乗鞍キャンプ場", "P12_003": "21", "P12_004": "21203", "P12_005": "‐", "P12_006": "高山市高根町子ノ原高原", "P12_007": 4 }, "geometry": { "type": "MultiPoint", "coordinates": [ [ 137.476349999852687, 36.075846999439534 ] ] } },
{ "type": "Feature", "properties": { "P12_001": 10102, "P12_002": "飛騨御岳高原高地トレーニングエリア", "P12_003": "21", "P12_004": "21203", "P12_005": "‐", "P12_006": "高山市高根町小日和田　および　高根町日和田", "P12_007": 4 }, "geometry": { "type": "MultiPoint", "coordinates": [ [ 137.499455000547869, 36.035779000700359 ] ] } },
{ "type": "Feature", "properties": { "P12_001": 10103, "P12_002": "宇津江四十八滝県立自然公園", "P12_003": "21", "P12_004": "21203", "P12_005": "‐", "P12_006": "高山市国府町宇津江3235-86", "P12_007": 1 }, "geometry": { "type": "MultiPoint", "coordinates": [ [ 137.153706714393365, 36.197621299183652 ] ] } },
{ "type": "Feature", "properties": { "P12_001": 10104, "P12_002": "特選館あじか", "P12_003": "21", "P12_004": "21203", "P12_005": "‐", "P12_006": "高山市国府町金桶64-1", "P12_007": 5 }, "geometry": { "type": "MultiPoint", "coordinates": [ [ 137.224867240430854, 36.204687330056288 ] ] } },
{ "type": "Feature", "properties": { "P12_001": 10105, "P12_002": "四十八滝温泉しぶきの湯遊湯館", "P12_003": "21", "P12_004": "21203", "P12_005": "‐", "P12_006": "高山市国府町宇津江964", "P12_007": 3 }, "geometry": { "type": "MultiPoint", "coordinates": [ [ 137.169456944282615, 36.197163332921548 ] ] } },
{ "type": "Feature", "properties": { "P12_001": 10106, "P12_002": "キャンプ場（上宝）", "P12_003": "21", "P12_004": "21203", "P12_005": "‐", "P12_006": "高山市奥飛騨温泉郷田頃家11-1　および　奥飛騨温泉郷平湯863-1", "P12_007": 4 }, "geometry": { "type": "MultiPoint", "coordinates": [ [ 137.252180833578677, 36.146130278189844 ] ] } },
{ "type": "Feature", "properties": { "P12_001": 10107, "P12_002": "北アルプス（登山）", "P12_003": "21", "P12_004": "21203", "P12_005": "‐", "P12_006": "高山市奥飛騨温泉郷神坂　および　奥飛騨温泉郷中尾　および　上宝町金木戸", "P12_007": 1 }, "geometry": { "type": "MultiPoint", "coordinates": [ [ 137.252180833578677, 36.146130278189844 ] ] } },
{ "type": "Feature", "properties": { "P12_001": 10108, "P12_002": "道の駅奥飛騨温泉郷上宝", "P12_003": "21", "P12_004": "21203", "P12_005": "‐", "P12_006": "高山市奥飛騨温泉郷田頃家11-1", "P12_007": 6 }, "geometry": { "type": "MultiPoint", "coordinates": [ [ 137.49986984521729, 36.248907360186593 ] ] } },
{ "type": "Feature", "properties": { "P12_001": 10109, "P12_002": "平湯大滝公園", "P12_003": "21", "P12_004": "21203", "P12_005": "‐", "P12_006": "高山市奥飛騨温泉郷平湯768-47", "P12_007": 1 }, "geometry": { "type": "MultiPoint", "coordinates": [ [ 137.55523799913442, 36.182267000321872 ] ] } },
{ "type": "Feature", "properties": { "P12_001": 10110, "P12_002": "新穂高ロープウェイ", "P12_003": "21", "P12_004": "21203", "P12_005": "‐", "P12_006": "高山市奥飛騨温泉郷神坂710-58", "P12_007": 1 }, "geometry": { "type": "MultiPoint", "coordinates": [ [ 137.575207000902424, 36.285878999416354 ] ] } },
{ "type": "Feature", "properties": { "P12_001": 10111, "P12_002": "奥飛騨温泉郷", "P12_003": "21", "P12_004": "21203", "P12_005": "‐", "P12_006": "高山市奥飛騨温泉郷村上", "P12_007": 3 }, "geometry": { "type": "MultiPoint", "coordinates": [ [ 137.520281495094991, 36.243190324074249 ] ] } },
{ "type": "Feature", "properties": { "P12_001": 10112, "P12_002": "雪まつり・ラベンダー・紅葉", "P12_003": "21", "P12_004": "21203", "P12_005": "‐", "P12_006": "高山市", "P12_007": 1 }, "geometry": { "type": "MultiPoint", "coordinates": [ [ 137.252180833578677, 36.146130278189844 ] ] } },
{ "type": "Feature", "properties": { "P12_001": 10113, "P12_002": "飛騨荘川ふるさと祭り", "P12_003": "21", "P12_004": "21203", "P12_005": "‐", "P12_006": "高山市", "P12_007": 1 }, "geometry": { "type": "MultiPoint", "coordinates": [ [ 137.252180833578677, 36.146130278189844 ] ] } },
{ "type": "Feature", "properties": { "P12_001": 10114, "P12_002": "アルコピアひまわり園", "P12_003": "21", "P12_004": "21203", "P12_005": "‐", "P12_006": "高山市", "P12_007": 1 }, "geometry": { "type": "MultiPoint", "coordinates": [ [ 137.261268999065123, 36.039284000456291 ] ] } },
{ "type": "Feature", "properties": { "P12_001": 10115, "P12_002": "ぎふ清流国体・ぎふ清流大会（高山市）", "P12_003": "21", "P12_004": "21203", "P12_005": "‐", "P12_006": "高山市", "P12_007": 1 }, "geometry": { "type": "MultiPoint", "coordinates": [ [ 137.252180833578677, 36.146130278189844 ] ] } },
{ "type": "Feature", "properties": { "P12_001": 10116, "P12_002": "現代陶芸美術館", "P12_003": "21", "P12_004": "21204", "P12_005": "‐", "P12_006": "多治見市東町4-2-5", "P12_007": 2 }, "geometry": { "type": "MultiPoint", "coordinates": [ [ 137.154920277548854, 35.330868888088787 ] ] } },
{ "type": "Feature", "properties": { "P12_001": 10117, "P12_002": "かさはら潮見の森公園", "P12_003": "21", "P12_004": "21204", "P12_005": "‐", "P12_006": "多治見市笠原町3434-1", "P12_007": 4 }, "geometry": { "type": "MultiPoint", "coordinates": [ [ 137.16642100032891, 35.284870999896782 ] ] } },
{ "type": "Feature", "properties": { "P12_001": 10118, "P12_002": "市之倉さかづき美術館", "P12_003": "21", "P12_004": "21204", "P12_005": "‐", "P12_006": "多治見市市之倉町6-30-1", "P12_007": 2 }, "geometry": { "type": "MultiPoint", "coordinates": [ [ 137.127238262735659, 35.300068298713086 ] ] } },
{ "type": "Feature", "properties": { "P12_001": 10119, "P12_002": "多治見修道院", "P12_003": "21", "P12_004": "21204", "P12_005": "‐", "P12_006": "多治見市緑ヶ丘38", "P12_007": 2 }, "geometry": { "type": "MultiPoint", "coordinates": [ [ 137.134894444023416, 35.342661667502 ] ] } },
{ "type": "Feature", "properties": { "P12_001": 10120, "P12_002": "たじみ創造館", "P12_003": "21", "P12_004": "21204", "P12_005": "‐", "P12_006": "多治見市本町5-9-1", "P12_007": 2 }, "geometry": { "type": "MultiPoint", "coordinates": [ [ 137.131042931885872, 35.334652237011198 ] ] } },
{ "type": "Feature", "properties": { "P12_001": 10121, "P12_002": "虎渓山永保寺", "P12_003": "21", "P12_004": "21204", "P12_005": "‐", "P12_006": "多治見市虎渓山町1-42", "P12_007": 2 }, "geometry": { "type": "MultiPoint", "coordinates": [ [ 137.130685530512892, 35.34681063040631 ] ] } },
{ "type": "Feature", "properties": { "P12_001": 10122, "P12_002": "セラミックパークＭＩＮＯ", "P12_003": "21", "P12_004": "21204", "P12_005": "‐", "P12_006": "多治見市東町4-2-5", "P12_007": 2 }, "geometry": { "type": "MultiPoint", "coordinates": [ [ 137.154920277548854, 35.330868888088787 ] ] } },
{ "type": "Feature", "properties": { "P12_001": 10123, "P12_002": "かさはら窯ぐれまつり", "P12_003": "21", "P12_004": "21204", "P12_005": "‐", "P12_006": "多治見市笠原町", "P12_007": 1 }, "geometry": { "type": "MultiPoint", "coordinates": [ [ 137.159886000238771, 35.298560999890299 ] ] } },
{ "type": "Feature", "properties": { "P12_001": 10124, "P12_002": "七夕まつり", "P12_003": "21", "P12_004": "21204", "P12_005": "‐", "P12_006": "多治見市本町", "P12_007": 1 }, "geometry": { "type": "MultiPoint", "coordinates": [ [ 137.132128333555784, 35.332787499943208 ] ] } },
{ "type": "Feature", "properties": { "P12_001": 10125, "P12_002": "市之倉陶祖祭（市之倉蔵出し市）", "P12_003": "21", "P12_004": "21204", "P12_005": "‐", "P12_006": "多治見市市之倉町", "P12_007": 1 }, "geometry": { "type": "MultiPoint", "coordinates": [ [ 137.127238262735659, 35.300068298713086 ] ] } },
{ "type": "Feature", "properties": { "P12_001": 10126, "P12_002": "陶の里フェスティバル", "P12_003": "21", "P12_004": "21204", "P12_005": "‐", "P12_006": "多治見市市之倉町", "P12_007": 1 }, "geometry": { "type": "MultiPoint", "coordinates": [ [ 137.127238262735659, 35.300068298713086 ] ] } },
{ "type": "Feature", "properties": { "P12_001": 10127, "P12_002": "多治見まつり", "P12_003": "21", "P12_004": "21204", "P12_005": "‐", "P12_006": "多治見市本町", "P12_007": 1 }, "geometry": { "type": "MultiPoint", "coordinates": [ [ 137.132128333555784, 35.332787499943208 ] ] } },
{ "type": "Feature", "properties": { "P12_001": 10128, "P12_002": "みんなでてりゃあ夏祭り・市制記念花火大会", "P12_003": "21", "P12_004": "21204", "P12_005": "‐", "P12_006": "多治見市本町（土岐川河畔）", "P12_007": 1 }, "geometry": { "type": "MultiPoint", "coordinates": [ [ 137.122202999968522, 35.331442999994522 ] ] } },
{ "type": "Feature", "properties": { "P12_001": 10129, "P12_002": "たじみ陶器まつり", "P12_003": "21", "P12_004": "21204", "P12_005": "‐", "P12_006": "多治見市本町", "P12_007": 1 }, "geometry": { "type": "MultiPoint", "coordinates": [ [ 137.132077000253389, 35.332799999620363 ] ] } },
{ "type": "Feature", "properties": { "P12_001": 10130, "P12_002": "多治見茶碗まつり", "P12_003": "21", "P12_004": "21204", "P12_005": "‐", "P12_006": "多治見市旭ヶ丘", "P12_007": 1 }, "geometry": { "type": "MultiPoint", "coordinates": [ [ 137.103489758445676, 35.366464010605682 ] ] } },
{ "type": "Feature", "properties": { "P12_001": 10131, "P12_002": "美濃焼祭", "P12_003": "21", "P12_004": "21204", "P12_005": "‐", "P12_006": "多治見市本町", "P12_007": 1 }, "geometry": { "type": "MultiPoint", "coordinates": [ [ 137.120973999950252, 35.335080000441735 ] ] } },
{ "type": "Feature", "properties": { "P12_001": 10132, "P12_002": "ぎふ清流国体・ぎふ清流大会（多治見市）", "P12_003": "21", "P12_004": "21204", "P12_005": "‐", "P12_006": "多治見市", "P12_007": 1 }, "geometry": { "type": "MultiPoint", "coordinates": [ [ 137.132128333555784, 35.332787499943208 ] ] } },
{ "type": "Feature", "properties": { "P12_001": 10133, "P12_002": "ＴＡＣランドいたどり", "P12_003": "21", "P12_004": "21205", "P12_005": "‐", "P12_006": "関市板取3693-3", "P12_007": 4 }, "geometry": { "type": "MultiPoint", "coordinates": [ [ 136.770824000027687, 35.731583999402119 ] ] } },
{ "type": "Feature", "properties": { "P12_001": 10134, "P12_002": "すぎのこキャンプ場", "P12_003": "21", "P12_004": "21205", "P12_005": "‐", "P12_006": "関市板取6131", "P12_007": 4 }, "geometry": { "type": "MultiPoint", "coordinates": [ [ 136.809166666508531, 35.679166666808271 ] ] } },
{ "type": "Feature", "properties": { "P12_001": 10135, "P12_002": "高賀神社", "P12_003": "21", "P12_004": "21205", "P12_005": "‐", "P12_006": "関市洞戸高賀1212", "P12_007": 2 }, "geometry": { "type": "MultiPoint", "coordinates": [ [ 136.854166666058859, 35.649999999900103 ] ] } },
{ "type": "Feature", "properties": { "P12_001": 10136, "P12_002": "岐阜関カントリー倶楽部", "P12_003": "21", "P12_004": "21205", "P12_005": "‐", "P12_006": "関市山田1691-1", "P12_007": 4 }, "geometry": { "type": "MultiPoint", "coordinates": [ [ 136.880833332792122, 35.463611110864122 ] ] } },
{ "type": "Feature", "properties": { "P12_001": 10137, "P12_002": "関善光寺（宗休寺）", "P12_003": "21", "P12_004": "21205", "P12_005": "‐", "P12_006": "関市西日吉町35", "P12_007": 2 }, "geometry": { "type": "MultiPoint", "coordinates": [ [ 136.915122216117425, 35.489228364097755 ] ] } },
{ "type": "Feature", "properties": { "P12_001": 10138, "P12_002": "板取川洞戸観光ヤナ", "P12_003": "21", "P12_004": "21205", "P12_005": "‐", "P12_006": "関市洞戸小坂1722", "P12_007": 5 }, "geometry": { "type": "MultiPoint", "coordinates": [ [ 136.843059878710505, 35.596316974049159 ] ] } },
{ "type": "Feature", "properties": { "P12_001": 10139, "P12_002": "寺尾ヶ原千本桜公園", "P12_003": "21", "P12_004": "21205", "P12_005": "‐", "P12_006": "関市武芸川町谷口", "P12_007": 1 }, "geometry": { "type": "MultiPoint", "coordinates": [ [ 136.836761000120077, 35.575827999562591 ] ] } },
{ "type": "Feature", "properties": { "P12_001": 10140, "P12_002": "ラステンほらど物産館", "P12_003": "21", "P12_004": "21205", "P12_005": "‐", "P12_006": "関市洞戸菅谷545", "P12_007": 6 }, "geometry": { "type": "MultiPoint", "coordinates": [ [ 136.798333333316691, 35.596388889235925 ] ] } },
{ "type": "Feature", "properties": { "P12_001": 10141, "P12_002": "上之保温泉ほほえみの湯", "P12_003": "21", "P12_004": "21205", "P12_005": "‐", "P12_006": "関市上之保477", "P12_007": 3 }, "geometry": { "type": "MultiPoint", "coordinates": [ [ 137.022450485501622, 35.60807408365207 ] ] } },
{ "type": "Feature", "properties": { "P12_001": 10142, "P12_002": "板取川温泉", "P12_003": "21", "P12_004": "21205", "P12_005": "‐", "P12_006": "関市板取4175-9", "P12_007": 3 }, "geometry": { "type": "MultiPoint", "coordinates": [ [ 136.773833536288748, 35.734671585125625 ] ] } },
{ "type": "Feature", "properties": { "P12_001": 10143, "P12_002": "ふどうの森", "P12_003": "21", "P12_004": "21205", "P12_005": "‐", "P12_006": "関市迫間891", "P12_007": 4 }, "geometry": { "type": "MultiPoint", "coordinates": [ [ 136.9363888892359, 35.429999999800202 ] ] } },
{ "type": "Feature", "properties": { "P12_001": 10144, "P12_002": "高賀神水庵", "P12_003": "21", "P12_004": "21205", "P12_005": "‐", "P12_006": "関市洞戸高賀658-1", "P12_007": 6 }, "geometry": { "type": "MultiPoint", "coordinates": [ [ 136.828057914441274, 35.633566312235587 ] ] } },
{ "type": "Feature", "properties": { "P12_001": 10145, "P12_002": "中池公園", "P12_003": "21", "P12_004": "21205", "P12_005": "‐", "P12_006": "関市塔ノ洞3885-1", "P12_007": 4 }, "geometry": { "type": "MultiPoint", "coordinates": [ [ 136.936520000497694, 35.505138000618274 ] ] } },
{ "type": "Feature", "properties": { "P12_001": 10146, "P12_002": "関市武芸川温泉ゆとりの湯", "P12_003": "21", "P12_004": "21205", "P12_005": "‐", "P12_006": "関市武芸川町八幡1558-7", "P12_007": 3 }, "geometry": { "type": "MultiPoint", "coordinates": [ [ 136.843745509247924, 35.537879165990773 ] ] } },
{ "type": "Feature", "properties": { "P12_001": 10147, "P12_002": "百年公園", "P12_003": "21", "P12_004": "21205", "P12_005": "‐", "P12_006": "関市小屋名1966", "P12_007": 4 }, "geometry": { "type": "MultiPoint", "coordinates": [ [ 136.870933714419493, 35.480161456785879 ] ] } },
{ "type": "Feature", "properties": { "P12_001": 10148, "P12_002": "道の駅「平成」", "P12_003": "21", "P12_004": "21205", "P12_005": "‐", "P12_006": "関市下之保2503-2", "P12_007": 6 }, "geometry": { "type": "MultiPoint", "coordinates": [ [ 136.997222221428387, 35.552222222177875 ] ] } },
{ "type": "Feature", "properties": { "P12_001": 10149, "P12_002": "道の駅むげ川", "P12_003": "21", "P12_004": "21205", "P12_005": "‐", "P12_006": "関市武芸川町跡部1810", "P12_007": 6 }, "geometry": { "type": "MultiPoint", "coordinates": [ [ 136.854153304831243, 35.515185820968895 ] ] } },
{ "type": "Feature", "properties": { "P12_001": 10150, "P12_002": "関鍛冶伝承館", "P12_003": "21", "P12_004": "21205", "P12_005": "‐", "P12_006": "関市南春日町9-1", "P12_007": 2 }, "geometry": { "type": "MultiPoint", "coordinates": [ [ 136.916465126064736, 35.481763339106863 ] ] } },
{ "type": "Feature", "properties": { "P12_001": 10151, "P12_002": "フェザーミュージアム", "P12_003": "21", "P12_004": "21205", "P12_005": "‐", "P12_006": "関市日之出町1-17", "P12_007": 2 }, "geometry": { "type": "MultiPoint", "coordinates": [ [ 136.915653128189433, 35.483288083877994 ] ] } },
{ "type": "Feature", "properties": { "P12_001": 10152, "P12_002": "鮎の里ほらど", "P12_003": "21", "P12_004": "21205", "P12_005": "‐", "P12_006": "関市洞戸尾倉1-1", "P12_007": 5 }, "geometry": { "type": "MultiPoint", "coordinates": [ [ 136.817764417294143, 35.623523870730082 ] ] } },
{ "type": "Feature", "properties": { "P12_001": 10153, "P12_002": "ＴＯＳＨＩＮさくらＨｉｌｌｓＧｏｌｆＣｌｕｂ", "P12_003": "21", "P12_004": "21205", "P12_005": "‐", "P12_006": "関市武芸川町八幡19-1", "P12_007": 4 }, "geometry": { "type": "MultiPoint", "coordinates": [ [ 136.86111975647168, 35.530752380517981 ] ] } },
{ "type": "Feature", "properties": { "P12_001": 10154, "P12_002": "濃州関所茶屋", "P12_003": "21", "P12_004": "21205", "P12_005": "‐", "P12_006": "関市南春日町9-1", "P12_007": 5 }, "geometry": { "type": "MultiPoint", "coordinates": [ [ 136.916045999723224, 35.481930999715928 ] ] } },
{ "type": "Feature", "properties": { "P12_001": 10155, "P12_002": "ボウヴェールカントリー倶楽部", "P12_003": "21", "P12_004": "21205", "P12_005": "‐", "P12_006": "関市塔ノ洞3984", "P12_007": 4 }, "geometry": { "type": "MultiPoint", "coordinates": [ [ 136.936666667332929, 35.51 ] ] } },
{ "type": "Feature", "properties": { "P12_001": 10156, "P12_002": "岐阜稲口ゴルフ倶楽部", "P12_003": "21", "P12_004": "21205", "P12_005": "‐", "P12_006": "関市稲口1189", "P12_007": 4 }, "geometry": { "type": "MultiPoint", "coordinates": [ [ 136.915555555344667, 35.457777778022091 ] ] } },
{ "type": "Feature", "properties": { "P12_001": 10157, "P12_002": "岐阜セントフィールドカントリー倶楽部", "P12_003": "21", "P12_004": "21205", "P12_005": "‐", "P12_006": "関市神野3496", "P12_007": 4 }, "geometry": { "type": "MultiPoint", "coordinates": [ [ 136.994722223052236, 35.518888888311608 ] ] } },
{ "type": "Feature", "properties": { "P12_001": 10158, "P12_002": "シーダーヒルズカントリークラブ", "P12_003": "21", "P12_004": "21205", "P12_005": "‐", "P12_006": "関市西神野1181-1", "P12_007": 4 }, "geometry": { "type": "MultiPoint", "coordinates": [ [ 136.960555555794372, 35.537222222027992 ] ] } },
{ "type": "Feature", "properties": { "P12_001": 10159, "P12_002": "グリーンヒル関ゴルフ倶楽部", "P12_003": "21", "P12_004": "21205", "P12_005": "‐", "P12_006": "関市小迫間852", "P12_007": 4 }, "geometry": { "type": "MultiPoint", "coordinates": [ [ 136.933131342437605, 35.454881320716424 ] ] } },
{ "type": "Feature", "properties": { "P12_001": 10160, "P12_002": "関にし秋の祭典", "P12_003": "21", "P12_004": "21205", "P12_005": "‐", "P12_006": "関市洞戸市場294-2", "P12_007": 1 }, "geometry": { "type": "MultiPoint", "coordinates": [ [ 136.817236034115695, 35.602838297249662 ] ] } },
{ "type": "Feature", "properties": { "P12_001": 10161, "P12_002": "関市武芸川ふるさと夏祭", "P12_003": "21", "P12_004": "21205", "P12_005": "‐", "P12_006": "関市武芸川町八幡", "P12_007": 1 }, "geometry": { "type": "MultiPoint", "coordinates": [ [ 136.842608699631796, 35.531045599974505 ] ] } },
{ "type": "Feature", "properties": { "P12_001": 10162, "P12_002": "あじさいまつり　ＩＮ板取", "P12_003": "21", "P12_004": "21205", "P12_005": "‐", "P12_006": "関市板取2340-5", "P12_007": 1 }, "geometry": { "type": "MultiPoint", "coordinates": [ [ 136.78388888936081, 35.724444444455571 ] ] } },
{ "type": "Feature", "properties": { "P12_001": 10163, "P12_002": "関市民花火大会", "P12_003": "21", "P12_004": "21205", "P12_005": "‐", "P12_006": "関市稲口", "P12_007": 1 }, "geometry": { "type": "MultiPoint", "coordinates": [ [ 136.916863835997333, 35.477598589503373 ] ] } },
{ "type": "Feature", "properties": { "P12_001": 10164, "P12_002": "関まつり", "P12_003": "21", "P12_004": "21205", "P12_005": "‐", "P12_006": "関市本町", "P12_007": 1 }, "geometry": { "type": "MultiPoint", "coordinates": [ [ 136.917842000707878, 35.495737999708979 ] ] } },
{ "type": "Feature", "properties": { "P12_001": 10165, "P12_002": "刃物まつり", "P12_003": "21", "P12_004": "21205", "P12_005": "‐", "P12_006": "関市本町", "P12_007": 1 }, "geometry": { "type": "MultiPoint", "coordinates": [ [ 136.918038722908818, 35.485772028456381 ] ] } },
{ "type": "Feature", "properties": { "P12_001": 10166, "P12_002": "一色カタクリ群生地", "P12_003": "21", "P12_004": "21205", "P12_005": "‐", "P12_006": "関市武芸川町宇多院", "P12_007": 1 }, "geometry": { "type": "MultiPoint", "coordinates": [ [ 136.826388888736346, 35.540555555594494 ] ] } },
{ "type": "Feature", "properties": { "P12_001": 10167, "P12_002": "ほらどキウイマラソン", "P12_003": "21", "P12_004": "21205", "P12_005": "‐", "P12_006": "関市洞戸", "P12_007": 1 }, "geometry": { "type": "MultiPoint", "coordinates": [ [ 136.817328755118069, 35.603356460532268 ] ] } },
{ "type": "Feature", "properties": { "P12_001": 10168, "P12_002": "津保川産業祭", "P12_003": "21", "P12_004": "21205", "P12_005": "‐", "P12_006": "関市上之保15110-1", "P12_007": 1 }, "geometry": { "type": "MultiPoint", "coordinates": [ [ 137.040555555094897, 35.61277777717271 ] ] } },
{ "type": "Feature", "properties": { "P12_001": 10169, "P12_002": "鮎川", "P12_003": "21", "P12_004": "21205", "P12_005": "‐", "P12_006": "関市洞戸栗原215-1", "P12_007": 5 }, "geometry": { "type": "MultiPoint", "coordinates": [ [ 136.825427502677144, 35.616194030030499 ] ] } },
{ "type": "Feature", "properties": { "P12_001": 10170, "P12_002": "刃物のまち関シティマラソン", "P12_003": "21", "P12_004": "21205", "P12_005": "‐", "P12_006": "関市", "P12_007": 1 }, "geometry": { "type": "MultiPoint", "coordinates": [ [ 136.917842000707878, 35.495737999708979 ] ] } },
{ "type": "Feature", "properties": { "P12_001": 10171, "P12_002": "ぎふ清流国体・ぎふ清流大会（関市）", "P12_003": "21", "P12_004": "21205", "P12_005": "‐", "P12_006": "関市", "P12_007": 1 }, "geometry": { "type": "MultiPoint", "coordinates": [ [ 136.917842000707878, 35.495737999708979 ] ] } },
{ "type": "Feature", "properties": { "P12_001": 10172, "P12_002": "根の上高原", "P12_003": "21", "P12_004": "21206", "P12_005": "‐", "P12_006": "中津川市中津川市手賀野斧戸756", "P12_007": 1 }, "geometry": { "type": "MultiPoint", "coordinates": [ [ 137.500498999229535, 35.443194999449702 ] ] } },
{ "type": "Feature", "properties": { "P12_001": 10173, "P12_002": "付知川周辺", "P12_003": "21", "P12_004": "21206", "P12_005": "‐", "P12_006": "中津川市付知町下浦159-3（宮島キャンプ場住所）", "P12_007": 1 }, "geometry": { "type": "MultiPoint", "coordinates": [ [ 137.427500832697319, 35.697712222541099 ] ] } },
{ "type": "Feature", "properties": { "P12_001": 10174, "P12_002": "不動渓谷", "P12_003": "21", "P12_004": "21206", "P12_005": "‐", "P12_006": "中津川市付知町下浦6-39（不動滝「ひろづき」住所）", "P12_007": 1 }, "geometry": { "type": "MultiPoint", "coordinates": [ [ 137.454587305659743, 35.687489694493877 ] ] } },
{ "type": "Feature", "properties": { "P12_001": 10175, "P12_002": "中山道", "P12_003": "21", "P12_004": "21206", "P12_005": "‐", "P12_006": "中津川市本町2-2-21（中津川市中山道歴史資料館住所）", "P12_007": 2 }, "geometry": { "type": "MultiPoint", "coordinates": [ [ 137.502485277873348, 35.49564777792267 ] ] } },
{ "type": "Feature", "properties": { "P12_001": 10176, "P12_002": "馬籠宿", "P12_003": "21", "P12_004": "21206", "P12_005": "‐", "P12_006": "中津川市中津川市馬籠4300-1（馬籠観光案内所住所）", "P12_007": 2 }, "geometry": { "type": "MultiPoint", "coordinates": [ [ 137.567606000216756, 35.526574999936372 ] ] } },
{ "type": "Feature", "properties": { "P12_001": 10177, "P12_002": "鉱物博物館", "P12_003": "21", "P12_004": "21206", "P12_005": "‐", "P12_006": "中津川市苗木639-15", "P12_007": 2 }, "geometry": { "type": "MultiPoint", "coordinates": [ [ 137.476632181929745, 35.542751161337094 ] ] } },
{ "type": "Feature", "properties": { "P12_001": 10178, "P12_002": "ストーンミュージアム博石館", "P12_003": "21", "P12_004": "21206", "P12_005": "‐", "P12_006": "中津川市蛭川5263-7", "P12_007": 2 }, "geometry": { "type": "MultiPoint", "coordinates": [ [ 137.399327261943654, 35.496751135456577 ] ] } },
{ "type": "Feature", "properties": { "P12_001": 10179, "P12_002": "藤村記念館", "P12_003": "21", "P12_004": "21206", "P12_005": "‐", "P12_006": "中津川市馬籠4256-1", "P12_007": 2 }, "geometry": { "type": "MultiPoint", "coordinates": [ [ 137.567472227861117, 35.526791844468107 ] ] } },
{ "type": "Feature", "properties": { "P12_001": 10180, "P12_002": "ふれあい牧場", "P12_003": "21", "P12_004": "21206", "P12_005": "‐", "P12_006": "中津川市落合1356-70", "P12_007": 2 }, "geometry": { "type": "MultiPoint", "coordinates": [ [ 137.561883000699936, 35.496288999937462 ] ] } },
{ "type": "Feature", "properties": { "P12_001": 10181, "P12_002": "中津川温泉クアリゾート湯舟沢", "P12_003": "21", "P12_004": "21206", "P12_005": "‐", "P12_006": "中津川市神坂280", "P12_007": 3 }, "geometry": { "type": "MultiPoint", "coordinates": [ [ 137.574553325075954, 35.509141926258962 ] ] } },
{ "type": "Feature", "properties": { "P12_001": 10182, "P12_002": "付知峡倉屋温泉", "P12_003": "21", "P12_004": "21206", "P12_005": "‐", "P12_006": "中津川市付知町1929-1", "P12_007": 3 }, "geometry": { "type": "MultiPoint", "coordinates": [ [ 137.413444000140544, 35.675000000749492 ] ] } },
{ "type": "Feature", "properties": { "P12_001": 10183, "P12_002": "岩寿温泉", "P12_003": "21", "P12_004": "21206", "P12_005": "‐", "P12_006": "中津川市蛭川4467-4", "P12_007": 3 }, "geometry": { "type": "MultiPoint", "coordinates": [ [ 137.408578739817017, 35.532335144151659 ] ] } },
{ "type": "Feature", "properties": { "P12_001": 10184, "P12_002": "東山温泉", "P12_003": "21", "P12_004": "21206", "P12_005": "‐", "P12_006": "中津川市蛭川4600-355", "P12_007": 3 }, "geometry": { "type": "MultiPoint", "coordinates": [ [ 137.416157000245448, 35.517099000018902 ] ] } },
{ "type": "Feature", "properties": { "P12_001": 10185, "P12_002": "紅岩温泉", "P12_003": "21", "P12_004": "21206", "P12_005": "‐", "P12_006": "中津川市蛭川5359-2", "P12_007": 3 }, "geometry": { "type": "MultiPoint", "coordinates": [ [ 137.405969722025134, 35.485611387955259 ] ] } },
{ "type": "Feature", "properties": { "P12_001": 10186, "P12_002": "ほっとサロン", "P12_003": "21", "P12_004": "21206", "P12_005": "‐", "P12_006": "中津川市福岡714-2", "P12_007": 3 }, "geometry": { "type": "MultiPoint", "coordinates": [ [ 137.452018896754794, 35.560420297159055 ] ] } },
{ "type": "Feature", "properties": { "P12_001": 10187, "P12_002": "椛の湖オートキャンプ場", "P12_003": "21", "P12_004": "21206", "P12_005": "‐", "P12_006": "中津川市上野589-17　", "P12_007": 4 }, "geometry": { "type": "MultiPoint", "coordinates": [ [ 137.499058000226569, 35.584541000266995 ] ] } },
{ "type": "Feature", "properties": { "P12_001": 10188, "P12_002": "福岡ローマンオートキャンプ場", "P12_003": "21", "P12_004": "21206", "P12_005": "‐", "P12_006": "中津川市福岡1017-1　", "P12_007": 4 }, "geometry": { "type": "MultiPoint", "coordinates": [ [ 137.447709721426577, 35.563469167068433 ] ] } },
{ "type": "Feature", "properties": { "P12_001": 10189, "P12_002": "宮島キャンプ場", "P12_003": "21", "P12_004": "21206", "P12_005": "‐", "P12_006": "中津川市付知町下浦159-3", "P12_007": 4 }, "geometry": { "type": "MultiPoint", "coordinates": [ [ 137.42716365887577, 35.698249030568377 ] ] } },
{ "type": "Feature", "properties": { "P12_001": 10190, "P12_002": "アオミキャンプ場", "P12_003": "21", "P12_004": "21206", "P12_005": "‐", "P12_006": "中津川市付知町下浦379-2", "P12_007": 4 }, "geometry": { "type": "MultiPoint", "coordinates": [ [ 137.425347000463717, 35.696226000229785 ] ] } },
{ "type": "Feature", "properties": { "P12_001": 10191, "P12_002": "森林キャンプ場", "P12_003": "21", "P12_004": "21206", "P12_005": "‐", "P12_006": "中津川市付知町下浦229-1", "P12_007": 4 }, "geometry": { "type": "MultiPoint", "coordinates": [ [ 137.424480000051972, 35.701643999171267 ] ] } },
{ "type": "Feature", "properties": { "P12_001": 10192, "P12_002": "塔の岩オートキャンプ場", "P12_003": "21", "P12_004": "21206", "P12_005": "‐", "P12_006": "中津川市付知町字端小屋2190", "P12_007": 4 }, "geometry": { "type": "MultiPoint", "coordinates": [ [ 137.420016000138389, 35.671731000185559 ] ] } },
{ "type": "Feature", "properties": { "P12_001": 10193, "P12_002": "明智ゴルフ倶楽部ひるかわゴルフ場", "P12_003": "21", "P12_004": "21206", "P12_005": "‐", "P12_006": "中津川市蛭川5735-3", "P12_007": 4 }, "geometry": { "type": "MultiPoint", "coordinates": [ [ 137.416371389628011, 35.502205555142325 ] ] } },
{ "type": "Feature", "properties": { "P12_001": 10194, "P12_002": "鮎釣り", "P12_003": "21", "P12_004": "21206", "P12_005": "‐", "P12_006": "中津川市", "P12_007": 4 }, "geometry": { "type": "MultiPoint", "coordinates": [ [ 137.500565833246696, 35.487521666691634 ] ] } },
{ "type": "Feature", "properties": { "P12_001": 10195, "P12_002": "夕森公園", "P12_003": "21", "P12_004": "21206", "P12_005": "‐", "P12_006": "中津川市川上1057-4（総合案内所　ＹＯＵ・遊・館住所）", "P12_007": 4 }, "geometry": { "type": "MultiPoint", "coordinates": [ [ 137.507561943628843, 35.6414022221349 ] ] } },
{ "type": "Feature", "properties": { "P12_001": 10196, "P12_002": "恵那峡ワンダーランド", "P12_003": "21", "P12_004": "21206", "P12_005": "‐", "P12_006": "中津川市蛭川5735-209　", "P12_007": 4 }, "geometry": { "type": "MultiPoint", "coordinates": [ [ 137.406332024703261, 35.487883512514145 ] ] } },
{ "type": "Feature", "properties": { "P12_001": 10197, "P12_002": "子ども科学館", "P12_003": "21", "P12_004": "21206", "P12_005": "‐", "P12_006": "中津川市駒場1657-1", "P12_007": 2 }, "geometry": { "type": "MultiPoint", "coordinates": [ [ 137.497612500116816, 35.499964444603506 ] ] } },
{ "type": "Feature", "properties": { "P12_001": 10198, "P12_002": "かしも産直市", "P12_003": "21", "P12_004": "21206", "P12_005": "‐", "P12_006": "中津川市加子母1361-24", "P12_007": 5 }, "geometry": { "type": "MultiPoint", "coordinates": [ [ 137.334616000028404, 35.744951999834996 ] ] } },
{ "type": "Feature", "properties": { "P12_001": 10199, "P12_002": "岐阜中津川ちこり村", "P12_003": "21", "P12_004": "21206", "P12_005": "‐", "P12_006": "中津川市千旦林1-15　", "P12_007": 5 }, "geometry": { "type": "MultiPoint", "coordinates": [ [ 137.486479186365386, 35.475868535804352 ] ] } },
{ "type": "Feature", "properties": { "P12_001": 10200, "P12_002": "福岡農家直売所", "P12_003": "21", "P12_004": "21206", "P12_005": "‐", "P12_006": "中津川市下野285", "P12_007": 5 }, "geometry": { "type": "MultiPoint", "coordinates": [ [ 137.462780397497454, 35.588724553795146 ] ] } },
{ "type": "Feature", "properties": { "P12_001": 10201, "P12_002": "道の駅「きりら坂下」", "P12_003": "21", "P12_004": "21206", "P12_005": "‐", "P12_006": "中津川市坂下450-2", "P12_007": 6 }, "geometry": { "type": "MultiPoint", "coordinates": [ [ 137.534713889034833, 35.570430833416253 ] ] } },
{ "type": "Feature", "properties": { "P12_001": 10202, "P12_002": "道の駅「加子母」", "P12_003": "21", "P12_004": "21206", "P12_005": "‐", "P12_006": "中津川市加子母3900-29", "P12_007": 6 }, "geometry": { "type": "MultiPoint", "coordinates": [ [ 137.374894024639616, 35.708676425976307 ] ] } },
{ "type": "Feature", "properties": { "P12_001": 10203, "P12_002": "道の駅「五木のやかた・かわうえ」", "P12_003": "21", "P12_004": "21206", "P12_005": "‐", "P12_006": "中津川市川上1849-3", "P12_007": 6 }, "geometry": { "type": "MultiPoint", "coordinates": [ [ 137.501952805477686, 35.602397808412206 ] ] } },
{ "type": "Feature", "properties": { "P12_001": 10204, "P12_002": "道の駅「花街道付知」", "P12_003": "21", "P12_004": "21206", "P12_005": "‐", "P12_006": "中津川市付知町8581-1", "P12_007": 6 }, "geometry": { "type": "MultiPoint", "coordinates": [ [ 137.441441110418964, 35.642765555685912 ] ] } },
{ "type": "Feature", "properties": { "P12_001": 10205, "P12_002": "道の駅「賤母」", "P12_003": "21", "P12_004": "21206", "P12_005": "‐", "P12_006": "中津川市山口1-14", "P12_007": 6 }, "geometry": { "type": "MultiPoint", "coordinates": [ [ 137.550803668754384, 35.586169576264979 ] ] } },
{ "type": "Feature", "properties": { "P12_001": 10206, "P12_002": "駅前観光案内所", "P12_003": "21", "P12_004": "21206", "P12_005": "‐", "P12_006": "中津川市太田町2-1-3（中津川駅前）", "P12_007": 5 }, "geometry": { "type": "MultiPoint", "coordinates": [ [ 137.501510276977797, 35.499064444468615 ] ] } },
{ "type": "Feature", "properties": { "P12_001": 10207, "P12_002": "芝桜の里", "P12_003": "21", "P12_004": "21206", "P12_005": "‐", "P12_006": "中津川市蛭川1798-1（蛭川中学校住所）", "P12_007": 1 }, "geometry": { "type": "MultiPoint", "coordinates": [ [ 137.372968690352877, 35.524331259779842 ] ] } },
{ "type": "Feature", "properties": { "P12_001": 10208, "P12_002": "六斎市", "P12_003": "21", "P12_004": "21206", "P12_005": "‐", "P12_006": "中津川市市街地一帯", "P12_007": 1 }, "geometry": { "type": "MultiPoint", "coordinates": [ [ 137.500565833246696, 35.487521666691634 ] ] } },
{ "type": "Feature", "properties": { "P12_001": 10209, "P12_002": "杵振り祭り", "P12_003": "21", "P12_004": "21206", "P12_005": "‐", "P12_006": "中津川市蛭川1033-1", "P12_007": 1 }, "geometry": { "type": "MultiPoint", "coordinates": [ [ 137.373720999324746, 35.532439999706298 ] ] } },
{ "type": "Feature", "properties": { "P12_001": 10210, "P12_002": "ひとつばたご祭り", "P12_003": "21", "P12_004": "21206", "P12_005": "‐", "P12_006": "中津川市蛭川2178-8（蛭川総合事務所住所）", "P12_007": 1 }, "geometry": { "type": "MultiPoint", "coordinates": [ [ 137.381407680220377, 35.522225836253369 ] ] } },
{ "type": "Feature", "properties": { "P12_001": 10211, "P12_002": "ひるかわＭＡＩＫＡ祭", "P12_003": "21", "P12_004": "21206", "P12_005": "‐", "P12_006": "中津川市蛭川2178-8（蛭川総合事務所住所）", "P12_007": 1 }, "geometry": { "type": "MultiPoint", "coordinates": [ [ 137.381407680220377, 35.522225836253369 ] ] } },
{ "type": "Feature", "properties": { "P12_001": 10212, "P12_002": "ふくおか産業祭・文化展", "P12_003": "21", "P12_004": "21206", "P12_005": "‐", "P12_006": "中津川市福岡714-2", "P12_007": 1 }, "geometry": { "type": "MultiPoint", "coordinates": [ [ 137.45246138928178, 35.560543888289885 ] ] } },
{ "type": "Feature", "properties": { "P12_001": 10213, "P12_002": "ふくおかふるさと祭り", "P12_003": "21", "P12_004": "21206", "P12_005": "‐", "P12_006": "中津川市福岡714-2", "P12_007": 1 }, "geometry": { "type": "MultiPoint", "coordinates": [ [ 137.45246138928178, 35.560543888289885 ] ] } },
{ "type": "Feature", "properties": { "P12_001": 10214, "P12_002": "榊山神社大祭", "P12_003": "21", "P12_004": "21206", "P12_005": "‐", "P12_006": "中津川市福岡500　", "P12_007": 1 }, "geometry": { "type": "MultiPoint", "coordinates": [ [ 137.455163000372181, 35.559912999485391 ] ] } },
{ "type": "Feature", "properties": { "P12_001": 10215, "P12_002": "夢まつり", "P12_003": "21", "P12_004": "21206", "P12_005": "‐", "P12_006": "中津川市付知町8581-1（道の駅「花街道付知」住所）", "P12_007": 1 }, "geometry": { "type": "MultiPoint", "coordinates": [ [ 137.441441110418964, 35.642765555685912 ] ] } },
{ "type": "Feature", "properties": { "P12_001": 10216, "P12_002": "レディース・クラフトフェアー", "P12_003": "21", "P12_004": "21206", "P12_005": "‐", "P12_006": "中津川市付知町8581-1（道の駅「花街道付知」住所）", "P12_007": 1 }, "geometry": { "type": "MultiPoint", "coordinates": [ [ 137.441441110418964, 35.642765555685912 ] ] } },
{ "type": "Feature", "properties": { "P12_001": 10217, "P12_002": "森林の市", "P12_003": "21", "P12_004": "21206", "P12_005": "‐", "P12_006": "中津川市付知町8581-1（道の駅「花街道付知」住所）", "P12_007": 1 }, "geometry": { "type": "MultiPoint", "coordinates": [ [ 137.441441110418964, 35.642765555685912 ] ] } },
{ "type": "Feature", "properties": { "P12_001": 10218, "P12_002": "中津川観光栗園いがぐりの里", "P12_003": "21", "P12_004": "21206", "P12_005": "‐", "P12_006": "中津川市苗木八幡柿野48-42（付近）", "P12_007": 1 }, "geometry": { "type": "MultiPoint", "coordinates": [ [ 137.450493999998116, 35.544452999706209 ] ] } },
{ "type": "Feature", "properties": { "P12_001": 10219, "P12_002": "秋の中山道祭り", "P12_003": "21", "P12_004": "21206", "P12_005": "‐", "P12_006": "中津川市市街地一帯", "P12_007": 1 }, "geometry": { "type": "MultiPoint", "coordinates": [ [ 137.500565833246696, 35.487521666691634 ] ] } },
{ "type": "Feature", "properties": { "P12_001": 10220, "P12_002": "春の中山道祭り", "P12_003": "21", "P12_004": "21206", "P12_005": "‐", "P12_006": "中津川市市街地一帯", "P12_007": 1 }, "geometry": { "type": "MultiPoint", "coordinates": [ [ 137.500565833246696, 35.487521666691634 ] ] } },
{ "type": "Feature", "properties": { "P12_001": 10221, "P12_002": "十日市", "P12_003": "21", "P12_004": "21206", "P12_005": "‐", "P12_006": "中津川市市街地一帯", "P12_007": 1 }, "geometry": { "type": "MultiPoint", "coordinates": [ [ 137.500565833246696, 35.487521666691634 ] ] } },
{ "type": "Feature", "properties": { "P12_001": 10222, "P12_002": "夢まつり　花火大会", "P12_003": "21", "P12_004": "21206", "P12_005": "‐", "P12_006": "中津川市付知町4956-43（付知公民館　花火大会）", "P12_007": 1 }, "geometry": { "type": "MultiPoint", "coordinates": [ [ 137.428942222905334, 35.661255277908822 ] ] } },
{ "type": "Feature", "properties": { "P12_001": 10223, "P12_002": "おいでん祭", "P12_003": "21", "P12_004": "21206", "P12_005": "‐", "P12_006": "中津川市駒場1657-1（こども科学館住所）本祭り、中津川市街地一帯　花火大会…", "P12_007": 1 }, "geometry": { "type": "MultiPoint", "coordinates": [ [ 137.497612500116816, 35.499964444603506 ] ] } },
{ "type": "Feature", "properties": { "P12_001": 10224, "P12_002": "中津川ふるさとじまん祭", "P12_003": "21", "P12_004": "21206", "P12_005": "‐", "P12_006": "中津川市茄子川1683-797", "P12_007": 1 }, "geometry": { "type": "MultiPoint", "coordinates": [ [ 137.468086667365924, 35.458057221663523 ] ] } },
{ "type": "Feature", "properties": { "P12_001": 10225, "P12_002": "ふるさと馬籠ごへー祭り", "P12_003": "21", "P12_004": "21206", "P12_005": "‐", "P12_006": "中津川市馬籠4797-240　　", "P12_007": 1 }, "geometry": { "type": "MultiPoint", "coordinates": [ [ 137.560472500405581, 35.527191944752474 ] ] } },
{ "type": "Feature", "properties": { "P12_001": 10226, "P12_002": "ぎふ清流国体・ぎふ清流大会（中津川市）", "P12_003": "21", "P12_004": "21206", "P12_005": "‐", "P12_006": "中津川市", "P12_007": 1 }, "geometry": { "type": "MultiPoint", "coordinates": [ [ 137.500565833246696, 35.487521666691634 ] ] } },
{ "type": "Feature", "properties": { "P12_001": 10227, "P12_002": "美濃和紙の里会館", "P12_003": "21", "P12_004": "21207", "P12_005": "‐", "P12_006": "美濃市蕨生1851-3", "P12_007": 2 }, "geometry": { "type": "MultiPoint", "coordinates": [ [ 136.876390555080093, 35.583418333389432 ] ] } },
{ "type": "Feature", "properties": { "P12_001": 10228, "P12_002": "大矢田もみじ谷", "P12_003": "21", "P12_004": "21207", "P12_005": "‐", "P12_006": "美濃市大矢田2596（大矢田神社社務所）", "P12_007": 1 }, "geometry": { "type": "MultiPoint", "coordinates": [ [ 136.871296000010489, 35.547116000203289 ] ] } },
{ "type": "Feature", "properties": { "P12_001": 10229, "P12_002": "小倉公園", "P12_003": "21", "P12_004": "21207", "P12_005": "‐", "P12_006": "美濃市泉町1571-3", "P12_007": 4 }, "geometry": { "type": "MultiPoint", "coordinates": [ [ 136.911663423528239, 35.550111161700784 ] ] } },
{ "type": "Feature", "properties": { "P12_001": 10230, "P12_002": "うだつの上がる町並み", "P12_003": "21", "P12_004": "21207", "P12_005": "‐", "P12_006": "美濃市泉町1883（旧今井家住宅他）", "P12_007": 2 }, "geometry": { "type": "MultiPoint", "coordinates": [ [ 136.913205000010862, 35.546878888549941 ] ] } },
{ "type": "Feature", "properties": { "P12_001": 10231, "P12_002": "道の駅　美濃にわか茶屋", "P12_003": "21", "P12_004": "21207", "P12_005": "‐", "P12_006": "美濃市曽代2007", "P12_007": 6 }, "geometry": { "type": "MultiPoint", "coordinates": [ [ 136.913799166798185, 35.554473333177839 ] ] } },
{ "type": "Feature", "properties": { "P12_001": 10232, "P12_002": "うだつの町家の五月節句", "P12_003": "21", "P12_004": "21207", "P12_005": "‐", "P12_006": "美濃市泉町（他）", "P12_007": 1 }, "geometry": { "type": "MultiPoint", "coordinates": [ [ 136.912803402355166, 35.54650811875473 ] ] } },
{ "type": "Feature", "properties": { "P12_001": 10233, "P12_002": "うだつの町家のおひな様", "P12_003": "21", "P12_004": "21207", "P12_005": "‐", "P12_006": "美濃市泉町（他）", "P12_007": 1 }, "geometry": { "type": "MultiPoint", "coordinates": [ [ 136.912803402355166, 35.54650811875473 ] ] } },
{ "type": "Feature", "properties": { "P12_001": 10234, "P12_002": "美濃町家回廊（涼の音の散策）", "P12_003": "21", "P12_004": "21207", "P12_005": "‐", "P12_006": "美濃市泉町（他）", "P12_007": 1 }, "geometry": { "type": "MultiPoint", "coordinates": [ [ 136.912803402355166, 35.54650811875473 ] ] } },
{ "type": "Feature", "properties": { "P12_001": 10235, "P12_002": "ひんここまつり", "P12_003": "21", "P12_004": "21207", "P12_005": "‐", "P12_006": "美濃市大矢田", "P12_007": 1 }, "geometry": { "type": "MultiPoint", "coordinates": [ [ 136.871296000010489, 35.547116000203289 ] ] } },
{ "type": "Feature", "properties": { "P12_001": 10236, "P12_002": "あかりの町並み美濃", "P12_003": "21", "P12_004": "21207", "P12_005": "‐", "P12_006": "美濃市泉町（他）", "P12_007": 1 }, "geometry": { "type": "MultiPoint", "coordinates": [ [ 136.911841393965233, 35.546017683369428 ] ] } },
{ "type": "Feature", "properties": { "P12_001": 10237, "P12_002": "美濃市中日花火大会", "P12_003": "21", "P12_004": "21207", "P12_005": "‐", "P12_006": "美濃市前野（他）", "P12_007": 1 }, "geometry": { "type": "MultiPoint", "coordinates": [ [ 136.905085861223597, 35.549506793903447 ] ] } },
{ "type": "Feature", "properties": { "P12_001": 10238, "P12_002": "ツアーオブジャパン　美濃ステージ", "P12_003": "21", "P12_004": "21207", "P12_005": "‐", "P12_006": "美濃市", "P12_007": 1 }, "geometry": { "type": "MultiPoint", "coordinates": [ [ 136.907499999525385, 35.544684722621923 ] ] } },
{ "type": "Feature", "properties": { "P12_001": 10239, "P12_002": "美濃まつり・さくらまつり", "P12_003": "21", "P12_004": "21207", "P12_005": "‐", "P12_006": "美濃市上条（他）", "P12_007": 1 }, "geometry": { "type": "MultiPoint", "coordinates": [ [ 136.911663423528239, 35.550111161700784 ] ] } },
{ "type": "Feature", "properties": { "P12_001": 10240, "P12_002": "美濃市産業祭", "P12_003": "21", "P12_004": "21207", "P12_005": "‐", "P12_006": "美濃市曽代166-1　", "P12_007": 1 }, "geometry": { "type": "MultiPoint", "coordinates": [ [ 136.918687499228781, 35.556973888234381 ] ] } },
{ "type": "Feature", "properties": { "P12_001": 10241, "P12_002": "美濃和紙あかりアート展", "P12_003": "21", "P12_004": "21207", "P12_005": "‐", "P12_006": "美濃市泉町（他）", "P12_007": 1 }, "geometry": { "type": "MultiPoint", "coordinates": [ [ 136.911841393965233, 35.546017683369428 ] ] } },
{ "type": "Feature", "properties": { "P12_001": 10242, "P12_002": "ぎふ美濃ゴルフ倶楽部", "P12_003": "21", "P12_004": "21207", "P12_005": "‐", "P12_006": "美濃市横越383-1", "P12_007": 4 }, "geometry": { "type": "MultiPoint", "coordinates": [ [ 136.891377222780648, 35.54130361167239 ] ] } },
{ "type": "Feature", "properties": { "P12_001": 10243, "P12_002": "ぎふ清流国体・ぎふ清流大会（美濃市）", "P12_003": "21", "P12_004": "21207", "P12_005": "‐", "P12_006": "美濃市", "P12_007": 1 }, "geometry": { "type": "MultiPoint", "coordinates": [ [ 136.907499999525385, 35.544684722621923 ] ] } },
{ "type": "Feature", "properties": { "P12_001": 10244, "P12_002": "瑞浪市化石博物館", "P12_003": "21", "P12_004": "21208", "P12_005": "‐", "P12_006": "瑞浪市明世町山野内1-13", "P12_007": 2 }, "geometry": { "type": "MultiPoint", "coordinates": [ [ 137.235198332836831, 35.372996944053796 ] ] } },
{ "type": "Feature", "properties": { "P12_001": 10245, "P12_002": "フォレストみずなみカントリークラブ", "P12_003": "21", "P12_004": "21208", "P12_005": "‐", "P12_006": "瑞浪市釜戸町4605", "P12_007": 4 }, "geometry": { "type": "MultiPoint", "coordinates": [ [ 137.331957999761926, 35.422036000361175 ] ] } },
{ "type": "Feature", "properties": { "P12_001": 10246, "P12_002": "みずなみカントリー倶楽部", "P12_003": "21", "P12_004": "21208", "P12_005": "‐", "P12_006": "瑞浪市釜戸町2383-1", "P12_007": 4 }, "geometry": { "type": "MultiPoint", "coordinates": [ [ 137.331858612085398, 35.394163889551919 ] ] } },
{ "type": "Feature", "properties": { "P12_001": 10247, "P12_002": "サイエンスワールド", "P12_003": "21", "P12_004": "21208", "P12_005": "‐", "P12_006": "瑞浪市明世町戸狩54", "P12_007": 6 }, "geometry": { "type": "MultiPoint", "coordinates": [ [ 137.237007222005786, 35.376136389183046 ] ] } },
{ "type": "Feature", "properties": { "P12_001": 10248, "P12_002": "こいのぼり祭", "P12_003": "21", "P12_004": "21208", "P12_005": "‐", "P12_006": "瑞浪市明世町戸狩（瑞浪市民公園）", "P12_007": 1 }, "geometry": { "type": "MultiPoint", "coordinates": [ [ 137.236772000727342, 35.373011999604159 ] ] } },
{ "type": "Feature", "properties": { "P12_001": 10249, "P12_002": "農業祭", "P12_003": "21", "P12_004": "21208", "P12_005": "‐", "P12_006": "瑞浪市北小田町（中央公園）", "P12_007": 1 }, "geometry": { "type": "MultiPoint", "coordinates": [ [ 137.246191999861026, 35.360920000457725 ] ] } },
{ "type": "Feature", "properties": { "P12_001": 10250, "P12_002": "おもしろ科学館", "P12_003": "21", "P12_004": "21208", "P12_005": "‐", "P12_006": "瑞浪市土岐町（総合文化センター）", "P12_007": 1 }, "geometry": { "type": "MultiPoint", "coordinates": [ [ 137.25643000074399, 35.364710999912745 ] ] } },
{ "type": "Feature", "properties": { "P12_001": 10251, "P12_002": "バサラカーニバル", "P12_003": "21", "P12_004": "21208", "P12_005": "‐", "P12_006": "瑞浪市寺河戸町（瑞浪駅前）", "P12_007": 1 }, "geometry": { "type": "MultiPoint", "coordinates": [ [ 137.252269000414117, 35.368606000566501 ] ] } },
{ "type": "Feature", "properties": { "P12_001": 10252, "P12_002": "美濃源氏七夕まつり", "P12_003": "21", "P12_004": "21208", "P12_005": "‐", "P12_006": "瑞浪市寺河戸町（瑞浪駅前）", "P12_007": 1 }, "geometry": { "type": "MultiPoint", "coordinates": [ [ 137.252269000414117, 35.368606000566501 ] ] } },
{ "type": "Feature", "properties": { "P12_001": 10253, "P12_002": "瑞浪市地球回廊", "P12_003": "21", "P12_004": "21208", "P12_005": "‐", "P12_006": "瑞浪市明世町戸狩67-1", "P12_007": 2 }, "geometry": { "type": "MultiPoint", "coordinates": [ [ 137.237343054938151, 35.374055000038254 ] ] } },
{ "type": "Feature", "properties": { "P12_001": 10254, "P12_002": "日吉ハイランド倶楽部", "P12_003": "21", "P12_004": "21208", "P12_005": "‐", "P12_006": "瑞浪市日吉町8004-25", "P12_007": 4 }, "geometry": { "type": "MultiPoint", "coordinates": [ [ 137.213364999595115, 35.454973999450544 ] ] } },
{ "type": "Feature", "properties": { "P12_001": 10255, "P12_002": "クラウンカントリークラブ", "P12_003": "21", "P12_004": "21208", "P12_005": "‐", "P12_006": "瑞浪市陶町猿爪1030", "P12_007": 4 }, "geometry": { "type": "MultiPoint", "coordinates": [ [ 137.326998333106644, 35.329180555738105 ] ] } },
{ "type": "Feature", "properties": { "P12_001": 10256, "P12_002": "東濃カントリー倶楽部", "P12_003": "21", "P12_004": "21208", "P12_005": "‐", "P12_006": "瑞浪市陶町水上830", "P12_007": 4 }, "geometry": { "type": "MultiPoint", "coordinates": [ [ 137.308389721408616, 35.316108610324136 ] ] } },
{ "type": "Feature", "properties": { "P12_001": 10257, "P12_002": "瑞浪高原ゴルフ倶楽部", "P12_003": "21", "P12_004": "21208", "P12_005": "‐", "P12_006": "瑞浪市土岐町4858-4", "P12_007": 4 }, "geometry": { "type": "MultiPoint", "coordinates": [ [ 137.298410833193429, 35.377469722249941 ] ] } },
{ "type": "Feature", "properties": { "P12_001": 10258, "P12_002": "中仙道ゴルフ倶楽部", "P12_003": "21", "P12_004": "21208", "P12_005": "‐", "P12_006": "瑞浪市大湫町621-1", "P12_007": 4 }, "geometry": { "type": "MultiPoint", "coordinates": [ [ 137.30497777720268, 35.439535000639808 ] ] } },
{ "type": "Feature", "properties": { "P12_001": 10259, "P12_002": "瑞陵ゴルフ倶楽部", "P12_003": "21", "P12_004": "21208", "P12_005": "‐", "P12_006": "瑞浪市土岐町8263-31", "P12_007": 4 }, "geometry": { "type": "MultiPoint", "coordinates": [ [ 137.310238889413313, 35.377458333235552 ] ] } },
{ "type": "Feature", "properties": { "P12_001": 10260, "P12_002": "明世カントリークラブ", "P12_003": "21", "P12_004": "21208", "P12_005": "‐", "P12_006": "瑞浪市明世町月吉1112-88", "P12_007": 4 }, "geometry": { "type": "MultiPoint", "coordinates": [ [ 137.219811944365802, 35.393381111549104 ] ] } },
{ "type": "Feature", "properties": { "P12_001": 10261, "P12_002": "ベルフラワーカントリー倶楽部", "P12_003": "21", "P12_004": "21208", "P12_005": "‐", "P12_006": "瑞浪市日吉町8671-1", "P12_007": 4 }, "geometry": { "type": "MultiPoint", "coordinates": [ [ 137.211289167361201, 35.443573610433816 ] ] } },
{ "type": "Feature", "properties": { "P12_001": 10262, "P12_002": "デイリー瑞浪カントリー倶楽部", "P12_003": "21", "P12_004": "21208", "P12_005": "‐", "P12_006": "瑞浪市釜戸町1069", "P12_007": 4 }, "geometry": { "type": "MultiPoint", "coordinates": [ [ 137.306890277264529, 35.425470833212444 ] ] } },
{ "type": "Feature", "properties": { "P12_001": 10263, "P12_002": "花の木ゴルフクラブ", "P12_003": "21", "P12_004": "21208", "P12_005": "‐", "P12_006": "瑞浪市日吉町8675-1", "P12_007": 4 }, "geometry": { "type": "MultiPoint", "coordinates": [ [ 137.209237904605629, 35.43437100711634 ] ] } },
{ "type": "Feature", "properties": { "P12_001": 10264, "P12_002": "グリーンヒル瑞浪ゴルフ倶楽部", "P12_003": "21", "P12_004": "21208", "P12_005": "‐", "P12_006": "瑞浪市稲津町小里2722", "P12_007": 4 }, "geometry": { "type": "MultiPoint", "coordinates": [ [ 137.282587268088037, 35.321427200005303 ] ] } },
{ "type": "Feature", "properties": { "P12_001": 10265, "P12_002": "中山道（大湫宿）", "P12_003": "21", "P12_004": "21208", "P12_005": "‐", "P12_006": "瑞浪市大湫町422-1", "P12_007": 2 }, "geometry": { "type": "MultiPoint", "coordinates": [ [ 137.294827674257817, 35.434049844824528 ] ] } },
{ "type": "Feature", "properties": { "P12_001": 10266, "P12_002": "瑞浪市農産物等直売所「きなぁた瑞浪」", "P12_003": "21", "P12_004": "21208", "P12_005": "‐", "P12_006": "瑞浪市土岐町6059", "P12_007": 5 }, "geometry": { "type": "MultiPoint", "coordinates": [ [ 137.267678999686154, 35.381857999247302 ] ] } },
{ "type": "Feature", "properties": { "P12_001": 10267, "P12_002": "ぎふ清流国体・ぎふ清流大会（瑞浪市）", "P12_003": "21", "P12_004": "21208", "P12_005": "‐", "P12_006": "瑞浪市", "P12_007": 1 }, "geometry": { "type": "MultiPoint", "coordinates": [ [ 137.254599999990091, 35.361726388362172 ] ] } },
{ "type": "Feature", "properties": { "P12_001": 10268, "P12_002": "かんぽの宿　岐阜羽島", "P12_003": "21", "P12_004": "21209", "P12_005": "‐", "P12_006": "羽島市桑原町午南1041", "P12_007": 3 }, "geometry": { "type": "MultiPoint", "coordinates": [ [ 136.6834280562598, 35.258200000229863 ] ] } },
{ "type": "Feature", "properties": { "P12_001": 10269, "P12_002": "羽島市老人福祉センター　羽島温泉", "P12_003": "21", "P12_004": "21209", "P12_005": "‐", "P12_006": "羽島市桑原町午南1038-1", "P12_007": 3 }, "geometry": { "type": "MultiPoint", "coordinates": [ [ 136.683909181863328, 35.257316876772506 ] ] } },
{ "type": "Feature", "properties": { "P12_001": 10270, "P12_002": "歴史民俗資料館・映画資料館", "P12_003": "21", "P12_004": "21209", "P12_005": "‐", "P12_006": "羽島市竹鼻町上城2624-1", "P12_007": 2 }, "geometry": { "type": "MultiPoint", "coordinates": [ [ 136.701836944719275, 35.323596111171639 ] ] } },
{ "type": "Feature", "properties": { "P12_001": 10271, "P12_002": "Ｈａｓｈｉｍａつばき・桜まつり", "P12_003": "21", "P12_004": "21209", "P12_005": "‐", "P12_006": "羽島市竹鼻町丸の内6", "P12_007": 1 }, "geometry": { "type": "MultiPoint", "coordinates": [ [ 136.698332778634835, 35.329344444590504 ] ] } },
{ "type": "Feature", "properties": { "P12_001": 10272, "P12_002": "美濃竹鼻七夕まつり", "P12_003": "21", "P12_004": "21209", "P12_005": "‐", "P12_006": "羽島市竹鼻町", "P12_007": 1 }, "geometry": { "type": "MultiPoint", "coordinates": [ [ 136.701836944719275, 35.323596111171639 ] ] } },
{ "type": "Feature", "properties": { "P12_001": 10273, "P12_002": "大賀ハスまつり", "P12_003": "21", "P12_004": "21209", "P12_005": "‐", "P12_006": "羽島市桑原町前野", "P12_007": 1 }, "geometry": { "type": "MultiPoint", "coordinates": [ [ 136.6849616629504, 35.258315350872806 ] ] } },
{ "type": "Feature", "properties": { "P12_001": 10274, "P12_002": "美濃竹鼻なまずまつり", "P12_003": "21", "P12_004": "21209", "P12_005": "‐", "P12_006": "羽島市竹鼻町", "P12_007": 1 }, "geometry": { "type": "MultiPoint", "coordinates": [ [ 136.700571018537744, 35.324550872824545 ] ] } },
{ "type": "Feature", "properties": { "P12_001": 10275, "P12_002": "美濃竹鼻まつり", "P12_003": "21", "P12_004": "21209", "P12_005": "‐", "P12_006": "羽島市竹鼻町", "P12_007": 1 }, "geometry": { "type": "MultiPoint", "coordinates": [ [ 136.700571018537744, 35.324550872824545 ] ] } },
{ "type": "Feature", "properties": { "P12_001": 10276, "P12_002": "美濃竹鼻ふじまつり", "P12_003": "21", "P12_004": "21209", "P12_005": "‐", "P12_006": "羽島市竹鼻町", "P12_007": 1 }, "geometry": { "type": "MultiPoint", "coordinates": [ [ 136.700571018537744, 35.324550872824545 ] ] } },
{ "type": "Feature", "properties": { "P12_001": 10277, "P12_002": "濃尾大花火（羽島市・一宮市市民花火大会）", "P12_003": "21", "P12_004": "21209", "P12_005": "‐", "P12_006": "羽島市正木町", "P12_007": 1 }, "geometry": { "type": "MultiPoint", "coordinates": [ [ 136.732026199249731, 35.313134499257785 ] ] } },
{ "type": "Feature", "properties": { "P12_001": 10278, "P12_002": "ぎふ清流国体・ぎふ清流大会（羽島市）", "P12_003": "21", "P12_004": "21209", "P12_005": "‐", "P12_006": "羽島市", "P12_007": 1 }, "geometry": { "type": "MultiPoint", "coordinates": [ [ 136.703349000056392, 35.319909999646825 ] ] } },
{ "type": "Feature", "properties": { "P12_001": 10279, "P12_002": "保古の湖", "P12_003": "21", "P12_004": "21210", "P12_005": "‐", "P12_006": "恵那市東野2390-165", "P12_007": 1 }, "geometry": { "type": "MultiPoint", "coordinates": [ [ 137.490270953841559, 35.440316310949015 ] ] } },
{ "type": "Feature", "properties": { "P12_001": 10280, "P12_002": "恵那峡", "P12_003": "21", "P12_004": "21210", "P12_005": "‐", "P12_006": "恵那市大井町奥戸", "P12_007": 1 }, "geometry": { "type": "MultiPoint", "coordinates": [ [ 137.397130999695946, 35.480464999560127 ] ] } },
{ "type": "Feature", "properties": { "P12_001": 10281, "P12_002": "恵那納涼水上花火大会（恵那峡）", "P12_003": "21", "P12_004": "21210", "P12_005": "‐", "P12_006": "恵那市大井町奥戸", "P12_007": 1 }, "geometry": { "type": "MultiPoint", "coordinates": [ [ 137.397130999695946, 35.480464999560127 ] ] } },
{ "type": "Feature", "properties": { "P12_001": 10282, "P12_002": "笠置山", "P12_003": "21", "P12_004": "21210", "P12_005": "‐", "P12_006": "恵那市笠置町姫栗", "P12_007": 1 }, "geometry": { "type": "MultiPoint", "coordinates": [ [ 137.347834000738658, 35.510564999974804 ] ] } },
{ "type": "Feature", "properties": { "P12_001": 10283, "P12_002": "阿木川ダム", "P12_003": "21", "P12_004": "21210", "P12_005": "‐", "P12_006": "恵那市東野字花無山2201-79　", "P12_007": 1 }, "geometry": { "type": "MultiPoint", "coordinates": [ [ 137.430760999220752, 35.424768000442896 ] ] } },
{ "type": "Feature", "properties": { "P12_001": 10284, "P12_002": "小里川ダム", "P12_003": "21", "P12_004": "21210", "P12_005": "‐", "P12_006": "恵那市山岡町田代1565-21", "P12_007": 1 }, "geometry": { "type": "MultiPoint", "coordinates": [ [ 137.3026650005894, 35.329036999657887 ] ] } },
{ "type": "Feature", "properties": { "P12_001": 10285, "P12_002": "奥矢作湖", "P12_003": "21", "P12_004": "21210", "P12_005": "‐", "P12_006": "恵那市串原1149-2", "P12_007": 1 }, "geometry": { "type": "MultiPoint", "coordinates": [ [ 137.444625513556616, 35.234566449981742 ] ] } },
{ "type": "Feature", "properties": { "P12_001": 10286, "P12_002": "岩村城跡", "P12_003": "21", "P12_004": "21210", "P12_005": "‐", "P12_006": "恵那市岩村町城山3-1-1", "P12_007": 2 }, "geometry": { "type": "MultiPoint", "coordinates": [ [ 137.451252999026792, 35.35997500004629 ] ] } },
{ "type": "Feature", "properties": { "P12_001": 10287, "P12_002": "飯高観音", "P12_003": "21", "P12_004": "21210", "P12_005": "‐", "P12_006": "恵那市山岡町馬場山田175", "P12_007": 2 }, "geometry": { "type": "MultiPoint", "coordinates": [ [ 137.419545833673396, 35.349006666924197 ] ] } },
{ "type": "Feature", "properties": { "P12_001": 10288, "P12_002": "岩村城下町", "P12_003": "21", "P12_004": "21210", "P12_005": "‐", "P12_006": "恵那市岩村町317", "P12_007": 2 }, "geometry": { "type": "MultiPoint", "coordinates": [ [ 137.44077212723198, 35.365292810015205 ] ] } },
{ "type": "Feature", "properties": { "P12_001": 10289, "P12_002": "日本大正村", "P12_003": "21", "P12_004": "21210", "P12_005": "‐", "P12_006": "恵那市明智町1304-1", "P12_007": 2 }, "geometry": { "type": "MultiPoint", "coordinates": [ [ 137.391858355478803, 35.303997746998505 ] ] } },
{ "type": "Feature", "properties": { "P12_001": 10290, "P12_002": "中山道広重美術館", "P12_003": "21", "P12_004": "21210", "P12_005": "‐", "P12_006": "恵那市大井町176-1", "P12_007": 2 }, "geometry": { "type": "MultiPoint", "coordinates": [ [ 137.410056965356716, 35.452876159906907 ] ] } },
{ "type": "Feature", "properties": { "P12_001": 10291, "P12_002": "岩村歴史資料館", "P12_003": "21", "P12_004": "21210", "P12_005": "‐", "P12_006": "恵那市岩村町98", "P12_007": 2 }, "geometry": { "type": "MultiPoint", "coordinates": [ [ 137.44654300035927, 35.363816000008455 ] ] } },
{ "type": "Feature", "properties": { "P12_001": 10292, "P12_002": "花白温泉花白の湯", "P12_003": "21", "P12_004": "21210", "P12_005": "‐", "P12_006": "恵那市山岡町馬場山田996-15", "P12_007": 3 }, "geometry": { "type": "MultiPoint", "coordinates": [ [ 137.406965172604714, 35.355223321399194 ] ] } },
{ "type": "Feature", "properties": { "P12_001": 10293, "P12_002": "くしはら温泉ささゆりの湯", "P12_003": "21", "P12_004": "21210", "P12_005": "‐", "P12_006": "恵那市串原3135-2", "P12_007": 3 }, "geometry": { "type": "MultiPoint", "coordinates": [ [ 137.404400913171685, 35.263607389869208 ] ] } },
{ "type": "Feature", "properties": { "P12_001": 10294, "P12_002": "岐阜県クリスタルパーク恵那スケート場", "P12_003": "21", "P12_004": "21210", "P12_005": "‐", "P12_006": "恵那市武並町竹折970-1", "P12_007": 4 }, "geometry": { "type": "MultiPoint", "coordinates": [ [ 137.355845575213152, 35.432081543628385 ] ] } },
{ "type": "Feature", "properties": { "P12_001": 10295, "P12_002": "恵那峡カントリークラブ", "P12_003": "21", "P12_004": "21210", "P12_005": "‐", "P12_006": "恵那市長島町中野1269-51", "P12_007": 4 }, "geometry": { "type": "MultiPoint", "coordinates": [ [ 137.385405555222292, 35.439997500384379 ] ] } },
{ "type": "Feature", "properties": { "P12_001": 10296, "P12_002": "いわむらカントリークラブ", "P12_003": "21", "P12_004": "21210", "P12_005": "‐", "P12_006": "恵那市岩村町飯羽間3689-17", "P12_007": 4 }, "geometry": { "type": "MultiPoint", "coordinates": [ [ 137.428187223161899, 35.406512500351653 ] ] } },
{ "type": "Feature", "properties": { "P12_001": 10297, "P12_002": "ニューキャピタルゴルフ倶楽部", "P12_003": "21", "P12_004": "21210", "P12_005": "‐", "P12_006": "恵那市山岡町久保原772-7", "P12_007": 4 }, "geometry": { "type": "MultiPoint", "coordinates": [ [ 137.40563138897744, 35.366930000619107 ] ] } },
{ "type": "Feature", "properties": { "P12_001": 10298, "P12_002": "山岡カントリークラブ", "P12_003": "21", "P12_004": "21210", "P12_005": "‐", "P12_006": "恵那市山岡町下手向786-100", "P12_007": 4 }, "geometry": { "type": "MultiPoint", "coordinates": [ [ 137.346525555510084, 35.351478333957971 ] ] } },
{ "type": "Feature", "properties": { "P12_001": 10299, "P12_002": "笹平カントリー倶楽部", "P12_003": "21", "P12_004": "21210", "P12_005": "‐", "P12_006": "恵那市山岡町田代1492-1", "P12_007": 4 }, "geometry": { "type": "MultiPoint", "coordinates": [ [ 137.306181111469186, 35.334414443671676 ] ] } },
{ "type": "Feature", "properties": { "P12_001": 10300, "P12_002": "明智ゴルフ倶楽部明智ゴルフ場", "P12_003": "21", "P12_004": "21210", "P12_005": "‐", "P12_006": "恵那市明智町吉良見980-2", "P12_007": 4 }, "geometry": { "type": "MultiPoint", "coordinates": [ [ 137.338503999460045, 35.299732999078685 ] ] } },
{ "type": "Feature", "properties": { "P12_001": 10301, "P12_002": "メダリオン・ベルグラビアリゾート", "P12_003": "21", "P12_004": "21210", "P12_005": "‐", "P12_006": "恵那市串原3915", "P12_007": 4 }, "geometry": { "type": "MultiPoint", "coordinates": [ [ 137.429343333128372, 35.253378888524935 ] ] } },
{ "type": "Feature", "properties": { "P12_001": 10302, "P12_002": "串原マレット・グランドゴルフ場", "P12_003": "21", "P12_004": "21210", "P12_005": "‐", "P12_006": "恵那市串原3135-2", "P12_007": 4 }, "geometry": { "type": "MultiPoint", "coordinates": [ [ 137.404400913171685, 35.263607389869208 ] ] } },
{ "type": "Feature", "properties": { "P12_001": 10303, "P12_002": "アドニスゴルフクラブ", "P12_003": "21", "P12_004": "21210", "P12_005": "‐", "P12_006": "恵那市上矢作町漆原572-210", "P12_007": 4 }, "geometry": { "type": "MultiPoint", "coordinates": [ [ 137.462106000391714, 35.31468000038177 ] ] } },
{ "type": "Feature", "properties": { "P12_001": 10304, "P12_002": "マレットハウス（串原）", "P12_003": "21", "P12_004": "21210", "P12_005": "‐", "P12_006": "恵那市串原3135-2", "P12_007": 5 }, "geometry": { "type": "MultiPoint", "coordinates": [ [ 137.404400913171685, 35.263607389869208 ] ] } },
{ "type": "Feature", "properties": { "P12_001": 10305, "P12_002": "恵那峡山菜園", "P12_003": "21", "P12_004": "21210", "P12_005": "‐", "P12_006": "恵那市大井町2709-221", "P12_007": 6 }, "geometry": { "type": "MultiPoint", "coordinates": [ [ 137.406489204613194, 35.472869965876271 ] ] } },
{ "type": "Feature", "properties": { "P12_001": 10306, "P12_002": "道の駅そばの郷らっせぃみさと", "P12_003": "21", "P12_004": "21210", "P12_005": "‐", "P12_006": "恵那市三郷町佐々良木1461-1", "P12_007": 6 }, "geometry": { "type": "MultiPoint", "coordinates": [ [ 137.35887170846263, 35.405664327246939 ] ] } },
{ "type": "Feature", "properties": { "P12_001": 10307, "P12_002": "道の駅おばあちゃん市・山岡", "P12_003": "21", "P12_004": "21210", "P12_005": "‐", "P12_006": "恵那市山岡町田代1565-169", "P12_007": 6 }, "geometry": { "type": "MultiPoint", "coordinates": [ [ 137.306643166049298, 35.328344072920686 ] ] } },
{ "type": "Feature", "properties": { "P12_001": 10308, "P12_002": "道の駅上矢作ラ・フォーレ福寿の里", "P12_003": "21", "P12_004": "21210", "P12_005": "‐", "P12_006": "恵那市上矢作町3566-1", "P12_007": 6 }, "geometry": { "type": "MultiPoint", "coordinates": [ [ 137.472042400136729, 35.323321178529625 ] ] } },
{ "type": "Feature", "properties": { "P12_001": 10309, "P12_002": "七日市", "P12_003": "21", "P12_004": "21210", "P12_005": "‐", "P12_006": "恵那市大井町", "P12_007": 1 }, "geometry": { "type": "MultiPoint", "coordinates": [ [ 137.408749999512906, 35.453390000148431 ] ] } },
{ "type": "Feature", "properties": { "P12_001": 10310, "P12_002": "ちょっとおんさい祭・光秀まつり（明智）", "P12_003": "21", "P12_004": "21210", "P12_005": "‐", "P12_006": "恵那市明智町", "P12_007": 1 }, "geometry": { "type": "MultiPoint", "coordinates": [ [ 137.388941000626687, 35.304112999615313 ] ] } },
{ "type": "Feature", "properties": { "P12_001": 10311, "P12_002": "みのじのみのり祭", "P12_003": "21", "P12_004": "21210", "P12_005": "‐", "P12_006": "恵那市大井町（恵那駅周辺）", "P12_007": 1 }, "geometry": { "type": "MultiPoint", "coordinates": [ [ 137.408133999884285, 35.454906999958155 ] ] } },
{ "type": "Feature", "properties": { "P12_001": 10312, "P12_002": "かえでまつり（明智）", "P12_003": "21", "P12_004": "21210", "P12_005": "‐", "P12_006": "恵那市明智町", "P12_007": 1 }, "geometry": { "type": "MultiPoint", "coordinates": [ [ 137.378831999397335, 35.313386999210707 ] ] } },
{ "type": "Feature", "properties": { "P12_001": 10313, "P12_002": "いわむら城下おかげまつり（岩村町産業祭）", "P12_003": "21", "P12_004": "21210", "P12_005": "‐", "P12_006": "恵那市岩村町1657-1　", "P12_007": 1 }, "geometry": { "type": "MultiPoint", "coordinates": [ [ 137.434966667078129, 35.366170555526764 ] ] } },
{ "type": "Feature", "properties": { "P12_001": 10314, "P12_002": "ザ・縁日　ふるさと創生花火（岩村）", "P12_003": "21", "P12_004": "21210", "P12_005": "‐", "P12_006": "恵那市岩村町飯羽間2981-1", "P12_007": 1 }, "geometry": { "type": "MultiPoint", "coordinates": [ [ 137.438680999328767, 35.375928000077181 ] ] } },
{ "type": "Feature", "properties": { "P12_001": 10315, "P12_002": "明智町納涼花火大会", "P12_003": "21", "P12_004": "21210", "P12_005": "‐", "P12_006": "恵那市明智町456", "P12_007": 1 }, "geometry": { "type": "MultiPoint", "coordinates": [ [ 137.385987600947146, 35.298659999959057 ] ] } },
{ "type": "Feature", "properties": { "P12_001": 10316, "P12_002": "爪切地蔵尊奉納花火大会", "P12_003": "21", "P12_004": "21210", "P12_005": "‐", "P12_006": "恵那市山岡町久保原388", "P12_007": 1 }, "geometry": { "type": "MultiPoint", "coordinates": [ [ 137.39507279957013, 35.36882499987388 ] ] } },
{ "type": "Feature", "properties": { "P12_001": 10317, "P12_002": "恵那産業博覧会", "P12_003": "21", "P12_004": "21210", "P12_005": "‐", "P12_006": "恵那市長島町中野1269?389", "P12_007": 1 }, "geometry": { "type": "MultiPoint", "coordinates": [ [ 137.378391944932332, 35.442813333468621 ] ] } },
{ "type": "Feature", "properties": { "P12_001": 10318, "P12_002": "恵那市観光物産館「えなてらす」", "P12_003": "21", "P12_004": "21210", "P12_005": "‐", "P12_006": "恵那市大井町286-25", "P12_007": 6 }, "geometry": { "type": "MultiPoint", "coordinates": [ [ 137.408632777380831, 35.45534444459048 ] ] } },
{ "type": "Feature", "properties": { "P12_001": 10319, "P12_002": "恵那銀の森", "P12_003": "21", "P12_004": "21210", "P12_005": "‐", "P12_006": "恵那市大井町2711-2", "P12_007": 6 }, "geometry": { "type": "MultiPoint", "coordinates": [ [ 137.403114444675907, 35.470721389280754 ] ] } },
{ "type": "Feature", "properties": { "P12_001": 10320, "P12_002": "恵那まちなか市", "P12_003": "21", "P12_004": "21210", "P12_005": "‐", "P12_006": "恵那市", "P12_007": 1 }, "geometry": { "type": "MultiPoint", "coordinates": [ [ 137.41280472246001, 35.449293888602142 ] ] } },
{ "type": "Feature", "properties": { "P12_001": 10321, "P12_002": "いわむら城下町のひなまつり", "P12_003": "21", "P12_004": "21210", "P12_005": "‐", "P12_006": "恵那市岩村町", "P12_007": 1 }, "geometry": { "type": "MultiPoint", "coordinates": [ [ 137.44239999906074, 35.36510899938088 ] ] } },
{ "type": "Feature", "properties": { "P12_001": 10322, "P12_002": "ぎふ清流国体・ぎふ清流大会（恵那市）", "P12_003": "21", "P12_004": "21210", "P12_005": "‐", "P12_006": "恵那市", "P12_007": 1 }, "geometry": { "type": "MultiPoint", "coordinates": [ [ 137.41280472246001, 35.449293888602142 ] ] } },
{ "type": "Feature", "properties": { "P12_001": 10323, "P12_002": "日本ライン下り", "P12_003": "21", "P12_004": "21211", "P12_005": "‐", "P12_006": "美濃加茂市御門町2-6-5", "P12_007": 4 }, "geometry": { "type": "MultiPoint", "coordinates": [ [ 137.033482500517039, 35.437649444266469 ] ] } },
{ "type": "Feature", "properties": { "P12_001": 10324, "P12_002": "古井の天狗山", "P12_003": "21", "P12_004": "21211", "P12_005": "‐", "P12_006": "美濃加茂市森山町3-5-57", "P12_007": 2 }, "geometry": { "type": "MultiPoint", "coordinates": [ [ 137.051701667098314, 35.460809722690612 ] ] } },
{ "type": "Feature", "properties": { "P12_001": 10325, "P12_002": "正眼寺カントリークラブ　", "P12_003": "21", "P12_004": "21211", "P12_005": "‐", "P12_006": "美濃加茂市伊深町2345", "P12_007": 4 }, "geometry": { "type": "MultiPoint", "coordinates": [ [ 137.002593333315758, 35.512561944578124 ] ] } },
{ "type": "Feature", "properties": { "P12_001": 10326, "P12_002": "賑済寺ゴルフ場", "P12_003": "21", "P12_004": "21211", "P12_005": "‐", "P12_006": "美濃加茂市山之上町3300-1", "P12_007": 4 }, "geometry": { "type": "MultiPoint", "coordinates": [ [ 137.047375555737403, 35.487564166852849 ] ] } },
{ "type": "Feature", "properties": { "P12_001": 10327, "P12_002": "太田宿中山道会館", "P12_003": "21", "P12_004": "21211", "P12_005": "‐", "P12_006": "美濃加茂市太田本町3-3-31", "P12_007": 6 }, "geometry": { "type": "MultiPoint", "coordinates": [ [ 137.013115277148358, 35.437557499379125 ] ] } },
{ "type": "Feature", "properties": { "P12_001": 10328, "P12_002": "みのかも健康の森", "P12_003": "21", "P12_004": "21211", "P12_005": "‐", "P12_006": "美濃加茂市山之上町7559", "P12_007": 4 }, "geometry": { "type": "MultiPoint", "coordinates": [ [ 137.026446667080108, 35.502286666796294 ] ] } },
{ "type": "Feature", "properties": { "P12_001": 10329, "P12_002": "小山観音", "P12_003": "21", "P12_004": "21211", "P12_005": "‐", "P12_006": "美濃加茂市下米田町小山223-1", "P12_007": 2 }, "geometry": { "type": "MultiPoint", "coordinates": [ [ 137.053373352997937, 35.454413478099582 ] ] } },
{ "type": "Feature", "properties": { "P12_001": 10330, "P12_002": "中山道太田宿", "P12_003": "21", "P12_004": "21211", "P12_005": "‐", "P12_006": "美濃加茂市太田本町", "P12_007": 2 }, "geometry": { "type": "MultiPoint", "coordinates": [ [ 137.013570556236232, 35.437929167597076 ] ] } },
{ "type": "Feature", "properties": { "P12_001": 10331, "P12_002": "平成記念公園日本昭和村", "P12_003": "21", "P12_004": "21211", "P12_005": "‐", "P12_006": "美濃加茂市山之上町2292-1", "P12_007": 4 }, "geometry": { "type": "MultiPoint", "coordinates": [ [ 137.030226272124878, 35.473419479525433 ] ] } },
{ "type": "Feature", "properties": { "P12_001": 10332, "P12_002": "みのかも文化の森", "P12_003": "21", "P12_004": "21211", "P12_005": "‐", "P12_006": "美濃加茂市蜂屋町上蜂屋3299-1", "P12_007": 2 }, "geometry": { "type": "MultiPoint", "coordinates": [ [ 137.022142672746213, 35.456887292714441 ] ] } },
{ "type": "Feature", "properties": { "P12_001": 10333, "P12_002": "みのかも市民祭", "P12_003": "21", "P12_004": "21211", "P12_005": "‐", "P12_006": "美濃加茂市太田町", "P12_007": 1 }, "geometry": { "type": "MultiPoint", "coordinates": [ [ 137.030226272124878, 35.473419479525433 ] ] } },
{ "type": "Feature", "properties": { "P12_001": 10334, "P12_002": "おん祭ＭＩＮＯＫＡＭＯ夏の陣", "P12_003": "21", "P12_004": "21211", "P12_005": "‐", "P12_006": "美濃加茂市太田本町　および　古井町下古井", "P12_007": 1 }, "geometry": { "type": "MultiPoint", "coordinates": [ [ 137.013570556236232, 35.437929167597076 ] ] } },
{ "type": "Feature", "properties": { "P12_001": 10335, "P12_002": "おん祭ＭＩＮＯＫＡＭＯ秋の陣", "P12_003": "21", "P12_004": "21211", "P12_005": "‐", "P12_006": "美濃加茂市太田本町", "P12_007": 1 }, "geometry": { "type": "MultiPoint", "coordinates": [ [ 137.013570556236232, 35.437929167597076 ] ] } },
{ "type": "Feature", "properties": { "P12_001": 10336, "P12_002": "ぎふ清流国体・ぎふ清流大会（美濃加茂市）", "P12_003": "21", "P12_004": "21211", "P12_005": "‐", "P12_006": "美濃加茂市", "P12_007": 1 }, "geometry": { "type": "MultiPoint", "coordinates": [ [ 137.015701111317298, 35.440222222077921 ] ] } },
{ "type": "Feature", "properties": { "P12_001": 10337, "P12_002": "新陽ｶﾝﾄﾘｰ倶楽部", "P12_003": "21", "P12_004": "21212", "P12_005": "‐", "P12_006": "土岐市鶴里町細野1378-3", "P12_007": 4 }, "geometry": { "type": "MultiPoint", "coordinates": [ [ 137.228624722153313, 35.286746111543891 ] ] } },
{ "type": "Feature", "properties": { "P12_001": 10338, "P12_002": "美濃焼伝統産業会館", "P12_003": "21", "P12_004": "21212", "P12_005": "‐", "P12_006": "土岐市泉町久尻1429-8", "P12_007": 2 }, "geometry": { "type": "MultiPoint", "coordinates": [ [ 137.15214672878858, 35.381861145075845 ] ] } },
{ "type": "Feature", "properties": { "P12_001": 10339, "P12_002": "名岐国際ゴルフ倶楽部", "P12_003": "21", "P12_004": "21212", "P12_005": "‐", "P12_006": "土岐市妻木町3059-42", "P12_007": 4 }, "geometry": { "type": "MultiPoint", "coordinates": [ [ 137.193384166346277, 35.280671388973474 ] ] } },
{ "type": "Feature", "properties": { "P12_001": 10340, "P12_002": "バーデンパークＳＯＧＩ", "P12_003": "21", "P12_004": "21212", "P12_005": "‐", "P12_006": "土岐市曽木町1300-1", "P12_007": 3 }, "geometry": { "type": "MultiPoint", "coordinates": [ [ 137.264970556446087, 35.295285554784584 ] ] } },
{ "type": "Feature", "properties": { "P12_001": 10341, "P12_002": "道の駅　どんぶり会館", "P12_003": "21", "P12_004": "21212", "P12_005": "‐", "P12_006": "土岐市肥田町肥田286-15", "P12_007": 6 }, "geometry": { "type": "MultiPoint", "coordinates": [ [ 137.223291707346448, 35.336086710533323 ] ] } },
{ "type": "Feature", "properties": { "P12_001": 10342, "P12_002": "道の駅　志野・織部", "P12_003": "21", "P12_004": "21212", "P12_005": "‐", "P12_006": "土岐市泉北山町2-13-1", "P12_007": 6 }, "geometry": { "type": "MultiPoint", "coordinates": [ [ 137.187976963765891, 35.394155572621628 ] ] } },
{ "type": "Feature", "properties": { "P12_001": 10343, "P12_002": "土岐プレミアム・アウトレット", "P12_003": "21", "P12_004": "21212", "P12_005": "‐", "P12_006": "土岐市土岐ヶ丘1-2", "P12_007": 5 }, "geometry": { "type": "MultiPoint", "coordinates": [ [ 137.165672188820508, 35.340182391304381 ] ] } },
{ "type": "Feature", "properties": { "P12_001": 10344, "P12_002": "春の美濃焼伝統工芸品まつり", "P12_003": "21", "P12_004": "21212", "P12_005": "‐", "P12_006": "土岐市泉町久尻1429-8", "P12_007": 1 }, "geometry": { "type": "MultiPoint", "coordinates": [ [ 137.15214672878858, 35.381861145075845 ] ] } },
{ "type": "Feature", "properties": { "P12_001": 10345, "P12_002": "下石どえらあええ陶器祭り", "P12_003": "21", "P12_004": "21212", "P12_005": "‐", "P12_006": "土岐市下石町900-1", "P12_007": 1 }, "geometry": { "type": "MultiPoint", "coordinates": [ [ 137.187286944536936, 35.325204722220178 ] ] } },
{ "type": "Feature", "properties": { "P12_001": 10346, "P12_002": "曽木公園もみじライトアップ", "P12_003": "21", "P12_004": "21212", "P12_005": "‐", "P12_006": "土岐市曽木町", "P12_007": 1 }, "geometry": { "type": "MultiPoint", "coordinates": [ [ 137.263009492993774, 35.296096583190831 ] ] } },
{ "type": "Feature", "properties": { "P12_001": 10347, "P12_002": "駄知どんぶりまつり", "P12_003": "21", "P12_004": "21212", "P12_005": "‐", "P12_006": "土岐市駄知町1898-2", "P12_007": 1 }, "geometry": { "type": "MultiPoint", "coordinates": [ [ 137.227457961515825, 35.327571164077995 ] ] } },
{ "type": "Feature", "properties": { "P12_001": 10348, "P12_002": "美濃焼伝統工芸品まつり", "P12_003": "21", "P12_004": "21212", "P12_005": "‐", "P12_006": "土岐市泉町久尻1429-8", "P12_007": 1 }, "geometry": { "type": "MultiPoint", "coordinates": [ [ 137.15214672878858, 35.381861145075845 ] ] } },
{ "type": "Feature", "properties": { "P12_001": 10349, "P12_002": "炎の祭典　土岐市織部まつり", "P12_003": "21", "P12_004": "21212", "P12_005": "‐", "P12_006": "土岐市土岐津町高山", "P12_007": 1 }, "geometry": { "type": "MultiPoint", "coordinates": [ [ 137.184458978699013, 35.357503311428729 ] ] } },
{ "type": "Feature", "properties": { "P12_001": 10350, "P12_002": "ＴＯＫＩ−陶器祭り", "P12_003": "21", "P12_004": "21212", "P12_005": "‐", "P12_006": "土岐市土岐津町高山4", "P12_007": 1 }, "geometry": { "type": "MultiPoint", "coordinates": [ [ 137.188023055819485, 35.358304721585682 ] ] } },
{ "type": "Feature", "properties": { "P12_001": 10351, "P12_002": "土岐美濃焼まつり", "P12_003": "21", "P12_004": "21212", "P12_005": "‐", "P12_006": "土岐市泉北山町3-1", "P12_007": 1 }, "geometry": { "type": "MultiPoint", "coordinates": [ [ 137.186237777451538, 35.394222499269006 ] ] } },
{ "type": "Feature", "properties": { "P12_001": 10352, "P12_002": "織部の里公園", "P12_003": "21", "P12_004": "21212", "P12_005": "‐", "P12_006": "土岐市泉町久尻1246-1", "P12_007": 2 }, "geometry": { "type": "MultiPoint", "coordinates": [ [ 137.176026552983103, 35.366361790064616 ] ] } },
{ "type": "Feature", "properties": { "P12_001": 10353, "P12_002": "土岐クラフトフェア", "P12_003": "21", "P12_004": "21212", "P12_005": "‐", "P12_006": "土岐市土岐ヶ丘4-1-1", "P12_007": 1 }, "geometry": { "type": "MultiPoint", "coordinates": [ [ 137.168247327352333, 35.336607026792876 ] ] } },
{ "type": "Feature", "properties": { "P12_001": 10354, "P12_002": "だち窯やまつり", "P12_003": "21", "P12_004": "21212", "P12_005": "‐", "P12_006": "土岐市駄知町南山公園周辺", "P12_007": 1 }, "geometry": { "type": "MultiPoint", "coordinates": [ [ 137.228890000573188, 35.326585999943973 ] ] } },
{ "type": "Feature", "properties": { "P12_001": 10355, "P12_002": "定林寺まつり　窯元めぐり", "P12_003": "21", "P12_004": "21212", "P12_005": "‐", "P12_006": "土岐市泉町定林寺地域", "P12_007": 1 }, "geometry": { "type": "MultiPoint", "coordinates": [ [ 137.196344999821918, 35.369342999479898 ] ] } },
{ "type": "Feature", "properties": { "P12_001": 10356, "P12_002": "ぎふ清流国体・ぎふ清流大会（土岐市）", "P12_003": "21", "P12_004": "21212", "P12_005": "‐", "P12_006": "土岐市", "P12_007": 1 }, "geometry": { "type": "MultiPoint", "coordinates": [ [ 137.183212500356717, 35.35250027856506 ] ] } },
{ "type": "Feature", "properties": { "P12_001": 10357, "P12_002": "内藤記念くすり博物館", "P12_003": "21", "P12_004": "21213", "P12_005": "‐", "P12_006": "各務原市川島竹早町1", "P12_007": 2 }, "geometry": { "type": "MultiPoint", "coordinates": [ [ 136.844383888505718, 35.364484166611078 ] ] } },
{ "type": "Feature", "properties": { "P12_001": 10358, "P12_002": "県営各務原公園", "P12_003": "21", "P12_004": "21213", "P12_005": "‐", "P12_006": "各務原市鵜沼大安寺町1-84", "P12_007": 4 }, "geometry": { "type": "MultiPoint", "coordinates": [ [ 136.933023591065989, 35.424906006806793 ] ] } },
{ "type": "Feature", "properties": { "P12_001": 10359, "P12_002": "かかみがはら航空宇宙科学博物館", "P12_003": "21", "P12_004": "21213", "P12_005": "‐", "P12_006": "各務原市下切町5-1", "P12_007": 2 }, "geometry": { "type": "MultiPoint", "coordinates": [ [ 136.861477221696532, 35.387779444965474 ] ] } },
{ "type": "Feature", "properties": { "P12_001": 10360, "P12_002": "各務原市民プール", "P12_003": "21", "P12_004": "21213", "P12_005": "‐", "P12_006": "各務原市鵜沼小伊木町4-300", "P12_007": 4 }, "geometry": { "type": "MultiPoint", "coordinates": [ [ 136.928976111258635, 35.387996666313143 ] ] } },
{ "type": "Feature", "properties": { "P12_001": 10361, "P12_002": "国営木曽三川公園かさだ広場各務原アウトドアフィールド", "P12_003": "21", "P12_004": "21213", "P12_005": "‐", "P12_006": "各務原市川島笠田町1564-1", "P12_007": 4 }, "geometry": { "type": "MultiPoint", "coordinates": [ [ 136.823576715892841, 35.373622025935788 ] ] } },
{ "type": "Feature", "properties": { "P12_001": 10362, "P12_002": "岐阜県世界淡水魚園水族館（アクア・トト　ぎふ）", "P12_003": "21", "P12_004": "21213", "P12_005": "‐", "P12_006": "各務原市川島笠田町1453", "P12_007": 2 }, "geometry": { "type": "MultiPoint", "coordinates": [ [ 136.810550000082458, 35.371727777614922 ] ] } },
{ "type": "Feature", "properties": { "P12_001": 10363, "P12_002": "河川環境楽園", "P12_003": "21", "P12_004": "21213", "P12_005": "‐", "P12_006": "各務原市川島笠田町官有地無番地", "P12_007": 6 }, "geometry": { "type": "MultiPoint", "coordinates": [ [ 136.81574666687527, 35.373326666992114 ] ] } },
{ "type": "Feature", "properties": { "P12_001": 10364, "P12_002": "木曽川うかい", "P12_003": "21", "P12_004": "21213", "P12_005": "‐", "P12_006": "各務原市鵜沼南町6", "P12_007": 2 }, "geometry": { "type": "MultiPoint", "coordinates": [ [ 136.943854185822033, 35.393610289383389 ] ] } },
{ "type": "Feature", "properties": { "P12_001": 10365, "P12_002": "おがせ池夏まつり花火大会", "P12_003": "21", "P12_004": "21213", "P12_005": "‐", "P12_006": "各務原市各務おがせ町7", "P12_007": 1 }, "geometry": { "type": "MultiPoint", "coordinates": [ [ 136.910224603582606, 35.412302777251398 ] ] } },
{ "type": "Feature", "properties": { "P12_001": 10366, "P12_002": "各務原市産業農業祭", "P12_003": "21", "P12_004": "21213", "P12_005": "‐", "P12_006": "各務原市各務西町4-317-7", "P12_007": 1 }, "geometry": { "type": "MultiPoint", "coordinates": [ [ 136.884278036602154, 35.409401595807026 ] ] } },
{ "type": "Feature", "properties": { "P12_001": 10367, "P12_002": "かわしま燦々夏まつり", "P12_003": "21", "P12_004": "21213", "P12_005": "‐", "P12_006": "各務原市川島笠田町官有地無番地", "P12_007": 1 }, "geometry": { "type": "MultiPoint", "coordinates": [ [ 136.810446045648519, 35.373021343560197 ] ] } },
{ "type": "Feature", "properties": { "P12_001": 10368, "P12_002": "航空祭", "P12_003": "21", "P12_004": "21213", "P12_005": "‐", "P12_006": "各務原市那加官有地無番地", "P12_007": 1 }, "geometry": { "type": "MultiPoint", "coordinates": [ [ 136.869310000156474, 35.394467999798394 ] ] } },
{ "type": "Feature", "properties": { "P12_001": 10369, "P12_002": "日本ライン夏まつり納涼花火大会", "P12_003": "21", "P12_004": "21213", "P12_005": "‐", "P12_006": "各務原市鵜沼南町", "P12_007": 1 }, "geometry": { "type": "MultiPoint", "coordinates": [ [ 136.939281192573048, 35.390444291770677 ] ] } },
{ "type": "Feature", "properties": { "P12_001": 10370, "P12_002": "各務原市桜まつり", "P12_003": "21", "P12_004": "21213", "P12_005": "‐", "P12_006": "各務原市那加門前町3", "P12_007": 1 }, "geometry": { "type": "MultiPoint", "coordinates": [ [ 136.844345555802875, 35.399226389186538 ] ] } },
{ "type": "Feature", "properties": { "P12_001": 10371, "P12_002": "大安寺川ホタルまつり", "P12_003": "21", "P12_004": "21213", "P12_005": "‐", "P12_006": "各務原市鵜沼西町　および　大安寺町", "P12_007": 1 }, "geometry": { "type": "MultiPoint", "coordinates": [ [ 136.941282164340464, 35.414118774661745 ] ] } },
{ "type": "Feature", "properties": { "P12_001": 10372, "P12_002": "ぎふ清流国体・ぎふ清流大会（各務原市）", "P12_003": "21", "P12_004": "21213", "P12_005": "‐", "P12_006": "各務原市", "P12_007": 1 }, "geometry": { "type": "MultiPoint", "coordinates": [ [ 136.848313334093177, 35.39888972258268 ] ] } },
{ "type": "Feature", "properties": { "P12_001": 10373, "P12_002": "愛岐カントリークラブ", "P12_003": "21", "P12_004": "21214", "P12_005": "‐", "P12_006": "可児市大森1501", "P12_007": 4 }, "geometry": { "type": "MultiPoint", "coordinates": [ [ 137.10474611134407, 35.376372222000498 ] ] } },
{ "type": "Feature", "properties": { "P12_001": 10374, "P12_002": "小萱ＯＧＭチェリークリークカントリークラブ", "P12_003": "21", "P12_004": "21214", "P12_005": "‐", "P12_006": "可児市久々利小栗431-5", "P12_007": 4 }, "geometry": { "type": "MultiPoint", "coordinates": [ [ 137.121897999393241, 35.410867999758409 ] ] } },
{ "type": "Feature", "properties": { "P12_001": 10375, "P12_002": "富士カントリー可児クラブ　美濃ゴルフ場", "P12_003": "21", "P12_004": "21214", "P12_005": "‐", "P12_006": "可児市柿下3-88", "P12_007": 4 }, "geometry": { "type": "MultiPoint", "coordinates": [ [ 137.137656000324228, 35.389204000764096 ] ] } },
{ "type": "Feature", "properties": { "P12_001": 10376, "P12_002": "日本ラインゴルフ倶楽部", "P12_003": "21", "P12_004": "21214", "P12_005": "‐", "P12_006": "可児市室原87", "P12_007": 4 }, "geometry": { "type": "MultiPoint", "coordinates": [ [ 137.028477499936685, 35.394736388973229 ] ] } },
{ "type": "Feature", "properties": { "P12_001": 10377, "P12_002": "東建塩河カントリークラブ", "P12_003": "21", "P12_004": "21214", "P12_005": "‐", "P12_006": "可児市塩河846-1", "P12_007": 4 }, "geometry": { "type": "MultiPoint", "coordinates": [ [ 137.043506000501566, 35.368674001004422 ] ] } },
{ "type": "Feature", "properties": { "P12_001": 10378, "P12_002": "富士カントリー可児クラブ　可児ゴルフ場", "P12_003": "21", "P12_004": "21214", "P12_005": "‐", "P12_006": "可児市久々利221-2", "P12_007": 4 }, "geometry": { "type": "MultiPoint", "coordinates": [ [ 137.149844000300391, 35.393671999063542 ] ] } },
{ "type": "Feature", "properties": { "P12_001": 10379, "P12_002": "天然温泉　三峰", "P12_003": "21", "P12_004": "21214", "P12_005": "‐", "P12_006": "可児市大森1748-1", "P12_007": 3 }, "geometry": { "type": "MultiPoint", "coordinates": [ [ 137.08074445329396, 35.388869342346311 ] ] } },
{ "type": "Feature", "properties": { "P12_001": 10380, "P12_002": "湯の華アイランド", "P12_003": "21", "P12_004": "21214", "P12_005": "‐", "P12_006": "可児市土田4800-1", "P12_007": 3 }, "geometry": { "type": "MultiPoint", "coordinates": [ [ 137.005336111772181, 35.423954166151873 ] ] } },
{ "type": "Feature", "properties": { "P12_001": 10381, "P12_002": "花フェスタ記念公園", "P12_003": "21", "P12_004": "21214", "P12_005": "‐", "P12_006": "可児市瀬田1584-1", "P12_007": 4 }, "geometry": { "type": "MultiPoint", "coordinates": [ [ 137.098267992473893, 35.420906056169599 ] ] } },
{ "type": "Feature", "properties": { "P12_001": 10382, "P12_002": "ＪＡ　めぐみのとれったひろば", "P12_003": "21", "P12_004": "21214", "P12_005": "‐", "P12_006": "可児市坂戸59", "P12_007": 5 }, "geometry": { "type": "MultiPoint", "coordinates": [ [ 137.040658611106096, 35.416377500221529 ] ] } },
{ "type": "Feature", "properties": { "P12_001": 10383, "P12_002": "名古屋ヒルズゴルフ倶楽部　ローズコース", "P12_003": "21", "P12_004": "21214", "P12_005": "‐", "P12_006": "可児市西帷子125-1", "P12_007": 4 }, "geometry": { "type": "MultiPoint", "coordinates": [ [ 136.991158055999563, 35.404519443517529 ] ] } },
{ "type": "Feature", "properties": { "P12_001": 10384, "P12_002": "中部国際ゴルフクラブ", "P12_003": "21", "P12_004": "21214", "P12_005": "‐", "P12_006": "可児市柿下126-2", "P12_007": 4 }, "geometry": { "type": "MultiPoint", "coordinates": [ [ 137.120135555711386, 35.388384999867924 ] ] } },
{ "type": "Feature", "properties": { "P12_001": 10385, "P12_002": "鳩吹山", "P12_003": "21", "P12_004": "21214", "P12_005": "‐", "P12_006": "可児市土田西帷子", "P12_007": 1 }, "geometry": { "type": "MultiPoint", "coordinates": [ [ 136.998955000073238, 35.419009000165261 ] ] } },
{ "type": "Feature", "properties": { "P12_001": 10386, "P12_002": "今渡市民テニス場", "P12_003": "21", "P12_004": "21214", "P12_005": "‐", "P12_006": "可児市今渡2121", "P12_007": 4 }, "geometry": { "type": "MultiPoint", "coordinates": [ [ 137.035812222156437, 35.42635999921464 ] ] } },
{ "type": "Feature", "properties": { "P12_001": 10387, "P12_002": "可児夏まつり", "P12_003": "21", "P12_004": "21214", "P12_005": "‐", "P12_006": "可児市広見", "P12_007": 1 }, "geometry": { "type": "MultiPoint", "coordinates": [ [ 137.062145133391255, 35.425955163100355 ] ] } },
{ "type": "Feature", "properties": { "P12_001": 10388, "P12_002": "道の駅　可児ッテ　ＣＡＮＩＴＴＥ", "P12_003": "21", "P12_004": "21214", "P12_005": "‐", "P12_006": "可児市柿田字杉坪416-1", "P12_007": 6 }, "geometry": { "type": "MultiPoint", "coordinates": [ [ 137.101259722158488, 35.430172499661182 ] ] } },
{ "type": "Feature", "properties": { "P12_001": 10389, "P12_002": "伊自良湖エリア", "P12_003": "21", "P12_004": "21215", "P12_005": "‐", "P12_006": "山県市長滝25-1", "P12_007": 1 }, "geometry": { "type": "MultiPoint", "coordinates": [ [ 136.700005277521655, 35.567119722097573 ] ] } },
{ "type": "Feature", "properties": { "P12_001": 10390, "P12_002": "四国山香りの森公園", "P12_003": "21", "P12_004": "21215", "P12_005": "‐", "P12_006": "山県市大桑726-1", "P12_007": 4 }, "geometry": { "type": "MultiPoint", "coordinates": [ [ 136.759158006137113, 35.536818378765247 ] ] } },
{ "type": "Feature", "properties": { "P12_001": 10391, "P12_002": "グリーンプラザみやま", "P12_003": "21", "P12_004": "21215", "P12_005": "‐", "P12_006": "山県市片原180-6", "P12_007": 4 }, "geometry": { "type": "MultiPoint", "coordinates": [ [ 136.742853589721449, 35.609066343437064 ] ] } },
{ "type": "Feature", "properties": { "P12_001": 10392, "P12_002": "ふれあいバザール", "P12_003": "21", "P12_004": "21215", "P12_005": "‐", "P12_006": "山県市船越416-13", "P12_007": 5 }, "geometry": { "type": "MultiPoint", "coordinates": [ [ 136.786553999667376, 35.590613999736377 ] ] } },
{ "type": "Feature", "properties": { "P12_001": 10393, "P12_002": "てんこもり農産物直売所", "P12_003": "21", "P12_004": "21215", "P12_005": "‐", "P12_006": "山県市小倉755-2", "P12_007": 5 }, "geometry": { "type": "MultiPoint", "coordinates": [ [ 136.734941264427903, 35.516432995386481 ] ] } },
{ "type": "Feature", "properties": { "P12_001": 10394, "P12_002": "ふるさと栗まつり", "P12_003": "21", "P12_004": "21215", "P12_005": "‐", "P12_006": "山県市大桑726-1", "P12_007": 1 }, "geometry": { "type": "MultiPoint", "coordinates": [ [ 136.75851649184267, 35.536777503678877 ] ] } },
{ "type": "Feature", "properties": { "P12_001": 10395, "P12_002": "ぎふ清流国体・ぎふ清流大会（山県市）", "P12_003": "21", "P12_004": "21215", "P12_005": "‐", "P12_006": "山県市", "P12_007": 1 }, "geometry": { "type": "MultiPoint", "coordinates": [ [ 136.78136750060969, 35.506135277720944 ] ] } },
{ "type": "Feature", "properties": { "P12_001": 10396, "P12_002": "みずほ汽車まつり", "P12_003": "21", "P12_004": "21216", "P12_005": "‐", "P12_006": "瑞穂市別府1288", "P12_007": 1 }, "geometry": { "type": "MultiPoint", "coordinates": [ [ 136.690839443885238, 35.39184194435029 ] ] } },
{ "type": "Feature", "properties": { "P12_001": 10397, "P12_002": "みずほふれあいフェスタ", "P12_003": "21", "P12_004": "21216", "P12_005": "‐", "P12_006": "瑞穂市宮田300-2", "P12_007": 1 }, "geometry": { "type": "MultiPoint", "coordinates": [ [ 136.649876667374315, 35.404091111715502 ] ] } },
{ "type": "Feature", "properties": { "P12_001": 10398, "P12_002": "ぎふ清流国体・ぎふ清流大会（瑞穂市）", "P12_003": "21", "P12_004": "21216", "P12_005": "‐", "P12_006": "瑞穂市", "P12_007": 1 }, "geometry": { "type": "MultiPoint", "coordinates": [ [ 136.690839443885238, 35.39184194435029 ] ] } },
{ "type": "Feature", "properties": { "P12_001": 10399, "P12_002": "ふれあい広場", "P12_003": "21", "P12_004": "21217", "P12_005": "‐", "P12_006": "飛騨市古川町黒内673", "P12_007": 4 }, "geometry": { "type": "MultiPoint", "coordinates": [ [ 137.115263000087452, 36.248547000044084 ] ] } },
{ "type": "Feature", "properties": { "P12_001": 10400, "P12_002": "飛騨かわいスキー場", "P12_003": "21", "P12_004": "21217", "P12_005": "‐", "P12_006": "飛騨市河合町稲越2824", "P12_007": 4 }, "geometry": { "type": "MultiPoint", "coordinates": [ [ 137.081032999873059, 36.239993999523506 ] ] } },
{ "type": "Feature", "properties": { "P12_001": 10401, "P12_002": "スターシュープール緑風リゾート飛騨流葉スキー場", "P12_003": "21", "P12_004": "21217", "P12_005": "‐", "P12_006": "飛騨市神岡町伏方150", "P12_007": 4 }, "geometry": { "type": "MultiPoint", "coordinates": [ [ 137.245111834043996, 36.307586704562823 ] ] } },
{ "type": "Feature", "properties": { "P12_001": 10402, "P12_002": "奥飛騨数河流葉県立自然公園", "P12_003": "21", "P12_004": "21217", "P12_005": "‐", "P12_006": "飛騨市古川町数河8-3", "P12_007": 1 }, "geometry": { "type": "MultiPoint", "coordinates": [ [ 137.216784926183436, 36.301240216762665 ] ] } },
{ "type": "Feature", "properties": { "P12_001": 10403, "P12_002": "流葉温泉ニュートリノ", "P12_003": "21", "P12_004": "21217", "P12_005": "‐", "P12_006": "飛騨市神岡町伏方150", "P12_007": 3 }, "geometry": { "type": "MultiPoint", "coordinates": [ [ 137.245111834043996, 36.307586704562823 ] ] } },
{ "type": "Feature", "properties": { "P12_001": 10404, "P12_002": "道の駅（アルプ飛騨古川）", "P12_003": "21", "P12_004": "21217", "P12_005": "‐", "P12_006": "飛騨市古川町上町1348-2", "P12_007": 6 }, "geometry": { "type": "MultiPoint", "coordinates": [ [ 137.192280563297459, 36.220552816159568 ] ] } },
{ "type": "Feature", "properties": { "P12_001": 10405, "P12_002": "道の駅（宙ドーム）", "P12_003": "21", "P12_004": "21217", "P12_005": "‐", "P12_006": "飛騨市神岡町夕陽ケ丘6", "P12_007": 6 }, "geometry": { "type": "MultiPoint", "coordinates": [ [ 137.307148611119601, 36.329015000242123 ] ] } },
{ "type": "Feature", "properties": { "P12_001": 10406, "P12_002": "飛騨古川　古い町並み", "P12_003": "21", "P12_004": "21217", "P12_005": "‐", "P12_006": "飛騨市古川町金森町8-32", "P12_007": 2 }, "geometry": { "type": "MultiPoint", "coordinates": [ [ 137.185901167504994, 36.237755910706767 ] ] } },
{ "type": "Feature", "properties": { "P12_001": 10407, "P12_002": "香愛ローズガーデン", "P12_003": "21", "P12_004": "21217", "P12_005": "‐", "P12_006": "飛騨市河合町角川780", "P12_007": 2 }, "geometry": { "type": "MultiPoint", "coordinates": [ [ 137.095322000510009, 36.304965999181547 ] ] } },
{ "type": "Feature", "properties": { "P12_001": 10408, "P12_002": "奥飛騨山之村牧場", "P12_003": "21", "P12_004": "21217", "P12_005": "‐", "P12_006": "飛騨市神岡町森茂1157", "P12_007": 2 }, "geometry": { "type": "MultiPoint", "coordinates": [ [ 137.3637100008159, 36.37646000012893 ] ] } },
{ "type": "Feature", "properties": { "P12_001": 10409, "P12_002": "飛騨まんが王国関連施設", "P12_003": "21", "P12_004": "21217", "P12_005": "‐", "P12_006": "飛騨市宮川町杉原116", "P12_007": 4 }, "geometry": { "type": "MultiPoint", "coordinates": [ [ 137.19007045598687, 36.411927974696312 ] ] } },
{ "type": "Feature", "properties": { "P12_001": 10410, "P12_002": "ゆぅわ〜くはうす", "P12_003": "21", "P12_004": "21217", "P12_005": "‐", "P12_006": "飛騨市河合町角川350-1", "P12_007": 3 }, "geometry": { "type": "MultiPoint", "coordinates": [ [ 137.10127666628523, 36.304139166988989 ] ] } },
{ "type": "Feature", "properties": { "P12_001": 10411, "P12_002": "初金毘羅宵祭・クリスタルキャンドルタウン・にく祭", "P12_003": "21", "P12_004": "21217", "P12_005": "‐", "P12_006": "飛騨市神岡町市街地", "P12_007": 1 }, "geometry": { "type": "MultiPoint", "coordinates": [ [ 137.296640999782426, 36.329733999224743 ] ] } },
{ "type": "Feature", "properties": { "P12_001": 10412, "P12_002": "飛騨古川そば祭り", "P12_003": "21", "P12_004": "21217", "P12_005": "‐", "P12_006": "飛騨市古川町市街地", "P12_007": 1 }, "geometry": { "type": "MultiPoint", "coordinates": [ [ 137.186310833877997, 36.238118611784557 ] ] } },
{ "type": "Feature", "properties": { "P12_001": 10413, "P12_002": "きつね火まつり", "P12_003": "21", "P12_004": "21217", "P12_005": "‐", "P12_006": "飛騨市古川町市街地", "P12_007": 1 }, "geometry": { "type": "MultiPoint", "coordinates": [ [ 137.186310833877997, 36.238118611784557 ] ] } },
{ "type": "Feature", "properties": { "P12_001": 10414, "P12_002": "三寺まいり", "P12_003": "21", "P12_004": "21217", "P12_005": "‐", "P12_006": "飛騨市古川町市街地", "P12_007": 1 }, "geometry": { "type": "MultiPoint", "coordinates": [ [ 137.186310833877997, 36.238118611784557 ] ] } },
{ "type": "Feature", "properties": { "P12_001": 10415, "P12_002": "古川祭", "P12_003": "21", "P12_004": "21217", "P12_005": "‐", "P12_006": "飛騨市古川町市街地", "P12_007": 1 }, "geometry": { "type": "MultiPoint", "coordinates": [ [ 137.18602238802282, 36.236512904646872 ] ] } },
{ "type": "Feature", "properties": { "P12_001": 10416, "P12_002": "ぎふ清流国体・ぎふ清流大会（飛騨市）", "P12_003": "21", "P12_004": "21217", "P12_005": "‐", "P12_006": "飛騨市", "P12_007": 1 }, "geometry": { "type": "MultiPoint", "coordinates": [ [ 137.186310833877997, 36.238118611784557 ] ] } },
{ "type": "Feature", "properties": { "P12_001": 10417, "P12_002": "ＮＥＯキャンピングパーク", "P12_003": "21", "P12_004": "21218", "P12_005": "‐", "P12_006": "本巣市根尾下大須1428-1", "P12_007": 4 }, "geometry": { "type": "MultiPoint", "coordinates": [ [ 136.670733660630049, 35.709038957082271 ] ] } },
{ "type": "Feature", "properties": { "P12_001": 10418, "P12_002": "糸貫川プール", "P12_003": "21", "P12_004": "21218", "P12_005": "‐", "P12_006": "本巣市長屋262", "P12_007": 4 }, "geometry": { "type": "MultiPoint", "coordinates": [ [ 136.673099746356229, 35.476509939482185 ] ] } },
{ "type": "Feature", "properties": { "P12_001": 10419, "P12_002": "道の駅「淡墨桜の里ねお」", "P12_003": "21", "P12_004": "21218", "P12_005": "‐", "P12_006": "本巣市根尾門脇433-3", "P12_007": 5 }, "geometry": { "type": "MultiPoint", "coordinates": [ [ 136.588885277533564, 35.660303889612862 ] ] } },
{ "type": "Feature", "properties": { "P12_001": 10420, "P12_002": "うすずみ温泉", "P12_003": "21", "P12_004": "21218", "P12_005": "‐", "P12_006": "本巣市根尾門脇422", "P12_007": 3 }, "geometry": { "type": "MultiPoint", "coordinates": [ [ 136.588742502964237, 35.659699045174875 ] ] } },
{ "type": "Feature", "properties": { "P12_001": 10421, "P12_002": "淡墨桜", "P12_003": "21", "P12_004": "21218", "P12_005": "‐", "P12_006": "本巣市根尾板所字上段995", "P12_007": 1 }, "geometry": { "type": "MultiPoint", "coordinates": [ [ 136.608430000743965, 35.632029909552728 ] ] } },
{ "type": "Feature", "properties": { "P12_001": 10422, "P12_002": "道の駅「織部の里もとす」", "P12_003": "21", "P12_004": "21218", "P12_005": "‐", "P12_006": "本巣市山口676", "P12_007": 5 }, "geometry": { "type": "MultiPoint", "coordinates": [ [ 136.667457178606014, 35.49969416865099 ] ] } },
{ "type": "Feature", "properties": { "P12_001": 10423, "P12_002": "根尾川花火大会", "P12_003": "21", "P12_004": "21218", "P12_005": "‐", "P12_006": "本巣市数屋（根尾川河畔　藪川橋上流）", "P12_007": 1 }, "geometry": { "type": "MultiPoint", "coordinates": [ [ 136.648641337028153, 35.466620112028579 ] ] } },
{ "type": "Feature", "properties": { "P12_001": 10424, "P12_002": "もとす産業祭", "P12_003": "21", "P12_004": "21218", "P12_005": "‐", "P12_006": "本巣市三橋1100（モレラ岐阜　屋外特設会場）", "P12_007": 1 }, "geometry": { "type": "MultiPoint", "coordinates": [ [ 136.672721897097972, 35.454286739341626 ] ] } },
{ "type": "Feature", "properties": { "P12_001": 10425, "P12_002": "ぎふ清流国体・ぎふ清流大会（本巣市）", "P12_003": "21", "P12_004": "21218", "P12_005": "‐", "P12_006": "本巣市", "P12_007": 1 }, "geometry": { "type": "MultiPoint", "coordinates": [ [ 136.678604094603315, 35.48298420026066 ] ] } },
{ "type": "Feature", "properties": { "P12_001": 10426, "P12_002": "郡上おどり", "P12_003": "21", "P12_004": "21219", "P12_005": "年中行事", "P12_006": "郡上市八幡町", "P12_007": 1 }, "geometry": { "type": "MultiPoint", "coordinates": [ [ 136.964354000736648, 35.748576999728812 ] ] } },
{ "type": "Feature", "properties": { "P12_001": 10427, "P12_002": "釜ヶ滝", "P12_003": "21", "P12_004": "21219", "P12_005": "‐", "P12_006": "郡上市美並町上田", "P12_007": 1 }, "geometry": { "type": "MultiPoint", "coordinates": [ [ 136.926734999820496, 35.639687000055062 ] ] } },
{ "type": "Feature", "properties": { "P12_001": 10428, "P12_002": "Ｎ．Ａ．Ｏ．明野高原キャンプ場", "P12_003": "21", "P12_004": "21219", "P12_005": "‐", "P12_006": "郡上市高鷲町鮎立5434", "P12_007": 4 }, "geometry": { "type": "MultiPoint", "coordinates": [ [ 136.900103000153422, 35.930067140386257 ] ] } },
{ "type": "Feature", "properties": { "P12_001": 10429, "P12_002": "郡上高原スキー場", "P12_003": "21", "P12_004": "21219", "P12_005": "‐", "P12_006": "郡上市高鷲町鷲見上野2363-395", "P12_007": 4 }, "geometry": { "type": "MultiPoint", "coordinates": [ [ 136.93962406989499, 35.976306583781877 ] ] } },
{ "type": "Feature", "properties": { "P12_001": 10430, "P12_002": "観光ヤナ　", "P12_003": "21", "P12_004": "21219", "P12_005": "‐", "P12_006": "郡上市", "P12_007": 2 }, "geometry": { "type": "MultiPoint", "coordinates": [ [ 136.964354000736648, 35.748576999728812 ] ] } },
{ "type": "Feature", "properties": { "P12_001": 10431, "P12_002": "イトシロシャーロットタウン", "P12_003": "21", "P12_004": "21219", "P12_005": "‐", "P12_006": "郡上市白鳥町石徹白82-1-2", "P12_007": 4 }, "geometry": { "type": "MultiPoint", "coordinates": [ [ 136.77169450599672, 35.969125859670726 ] ] } },
{ "type": "Feature", "properties": { "P12_001": 10432, "P12_002": "道の駅　大日岳", "P12_003": "21", "P12_004": "21219", "P12_005": "‐", "P12_006": "郡上市高鷲町西洞3272-6", "P12_007": 6 }, "geometry": { "type": "MultiPoint", "coordinates": [ [ 136.891072000072768, 35.987645000516409 ] ] } },
{ "type": "Feature", "properties": { "P12_001": 10433, "P12_002": "阿弥陀ケ滝", "P12_003": "21", "P12_004": "21219", "P12_005": "‐", "P12_006": "郡上市白鳥町前谷", "P12_007": 1 }, "geometry": { "type": "MultiPoint", "coordinates": [ [ 136.817681999824458, 35.959519000301668 ] ] } },
{ "type": "Feature", "properties": { "P12_001": 10434, "P12_002": "自然体験施設　", "P12_003": "21", "P12_004": "21219", "P12_005": "‐", "P12_006": "郡上市", "P12_007": 1 }, "geometry": { "type": "MultiPoint", "coordinates": [ [ 136.964354000736648, 35.748576999728812 ] ] } },
{ "type": "Feature", "properties": { "P12_001": 10435, "P12_002": "天然鷲ケ岳温泉", "P12_003": "21", "P12_004": "21219", "P12_005": "‐", "P12_006": "郡上市高鷲町大鷲平沢3262-1", "P12_007": 3 }, "geometry": { "type": "MultiPoint", "coordinates": [ [ 136.919510999433101, 35.944002000591922 ] ] } },
{ "type": "Feature", "properties": { "P12_001": 10436, "P12_002": "めいほう高原", "P12_003": "21", "P12_004": "21219", "P12_005": "‐", "P12_006": "郡上市明宝奥住水沢上", "P12_007": 1 }, "geometry": { "type": "MultiPoint", "coordinates": [ [ 137.044834000588708, 35.944123999922738 ] ] } },
{ "type": "Feature", "properties": { "P12_001": 10437, "P12_002": "しらおスキー場", "P12_003": "21", "P12_004": "21219", "P12_005": "‐", "P12_006": "郡上市白鳥町六ノ里1410-18", "P12_007": 4 }, "geometry": { "type": "MultiPoint", "coordinates": [ [ 136.92954499990185, 35.895525999924985 ] ] } },
{ "type": "Feature", "properties": { "P12_001": 10438, "P12_002": "ひるがの高原スキー場", "P12_003": "21", "P12_004": "21219", "P12_005": "‐", "P12_006": "郡上市高鷲町ひるがの4670-55", "P12_007": 4 }, "geometry": { "type": "MultiPoint", "coordinates": [ [ 136.912135000130206, 36.005483000240304 ] ] } },
{ "type": "Feature", "properties": { "P12_001": 10439, "P12_002": "ひるがの高原", "P12_003": "21", "P12_004": "21219", "P12_005": "‐", "P12_006": "郡上市高鷲町ひるがの", "P12_007": 1 }, "geometry": { "type": "MultiPoint", "coordinates": [ [ 136.909569999655787, 35.99384500044647 ] ] } },
{ "type": "Feature", "properties": { "P12_001": 10440, "P12_002": "ダイナランドゆり園", "P12_003": "21", "P12_004": "21219", "P12_005": "‐", "P12_006": "郡上市高鷲町西洞3022-2", "P12_007": 2 }, "geometry": { "type": "MultiPoint", "coordinates": [ [ 136.86953399969434, 35.990680999328731 ] ] } },
{ "type": "Feature", "properties": { "P12_001": 10441, "P12_002": "食品サンプル製作体験　", "P12_003": "21", "P12_004": "21219", "P12_005": "‐", "P12_006": "郡上市", "P12_007": 2 }, "geometry": { "type": "MultiPoint", "coordinates": [ [ 136.964354000736648, 35.748576999728812 ] ] } },
{ "type": "Feature", "properties": { "P12_001": 10442, "P12_002": "美人の湯しろとり", "P12_003": "21", "P12_004": "21219", "P12_005": "‐", "P12_006": "郡上市白鳥町那留65", "P12_007": 3 }, "geometry": { "type": "MultiPoint", "coordinates": [ [ 136.880531943894198, 35.869613889569393 ] ] } },
{ "type": "Feature", "properties": { "P12_001": 10443, "P12_002": "スノーウェーブパーク白鳥高原", "P12_003": "21", "P12_004": "21219", "P12_005": "‐", "P12_006": "郡上市白鳥町石徹白檜峠", "P12_007": 4 }, "geometry": { "type": "MultiPoint", "coordinates": [ [ 136.800847999635494, 35.955562999532845 ] ] } },
{ "type": "Feature", "properties": { "P12_001": 10444, "P12_002": "ドライブイン", "P12_003": "21", "P12_004": "21219", "P12_005": "‐", "P12_006": "郡上市八幡町吉野208", "P12_007": 6 }, "geometry": { "type": "MultiPoint", "coordinates": [ [ 136.94664833265449, 35.720807499766352 ] ] } },
{ "type": "Feature", "properties": { "P12_001": 10445, "P12_002": "湯の平温泉", "P12_003": "21", "P12_004": "21219", "P12_005": "‐", "P12_006": "郡上市高鷲町大鷲1792", "P12_007": 3 }, "geometry": { "type": "MultiPoint", "coordinates": [ [ 136.880101218996174, 35.953918683600421 ] ] } },
{ "type": "Feature", "properties": { "P12_001": 10446, "P12_002": "味の里奥美濃しろとり", "P12_003": "21", "P12_004": "21219", "P12_005": "‐", "P12_006": "郡上市白鳥町恩地字赤尾746-1", "P12_007": 6 }, "geometry": { "type": "MultiPoint", "coordinates": [ [ 136.880785999674231, 35.881442999794672 ] ] } },
{ "type": "Feature", "properties": { "P12_001": 10447, "P12_002": "道の駅　白尾ふれあいﾊﾟｰｸ", "P12_003": "21", "P12_004": "21219", "P12_005": "‐", "P12_006": "郡上市白鳥町恩地7-2", "P12_007": 6 }, "geometry": { "type": "MultiPoint", "coordinates": [ [ 136.891671578080945, 35.889624750282053 ] ] } },
{ "type": "Feature", "properties": { "P12_001": 10448, "P12_002": "満天の湯", "P12_003": "21", "P12_004": "21219", "P12_005": "‐", "P12_006": "郡上市白鳥町石徹白峠山1-1", "P12_007": 3 }, "geometry": { "type": "MultiPoint", "coordinates": [ [ 136.809235000594867, 35.965639000139788 ] ] } },
{ "type": "Feature", "properties": { "P12_001": 10449, "P12_002": "奧美濃しろとり物産センター", "P12_003": "21", "P12_004": "21219", "P12_005": "‐", "P12_006": "郡上市白鳥町向小駄良693-2", "P12_007": 5 }, "geometry": { "type": "MultiPoint", "coordinates": [ [ 136.85476287970323, 35.881516728913937 ] ] } },
{ "type": "Feature", "properties": { "P12_001": 10450, "P12_002": "道の駅　和良", "P12_003": "21", "P12_004": "21219", "P12_005": "‐", "P12_006": "郡上市和良町宮地1155", "P12_007": 6 }, "geometry": { "type": "MultiPoint", "coordinates": [ [ 137.067834790543202, 35.742507298073406 ] ] } },
{ "type": "Feature", "properties": { "P12_001": 10451, "P12_002": "郡上温泉", "P12_003": "21", "P12_004": "21219", "P12_005": "‐", "P12_006": "郡上市八幡町吉野200", "P12_007": 3 }, "geometry": { "type": "MultiPoint", "coordinates": [ [ 136.94664833265449, 35.720807499766352 ] ] } },
{ "type": "Feature", "properties": { "P12_001": 10452, "P12_002": "釣り　", "P12_003": "21", "P12_004": "21219", "P12_005": "‐", "P12_006": "郡上市", "P12_007": 4 }, "geometry": { "type": "MultiPoint", "coordinates": [ [ 136.964354000736648, 35.748576999728812 ] ] } },
{ "type": "Feature", "properties": { "P12_001": 10453, "P12_002": "明宝温泉「湯星館」", "P12_003": "21", "P12_004": "21219", "P12_005": "‐", "P12_006": "郡上市明宝奥住3428-1", "P12_007": 3 }, "geometry": { "type": "MultiPoint", "coordinates": [ [ 137.057116388910231, 35.926025833525443 ] ] } },
{ "type": "Feature", "properties": { "P12_001": 10454, "P12_002": "牧歌の里温泉「牧華」", "P12_003": "21", "P12_004": "21219", "P12_005": "‐", "P12_006": "郡上市高鷲町鷲見2363-231", "P12_007": 3 }, "geometry": { "type": "MultiPoint", "coordinates": [ [ 136.928534000044124, 35.985948999646666 ] ] } },
{ "type": "Feature", "properties": { "P12_001": 10455, "P12_002": "鍾乳洞　", "P12_003": "21", "P12_004": "21219", "P12_005": "‐", "P12_006": "郡上市", "P12_007": 1 }, "geometry": { "type": "MultiPoint", "coordinates": [ [ 136.980122000330084, 35.733699999855162 ] ] } },
{ "type": "Feature", "properties": { "P12_001": 10455, "P12_002": "鍾乳洞　", "P12_003": "21", "P12_004": "21219", "P12_005": "‐", "P12_006": "郡上市八幡町安久田2298　および　八幡町美山421　および　八幡町入間1180", "P12_007": 1 }, "geometry": { "type": "MultiPoint", "coordinates": [ [ 137.023822000185191, 35.748773000673509 ], [ 137.03861200054348, 35.754486999775281 ] ] } },
{ "type": "Feature", "properties": { "P12_001": 10456, "P12_002": "ホワイトピアたかす", "P12_003": "21", "P12_004": "21219", "P12_005": "‐", "P12_006": "郡上市高鷲町鷲見512", "P12_007": 4 }, "geometry": { "type": "MultiPoint", "coordinates": [ [ 136.934926999881213, 35.955831999347367 ] ] } },
{ "type": "Feature", "properties": { "P12_001": 10457, "P12_002": "日本まん真ん中温泉子宝の湯", "P12_003": "21", "P12_004": "21219", "P12_005": "‐", "P12_006": "郡上市美並町大原2709", "P12_007": 3 }, "geometry": { "type": "MultiPoint", "coordinates": [ [ 136.950344999522144, 35.627410999618007 ] ] } },
{ "type": "Feature", "properties": { "P12_001": 10458, "P12_002": "ウイングヒルズ白鳥リゾート", "P12_003": "21", "P12_004": "21219", "P12_005": "‐", "P12_006": "郡上市白鳥町石徹白峠山1-1", "P12_007": 4 }, "geometry": { "type": "MultiPoint", "coordinates": [ [ 136.802670000020498, 35.965912999285536 ] ] } },
{ "type": "Feature", "properties": { "P12_001": 10459, "P12_002": "大和温泉「やすらぎ館」", "P12_003": "21", "P12_004": "21219", "P12_005": "‐", "P12_006": "郡上市大和町剣189", "P12_007": 3 }, "geometry": { "type": "MultiPoint", "coordinates": [ [ 136.902522500213308, 35.816643611513484 ] ] } },
{ "type": "Feature", "properties": { "P12_001": 10460, "P12_002": "ダイナランド", "P12_003": "21", "P12_004": "21219", "P12_005": "‐", "P12_006": "郡上市高鷲町西洞3022-2", "P12_007": 4 }, "geometry": { "type": "MultiPoint", "coordinates": [ [ 136.869734999970319, 35.990715000896614 ] ] } },
{ "type": "Feature", "properties": { "P12_001": 10461, "P12_002": "めいほうスキー場", "P12_003": "21", "P12_004": "21219", "P12_005": "‐", "P12_006": "郡上市明宝奥住3447-1", "P12_007": 4 }, "geometry": { "type": "MultiPoint", "coordinates": [ [ 137.043149157607559, 35.941767495573515 ] ] } },
{ "type": "Feature", "properties": { "P12_001": 10462, "P12_002": "道の駅　明宝", "P12_003": "21", "P12_004": "21219", "P12_005": "‐", "P12_006": "郡上市明宝大谷1015", "P12_007": 6 }, "geometry": { "type": "MultiPoint", "coordinates": [ [ 137.028765697578933, 35.845315871630248 ] ] } },
{ "type": "Feature", "properties": { "P12_001": 10463, "P12_002": "牧歌の里", "P12_003": "21", "P12_004": "21219", "P12_005": "‐", "P12_006": "郡上市高鷲町鷲見2756-2", "P12_007": 4 }, "geometry": { "type": "MultiPoint", "coordinates": [ [ 136.924591639292771, 35.98323728377369 ] ] } },
{ "type": "Feature", "properties": { "P12_001": 10464, "P12_002": "道の駅　古今伝授の里やまと", "P12_003": "21", "P12_004": "21219", "P12_005": "‐", "P12_006": "郡上市大和町剣164", "P12_007": 6 }, "geometry": { "type": "MultiPoint", "coordinates": [ [ 136.90174310635939, 35.816084907692414 ] ] } },
{ "type": "Feature", "properties": { "P12_001": 10465, "P12_002": "鷲ケ岳スキー場", "P12_003": "21", "P12_004": "21219", "P12_005": "‐", "P12_006": "郡上市高鷲町大鷲3250", "P12_007": 4 }, "geometry": { "type": "MultiPoint", "coordinates": [ [ 136.919661139450113, 35.942442711062313 ] ] } },
{ "type": "Feature", "properties": { "P12_001": 10466, "P12_002": "道の駅　美並", "P12_003": "21", "P12_004": "21219", "P12_005": "‐", "P12_006": "郡上市美並町上田2605", "P12_007": 6 }, "geometry": { "type": "MultiPoint", "coordinates": [ [ 136.943287499618464, 35.608836388588543 ] ] } },
{ "type": "Feature", "properties": { "P12_001": 10467, "P12_002": "高鷲スノーパーク", "P12_003": "21", "P12_004": "21219", "P12_005": "‐", "P12_006": "郡上市高鷲町西洞3086-1", "P12_007": 4 }, "geometry": { "type": "MultiPoint", "coordinates": [ [ 136.87724900024125, 35.997962000545954 ] ] } },
{ "type": "Feature", "properties": { "P12_001": 10468, "P12_002": "郡上八幡　", "P12_003": "21", "P12_004": "21219", "P12_005": "‐", "P12_006": "郡上市八幡町島谷520-1", "P12_007": 2 }, "geometry": { "type": "MultiPoint", "coordinates": [ [ 136.959305740067862, 35.749888160010642 ] ] } },
{ "type": "Feature", "properties": { "P12_001": 10469, "P12_002": "道の駅　白鳥", "P12_003": "21", "P12_004": "21219", "P12_005": "‐", "P12_006": "郡上市白鳥町長滝402-19　", "P12_007": 6 }, "geometry": { "type": "MultiPoint", "coordinates": [ [ 136.832149443941717, 35.923406665984885 ] ] } },
{ "type": "Feature", "properties": { "P12_001": 10470, "P12_002": "ラフティング", "P12_003": "21", "P12_004": "21219", "P12_005": "‐", "P12_006": "郡上市八幡町", "P12_007": 4 }, "geometry": { "type": "MultiPoint", "coordinates": [ [ 136.964354000736648, 35.748576999728812 ] ] } },
{ "type": "Feature", "properties": { "P12_001": 10471, "P12_002": "古今伝授の里フィールドミュージアム", "P12_003": "21", "P12_004": "21219", "P12_005": "‐", "P12_006": "郡上市大和町牧912-1", "P12_007": 2 }, "geometry": { "type": "MultiPoint", "coordinates": [ [ 136.924639317750348, 35.811895825132297 ] ] } },
{ "type": "Feature", "properties": { "P12_001": 10472, "P12_002": "ひるがの高原キャンプ場", "P12_003": "21", "P12_004": "21219", "P12_005": "‐", "P12_006": "郡上市高鷲町ひるがの4714-2", "P12_007": 4 }, "geometry": { "type": "MultiPoint", "coordinates": [ [ 136.902268045134292, 36.00983587722402 ] ] } },
{ "type": "Feature", "properties": { "P12_001": 10473, "P12_002": "ふたこえ温泉", "P12_003": "21", "P12_004": "21219", "P12_005": "‐", "P12_006": "郡上市高鷲町鷲見48-1", "P12_007": 3 }, "geometry": { "type": "MultiPoint", "coordinates": [ [ 136.894439536655341, 35.957798540570252 ] ] } },
{ "type": "Feature", "properties": { "P12_001": 10474, "P12_002": "桂昌寺ぼたん園", "P12_003": "21", "P12_004": "21219", "P12_005": "‐", "P12_006": "郡上市美並町大原579", "P12_007": 2 }, "geometry": { "type": "MultiPoint", "coordinates": [ [ 136.959287527897118, 35.640721172743952 ] ] } },
{ "type": "Feature", "properties": { "P12_001": 10475, "P12_002": "デイリー郡上カントリークラブ", "P12_003": "21", "P12_004": "21219", "P12_005": "‐", "P12_006": "郡上市高鷲町鷲見2363", "P12_007": 4 }, "geometry": { "type": "MultiPoint", "coordinates": [ [ 136.944010999707984, 35.979254999418742 ] ] } },
{ "type": "Feature", "properties": { "P12_001": 10476, "P12_002": "鷲ケ岳高原ゴルフ倶楽部", "P12_003": "21", "P12_004": "21219", "P12_005": "‐", "P12_006": "郡上市高鷲町大鷲3262-1", "P12_007": 4 }, "geometry": { "type": "MultiPoint", "coordinates": [ [ 136.919714846063357, 35.943135506498493 ] ] } },
{ "type": "Feature", "properties": { "P12_001": 10477, "P12_002": "美並ロイヤルカントリークラブ", "P12_003": "21", "P12_004": "21219", "P12_005": "‐", "P12_006": "郡上市美並町上田1132-9", "P12_007": 4 }, "geometry": { "type": "MultiPoint", "coordinates": [ [ 136.912648259409707, 35.639258771675031 ] ] } },
{ "type": "Feature", "properties": { "P12_001": 10478, "P12_002": "めいほう高原音楽祭", "P12_003": "21", "P12_004": "21219", "P12_005": "‐", "P12_006": "郡上市明宝", "P12_007": 1 }, "geometry": { "type": "MultiPoint", "coordinates": [ [ 137.044084000176554, 35.943537999878856 ] ] } },
{ "type": "Feature", "properties": { "P12_001": 10479, "P12_002": "たかす雪まつり", "P12_003": "21", "P12_004": "21219", "P12_005": "‐", "P12_006": "郡上市高鷲町ひるがの", "P12_007": 1 }, "geometry": { "type": "MultiPoint", "coordinates": [ [ 136.894801389672466, 36.013791666652139 ] ] } },
{ "type": "Feature", "properties": { "P12_001": 10480, "P12_002": "郡上長良川夢花火（大和）", "P12_003": "21", "P12_004": "21219", "P12_005": "‐", "P12_006": "郡上市大和町", "P12_007": 1 }, "geometry": { "type": "MultiPoint", "coordinates": [ [ 136.899379999187659, 35.80905499988836 ] ] } },
{ "type": "Feature", "properties": { "P12_001": 10481, "P12_002": "白鳥おどり", "P12_003": "21", "P12_004": "21219", "P12_005": "‐", "P12_006": "郡上市白鳥町", "P12_007": 1 }, "geometry": { "type": "MultiPoint", "coordinates": [ [ 136.859231000310501, 35.881707999424691 ] ] } },
{ "type": "Feature", "properties": { "P12_001": 10482, "P12_002": "フィールドミュージアムぼたんまつり", "P12_003": "21", "P12_004": "21219", "P12_005": "‐", "P12_006": "郡上市大和町牧912-1", "P12_007": 1 }, "geometry": { "type": "MultiPoint", "coordinates": [ [ 136.924639317750348, 35.811895825132297 ] ] } },
{ "type": "Feature", "properties": { "P12_001": 10483, "P12_002": "食の祭典ｉｎ郡上", "P12_003": "21", "P12_004": "21219", "P12_005": "‐", "P12_006": "郡上市", "P12_007": 1 }, "geometry": { "type": "MultiPoint", "coordinates": [ [ 136.964354000736648, 35.748576999728812 ] ] } },
{ "type": "Feature", "properties": { "P12_001": 10484, "P12_002": "コキアパーク", "P12_003": "21", "P12_004": "21219", "P12_005": "‐", "P12_006": "郡上市高鷲町ひるがの4670-55", "P12_007": 2 }, "geometry": { "type": "MultiPoint", "coordinates": [ [ 136.907759246192313, 36.005655349015171 ] ] } },
{ "type": "Feature", "properties": { "P12_001": 10485, "P12_002": "母袋スキー場", "P12_003": "21", "P12_004": "21219", "P12_005": "‐", "P12_006": "郡上市大和町栗巣1728", "P12_007": 4 }, "geometry": { "type": "MultiPoint", "coordinates": [ [ 136.952351000298449, 35.86681100042739 ] ] } },
{ "type": "Feature", "properties": { "P12_001": 10486, "P12_002": "國田家の芝桜", "P12_003": "21", "P12_004": "21219", "P12_005": "‐", "P12_006": "郡上市明宝奥住", "P12_007": 1 }, "geometry": { "type": "MultiPoint", "coordinates": [ [ 137.061184000940898, 35.901697999463181 ] ] } },
{ "type": "Feature", "properties": { "P12_001": 10487, "P12_002": "ぎふ清流国体・ぎふ清流大会（郡上市）", "P12_003": "21", "P12_004": "21219", "P12_005": "‐", "P12_006": "郡上市", "P12_007": 1 }, "geometry": { "type": "MultiPoint", "coordinates": [ [ 136.964354000736648, 35.748576999728812 ] ] } },
{ "type": "Feature", "properties": { "P12_001": 10488, "P12_002": "御嶽山", "P12_003": "21", "P12_004": "21220", "P12_005": "山岳", "P12_006": "下呂市", "P12_007": -1 }, "geometry": { "type": "MultiPoint", "coordinates": [ [ 137.476220541544876, 35.8943240506145 ] ] } },
{ "type": "Feature", "properties": { "P12_001": 10489, "P12_002": "東仙峡金山湖", "P12_003": "21", "P12_004": "21220", "P12_005": "‐", "P12_006": "下呂市金山町卯野原6-27", "P12_007": 1 }, "geometry": { "type": "MultiPoint", "coordinates": [ [ 137.154470469036937, 35.777074082702825 ] ] } },
{ "type": "Feature", "properties": { "P12_001": 10490, "P12_002": "横谷峡　四つの滝", "P12_003": "21", "P12_004": "21220", "P12_005": "‐", "P12_006": "下呂市金山町金山301", "P12_007": 1 }, "geometry": { "type": "MultiPoint", "coordinates": [ [ 137.134674893431679, 35.676972943346698 ] ] } },
{ "type": "Feature", "properties": { "P12_001": 10491, "P12_002": "道の駅（南飛騨小坂はなもも）", "P12_003": "21", "P12_004": "21220", "P12_005": "‐", "P12_006": "下呂市小坂町赤沼田811-1", "P12_007": 6 }, "geometry": { "type": "MultiPoint", "coordinates": [ [ 137.294332502143334, 35.931490277054706 ] ] } },
{ "type": "Feature", "properties": { "P12_001": 10492, "P12_002": "白鷺の湯", "P12_003": "21", "P12_004": "21220", "P12_005": "‐", "P12_006": "下呂市湯之島856-1", "P12_007": 3 }, "geometry": { "type": "MultiPoint", "coordinates": [ [ 137.24138888898608, 35.809166666908197 ] ] } },
{ "type": "Feature", "properties": { "P12_001": 10493, "P12_002": "巌立峡ひめしゃがの湯", "P12_003": "21", "P12_004": "21220", "P12_005": "‐", "P12_006": "下呂市小坂町落合1656", "P12_007": 3 }, "geometry": { "type": "MultiPoint", "coordinates": [ [ 137.323347144954823, 35.921239221612836 ] ] } },
{ "type": "Feature", "properties": { "P12_001": 10494, "P12_002": "リバーサイドスポーツセンター", "P12_003": "21", "P12_004": "21220", "P12_005": "‐", "P12_006": "下呂市金山町金山911-1", "P12_007": 4 }, "geometry": { "type": "MultiPoint", "coordinates": [ [ 137.147245465006222, 35.668938403784352 ] ] } },
{ "type": "Feature", "properties": { "P12_001": 10495, "P12_002": "ゆったり館", "P12_003": "21", "P12_004": "21220", "P12_005": "‐", "P12_006": "下呂市金山町金山973-2", "P12_007": 3 }, "geometry": { "type": "MultiPoint", "coordinates": [ [ 137.145777981868378, 35.668188382687788 ] ] } },
{ "type": "Feature", "properties": { "P12_001": 10496, "P12_002": "しみずの湯", "P12_003": "21", "P12_004": "21220", "P12_005": "‐", "P12_006": "下呂市萩原町四美1426-1", "P12_007": 3 }, "geometry": { "type": "MultiPoint", "coordinates": [ [ 137.212222222977289, 35.933888889460718 ] ] } },
{ "type": "Feature", "properties": { "P12_001": 10497, "P12_002": "下呂温泉合掌村", "P12_003": "21", "P12_004": "21220", "P12_005": "‐", "P12_006": "下呂市森2369", "P12_007": 2 }, "geometry": { "type": "MultiPoint", "coordinates": [ [ 137.250716677033097, 35.80682464344261 ] ] } },
{ "type": "Feature", "properties": { "P12_001": 10498, "P12_002": "下呂温泉", "P12_003": "21", "P12_004": "21220", "P12_005": "‐", "P12_006": "下呂市幸田1268", "P12_007": 3 }, "geometry": { "type": "MultiPoint", "coordinates": [ [ 137.241254155255092, 35.805152475506418 ] ] } },
{ "type": "Feature", "properties": { "P12_001": 10499, "P12_002": "下呂ふるさと歴史記念館", "P12_003": "21", "P12_004": "21220", "P12_005": "‐", "P12_006": "下呂市森1808-37", "P12_007": 2 }, "geometry": { "type": "MultiPoint", "coordinates": [ [ 137.253425290244991, 35.802381770402462 ] ] } },
{ "type": "Feature", "properties": { "P12_001": 10500, "P12_002": "下呂発温泉博物館", "P12_003": "21", "P12_004": "21220", "P12_005": "‐", "P12_006": "下呂市湯之島856-1", "P12_007": 2 }, "geometry": { "type": "MultiPoint", "coordinates": [ [ 137.241433688713869, 35.810148325484874 ] ] } },
{ "type": "Feature", "properties": { "P12_001": 10501, "P12_002": "湯の街ギャラリー「木精」", "P12_003": "21", "P12_004": "21220", "P12_005": "‐", "P12_006": "下呂市湯之島842", "P12_007": 2 }, "geometry": { "type": "MultiPoint", "coordinates": [ [ 137.242300031721129, 35.809012282990523 ] ] } },
{ "type": "Feature", "properties": { "P12_001": 10502, "P12_002": "馬瀬川鮎釣り", "P12_003": "21", "P12_004": "21220", "P12_005": "‐", "P12_006": "下呂市馬瀬西村1508-1", "P12_007": 4 }, "geometry": { "type": "MultiPoint", "coordinates": [ [ 137.188745509997375, 35.820977612626791 ] ] } },
{ "type": "Feature", "properties": { "P12_001": 10503, "P12_002": "水辺の館", "P12_003": "21", "P12_004": "21220", "P12_005": "‐", "P12_006": "下呂市馬瀬西村1508-1", "P12_007": 4 }, "geometry": { "type": "MultiPoint", "coordinates": [ [ 137.189001731344888, 35.820762261868936 ] ] } },
{ "type": "Feature", "properties": { "P12_001": 10504, "P12_002": "幸の湯", "P12_003": "21", "P12_004": "21220", "P12_005": "‐", "P12_006": "下呂市幸田1144", "P12_007": 3 }, "geometry": { "type": "MultiPoint", "coordinates": [ [ 137.239101883345256, 35.808336141200016 ] ] } },
{ "type": "Feature", "properties": { "P12_001": 10505, "P12_002": "飛騨金山花火大会", "P12_003": "21", "P12_004": "21220", "P12_005": "‐", "P12_006": "下呂市金山町大船渡", "P12_007": 1 }, "geometry": { "type": "MultiPoint", "coordinates": [ [ 137.160720299502259, 35.661955300296938 ] ] } },
{ "type": "Feature", "properties": { "P12_001": 10506, "P12_002": "ふるさと萩原夏まつり", "P12_003": "21", "P12_004": "21220", "P12_005": "‐", "P12_006": "下呂市萩原町萩原", "P12_007": 1 }, "geometry": { "type": "MultiPoint", "coordinates": [ [ 137.210579999767219, 35.875350000302319 ] ] } },
{ "type": "Feature", "properties": { "P12_001": 10507, "P12_002": "馬瀬川花火大会", "P12_003": "21", "P12_004": "21220", "P12_005": "‐", "P12_006": "下呂市馬瀬中切", "P12_007": 1 }, "geometry": { "type": "MultiPoint", "coordinates": [ [ 137.156711099337826, 35.892422800172142 ] ] } },
{ "type": "Feature", "properties": { "P12_001": 10508, "P12_002": "下呂温泉まつり", "P12_003": "21", "P12_004": "21220", "P12_005": "‐", "P12_006": "下呂市森", "P12_007": 1 }, "geometry": { "type": "MultiPoint", "coordinates": [ [ 137.243074214003855, 35.808130203646044 ] ] } },
{ "type": "Feature", "properties": { "P12_001": 10509, "P12_002": "いでゆ朝市", "P12_003": "21", "P12_004": "21220", "P12_005": "‐", "P12_006": "下呂市森2550", "P12_007": 1 }, "geometry": { "type": "MultiPoint", "coordinates": [ [ 137.249166665809071, 35.809166666908197 ] ] } },
{ "type": "Feature", "properties": { "P12_001": 10510, "P12_002": "花火物語", "P12_003": "21", "P12_004": "21220", "P12_005": "‐", "P12_006": "下呂市幸田", "P12_007": 1 }, "geometry": { "type": "MultiPoint", "coordinates": [ [ 137.241243013554254, 35.806630160553539 ] ] } },
{ "type": "Feature", "properties": { "P12_001": 10511, "P12_002": "ぎふ清流国体・ぎふ清流大会（下呂市）", "P12_003": "21", "P12_004": "21220", "P12_005": "‐", "P12_006": "下呂市", "P12_007": 1 }, "geometry": { "type": "MultiPoint", "coordinates": [ [ 137.244132222324311, 35.805878889399253 ] ] } },
{ "type": "Feature", "properties": { "P12_001": 10512, "P12_002": "クアガーデン露天風呂", "P12_003": "21", "P12_004": "21220", "P12_005": "‐", "P12_006": "下呂市湯之島894-2", "P12_007": 3 }, "geometry": { "type": "MultiPoint", "coordinates": [ [ 137.239787456326098, 35.810091955979033 ] ] } },
{ "type": "Feature", "properties": { "P12_001": 10513, "P12_002": "南ひだ健康道場", "P12_003": "21", "P12_004": "21220", "P12_005": "‐", "P12_006": "下呂市萩原町四美1557-3", "P12_007": 4 }, "geometry": { "type": "MultiPoint", "coordinates": [ [ 137.212618680108108, 35.938037478247054 ] ] } },
{ "type": "Feature", "properties": { "P12_001": 10514, "P12_002": "スパー美輝", "P12_003": "21", "P12_004": "21220", "P12_005": "‐", "P12_006": "下呂市馬瀬西村1695", "P12_007": 3 }, "geometry": { "type": "MultiPoint", "coordinates": [ [ 137.187743980900109, 35.82373338448815 ] ] } },
{ "type": "Feature", "properties": { "P12_001": 10515, "P12_002": "巌立峡　がんだて公園", "P12_003": "21", "P12_004": "21220", "P12_005": "‐", "P12_006": "下呂市小坂町落合2360", "P12_007": 4 }, "geometry": { "type": "MultiPoint", "coordinates": [ [ 137.329389000002379, 35.914340999737419 ] ] } },
{ "type": "Feature", "properties": { "P12_001": 10516, "P12_002": "禅昌寺", "P12_003": "21", "P12_004": "21220", "P12_005": "‐", "P12_006": "下呂市萩原町中呂1089", "P12_007": 2 }, "geometry": { "type": "MultiPoint", "coordinates": [ [ 137.22919260355593, 35.845810991584074 ] ] } },
{ "type": "Feature", "properties": { "P12_001": 10517, "P12_002": "湯の街ギャラリー「さんぽ道」", "P12_003": "21", "P12_004": "21220", "P12_005": "‐", "P12_006": "下呂市湯之島908", "P12_007": 2 }, "geometry": { "type": "MultiPoint", "coordinates": [ [ 137.240023242378811, 35.810757546023979 ] ] } },
{ "type": "Feature", "properties": { "P12_001": 10518, "P12_002": "馬瀬川渓流釣り", "P12_003": "21", "P12_004": "21220", "P12_005": "‐", "P12_006": "下呂市馬瀬西村1508-1", "P12_007": 4 }, "geometry": { "type": "MultiPoint", "coordinates": [ [ 137.188745509997375, 35.820977612626791 ] ] } },
{ "type": "Feature", "properties": { "P12_001": 10519, "P12_002": "道の温泉駅かれん", "P12_003": "21", "P12_004": "21220", "P12_005": "‐", "P12_006": "下呂市金山町金山911-1", "P12_007": 3 }, "geometry": { "type": "MultiPoint", "coordinates": [ [ 137.147633727514631, 35.668466830779664 ] ] } },
{ "type": "Feature", "properties": { "P12_001": 10520, "P12_002": "いでゆ夜市", "P12_003": "21", "P12_004": "21220", "P12_005": "‐", "P12_006": "下呂市森", "P12_007": 1 }, "geometry": { "type": "MultiPoint", "coordinates": [ [ 137.244142000652914, 35.808820999889292 ] ] } },
{ "type": "Feature", "properties": { "P12_001": 10521, "P12_002": "花火ミュージカル冬公演", "P12_003": "21", "P12_004": "21220", "P12_005": "‐", "P12_006": "下呂市幸田", "P12_007": 1 }, "geometry": { "type": "MultiPoint", "coordinates": [ [ 137.240556089791767, 35.807722638089331 ] ] } },
{ "type": "Feature", "properties": { "P12_001": 10522, "P12_002": "下呂交流会館", "P12_003": "21", "P12_004": "21220", "P12_005": "‐", "P12_006": "下呂市森2270-3", "P12_007": 4 }, "geometry": { "type": "MultiPoint", "coordinates": [ [ 137.251958927662486, 35.806475678609729 ] ] } },
{ "type": "Feature", "properties": { "P12_001": 10523, "P12_002": "木曽川の輪中集落", "P12_003": "21", "P12_004": "21221", "P12_005": "集落・街", "P12_006": "海津市", "P12_007": -1 }, "geometry": { "type": "MultiPoint", "coordinates": [ [ 136.66766737624846, 35.14911337997853 ] ] } },
{ "type": "Feature", "properties": { "P12_001": 10524, "P12_002": "南濃温泉「水晶の湯」", "P12_003": "21", "P12_004": "21221", "P12_005": "‐", "P12_006": "海津市南濃町羽沢1623-3", "P12_007": 3 }, "geometry": { "type": "MultiPoint", "coordinates": [ [ 136.600277974648861, 35.21223590136583 ] ] } },
{ "type": "Feature", "properties": { "P12_001": 10525, "P12_002": "海津温泉", "P12_003": "21", "P12_004": "21221", "P12_005": "‐", "P12_006": "海津市海津町福江560-1", "P12_007": 3 }, "geometry": { "type": "MultiPoint", "coordinates": [ [ 136.659643889354129, 35.176866666963178 ] ] } },
{ "type": "Feature", "properties": { "P12_001": 10526, "P12_002": "道の駅「クレール平田」", "P12_003": "21", "P12_004": "21221", "P12_005": "‐", "P12_006": "海津市平田町野寺2357-2", "P12_007": 6 }, "geometry": { "type": "MultiPoint", "coordinates": [ [ 136.671109920786307, 35.274716025324381 ] ] } },
{ "type": "Feature", "properties": { "P12_001": 10527, "P12_002": "千本松原・国営木曽三川公園", "P12_003": "21", "P12_004": "21221", "P12_005": "‐", "P12_006": "海津市海津町油島255-3", "P12_007": 4 }, "geometry": { "type": "MultiPoint", "coordinates": [ [ 136.667648691034287, 35.147253567598113 ] ] } },
{ "type": "Feature", "properties": { "P12_001": 10528, "P12_002": "長良川国際トライアスロン大会", "P12_003": "21", "P12_004": "21221", "P12_005": "‐", "P12_006": "海津市海津町福江1202-2", "P12_007": 1 }, "geometry": { "type": "MultiPoint", "coordinates": [ [ 136.66989612560576, 35.163701102124207 ] ] } },
{ "type": "Feature", "properties": { "P12_001": 10529, "P12_002": "今尾左義長", "P12_003": "21", "P12_004": "21221", "P12_005": "‐", "P12_006": "海津市平田町今尾", "P12_007": 1 }, "geometry": { "type": "MultiPoint", "coordinates": [ [ 136.628009998962398, 35.250437000167494 ] ] } },
{ "type": "Feature", "properties": { "P12_001": 10530, "P12_002": "チューリップ祭", "P12_003": "21", "P12_004": "21221", "P12_005": "‐", "P12_006": "海津市海津町油島255-3", "P12_007": 1 }, "geometry": { "type": "MultiPoint", "coordinates": [ [ 136.667648691034287, 35.147253567598113 ] ] } },
{ "type": "Feature", "properties": { "P12_001": 10531, "P12_002": "ぎふ清流国体・ぎふ清流大会（海津市）", "P12_003": "21", "P12_004": "21221", "P12_005": "‐", "P12_006": "海津市", "P12_007": 1 }, "geometry": { "type": "MultiPoint", "coordinates": [ [ 136.636655555909215, 35.220503333861814 ] ] } },
{ "type": "Feature", "properties": { "P12_001": 10532, "P12_002": "海津市歴史民俗資料館", "P12_003": "21", "P12_004": "21221", "P12_005": "‐", "P12_006": "海津市海津町萱野205-1　", "P12_007": 2 }, "geometry": { "type": "MultiPoint", "coordinates": [ [ 136.640605834291932, 35.216304445094124 ] ] } },
{ "type": "Feature", "properties": { "P12_001": 10533, "P12_002": "道の駅「月見の里南濃」", "P12_003": "21", "P12_004": "21221", "P12_005": "‐", "P12_006": "海津市南濃町羽沢673-1", "P12_007": 6 }, "geometry": { "type": "MultiPoint", "coordinates": [ [ 136.600726139199992, 35.214980553110081 ] ] } },
{ "type": "Feature", "properties": { "P12_001": 10534, "P12_002": "千代保稲荷神社", "P12_003": "21", "P12_004": "21221", "P12_005": "‐", "P12_006": "海津市平田町三郷1980", "P12_007": 2 }, "geometry": { "type": "MultiPoint", "coordinates": [ [ 136.646422777888915, 35.263564999425228 ] ] } },
{ "type": "Feature", "properties": { "P12_001": 10535, "P12_002": "海津市産業感謝祭", "P12_003": "21", "P12_004": "21221", "P12_005": "‐", "P12_006": "海津市海津町高須515", "P12_007": 1 }, "geometry": { "type": "MultiPoint", "coordinates": [ [ 136.636655555909215, 35.220503333861814 ] ] } },
{ "type": "Feature", "properties": { "P12_001": 10536, "P12_002": "よってきん祭ぎなん", "P12_003": "21", "P12_004": "21302", "P12_005": "‐", "P12_006": "岐南町八剣7-107", "P12_007": 1 }, "geometry": { "type": "MultiPoint", "coordinates": [ [ 136.782478055417982, 35.389660555989906 ] ] } },
{ "type": "Feature", "properties": { "P12_001": 10537, "P12_002": "ぎふ清流国体・ぎふ清流大会（岐南町）", "P12_003": "21", "P12_004": "21302", "P12_005": "‐", "P12_006": "岐南町", "P12_007": 1 }, "geometry": { "type": "MultiPoint", "coordinates": [ [ 136.782478055417982, 35.389660555989906 ] ] } },
{ "type": "Feature", "properties": { "P12_001": 10538, "P12_002": "ぎなんフェスタ（全国ねぎサミット）", "P12_003": "21", "P12_004": "21302", "P12_005": "‐", "P12_006": "岐南町八剣7-107", "P12_007": 1 }, "geometry": { "type": "MultiPoint", "coordinates": [ [ 136.782478055417982, 35.389660555989906 ] ] } },
{ "type": "Feature", "properties": { "P12_001": 10539, "P12_002": "笠松川まつり", "P12_003": "21", "P12_004": "21303", "P12_005": "‐", "P12_006": "笠松町港町（ほか）", "P12_007": 1 }, "geometry": { "type": "MultiPoint", "coordinates": [ [ 136.763771403227793, 35.365900981944833 ] ] } },
{ "type": "Feature", "properties": { "P12_001": 10540, "P12_002": "リバーサイドカーニバル", "P12_003": "21", "P12_004": "21303", "P12_005": "‐", "P12_006": "笠松町港町（ほか）", "P12_007": 1 }, "geometry": { "type": "MultiPoint", "coordinates": [ [ 136.763771403227793, 35.365900981944833 ] ] } },
{ "type": "Feature", "properties": { "P12_001": 10541, "P12_002": "笠松春まつり", "P12_003": "21", "P12_004": "21303", "P12_005": "‐", "P12_006": "笠松町", "P12_007": 1 }, "geometry": { "type": "MultiPoint", "coordinates": [ [ 136.763230000564135, 35.367210277932031 ] ] } },
{ "type": "Feature", "properties": { "P12_001": 10542, "P12_002": "養老天命反転地", "P12_003": "21", "P12_004": "21341", "P12_005": "‐", "P12_006": "養老町高林1298-2", "P12_007": 4 }, "geometry": { "type": "MultiPoint", "coordinates": [ [ 136.553059140766777, 35.283198224018861 ] ] } },
{ "type": "Feature", "properties": { "P12_001": 10543, "P12_002": "岐阜県こどもの国", "P12_003": "21", "P12_004": "21341", "P12_005": "‐", "P12_006": "養老町高林1298-2", "P12_007": 4 }, "geometry": { "type": "MultiPoint", "coordinates": [ [ 136.553059140766777, 35.283198224018861 ] ] } },
{ "type": "Feature", "properties": { "P12_001": 10544, "P12_002": "養老公園", "P12_003": "21", "P12_004": "21341", "P12_005": "‐", "P12_006": "養老町高林1298-2", "P12_007": 4 }, "geometry": { "type": "MultiPoint", "coordinates": [ [ 136.552122222562616, 35.284615405376712 ] ] } },
{ "type": "Feature", "properties": { "P12_001": 10545, "P12_002": "ぎふ清流国体・ぎふ清流大会（養老町）", "P12_003": "21", "P12_004": "21341", "P12_005": "‐", "P12_006": "養老町", "P12_007": 1 }, "geometry": { "type": "MultiPoint", "coordinates": [ [ 136.561429722803496, 35.308433333731443 ] ] } },
{ "type": "Feature", "properties": { "P12_001": 10546, "P12_002": "楽市楽座・養老", "P12_003": "21", "P12_004": "21341", "P12_005": "‐", "P12_006": "養老町高林1298-2", "P12_007": 5 }, "geometry": { "type": "MultiPoint", "coordinates": [ [ 136.553059140766777, 35.283198224018861 ] ] } },
{ "type": "Feature", "properties": { "P12_001": 10547, "P12_002": "ゆせんの里　本館（旧四季のふるさと養老）", "P12_003": "21", "P12_004": "21341", "P12_005": "‐", "P12_006": "養老町押越1522-1", "P12_007": 3 }, "geometry": { "type": "MultiPoint", "coordinates": [ [ 136.557935000499924, 35.298134444249229 ] ] } },
{ "type": "Feature", "properties": { "P12_001": 10548, "P12_002": "南宮大社", "P12_003": "21", "P12_004": "21361", "P12_005": "‐", "P12_006": "垂井町宮代峯1734-1", "P12_007": 2 }, "geometry": { "type": "MultiPoint", "coordinates": [ [ 136.525330000579174, 35.360994999419745 ] ] } },
{ "type": "Feature", "properties": { "P12_001": 10549, "P12_002": "垂井曳やままつり", "P12_003": "21", "P12_004": "21361", "P12_005": "‐", "P12_006": "垂井町中山道垂井宿一帯", "P12_007": 1 }, "geometry": { "type": "MultiPoint", "coordinates": [ [ 136.527063055315807, 35.370260278289265 ] ] } },
{ "type": "Feature", "properties": { "P12_001": 10550, "P12_002": "中山道垂井宿まつり", "P12_003": "21", "P12_004": "21361", "P12_005": "‐", "P12_006": "垂井町中山道垂井宿一帯", "P12_007": 1 }, "geometry": { "type": "MultiPoint", "coordinates": [ [ 136.527063055315807, 35.370260278289265 ] ] } },
{ "type": "Feature", "properties": { "P12_001": 10551, "P12_002": "鯉のぼり一斉遊泳", "P12_003": "21", "P12_004": "21361", "P12_005": "‐", "P12_006": "垂井町相川河川敷公園一帯", "P12_007": 1 }, "geometry": { "type": "MultiPoint", "coordinates": [ [ 136.527063055315807, 35.370260278289265 ] ] } },
{ "type": "Feature", "properties": { "P12_001": 10552, "P12_002": "ふれあい垂井ピア", "P12_003": "21", "P12_004": "21361", "P12_005": "‐", "P12_006": "垂井町宮代1984-4", "P12_007": 1 }, "geometry": { "type": "MultiPoint", "coordinates": [ [ 136.518344167649275, 35.362874444899774 ] ] } },
{ "type": "Feature", "properties": { "P12_001": 10553, "P12_002": "関ケ原観光いちご狩り", "P12_003": "21", "P12_004": "21362", "P12_005": "‐", "P12_006": "関ヶ原町大字関ケ原地内", "P12_007": 2 }, "geometry": { "type": "MultiPoint", "coordinates": [ [ 136.46378861055598, 35.368319167195864 ] ] } },
{ "type": "Feature", "properties": { "P12_001": 10554, "P12_002": "東海道自然歩道", "P12_003": "21", "P12_004": "21362", "P12_005": "‐", "P12_006": "関ケ原町大字関ケ原、山中、藤下、松尾、玉、今須", "P12_007": 1 }, "geometry": { "type": "MultiPoint", "coordinates": [ [ 136.466981999719565, 35.365517000209422 ] ] } },
{ "type": "Feature", "properties": { "P12_001": 10555, "P12_002": "関ケ原鍾乳洞", "P12_003": "21", "P12_004": "21362", "P12_005": "‐", "P12_006": "関ヶ原町大字玉1328-3", "P12_007": 1 }, "geometry": { "type": "MultiPoint", "coordinates": [ [ 136.427259000702406, 35.371730000738978 ] ] } },
{ "type": "Feature", "properties": { "P12_001": 10556, "P12_002": "胡麻の郷", "P12_003": "21", "P12_004": "21362", "P12_005": "‐", "P12_006": "関ヶ原町大字玉1565-10", "P12_007": 2 }, "geometry": { "type": "MultiPoint", "coordinates": [ [ 136.437704166713957, 35.36828555593371 ] ] } },
{ "type": "Feature", "properties": { "P12_001": 10557, "P12_002": "レスト関ケ原", "P12_003": "21", "P12_004": "21362", "P12_005": "‐", "P12_006": "関ヶ原町大字関ケ原1711-2", "P12_007": 5 }, "geometry": { "type": "MultiPoint", "coordinates": [ [ 136.453673706176687, 35.367963894518198 ] ] } },
{ "type": "Feature", "properties": { "P12_001": 10558, "P12_002": "関ケ原ウォーランド", "P12_003": "21", "P12_004": "21362", "P12_005": "‐", "P12_006": "関ヶ原町大字関ケ原1701-6", "P12_007": 4 }, "geometry": { "type": "MultiPoint", "coordinates": [ [ 136.452883712013772, 35.368677349180359 ] ] } },
{ "type": "Feature", "properties": { "P12_001": 10559, "P12_002": "関ケ原まつり", "P12_003": "21", "P12_004": "21362", "P12_005": "‐", "P12_006": "関ヶ原町大字関ケ原（地内）", "P12_007": 1 }, "geometry": { "type": "MultiPoint", "coordinates": [ [ 136.46378861055598, 35.368319167195864 ] ] } },
{ "type": "Feature", "properties": { "P12_001": 10560, "P12_002": "関ケ原町歴史民俗資料館", "P12_003": "21", "P12_004": "21362", "P12_005": "‐", "P12_006": "関ヶ原町大字関ケ原894-28", "P12_007": 2 }, "geometry": { "type": "MultiPoint", "coordinates": [ [ 136.466374923164267, 35.366150354055662 ] ] } },
{ "type": "Feature", "properties": { "P12_001": 10561, "P12_002": "関ケ原古戦場", "P12_003": "21", "P12_004": "21362", "P12_005": "‐", "P12_006": "関ケ原町大字関ケ原、山中、藤下、松尾、玉、野上", "P12_007": 2 }, "geometry": { "type": "MultiPoint", "coordinates": [ [ 136.4614669999022, 35.370266999822263 ] ] } },
{ "type": "Feature", "properties": { "P12_001": 10562, "P12_002": "伊吹山ドライブウェイ", "P12_003": "21", "P12_004": "21362", "P12_005": "‐", "P12_006": "関ヶ原町大字関ケ原1586", "P12_007": 1 }, "geometry": { "type": "MultiPoint", "coordinates": [ [ 136.450229681354813, 35.372709098945791 ] ] } },
{ "type": "Feature", "properties": { "P12_001": 10563, "P12_002": "関ヶ原合戦まつり（ふれあい２１）", "P12_003": "21", "P12_004": "21362", "P12_005": "‐", "P12_006": "関ヶ原町大字関ケ原（地内）", "P12_007": 1 }, "geometry": { "type": "MultiPoint", "coordinates": [ [ 136.46378861055598, 35.368319167195864 ] ] } },
{ "type": "Feature", "properties": { "P12_001": 10564, "P12_002": "神戸山王まつり", "P12_003": "21", "P12_004": "21381", "P12_005": "‐", "P12_006": "神戸町大字神戸1（周辺）", "P12_007": 1 }, "geometry": { "type": "MultiPoint", "coordinates": [ [ 136.604375963979578, 35.425015949826275 ] ] } },
{ "type": "Feature", "properties": { "P12_001": 10565, "P12_002": "ＧＯご〜どんとこい祭り", "P12_003": "21", "P12_004": "21381", "P12_005": "‐", "P12_006": "神戸町大字神戸1203（周辺）", "P12_007": 1 }, "geometry": { "type": "MultiPoint", "coordinates": [ [ 136.609504999955902, 35.416873055447184 ] ] } },
{ "type": "Feature", "properties": { "P12_001": 10566, "P12_002": "輪之内ふれあいフェスタ", "P12_003": "21", "P12_004": "21382", "P12_005": "‐", "P12_006": "輪之内町中郷新田", "P12_007": 1 }, "geometry": { "type": "MultiPoint", "coordinates": [ [ 136.633514999217937, 35.287298610942173 ] ] } },
{ "type": "Feature", "properties": { "P12_001": 10567, "P12_002": "安八温泉保養センター", "P12_003": "21", "P12_004": "21383", "P12_005": "‐", "P12_006": "安八町中須202", "P12_007": 3 }, "geometry": { "type": "MultiPoint", "coordinates": [ [ 136.65391949408945, 35.335290201681516 ] ] } },
{ "type": "Feature", "properties": { "P12_001": 10568, "P12_002": "安八梅まつり", "P12_003": "21", "P12_004": "21383", "P12_005": "‐", "P12_006": "安八町外善光3208", "P12_007": 1 }, "geometry": { "type": "MultiPoint", "coordinates": [ [ 136.649357247738862, 35.323120701659093 ] ] } },
{ "type": "Feature", "properties": { "P12_001": 10569, "P12_002": "ぎふ清流国体・ぎふ清流大会（安八町）", "P12_003": "21", "P12_004": "21383", "P12_005": "‐", "P12_006": "安八町", "P12_007": 1 }, "geometry": { "type": "MultiPoint", "coordinates": [ [ 136.665441388709155, 35.335417776808981 ] ] } },
{ "type": "Feature", "properties": { "P12_001": 10570, "P12_002": "安八ふれあい祭り", "P12_003": "21", "P12_004": "21383", "P12_005": "‐", "P12_006": "安八町氷取161", "P12_007": 1 }, "geometry": { "type": "MultiPoint", "coordinates": [ [ 136.665441388709155, 35.335417776808981 ] ] } },
{ "type": "Feature", "properties": { "P12_001": 10571, "P12_002": "揖斐高原貝月リゾート", "P12_003": "21", "P12_004": "21401", "P12_005": "‐", "P12_006": "揖斐川町日坂1509-15", "P12_007": 4 }, "geometry": { "type": "MultiPoint", "coordinates": [ [ 136.430372352901827, 35.537552385634115 ] ] } },
{ "type": "Feature", "properties": { "P12_001": 10572, "P12_002": "谷汲緑地公園キャンプ場", "P12_003": "21", "P12_004": "21401", "P12_005": "‐", "P12_006": "揖斐川町谷汲名礼1741-16", "P12_007": 4 }, "geometry": { "type": "MultiPoint", "coordinates": [ [ 136.587696000570077, 35.531741998994107 ] ] } },
{ "type": "Feature", "properties": { "P12_001": 10573, "P12_002": "春日モリモリ村リフレッシュ館", "P12_003": "21", "P12_004": "21401", "P12_005": "‐", "P12_006": "揖斐川町春日六合3429", "P12_007": 3 }, "geometry": { "type": "MultiPoint", "coordinates": [ [ 136.488134403180197, 35.467723910230347 ] ] } },
{ "type": "Feature", "properties": { "P12_001": 10574, "P12_002": "道の駅夜叉ヶ池の里さかうち", "P12_003": "21", "P12_004": "21401", "P12_005": "‐", "P12_006": "揖斐川町坂内広瀬306", "P12_007": 6 }, "geometry": { "type": "MultiPoint", "coordinates": [ [ 136.413670822850236, 35.601820686475548 ] ] } },
{ "type": "Feature", "properties": { "P12_001": 10575, "P12_002": "徳山会館", "P12_003": "21", "P12_004": "21401", "P12_005": "‐", "P12_006": "揖斐川町開田280-1", "P12_007": 6 }, "geometry": { "type": "MultiPoint", "coordinates": [ [ 136.485086999165787, 35.691356000479118 ] ] } },
{ "type": "Feature", "properties": { "P12_001": 10576, "P12_002": "両界山横蔵寺", "P12_003": "21", "P12_004": "21401", "P12_005": "‐", "P12_006": "揖斐川町谷汲神原1160", "P12_007": 2 }, "geometry": { "type": "MultiPoint", "coordinates": [ [ 136.560774166494639, 35.55316230599567 ] ] } },
{ "type": "Feature", "properties": { "P12_001": 10577, "P12_002": "いび川温泉藤橋の湯", "P12_003": "21", "P12_004": "21401", "P12_005": "‐", "P12_006": "揖斐川町東横山207", "P12_007": 3 }, "geometry": { "type": "MultiPoint", "coordinates": [ [ 136.463450982576887, 35.57706358171896 ] ] } },
{ "type": "Feature", "properties": { "P12_001": 10578, "P12_002": "谷汲山華厳寺", "P12_003": "21", "P12_004": "21401", "P12_005": "‐", "P12_006": "揖斐川町谷汲徳積23", "P12_007": 2 }, "geometry": { "type": "MultiPoint", "coordinates": [ [ 136.607869383165621, 35.537216215456056 ] ] } },
{ "type": "Feature", "properties": { "P12_001": 10579, "P12_002": "夜叉ヶ池", "P12_003": "21", "P12_004": "21401", "P12_005": "‐", "P12_006": "揖斐川町坂内広瀬924", "P12_007": 1 }, "geometry": { "type": "MultiPoint", "coordinates": [ [ 136.290718000235643, 35.672271999952898 ] ] } },
{ "type": "Feature", "properties": { "P12_001": 10580, "P12_002": "徳山ダム", "P12_003": "21", "P12_004": "21401", "P12_005": "‐", "P12_006": "揖斐川町開田448", "P12_007": 2 }, "geometry": { "type": "MultiPoint", "coordinates": [ [ 136.49873199978208, 35.666092000045808 ] ] } },
{ "type": "Feature", "properties": { "P12_001": 10581, "P12_002": "藤橋城", "P12_003": "21", "P12_004": "21401", "P12_005": "‐", "P12_006": "揖斐川町鶴見332-1", "P12_007": 2 }, "geometry": { "type": "MultiPoint", "coordinates": [ [ 136.487185833359604, 35.638251111899365 ] ] } },
{ "type": "Feature", "properties": { "P12_001": 10582, "P12_002": "月夜谷ふれあいの里", "P12_003": "21", "P12_004": "21401", "P12_005": "‐", "P12_006": "揖斐川町小津987-1", "P12_007": 4 }, "geometry": { "type": "MultiPoint", "coordinates": [ [ 136.534235000245076, 35.579167999803417 ] ] } },
{ "type": "Feature", "properties": { "P12_001": 10583, "P12_002": "久瀬温泉露天風呂白龍の湯", "P12_003": "21", "P12_004": "21401", "P12_005": "‐", "P12_006": "揖斐川町日坂224-1", "P12_007": 3 }, "geometry": { "type": "MultiPoint", "coordinates": [ [ 136.441744224416539, 35.543880711625604 ] ] } },
{ "type": "Feature", "properties": { "P12_001": 10584, "P12_002": "横蔵寺もみじまつり", "P12_003": "21", "P12_004": "21401", "P12_005": "‐", "P12_006": "揖斐川町谷汲神原", "P12_007": 1 }, "geometry": { "type": "MultiPoint", "coordinates": [ [ 136.561248999541704, 35.553364000548243 ] ] } },
{ "type": "Feature", "properties": { "P12_001": 10585, "P12_002": "豊年祈願祭", "P12_003": "21", "P12_004": "21401", "P12_005": "‐", "P12_006": "揖斐川町谷汲徳積", "P12_007": 1 }, "geometry": { "type": "MultiPoint", "coordinates": [ [ 136.610483999237204, 35.527655000278116 ] ] } },
{ "type": "Feature", "properties": { "P12_001": 10586, "P12_002": "谷汲もみじまつり", "P12_003": "21", "P12_004": "21401", "P12_005": "‐", "P12_006": "揖斐川町谷汲徳積", "P12_007": 1 }, "geometry": { "type": "MultiPoint", "coordinates": [ [ 136.610483999237204, 35.527655000278116 ] ] } },
{ "type": "Feature", "properties": { "P12_001": 10587, "P12_002": "揖斐祭り", "P12_003": "21", "P12_004": "21401", "P12_005": "‐", "P12_006": "揖斐川町三輪", "P12_007": 1 }, "geometry": { "type": "MultiPoint", "coordinates": [ [ 136.573212999980001, 35.489067000541695 ] ] } },
{ "type": "Feature", "properties": { "P12_001": 10588, "P12_002": "いびがわの祭り", "P12_003": "21", "P12_004": "21401", "P12_005": "‐", "P12_006": "揖斐川町三輪", "P12_007": 1 }, "geometry": { "type": "MultiPoint", "coordinates": [ [ 136.56871083373801, 35.487283888640604 ] ] } },
{ "type": "Feature", "properties": { "P12_001": 10589, "P12_002": "国見岳スキー場", "P12_003": "21", "P12_004": "21401", "P12_005": "‐", "P12_006": "揖斐川町春日美束", "P12_007": 4 }, "geometry": { "type": "MultiPoint", "coordinates": [ [ 136.416408999475834, 35.476499000128797 ] ] } },
{ "type": "Feature", "properties": { "P12_001": 10590, "P12_002": "ぎふ清流国体・ぎふ清流大会（揖斐川町）", "P12_003": "21", "P12_004": "21401", "P12_005": "‐", "P12_006": "揖斐川町", "P12_007": 1 }, "geometry": { "type": "MultiPoint", "coordinates": [ [ 136.56871083373801, 35.487283888640604 ] ] } },
{ "type": "Feature", "properties": { "P12_001": 10591, "P12_002": "谷汲ゆり園", "P12_003": "21", "P12_004": "21401", "P12_005": "‐", "P12_006": "揖斐川町谷汲大洞999", "P12_007": 2 }, "geometry": { "type": "MultiPoint", "coordinates": [ [ 136.613940000330786, 35.514356999475979 ] ] } },
{ "type": "Feature", "properties": { "P12_001": 10592, "P12_002": "根尾川谷汲温泉", "P12_003": "21", "P12_004": "21401", "P12_005": "‐", "P12_006": "揖斐川町谷汲長瀬450-1", "P12_007": 3 }, "geometry": { "type": "MultiPoint", "coordinates": [ [ 136.644897499819876, 35.531277777947139 ] ] } },
{ "type": "Feature", "properties": { "P12_001": 10593, "P12_002": "揖斐川観光やな", "P12_003": "21", "P12_004": "21401", "P12_005": "‐", "P12_006": "揖斐川町三輪133", "P12_007": 5 }, "geometry": { "type": "MultiPoint", "coordinates": [ [ 136.568653000135896, 35.487309000410107 ] ] } },
{ "type": "Feature", "properties": { "P12_001": 10594, "P12_002": "道の駅星のふる里ふじはし", "P12_003": "21", "P12_004": "21401", "P12_005": "‐", "P12_006": "揖斐川町東横山264-1", "P12_007": 6 }, "geometry": { "type": "MultiPoint", "coordinates": [ [ 136.462886634610527, 35.577140747147837 ] ] } },
{ "type": "Feature", "properties": { "P12_001": 10595, "P12_002": "東海自然歩道", "P12_003": "21", "P12_004": "21401", "P12_005": "‐", "P12_006": "揖斐川町谷汲名礼265-43", "P12_007": 4 }, "geometry": { "type": "MultiPoint", "coordinates": [ [ 136.608894444822795, 35.526591944063 ] ] } },
{ "type": "Feature", "properties": { "P12_001": 10596, "P12_002": "水と森の学習館", "P12_003": "21", "P12_004": "21401", "P12_005": "‐", "P12_006": "揖斐川町鶴見653-1", "P12_007": 1 }, "geometry": { "type": "MultiPoint", "coordinates": [ [ 136.4839243942954, 35.63668403424083 ] ] } },
{ "type": "Feature", "properties": { "P12_001": 10597, "P12_002": "道の駅夢さんさん谷汲", "P12_003": "21", "P12_004": "21401", "P12_005": "‐", "P12_006": "揖斐川町谷汲名礼1766-27", "P12_007": 6 }, "geometry": { "type": "MultiPoint", "coordinates": [ [ 136.585679411175988, 35.53152182337351 ] ] } },
{ "type": "Feature", "properties": { "P12_001": 10598, "P12_002": "谷汲さくらまつり", "P12_003": "21", "P12_004": "21401", "P12_005": "‐", "P12_006": "揖斐川町谷汲徳積", "P12_007": 1 }, "geometry": { "type": "MultiPoint", "coordinates": [ [ 136.610483999237204, 35.527655000278116 ] ] } },
{ "type": "Feature", "properties": { "P12_001": 10599, "P12_002": "いびがわマラソン", "P12_003": "21", "P12_004": "21401", "P12_005": "‐", "P12_006": "揖斐川町三輪", "P12_007": 1 }, "geometry": { "type": "MultiPoint", "coordinates": [ [ 136.568653000135896, 35.487309000410107 ] ] } },
{ "type": "Feature", "properties": { "P12_001": 10600, "P12_002": "谷汲温泉満願の湯", "P12_003": "21", "P12_004": "21401", "P12_005": "‐", "P12_006": "揖斐川町谷汲徳積", "P12_007": 3 }, "geometry": { "type": "MultiPoint", "coordinates": [ [ 136.611412999810113, 35.526021000468859 ] ] } },
{ "type": "Feature", "properties": { "P12_001": 10601, "P12_002": "根尾川花火大会", "P12_003": "21", "P12_004": "21403", "P12_005": "‐", "P12_006": "大野町河畔藪川橋上流", "P12_007": 1 }, "geometry": { "type": "MultiPoint", "coordinates": [ [ 136.646923288379071, 35.466558244967075 ] ] } },
{ "type": "Feature", "properties": { "P12_001": 10602, "P12_002": "柿・牡蠣まつり", "P12_003": "21", "P12_004": "21403", "P12_005": "‐", "P12_006": "大野町大字大野80", "P12_007": 1 }, "geometry": { "type": "MultiPoint", "coordinates": [ [ 136.62764472222625, 35.470619444831584 ] ] } },
{ "type": "Feature", "properties": { "P12_001": 10603, "P12_002": "ふれあい・大野まつり", "P12_003": "21", "P12_004": "21403", "P12_005": "‐", "P12_006": "大野町大字大野80", "P12_007": 1 }, "geometry": { "type": "MultiPoint", "coordinates": [ [ 136.62764472222625, 35.470619444831584 ] ] } },
{ "type": "Feature", "properties": { "P12_001": 10604, "P12_002": "バラまつり大野", "P12_003": "21", "P12_004": "21403", "P12_005": "‐", "P12_006": "大野町大字加納650", "P12_007": 1 }, "geometry": { "type": "MultiPoint", "coordinates": [ [ 136.620488714182898, 35.442183864693675 ] ] } },
{ "type": "Feature", "properties": { "P12_001": 10605, "P12_002": "室内温泉プール　ゆ〜みんぐ", "P12_003": "21", "P12_004": "21403", "P12_005": "‐", "P12_006": "大野町下座倉1451-3", "P12_007": 4 }, "geometry": { "type": "MultiPoint", "coordinates": [ [ 136.637444833312429, 35.409383530225796 ] ] } },
{ "type": "Feature", "properties": { "P12_001": 10606, "P12_002": "おおの温泉", "P12_003": "21", "P12_004": "21403", "P12_005": "‐", "P12_006": "大野町相羽120-1", "P12_007": 4 }, "geometry": { "type": "MultiPoint", "coordinates": [ [ 136.631843000354252, 35.453914462282683 ] ] } },
{ "type": "Feature", "properties": { "P12_001": 10607, "P12_002": "夏まつり大野おどり", "P12_003": "21", "P12_004": "21403", "P12_005": "‐", "P12_006": "大野町大字大野80", "P12_007": 1 }, "geometry": { "type": "MultiPoint", "coordinates": [ [ 136.62764472222625, 35.470619444831584 ] ] } },
{ "type": "Feature", "properties": { "P12_001": 10608, "P12_002": "揖斐二度ザクラ", "P12_003": "21", "P12_004": "21403", "P12_005": "‐", "P12_006": "大野町南方186-1", "P12_007": 1 }, "geometry": { "type": "MultiPoint", "coordinates": [ [ 136.620777840824758, 35.452546749033274 ] ] } },
{ "type": "Feature", "properties": { "P12_001": 10609, "P12_002": "ぎふ清流国体・ぎふ清流大会（大野町）", "P12_003": "21", "P12_004": "21403", "P12_005": "‐", "P12_006": "大野町", "P12_007": 1 }, "geometry": { "type": "MultiPoint", "coordinates": [ [ 136.62764472222625, 35.470619444831584 ] ] } },
{ "type": "Feature", "properties": { "P12_001": 10610, "P12_002": "池田の森", "P12_003": "21", "P12_004": "21404", "P12_005": "‐", "P12_006": "池田町片山字善南寺3245-24", "P12_007": 1 }, "geometry": { "type": "MultiPoint", "coordinates": [ [ 136.56922833422027, 35.416125833940157 ] ] } },
{ "type": "Feature", "properties": { "P12_001": 10611, "P12_002": "霞間ヶ渓公園", "P12_003": "21", "P12_004": "21404", "P12_005": "‐", "P12_006": "池田町藤代地内", "P12_007": 4 }, "geometry": { "type": "MultiPoint", "coordinates": [ [ 136.552319999668271, 35.432291999376332 ] ] } },
{ "type": "Feature", "properties": { "P12_001": 10612, "P12_002": "池田温泉本館", "P12_003": "21", "P12_004": "21404", "P12_005": "‐", "P12_006": "池田町片山3021-1", "P12_007": 3 }, "geometry": { "type": "MultiPoint", "coordinates": [ [ 136.557901944119521, 35.419272500625482 ] ] } },
{ "type": "Feature", "properties": { "P12_001": 10613, "P12_002": "池田温泉新館", "P12_003": "21", "P12_004": "21404", "P12_005": "‐", "P12_006": "池田町片山1970-1", "P12_007": 3 }, "geometry": { "type": "MultiPoint", "coordinates": [ [ 136.558515556048178, 35.419654721488257 ] ] } },
{ "type": "Feature", "properties": { "P12_001": 10614, "P12_002": "池田サクラまつり", "P12_003": "21", "P12_004": "21404", "P12_005": "‐", "P12_006": "池田町藤代地内", "P12_007": 1 }, "geometry": { "type": "MultiPoint", "coordinates": [ [ 136.552319999668271, 35.432291999376332 ] ] } },
{ "type": "Feature", "properties": { "P12_001": 10615, "P12_002": "道の駅池田温泉", "P12_003": "21", "P12_004": "21404", "P12_005": "‐", "P12_006": "池田町藤代地内", "P12_007": 6 }, "geometry": { "type": "MultiPoint", "coordinates": [ [ 136.559363161680608, 35.419306945559129 ] ] } },
{ "type": "Feature", "properties": { "P12_001": 10616, "P12_002": "大津谷公園", "P12_003": "21", "P12_004": "21404", "P12_005": "‐", "P12_006": "池田町願成寺地内", "P12_007": 4 }, "geometry": { "type": "MultiPoint", "coordinates": [ [ 136.54400800036899, 35.453399999710257 ] ] } },
{ "type": "Feature", "properties": { "P12_001": 10617, "P12_002": "みの池田ふるさと祭", "P12_003": "21", "P12_004": "21404", "P12_005": "‐", "P12_006": "池田町六之井1568-1", "P12_007": 1 }, "geometry": { "type": "MultiPoint", "coordinates": [ [ 136.574419166211669, 35.440509166065226 ] ] } },
{ "type": "Feature", "properties": { "P12_001": 10618, "P12_002": "ぎふ清流国体・ぎふ清流大会（池田町）", "P12_003": "21", "P12_004": "21404", "P12_005": "‐", "P12_006": "池田町", "P12_007": 1 }, "geometry": { "type": "MultiPoint", "coordinates": [ [ 136.573029165963248, 35.442230278704471 ] ] } },
{ "type": "Feature", "properties": { "P12_001": 10619, "P12_002": "円鏡寺", "P12_003": "21", "P12_004": "21421", "P12_005": "‐", "P12_006": "北方町北方1345-1", "P12_007": 2 }, "geometry": { "type": "MultiPoint", "coordinates": [ [ 136.68844666717996, 35.437017221767405 ] ] } },
{ "type": "Feature", "properties": { "P12_001": 10620, "P12_002": "町民ふれあいプール", "P12_003": "21", "P12_004": "21501", "P12_005": "‐", "P12_006": "坂祝町黒岩102-1", "P12_007": 4 }, "geometry": { "type": "MultiPoint", "coordinates": [ [ 136.980173106104075, 35.440744374753137 ] ] } },
{ "type": "Feature", "properties": { "P12_001": 10621, "P12_002": "さかほぎ祭り", "P12_003": "21", "P12_004": "21501", "P12_005": "‐", "P12_006": "坂祝町取組18-1", "P12_007": 1 }, "geometry": { "type": "MultiPoint", "coordinates": [ [ 136.985798012068699, 35.425922644514458 ] ] } },
{ "type": "Feature", "properties": { "P12_001": 10622, "P12_002": "さかほぎ町民まつり", "P12_003": "21", "P12_004": "21501", "P12_005": "‐", "P12_006": "坂祝町黒岩1260-1", "P12_007": 1 }, "geometry": { "type": "MultiPoint", "coordinates": [ [ 136.98259270329072, 35.439196323151862 ] ] } },
{ "type": "Feature", "properties": { "P12_001": 10623, "P12_002": "とみか町民まつり", "P12_003": "21", "P12_004": "21502", "P12_005": "‐", "P12_006": "富加町滝田1511", "P12_007": 1 }, "geometry": { "type": "MultiPoint", "coordinates": [ [ 136.979844723155566, 35.484668054886868 ] ] } },
{ "type": "Feature", "properties": { "P12_001": 10624, "P12_002": "半布里の郷とみか道の駅", "P12_003": "21", "P12_004": "21502", "P12_005": "‐", "P12_006": "富加町羽生2174-1", "P12_007": 6 }, "geometry": { "type": "MultiPoint", "coordinates": [ [ 136.980205555442126, 35.474296111676267 ] ] } },
{ "type": "Feature", "properties": { "P12_001": 10625, "P12_002": "鹿塩カントリー", "P12_003": "21", "P12_004": "21503", "P12_005": "‐", "P12_006": "川辺町鹿塩1168", "P12_007": 4 }, "geometry": { "type": "MultiPoint", "coordinates": [ [ 137.055028056100014, 35.507917499293228 ] ] } },
{ "type": "Feature", "properties": { "P12_001": 10626, "P12_002": "川辺ふれ愛まつり", "P12_003": "21", "P12_004": "21503", "P12_005": "‐", "P12_006": "川辺町中川辺1518-4", "P12_007": 1 }, "geometry": { "type": "MultiPoint", "coordinates": [ [ 137.070662500074377, 35.486570000505196 ] ] } },
{ "type": "Feature", "properties": { "P12_001": 10627, "P12_002": "ぎふ清流国体・ぎふ清流大会（川辺町）", "P12_003": "21", "P12_004": "21503", "P12_005": "‐", "P12_006": "川辺町", "P12_007": 1 }, "geometry": { "type": "MultiPoint", "coordinates": [ [ 137.070662500074377, 35.486570000505196 ] ] } },
{ "type": "Feature", "properties": { "P12_001": 10628, "P12_002": "川辺おどり花火大会", "P12_003": "21", "P12_004": "21503", "P12_005": "‐", "P12_006": "川辺町中川辺1518-4", "P12_007": 1 }, "geometry": { "type": "MultiPoint", "coordinates": [ [ 137.070662500074377, 35.486570000505196 ] ] } },
{ "type": "Feature", "properties": { "P12_001": 10629, "P12_002": "ロックタウンプラザ", "P12_003": "21", "P12_004": "21504", "P12_005": "‐", "P12_006": "七宗町中麻生1169-1", "P12_007": 5 }, "geometry": { "type": "MultiPoint", "coordinates": [ [ 137.114328000137107, 35.533969000069362 ] ] } },
{ "type": "Feature", "properties": { "P12_001": 10630, "P12_002": "日本最古の石博物館", "P12_003": "21", "P12_004": "21504", "P12_005": "‐", "P12_006": "七宗町中麻生1160", "P12_007": 2 }, "geometry": { "type": "MultiPoint", "coordinates": [ [ 137.114539723029907, 35.533379999887131 ] ] } },
{ "type": "Feature", "properties": { "P12_001": 10631, "P12_002": "人道の丘公園", "P12_003": "21", "P12_004": "21505", "P12_005": "‐", "P12_006": "八百津町八百津1071", "P12_007": 4 }, "geometry": { "type": "MultiPoint", "coordinates": [ [ 137.168478465708745, 35.475060482355445 ] ] } },
{ "type": "Feature", "properties": { "P12_001": 10632, "P12_002": "五宝滝公園", "P12_003": "21", "P12_004": "21505", "P12_005": "‐", "P12_006": "八百津町八百津4767", "P12_007": 4 }, "geometry": { "type": "MultiPoint", "coordinates": [ [ 137.155566999817211, 35.501313000494633 ] ] } },
{ "type": "Feature", "properties": { "P12_001": 10633, "P12_002": "八百津まつり", "P12_003": "21", "P12_004": "21505", "P12_005": "‐", "P12_006": "八百津町八百津", "P12_007": 1 }, "geometry": { "type": "MultiPoint", "coordinates": [ [ 137.139351000248553, 35.4698628002281 ] ] } },
{ "type": "Feature", "properties": { "P12_001": 10634, "P12_002": "八百津町産業文化祭", "P12_003": "21", "P12_004": "21505", "P12_005": "‐", "P12_006": "八百津町八百津3827-1", "P12_007": 1 }, "geometry": { "type": "MultiPoint", "coordinates": [ [ 137.144285205298047, 35.476492998053459 ] ] } },
{ "type": "Feature", "properties": { "P12_001": 10635, "P12_002": "蘇水峡川まつり", "P12_003": "21", "P12_004": "21505", "P12_005": "‐", "P12_006": "八百津町八百津", "P12_007": 1 }, "geometry": { "type": "MultiPoint", "coordinates": [ [ 137.1192052772019, 35.501518889485226 ] ] } },
{ "type": "Feature", "properties": { "P12_001": 10636, "P12_002": "久田見まつり", "P12_003": "21", "P12_004": "21505", "P12_005": "‐", "P12_006": "八百津町久田見", "P12_007": 1 }, "geometry": { "type": "MultiPoint", "coordinates": [ [ 137.193529000363128, 35.520633000212854 ] ] } },
{ "type": "Feature", "properties": { "P12_001": 10637, "P12_002": "美濃白川クオーレの里", "P12_003": "21", "P12_004": "21506", "P12_005": "‐", "P12_006": "白川町和泉181-1", "P12_007": 4 }, "geometry": { "type": "MultiPoint", "coordinates": [ [ 137.220142000053329, 35.595647999855373 ] ] } },
{ "type": "Feature", "properties": { "P12_001": 10638, "P12_002": "道の駅「美濃白川」", "P12_003": "21", "P12_004": "21506", "P12_005": "‐", "P12_006": "白川町河東3500-1", "P12_007": 5 }, "geometry": { "type": "MultiPoint", "coordinates": [ [ 137.173865833741274, 35.603984166636053 ] ] } },
{ "type": "Feature", "properties": { "P12_001": 10639, "P12_002": "ぎふ清流国体・ぎふ清流大会（白川町）", "P12_003": "21", "P12_004": "21506", "P12_005": "‐", "P12_006": "白川町", "P12_007": 1 }, "geometry": { "type": "MultiPoint", "coordinates": [ [ 137.188258888636824, 35.581922500023381 ] ] } },
{ "type": "Feature", "properties": { "P12_001": 10640, "P12_002": "美濃白川ゴルフ倶楽部", "P12_003": "21", "P12_004": "21506", "P12_005": "‐", "P12_006": "白川町白山1033", "P12_007": 4 }, "geometry": { "type": "MultiPoint", "coordinates": [ [ 137.195384000471336, 35.613868000108198 ] ] } },
{ "type": "Feature", "properties": { "P12_001": 10641, "P12_002": "茶の里東白川", "P12_003": "21", "P12_004": "21507", "P12_005": "‐", "P12_006": "東白川村越原1061", "P12_007": 6 }, "geometry": { "type": "MultiPoint", "coordinates": [ [ 137.352352221677734, 35.667767778760037 ] ] } },
{ "type": "Feature", "properties": { "P12_001": 10642, "P12_002": "こもれびの里", "P12_003": "21", "P12_004": "21507", "P12_005": "‐", "P12_006": "東白川村神土606", "P12_007": 4 }, "geometry": { "type": "MultiPoint", "coordinates": [ [ 137.319893332811148, 35.645078888979583 ] ] } },
{ "type": "Feature", "properties": { "P12_001": 10643, "P12_002": "みたけの森", "P12_003": "21", "P12_004": "21521", "P12_005": "‐", "P12_006": "御嵩町中2777-1", "P12_007": 1 }, "geometry": { "type": "MultiPoint", "coordinates": [ [ 137.126919722867001, 35.423519999548375 ] ] } },
{ "type": "Feature", "properties": { "P12_001": 10644, "P12_002": "御嵩町B&G海洋ｾﾝﾀｰ", "P12_003": "21", "P12_004": "21521", "P12_005": "‐", "P12_006": "御嵩町中2777-28", "P12_007": 4 }, "geometry": { "type": "MultiPoint", "coordinates": [ [ 137.126919722867001, 35.423519999548375 ] ] } },
{ "type": "Feature", "properties": { "P12_001": 10645, "P12_002": "レイクグリーンゴルフクラブ", "P12_003": "21", "P12_004": "21521", "P12_005": "‐", "P12_006": "御嵩町美佐野2652-1", "P12_007": 4 }, "geometry": { "type": "MultiPoint", "coordinates": [ [ 137.181435000225179, 35.405533888678065 ] ] } },
{ "type": "Feature", "properties": { "P12_001": 10646, "P12_002": "中山道みたけ館", "P12_003": "21", "P12_004": "21521", "P12_005": "‐", "P12_006": "御嵩町御嵩1389-1", "P12_007": 2 }, "geometry": { "type": "MultiPoint", "coordinates": [ [ 137.130082723039322, 35.430183020829816 ] ] } },
{ "type": "Feature", "properties": { "P12_001": 10647, "P12_002": "鬼岩公園", "P12_003": "21", "P12_004": "21521", "P12_005": "‐", "P12_006": "御嵩町次月3281", "P12_007": 1 }, "geometry": { "type": "MultiPoint", "coordinates": [ [ 137.1856191661916, 35.406697221999252 ] ] } },
{ "type": "Feature", "properties": { "P12_001": 10648, "P12_002": "こぶしゴルフ倶楽部", "P12_003": "21", "P12_004": "21521", "P12_005": "‐", "P12_006": "御嵩町前沢8075-6", "P12_007": 4 }, "geometry": { "type": "MultiPoint", "coordinates": [ [ 137.19279388822747, 35.453685833034797 ] ] } },
{ "type": "Feature", "properties": { "P12_001": 10649, "P12_002": "サンクラシックゴルフクラブ", "P12_003": "21", "P12_004": "21521", "P12_005": "‐", "P12_006": "御嵩町比衣1097-1-1", "P12_007": 4 }, "geometry": { "type": "MultiPoint", "coordinates": [ [ 137.104215556302961, 35.451721388131602 ] ] } },
{ "type": "Feature", "properties": { "P12_001": 10650, "P12_002": "御嵩町薬師祭礼", "P12_003": "21", "P12_004": "21521", "P12_005": "‐", "P12_006": "御嵩町御嵩1377-1", "P12_007": 1 }, "geometry": { "type": "MultiPoint", "coordinates": [ [ 137.128582777972838, 35.430376666450059 ] ] } },
{ "type": "Feature", "properties": { "P12_001": 10651, "P12_002": "鬼岩公園", "P12_003": "21", "P12_004": "21521", "P12_005": "‐", "P12_006": "瑞浪市日吉町9513-40", "P12_007": 1 }, "geometry": { "type": "MultiPoint", "coordinates": [ [ 137.198896000550008, 35.412849000281199 ] ] } },
{ "type": "Feature", "properties": { "P12_001": 10652, "P12_002": "富士ｴｸｾﾚﾝﾄ倶楽部御嵩花ﾄﾋﾟｱｺﾞﾙﾌ場", "P12_003": "21", "P12_004": "21521", "P12_005": "‐", "P12_006": "御嵩町古屋敷155-1", "P12_007": 4 }, "geometry": { "type": "MultiPoint", "coordinates": [ [ 137.112934443969493, 35.423085832944878 ] ] } },
{ "type": "Feature", "properties": { "P12_001": 10653, "P12_002": "美岳カントリークラブ", "P12_003": "21", "P12_004": "21521", "P12_005": "‐", "P12_006": "御嵩町前沢8075-3", "P12_007": 4 }, "geometry": { "type": "MultiPoint", "coordinates": [ [ 137.185902499400868, 35.449152777778522 ] ] } },
{ "type": "Feature", "properties": { "P12_001": 10654, "P12_002": "ワールドレイクゴルフ倶楽部", "P12_003": "21", "P12_004": "21521", "P12_005": "‐", "P12_006": "御嵩町中切1715", "P12_007": 4 }, "geometry": { "type": "MultiPoint", "coordinates": [ [ 137.157368333781619, 35.40411416673544 ] ] } },
{ "type": "Feature", "properties": { "P12_001": 10655, "P12_002": "よってりゃあみたけ夢いろ街道宿場まつり", "P12_003": "21", "P12_004": "21521", "P12_005": "‐", "P12_006": "御嵩町（名鉄御嵩駅前周辺）", "P12_007": 1 }, "geometry": { "type": "MultiPoint", "coordinates": [ [ 137.128427999252835, 35.429749999962553 ] ] } },
{ "type": "Feature", "properties": { "P12_001": 10656, "P12_002": "白川郷合掌造り集落", "P12_003": "21", "P12_004": "21604", "P12_005": "集落・街", "P12_006": "白川村荻町2495-3", "P12_007": 2 }, "geometry": { "type": "MultiPoint", "coordinates": [ [ 136.902072721379, 36.256706836751164 ] ] } },
{ "type": "Feature", "properties": { "P12_001": 10657, "P12_002": "白山", "P12_003": "21", "P12_004": "21604", "P12_005": "山岳", "P12_006": "白川村", "P12_007": -1 }, "geometry": { "type": "MultiPoint", "coordinates": [ [ 136.767145348379245, 36.160577974094281 ] ] } },
{ "type": "Feature", "properties": { "P12_001": 10658, "P12_002": "御母衣電力館", "P12_003": "21", "P12_004": "21604", "P12_005": "‐", "P12_006": "白川村牧140-1", "P12_007": 1 }, "geometry": { "type": "MultiPoint", "coordinates": [ [ 136.908550999429167, 36.145336999702806 ] ] } },
{ "type": "Feature", "properties": { "P12_001": 10659, "P12_002": "平瀬温泉", "P12_003": "21", "P12_004": "21604", "P12_005": "‐", "P12_006": "白川村平瀬247-7", "P12_007": 3 }, "geometry": { "type": "MultiPoint", "coordinates": [ [ 136.902449899743146, 36.173044261183747 ] ] } },
{ "type": "Feature", "properties": { "P12_001": 10660, "P12_002": "合掌造り民家園", "P12_003": "21", "P12_004": "21604", "P12_005": "‐", "P12_006": "白川村荻町2499", "P12_007": 2 }, "geometry": { "type": "MultiPoint", "coordinates": [ [ 136.901763056020286, 36.255350277793127 ] ] } },
{ "type": "Feature", "properties": { "P12_001": 10661, "P12_002": "白山スーパ林道", "P12_003": "21", "P12_004": "21604", "P12_005": "‐", "P12_006": "白川村馬狩字幅上246-4", "P12_007": 4 }, "geometry": { "type": "MultiPoint", "coordinates": [ [ 136.874347590369098, 36.257177278408733 ] ] } },
{ "type": "Feature", "properties": { "P12_001": 10662, "P12_002": "どぶろく祭", "P12_003": "21", "P12_004": "21604", "P12_005": "‐", "P12_006": "白川村荻町", "P12_007": 1 }, "geometry": { "type": "MultiPoint", "coordinates": [ [ 136.905913000084979, 36.256334000313927 ] ] } },
{ "type": "Feature", "properties": { "P12_001": 10663, "P12_002": "道の駅「飛騨白山」", "P12_003": "21", "P12_004": "21604", "P12_005": "‐", "P12_006": "白川村平瀬高ダイ516-12", "P12_007": 6 }, "geometry": { "type": "MultiPoint", "coordinates": [ [ 136.901461623954901, 36.174182937792409 ] ] } },
{ "type": "Feature", "properties": { "P12_001": 10664, "P12_002": "道の駅白川郷", "P12_003": "21", "P12_004": "21604", "P12_005": "‐", "P12_006": "白川村飯島411", "P12_007": 6 }, "geometry": { "type": "MultiPoint", "coordinates": [ [ 136.90152615390889, 36.278720288010959 ] ] } },
{ "type": "Feature", "properties": { "P12_001": 10280, "P12_002": "恵那峡", "P12_003": "21", "P12_004": "21210", "P12_005": "‐", "P12_006": "恵那市大井町奥戸", "P12_007": 1 }, "geometry": { "type": "LineString", "coordinates": [ [ 137.396339689942579, 35.481332430085658 ], [ 137.396400000029047, 35.481333609967535 ], [ 137.396428059932816, 35.48133471993507 ], [ 137.396496389957463, 35.481335559938373 ], [ 137.396966390039836, 35.481338890047212 ], [ 137.397851390032656, 35.481345280094416 ], [ 137.398720279972054, 35.481351669935385 ], [ 137.401060560070022, 35.48136888989994 ], [ 137.401715830052979, 35.481412780020861 ], [ 137.403041670058229, 35.481502220058069 ], [ 137.403670280045134, 35.481701670004639 ], [ 137.404551389936387, 35.482188609998225 ], [ 137.404572220010692, 35.482200279918871 ], [ 137.404584719944097, 35.482209439935225 ], [ 137.405357499936599, 35.482788059906085 ], [ 137.406439719970905, 35.483534719928414 ], [ 137.407008059972469, 35.483926940011351 ], [ 137.407017779995783, 35.483933609922168 ], [ 137.407709999986452, 35.484411110035794 ], [ 137.408603060018606, 35.485027500044602 ], [ 137.408913889942824, 35.485209999990843 ], [ 137.409307779942708, 35.485441390067841 ], [ 137.409320280021404, 35.485448610012739 ], [ 137.40937694003199, 35.485472779957952 ], [ 137.410722500065418, 35.486050559925509 ], [ 137.410741390028932, 35.486058609974329 ], [ 137.410756110054649, 35.486064440088086 ], [ 137.411269440004304, 35.486262219927426 ], [ 137.411301669991161, 35.486274719951993 ], [ 137.411769169999673, 35.486366940063967 ], [ 137.412593060062534, 35.48652972004075 ], [ 137.412823889947987, 35.486588059950833 ], [ 137.413556109958051, 35.486773609936073 ], [ 137.414184719944927, 35.487000829900929 ], [ 137.414670000016116, 35.487261389932968 ], [ 137.415141389980874, 35.487638329916578 ], [ 137.41609806001685, 35.48860277992317 ], [ 137.416979170053395, 35.489345560008815 ], [ 137.417525560054486, 35.489722499992425 ], [ 137.418079170005058, 35.489949719957281 ], [ 137.418919439932324, 35.490232499963696 ], [ 137.419623329937082, 35.49038221998245 ], [ 137.420695829948073, 35.490493059995735 ], [ 137.421815830054697, 35.490626389947629 ], [ 137.421953059947128, 35.49064278001449 ], [ 137.42243139002511, 35.490632779994833 ], [ 137.422485829943383, 35.490631670027298 ], [ 137.422548059944745, 35.490622779975176 ], [ 137.423742779960889, 35.490454170090878 ], [ 137.42386889006761, 35.490444719899067 ], [ 137.424316940004218, 35.49041167000734 ], [ 137.424562780067504, 35.49039361003949 ], [ 137.424774170051649, 35.490444440035461 ], [ 137.42481555995343, 35.49045444005511 ], [ 137.42489333001987, 35.490511669997666 ], [ 137.425011669948759, 35.490598329960115 ], [ 137.425109440024869, 35.490670280068542 ], [ 137.425182219968889, 35.490761670076594 ], [ 137.425316389969652, 35.490930279960892 ], [ 137.425396390008416, 35.491030829985291 ], [ 137.425460829931524, 35.491188330088633 ], [ 137.425537219995562, 35.491376109908323 ], [ 137.425792499955321, 35.492000830035792 ], [ 137.425810559999519, 35.492096389949744 ], [ 137.42618556003589, 35.494093060059832 ], [ 137.426195560040725, 35.494146109990872 ], [ 137.426221940055257, 35.494410830029437 ], [ 137.426345559968098, 35.495654999897837 ], [ 137.426345830069636, 35.495659170009979 ], [ 137.426340279984117, 35.495718329918375 ], [ 137.426222779999847, 35.496939440015339 ], [ 137.426195560040725, 35.497854169993495 ], [ 137.426218059978964, 35.497981389968025 ], [ 137.426255830026037, 35.498197780015538 ], [ 137.426304440022562, 35.49847500007867 ], [ 137.426482220017419, 35.49883528003118 ], [ 137.42649361004996, 35.498850280060665 ], [ 137.426538329944947, 35.49890972003891 ], [ 137.426748610028199, 35.499190000040414 ], [ 137.426893060015345, 35.499320000089703 ], [ 137.427062779970868, 35.49947278004683 ], [ 137.427202500057149, 35.499560830046661 ], [ 137.427482780029038, 35.499737779949001 ], [ 137.427493329971668, 35.499744439960445 ], [ 137.428333610069501, 35.500032779910143 ], [ 137.428583890026857, 35.500114719932611 ], [ 137.429536109998168, 35.500426109960621 ], [ 137.430308060071354, 35.500769719982664 ], [ 137.430349719929382, 35.500793329994423 ], [ 137.43042583001187, 35.500836390011415 ], [ 137.430533609972827, 35.500897220027035 ], [ 137.430582499950901, 35.500952219928905 ], [ 137.430701940045935, 35.501086939918181 ], [ 137.431168889971389, 35.501612500058627 ], [ 137.431544439945526, 35.502094719905998 ], [ 137.432440560014612, 35.503206939960513 ], [ 137.43285693992749, 35.503825279940152 ], [ 137.433038890005434, 35.504023610019807 ], [ 137.433363890017574, 35.504377779994961 ], [ 137.43383306003534, 35.504789170013289 ], [ 137.43477111006402, 35.505396939934201 ], [ 137.435216940053607, 35.505590000039795 ], [ 137.435664169950883, 35.505783609973236 ], [ 137.436372220013453, 35.506050560052479 ], [ 137.436625000044643, 35.506146110067057 ], [ 137.437123329987031, 35.506315000021196 ], [ 137.437548330047605, 35.506459169996049 ], [ 137.438766669928157, 35.506723059930685 ], [ 137.439742500029183, 35.506772220025667 ], [ 137.440620560054072, 35.506686389960905 ], [ 137.442360829981425, 35.506317780095955 ], [ 137.443465559979245, 35.506226110018062 ], [ 137.444271110016416, 35.506226110018062 ], [ 137.444335830066365, 35.506226110018062 ], [ 137.444519999946039, 35.506271670039972 ], [ 137.445107779994231, 35.506416390048898 ], [ 137.446982220067639, 35.507023059901655 ], [ 137.447717219987794, 35.507334720100133 ], [ 137.448404439976031, 35.507629170027194 ], [ 137.44862638992808, 35.507723889937843 ], [ 137.449133329992918, 35.507840560064878 ], [ 137.449168060053609, 35.50784499993501 ], [ 137.449436390029859, 35.50787971993396 ], [ 137.450026390025073, 35.507760830078098 ], [ 137.451396109980692, 35.507374169938437 ], [ 137.453991670038448, 35.506256939974719 ], [ 137.454589440066172, 35.506036110057074 ], [ 137.455139169940452, 35.505970560101467 ], [ 137.455671669980461, 35.505906939905472 ], [ 137.456383060061512, 35.505949999922464 ], [ 137.457131940062766, 35.506183330070918 ], [ 137.458577220017787, 35.506932499997532 ], [ 137.460022499972808, 35.507607500086891 ], [ 137.460605280018569, 35.507804169958696 ], [ 137.46292083006071, 35.507976390021682 ], [ 137.465599720005088, 35.508205280093762 ], [ 137.468308609963998, 35.50843693992875 ], [ 137.472077220018974, 35.508553610055785 ], [ 137.472985280058396, 35.508621109982222 ], [ 137.47385556002547, 35.508731669925659 ], [ 137.475346109958565, 35.509241109963476 ], [ 137.476246670067013, 35.509321109914488 ], [ 137.476519720064147, 35.509324170059095 ], [ 137.478826939965359, 35.509351669906913 ], [ 137.480151389942932, 35.509474439905695 ], [ 137.482133889958845, 35.509800000065489 ], [ 137.485569170006073, 35.510585830062517 ], [ 137.48659278003899, 35.510750279940289 ], [ 137.487022219993634, 35.51081916990411 ], [ 137.488006109988703, 35.510813330097214 ], [ 137.489413330035148, 35.510445000095885 ], [ 137.490472780029648, 35.510088890049275 ], [ 137.491630560063356, 35.509978609969444 ], [ 137.493961389948964, 35.509892500041076 ], [ 137.494594170018956, 35.509890559969612 ], [ 137.495746940024958, 35.509886390063713 ], [ 137.496458060004443, 35.509947780012787 ], [ 137.496981109977384, 35.510034170011011 ], [ 137.49764583002738, 35.510277499972879 ], [ 137.498345829930571, 35.510439720016208 ], [ 137.500232779962687, 35.510693059897115 ], [ 137.50399388994137, 35.511575000048403 ], [ 137.506617780004404, 35.512315279922895 ], [ 137.507197500013234, 35.512373890003452 ], [ 137.507217780004453, 35.512376109938522 ], [ 137.507867500047183, 35.512386390028027 ], [ 137.50897971995073, 35.512700559924554 ], [ 137.509979170061456, 35.513045000050518 ], [ 137.510712219990836, 35.513548890044426 ], [ 137.510878889934702, 35.513663609994389 ], [ 137.511453890067941, 35.514129720050981 ], [ 137.511753609941138, 35.514575830068253 ], [ 137.512128609977481, 35.515416940036999 ], [ 137.512853059955006, 35.516603059964538 ], [ 137.513240560070074, 35.517049169981817 ], [ 137.513640559973226, 35.517363610048811 ], [ 137.514302779949389, 35.517667779925688 ], [ 137.515876940041238, 35.517941390016368 ], [ 137.516676939992863, 35.518225279990318 ], [ 137.51761416998221, 35.518954999911706 ], [ 137.51829971996122, 35.519468889925271 ], [ 137.518601389970485, 35.519694999922592 ], [ 137.519313329989302, 35.520110560053055 ], [ 137.520113329940955, 35.520414720030551 ], [ 137.520875559990827, 35.52082027993513 ], [ 137.522037499937028, 35.521215559956438 ], [ 137.522391940000631, 35.521257499900287 ], [ 137.523237219955604, 35.521357500096848 ], [ 137.524450559979016, 35.521453889908486 ], [ 137.52461138997586, 35.521469439972044 ], [ 137.525169170009491, 35.521506109941832 ], [ 137.525301939957274, 35.521519169899854 ], [ 137.52543471993036, 35.521532219958502 ], [ 137.526060829988694, 35.521581939986937 ], [ 137.526298610012617, 35.521600830058716 ], [ 137.526998329934287, 35.521758890095519 ], [ 137.527285830000892, 35.521823890017046 ], [ 137.528010559959966, 35.522756670063679 ], [ 137.529022499978794, 35.525483060095155 ], [ 137.529302499969134, 35.526090830016066 ], [ 137.529316670057085, 35.526121940042572 ], [ 137.529947220009461, 35.527490280052753 ], [ 137.530184720051864, 35.527804440049898 ], [ 137.530534719930813, 35.528017219918723 ], [ 137.531084440070401, 35.528027500008228 ], [ 137.532021670059748, 35.527713329905467 ], [ 137.532671389957187, 35.527733610014621 ], [ 137.533133609981718, 35.527875560054405 ], [ 137.533536670067122, 35.52822528005381 ], [ 137.533849170000565, 35.528767500019114 ], [ 137.53410528002496, 35.529694999986077 ], [ 137.534249170049037, 35.530992500061593 ], [ 137.534439719933573, 35.53227888994369 ], [ 137.534467779982606, 35.532467500073537 ], [ 137.534519719972309, 35.532786389910051 ], [ 137.53467388998277, 35.5337344399504 ], [ 137.53475500006769, 35.534150000080871 ], [ 137.535123609928633, 35.53501193998661 ], [ 137.535529720025664, 35.535655280015391 ], [ 137.535531730022882, 35.535657590076028 ], [ 137.53569361005944, 35.535846389943913 ], [ 137.536316940062363, 35.53657277996269 ], [ 137.536885560045476, 35.537429439994995 ], [ 137.536954440007946, 35.537859999948715 ], [ 137.536785559997043, 35.53816417003182 ], [ 137.536712950047018, 35.538237099972235 ], [ 137.536203610015889, 35.538587499935026 ], [ 137.536148330007705, 35.538615280058927 ], [ 137.53562333004399, 35.538797780005176 ], [ 137.535496790012331, 35.538813760072884 ], [ 137.533468060060926, 35.539089169993872 ], [ 137.533236940023357, 35.539294169984345 ], [ 137.533043060000352, 35.539659170083077 ], [ 137.532999439980955, 35.539993890052997 ], [ 137.533011940059652, 35.54025722005418 ], [ 137.533174440065721, 35.540566670010726 ], [ 137.533536389940309, 35.54098222003558 ], [ 137.534135000057944, 35.541561109970672 ], [ 137.534348609989109, 35.541767499998528 ], [ 137.534958330012472, 35.54221916995909 ], [ 137.534998610013361, 35.542249170018053 ], [ 137.535327779963296, 35.542392780059451 ], [ 137.535823329995594, 35.542609169900722 ], [ 137.535909439937626, 35.542637500058703 ], [ 137.536979170063802, 35.542989170028939 ], [ 137.538666109973747, 35.543328890008688 ], [ 137.538796390018234, 35.543365559978469 ], [ 137.539102200034733, 35.54345184005237 ], [ 137.539336940072303, 35.543533060101474 ], [ 137.539606520012853, 35.543662620041005 ], [ 137.539795560002148, 35.543779169931867 ], [ 137.540078330022595, 35.544033330017321 ], [ 137.540371670036251, 35.544454170021226 ], [ 137.540671030016199, 35.545054350008066 ], [ 137.540915149943828, 35.545637219904783 ], [ 137.54129639006689, 35.546735000069503 ], [ 137.54130972006493, 35.5467772200832 ], [ 137.541464999976256, 35.547267220015158 ], [ 137.541633890012434, 35.548260559906943 ], [ 137.541602499970196, 35.548574719904096 ], [ 137.541477500054953, 35.548828059991237 ], [ 137.541108890048719, 35.549340000033965 ], [ 137.54044971993892, 35.550124170029378 ], [ 137.540171669939355, 35.550454999957005 ], [ 137.53989056004815, 35.550890830091021 ], [ 137.539821670060405, 35.551311670094925 ], [ 137.53986678994977, 35.551549470017875 ] ] } },
{ "type": "Feature", "properties": { "P12_001": 10174, "P12_002": "不動渓谷", "P12_003": "21", "P12_004": "21206", "P12_005": "‐", "P12_006": "中津川市付知町下浦6-39（不動滝「ひろづき」住所）", "P12_007": 1 }, "geometry": { "type": "LineString", "coordinates": [ [ 137.468869999972384, 35.681729719918813 ], [ 137.468807779996297, 35.681729719918813 ], [ 137.468752499988113, 35.681741109975846 ], [ 137.468663060052876, 35.681780560020393 ], [ 137.468566389997619, 35.68190443998671 ], [ 137.468545830024851, 35.681955000018448 ], [ 137.468531669962204, 35.682231109907811 ], [ 137.468497220028354, 35.682321389948321 ], [ 137.468407779947825, 35.682388890081 ], [ 137.468304170069956, 35.68241138991899 ], [ 137.468131670059051, 35.682422499906181 ], [ 137.468035000003795, 35.682461940051347 ], [ 137.467862499992862, 35.682546670047955 ], [ 137.467586389958797, 35.682703890081449 ], [ 137.467496670042038, 35.682743330020386 ], [ 137.467337780010695, 35.6827883299026 ], [ 137.467282500002511, 35.682811110016672 ], [ 137.466861670025025, 35.682884170092635 ], [ 137.466702779993682, 35.682901109987341 ], [ 137.466171389999829, 35.682918059987657 ], [ 137.466157500038747, 35.682912500044374 ], [ 137.466053890015559, 35.682929169974848 ], [ 137.465950279992398, 35.682940560031881 ], [ 137.465853890063983, 35.682968609913779 ], [ 137.465584440016272, 35.683115280099777 ], [ 137.465336110049719, 35.683284170053923 ], [ 137.464970279953576, 35.68345306000807 ], [ 137.464770000020451, 35.683588060067187 ], [ 137.46465278001773, 35.683627500006118 ], [ 137.464341940068238, 35.683796389960264 ], [ 137.463941670063519, 35.684038609954598 ], [ 137.463932779959549, 35.684042499996892 ], [ 137.463776110020518, 35.684111939994793 ], [ 137.463589720048503, 35.684156940083248 ], [ 137.463244440045145, 35.684185000070755 ], [ 137.462989440066906, 35.684168059969814 ], [ 137.462927219945527, 35.684151390039339 ], [ 137.462803059974874, 35.684095000100086 ], [ 137.462671939985768, 35.68397111002816 ], [ 137.462554440001497, 35.683801940004173 ], [ 137.462485560039028, 35.683711940033504 ], [ 137.462381939990564, 35.683520559934507 ], [ 137.462313060028123, 35.683452779938222 ], [ 137.462181940038988, 35.683385280011784 ], [ 137.462009170071838, 35.68340221990649 ], [ 137.461912500016581, 35.683481110096203 ], [ 137.461829720067726, 35.683582499917669 ], [ 137.461601940048638, 35.683734440077728 ], [ 137.461491670039095, 35.683824440048397 ], [ 137.461429440037705, 35.683897779987966 ], [ 137.461408609963399, 35.683959719971121 ], [ 137.461415559956606, 35.684173610013723 ], [ 137.461436390030912, 35.684275000041424 ], [ 137.461429440037705, 35.6843930599996 ], [ 137.461388060015935, 35.684477780096827 ], [ 137.461312220034984, 35.684550830067174 ], [ 137.461243059945701, 35.684584719962203 ], [ 137.460884169962753, 35.684691669933187 ], [ 137.460683890029628, 35.684759170065867 ], [ 137.460304169972403, 35.684922779940337 ], [ 137.46020083005078, 35.68493943997143 ], [ 137.460166110015365, 35.684956389971752 ], [ 137.459627780053609, 35.684933889927528 ], [ 137.459344720026337, 35.684933889927528 ], [ 137.459013609965609, 35.684990280073016 ], [ 137.458992780036596, 35.685001390060201 ], [ 137.458765000017507, 35.685040829999139 ], [ 137.458640830021579, 35.685080280043678 ], [ 137.458578610045492, 35.685102780087909 ], [ 137.458502779944553, 35.685159170027156 ], [ 137.458468330010675, 35.685243610054542 ], [ 137.458454440049564, 35.685474720061691 ], [ 137.458399170066656, 35.685603890007059 ], [ 137.458268059957533, 35.685688330034438 ], [ 137.458095559946628, 35.685744719973691 ], [ 137.457846939973223, 35.685761669974013 ], [ 137.457419170027833, 35.685750279916974 ], [ 137.457350280040089, 35.685761669974013 ], [ 137.457191390008745, 35.685795280005429 ], [ 137.457122500021001, 35.685806670062462 ], [ 137.456908609963023, 35.685891110089848 ], [ 137.456728890002665, 35.686003889968347 ], [ 137.456508059976755, 35.686217780010942 ], [ 137.456411390066791, 35.686381110021806 ], [ 137.456308060025179, 35.686685279898676 ], [ 137.456204439976716, 35.686843060071865 ], [ 137.456031939965811, 35.686978330095222 ], [ 137.455871389950516, 35.687064170059358 ], [ 137.455810829958381, 35.687096390053398 ], [ 137.45565222005385, 35.687164170049684 ], [ 137.455617779999983, 35.687175280036875 ], [ 137.455528059937933, 35.687203609988615 ], [ 137.455175829941368, 35.687327500060547 ], [ 137.45508611002461, 35.687366670035246 ], [ 137.45477555993665, 35.687462220049817 ], [ 137.454623610018501, 35.687513059945161 ], [ 137.45450639001578, 35.687552500090327 ], [ 137.454395829999413, 35.687569439985033 ], [ 137.454140560064928, 35.687552500090327 ], [ 137.453988610001517, 35.687530000046102 ], [ 137.453829999951694, 35.687484999957654 ], [ 137.45365721995924, 35.687417219961368 ], [ 137.453602219932606, 35.687383609929952 ], [ 137.453395000031577, 35.68729333009567 ] ] } },
{ "type": "Feature", "properties": { "P12_001": 10117, "P12_002": "かさはら潮見の森公園", "P12_003": "21", "P12_004": "21204", "P12_005": "‐", "P12_006": "多治見市笠原町3434-1", "P12_007": 4 }, "geometry": { "type": "Polygon", "coordinates": [ [ [ 137.16965723012575, 35.284788988671068 ], [ 137.169610329699339, 35.284252916531017 ], [ 137.169471054133822, 35.283733132068086 ], [ 137.169243634825506, 35.283245429533807 ], [ 137.168934981421273, 35.282804626753034 ], [ 137.168554473788589, 35.282424118029446 ], [ 137.168113671209085, 35.282115465274074 ], [ 137.167625968203168, 35.281888045889403 ], [ 137.167106183915791, 35.28174877015006 ], [ 137.166570111203242, 35.281701869238269 ], [ 137.16603403957987, 35.28174877015006 ], [ 137.165514255292493, 35.281888045889403 ], [ 137.165026552286577, 35.282115465274074 ], [ 137.164585749707072, 35.282424118029446 ], [ 137.164205240985211, 35.282804626753034 ], [ 137.163896588670156, 35.283245429533807 ], [ 137.163669169361839, 35.283733132068086 ], [ 137.163529892707146, 35.284252916531017 ], [ 137.163482992280734, 35.284788988671068 ], [ 137.163529892707146, 35.285325060811111 ], [ 137.163669169361839, 35.285844845274042 ], [ 137.163896588670156, 35.286332547808321 ], [ 137.164205240985211, 35.286773350589094 ], [ 137.164585749707072, 35.287153859312681 ], [ 137.165026552286577, 35.287462512068053 ], [ 137.165514255292493, 35.287689931452725 ], [ 137.16603403957987, 35.287829207192068 ], [ 137.166570111203242, 35.287876106945582 ], [ 137.167106183915791, 35.287829207192068 ], [ 137.167625968203168, 35.287689931452725 ], [ 137.168113671209085, 35.287462512068053 ], [ 137.168554473788589, 35.287153859312681 ], [ 137.168934981421273, 35.286773350589094 ], [ 137.169243634825506, 35.286332547808321 ], [ 137.169471054133822, 35.285844845274042 ], [ 137.169610329699339, 35.285325060811111 ], [ 137.16965723012575, 35.284788988671068 ] ] ] } },
{ "type": "Feature", "properties": { "P12_001": 10285, "P12_002": "奥矢作湖", "P12_003": "21", "P12_004": "21210", "P12_005": "‐", "P12_006": "恵那市串原1149-2", "P12_007": 1 }, "geometry": { "type": "MultiPolygon", "coordinates": [ [ [ [ 137.452334193680429, 35.241458972290502 ], [ 137.452383249559432, 35.241412555538083 ], [ 137.452405138458204, 35.241391832822167 ], [ 137.452428471586444, 35.241369971520939 ], [ 137.452457055567095, 35.241341221952347 ], [ 137.452493750540867, 35.241306443557171 ], [ 137.452524721965716, 35.241274111440902 ], [ 137.452555361196005, 35.241240582825533 ], [ 137.452592832742653, 35.241205249616151 ], [ 137.452651416615225, 35.241151833401858 ], [ 137.452685499777317, 35.241128221945601 ], [ 137.452730221878738, 35.241096832666003 ], [ 137.452754221574423, 35.241076416893222 ], [ 137.452772193844851, 35.241031110927487 ], [ 137.452900889285843, 35.241074611140938 ], [ 137.453037028063363, 35.241071500011607 ], [ 137.453240139443011, 35.241059943891955 ], [ 137.453527556356818, 35.241048722514066 ], [ 137.453834667506925, 35.241052499652099 ], [ 137.453991278182798, 35.241063749986886 ], [ 137.454042555953322, 35.241070667211162 ], [ 137.454047610756476, 35.241071361018484 ], [ 137.45409788867579, 35.241076194504231 ], [ 137.454098444148684, 35.241076305698726 ], [ 137.454116471966387, 35.241076333497354 ], [ 137.454131306359614, 35.241074221960204 ], [ 137.454132388987148, 35.241073860578091 ], [ 137.454149388635443, 35.241064556146981 ], [ 137.454164832959691, 35.241052888832833 ], [ 137.454181389318848, 35.241042832680606 ], [ 137.454182943553747, 35.241042194470531 ], [ 137.454221999831844, 35.241029471966947 ], [ 137.454227944480749, 35.241028027596769 ], [ 137.45426900046121, 35.241021082573873 ], [ 137.454275278393851, 35.241020333169303 ], [ 137.454285694054846, 35.24101961156336 ], [ 137.454318556265775, 35.241020499961046 ], [ 137.454340889542863, 35.241024777474315 ], [ 137.454342416548684, 35.241025222252297 ], [ 137.454351777900371, 35.241029888946301 ], [ 137.454355638981411, 35.241033500450875 ], [ 137.454355972265148, 35.241035028216913 ], [ 137.454353250448065, 35.241039305730183 ], [ 137.454352693886023, 35.241040167487526 ], [ 137.454346888649894, 35.241044694030137 ], [ 137.454345777704162, 35.241045943809944 ], [ 137.45434316698163, 35.241049749904874 ], [ 137.454343055887051, 35.24105055606497 ], [ 137.454346805873541, 35.241055139363105 ], [ 137.454349332730544, 35.241056860561237 ], [ 137.454367166677315, 35.241066638727233 ], [ 137.454370805569226, 35.24106788850704 ], [ 137.454394221473819, 35.241071249823989 ], [ 137.45439797146031, 35.241071249823989 ], [ 137.454475917374623, 35.241054110814019 ], [ 137.45449249987368, 35.241050832892938 ], [ 137.454503583191297, 35.241044193654908 ], [ 137.454519806266717, 35.241034444445809 ], [ 137.454571971704667, 35.240996278093334 ], [ 137.454631360468312, 35.24095027832027 ], [ 137.45466861091495, 35.240926472273642 ], [ 137.454675917016999, 35.240922250357627 ], [ 137.454679583137988, 35.240920138820478 ], [ 137.454691110833892, 35.240914971751238 ], [ 137.454698499712293, 35.240914055554924 ], [ 137.454703749475527, 35.240914582570504 ], [ 137.454709138651594, 35.240916193732417 ], [ 137.454714194543925, 35.240917806052614 ], [ 137.454717055773813, 35.240918249672319 ], [ 137.454730360982893, 35.2409250557021 ], [ 137.454733111118202, 35.240927028246126 ], [ 137.45473655613921, 35.240931277960769 ], [ 137.454739306274519, 35.240933417296539 ], [ 137.454741610942364, 35.24093386091625 ], [ 137.454750388502958, 35.240933667484157 ], [ 137.454761694009704, 35.240930499599294 ], [ 137.454766083334562, 35.240929027430504 ], [ 137.45478638859106, 35.240920138820478 ], [ 137.454792417105494, 35.240916972093892 ], [ 137.454820500071406, 35.2408996940908 ], [ 137.454848222524504, 35.240881861273508 ], [ 137.45486499998367, 35.240873000462102 ], [ 137.454927778220991, 35.240852666926926 ], [ 137.454972167038676, 35.240819638686787 ], [ 137.455028278512373, 35.240779056170574 ], [ 137.455114861485299, 35.24071644440312 ], [ 137.455127555674238, 35.240704528059631 ], [ 137.455161332781699, 35.240685972478111 ], [ 137.455238999870403, 35.240646389554087 ], [ 137.455263305620747, 35.240626861020722 ], [ 137.455308527647759, 35.240578167097681 ], [ 137.455423499641256, 35.240467556372785 ], [ 137.45550999983783, 35.240382610727501 ], [ 137.455566028535173, 35.2403158604399 ], [ 137.455584193587327, 35.240301222147806 ], [ 137.455614889454068, 35.240279499839701 ], [ 137.455628805683347, 35.240269471486094 ], [ 137.455667138757519, 35.240231417486392 ], [ 137.455755389238249, 35.240146306207635 ], [ 137.455841361191034, 35.24006847237699 ], [ 137.455849500502381, 35.240066221846718 ], [ 137.455895194136758, 35.240067443827897 ], [ 137.455932306259768, 35.240058444023383 ], [ 137.456054167206076, 35.240026611124073 ], [ 137.456150555909005, 35.240007528526974 ], [ 137.456197777638351, 35.239997333381623 ], [ 137.456288167234248, 35.239987999993609 ], [ 137.456386360679431, 35.239979999781283 ], [ 137.456544167255714, 35.239958277473178 ], [ 137.456713472120526, 35.23995497175347 ], [ 137.456875221465083, 35.239951888422759 ], [ 137.456892471620762, 35.239957693702074 ], [ 137.456893750297525, 35.239958777848408 ], [ 137.45691033279661, 35.239972638937303 ], [ 137.456914222195877, 35.239980722545504 ], [ 137.456917889406014, 35.239992249708258 ], [ 137.45692452785147, 35.240007389533851 ], [ 137.456933806426804, 35.240021527450708 ], [ 137.456935249567124, 35.24002305637503 ], [ 137.456940527648584, 35.240025750525007 ], [ 137.456948971925442, 35.240025277948398 ], [ 137.456963583040391, 35.240020194275033 ], [ 137.456977167075081, 35.240011860479214 ], [ 137.456990638926044, 35.240002556048104 ], [ 137.457004583473548, 35.239994750426142 ], [ 137.457032667528608, 35.239984221697298 ], [ 137.457085139021189, 35.239971389157496 ], [ 137.457147528427527, 35.239963056519954 ], [ 137.457208277555111, 35.239959749641969 ], [ 137.45722208268981, 35.239963388945164 ], [ 137.457232361116326, 35.23996608309514 ], [ 137.457261167286134, 35.239974389092339 ], [ 137.457274167529732, 35.239983388896853 ], [ 137.457287055589575, 35.239992360902754 ], [ 137.457303888596016, 35.239999721746734 ], [ 137.457331277765405, 35.240006861359994 ], [ 137.457383805894466, 35.240005555982947 ], [ 137.457518138840555, 35.239995694421083 ], [ 137.457586917274114, 35.239992861277983 ], [ 137.457660417227089, 35.23998983354452 ], [ 137.457745027726759, 35.239995416434837 ], [ 137.457765583490612, 35.23999861096005 ], [ 137.457796416591833, 35.240017361131933 ], [ 137.45780730603849, 35.240018167292035 ], [ 137.457839167309118, 35.240015556537926 ], [ 137.457904721821649, 35.24000341664717 ], [ 137.457933056384093, 35.239999639509136 ], [ 137.45795644397046, 35.239999222529775 ], [ 137.457958194254587, 35.239999417120146 ], [ 137.457969750268717, 35.240002000075627 ], [ 137.457980971909961, 35.240003583438913 ], [ 137.457981611248357, 35.240003583438913 ], [ 137.457995666890412, 35.239999667307757 ], [ 137.4580091670596, 35.239993167062849 ], [ 137.458022889417947, 35.239988443613321 ], [ 137.458023972045453, 35.239988250181227 ], [ 137.458035639154161, 35.23998894398855 ], [ 137.458069722316282, 35.239997778159605 ], [ 137.458075555870636, 35.23999983294123 ], [ 137.458092277782498, 35.240007471771449 ], [ 137.458096694336433, 35.24001077749115 ], [ 137.458099444471742, 35.240011860479214 ], [ 137.458107555464863, 35.240010055885207 ], [ 137.458108110937758, 35.240009861294837 ], [ 137.45811599974175, 35.240005332435679 ], [ 137.458117556154946, 35.240004527433854 ], [ 137.458123999640293, 35.24000124951278 ], [ 137.458124110734872, 35.240001167275182 ], [ 137.458128166776021, 35.239993499488058 ], [ 137.458129999836501, 35.239984471884917 ], [ 137.458132610559034, 35.239976360478089 ], [ 137.458136777694762, 35.239972028525848 ], [ 137.458137861411444, 35.23997158258959 ], [ 137.458143806060349, 35.239972444346932 ], [ 137.458151499904261, 35.239974250099216 ], [ 137.458152693626374, 35.239974333495091 ], [ 137.458153916755862, 35.239974333495091 ], [ 137.458156777985749, 35.239973139312532 ], [ 137.458164443511407, 35.239968250229538 ], [ 137.458167610795954, 35.239966889255236 ], [ 137.458168610647135, 35.239966639067617 ], [ 137.458169389398336, 35.239966527873122 ], [ 137.458176305580196, 35.239966693506595 ], [ 137.45818772218152, 35.239969110828604 ], [ 137.458198194478967, 35.239973667486389 ], [ 137.458208666776386, 35.239982582736758 ], [ 137.458211639100853, 35.239984916662898 ], [ 137.458220667168831, 35.239990221566977 ], [ 137.458222417452959, 35.239991555900929 ], [ 137.45822850042552, 35.240000639101325 ], [ 137.45823369355233, 35.240010111482455 ], [ 137.45823711134426, 35.240013528396652 ], [ 137.458237777911705, 35.240014056570509 ], [ 137.458238777762887, 35.240014416794345 ], [ 137.45824736145255, 35.240017277736065 ], [ 137.458253722161544, 35.240018888897978 ], [ 137.458254499823568, 35.240019250280092 ], [ 137.458255167480161, 35.240019610503929 ], [ 137.458261888701969, 35.240027250492425 ], [ 137.458270693491613, 35.240034971560242 ], [ 137.45831138895926, 35.240070139136151 ], [ 137.458321167460184, 35.240086499784653 ], [ 137.458327639263757, 35.240097306499734 ], [ 137.458333333405307, 35.240102277820327 ], [ 137.458333333405307, 35.239783471617535 ], [ 137.458329916702553, 35.239783166990946 ], [ 137.45831869397216, 35.239778138914829 ], [ 137.458311749472045, 35.239774638604757 ], [ 137.458299527979648, 35.239769721723135 ], [ 137.458294694276475, 35.239768638735079 ], [ 137.458278889439413, 35.239769389297926 ], [ 137.458262944100426, 35.239771499676799 ], [ 137.458259111337583, 35.239771694267162 ], [ 137.45823744353882, 35.239769332542402 ], [ 137.458217777620717, 35.23976369405483 ], [ 137.458194888870764, 35.239757806537924 ], [ 137.4581731110666, 35.239754499659945 ], [ 137.458136971565665, 35.239754332868202 ], [ 137.458112806317274, 35.239752305885197 ], [ 137.458100471551973, 35.239748471991639 ], [ 137.458093861424771, 35.239743332721027 ], [ 137.458091971727811, 35.239735693890808 ], [ 137.458084806127744, 35.239727500246381 ], [ 137.458144444309596, 35.239696083168162 ], [ 137.458168332910702, 35.239677638781139 ], [ 137.458183194533007, 35.239648194246939 ], [ 137.458200368447308, 35.239612893469285 ], [ 137.458174048835502, 35.239608122530441 ], [ 137.4581740281414, 35.239608388933924 ], [ 137.458140610457576, 35.239667860615143 ], [ 137.458100250451992, 35.239687611537498 ], [ 137.45807491653224, 35.239701832850223 ], [ 137.458025222404018, 35.239720167201028 ], [ 137.458006110869633, 35.239719583429924 ], [ 137.457987971957351, 35.239719527832676 ], [ 137.457915333531901, 35.239721250189085 ], [ 137.457875221855346, 35.239717193906536 ], [ 137.457865639403678, 35.239711167396507 ], [ 137.457853667329488, 35.23970613932039 ], [ 137.457770860482924, 35.239692833045702 ], [ 137.457726582759818, 35.239689972103982 ], [ 137.457700972192782, 35.239685056380637 ], [ 137.457648916760263, 35.239666249453229 ], [ 137.457614167030698, 35.239653194524429 ], [ 137.457595471556374, 35.239648889212539 ], [ 137.457566333192034, 35.239644361511658 ], [ 137.457544777576999, 35.239638306044725 ], [ 137.457497778036782, 35.239618833108615 ], [ 137.457448806023308, 35.239591917090927 ], [ 137.457412491167219, 35.239555702433513 ], [ 137.457235000157056, 35.239558000453094 ], [ 137.457191090570888, 35.239569635335513 ], [ 137.45722797179144, 35.239595249450979 ], [ 137.457344194143502, 35.23968169390541 ], [ 137.457351249738167, 35.239693555809929 ], [ 137.457355999575839, 35.239701500425014 ], [ 137.457354417022714, 35.239712944191893 ], [ 137.457346777636957, 35.239729278200045 ], [ 137.457329443615748, 35.239738250205939 ], [ 137.457328555948322, 35.239739499985745 ], [ 137.457314027609726, 35.239759638930558 ], [ 137.457307611353457, 35.239777944324459 ], [ 137.45729905598202, 35.239809889576541 ], [ 137.457280277731343, 35.239815528064106 ], [ 137.457260499629513, 35.239815555862734 ], [ 137.457192777683588, 35.239805444113252 ], [ 137.457092694541473, 35.239807416657278 ], [ 137.45701216731203, 35.239807861435267 ], [ 137.4569491941146, 35.239805666502242 ], [ 137.456861443559461, 35.239815361272363 ], [ 137.456797693789184, 35.239840027918063 ], [ 137.456744889012839, 35.239852943853734 ], [ 137.456730917236285, 35.239851638476686 ], [ 137.456655111526288, 35.239855138786758 ], [ 137.456527471483753, 35.239867167483013 ], [ 137.456412610584835, 35.239883416937019 ], [ 137.456341332523351, 35.239888528409011 ], [ 137.456279110848044, 35.239885528474169 ], [ 137.456243278490973, 35.239881750177858 ], [ 137.456238555882351, 35.239878778041643 ], [ 137.456240528355636, 35.239874971946705 ], [ 137.456280667261268, 35.239847194171674 ], [ 137.456322170887489, 35.239818489775843 ], [ 137.456280999455828, 35.239831000314915 ], [ 137.45584699978528, 35.240059999588048 ], [ 137.45507600016731, 35.240410000480075 ], [ 137.454958000302042, 35.240464000465465 ], [ 137.454589999522369, 35.240587000110459 ], [ 137.454448883272221, 35.240596226937079 ], [ 137.454434193737569, 35.2406016939998 ], [ 137.454418082845876, 35.240606417449321 ], [ 137.454326193473236, 35.240632694098657 ], [ 137.454226777987714, 35.240669806419973 ], [ 137.45421108315611, 35.240675332554773 ], [ 137.454153583000249, 35.240695749485823 ], [ 137.454144332743112, 35.240699056363802 ], [ 137.454111555486861, 35.24071072251968 ], [ 137.453973361459674, 35.240747110918491 ], [ 137.453830611465776, 35.240777028029299 ], [ 137.453730139492649, 35.240797278168607 ], [ 137.453626027538434, 35.240811667431352 ], [ 137.453604500241624, 35.240808833129982 ], [ 137.453596806397712, 35.240807138572194 ], [ 137.453568528471749, 35.240798832574995 ], [ 137.453554555606019, 35.240794250435137 ], [ 137.453416582678841, 35.240737721933236 ], [ 137.45323224954987, 35.240654583198506 ], [ 137.453187000293809, 35.240629999948688 ], [ 137.453176082528898, 35.240621917498757 ], [ 137.453142249874162, 35.240591333220976 ], [ 137.453113583117158, 35.240567250346388 ], [ 137.453099943535165, 35.240558000354248 ], [ 137.453086500002428, 35.240550361524029 ], [ 137.453053805522501, 35.240535306252582 ], [ 137.453027749488029, 35.240525889468699 ], [ 137.453019471853025, 35.240517971493965 ], [ 137.453018360907265, 35.240516639476567 ], [ 137.453014166542488, 35.240511416810079 ], [ 137.453005888907484, 35.240499721697311 ], [ 137.453003360961333, 35.240496917511109 ], [ 137.452999610974842, 35.240494056569389 ], [ 137.452997083028663, 35.240493250409294 ], [ 137.452988638751805, 35.240495417543691 ], [ 137.452987527806073, 35.240495777767528 ], [ 137.452984693805234, 35.240497056504232 ], [ 137.452976249528376, 35.240502027824824 ], [ 137.452974278144239, 35.240502944021138 ], [ 137.452965805549155, 35.240504306153717 ], [ 137.452959667029319, 35.240504417348212 ], [ 137.452954806097068, 35.240502721632147 ], [ 137.452952278150917, 35.240500194273913 ], [ 137.452943778326755, 35.240488500319422 ], [ 137.452933722089398, 35.24047483266262 ], [ 137.452909471886329, 35.240448639409159 ], [ 137.452885527737948, 35.240424360785923 ], [ 137.45287394449474, 35.240410694287398 ], [ 137.452864111535689, 35.240396389578798 ], [ 137.452828749696806, 35.240332917212271 ], [ 137.452797916595586, 35.240281889363089 ], [ 137.452793471723425, 35.240272778364073 ], [ 137.45279147202109, 35.240265666549433 ], [ 137.452789889467965, 35.240252971844477 ], [ 137.452789943926092, 35.240239082956961 ], [ 137.452794833176569, 35.240192000195833 ], [ 137.452801166656485, 35.240148444385134 ], [ 137.452809193784134, 35.240114638941797 ], [ 137.452816139373397, 35.240089471920868 ], [ 137.452818110757505, 35.240061972132075 ], [ 137.452816582662535, 35.240035388539603 ], [ 137.452819138926913, 35.24001147245675 ], [ 137.452821471912983, 35.239984249495926 ], [ 137.452830722170091, 35.239927360770182 ], [ 137.452842749791586, 35.239877111282475 ], [ 137.452845582703247, 35.239814360521898 ], [ 137.452851082973865, 35.239749193597589 ], [ 137.45284816728585, 35.2397298886115 ], [ 137.4528448061304, 35.239716110918479 ], [ 137.452846706718958, 35.239704927763697 ], [ 137.452769000420375, 35.239558000453094 ], [ 137.452398999938339, 35.23904100048567 ], [ 137.45233599951186, 35.238951999716107 ], [ 137.452217999646621, 35.238757000476674 ], [ 137.452000000504739, 35.238397999780133 ], [ 137.451910999591064, 35.238145999462191 ], [ 137.451652999867235, 35.237412999553179 ], [ 137.451362411312232, 35.236672746519858 ], [ 137.4513466674683, 35.236671277825891 ], [ 137.451322055663269, 35.236670777450655 ], [ 137.451295556339659, 35.236670471665789 ], [ 137.451258667494926, 35.236674277760727 ], [ 137.451213971533434, 35.23667941703134 ], [ 137.451179583405803, 35.236679944046919 ], [ 137.451170888621562, 35.236679332477195 ], [ 137.451161333398971, 35.236676860716209 ], [ 137.451147250527839, 35.236673166974043 ], [ 137.451117777790586, 35.23666513896309 ], [ 137.451102360695387, 35.236658944503041 ], [ 137.451088166729704, 35.236652138473261 ], [ 137.451064278128598, 35.236638221787125 ], [ 137.451037417203025, 35.236623305508793 ], [ 137.451020249823699, 35.236611443604282 ], [ 137.450998527566782, 35.236595833518628 ], [ 137.450959221870477, 35.236565360435343 ], [ 137.450932749775916, 35.236542610736429 ], [ 137.450928361540207, 35.236539833190584 ], [ 137.450919443477659, 35.2365358892608 ], [ 137.450912194012062, 35.236534361494755 ], [ 137.450903389222418, 35.236533306305319 ], [ 137.450865056148217, 35.236531693985128 ], [ 137.450835027938098, 35.236528250430581 ], [ 137.450830749707791, 35.236525916504441 ], [ 137.450825139431771, 35.236521499998055 ], [ 137.450820139086716, 35.236513388591227 ], [ 137.450813638964917, 35.236500693886263 ], [ 137.450794694072385, 35.236460361557668 ], [ 137.450778749822575, 35.23642236083866 ], [ 137.450761416890543, 35.236366417266133 ], [ 137.450742971923603, 35.236307639392237 ], [ 137.450729917221878, 35.236281778563985 ], [ 137.45071630595811, 35.236255139374265 ], [ 137.450692443496905, 35.236219332430004 ], [ 137.450661971997647, 35.236176027965186 ], [ 137.450643110970617, 35.236152277515806 ], [ 137.450622250241253, 35.236128721656797 ], [ 137.450597333470739, 35.236104332997343 ], [ 137.450582666808515, 35.236090499707075 ], [ 137.450543889356027, 35.236055778067417 ], [ 137.450490110868429, 35.236013722224136 ], [ 137.450461610753308, 35.235995500226103 ], [ 137.450438028206861, 35.235981861526206 ], [ 137.450399194117921, 35.235963832960266 ], [ 137.450360778267367, 35.235944083196188 ], [ 137.450335582671272, 35.235932778422431 ], [ 137.450307972401873, 35.235922833464691 ], [ 137.450282666800348, 35.235915417023463 ], [ 137.450255944198432, 35.235907555804253 ], [ 137.450242193521859, 35.235904611466658 ], [ 137.450229332691066, 35.235902110748775 ], [ 137.450197472509615, 35.235901555934575 ], [ 137.450165389049857, 35.235900000369902 ], [ 137.450139778482821, 35.235896639052953 ], [ 137.450113611353771, 35.235892471575902 ], [ 137.450065250360439, 35.235890056570447 ], [ 137.450021193737314, 35.235889806382829 ], [ 137.450001667232016, 35.235894082737822 ], [ 137.450000221913371, 35.235893722513985 ], [ 137.449999999724213, 35.23589363911811 ], [ 137.449934916819046, 35.235877749887948 ], [ 137.449833361129208, 35.235835250424955 ], [ 137.449758528041315, 35.235798556241271 ], [ 137.449720277743495, 35.235766471996072 ], [ 137.449691028284548, 35.235724888729393 ], [ 137.449632277770149, 35.235675805625618 ], [ 137.449555416661667, 35.235626500132852 ], [ 137.449402860937795, 35.23548280557057 ], [ 137.449392693605859, 35.235466250331697 ], [ 137.449372721633097, 35.235436166429153 ], [ 137.449354805999121, 35.235406749693581 ], [ 137.449338749565555, 35.235366028184245 ], [ 137.449325193849063, 35.235328832467061 ], [ 137.449317222268746, 35.235311194240133 ], [ 137.449310166674053, 35.235297499942988 ], [ 137.449262332835389, 35.23522377799214 ], [ 137.449238639194363, 35.235185471488265 ], [ 137.449212943672649, 35.235143860422966 ], [ 137.449201333200421, 35.235121889085519 ], [ 137.449192028485186, 35.235103889476477 ], [ 137.449168527625915, 35.235072832622095 ], [ 137.44914655595079, 35.235041889278754 ], [ 137.449124694281096, 35.235015333484903 ], [ 137.449103194213336, 35.234990861429573 ], [ 137.449046082888486, 35.234930166608898 ], [ 137.448988917105538, 35.23487594423451 ], [ 137.448985000477165, 35.234872250492344 ], [ 137.448959861517523, 35.234843638758591 ], [ 137.448941667057937, 35.23482177745737 ], [ 137.448937777658671, 35.234815916580807 ], [ 137.448935471901649, 35.23481105645471 ], [ 137.448935332488844, 35.234808083160218 ], [ 137.448937639335014, 35.234805639197859 ], [ 137.448974666503375, 35.234807556144638 ], [ 137.449028943827386, 35.234807417151522 ], [ 137.449049167396709, 35.234810806267099 ], [ 137.449069528200482, 35.234813999634028 ], [ 137.44910447180095, 35.234818055916577 ], [ 137.449159999483527, 35.234830278044932 ], [ 137.44921169440326, 35.234845943727834 ], [ 137.449261499626061, 35.234860417544731 ], [ 137.449272833451062, 35.234862832550185 ], [ 137.449285249903539, 35.234863972293773 ], [ 137.449298221828911, 35.234864582705221 ], [ 137.449318444309057, 35.23486433251761 ], [ 137.449338971754713, 35.234862583520851 ], [ 137.449359943578628, 35.234860916761683 ], [ 137.449408916681278, 35.234854028494311 ], [ 137.44946174977585, 35.234848583438833 ], [ 137.44950313903999, 35.234839750426062 ], [ 137.449533138931912, 35.23483543700624 ], [ 137.449008000321697, 35.234793999682338 ], [ 137.448283000392735, 35.234679000249677 ], [ 137.44765400033566, 35.234458999622788 ], [ 137.447003000285292, 35.234187000511433 ], [ 137.446169000240815, 35.233835000435029 ], [ 137.445789000157873, 35.233730000399078 ], [ 137.445710999785433, 35.233716999909255 ], [ 137.445453999912758, 35.233677000005869 ], [ 137.445226000080822, 35.233659000396834 ], [ 137.444599999577292, 35.233728999648619 ], [ 137.444510999752765, 35.233739000203599 ], [ 137.444077999933398, 35.233787000319317 ], [ 137.44380600011479, 35.233818000418182 ], [ 137.44330800016661, 35.233808999455384 ], [ 137.442570999845202, 35.233765000024974 ], [ 137.44205000005249, 35.233702999827244 ], [ 137.441888000200578, 35.233623999612661 ], [ 137.441735999949572, 35.233526999789042 ], [ 137.441562999556396, 35.233202000284479 ], [ 137.44145400053003, 35.232902999443013 ], [ 137.441291999588941, 35.232041999611518 ], [ 137.44119400001469, 35.231549000281085 ], [ 137.44119400001469, 35.231248999847431 ], [ 137.44119400001469, 35.231232999422765 ], [ 137.441226999460099, 35.23057399945084 ], [ 137.441259000143532, 35.23026599996313 ], [ 137.441226999460099, 35.230098999729449 ], [ 137.441169000467823, 35.230015999987842 ], [ 137.441128999885848, 35.229958000475413 ], [ 137.440998999628164, 35.229825999867629 ], [ 137.440727999660737, 35.229746999653045 ], [ 137.440446000241224, 35.229720999831677 ], [ 137.440164999583686, 35.229755999457566 ], [ 137.439752999906489, 35.229896999869879 ], [ 137.439319000235969, 35.230055000299039 ], [ 137.439254999958308, 35.230063000511365 ], [ 137.43896100014635, 35.230098999729449 ], [ 137.438625999901262, 35.230072999908074 ], [ 137.438408999521386, 35.229948999512622 ], [ 137.43810500010855, 35.229720999831677 ], [ 137.4379769995532, 35.229516999629453 ], [ 137.437856000134445, 35.229325000324863 ], [ 137.437542000031499, 35.228428999709202 ], [ 137.437324999651651, 35.227936000378769 ], [ 137.437300999955966, 35.227730999426079 ], [ 137.437293000057394, 35.227664000109137 ], [ 137.437239000469816, 35.227215999801302 ], [ 137.437118999813038, 35.226670000077661 ], [ 137.436934999967775, 35.22630099998441 ], [ 137.436782999716769, 35.226028999714778 ], [ 137.436561000081042, 35.225758000195611 ], [ 137.436415000026244, 35.225579999814762 ], [ 137.435883999543449, 35.224929999647358 ], [ 137.435526000543007, 35.224560999554107 ], [ 137.435200999898825, 35.224349999890009 ], [ 137.43471299955155, 35.224139000225918 ], [ 137.433563999552945, 35.223795999954042 ], [ 137.432772999643987, 35.223602000306798 ], [ 137.431940000539839, 35.223457999959649 ], [ 137.431753999903066, 35.223426000268603 ], [ 137.431433999603911, 35.22333200037982 ], [ 137.430767999607582, 35.223136000389928 ], [ 137.43056299962015, 35.223057000175345 ], [ 137.430312999794864, 35.222960999943915 ], [ 137.429813999995503, 35.22288100013715 ], [ 137.429597999466836, 35.222864000120296 ], [ 137.429185999789638, 35.22288100013715 ], [ 137.428686999990248, 35.223031000353977 ], [ 137.428384000428565, 35.223162000211303 ], [ 137.428145000055366, 35.223347000054019 ], [ 137.427927999675518, 35.22371600014727 ], [ 137.427755000371519, 35.224261000278723 ], [ 137.427678999701413, 35.224841000036065 ], [ 137.427676999999079, 35.224849999840586 ], [ 137.427625000113835, 35.22509600028885 ], [ 137.427494000004998, 35.225306999952942 ], [ 137.427298999618472, 35.22546599997429 ], [ 137.426984999515525, 35.22562400040345 ], [ 137.426759000475101, 35.225653999751849 ], [ 137.426725000089363, 35.225659000029339 ], [ 137.426507999709486, 35.225676999638381 ], [ 137.426345999857574, 35.225738000243922 ], [ 137.425847000058212, 35.226011000105743 ], [ 137.425598000084108, 35.226204000160791 ], [ 137.425283999981161, 35.226502999843987 ], [ 137.424915000439455, 35.226880999741759 ], [ 137.424286000382409, 35.227857000164185 ], [ 137.424176000415713, 35.228106000547285 ], [ 137.423993000421632, 35.228516000136111 ], [ 137.423820000028456, 35.229087000088938 ], [ 137.423602999648608, 35.230239000549567 ], [ 137.42350599992551, 35.230757999701375 ], [ 137.423498000026967, 35.230810000502395 ], [ 137.423440999796696, 35.231214999813723 ], [ 137.423353999674504, 35.231504999692397 ], [ 137.423202000512674, 35.231822000142905 ], [ 137.422941999997306, 35.232191000236156 ], [ 137.422465000191266, 35.232665999957547 ], [ 137.422276000000977, 35.232787000418163 ], [ 137.421468000443696, 35.23330700032043 ], [ 137.42101299954183, 35.233571000377729 ], [ 137.42086100038, 35.233702999827244 ], [ 137.420556999877959, 35.233878999865446 ], [ 137.420351000039375, 35.234222000137322 ], [ 137.4198280005443, 35.235980999768863 ], [ 137.41980700040213, 35.236051000178918 ], [ 137.419780999914934, 35.236137999447557 ], [ 137.419778279187, 35.236147140561748 ], [ 137.41982658354388, 35.236163305461602 ], [ 137.419837027523101, 35.236143555697531 ], [ 137.419840777509592, 35.236136417242541 ], [ 137.419933417315178, 35.236170999889069 ], [ 137.419916694314168, 35.236201332820961 ], [ 137.419966972233482, 35.236222860538696 ], [ 137.41998808347023, 35.236194138768724 ], [ 137.42008172203785, 35.23623650039687 ], [ 137.420065971658914, 35.236261860849893 ], [ 137.420081861450626, 35.236270832855787 ], [ 137.420166666910376, 35.23631872177701 ], [ 137.420291638504779, 35.236398667144805 ], [ 137.420369916613652, 35.236450083016443 ], [ 137.420464527803375, 35.236524416537023 ], [ 137.420542722046747, 35.236589444468216 ], [ 137.420609082539556, 35.236652666647117 ], [ 137.420712139095286, 35.236762416772947 ], [ 137.420803222487677, 35.236866972030917 ], [ 137.420896861055297, 35.236979638695715 ], [ 137.420921000163787, 35.237008721847793 ], [ 137.42096683321094, 35.236944527875323 ], [ 137.420971832466819, 35.236921611384666 ], [ 137.420841860527361, 35.236472083310787 ], [ 137.420852027859326, 35.236451221601754 ], [ 137.420905278103106, 35.236405138432815 ], [ 137.420720389501241, 35.236304305873915 ], [ 137.420707555899497, 35.236279277846101 ], [ 137.420704944087817, 35.236254222019674 ], [ 137.420689639176373, 35.236243889039478 ], [ 137.42062344423627, 35.236223110726314 ], [ 137.420610778365557, 35.236248194351369 ], [ 137.420559861107847, 35.236229556532251 ], [ 137.420531916465592, 35.23625880647608 ], [ 137.420503860728758, 35.23624219448169 ], [ 137.420519028405721, 35.236210888597959 ], [ 137.420488417493658, 35.236192110627449 ], [ 137.420503582992325, 35.236154500247451 ], [ 137.420551972303855, 35.23616691696617 ], [ 137.42056713889167, 35.236139749602593 ], [ 137.420528944141125, 35.236116944306431 ], [ 137.420556833236105, 35.236070888936119 ], [ 137.420592471722273, 35.23608544383233 ], [ 137.420607666628285, 35.236058277627031 ], [ 137.420673888797467, 35.236085250400237 ], [ 137.420673944344742, 35.236108250286769 ], [ 137.420737722433273, 35.236122721787119 ], [ 137.420773111501205, 35.236057917403194 ], [ 137.420806166493918, 35.236053694328895 ], [ 137.420851943993796, 35.236039000439561 ], [ 137.420877417326352, 35.236030555449247 ], [ 137.420926943723543, 35.235985666462867 ], [ 137.420964833508606, 35.235914556424397 ], [ 137.420972417347087, 35.235877028281998 ], [ 137.420974833109511, 35.235845666801019 ], [ 137.420950166846382, 35.235684000428321 ], [ 137.420955138873182, 35.235654778283113 ], [ 137.420967805833072, 35.235629693499781 ], [ 137.420995722157102, 35.235604583234377 ], [ 137.421028667144412, 35.235560693840185 ], [ 137.421043860961277, 35.235535611373408 ], [ 137.421043778184924, 35.235508471808451 ], [ 137.421040777542231, 35.23536236108243 ], [ 137.421017806015954, 35.235318582882734 ], [ 137.42101511142792, 35.235297777929226 ], [ 137.421030306333961, 35.235278888764213 ], [ 137.421069666488393, 35.23521933252885 ], [ 137.421066943582133, 35.235185971863494 ], [ 137.421044000374081, 35.235158889054063 ], [ 137.420977556015771, 35.235100611555403 ], [ 137.420974916975013, 35.235063027815755 ], [ 137.420980000096421, 35.235035889409069 ], [ 137.420997667401338, 35.234994111552027 ], [ 137.421030638528521, 35.234964832651301 ], [ 137.421068833279065, 35.234952222500489 ], [ 137.421127250509755, 35.234941639332675 ], [ 137.421162944543198, 35.234937417416653 ], [ 137.421173139104212, 35.234922805764917 ], [ 137.421217305732739, 35.234823556569303 ], [ 137.421237528212885, 35.23479016694705 ], [ 137.421268028030369, 35.234771249983417 ], [ 137.421303693745585, 35.234756582734434 ], [ 137.421321416597806, 35.234739860703819 ], [ 137.421318833104351, 35.234714806035662 ], [ 137.421293138671814, 35.234650139486583 ], [ 137.421298056240488, 35.23461263914281 ], [ 137.42130311104367, 35.234575027604535 ], [ 137.421324666658705, 35.234548833192797 ], [ 137.421357638875065, 35.234517499510446 ], [ 137.421380555943216, 35.23450077747983 ], [ 137.421405888773819, 35.234486111389117 ], [ 137.421443999658862, 35.234446360515079 ], [ 137.421540305585438, 35.23432094354807 ], [ 137.421644917465215, 35.234395833041127 ], [ 137.421734055613399, 35.234414472018521 ], [ 137.421820666904551, 35.234422583425349 ], [ 137.421864000323779, 35.234441332438962 ], [ 137.421935443937969, 35.234480833125389 ], [ 137.421986389513904, 35.234501555841305 ], [ 137.422202971655338, 35.234549138977663 ], [ 137.422269111048166, 35.23454899998454 ], [ 137.422337889481724, 35.234550943571669 ], [ 137.422363249541348, 35.234546639418049 ], [ 137.422398860798467, 35.234515305735698 ], [ 137.422477472191048, 35.234423278390949 ], [ 137.422520667286648, 35.234396055430118 ], [ 137.422546111211801, 35.234385639054054 ], [ 137.422905222247181, 35.234508916685286 ], [ 137.423015306079378, 35.234542749927243 ], [ 137.423076943963565, 35.234551389507928 ], [ 137.423163805762101, 35.234546528223554 ], [ 137.423176611045619, 35.234546471468029 ], [ 137.423267250059723, 35.234550221965719 ], [ 137.423326027803199, 35.234550110771224 ], [ 137.423431166837645, 35.234543944109802 ], [ 137.423524138837791, 35.234555721460168 ], [ 137.42360741729172, 35.234581611245318 ], [ 137.423710249479996, 35.234619528568459 ], [ 137.423853556035937, 35.23469844422889 ], [ 137.424008471974958, 35.234811194289556 ], [ 137.424032750496224, 35.234828861473382 ], [ 137.42405947200902, 35.234848361049842 ], [ 137.424096249759145, 35.23487433307259 ], [ 137.424410611464026, 35.235031417305436 ], [ 137.424436693638427, 35.235044444435609 ], [ 137.424482056167392, 35.235067056299677 ], [ 137.4247270828767, 35.235172805740206 ], [ 137.424839444147665, 35.235213055831203 ], [ 137.424868056446542, 35.235222055635724 ], [ 137.424943721654586, 35.235241499614936 ], [ 137.424999999770137, 35.235249555424517 ], [ 137.424999999770137, 35.235229943495284 ], [ 137.424919721958901, 35.235220361077936 ], [ 137.424877861087367, 35.23520722159499 ], [ 137.42484933265402, 35.235198249589097 ], [ 137.424822277857515, 35.235189750159812 ], [ 137.424515971598481, 35.235058527913495 ], [ 137.424447360895954, 35.235026888446278 ], [ 137.42442133317968, 35.235014944304162 ], [ 137.424362944267216, 35.234988082725451 ], [ 137.424101110691396, 35.234851167552591 ], [ 137.424045611327045, 35.234808666931322 ], [ 137.42402163886041, 35.234790250342925 ], [ 137.423935471947544, 35.234724139423669 ], [ 137.423785999642689, 35.234632527900004 ], [ 137.423632832898647, 35.234566055598641 ], [ 137.423519360681922, 35.234534028108968 ], [ 137.42345516653333, 35.234521971614079 ], [ 137.423378806439615, 35.234522139564099 ], [ 137.423285111235543, 35.234528388463119 ], [ 137.423173778133958, 35.234518250073293 ], [ 137.42315672184921, 35.234517916489807 ], [ 137.423073917181, 35.234522499787936 ], [ 137.423020389200758, 35.234516221932019 ], [ 137.422978611105577, 35.234504416783025 ], [ 137.422899750294761, 35.234479082970353 ], [ 137.42255111046768, 35.234366777687669 ], [ 137.422553555637506, 35.234341721861234 ], [ 137.422561193934115, 35.234325027629247 ], [ 137.422583999907687, 35.234308305598638 ], [ 137.422617000442273, 35.234287306054753 ], [ 137.422629667402163, 35.234258082751275 ], [ 137.422614833008907, 35.23397947220051 ], [ 137.422600667361451, 35.233947222321845 ], [ 137.422582806185602, 35.233928444351335 ], [ 137.422539417219099, 35.2338972496621 ], [ 137.422521527725024, 35.233868083114146 ], [ 137.422511193751234, 35.233826360854351 ], [ 137.422477832703862, 35.233740805955883 ], [ 137.422472666806101, 35.233701138477713 ], [ 137.422497972407626, 35.23368027792695 ], [ 137.422532333306179, 35.233666582471528 ], [ 137.422590833313222, 35.233654027917964 ], [ 137.422649360549315, 35.233641361011628 ], [ 137.422664582684433, 35.233624555585145 ], [ 137.422682305536625, 35.233599556514235 ], [ 137.422702610793124, 35.233557777498916 ], [ 137.422733056152481, 35.23352633262207 ], [ 137.42275588935513, 35.233517999984521 ], [ 137.422794111334724, 35.233513693514354 ], [ 137.422855166516996, 35.233505249682317 ], [ 137.422926389031204, 35.233484194541191 ], [ 137.422972110983778, 35.233454889000114 ], [ 137.422994916957379, 35.233438166969499 ], [ 137.423017861254607, 35.233431805717707 ], [ 137.423099221693349, 35.233419111012751 ], [ 137.423142527883499, 35.233421166952645 ], [ 137.423198555491666, 35.233423139496679 ], [ 137.423229082538228, 35.233412610767836 ], [ 137.423270971727987, 35.233394777950544 ], [ 137.423330499904409, 35.233333332567014 ], [ 137.423330693775341, 35.233333139134928 ], [ 137.423361110816472, 35.233301722056702 ], [ 137.423383805695494, 35.23325569448501 ], [ 137.423388860498648, 35.233220277879759 ], [ 137.423383556277287, 35.233176471881443 ], [ 137.423383499640835, 35.233151417213286 ], [ 137.423391110708366, 35.2331325558469 ], [ 137.423388555533137, 35.233115889413533 ], [ 137.423398583452297, 35.233095027704501 ], [ 137.423449416844477, 35.233053194250211 ], [ 137.423484971465143, 35.2330363610251 ], [ 137.42353316690577, 35.232990361252035 ], [ 137.423656249892389, 35.232859667179575 ], [ 137.423714667123079, 35.232813667406511 ], [ 137.423742638994412, 35.232805222416197 ], [ 137.423808750068986, 35.232794611449762 ], [ 137.423867332852382, 35.232800805909811 ], [ 137.423908166643685, 35.232819471527549 ], [ 137.424048305915051, 35.232873443714318 ], [ 137.424196083483054, 35.232914861347531 ], [ 137.424241916530235, 35.232918916471803 ], [ 137.424297944138374, 35.232918777478687 ], [ 137.424333499848188, 35.232906278522371 ], [ 137.424361444490472, 35.232885305618836 ], [ 137.424376639396513, 35.232860221993782 ], [ 137.424381694199667, 35.232826833529806 ], [ 137.424389111396295, 35.232774639296693 ], [ 137.424440166977632, 35.232416555954742 ], [ 137.424418222531585, 35.232323778047139 ], [ 137.424392610875401, 35.232282082427695 ], [ 137.424356832976429, 35.232225833070302 ], [ 137.42435672188185, 35.232190306428834 ], [ 137.424374443644894, 35.23216313906525 ], [ 137.424394778308766, 35.232138027641575 ], [ 137.424394721672314, 35.232115138949538 ], [ 137.424392028173457, 35.232094221643251 ], [ 137.424360166902858, 35.232063999905861 ], [ 137.424352389193444, 35.23203480555928 ], [ 137.424354944368673, 35.232007667152601 ], [ 137.42437516684879, 35.231974277530348 ], [ 137.424430889491475, 35.231882305782847 ], [ 137.424451110882444, 35.231848917318871 ], [ 137.424456028451118, 35.231805000126052 ], [ 137.42445594349644, 35.231777860561095 ], [ 137.424461000477947, 35.231744499895747 ], [ 137.424481221868916, 35.231711111431771 ], [ 137.424535583058457, 35.231597221627517 ], [ 137.424588944396817, 35.231551138458578 ], [ 137.424624471788405, 35.231530250109195 ], [ 137.424662639309901, 35.231515556219861 ], [ 137.42470072187669, 35.231496639256228 ], [ 137.424754111533275, 35.231467305916532 ], [ 137.424782083404608, 35.231450582727639 ], [ 137.424862027932107, 35.231370082545638 ], [ 137.424884750040178, 35.231330388427118 ], [ 137.424887194120828, 35.231299000305796 ], [ 137.424864138729049, 35.231240639411261 ], [ 137.424841972093844, 35.231072667384019 ], [ 137.424846693613262, 35.230970417095286 ], [ 137.42485427854092, 35.230930749617116 ], [ 137.424871971985738, 35.230901499673287 ], [ 137.424969360539848, 35.230712361310417 ], [ 137.424999999770137, 35.230675582572594 ], [ 137.425000221959266, 35.230675305744626 ], [ 137.425058139264365, 35.2306058057098 ], [ 137.425103750122389, 35.230545110889125 ], [ 137.425226972521813, 35.230460388791101 ], [ 137.425292999730885, 35.230428889475284 ], [ 137.425351528056154, 35.23041830630747 ], [ 137.425410056381423, 35.230407806535531 ], [ 137.425491416820165, 35.230395110672298 ], [ 137.425519388691498, 35.230376221507285 ], [ 137.425537083225464, 35.230349027503358 ], [ 137.425573749881039, 35.230266555935607 ], [ 137.425583860576523, 35.230237332632129 ], [ 137.42557872190784, 35.230205972309427 ], [ 137.425550610623731, 35.230181083274744 ], [ 137.425512277549529, 35.23014977854929 ], [ 137.425509694056075, 35.230126888698976 ], [ 137.425512139225901, 35.230101832872542 ], [ 137.425519750293461, 35.230076750405765 ], [ 137.425519667517108, 35.230055833099478 ], [ 137.425506861144413, 35.23003502814597 ], [ 137.425347249825847, 35.22986736074531 ], [ 137.425319082994463, 35.229815222109451 ], [ 137.425318971899884, 35.229781861444096 ], [ 137.425323889468558, 35.229740111385674 ], [ 137.425331500536117, 35.229712971820717 ], [ 137.425339000509098, 35.229689971934185 ], [ 137.42535249958911, 35.229509388597855 ], [ 137.425372528198324, 35.229415499903574 ], [ 137.425387639238835, 35.229367417550257 ], [ 137.425405416549182, 35.229363250073213 ], [ 137.425425861218457, 35.229367332996112 ], [ 137.42555833278584, 35.22939419457483 ], [ 137.425644832982442, 35.229404471957778 ], [ 137.425705916482912, 35.229404332964656 ], [ 137.425744111233485, 35.229395861333991 ], [ 137.425805110868453, 35.229366527994294 ], [ 137.425859667018074, 35.229319444074889 ], [ 137.425882471902497, 35.229269305781678 ], [ 137.425897582943037, 35.229223389404488 ], [ 137.425897443530232, 35.229181667144694 ], [ 137.425887056187463, 35.229125333233156 ], [ 137.425889471949887, 35.229091889171933 ], [ 137.425899639281823, 35.229071056419798 ], [ 137.425919888991018, 35.229050083516263 ], [ 137.42593588878816, 35.22904041654477 ], [ 137.42607100048545, 35.229027860832929 ], [ 137.426146000215198, 35.22901950039676 ], [ 137.426205971680758, 35.228982417032341 ], [ 137.426245916715459, 35.228937166663854 ], [ 137.42624572175535, 35.228871528321207 ], [ 137.426240555857618, 35.228834582791634 ], [ 137.426210361005644, 35.228777221489288 ], [ 137.426180138924593, 35.228736277590961 ], [ 137.426124944525725, 35.228687083292691 ], [ 137.426079832504143, 35.228662583438741 ], [ 137.426004694450768, 35.228629916580715 ], [ 137.425909499469924, 35.228617777848235 ], [ 137.425849388591558, 35.228613860558802 ], [ 137.425749278220366, 35.228601721826323 ], [ 137.425619222415406, 35.228606139490985 ], [ 137.425459055623975, 35.228606471916194 ], [ 137.425443917354386, 35.228581916464996 ], [ 137.425413806367914, 35.228540861372174 ], [ 137.425403667354203, 35.228495805594051 ], [ 137.425403472394123, 35.228442443818729 ], [ 137.425423333272306, 35.22839319392321 ], [ 137.425438305989189, 35.228372611358694 ], [ 137.425508083184752, 35.228306832864654 ], [ 137.425553000246254, 35.22826977845714 ], [ 137.425572972219015, 35.228224582527616 ], [ 137.425572750029858, 35.228158944184969 ], [ 137.425567555813899, 35.228113806169254 ], [ 137.425552360907858, 35.228068666995256 ], [ 137.425567332535593, 35.228039888469759 ], [ 137.425747167423452, 35.227941056253506 ], [ 137.425797250382686, 35.227932750256315 ], [ 137.425857332942826, 35.227932611263192 ], [ 137.425897443530232, 35.227965332560196 ], [ 137.425947611444144, 35.227989861371043 ], [ 137.426022639492118, 35.227989693421023 ], [ 137.426067639329972, 35.227977333457829 ], [ 137.426127667431984, 35.227952500020386 ], [ 137.426197638498479, 35.22795236102727 ], [ 137.426247806412391, 35.227976944277096 ], [ 137.426307944519834, 35.227993221529722 ], [ 137.42639805637927, 35.228001221742055 ], [ 137.426468166858541, 35.228005139031481 ], [ 137.426518138723225, 35.228000971554437 ], [ 137.42656313856105, 35.227984471912819 ], [ 137.426593082905669, 35.227935110822798 ], [ 137.426602888635671, 35.22787349980581 ], [ 137.426567638980515, 35.227816167460361 ], [ 137.426497360770213, 35.22775069359291 ], [ 137.426432111223136, 35.227689250525934 ], [ 137.426371832613739, 35.227631971461186 ], [ 137.426331777573637, 35.22760736157101 ], [ 137.426301639358115, 35.227595167241283 ], [ 137.426226611310142, 35.227595332874749 ], [ 137.426161528404947, 35.227583110746401 ], [ 137.42610633291693, 35.227566833493775 ], [ 137.42603125041083, 35.227554722559915 ], [ 137.42601119348339, 35.22753422223299 ], [ 137.425956082950051, 35.22750972237904 ], [ 137.425940943591314, 35.22748099945079 ], [ 137.425945832841762, 35.227435832478172 ], [ 137.425990749903264, 35.227394721788102 ], [ 137.4260457504312, 35.227382332868011 ], [ 137.426180889357539, 35.227382056040042 ], [ 137.426248417432561, 35.227371638505701 ], [ 137.426293417270386, 35.227363332508503 ], [ 137.426338388790015, 35.227338611423839 ], [ 137.426338306013662, 35.227313916979519 ], [ 137.426333221803134, 35.227301667052544 ], [ 137.42631305595944, 35.227248360874469 ], [ 137.426313027641214, 35.227240139431423 ], [ 137.426302972493005, 35.227223777624644 ], [ 137.426297805506124, 35.227186805454721 ], [ 137.426282778331085, 35.227154028560477 ], [ 137.426252583479112, 35.227129499749623 ], [ 137.42619247151157, 35.227092666572823 ], [ 137.426137360978231, 35.227064028198726 ], [ 137.426102194099428, 35.227031277944825 ], [ 137.4261069439371, 35.226969722525077 ], [ 137.426106721747942, 35.226895889379733 ], [ 137.426121610599324, 35.226842499805791 ], [ 137.426141556432185, 35.226834250564117 ], [ 137.426211666911485, 35.226838250091149 ], [ 137.426276778134877, 35.226862694347851 ], [ 137.426331888668216, 35.226887194201801 ], [ 137.426366833357861, 35.226854306113061 ], [ 137.42636672226331, 35.226821416866038 ], [ 137.42637655631151, 35.226768110687971 ], [ 137.426411528230233, 35.226747472526199 ], [ 137.426451610499385, 35.226735055807481 ], [ 137.426486556278206, 35.226706306238881 ], [ 137.426496472013611, 35.226685722516088 ], [ 137.426471305824862, 35.226644777459491 ], [ 137.426421056223774, 35.226599721681367 ], [ 137.426425999932349, 35.226558694387165 ], [ 137.426465889419774, 35.226533999942845 ], [ 137.426515972379008, 35.226525693945653 ], [ 137.426586082858279, 35.226537806037783 ], [ 137.426648556130118, 35.226519193700739 ], [ 137.426718611062114, 35.22651083326457 ], [ 137.426783693967309, 35.226523027594297 ], [ 137.426838750042521, 35.226494166831209 ], [ 137.426868667158061, 35.226477693829935 ], [ 137.426903693534911, 35.226465360507085 ], [ 137.426943638569611, 35.226457083466791 ], [ 137.426963583313295, 35.226440528227926 ], [ 137.427008527603874, 35.226407611182282 ], [ 137.427003471711544, 35.226378971649908 ], [ 137.426993361016059, 35.226342028436882 ], [ 137.427048388773045, 35.226333722439691 ], [ 137.427113417220113, 35.226329417127793 ], [ 137.427173499780253, 35.226333444453445 ], [ 137.427228611402739, 35.226353777988628 ], [ 137.427263667186963, 35.22635372239138 ], [ 137.427308611477542, 35.226329000148439 ], [ 137.427348528193988, 35.226304305704119 ], [ 137.427378610862263, 35.226296027505548 ], [ 137.427428499950565, 35.226271333061227 ], [ 137.427438472322422, 35.226230277968405 ], [ 137.427443333254644, 35.226197472117256 ], [ 137.427453167302872, 35.226148138825863 ], [ 137.427468167248804, 35.226131693623216 ], [ 137.427518167431685, 35.226135722107145 ], [ 137.427593361032365, 35.226151971561151 ], [ 137.427663471511664, 35.226164082495004 ], [ 137.42769352804001, 35.226184582821929 ], [ 137.427728582735085, 35.226188639104478 ], [ 137.42774363931747, 35.226184471627434 ], [ 137.427798583208954, 35.226155583065719 ], [ 137.427798443796149, 35.226118722090291 ], [ 137.427793249580191, 35.2260735829163 ], [ 137.427793138485612, 35.226032555622098 ], [ 137.427803110857468, 35.226024333020774 ], [ 137.427833193525714, 35.226020111104759 ], [ 137.42791822226377, 35.226019944313009 ], [ 137.427948139379311, 35.225995277667316 ], [ 137.427948111061085, 35.22598705622427 ], [ 137.427927944128243, 35.225937888566342 ], [ 137.427917806203681, 35.2258968056749 ], [ 137.427962833270612, 35.225884444553429 ], [ 137.427982832472424, 35.225888471879081 ], [ 137.428007916973968, 35.225900749604683 ], [ 137.428052888493596, 35.225876056318633 ], [ 137.428127972088845, 35.22585947212287 ], [ 137.428250527920824, 35.225848944552304 ], [ 137.428250472373549, 35.225832528306555 ], [ 137.428220250292497, 35.225803833176933 ], [ 137.428240166717984, 35.225746388478711 ], [ 137.428269999968023, 35.22569699959007 ], [ 137.428375056226116, 35.225672167310911 ], [ 137.428474999955426, 35.225630944268069 ], [ 137.428569888881611, 35.225581527580808 ], [ 137.428654860983187, 35.225536167176095 ], [ 137.428714833537924, 35.225495027529121 ], [ 137.428759749510277, 35.225462028245886 ], [ 137.428824777957345, 35.225457832970214 ], [ 137.428854777849239, 35.225461805856895 ], [ 137.428899777687093, 35.225445306215271 ], [ 137.428944667519517, 35.225400139242652 ], [ 137.428984778106923, 35.225404110971056 ], [ 137.429064972052629, 35.225436750030461 ], [ 137.429075028289986, 35.225453138477583 ], [ 137.429135221944705, 35.225485916530111 ], [ 137.429255278148759, 35.225485638543866 ], [ 137.429285194175151, 35.225456833378026 ], [ 137.429330055689348, 35.225407500086632 ], [ 137.429380083101307, 35.225382805642312 ], [ 137.429440249526976, 35.225403139177494 ], [ 137.42948536045941, 35.225427639031444 ], [ 137.429575610642473, 35.225472611413693 ], [ 137.429660777704157, 35.225513444117524 ], [ 137.429721027995328, 35.225562610617175 ], [ 137.429781056097369, 35.225545971982434 ], [ 137.429795916630525, 35.225517278011083 ], [ 137.429800777562747, 35.225459777715614 ], [ 137.429810443879944, 35.2253695005259 ], [ 137.429807639286508, 35.225281278117805 ], [ 137.429827333522837, 35.225190999769815 ], [ 137.429862194346953, 35.225129333155579 ], [ 137.429932082637094, 35.225071693866987 ], [ 137.42996191697631, 35.225022389532498 ], [ 137.429972138766374, 35.225000000057413 ], [ 137.429972194313649, 35.22499983326567 ], [ 137.429991805773625, 35.224956694434326 ], [ 137.430036667287823, 35.22489505561871 ], [ 137.430081556031098, 35.224849777451595 ], [ 137.430096472111558, 35.224812777483052 ], [ 137.430126306450745, 35.224763499788907 ], [ 137.430171222423098, 35.224722389098844 ], [ 137.430231193888659, 35.224685305734425 ], [ 137.43027611095016, 35.224652388688781 ], [ 137.4303059442002, 35.224603110994636 ], [ 137.430325777849333, 35.224549693622066 ], [ 137.430361889032014, 35.224438667076086 ], [ 137.43039680649261, 35.224399110792412 ], [ 137.430414166653691, 35.224370305626572 ], [ 137.430427249673642, 35.224336194398369 ], [ 137.430427166897289, 35.224307528225644 ], [ 137.43035097235628, 35.224122000209071 ], [ 137.430339860720437, 35.224050277442593 ], [ 137.430341944288301, 35.22401258250845 ], [ 137.430361471882776, 35.223971278386294 ], [ 137.430381056113674, 35.223942555458045 ], [ 137.430405000262084, 35.223906638477558 ], [ 137.430485666904332, 35.223822083171285 ], [ 137.430564249978687, 35.223762778281809 ], [ 137.430618860586435, 35.223730278215527 ], [ 137.430671361486446, 35.223726666710959 ], [ 137.430717305628178, 35.223742693775968 ], [ 137.430778722412384, 35.223771222113847 ], [ 137.430851138648677, 35.22385002773806 ], [ 137.430888471871697, 35.223876805920902 ], [ 137.430925639542011, 35.223889360474466 ], [ 137.430976055784981, 35.223887443527687 ], [ 137.431032861055172, 35.223887305692841 ], [ 137.431074556374, 35.223908777813335 ], [ 137.431131582744172, 35.223951638658434 ], [ 137.431162250292687, 35.223991055948993 ], [ 137.431188611292669, 35.224021472276753 ], [ 137.431206305826635, 35.224051999799009 ], [ 137.431250110853227, 35.224082360529522 ], [ 137.431356417469885, 35.224138666642432 ], [ 137.431387139476499, 35.22416552822115 ], [ 137.431406889260131, 35.224190556248956 ], [ 137.431485889483724, 35.224256806161328 ], [ 137.431525333503686, 35.224260249715876 ], [ 137.431569055753926, 35.224258360567717 ], [ 137.431610583341723, 35.224265472382363 ], [ 137.431641278119287, 35.224277943540052 ], [ 137.431696082597966, 35.224306556432083 ], [ 137.431704916795013, 35.224317277434736 ], [ 137.431711556329589, 35.224333389053896 ], [ 137.43173247151708, 35.224386278252609 ], [ 137.431732722024464, 35.224461639163998 ], [ 137.431752555673597, 35.224515388961777 ], [ 137.43176591751913, 35.224571000109087 ], [ 137.431783471551142, 35.224596111532769 ], [ 137.43180538876814, 35.224610388442741 ], [ 137.431825055775391, 35.224610332845494 ], [ 137.431844778329946, 35.224594166787362 ], [ 137.431901472505558, 35.224565360463245 ], [ 137.431962749876988, 35.224558028576162 ], [ 137.432010861452085, 35.224561527727957 ], [ 137.432048082491349, 35.224552444527568 ], [ 137.432083028270171, 35.22455597147799 ], [ 137.432154332471555, 35.224594389176353 ], [ 137.432209167446786, 35.224630139365097 ], [ 137.432231110803684, 35.224653443878218 ], [ 137.432235555675845, 35.224673167001946 ], [ 137.432259693695158, 35.224692861168769 ], [ 137.432294693932107, 35.224712444141105 ], [ 137.432358249831452, 35.224726722209354 ], [ 137.432412971533779, 35.224726611014859 ], [ 137.432450277527749, 35.224746249584442 ], [ 137.432467778190784, 35.224764166955886 ], [ 137.432480943987088, 35.224790999577699 ], [ 137.432502999527713, 35.22481427745047 ], [ 137.432522693764042, 35.224824971812779 ], [ 137.432548971987671, 35.224832139224667 ], [ 137.432681417415154, 35.224854278512133 ], [ 137.432736193575607, 35.224875610481227 ], [ 137.432764693690757, 35.224889971945345 ], [ 137.432806277915006, 35.22490241646269 ], [ 137.432845721934939, 35.224911332871343 ], [ 137.432904778504025, 35.224923749590062 ], [ 137.43294644441545, 35.224939777813347 ], [ 137.432972778186382, 35.224957667386171 ], [ 137.433003500193024, 35.224979139506658 ], [ 137.43302872192902, 35.22499983326567 ], [ 137.4330289168891, 35.225000000057413 ], [ 137.433031917531792, 35.225002444019779 ], [ 137.433158166713838, 35.225110694178184 ], [ 137.43319974984891, 35.225130250510169 ], [ 137.433256750079181, 35.22516066683793 ], [ 137.433309389302821, 35.225196443667016 ], [ 137.433333333451202, 35.225215028205433 ], [ 137.43333355564036, 35.225215193838906 ], [ 137.433353194329413, 35.225230417060374 ], [ 137.433373027978519, 35.225278778558199 ], [ 137.433399360660275, 35.225300278477313 ], [ 137.433419194309408, 35.225321778396427 ], [ 137.43342038912067, 35.225353138719122 ], [ 137.433424889540134, 35.225381889445998 ], [ 137.433435860673995, 35.225414139324663 ], [ 137.433455638775825, 35.225446361404707 ], [ 137.433477721545501, 35.225480389237035 ], [ 137.433597860525907, 35.225768138585437 ], [ 137.433648444499909, 35.225852305869253 ], [ 137.433663860505931, 35.22589536130473 ], [ 137.433666167352101, 35.225927611183394 ], [ 137.433699111250235, 35.225954417164864 ], [ 137.433747305601713, 35.225979444034394 ], [ 137.433795471634937, 35.22599727800997 ], [ 137.433877750237684, 35.226064360722788 ], [ 137.434018167245512, 35.226169861133968 ], [ 137.434239638637422, 35.226300360616058 ], [ 137.434314111212501, 35.226332556055759 ], [ 137.434371083124574, 35.22635569377713 ], [ 137.434452138597806, 35.226384277712263 ], [ 137.434626332713094, 35.226465471701587 ], [ 137.434845472208082, 35.226558278566081 ], [ 137.434924361337124, 35.226597583503867 ], [ 137.434981277701894, 35.226638749791185 ], [ 137.435020832816406, 35.226667305927691 ], [ 137.435049361249753, 35.226695999899036 ], [ 137.435079083405213, 35.226747055546838 ], [ 137.435107693525765, 35.226793611292386 ], [ 137.435140555736723, 35.226831193873757 ], [ 137.435162582959123, 35.226849083446574 ], [ 137.435190943661468, 35.226856249700191 ], [ 137.435228194108134, 35.226854360552032 ], [ 137.435280639460814, 35.226832693841175 ], [ 137.435357083420058, 35.226794861072186 ], [ 137.435411694027806, 35.226767860500352 ], [ 137.435472944170158, 35.226753305604134 ], [ 137.435527638643407, 35.226742444450082 ], [ 137.435584443913598, 35.226745943601877 ], [ 137.435615111462113, 35.226754777772932 ], [ 137.435647999812971, 35.226767333484773 ], [ 137.43574774967135, 35.226828944501761 ], [ 137.435787305875039, 35.226870167544604 ], [ 137.435794972489873, 35.22689788856411 ], [ 137.435801722029879, 35.226942777550491 ], [ 137.435799860651173, 35.227046805792881 ], [ 137.43580658296213, 35.227080861423829 ], [ 137.435824193630594, 35.227123916859306 ], [ 137.435841832617285, 35.227149028282987 ], [ 137.435872638489428, 35.227190166771678 ], [ 137.436102250281863, 35.227491971799338 ], [ 137.436127611430663, 35.227557361112645 ], [ 137.436127722525242, 35.227589638789937 ], [ 137.43612338874766, 35.227611194306299 ], [ 137.436114639505291, 35.227622027661724 ], [ 137.436006888659165, 35.227791749844002 ], [ 137.43599172207135, 35.227825944468073 ], [ 137.435991805936879, 35.227849194542223 ], [ 137.436002889254468, 35.227874332606255 ], [ 137.436035693739825, 35.227899306195091 ], [ 137.43607966649742, 35.227936888776462 ], [ 137.436108139383492, 35.227945832983735 ], [ 137.436127778072546, 35.22793858333425 ], [ 137.436180222336077, 35.227918722375676 ], [ 137.436335333235178, 35.227848443979376 ], [ 137.436365999694544, 35.227853777840359 ], [ 137.436392306236399, 35.227871667413176 ], [ 137.436403250141211, 35.227885972121776 ], [ 137.43641647148479, 35.227903860536323 ], [ 137.436492721573075, 35.228134277539276 ], [ 137.436591111067514, 35.228456055878283 ], [ 137.43666947195274, 35.228664832810729 ], [ 137.436695888500026, 35.228707860447578 ], [ 137.436695944047301, 35.22872580561765 ], [ 137.436693833250388, 35.228749166886296 ], [ 137.436691806318976, 35.228767110898083 ], [ 137.436669917420204, 35.228794028074049 ], [ 137.436663528392984, 35.228820971890357 ], [ 137.436661389277845, 35.228842528564996 ], [ 137.436665166493384, 35.228985138980946 ], [ 137.436676083169118, 35.228999443689546 ], [ 137.436695778494624, 35.229011917163788 ], [ 137.436748305534508, 35.2290136105633 ], [ 137.436781111108985, 35.229001000412488 ], [ 137.436827028021668, 35.228995499759762 ], [ 137.436855471500365, 35.228999027868461 ], [ 137.436866027663314, 35.229000194252393 ], [ 137.436923916650187, 35.22906505655012 ], [ 137.436952999467252, 35.229153693621015 ], [ 137.43695338938744, 35.229266000061976 ], [ 137.436939389292661, 35.229390167249178 ], [ 137.436889278015201, 35.229478888874226 ], [ 137.436824722264674, 35.229597306379361 ], [ 137.436868417285837, 35.229721333415164 ], [ 137.436976889157535, 35.229833417467134 ], [ 137.437150389476301, 35.229968943867064 ], [ 137.437273388597418, 35.230092806427677 ], [ 137.43733149977345, 35.23021680566486 ], [ 137.437324582502413, 35.230323194473733 ], [ 137.43725986119918, 35.230382471564582 ], [ 137.437151916482122, 35.230430028060589 ], [ 137.437136194421441, 35.230461250548451 ], [ 137.437116111354101, 35.230501055861467 ], [ 137.437155916975996, 35.230539361207057 ], [ 137.437329277881958, 35.230645360835197 ], [ 137.437517138808261, 35.230774999718221 ], [ 137.437676139106685, 35.230881028303266 ], [ 137.437705388565604, 35.23102283255912 ], [ 137.437691388470824, 35.231141055473884 ], [ 137.437562194193418, 35.231306832568109 ], [ 137.437577582970363, 35.23160236089813 ], [ 137.43765083350516, 35.231956832735513 ], [ 137.437824778202213, 35.232228389385433 ], [ 137.437940638952313, 35.232381833156815 ], [ 137.438041833040188, 35.232452471776945 ], [ 137.438157388824777, 35.232511333046716 ], [ 137.438301889102831, 35.232617389430381 ], [ 137.438374360886399, 35.232735499992373 ], [ 137.438591083529815, 35.232853193575011 ], [ 137.438822028457167, 35.232923610964434 ], [ 137.438986139106021, 35.232923221783693 ], [ 137.439067139031977, 35.232923056150227 ], [ 137.439168056472568, 35.232911027453966 ], [ 137.439384471972176, 35.232969667493023 ], [ 137.439500056074991, 35.233040332753504 ], [ 137.439529361081213, 35.2331584722724 ], [ 137.439752999906489, 35.233211139082123 ], [ 137.440041443900526, 35.233222306021034 ], [ 137.440214277651847, 35.233162860980165 ], [ 137.440488056072837, 35.233091306163715 ], [ 137.440660917053208, 35.233043582875958 ], [ 137.440790638485282, 35.233031471942105 ], [ 137.440949443823598, 35.233113861272258 ], [ 137.441094139061704, 35.233243611349778 ], [ 137.441174056360154, 35.233333139134928 ], [ 137.44117422191286, 35.233333332567014 ], [ 137.441209944264529, 35.2333733324704 ], [ 137.441166972447263, 35.23346808292203 ], [ 137.44118191684592, 35.233633556547943 ], [ 137.441182472318786, 35.233799055655922 ], [ 137.44130549975813, 35.233922917058258 ], [ 137.441435611110393, 35.234029000082273 ], [ 137.441666667132296, 35.234177667123426 ], [ 137.441666889321453, 35.234177806116541 ], [ 137.441710221651505, 35.234205667287448 ], [ 137.441883277591984, 35.234205278106714 ], [ 137.442013139526011, 35.234240500121594 ], [ 137.442316361276852, 35.234369805421132 ], [ 137.442561971777252, 35.234511139416931 ], [ 137.442648889123063, 35.234617305836814 ], [ 137.442735721514225, 35.234723555652565 ], [ 137.442779138798954, 35.234758888861947 ], [ 137.442841333245212, 35.234758749868831 ], [ 137.442923277475046, 35.234758556436738 ], [ 137.443096555604654, 35.234829110502723 ], [ 137.443226611409614, 35.234911555430131 ], [ 137.443270138699773, 35.234982416439259 ], [ 137.443342749896175, 35.235147749913772 ], [ 137.443357778160333, 35.235301417232414 ], [ 137.443531444031805, 35.235513750072187 ], [ 137.443733971620361, 35.235690694105323 ], [ 137.444225028157604, 35.235925916795402 ], [ 137.444441638617292, 35.236008167132439 ], [ 137.444761778329223, 35.236036000504718 ], [ 137.444844611315688, 35.236035110948755 ], [ 137.444982778113797, 35.236016110589247 ], [ 137.445048083208121, 35.235992027714659 ], [ 137.445113361073396, 35.235967943681786 ], [ 137.445207750073962, 35.235906082477179 ], [ 137.445323472500434, 35.235822249935126 ], [ 137.445456972237224, 35.235760638918137 ], [ 137.445580416825806, 35.23570808330291 ], [ 137.445696528083289, 35.235669666762817 ], [ 137.445774111306491, 35.235649305429014 ], [ 137.445828556361533, 35.235634305754814 ], [ 137.445880028002961, 35.235618056300815 ], [ 137.445937333198742, 35.235598722357821 ], [ 137.445970583151535, 35.235588917551482 ], [ 137.445994999996458, 35.235595333242244 ], [ 137.446007583090818, 35.235611278069662 ], [ 137.446029694178748, 35.235625721771378 ], [ 137.446053917152739, 35.235640472416243 ], [ 137.446067749516487, 35.235663333309653 ], [ 137.446084528064802, 35.235688083351221 ], [ 137.446107610685658, 35.235692082878245 ], [ 137.44612383267193, 35.235679500526061 ], [ 137.44612725046386, 35.235654166713388 ], [ 137.446121528004085, 35.235617416932463 ], [ 137.446117138679199, 35.235583443539106 ], [ 137.44612249953704, 35.235544472184806 ], [ 137.446142722017186, 35.235516750007022 ], [ 137.446169694037337, 35.235500556150271 ], [ 137.446207471638644, 35.235493972509481 ], [ 137.446252222058263, 35.235509472558917 ], [ 137.446294693949966, 35.235520721735426 ], [ 137.446338860578493, 35.235522694279453 ], [ 137.446394083295587, 35.235511389505696 ], [ 137.446444805593188, 35.23549822222413 ], [ 137.446490332585711, 35.235483222549931 ], [ 137.446532110680863, 35.235460610685855 ], [ 137.446563055965811, 35.23544313925067 ], [ 137.446603805891613, 35.235438971773625 ], [ 137.446639666566909, 35.235452610473523 ], [ 137.446679694377963, 35.235468722092683 ], [ 137.446713193748963, 35.235463417188605 ], [ 137.44674038904742, 35.235443360481391 ], [ 137.446760083283749, 35.235423471724189 ], [ 137.446789083324461, 35.235418528202224 ], [ 137.446808361500729, 35.235436611207135 ], [ 137.446814388925986, 35.235466721750029 ], [ 137.446822917068374, 35.235483556133417 ], [ 137.446859861460382, 35.235492194555825 ], [ 137.446904444148998, 35.235483083556808 ], [ 137.446957943810986, 35.23547927746187 ], [ 137.447005971520582, 35.235487889243934 ], [ 137.447061417515982, 35.235508777593317 ], [ 137.447112500326398, 35.235534806371589 ], [ 137.447166306043044, 35.235561805785146 ], [ 137.447225944224897, 35.235589083184948 ], [ 137.447278861184969, 35.235608693955903 ], [ 137.447323749928245, 35.235628417079631 ], [ 137.447364388759439, 35.235649943639089 ], [ 137.447405249779791, 35.235649138637271 ], [ 137.447431999610785, 35.235633471796099 ], [ 137.447459666516608, 35.235625389346168 ], [ 137.447490028010463, 35.235639111441941 ], [ 137.44752141658455, 35.235657611426213 ], [ 137.447550500490792, 35.235651500362039 ], [ 137.447588111450244, 35.235630139436047 ], [ 137.447630027869053, 35.235615167560468 ], [ 137.447672416984375, 35.235606611375658 ], [ 137.447718416673411, 35.235597027800033 ], [ 137.447766917079548, 35.235578971435466 ], [ 137.447809249558418, 35.235557610509474 ], [ 137.447848528025673, 35.235541194263725 ], [ 137.44787049970077, 35.235508528563976 ], [ 137.447894778222064, 35.235476638909141 ], [ 137.447934055600143, 35.235458443551458 ], [ 137.447979693687216, 35.235444250037354 ], [ 137.44802947168094, 35.235440556295195 ], [ 137.448084861039888, 35.235448888932737 ], [ 137.448167944533708, 35.235484943748062 ], [ 137.448225389142294, 35.235511667491934 ], [ 137.448259110702452, 35.235544472184806 ], [ 137.448284917318716, 35.235568055842442 ], [ 137.448309861318307, 35.235571222569028 ], [ 137.448347972203351, 35.235567889050699 ], [ 137.448393806339652, 35.235571389360771 ], [ 137.448434861230936, 35.235589416768434 ], [ 137.448488666947611, 35.235620027686565 ], [ 137.448549888771737, 35.235654138914761 ], [ 137.44860777775861, 35.235681583106306 ], [ 137.448751583150965, 35.235741749753132 ], [ 137.448833777888183, 35.235776971768011 ], [ 137.448895639050704, 35.235806944476067 ], [ 137.448970056078508, 35.235849499536307 ], [ 137.449020139037742, 35.235876693540234 ], [ 137.449073306505198, 35.235907027630397 ], [ 137.449115472342214, 35.235936138581103 ], [ 137.449159999483527, 35.235976167441386 ], [ 137.449186388801763, 35.236007833548953 ], [ 137.449211556079632, 35.236044444336763 ], [ 137.449234749795068, 35.236079916539261 ], [ 137.449258860585331, 35.236097083347858 ], [ 137.449297528032417, 35.236125556088489 ], [ 137.449333250384086, 35.236162361466661 ], [ 137.449383722174332, 35.236205860521842 ], [ 137.449473861262845, 35.23627830605254 ], [ 137.449509166465276, 35.236292721955635 ], [ 137.449548361067002, 35.236313277879809 ], [ 137.449576278480208, 35.236344138985551 ], [ 137.449594389074235, 35.236377193866041 ], [ 137.449628556101885, 35.236407388963087 ], [ 137.449691999817503, 35.236446999685732 ], [ 137.4497506664664, 35.236481750282287 ], [ 137.449809193702492, 35.236506750511467 ], [ 137.449867082689366, 35.236534193544735 ], [ 137.449919944102163, 35.236566971597263 ], [ 137.449961055629871, 35.236605389295626 ], [ 137.449980472129766, 35.236625888464275 ], [ 137.449999999724213, 35.236646611180191 ], [ 137.450000221913371, 35.236646833569182 ], [ 137.450032971940573, 35.23668155636711 ], [ 137.450108471595911, 35.23675377835054 ], [ 137.450144388907688, 35.236784250275548 ], [ 137.450191361218828, 35.236800360736432 ], [ 137.450313971508933, 35.236860749772241 ], [ 137.450467028247573, 35.23695647201744 ], [ 137.450645472274914, 35.237086222094959 ], [ 137.450708055552184, 35.237134111016175 ], [ 137.450742083167, 35.237158193890771 ], [ 137.450765888991754, 35.237182305722257 ], [ 137.45076266724908, 35.237203221870267 ], [ 137.450758555660656, 35.237221082486187 ], [ 137.45077669348376, 35.237253138932765 ], [ 137.450814110572281, 35.237301083451236 ], [ 137.450853028526723, 35.237341832759185 ], [ 137.450887305559775, 35.237373666816772 ], [ 137.45091605618228, 35.237394499568907 ], [ 137.450961555945725, 35.23745686114875 ], [ 137.450990167155425, 35.237500083375963 ], [ 137.451022722222575, 35.23754533258618 ], [ 137.451060556460334, 35.237588250186811 ], [ 137.451096222175551, 35.23763630589977 ], [ 137.451096277722826, 35.237683277466402 ], [ 137.451096250493777, 35.237706694332289 ], [ 137.451125222216263, 35.237790832659208 ], [ 137.451131166865196, 35.237859861275702 ], [ 137.451119693627419, 35.23788036044435 ], [ 137.451126166520169, 35.23790836060838 ], [ 137.451148556433679, 35.237962944364874 ], [ 137.451127667386089, 35.237988500566537 ], [ 137.451178388594542, 35.23809341720662 ], [ 137.45121208292565, 35.238144806437916 ], [ 137.451235693790323, 35.238177833519778 ], [ 137.451263722298108, 35.23820725025535 ], [ 137.451288056366678, 35.238254694398584 ], [ 137.451278028447547, 35.238277332903003 ], [ 137.451260056177119, 35.238292610563441 ], [ 137.451248806217649, 35.23831130629636 ], [ 137.451260610560837, 35.238387971426526 ], [ 137.451303110770738, 35.238477582607537 ], [ 137.45135472182497, 35.238560917090915 ], [ 137.451426166528336, 35.238692806504204 ], [ 137.451512860595841, 35.238820332691802 ], [ 137.451616277664385, 35.238925111497039 ], [ 137.451709638495544, 35.239013250509259 ], [ 137.451749472435665, 35.239057666919031 ], [ 137.451762417131988, 35.239080444416572 ], [ 137.451782278010171, 35.239103833483838 ], [ 137.451803000415879, 35.239126417549286 ], [ 137.451820082840527, 35.239138916505603 ], [ 137.451837250219853, 35.239151500016071 ], [ 137.451868860983097, 35.239173860534251 ], [ 137.451877638543692, 35.239202056446914 ], [ 137.451876889199895, 35.239265972433145 ], [ 137.451913194253507, 35.239346471456869 ], [ 137.451930277767303, 35.239392222200593 ], [ 137.451952333307929, 35.23941263913165 ], [ 137.451987777923165, 35.239434999649831 ], [ 137.452001860794297, 35.239466889304659 ], [ 137.452005778511818, 35.239491305762741 ], [ 137.452062722105637, 35.239590222533138 ], [ 137.452103638673265, 35.239663777692243 ], [ 137.452101278458144, 35.239714082777198 ], [ 137.452098833288318, 35.23976908351306 ], [ 137.452111111417196, 35.239794638556447 ], [ 137.452150222153392, 35.239823667269562 ], [ 137.452182167289521, 35.239847388762037 ], [ 137.452200306201803, 35.239874944148077 ], [ 137.452223333275384, 35.239931139066499 ], [ 137.452238944241486, 35.239959389418139 ], [ 137.452279722485486, 35.23999555542796 ], [ 137.452344167141462, 35.240042639347358 ], [ 137.452353971782287, 35.240049805600975 ], [ 137.452417083303345, 35.240093193461654 ], [ 137.452437472425345, 35.240115139317027 ], [ 137.452553556453751, 35.240385694058212 ], [ 137.452637832580507, 35.240616333450163 ], [ 137.4526636391968, 35.240721721508571 ], [ 137.452704389122573, 35.240902638428395 ], [ 137.452715721858368, 35.240941916725831 ], [ 137.452734000183455, 35.240984055964987 ], [ 137.45275849980473, 35.241014305500997 ], [ 137.452740527534303, 35.241060221878193 ], [ 137.45271874973011, 35.241080556571646 ], [ 137.452675333534557, 35.241113472459013 ], [ 137.452639722277439, 35.241139138696902 ], [ 137.452583221972759, 35.24119624981163 ], [ 137.45254666750094, 35.241234916539341 ], [ 137.452515028419469, 35.241267444404251 ], [ 137.452484138681825, 35.24129816651687 ], [ 137.452449111215799, 35.241333417488654 ], [ 137.45242019395144, 35.241362139258626 ], [ 137.452394027911538, 35.241382221447914 ], [ 137.452373472147684, 35.241405361485846 ], [ 137.45232866726991, 35.241455777765296 ], [ 137.452281944376978, 35.241508416776391 ], [ 137.452334193680429, 35.241458972290502 ] ], [ [ 137.453853417439376, 35.240858277615871 ], [ 137.453829138918081, 35.240856805447073 ], [ 137.453812944160887, 35.240841694578378 ], [ 137.453813750141137, 35.240826111133075 ], [ 137.453831971829743, 35.240816332967078 ], [ 137.453872221829926, 35.240799722130966 ], [ 137.4539072503851, 35.240788999970029 ], [ 137.453921417121734, 35.240785278429243 ], [ 137.453935777729299, 35.240783083496225 ], [ 137.453945139080986, 35.240784056448064 ], [ 137.453950861540761, 35.24078872198379 ], [ 137.453951082640742, 35.240789083365904 ], [ 137.453950333296945, 35.240795750402562 ], [ 137.453949806142305, 35.240796943426837 ], [ 137.453940917487131, 35.240806416966244 ], [ 137.453930193593152, 35.240814917553806 ], [ 137.453926694114045, 35.240818527900103 ], [ 137.453918832539131, 35.240831721822019 ], [ 137.453915221965445, 35.240837389266481 ], [ 137.453907110972295, 35.240845972091641 ], [ 137.453896027654707, 35.240851500542995 ], [ 137.453868806216349, 35.240857971831005 ], [ 137.453853417439376, 35.240858277615871 ] ], [ [ 137.454215333068163, 35.240909778041654 ], [ 137.454146083027268, 35.240905806313251 ], [ 137.454095194087785, 35.24090277742151 ], [ 137.454088471776828, 35.240902332643529 ], [ 137.454042000480428, 35.240899389464211 ], [ 137.453973305912399, 35.240893610825246 ], [ 137.453962638654872, 35.2408882225253 ], [ 137.453961416614561, 35.240887499761072 ], [ 137.453960110708721, 35.240886611363379 ], [ 137.453955806338513, 35.240883639227164 ], [ 137.453955138681891, 35.240882278252862 ], [ 137.453956417358683, 35.240878916935912 ], [ 137.453957444438913, 35.240876139390068 ], [ 137.453961916540123, 35.240871639487807 ], [ 137.453979888810551, 35.240858527803482 ], [ 137.453999306399595, 35.240847750045305 ], [ 137.454120110858298, 35.24078866754482 ], [ 137.454128639000658, 35.240784527866396 ], [ 137.454187972216999, 35.240757139272098 ], [ 137.454313472055247, 35.240701693758254 ], [ 137.454433693811978, 35.240644083426567 ], [ 137.454451472211474, 35.240637888966518 ], [ 137.454495083367135, 35.240605611289226 ], [ 137.454501805678092, 35.240604888525006 ], [ 137.454505639530083, 35.240605943714442 ], [ 137.454520833346947, 35.240615389455222 ], [ 137.454546027853922, 35.240622444514337 ], [ 137.454566916901513, 35.240624361461116 ], [ 137.454626416759709, 35.240613055529082 ], [ 137.454628500327573, 35.240613667098806 ], [ 137.45463169375202, 35.24061638904741 ], [ 137.454631944259404, 35.240617916813456 ], [ 137.454629443542302, 35.24062619385375 ], [ 137.454626278436081, 35.240634499850941 ], [ 137.454626167341502, 35.240635417205539 ], [ 137.45462872251673, 35.24064425021831 ], [ 137.454629166895018, 35.240645138616003 ], [ 137.454629722367912, 35.240646306158212 ], [ 137.454636138624181, 35.240656388950789 ], [ 137.454636583002497, 35.240656832570501 ], [ 137.45464780573289, 35.240664389163122 ], [ 137.454659917219885, 35.240671194034626 ], [ 137.454665443630404, 35.240676138714868 ], [ 137.454666666759891, 35.240679222045578 ], [ 137.4546694168952, 35.240686139269854 ], [ 137.4546694168952, 35.240686610688186 ], [ 137.45466605573975, 35.240695083477121 ], [ 137.454655527895, 35.240704027684394 ], [ 137.454653111043427, 35.240705666644935 ], [ 137.454600166854306, 35.240736444354809 ], [ 137.454543888738755, 35.24076333257387 ], [ 137.454530499664145, 35.24076922240733 ], [ 137.454333750082668, 35.240840999612779 ], [ 137.454292611325883, 35.240857500412673 ], [ 137.454285027487373, 35.240862582927761 ], [ 137.454284917481971, 35.240862667481906 ], [ 137.454282416764869, 35.240868528358469 ], [ 137.45427458350818, 35.240888389317043 ], [ 137.454266361420451, 35.240895056353693 ], [ 137.454265388798348, 35.240895777959643 ], [ 137.454263611285143, 35.240896888746327 ], [ 137.454260667278902, 35.240898416512373 ], [ 137.454234666791706, 35.240907583108637 ], [ 137.454226417474928, 35.240909222069178 ], [ 137.454215333068163, 35.240909778041654 ] ] ], [ [ [ 137.400488000163307, 35.242111638809263 ], [ 137.400592305988454, 35.24204374993635 ], [ 137.400894694529967, 35.242043167323523 ], [ 137.400986417260754, 35.242035944314381 ], [ 137.401253583376189, 35.241938805497647 ], [ 137.4013412217476, 35.241811721771477 ], [ 137.401513222289594, 35.241709888462111 ], [ 137.401551888647504, 35.241666667393169 ], [ 137.401552056378534, 35.241666471644521 ], [ 137.401677610674881, 35.241526193996442 ], [ 137.401813082884956, 35.241483666734823 ], [ 137.402021778400723, 35.241378861289242 ], [ 137.402109416772134, 35.241257471647891 ], [ 137.402288722327029, 35.241175361462247 ], [ 137.402332500124544, 35.241070888441875 ], [ 137.402365056280843, 35.240938221825388 ], [ 137.402430693569727, 35.240794306032392 ], [ 137.402525639132335, 35.240689749616145 ], [ 137.402686861322252, 35.240658417092071 ], [ 137.402829332490541, 35.240497333332193 ], [ 137.403026889141444, 35.240309611540873 ], [ 137.40304794374174, 35.240023110814001 ], [ 137.403172111534218, 35.239801639176591 ], [ 137.403230305486602, 35.239712471615285 ], [ 137.403208027756818, 35.239575944464889 ], [ 137.403302889453926, 35.239430360754447 ], [ 137.403449110608705, 35.239276472205091 ], [ 137.40363175009, 35.23906174984193 ], [ 137.403913611185885, 35.238921472193852 ], [ 137.404118306207835, 35.238732139240611 ], [ 137.404316082869542, 35.238655582988393 ], [ 137.40452130613528, 35.238646694378367 ], [ 137.404693861060991, 35.238742277630443 ], [ 137.404818443824411, 35.238737888922678 ], [ 137.405310111381823, 35.238883582669338 ], [ 137.405709999572025, 35.238971582688436 ], [ 137.405981278365061, 35.238971027874236 ], [ 137.406241471662184, 35.238979000287941 ], [ 137.406465000482058, 35.238953221697287 ], [ 137.406607111137561, 35.238937610453355 ], [ 137.406616333076443, 35.238934000107065 ], [ 137.406665166766288, 35.23891316735493 ], [ 137.406700943576112, 35.238893167403234 ], [ 137.406723611226056, 35.238870861324031 ], [ 137.406718610881001, 35.238851221596171 ], [ 137.406694917239975, 35.238828916675239 ], [ 137.406685971948377, 35.238809471537749 ], [ 137.406692194333743, 35.238793750257607 ], [ 137.40670774975257, 35.238781194545766 ], [ 137.406741805685613, 35.238776083073773 ], [ 137.406819277814236, 35.238788000575539 ], [ 137.406910056241117, 35.238787389005815 ], [ 137.407015527470151, 35.238793110889254 ], [ 137.407144416782074, 35.238792860701636 ], [ 137.407260805775962, 35.238799110758933 ], [ 137.407371472310103, 35.238806556157058 ], [ 137.407490111513738, 35.238803278235977 ], [ 137.40758655576397, 35.238797306164926 ], [ 137.407676610986954, 35.238779805772843 ], [ 137.407784638480337, 35.238747333505181 ], [ 137.407856306462008, 35.238722305477374 ], [ 137.407910111089507, 35.238711472121942 ], [ 137.407939333319376, 35.238713500263223 ], [ 137.407982443460298, 35.238719971551234 ], [ 137.408035082683938, 35.238724389215896 ], [ 137.408106027461685, 35.238712167087542 ], [ 137.408161305726054, 35.238683916735901 ], [ 137.408219999604, 35.238650832898514 ], [ 137.408248972415663, 35.238603527748403 ], [ 137.408281417477383, 35.238580666854986 ], [ 137.408309638766923, 35.238571305668358 ], [ 137.408332167004062, 35.238574333401822 ], [ 137.408333333497126, 35.238575000568794 ], [ 137.408333333497126, 35.238548166788703 ], [ 137.408300972300907, 35.238543388900204 ], [ 137.40826563878025, 35.238553833074896 ], [ 137.408226056436661, 35.238582917385258 ], [ 137.408188693806267, 35.238620416570754 ], [ 137.408142917395566, 35.238663694395221 ], [ 137.408095639029767, 35.238690721607405 ], [ 137.408042028273201, 35.238699750368824 ], [ 137.4079906110899, 35.238695000278945 ], [ 137.407946639421425, 35.238687778428087 ], [ 137.407910250502312, 35.238685416703326 ], [ 137.407850749554939, 35.238696443490845 ], [ 137.407772028156927, 35.238716083218698 ], [ 137.407661555493718, 35.238742333227691 ], [ 137.407637722439887, 35.238747443541399 ], [ 137.407575583540932, 35.238760638621592 ], [ 137.407484833432278, 35.238765583301834 ], [ 137.407370333046146, 35.23876374975093 ], [ 137.407261332930631, 35.238759110855547 ], [ 137.407148249544889, 35.238752471617516 ], [ 137.407020667227982, 35.238744333570338 ], [ 137.406909139166288, 35.238742138637321 ], [ 137.406816527678927, 35.238743833195109 ], [ 137.406745000199237, 35.238745249766659 ], [ 137.406716306213156, 35.238737916721298 ], [ 137.406692527617452, 35.238720306292997 ], [ 137.40669213878644, 35.238705138668777 ], [ 137.406737360813452, 35.238647639531585 ], [ 137.406763221887843, 35.238631361120682 ], [ 137.406794527685577, 35.238622027732674 ], [ 137.406826693921687, 35.238618806567118 ], [ 137.406855277902338, 35.238617555629034 ], [ 137.406880056349223, 35.238607417239209 ], [ 137.406903305611962, 35.238592221816361 ], [ 137.406931388577846, 35.238571443503197 ], [ 137.406961110733306, 35.238553806434545 ], [ 137.406976889430439, 35.238539888590132 ], [ 137.406992527625619, 35.238514889519223 ], [ 137.407002999923066, 35.238491610488175 ], [ 137.407020638909756, 35.238469416761738 ], [ 137.407022889119474, 35.238451000173342 ], [ 137.407027999469932, 35.238433610975754 ], [ 137.407051778065636, 35.238416417526807 ], [ 137.40708361101801, 35.23840283326588 ], [ 137.407111138511027, 35.238390889123771 ], [ 137.4071420282487, 35.238391278304505 ], [ 137.407164556485839, 35.238388721989374 ], [ 137.407306500499487, 35.238278999662171 ], [ 137.407477833384888, 35.238105027765243 ], [ 137.407579528487503, 35.237979638596862 ], [ 137.407644832492679, 35.237880694027837 ], [ 137.407668193939145, 35.237824750455317 ], [ 137.407680971993585, 35.237768221953409 ], [ 137.40769247246044, 35.237750611525108 ], [ 137.407714277493682, 35.237737221854552 ], [ 137.407757388723752, 35.237712806554747 ], [ 137.407791166920362, 35.237684528404479 ], [ 137.407819416528127, 35.237616417142576 ], [ 137.407836999967543, 35.237547583116445 ], [ 137.407842138636198, 35.237503582527758 ], [ 137.407868221899776, 35.237439888930517 ], [ 137.407898583393603, 35.237374028198886 ], [ 137.407893917421461, 35.23732527752032 ], [ 137.407895860487372, 35.237241610611733 ], [ 137.407921027765241, 35.237093721932055 ], [ 137.407943832649664, 35.236960443745843 ], [ 137.407975360636556, 35.236846443905371 ], [ 137.408003111407908, 35.236796361209407 ], [ 137.408048360663969, 35.236721111492514 ], [ 137.408109528029968, 35.236481110913935 ], [ 137.408120471934751, 35.236360749821671 ], [ 137.408137833185009, 35.236212056140168 ], [ 137.408196388739327, 35.236063027716902 ], [ 137.408285805713092, 35.235796389106874 ], [ 137.408333333497126, 35.235710610661144 ], [ 137.408333555686255, 35.23571022148041 ], [ 137.408362638503348, 35.235657778217956 ], [ 137.408380861281131, 35.235654860520711 ], [ 137.408641888876701, 35.23561277803708 ], [ 137.408729111188023, 35.235600778297723 ], [ 137.408766666600201, 35.235599360567896 ], [ 137.408811833079909, 35.23559900034406 ], [ 137.408854139418906, 35.23559972195001 ], [ 137.40890016742614, 35.235602888676596 ], [ 137.408954471979229, 35.235613666434773 ], [ 137.409008888716073, 35.235625749570005 ], [ 137.409104028149585, 35.235658722212897 ], [ 137.409190166744224, 35.235696305952544 ], [ 137.40925541738045, 35.235722416968414 ], [ 137.409307555589322, 35.235749082798485 ], [ 137.40936144408235, 35.235766833378186 ], [ 137.409425250489079, 35.235789332889482 ], [ 137.40946563881289, 35.235810332433367 ], [ 137.409542693792275, 35.235858860722935 ], [ 137.409614443461123, 35.235896388865335 ], [ 137.409674306010459, 35.2359273889642 ], [ 137.409752138651868, 35.236022221653421 ], [ 137.409781278105413, 35.236032361201531 ], [ 137.409865388679464, 35.23608897194103 ], [ 137.409887610861944, 35.236098499919407 ], [ 137.409920055923664, 35.236109056446871 ], [ 137.409943277957325, 35.236118221884858 ], [ 137.409966055612699, 35.236128528224704 ], [ 137.409992138876248, 35.236145528241558 ], [ 137.410007583200496, 35.236165860618463 ], [ 137.410026110943761, 35.236191138833881 ], [ 137.410054971571697, 35.236216693877275 ], [ 137.410085361383778, 35.236236193453735 ], [ 137.410119055714887, 35.236256778334806 ], [ 137.410145805545881, 35.236278360491511 ], [ 137.410165639194986, 35.236298417198725 ], [ 137.410192528438813, 35.236325666799907 ], [ 137.410220611404696, 35.236348138512582 ], [ 137.410250111370999, 35.236368194061519 ], [ 137.410290639107643, 35.236395055640237 ], [ 137.410332917128386, 35.236422916811144 ], [ 137.410374306392555, 35.236449332453596 ], [ 137.410414693627217, 35.236473333090593 ], [ 137.410456193985965, 35.23649622178263 ], [ 137.410494805885747, 35.236515277739379 ], [ 137.410545639277956, 35.236536972248857 ], [ 137.4107731391843, 35.236670193679551 ], [ 137.410779166609586, 35.236700666762836 ], [ 137.410967249725047, 35.236809082554714 ], [ 137.411086777685284, 35.236877000384524 ], [ 137.411203139450123, 35.23695508324451 ], [ 137.411246917247666, 35.236966361377924 ], [ 137.411263944125011, 35.236972194455859 ], [ 137.411281000409787, 35.236979167277383 ], [ 137.411304777916314, 35.236994083555707 ], [ 137.411332971976776, 35.237012778130349 ], [ 137.411355860726729, 35.237030499753146 ], [ 137.411384833538392, 35.237053888820419 ], [ 137.411419749909811, 35.23708147200508 ], [ 137.411449500383497, 35.237105139058585 ], [ 137.411477138971094, 35.237129416523551 ], [ 137.4115083325851, 35.237159917405457 ], [ 137.411535444018057, 35.237185999464423 ], [ 137.411570888633292, 35.237213332461472 ], [ 137.411605139526415, 35.237235888728293 ], [ 137.411637832917194, 35.237255556254773 ], [ 137.411677666857287, 35.237281083499539 ], [ 137.411708944336823, 35.237302472224158 ], [ 137.411739999627173, 35.237327472453337 ], [ 137.411772943525307, 35.237355443660462 ], [ 137.41179794416135, 35.237374306185124 ], [ 137.411841972466249, 35.237400917576224 ], [ 137.411878944087306, 35.237421027564139 ], [ 137.411919222405714, 35.237445833202955 ], [ 137.411957333290758, 35.237473056163779 ], [ 137.411991583094732, 35.237501028529181 ], [ 137.412033332871687, 35.237537277934877 ], [ 137.412071110472993, 35.237568278033741 ], [ 137.41210613902814, 35.237594083264746 ], [ 137.412146971730266, 35.237618527521448 ], [ 137.4121944995143, 35.237644221557957 ], [ 137.412237750157175, 35.237661806504185 ], [ 137.41227433294722, 35.237664417258294 ], [ 137.412467806327896, 35.237807277861855 ], [ 137.412482111388186, 35.237816527853994 ], [ 137.412570306321612, 35.237873861357713 ], [ 137.412723360881927, 35.237983443533523 ], [ 137.412733999821228, 35.237980611548707 ], [ 137.412881583518299, 35.238091917239203 ], [ 137.41305283253817, 35.238227500394657 ], [ 137.413179277769444, 35.23833344442555 ], [ 137.413322416594355, 35.238434361538602 ], [ 137.413512249993971, 35.238564610833073 ], [ 137.413751721974535, 35.238730778266309 ], [ 137.4138925561316, 35.238832083401824 ], [ 137.413912667517138, 35.238829693878436 ], [ 137.414003555949449, 35.238874332677199 ], [ 137.414089027976644, 35.238943999503775 ], [ 137.414091332644489, 35.238945888651926 ], [ 137.414101139463639, 35.238953888864259 ], [ 137.414124861422891, 35.238962667438066 ], [ 137.414127972070986, 35.238963860462341 ], [ 137.414151971766671, 35.238972805827892 ], [ 137.414188028491225, 35.238981138465434 ], [ 137.414224777923152, 35.238995028511226 ], [ 137.414252278187121, 35.23901255554366 ], [ 137.414279944003766, 35.239037194390733 ], [ 137.414315972410122, 35.239068582512054 ], [ 137.414359582476607, 35.239103638893475 ], [ 137.41439472212636, 35.239133139024915 ], [ 137.414435027673818, 35.239164166922407 ], [ 137.414484916762149, 35.239198139157487 ], [ 137.414526750404605, 35.239227693727898 ], [ 137.414574194323109, 35.23925888957541 ], [ 137.414625943700969, 35.239291861060025 ], [ 137.414673056514061, 35.239320972010731 ], [ 137.414719416715883, 35.239350527739425 ], [ 137.414762778453337, 35.239377471555734 ], [ 137.414804082762799, 35.239407861243151 ], [ 137.414830943688401, 35.239424388683389 ], [ 137.414878777527065, 35.239437500367714 ], [ 137.414882832479037, 35.239438722348893 ], [ 137.414917138919463, 35.239442972063536 ], [ 137.414955722501048, 35.239449555704319 ], [ 137.414959139203802, 35.239451806234591 ], [ 137.414961889339111, 35.239454139002454 ], [ 137.41496474947985, 35.23945802849326 ], [ 137.414966750271361, 35.239462443841369 ], [ 137.414971306238073, 35.239480277816945 ], [ 137.41498341663592, 35.239493777523727 ], [ 137.414991027703479, 35.239499417169569 ], [ 137.415003139190475, 35.239503555689716 ], [ 137.415014000318934, 35.23950561047134 ], [ 137.41501830577829, 35.239505860658959 ], [ 137.415023471676022, 35.239508193426822 ], [ 137.415029306319525, 35.239511083325439 ], [ 137.415048250122908, 35.239524000419394 ], [ 137.415066639542545, 35.239538139494528 ], [ 137.415081528393927, 35.239554500143022 ], [ 137.415095194115821, 35.239569082837868 ], [ 137.415104250501997, 35.239587721815255 ], [ 137.415110443479961, 35.239599333532155 ], [ 137.41512847238684, 35.239644471547876 ], [ 137.415131278069424, 35.239655888674406 ], [ 137.415132249602379, 35.239657805621185 ], [ 137.415136472285411, 35.239667889572047 ], [ 137.41514036059553, 35.239685361007226 ], [ 137.415139055778837, 35.239689972103982 ], [ 137.415137249947435, 35.239707889475426 ], [ 137.415136167319901, 35.239711611016219 ], [ 137.415130806462088, 35.239725306471641 ], [ 137.415129749974454, 35.239733249928449 ], [ 137.415130000481838, 35.239741999545352 ], [ 137.41513222237333, 35.239748556545791 ], [ 137.415135861265242, 35.239754972236554 ], [ 137.415174332663071, 35.239797694088537 ], [ 137.415207388744932, 35.239830722328676 ], [ 137.415232443839074, 35.239862110449998 ], [ 137.415245944008262, 35.239895722461242 ], [ 137.415254749887083, 35.239936806510961 ], [ 137.415262667009301, 35.239973193751503 ], [ 137.415273417043181, 35.240010139281075 ], [ 137.415289832900385, 35.24005399971837 ], [ 137.415306889185132, 35.24010013848455 ], [ 137.415327361083484, 35.240146861021842 ], [ 137.415341972198405, 35.240186694133477 ], [ 137.415349527718661, 35.240207750432887 ], [ 137.415369305820519, 35.2402100565604 ], [ 137.415385943866852, 35.240223916491018 ], [ 137.415397750388365, 35.240242722260149 ], [ 137.415403222340757, 35.240270583431055 ], [ 137.415410333482725, 35.240300305951493 ], [ 137.415424917368597, 35.240321472287114 ], [ 137.41544416722661, 35.240335750355371 ], [ 137.415458332874096, 35.240332832658126 ], [ 137.415472167416169, 35.240324333228834 ], [ 137.4154877783823, 35.240329443542549 ], [ 137.415510167206634, 35.240356805496496 ], [ 137.415530277503024, 35.240389472354522 ], [ 137.415547167145917, 35.240414332432309 ], [ 137.415573361504045, 35.240431027822574 ], [ 137.415603944097882, 35.240447916644932 ], [ 137.415636694125112, 35.240456306037999 ], [ 137.415642000524798, 35.240455777864142 ], [ 137.415653750409859, 35.240452694533431 ], [ 137.415662861254162, 35.240450944378395 ], [ 137.415673528511689, 35.24045175053849 ], [ 137.415682971550552, 35.24045316711004 ], [ 137.415721278484853, 35.240472638887873 ], [ 137.415740860537426, 35.240482806234603 ], [ 137.415755499970601, 35.240488528118043 ], [ 137.415779277477128, 35.24050497216242 ], [ 137.415783027463618, 35.240510028037157 ], [ 137.41578422227488, 35.240511721436668 ], [ 137.415786888544687, 35.240515417495381 ], [ 137.415802110679778, 35.240536139053027 ], [ 137.415804306431397, 35.240538360626395 ], [ 137.415810249991154, 35.240540333170422 ], [ 137.415820582875796, 35.240542860528649 ], [ 137.415827082997595, 35.24054544348413 ], [ 137.415831472322452, 35.240545806024521 ], [ 137.41583938944467, 35.240544250459855 ], [ 137.415852556330123, 35.240539639363099 ], [ 137.415859361417432, 35.240539611564472 ], [ 137.415867832923368, 35.240540583358033 ], [ 137.415893555674131, 35.240545860463492 ], [ 137.415915777856611, 35.240552306269436 ], [ 137.415921278127229, 35.240555444039117 ], [ 137.415926778397875, 35.240560028495523 ], [ 137.415933832903363, 35.24056919393351 ], [ 137.415941221781765, 35.240578667472917 ], [ 137.415946833146961, 35.240581888638474 ], [ 137.415954777498257, 35.240584500550852 ], [ 137.415972778086882, 35.240585722532032 ], [ 137.416002583018695, 35.240591500012719 ], [ 137.416028556276842, 35.240600916796602 ], [ 137.4160459175271, 35.240605832519947 ], [ 137.416079444127149, 35.240607860661221 ], [ 137.416105360748844, 35.24060833323783 ], [ 137.416142500100932, 35.240604305912179 ], [ 137.416167333005944, 35.24060550009473 ], [ 137.416213056047695, 35.240612000339645 ], [ 137.416254166486254, 35.240617056214383 ], [ 137.416260333324317, 35.240617666625838 ], [ 137.416262972365075, 35.240617833417581 ], [ 137.416291972405787, 35.240616971660238 ], [ 137.416302278061352, 35.240614694489622 ], [ 137.416303500101691, 35.240614249711633 ], [ 137.416331806345909, 35.240605971513062 ], [ 137.41633894362775, 35.240604693934635 ], [ 137.416343778420099, 35.240604860726378 ], [ 137.41635016744732, 35.240606471888299 ], [ 137.41635280648805, 35.240608194244707 ], [ 137.416357110858257, 35.240612055936893 ], [ 137.416369693952618, 35.240628972557872 ], [ 137.416384249520263, 35.240645083018755 ], [ 137.416390306352923, 35.240648499932959 ], [ 137.416396443783611, 35.240651082888434 ], [ 137.416403806522112, 35.24065233266824 ], [ 137.416410638838499, 35.24065233266824 ], [ 137.416418110493225, 35.24065105624809 ], [ 137.416425556008079, 35.240647443585246 ], [ 137.416435306190778, 35.240639388933943 ], [ 137.416449917305727, 35.240632777494532 ], [ 137.416452861311967, 35.240626833222102 ], [ 137.416464028495085, 35.240618944204265 ], [ 137.416478860709987, 35.240613416911195 ], [ 137.416498056109901, 35.240607806222251 ], [ 137.416512556130272, 35.240606139463083 ], [ 137.41652738943435, 35.240604305912179 ], [ 137.416534638899947, 35.240601944187411 ], [ 137.416539805886856, 35.240599250037434 ], [ 137.416546360466782, 35.240591832437936 ], [ 137.416556221744059, 35.240581082478379 ], [ 137.416567306150824, 35.240574222009627 ], [ 137.416579472095947, 35.240568056506483 ], [ 137.416588360751092, 35.240565250003733 ], [ 137.416597250495414, 35.240564417203288 ], [ 137.416603528428084, 35.240565027614743 ], [ 137.416613528028989, 35.240568083146826 ], [ 137.416620582534506, 35.240571666852773 ], [ 137.416620805812812, 35.240571861443144 ], [ 137.416632833434306, 35.240587971904027 ], [ 137.416650721839204, 35.240617750021705 ], [ 137.416657028090071, 35.240633693690846 ], [ 137.416666667178191, 35.240666028123663 ], [ 137.416666889367349, 35.240666806485137 ], [ 137.416668471920474, 35.240672082432319 ], [ 137.416676582913595, 35.240701806111026 ], [ 137.416678361515949, 35.240714610852208 ], [ 137.416679499690787, 35.24072541756729 ], [ 137.416680943920255, 35.240728944517706 ], [ 137.416683694055564, 35.240731278443846 ], [ 137.416686667469179, 35.240732693857119 ], [ 137.416690194177363, 35.240733500017214 ], [ 137.416703583251973, 35.24073113945073 ], [ 137.416720722313073, 35.240726250367729 ], [ 137.416780861509665, 35.240703306078451 ], [ 137.416843638657838, 35.24068272235565 ], [ 137.41688458354372, 35.240665694540176 ], [ 137.416903860630811, 35.24068627826297 ], [ 137.416921361293845, 35.240713722454515 ], [ 137.416951056220256, 35.240743971990533 ], [ 137.417108333463574, 35.241006777865273 ], [ 137.417200889403659, 35.241160278392179 ], [ 137.417215583294961, 35.241226055727942 ], [ 137.417232277977746, 35.241219444288532 ], [ 137.417239889045305, 35.241233388773296 ], [ 137.417265750119697, 35.241276167380803 ], [ 137.41727413884928, 35.24129011070729 ], [ 137.417275249795011, 35.241292027654069 ], [ 137.417309693469917, 35.241348443803204 ], [ 137.417310694410276, 35.24135016731789 ], [ 137.417311917539763, 35.241352222099515 ], [ 137.417320306269318, 35.241406027494541 ], [ 137.417327055809324, 35.24142313870589 ], [ 137.417319500289068, 35.241464999958808 ], [ 137.417325972092641, 35.241500388765438 ], [ 137.417358861532648, 35.241539443515606 ], [ 137.417405889391091, 35.241576222253435 ], [ 137.417490999816323, 35.241632027991109 ], [ 137.417548277783027, 35.241666471644521 ], [ 137.417548611066763, 35.241666667393169 ], [ 137.417576500161744, 35.241666667393169 ], [ 137.417576166878007, 35.241666471644521 ], [ 137.417500943869953, 35.241621278031559 ], [ 137.417416722201324, 35.241566028266355 ], [ 137.41737144353786, 35.241530582704208 ], [ 137.417347610484029, 35.241492249559982 ], [ 137.417354638849645, 35.24145833292215 ], [ 137.417361527802456, 35.241414611477978 ], [ 137.417355778113631, 35.241397222280391 ], [ 137.417342860646386, 35.241344056253716 ], [ 137.417340221605627, 35.241339556351456 ], [ 137.417339110659896, 35.241337639404676 ], [ 137.417305471876062, 35.241280944111026 ], [ 137.417303972099319, 35.241278416752799 ], [ 137.417297917444984, 35.241268055973975 ], [ 137.417271193753862, 35.2412230557931 ], [ 137.417258167370363, 35.241204138829467 ], [ 137.417278556492363, 35.24119427842588 ], [ 137.417226000045105, 35.2411486944739 ], [ 137.417133361328666, 35.240998888847443 ], [ 137.416978499847772, 35.24073238923053 ], [ 137.416962971657995, 35.240708805572893 ], [ 137.416943472381774, 35.240669167051621 ], [ 137.416937361090987, 35.240645388803621 ], [ 137.4169427219488, 35.240643306223369 ], [ 137.417010110610988, 35.240613582544661 ], [ 137.417077806417012, 35.240584055772871 ], [ 137.417126750112288, 35.240559889502407 ], [ 137.417170832875314, 35.240538167194302 ], [ 137.41721186053752, 35.240513917527963 ], [ 137.417251805572221, 35.240494555786348 ], [ 137.41730730602572, 35.240460555752641 ], [ 137.417364333485068, 35.240427444116634 ], [ 137.417398638836318, 35.240404360834226 ], [ 137.417422443571922, 35.24038755656602 ], [ 137.417423639472361, 35.240386917197668 ], [ 137.41743736074153, 35.24037861120047 ], [ 137.417644944222388, 35.240250805868357 ], [ 137.417702193870895, 35.240212471565862 ], [ 137.417765138750099, 35.24016949952626 ], [ 137.417824000359076, 35.240125027519241 ], [ 137.417888556109602, 35.240077221993893 ], [ 137.417997416812312, 35.239993610682554 ], [ 137.418106721893338, 35.23991333288955 ], [ 137.41812161074472, 35.239898693439187 ], [ 137.418132777927838, 35.239887333068175 ], [ 137.418139027542253, 35.23987774949255 ], [ 137.418144472265595, 35.239867638901352 ], [ 137.418161500232117, 35.239831193747008 ], [ 137.418176582954402, 35.239800499433009 ], [ 137.418170722170998, 35.239792582616545 ], [ 137.418164305914701, 35.239778277907945 ], [ 137.418162860596084, 35.23976763914289 ], [ 137.418163028327086, 35.239756110821858 ], [ 137.418170360569036, 35.239713805949236 ], [ 137.418179139218807, 35.239671861300451 ], [ 137.418189889252687, 35.239632278376426 ], [ 137.418202193521438, 35.239596832814271 ], [ 137.418206693940874, 35.239589056149207 ], [ 137.418212917415417, 35.239579500372209 ], [ 137.418230777502089, 35.239559278031521 ], [ 137.418251888738837, 35.239535167358305 ], [ 137.418294611137895, 35.239490167177429 ], [ 137.418337000253217, 35.239445999796999 ], [ 137.418361888705505, 35.239426832645755 ], [ 137.41838402811166, 35.239407943480742 ], [ 137.418392444070292, 35.239398750244135 ], [ 137.418401083307231, 35.239386750504771 ], [ 137.418420667538157, 35.23935397245225 ], [ 137.418440777834547, 35.239322556532301 ], [ 137.418454582969247, 35.239307750290195 ], [ 137.418471777577622, 35.239290222099484 ], [ 137.418510667213837, 35.239255443704309 ], [ 137.418546943949224, 35.23922399998574 ], [ 137.418563832502969, 35.239216832573845 ], [ 137.418584583226902, 35.23920761153861 ], [ 137.418617805950646, 35.239189417339205 ], [ 137.418650721530554, 35.239170943995283 ], [ 137.418657194423304, 35.239165527896702 ], [ 137.418660582807831, 35.239160110639851 ], [ 137.418659555727601, 35.239155443945847 ], [ 137.418657138876, 35.239150305833512 ], [ 137.418646555484003, 35.239137777920298 ], [ 137.418637611281554, 35.239122832685069 ], [ 137.418637582963328, 35.239117694572734 ], [ 137.418639111058297, 35.239111110931951 ], [ 137.418641499591672, 35.239106082855834 ], [ 137.418646111105687, 35.239098944400844 ], [ 137.418653860496875, 35.239087833059173 ], [ 137.418660555578782, 35.239081610800504 ], [ 137.418661777619093, 35.239087916455048 ], [ 137.418666527456764, 35.239092583149052 ], [ 137.418668055551763, 35.239091583556863 ], [ 137.418672221598314, 35.239089249630723 ], [ 137.418680889153478, 35.239082277967483 ], [ 137.418689082922981, 35.239073971970285 ], [ 137.418692805680394, 35.239063777983205 ], [ 137.418700556160758, 35.239052056230086 ], [ 137.418718555660234, 35.239040555707682 ], [ 137.418733555606167, 35.23902708264125 ], [ 137.418742972505157, 35.239016082494082 ], [ 137.418750639119992, 35.239006416680859 ], [ 137.418754917350299, 35.239002610585921 ], [ 137.418759832740648, 35.239000805991914 ], [ 137.418762582875956, 35.239001082819883 ], [ 137.418765778478729, 35.239001610993739 ], [ 137.418768083146574, 35.239003666933634 ], [ 137.418769528465219, 35.239006110895993 ], [ 137.418768471977586, 35.239016028055111 ], [ 137.418770806052834, 35.239023693525674 ], [ 137.418773221815258, 35.239023778079826 ], [ 137.418776278005225, 35.239023222107342 ], [ 137.418794056404721, 35.239015167456039 ], [ 137.418818305518613, 35.239004193949214 ], [ 137.418827860741231, 35.238998861246515 ], [ 137.41883608282896, 35.238993000369952 ], [ 137.418847138917499, 35.238981056227843 ], [ 137.418860805728542, 35.238965166997673 ], [ 137.4188692500054, 35.238951999716107 ], [ 137.418879306242758, 35.238937278028146 ], [ 137.418889916863833, 35.238927082882789 ], [ 137.418904388565977, 35.238914778516843 ], [ 137.418972694302994, 35.238863166896557 ], [ 137.418993305614151, 35.238848694237937 ], [ 137.419028861323966, 35.238825471962414 ], [ 137.41909833246487, 35.238780055960454 ], [ 137.419189472493713, 35.238655916571879 ], [ 137.419172111243455, 35.238646417550406 ], [ 137.419157360715701, 35.238638332783921 ], [ 137.419111889270511, 35.238613443749237 ], [ 137.419037527789982, 35.238657943554877 ], [ 137.41903258299223, 35.238658221541122 ], [ 137.419028639134808, 35.238656250155366 ], [ 137.419023443829673, 35.238650778459544 ], [ 137.419023527695202, 35.238645721426529 ], [ 137.419090806351988, 35.238584833173761 ], [ 137.419102416824245, 35.23857372183209 ], [ 137.419130333148274, 35.23853849981721 ], [ 137.419156583053677, 35.238500778242717 ], [ 137.419187333378545, 35.238455889256336 ], [ 137.419180611067588, 35.238452305550389 ], [ 137.419175444080707, 35.238449443450399 ], [ 137.419117999472121, 35.238426305729021 ], [ 137.419072250290469, 35.238406832792911 ], [ 137.419001056094487, 35.238377860835321 ], [ 137.418975249478223, 35.23836883323218 ], [ 137.418968277749059, 35.238366389269814 ], [ 137.418933305830336, 35.238354111544218 ], [ 137.418865528337136, 35.238325333018722 ], [ 137.418861503881686, 35.238323721856801 ], [ 137.418800999815659, 35.238433000564299 ], [ 137.41856899948985, 35.238766000281196 ], [ 137.418441534802497, 35.238948188988061 ], [ 137.418438889226763, 35.238960832728878 ], [ 137.41843566748409, 35.238987610911721 ], [ 137.418436167409681, 35.23900472212307 ], [ 137.418437194489911, 35.239019500566556 ], [ 137.418436332962386, 35.239025556033482 ], [ 137.418433611145304, 35.239030860937561 ], [ 137.418427361530888, 35.239035943452649 ], [ 137.41841794354275, 35.239041805487489 ], [ 137.418379972070511, 35.239057943747 ], [ 137.418347503047215, 35.239074763072793 ], [ 137.418238999589789, 35.239201999691389 ], [ 137.417763999486112, 35.239758999562206 ], [ 137.417716999945924, 35.239812999547603 ], [ 137.417380999849627, 35.240129000405922 ], [ 137.417078000287944, 35.240323000053159 ], [ 137.416807000320517, 35.240402000267743 ], [ 137.416536000353062, 35.240402000267743 ], [ 137.416243000392285, 35.240357999679055 ], [ 137.41619677851412, 35.240330235803334 ], [ 137.416181639155383, 35.240330527688883 ], [ 137.416173944222322, 35.240321361092619 ], [ 137.416172868129763, 35.240315873180933 ], [ 137.415950000431536, 35.240181999640853 ], [ 137.415891239025484, 35.240144872261951 ], [ 137.415881777470844, 35.240144111274617 ], [ 137.415870138680361, 35.240142056492992 ], [ 137.415860444044966, 35.240138749615014 ], [ 137.415850860504122, 35.240133971726515 ], [ 137.415817416680397, 35.240112694196391 ], [ 137.415790224649413, 35.240081046621242 ], [ 137.415748999848802, 35.240055000468836 ], [ 137.415711999909519, 35.240031999424026 ], [ 137.415344000218994, 35.23959300007899 ], [ 137.415203000509223, 35.239385999941923 ], [ 137.415051000258217, 35.23916199978801 ], [ 137.414823000426281, 35.238925000302544 ], [ 137.414628000039755, 35.238730999497029 ], [ 137.414455999497761, 35.238573000226147 ], [ 137.414151000233716, 35.238292000151993 ], [ 137.41354400017002, 35.237940000075589 ], [ 137.412557999874537, 35.237298000120518 ], [ 137.411387999733762, 35.236497999736287 ], [ 137.41029300041194, 35.235812000350805 ], [ 137.409338999710712, 35.235215000576609 ], [ 137.408927999884668, 35.234906999930622 ], [ 137.408634999923891, 35.234810000107004 ], [ 137.408417999544042, 35.234801000302483 ], [ 137.408201000253371, 35.234810000107004 ], [ 137.407995000414758, 35.234881000109247 ], [ 137.407734999899418, 35.235011999966574 ], [ 137.40763800017632, 35.23515300037888 ], [ 137.407567999702451, 35.235323000547403 ], [ 137.407551000054156, 35.235364000042971 ], [ 137.4075459997091, 35.235853999438561 ], [ 137.407539999512892, 35.236497999736287 ], [ 137.407539999512892, 35.237051999672261 ], [ 137.407507999918636, 35.237263000494629 ], [ 137.407355999667629, 35.237491999767762 ], [ 137.407084999700203, 35.237738000216019 ], [ 137.406738000151847, 35.237993000468798 ], [ 137.406412999507637, 35.238169000507 ], [ 137.406055000507195, 35.238283000347472 ], [ 137.405821000479051, 35.238355999534093 ], [ 137.405686999727521, 35.238397000187945 ], [ 137.405393999766744, 35.238431999813834 ], [ 137.405156000333875, 35.238405999992466 ], [ 137.404764999709698, 35.238352999599257 ], [ 137.404448999904389, 35.238295999679018 ], [ 137.404375000025823, 35.238283000347472 ], [ 137.404136999503805, 35.238283000347472 ], [ 137.403980999848102, 35.238321999500393 ], [ 137.403757000510012, 35.238380000171091 ], [ 137.403421000413744, 35.238536999849785 ], [ 137.403004000391519, 35.238809999711606 ], [ 137.402977000053141, 35.238828000478925 ], [ 137.402575999828031, 35.239197000572176 ], [ 137.401557000087109, 35.240646999965534 ], [ 137.401264000126332, 35.241130999491446 ], [ 137.401228999889412, 35.241192000096987 ], [ 137.401146000261093, 35.241339000378979 ], [ 137.401003999610992, 35.241587999603802 ], [ 137.400841999759052, 35.241720000211586 ], [ 137.400744000184801, 35.241754999837482 ], [ 137.400440999533942, 35.241763999642004 ], [ 137.39974700043723, 35.241623000387968 ], [ 137.398857999864816, 35.241280999708273 ], [ 137.397969000381579, 35.240973000220563 ], [ 137.397137999890646, 35.240589000453113 ], [ 137.397113000343779, 35.240576999555479 ], [ 137.396386999474487, 35.240269000067762 ], [ 137.395444000403643, 35.239979000189095 ], [ 137.394912999920848, 35.239846999581303 ], [ 137.394707000082263, 35.239839000527247 ], [ 137.39448000010151, 35.239856000544101 ], [ 137.393340999703838, 35.240013999814984 ], [ 137.392756999484618, 35.240024999962159 ], [ 137.392409000085081, 35.240031999424026 ], [ 137.391532999756294, 35.24005899999586 ], [ 137.391282000079826, 35.240067000208192 ], [ 137.391055999950254, 35.240069000550847 ], [ 137.390953000030947, 35.240070000143035 ], [ 137.390822017348711, 35.240071284671117 ], [ 137.390805694070309, 35.240240055908799 ], [ 137.390784777793669, 35.240452167517851 ], [ 137.390783500206055, 35.240464527481045 ], [ 137.390751943900938, 35.24078869418517 ], [ 137.390765028010037, 35.240789582582863 ], [ 137.390760167077815, 35.240831471634401 ], [ 137.390773305645041, 35.240829971666983 ], [ 137.390814944327417, 35.240829999465603 ], [ 137.390866833118082, 35.240835110937596 ], [ 137.390941472335044, 35.24084805583017 ], [ 137.391061027524358, 35.240852249947565 ], [ 137.391146721740682, 35.24085163953611 ], [ 137.391229111438008, 35.24084002781921 ], [ 137.391253693835637, 35.240830972417442 ], [ 137.391274417330521, 35.240819944471646 ], [ 137.391294167114125, 35.24080369385937 ], [ 137.391311028438793, 35.240788221608561 ], [ 137.391333860552265, 35.240779278559565 ], [ 137.391360000452266, 35.240778138815983 ], [ 137.391388056189101, 35.240787555599859 ], [ 137.391409610714987, 35.24079652760576 ], [ 137.391429528229622, 35.240802082697449 ], [ 137.39145116662101, 35.240806639355235 ], [ 137.391480639358264, 35.240812806016663 ], [ 137.391508333493135, 35.240816527557449 ], [ 137.391529527506236, 35.240812889412531 ], [ 137.391552944499978, 35.240811139257495 ], [ 137.391574249607658, 35.240815416770765 ], [ 137.391595055878895, 35.240824666762897 ], [ 137.391605971465452, 35.240837806245843 ], [ 137.391603027459212, 35.240844943542555 ], [ 137.391597999885136, 35.240854139095717 ], [ 137.391641555493493, 35.240875693453802 ], [ 137.391666667224086, 35.240899528457334 ], [ 137.391666889413244, 35.240899721889427 ], [ 137.391699944405957, 35.240931111169026 ], [ 137.391788917001435, 35.240961583094034 ], [ 137.391876528143769, 35.240969916889853 ], [ 137.392009888467754, 35.240964249445383 ], [ 137.392140861347542, 35.240960750293588 ], [ 137.392231500361618, 35.240954639229415 ], [ 137.392324999516433, 35.240960333314227 ], [ 137.392401971719465, 35.240973082458162 ], [ 137.392471583362322, 35.240994222153439 ], [ 137.392501167194155, 35.241006972455644 ], [ 137.392538389322596, 35.240998972243311 ], [ 137.392572110882753, 35.240996832907541 ], [ 137.392612027599228, 35.241002889532744 ], [ 137.392646332950477, 35.241010667356086 ], [ 137.392690083518943, 35.241020138578939 ], [ 137.392740222025481, 35.241033556048123 ], [ 137.392784222012153, 35.241049167292047 ], [ 137.392827999809668, 35.241069916648314 ], [ 137.392844389526971, 35.241075139314795 ], [ 137.392862860633812, 35.241081027989978 ], [ 137.39290772214801, 35.241089306188549 ], [ 137.39294188917566, 35.241089694211013 ], [ 137.392980111155254, 35.241082249971157 ], [ 137.393013472202625, 35.241064055771751 ], [ 137.393041332979379, 35.241048583520943 ], [ 137.393070193607315, 35.241035638628368 ], [ 137.393114861250609, 35.241023306463795 ], [ 137.393146832526611, 35.24101658267162 ], [ 137.39318424961516, 35.241003611138694 ], [ 137.393219721459445, 35.240990833037863 ], [ 137.393259999777854, 35.240977611317319 ], [ 137.393303693709868, 35.240967610762333 ], [ 137.393340721967377, 35.240966638968771 ], [ 137.393384250346713, 35.2409699724871 ], [ 137.393425917347287, 35.240975306348084 ], [ 137.39347538928638, 35.240983249804891 ], [ 137.393515610968336, 35.240990638447492 ], [ 137.393561250144586, 35.240999222430929 ], [ 137.393604888529296, 35.241010944184048 ], [ 137.393649443988835, 35.24102555583579 ], [ 137.393688583043286, 35.241036471428814 ], [ 137.393730694422175, 35.241048277736077 ], [ 137.393775000463535, 35.241061000239661 ], [ 137.393815917031162, 35.241071222025361 ], [ 137.393858360604611, 35.241079778210178 ], [ 137.393898138997457, 35.241086388491311 ], [ 137.393937417464684, 35.241098667375184 ], [ 137.393970416910122, 35.241112028088843 ], [ 137.394000305707436, 35.241118000159901 ], [ 137.394024249855846, 35.241113806042506 ], [ 137.394050972457762, 35.241118556132378 ], [ 137.394078444403505, 35.241127416943783 ], [ 137.394109472464805, 35.241134583197393 ], [ 137.394137139370628, 35.241133805994195 ], [ 137.394174082673487, 35.241140583067072 ], [ 137.3942169717144, 35.241148249695918 ], [ 137.394254777633932, 35.241152221424322 ], [ 137.394295555877932, 35.241157028269718 ], [ 137.394329944005563, 35.241156861477975 ], [ 137.39444400001338, 35.241162333173797 ], [ 137.394606139278125, 35.241181943944753 ], [ 137.394646138770923, 35.241188638780038 ], [ 137.394667472196801, 35.241195278018068 ], [ 137.394679944196611, 35.241211110492713 ], [ 137.394696167272031, 35.241235778296684 ], [ 137.394714139542458, 35.241261249944202 ], [ 137.394744111116125, 35.241292111049944 ], [ 137.394770443797881, 35.241316056089694 ], [ 137.394809722265137, 35.241337971829886 ], [ 137.394856916765406, 35.241354999645367 ], [ 137.39489847158228, 35.241365917554937 ], [ 137.394945332798841, 35.241377639308062 ], [ 137.394995999549167, 35.24138630552909 ], [ 137.395041611496339, 35.241394778318032 ], [ 137.395092194381164, 35.241403333344572 ], [ 137.395142750036939, 35.241408917393166 ], [ 137.395190000084511, 35.241415221889433 ], [ 137.395223305584608, 35.241410749785793 ], [ 137.395261611429731, 35.241399417213415 ], [ 137.395292888909239, 35.241384749964425 ], [ 137.395325889443825, 35.241363416837054 ], [ 137.395352750369398, 35.241340361353274 ], [ 137.395387055720676, 35.241307666696628 ], [ 137.39541827765288, 35.24127938854636 ], [ 137.395445694051347, 35.241255917241496 ], [ 137.395483528289105, 35.241229778427005 ], [ 137.395517666998501, 35.241216555548185 ], [ 137.395555860659897, 35.241206832979444 ], [ 137.395601999761709, 35.241205138421655 ], [ 137.395645750330175, 35.241209111308336 ], [ 137.395693111472326, 35.241209749518411 ], [ 137.395752138634009, 35.241212500423913 ], [ 137.395805528290595, 35.241217721932124 ], [ 137.395864556541454, 35.241222583216491 ], [ 137.395910499594038, 35.241227805882978 ], [ 137.395958749492763, 35.241234916539341 ], [ 137.396001111379036, 35.24125133278509 ], [ 137.39604083313543, 35.241276583201888 ], [ 137.396076611034374, 35.241298333308613 ], [ 137.396112582804278, 35.241311888612643 ], [ 137.396157666507634, 35.241320555991955 ], [ 137.396208333257988, 35.241325582909795 ], [ 137.396255694400111, 35.24132694388409 ], [ 137.396298861177485, 35.241323971747875 ], [ 137.396334667394683, 35.241319944422223 ], [ 137.396621250009986, 35.241254389475451 ], [ 137.396755306308819, 35.241253416523612 ], [ 137.39693844353738, 35.241316805494264 ], [ 137.397067278391177, 35.241335500068907 ], [ 137.397198278500042, 35.241314139142915 ], [ 137.397244860890993, 35.24130549956223 ], [ 137.397286943951684, 35.241311638425032 ], [ 137.397338556095065, 35.241337139029447 ], [ 137.397381278494123, 35.241369778088846 ], [ 137.397420472006701, 35.241395861306096 ], [ 137.397459833250281, 35.241403527934935 ], [ 137.397554000061689, 35.241401278562947 ], [ 137.397689610595421, 35.241412833524322 ], [ 137.397770943805085, 35.241461805433602 ], [ 137.397825444407431, 35.241497305434727 ], [ 137.3979142220428, 35.241536778322526 ], [ 137.398003444056485, 35.241575193704342 ], [ 137.39814875031476, 35.241635500502561 ], [ 137.398216056200624, 35.241652222533169 ], [ 137.398277000288317, 35.241642388769932 ], [ 137.398302388666195, 35.241637556442463 ], [ 137.398337639410499, 35.241637110506197 ], [ 137.39837802773431, 35.241651749956567 ], [ 137.398395971686512, 35.241666471644521 ], [ 137.398396222193895, 35.241666667393169 ], [ 137.398402806181196, 35.241672055693122 ], [ 137.398422638741152, 35.241698250104861 ], [ 137.398435805626633, 35.241728527439498 ], [ 137.398447528282617, 35.241751221541165 ], [ 137.398461639471975, 35.241767861334182 ], [ 137.398496971903455, 35.241793139549607 ], [ 137.398515916795986, 35.241808221461405 ], [ 137.398498388903874, 35.241848361516183 ], [ 137.3984730560733, 35.241906249834109 ], [ 137.398454666653635, 35.241948443512243 ], [ 137.39845775007268, 35.241984221499607 ], [ 137.398456305843212, 35.242017306495271 ], [ 137.398462528228549, 35.24203947242308 ], [ 137.39848808324831, 35.242028971492864 ], [ 137.398489083099463, 35.242028500074532 ], [ 137.398477305985352, 35.24198652762712 ], [ 137.398475333512067, 35.241950916431499 ], [ 137.39849683249065, 35.241913360490479 ], [ 137.398528639303152, 35.241857611508323 ], [ 137.398552083525971, 35.241816638653098 ], [ 137.398580639188395, 35.241813417487542 ], [ 137.398617888545886, 35.241813278494419 ], [ 137.398634167168609, 35.241815750255405 ], [ 137.398720082484942, 35.241771250449759 ], [ 137.398863082986225, 35.241754028043914 ], [ 137.398987806251569, 35.24179613948445 ], [ 137.399185944515239, 35.241880333408609 ], [ 137.399420693887208, 35.241899693991954 ], [ 137.399499389145319, 35.241867722099521 ], [ 137.399622194395505, 35.241859749685815 ], [ 137.399759805720748, 35.24191238869691 ], [ 137.39984247206533, 35.242003194060487 ], [ 137.399999999816032, 35.242042693588637 ], [ 137.400000222005161, 35.242042750344162 ], [ 137.400088250296761, 35.242064832876103 ], [ 137.400174639398756, 35.242119388833977 ], [ 137.400362638648716, 35.242156416601141 ], [ 137.400488000163307, 35.242111638809263 ] ], [ [ 137.415993916552679, 35.24052094363018 ], [ 137.415983582578889, 35.240518805452687 ], [ 137.415971805464778, 35.240515944510967 ], [ 137.415967193950763, 35.240512527596763 ], [ 137.415961667540216, 35.240503333201879 ], [ 137.415963694471628, 35.240488277930432 ], [ 137.415972694221381, 35.240481056079567 ], [ 137.4159799164579, 35.240474361244289 ], [ 137.415992667283291, 35.240472082915396 ], [ 137.416004750452061, 35.240474860461241 ], [ 137.416013778520039, 35.240481332907535 ], [ 137.416016000411531, 35.240487278338243 ], [ 137.416015694356872, 35.240493417201037 ], [ 137.416019222154205, 35.240500805843645 ], [ 137.416018582815838, 35.240504860967917 ], [ 137.416017611282882, 35.240508277882121 ], [ 137.416016083187884, 35.240511805990813 ], [ 137.416011693862998, 35.240515417495381 ], [ 137.415993916552679, 35.24052094363018 ] ] ], [ [ [ 137.419221000480576, 35.238264194578335 ], [ 137.419230306284987, 35.238249471732097 ], [ 137.419247110973203, 35.238216443491957 ], [ 137.419263721790486, 35.23818422257019 ], [ 137.419269972494078, 35.238177194151426 ], [ 137.41927544444647, 35.238172221672556 ], [ 137.41931327759508, 35.238149861154376 ], [ 137.419362693986869, 35.238119749453205 ], [ 137.419363722156248, 35.23811911124313 ], [ 137.419367556008268, 35.238114500146374 ], [ 137.419370082865271, 35.238110082481711 ], [ 137.419374416642853, 35.238098722110699 ], [ 137.419378555460355, 35.23808680576721 ], [ 137.419379056475094, 35.238078417532421 ], [ 137.419381499466596, 35.238036972100588 ], [ 137.419383527487156, 35.23798863955966 ], [ 137.419398083054801, 35.237964722318537 ], [ 137.419414693872113, 35.237937639509106 ], [ 137.419436417218151, 35.237892528133735 ], [ 137.419458693858786, 35.237846332612023 ], [ 137.419473999859377, 35.237786888729431 ], [ 137.419486360764608, 35.237733667105502 ], [ 137.419490332940228, 35.237704917536909 ], [ 137.419493194170116, 35.237672805493084 ], [ 137.419492278184464, 35.237628111097074 ], [ 137.419492221548012, 35.237605667183018 ], [ 137.41949202767708, 35.23757572227359 ], [ 137.41949341744845, 35.237565443732365 ], [ 137.419495471608911, 35.237553111567799 ], [ 137.419506110548213, 35.237509889340579 ], [ 137.419518166487933, 35.237466611516119 ], [ 137.41954833302168, 35.237384971590529 ], [ 137.419574277961601, 35.237313333378211 ], [ 137.41958888907655, 35.237284443658218 ], [ 137.41960147217091, 35.237260193991879 ], [ 137.419629027982154, 35.237218028112373 ], [ 137.419658972326772, 35.237167667430171 ], [ 137.419672528043236, 35.237151222227524 ], [ 137.419687082521733, 35.237132444257014 ], [ 137.419694833002069, 35.237116305997503 ], [ 137.419702250198696, 35.237099250383402 ], [ 137.419733527678204, 35.237013916715654 ], [ 137.419764806246889, 35.236927943679554 ], [ 137.419777916495889, 35.236905110584772 ], [ 137.419792027685247, 35.236882972455582 ], [ 137.419825499827198, 35.236838027871954 ], [ 137.419858111530772, 35.236793778253926 ], [ 137.419877805767101, 35.236768500038501 ], [ 137.419899999631355, 35.236739443526766 ], [ 137.419934277753555, 35.236691444569324 ], [ 137.419940694009853, 35.23668247256343 ], [ 137.41994080619358, 35.236682333570307 ], [ 137.41997033338896, 35.23663761137567 ], [ 137.419971861483958, 35.236631555908744 ], [ 137.419972167538617, 35.236626138651893 ], [ 137.419969166895925, 35.236599582858041 ], [ 137.419968443692028, 35.236593250563146 ], [ 137.419968666970334, 35.236554305849204 ], [ 137.419971360469191, 35.236543943912103 ], [ 137.419976166943314, 35.236530861184683 ], [ 137.4199854444295, 35.236511111420612 ], [ 137.419994721915657, 35.236493416438158 ], [ 137.420015417092316, 35.236464639070938 ], [ 137.420019000436952, 35.236459638793441 ], [ 137.42003441753215, 35.236434278340425 ], [ 137.420033749875529, 35.23643130620421 ], [ 137.420028806166926, 35.236425556522143 ], [ 137.419965499685787, 35.236351499829532 ], [ 137.419816222341012, 35.236294666701042 ], [ 137.419790721779407, 35.236287749476766 ], [ 137.419740463465018, 35.236274175640325 ], [ 137.419716999637274, 35.236352999796949 ], [ 137.419714000083758, 35.236361999601471 ], [ 137.419582000123711, 35.236806000382273 ], [ 137.419450000163692, 35.237118000555292 ], [ 137.419332000298454, 35.237394999944144 ], [ 137.419093999776436, 35.2379050004497 ], [ 137.418942254389435, 35.238178141621191 ], [ 137.419036139107789, 35.238215028078692 ], [ 137.419208333520714, 35.238282694562606 ], [ 137.419221000480576, 35.238264194578335 ] ] ], [ [ [ 137.449999999724213, 35.234899519784214 ], [ 137.449886000352848, 35.234864000092394 ], [ 137.449824999628703, 35.234858985915594 ], [ 137.449844471675874, 35.234862943744687 ], [ 137.449881861535346, 35.234871416533622 ], [ 137.44989197223083, 35.234875000239569 ], [ 137.44990880632642, 35.234881361491361 ], [ 137.449984305981758, 35.234914722156709 ], [ 137.449999999724213, 35.234921332437843 ], [ 137.449999999724213, 35.234899519784214 ] ] ], [ [ [ 137.456694249491562, 35.239705777938283 ], [ 137.456727305573452, 35.239697861121819 ], [ 137.456766579684029, 35.239683457959757 ], [ 137.456692498118286, 35.239705967895546 ], [ 137.456694249491562, 35.239705777938283 ] ] ] ] } },
{ "type": "Feature", "properties": { "P12_001": 10004, "P12_002": "三田洞弘法", "P12_003": "21", "P12_004": "21201", "P12_005": "‐", "P12_006": "岐阜市三田洞131", "P12_007": 2 }, "geometry": { "type": "Polygon", "coordinates": [ [ [ 136.78689452788268, 35.472688444471878 ], [ 136.786634611232842, 35.472781361372597 ], [ 136.786677306402851, 35.472861277783494 ], [ 136.786657777719228, 35.472868249446734 ], [ 136.786644110908185, 35.472842777799222 ], [ 136.786577888739004, 35.472866471493077 ], [ 136.786603138793254, 35.472913666606971 ], [ 136.786610860955363, 35.472910916859746 ], [ 136.786618722530307, 35.472925528511489 ], [ 136.786666610827098, 35.472908389501519 ], [ 136.786657000057204, 35.472890333136952 ], [ 136.786687582651041, 35.472879444184279 ], [ 136.786696861226375, 35.472896777784619 ], [ 136.786795528457247, 35.472861472373857 ], [ 136.786806027983744, 35.47288105650447 ], [ 136.786954916497507, 35.472827805923643 ], [ 136.786950666585426, 35.47281977791269 ], [ 136.787019305606179, 35.472795193504588 ], [ 136.786988056444898, 35.47273686156695 ], [ 136.786931221767304, 35.472757167303506 ], [ 136.78689452788268, 35.472688444471878 ] ] ] } },
{ "type": "Feature", "properties": { "P12_001": 10005, "P12_002": "岐阜城", "P12_003": "21", "P12_004": "21201", "P12_005": "‐", "P12_006": "岐阜市金華山天守閣18", "P12_007": 2 }, "geometry": { "type": "Polygon", "coordinates": [ [ [ 136.7820915096828, 35.434137250161776 ], [ 136.782436530222895, 35.434131310522446 ], [ 136.782436530222895, 35.433857670133996 ], [ 136.782097459777532, 35.433857670133996 ], [ 136.7820915096828, 35.434137250161776 ] ] ] } },
{ "type": "Feature", "properties": { "P12_001": 10006, "P12_002": "大龍寺", "P12_003": "21", "P12_004": "21201", "P12_005": "‐", "P12_006": "岐阜市粟野2339", "P12_007": 2 }, "geometry": { "type": "Polygon", "coordinates": [ [ [ 136.788835221586766, 35.489932000435637 ], [ 136.788768610586573, 35.489936389143402 ], [ 136.788780306013507, 35.490054583101269 ], [ 136.788668166931672, 35.490061999542498 ], [ 136.788670582694095, 35.49008733335517 ], [ 136.78858713868749, 35.490092832849619 ], [ 136.788455832523965, 35.490102527619733 ], [ 136.788324528538794, 35.490112305785729 ], [ 136.788341222132431, 35.49026341678924 ], [ 136.788445082490085, 35.490255722361773 ], [ 136.788451639248336, 35.490314582473268 ], [ 136.788513389316279, 35.490310000333409 ], [ 136.788517305944623, 35.490345166751041 ], [ 136.788531193855675, 35.49034422159783 ], [ 136.788538499957724, 35.490410778453338 ], [ 136.788668694086311, 35.490401167079092 ], [ 136.788669028459225, 35.490403805631821 ], [ 136.788669971673926, 35.490413083422581 ], [ 136.788725305485599, 35.490408917103807 ], [ 136.788715999681187, 35.490328055539699 ], [ 136.788849167223418, 35.490319250325541 ], [ 136.788840333026371, 35.490229361158285 ], [ 136.78889005547282, 35.490226111035831 ], [ 136.788884250236691, 35.490167138571572 ], [ 136.788858583033232, 35.490168777532105 ], [ 136.788835221586766, 35.489932000435637 ] ] ] } },
{ "type": "Feature", "properties": { "P12_001": 10008, "P12_002": "鏡島弘法", "P12_003": "21", "P12_004": "21201", "P12_005": "‐", "P12_006": "岐阜市鏡島1328", "P12_007": 2 }, "geometry": { "type": "Polygon", "coordinates": [ [ [ 136.719120667027113, 35.415398971451744 ], [ 136.719058082660723, 35.415407666629669 ], [ 136.719063443518536, 35.415433471860673 ], [ 136.718903222268978, 35.41545561114814 ], [ 136.718939028486147, 35.415629777635431 ], [ 136.719270361521126, 35.415584055848605 ], [ 136.71923552792606, 35.415414556055318 ], [ 136.719127000507058, 35.415429555729517 ], [ 136.719120667027113, 35.415398971451744 ] ] ] } },
{ "type": "Feature", "properties": { "P12_001": 10011, "P12_002": "長良公園", "P12_003": "21", "P12_004": "21201", "P12_005": "‐", "P12_006": "岐阜市長良城之内1466-10", "P12_007": 4 }, "geometry": { "type": "Polygon", "coordinates": [ [ [ 136.782878186705801, 35.448268367937651 ], [ 136.784890320756574, 35.448044797504132 ], [ 136.784579991131267, 35.445131707882062 ], [ 136.782531152304244, 35.44563223948132 ], [ 136.782354297364975, 35.445665608254608 ], [ 136.782210812186406, 35.445665608254608 ], [ 136.782210812186406, 35.44712382098308 ], [ 136.782444392886987, 35.447167200735834 ], [ 136.782621247826256, 35.448301736710938 ], [ 136.782878186705801, 35.448268367937651 ] ] ] } },
{ "type": "Feature", "properties": { "P12_001": 10619, "P12_002": "円鏡寺", "P12_003": "21", "P12_004": "21421", "P12_005": "‐", "P12_006": "北方町北方1345-1", "P12_007": 2 }, "geometry": { "type": "Polygon", "coordinates": [ [ [ 136.68834144450517, 35.437039221492519 ], [ 136.688352778330142, 35.437205750307868 ], [ 136.688382638809259, 35.437204443772544 ], [ 136.688384277998807, 35.437227250226982 ], [ 136.688553028479902, 35.437219528000888 ], [ 136.688552111405073, 35.437206805497304 ], [ 136.688559832478035, 35.437206499712438 ], [ 136.68856755572935, 35.437206056092734 ], [ 136.688566832525424, 35.437196055537747 ], [ 136.688569917033647, 35.437195972141879 ], [ 136.688573110458094, 35.437195806508406 ], [ 136.688562693707922, 35.437040111048489 ], [ 136.688559055905188, 35.436985638486483 ], [ 136.688501971809387, 35.436988221441965 ], [ 136.688500055972554, 35.436958555677052 ], [ 136.688391889066367, 35.436963443601769 ], [ 136.688393805992348, 35.436991832946532 ], [ 136.68833838940435, 35.436994332506139 ], [ 136.68834144450517, 35.437039221492519 ] ] ] } },
{ "type": "Feature", "properties": { "P12_001": 10026, "P12_002": "かみいしづ緑の村公園", "P12_003": "21", "P12_004": "21202", "P12_005": "‐", "P12_006": "大垣市上石津町上多良前ヶ瀬入会1-1", "P12_007": 4 }, "geometry": { "type": "Polygon", "coordinates": [ [ [ 136.616022222087366, 35.361845389100971 ], [ 136.615941360485039, 35.361856278053644 ], [ 136.615980861141423, 35.362052250244915 ], [ 136.61620102771667, 35.36202249992585 ], [ 136.61618633273622, 35.361949610775447 ], [ 136.616123028433407, 35.361958166960257 ], [ 136.616110888628185, 35.361898167105181 ], [ 136.616034889047256, 35.36190844448813 ], [ 136.616022222087366, 35.361845389100971 ] ] ] } },
{ "type": "Feature", "properties": { "P12_001": 10534, "P12_002": "千代保稲荷神社", "P12_003": "21", "P12_004": "21221", "P12_005": "‐", "P12_006": "海津市平田町三郷1980", "P12_007": 2 }, "geometry": { "type": "Polygon", "coordinates": [ [ [ 136.646510082748961, 35.263542693779954 ], [ 136.646345472174517, 35.263506416575638 ], [ 136.646320139343914, 35.263603417557533 ], [ 136.646484638823779, 35.263634499893989 ], [ 136.646510082748961, 35.263542693779954 ] ] ] } },
{ "type": "Feature", "properties": { "P12_001": 10548, "P12_002": "南宮大社", "P12_003": "21", "P12_004": "21361", "P12_005": "‐", "P12_006": "垂井町宮代峯1734-1", "P12_007": 2 }, "geometry": { "type": "Polygon", "coordinates": [ [ [ 136.524955390415698, 35.360393186666656 ], [ 136.525125889002595, 35.360635472523782 ], [ 136.524912638609237, 35.360736167247843 ], [ 136.524979555664061, 35.36083127792331 ], [ 136.525201528070738, 35.360726472477722 ], [ 136.525327167321763, 35.360905027672779 ], [ 136.525144443974938, 35.360991306493744 ], [ 136.525219111510125, 35.36109741731638 ], [ 136.525310139355241, 35.361054444118501 ], [ 136.525344722442924, 35.361103582819531 ], [ 136.525269443887595, 35.361139139576174 ], [ 136.525315555760358, 35.361204666724326 ], [ 136.525422110706046, 35.361154332682467 ], [ 136.525403306315496, 35.361127611255149 ], [ 136.525444805585067, 35.361108028282814 ], [ 136.525430443888325, 35.361087583553143 ], [ 136.52544944432816, 35.361078611547242 ], [ 136.525412222199719, 35.361025694549909 ], [ 136.52547033337575, 35.360998250358364 ], [ 136.525458444077884, 35.360981332579108 ], [ 136.525466889443919, 35.360977360850704 ], [ 136.525390750450185, 35.360869138490919 ], [ 136.525380389247317, 35.360874027573914 ], [ 136.525307611409062, 35.360770610901255 ], [ 136.525317139402631, 35.360766110998995 ], [ 136.525275805685737, 35.360707360923726 ], [ 136.525268832867425, 35.360710638844807 ], [ 136.525255638752895, 35.360691888672918 ], [ 136.525289110894846, 35.360676056198272 ], [ 136.525236417213108, 35.360601194503843 ], [ 136.525202943981981, 35.360617000338138 ], [ 136.525020250042559, 35.360357361189976 ], [ 136.524955390415698, 35.360393186666656 ] ] ] } },
{ "type": "Feature", "properties": { "P12_001": 10576, "P12_002": "両界山横蔵寺", "P12_003": "21", "P12_004": "21401", "P12_005": "‐", "P12_006": "揖斐川町谷汲神原1160", "P12_007": 2 }, "geometry": { "type": "Polygon", "coordinates": [ [ [ 136.560712240223722, 35.553062250452342 ], [ 136.56071159979615, 35.553083429529003 ], [ 136.560687200377828, 35.553085999743452 ], [ 136.560688489946244, 35.553148919612319 ], [ 136.560658870172063, 35.553150870149103 ], [ 136.560658949680914, 35.553171390166717 ], [ 136.560686559950284, 35.553172029535069 ], [ 136.560684629954324, 35.553193209770008 ], [ 136.560712240223722, 35.553194500089475 ], [ 136.56071159979615, 35.553214400429425 ], [ 136.560767449870838, 35.553211830214984 ], [ 136.560768839642179, 35.553233340558577 ], [ 136.560795060140208, 35.553234950562221 ], [ 136.560793769482643, 35.553213120534451 ], [ 136.560821379752014, 35.553212469583336 ], [ 136.560820099986074, 35.553168819952276 ], [ 136.560846419597908, 35.553168819952276 ], [ 136.560847060025452, 35.553083429529003 ], [ 136.560791750175383, 35.553086720191118 ], [ 136.560792489716704, 35.553062250452342 ], [ 136.560712240223722, 35.553062250452342 ] ] ] } },
{ "type": "Feature", "properties": { "P12_001": 10578, "P12_002": "谷汲山華厳寺", "P12_003": "21", "P12_004": "21401", "P12_005": "‐", "P12_006": "揖斐川町谷汲徳積23", "P12_007": 2 }, "geometry": { "type": "Polygon", "coordinates": [ [ [ 136.607822055948503, 35.537108527476661 ], [ 136.60781863924575, 35.537141416723685 ], [ 136.607753944082418, 35.537136972418672 ], [ 136.607742943541155, 35.537242999845439 ], [ 136.607786055860402, 35.537245917542677 ], [ 136.607773139482305, 35.537372861117454 ], [ 136.60791522181961, 35.537382611484823 ], [ 136.607921972448764, 35.537316389371071 ], [ 136.607983360914773, 35.537320639085713 ], [ 136.608000528294099, 35.537153082879556 ], [ 136.607934166712113, 35.537148528538324 ], [ 136.607937472320316, 35.537116444293126 ], [ 136.607822055948503, 35.537108527476661 ] ] ] } },
{ "type": "Feature", "properties": { "P12_001": 10581, "P12_002": "藤橋城", "P12_003": "21", "P12_004": "21401", "P12_005": "‐", "P12_006": "揖斐川町鶴見332-1", "P12_007": 2 }, "geometry": { "type": "Polygon", "coordinates": [ [ [ 136.487145777528156, 35.638047028095002 ], [ 136.48701933338603, 35.638229360428099 ], [ 136.487221610467202, 35.638322888898543 ], [ 136.487348138474829, 35.638140444212681 ], [ 136.487145777528156, 35.638047028095002 ] ] ] } },
{ "type": "Feature", "properties": { "P12_001": 10329, "P12_002": "小山観音", "P12_003": "21", "P12_004": "21211", "P12_005": "‐", "P12_006": "美濃加茂市下米田町小山223-1", "P12_007": 2 }, "geometry": { "type": "Polygon", "coordinates": [ [ [ 137.053423361271484, 35.454376860740929 ], [ 137.053325306149929, 35.454385500321614 ], [ 137.053334693641517, 35.454458610702737 ], [ 137.053363333169472, 35.454455860955512 ], [ 137.053365638926465, 35.454465861510499 ], [ 137.053415221960137, 35.454461582838952 ], [ 137.053412917292263, 35.454451666838118 ], [ 137.053433860797981, 35.454448971529864 ], [ 137.053423361271484, 35.454376860740929 ] ] ] } },
{ "type": "Feature", "properties": { "P12_001": 10631, "P12_002": "人道の丘公園", "P12_003": "21", "P12_004": "21505", "P12_005": "‐", "P12_006": "八百津町八百津1071", "P12_007": 4 }, "geometry": { "type": "Polygon", "coordinates": [ [ [ 137.168105923996222, 35.474881284487147 ], [ 137.168247395313358, 35.47531198825947 ], [ 137.168648666739927, 35.475232639403814 ], [ 137.168806805510798, 35.475430221598721 ], [ 137.169022917134043, 35.475412028557585 ], [ 137.169053221991447, 35.475485750508433 ], [ 137.169195257494749, 35.475521052444364 ], [ 137.169478201218141, 35.475478610895173 ], [ 137.169572516155682, 35.475368576991727 ], [ 137.16959452268398, 35.475227105161082 ], [ 137.169541077480119, 35.475107639416166 ], [ 137.169383886280627, 35.475029044598188 ], [ 137.169155444248702, 35.474471138955543 ], [ 137.169113138998881, 35.47459858290555 ], [ 137.168105923996222, 35.474881284487147 ] ] ] } },
{ "type": "Feature", "properties": { "P12_001": 10632, "P12_002": "五宝滝公園", "P12_003": "21", "P12_004": "21505", "P12_005": "‐", "P12_006": "八百津町八百津4767", "P12_007": 4 }, "geometry": { "type": "Polygon", "coordinates": [ [ [ 137.155086474104706, 35.501266709838859 ], [ 137.155899151614904, 35.501617245854391 ], [ 137.155988833255151, 35.501526806506035 ], [ 137.155908917045878, 35.501397805833086 ], [ 137.155838443875496, 35.501310608499253 ], [ 137.155708892352749, 35.501204271812803 ], [ 137.155602416915912, 35.501127166537756 ], [ 137.155538694374712, 35.501134193798251 ], [ 137.155455916935523, 35.501120944279087 ], [ 137.155369499515302, 35.501109389317712 ], [ 137.155303288237775, 35.5011056446114 ], [ 137.155204347627091, 35.501108607481406 ], [ 137.155086474104706, 35.501266709838859 ] ] ] } },
{ "type": "Feature", "properties": { "P12_001": 10135, "P12_002": "高賀神社", "P12_003": "21", "P12_004": "21205", "P12_005": "‐", "P12_006": "関市洞戸高賀1212", "P12_007": 2 }, "geometry": { "type": "Polygon", "coordinates": [ [ [ 136.854189221498842, 35.650094222022723 ], [ 136.854213055641821, 35.650071943742141 ], [ 136.854226917412973, 35.650051611365235 ], [ 136.854241166925959, 35.650023527805338 ], [ 136.854259499709144, 35.650027250504401 ], [ 136.854263000277427, 35.649978694416205 ], [ 136.854257917156048, 35.649951166828792 ], [ 136.854245750121748, 35.649924916819806 ], [ 136.854236528182867, 35.649910306326341 ], [ 136.854202778304483, 35.649927777761526 ], [ 136.854189806379111, 35.649911443753375 ], [ 136.854158861094163, 35.649890360813622 ], [ 136.854129972148002, 35.649878472268753 ], [ 136.854110111269819, 35.649875611327033 ], [ 136.854102278013102, 35.649904805673614 ], [ 136.854020194370463, 35.649912083121727 ], [ 136.853971500093422, 35.649967556434191 ], [ 136.853980861445109, 35.650026722330551 ], [ 136.85392688908658, 35.650049194043227 ], [ 136.853941833485237, 35.650069167354566 ], [ 136.853993611181323, 35.650044139326759 ], [ 136.854071110539024, 35.650080666718694 ], [ 136.854070721708013, 35.650095193816291 ], [ 136.85412075020912, 35.650091083094765 ], [ 136.85417005550633, 35.650078055964592 ], [ 136.854189221498842, 35.650094222022723 ] ] ] } },
{ "type": "Feature", "properties": { "P12_001": 10137, "P12_002": "関善光寺（宗休寺）", "P12_003": "21", "P12_004": "21205", "P12_005": "‐", "P12_006": "関市西日吉町35", "P12_007": 2 }, "geometry": { "type": "Polygon", "coordinates": [ [ [ 136.915116806196124, 35.48937638933775 ], [ 136.915157805540133, 35.489375944559761 ], [ 136.915155110952099, 35.489218194318219 ], [ 136.915185193620346, 35.489217806295763 ], [ 136.915370138858663, 35.489215666959986 ], [ 136.915367722007062, 35.489074306323843 ], [ 136.915319555973838, 35.489074833339423 ], [ 136.915319167142826, 35.489052139237756 ], [ 136.91522550025698, 35.489053194427193 ], [ 136.915225971864345, 35.48907897185957 ], [ 136.915182749539696, 35.489079527832054 ], [ 136.915184499823823, 35.489179306359794 ], [ 136.915116638465122, 35.489180055764365 ], [ 136.915116360728661, 35.489164027541079 ], [ 136.915032056283678, 35.489165028291545 ], [ 136.915032332930963, 35.489181138752429 ], [ 136.915007528344177, 35.489181472335915 ], [ 136.915010889499655, 35.489377611318929 ], [ 136.915116806196124, 35.48937638933775 ] ] ] } },
{ "type": "Feature", "properties": { "P12_001": 10121, "P12_002": "虎渓山永保寺", "P12_003": "21", "P12_004": "21204", "P12_005": "‐", "P12_006": "多治見市虎渓山町1-42", "P12_007": 2 }, "geometry": { "type": "Polygon", "coordinates": [ [ [ 137.129750490391757, 35.346145769872443 ], [ 137.129750490391757, 35.346199310022271 ], [ 137.129873740020258, 35.346536319690678 ], [ 137.130013539472941, 35.346850870387442 ], [ 137.130220059931219, 35.347197190278344 ], [ 137.130655350259332, 35.347419600119309 ], [ 137.130919060462162, 35.347438669975375 ], [ 137.131011200342158, 35.347400539529453 ], [ 137.131195480102178, 35.347066930559379 ], [ 137.131141469622975, 35.346752379862615 ], [ 137.131281270164834, 35.346542679784193 ], [ 137.131234500437898, 35.346442000117719 ], [ 137.131107609739161, 35.346141749496446 ], [ 137.130670699826425, 35.346116919533834 ], [ 137.130470279767337, 35.345997049550597 ], [ 137.13028587039696, 35.345901870536849 ], [ 137.130101459937435, 35.345901870536849 ], [ 137.130006280204896, 35.345925669633822 ], [ 137.12995274024388, 35.34593161969763 ], [ 137.129905160180073, 35.345955409528393 ], [ 137.129881359801118, 35.346002999614406 ], [ 137.129809980447504, 35.346104129850247 ], [ 137.129750490391757, 35.346145769872443 ] ] ] } },
{ "type": "Feature", "properties": { "P12_001": 10286, "P12_002": "岩村城跡", "P12_003": "21", "P12_004": "21210", "P12_005": "‐", "P12_006": "恵那市岩村町城山3-1-1", "P12_007": 2 }, "geometry": { "type": "Polygon", "coordinates": [ [ [ 137.451424892208195, 35.359975000383066 ], [ 137.451422328319666, 35.359945697158537 ], [ 137.45141471507381, 35.359917284648262 ], [ 137.451402284462176, 35.359890625767846 ], [ 137.451385412245912, 35.359866531310495 ], [ 137.45136461250965, 35.359845730990081 ], [ 137.45134051805681, 35.359828859541871 ], [ 137.451313858626293, 35.359816428923835 ], [ 137.451285446733323, 35.35980881557569 ], [ 137.451256143905425, 35.359806252310904 ], [ 137.451226841077528, 35.35980881557569 ], [ 137.451198428095381, 35.359816428923835 ], [ 137.45117176975404, 35.359828859541871 ], [ 137.451147674212052, 35.359845730990081 ], [ 137.451126875564938, 35.359866531310495 ], [ 137.451110003348674, 35.359890625767846 ], [ 137.451097572737041, 35.359917284648262 ], [ 137.451089959491185, 35.359945697158537 ], [ 137.451087395602656, 35.359975000383066 ], [ 137.451089959491185, 35.360004302449312 ], [ 137.451097572737041, 35.360032714959594 ], [ 137.451110003348674, 35.360059373840009 ], [ 137.451126875564938, 35.360083469455638 ], [ 137.451147674212052, 35.360104268617768 ], [ 137.45117176975404, 35.360121140065985 ], [ 137.451198428095381, 35.36013357184229 ], [ 137.451226841077528, 35.360141184032166 ], [ 137.451256143905425, 35.360143748455229 ], [ 137.451285446733323, 35.360141184032166 ], [ 137.451313858626293, 35.36013357184229 ], [ 137.45134051805681, 35.360121140065985 ], [ 137.45136461250965, 35.360104268617768 ], [ 137.451385412245912, 35.360083469455638 ], [ 137.451402284462176, 35.360059373840009 ], [ 137.45141471507381, 35.360032714959594 ], [ 137.451422328319666, 35.360004302449312 ], [ 137.451424892208195, 35.359975000383066 ] ] ] } },
{ "type": "Feature", "properties": { "P12_001": 10287, "P12_002": "飯高観音", "P12_003": "21", "P12_004": "21210", "P12_005": "‐", "P12_006": "恵那市山岡町馬場山田175", "P12_007": 2 }, "geometry": { "type": "Polygon", "coordinates": [ [ [ 137.419453167448239, 35.348888832685645 ], [ 137.419450528407509, 35.349134556305941 ], [ 137.419494111244944, 35.349134916529778 ], [ 137.419495111096126, 35.349038389282768 ], [ 137.419656528246122, 35.349039472270832 ], [ 137.419658167435671, 35.348890389408595 ], [ 137.419453167448239, 35.348888832685645 ] ] ] } },
{ "type": "Feature", "properties": { "P12_001": 10090, "P12_002": "飛騨一宮水無神社", "P12_003": "21", "P12_004": "21203", "P12_005": "‐", "P12_006": "高山市一之宮町5323", "P12_007": 2 }, "geometry": { "type": "Polygon", "coordinates": [ [ [ 137.25177583271369, 36.085340639307674 ], [ 137.251865194140152, 36.0854088895627 ], [ 137.251949388579732, 36.085336221643011 ], [ 137.251930389229074, 36.085321722344048 ], [ 137.251954028411973, 36.085301333211618 ], [ 137.251974917459563, 36.085317250240408 ], [ 137.252046916546647, 36.085255194445431 ], [ 137.251956999647291, 36.085186582808298 ], [ 137.251883333052433, 36.085250082973445 ], [ 137.251903888816287, 36.08526586100912 ], [ 137.251883167499727, 36.085283806179184 ], [ 137.251861277511807, 36.085267056349949 ], [ 137.25177583271369, 36.085340639307674 ] ] ] } },
{ "type": "Feature", "properties": { "P12_001": 10516, "P12_002": "禅昌寺", "P12_003": "21", "P12_004": "21220", "P12_005": "‐", "P12_006": "下呂市萩原町中呂1089", "P12_007": 2 }, "geometry": { "type": "Polygon", "coordinates": [ [ [ 137.228946388763461, 35.845612555581162 ], [ 137.229048944304481, 35.845634667070001 ], [ 137.229038443688808, 35.845667028143161 ], [ 137.229019166601717, 35.845662888464737 ], [ 137.229001056007661, 35.845718694202418 ], [ 137.229023083230061, 35.845723472090917 ], [ 137.229005417014321, 35.84577775006256 ], [ 137.229079388574661, 35.845793750487218 ], [ 137.229066027818277, 35.845834499795174 ], [ 137.229024278041351, 35.84582549999066 ], [ 137.229007167298448, 35.84587825019625 ], [ 137.229025555628937, 35.845882194126027 ], [ 137.228949889331744, 35.846114693709232 ], [ 137.229183638852533, 35.846165055549712 ], [ 137.229241056232041, 35.84598836054591 ], [ 137.229303722285636, 35.846001832454071 ], [ 137.229352889259218, 35.845850832645056 ], [ 137.229290417076527, 35.845837360736894 ], [ 137.229307221764742, 35.845786056059751 ], [ 137.229334777575986, 35.845792000332182 ], [ 137.229383277982123, 35.845643166499286 ], [ 137.22906538847991, 35.845574556020431 ], [ 137.229060417542257, 35.845590056069859 ], [ 137.228960750460203, 35.845568556150745 ], [ 137.228946388763461, 35.845612555581162 ] ] ] } },
{ "type": "Feature", "properties": { "P12_001": 10103, "P12_002": "宇津江四十八滝県立自然公園", "P12_003": "21", "P12_004": "21203", "P12_005": "‐", "P12_006": "高山市国府町宇津江3235-86", "P12_007": 1 }, "geometry": { "type": "Polygon", "coordinates": [ [ [ 137.154262666442889, 36.197641181168009 ], [ 137.1542539564104, 36.197541620396152 ], [ 137.154228089890182, 36.19744508504121 ], [ 137.154185852168411, 36.197354506699732 ], [ 137.15412852845688, 36.19727263975205 ], [ 137.154057859237241, 36.197201971016739 ], [ 137.153975992337934, 36.197144647937499 ], [ 137.153885415406108, 36.197102410244888 ], [ 137.153788879666223, 36.197076543625251 ], [ 137.153689319322098, 36.197067833389731 ], [ 137.153589757888824, 36.197076543625251 ], [ 137.153493222148967, 36.197102410244888 ], [ 137.153402645217142, 36.197144647937499 ], [ 137.153320778317834, 36.197201971016739 ], [ 137.153250109098167, 36.19727263975205 ], [ 137.153192785386636, 36.197354506699732 ], [ 137.153150547664893, 36.19744508504121 ], [ 137.153124681144675, 36.197541620396152 ], [ 137.153115971112157, 36.197641181168009 ], [ 137.153124681144675, 36.197740741939867 ], [ 137.153150547664893, 36.197837277294809 ], [ 137.153192785386636, 36.19792785447801 ], [ 137.153250109098167, 36.198009721425692 ], [ 137.153320778317834, 36.19808039131928 ], [ 137.153402645217142, 36.19813771439852 ], [ 137.153493222148967, 36.198179952091131 ], [ 137.153589757888824, 36.198205818710768 ], [ 137.153689319322098, 36.198214528946288 ], [ 137.153788879666223, 36.198205818710768 ], [ 137.153885415406108, 36.198179952091131 ], [ 137.153975992337934, 36.19813771439852 ], [ 137.154057859237241, 36.19808039131928 ], [ 137.15412852845688, 36.198009721425692 ], [ 137.154185852168411, 36.19792785447801 ], [ 137.154228089890182, 36.197837277294809 ], [ 137.1542539564104, 36.197740741939867 ], [ 137.154262666442889, 36.197641181168009 ] ] ] } },
{ "type": "Feature", "properties": { "P12_001": 10647, "P12_002": "鬼岩公園", "P12_003": "21", "P12_004": "21521", "P12_005": "‐", "P12_006": "御嵩町次月3281", "P12_007": 1 }, "geometry": { "type": "Polygon", "coordinates": [ [ [ 137.185199168386504, 35.407414200097094 ], [ 137.185383073474611, 35.407642837988114 ], [ 137.185880111692342, 35.407642837988114 ], [ 137.186128631345781, 35.407265089436237 ], [ 137.186362239275411, 35.406271011800271 ], [ 137.186128631345781, 35.406022492101712 ], [ 137.18571608926564, 35.405952906354457 ], [ 137.185397984109244, 35.406221307860562 ], [ 137.185199168386504, 35.407414200097094 ] ] ] } },
{ "type": "Feature", "properties": { "P12_001": 10352, "P12_002": "織部の里公園", "P12_003": "21", "P12_004": "21212", "P12_005": "‐", "P12_006": "土岐市泉町久尻1246-1", "P12_007": 2 }, "geometry": { "type": "Polygon", "coordinates": [ [ [ 137.176043948326253, 35.366693562946921 ], [ 137.176449917310691, 35.365974278184027 ], [ 137.176306972356713, 35.365911388430334 ], [ 137.176052110510028, 35.365983332427518 ], [ 137.175770577252052, 35.366473623708664 ], [ 137.176043948326253, 35.366693562946921 ] ] ] } },
{ "type": "Feature", "properties": { "P12_001": 10544, "P12_002": "養老公園", "P12_003": "21", "P12_004": "21341", "P12_005": "‐", "P12_006": "養老町高林1298-2", "P12_007": 4 }, "geometry": { "type": "Polygon", "coordinates": [ [ [ 136.552323530253631, 35.285068752864724 ], [ 136.552359556481662, 35.283333333415996 ], [ 136.551898839654996, 35.283253938229301 ], [ 136.551642528133016, 35.283746916710761 ], [ 136.551648471692772, 35.283967750138096 ], [ 136.551722971496957, 35.284284500400986 ], [ 136.551764471855677, 35.284558472056375 ], [ 136.551763111491738, 35.284885777688451 ], [ 136.552323530253631, 35.285068752864724 ] ] ] } },
{ "type": "Feature", "properties": { "P12_001": 10145, "P12_002": "中池公園", "P12_003": "21", "P12_004": "21205", "P12_005": "‐", "P12_006": "関市塔ノ洞3885-1", "P12_007": 4 }, "geometry": { "type": "Polygon", "coordinates": [ [ [ 136.937028661236639, 35.505063444746497 ], [ 136.937012779069079, 35.504881901199361 ], [ 136.936965612887008, 35.504705874520816 ], [ 136.936888596028325, 35.504540712471147 ], [ 136.936784069103197, 35.504391432701993 ], [ 136.936655209198648, 35.504262572180437 ], [ 136.936505929675548, 35.504158045879372 ], [ 136.936340767984888, 35.504081029791578 ], [ 136.936164740809147, 35.504033863634582 ], [ 136.935983198114485, 35.504017980195798 ], [ 136.935801655419823, 35.504033863634582 ], [ 136.935625628244054, 35.504081029791578 ], [ 136.935460466553394, 35.504158045879372 ], [ 136.935311187030294, 35.504262572180437 ], [ 136.935182327125773, 35.504391432701993 ], [ 136.935077800200645, 35.504540712471147 ], [ 136.935000783341934, 35.504705874520816 ], [ 136.934953617159863, 35.504881901199361 ], [ 136.934937734992303, 35.505063444746497 ], [ 136.934953617159863, 35.505244987135363 ], [ 136.935000783341934, 35.505421013813908 ], [ 136.935077800200645, 35.505586175863577 ], [ 136.935182327125773, 35.505735455632731 ], [ 136.935311187030294, 35.505864316154288 ], [ 136.935460466553394, 35.505968842455353 ], [ 136.935625628244054, 35.506045858543146 ], [ 136.935801655419823, 35.506093024700142 ], [ 136.935983198114485, 35.506108908138927 ], [ 136.936164740809147, 35.506093024700142 ], [ 136.936340767984888, 35.506045858543146 ], [ 136.936505929675548, 35.505968842455353 ], [ 136.936655209198648, 35.505864316154288 ], [ 136.936784069103197, 35.505735455632731 ], [ 136.936888596028325, 35.505586175863577 ], [ 136.936965612887008, 35.505421013813908 ], [ 136.937012779069079, 35.505244987135363 ], [ 136.937028661236639, 35.505063444746497 ] ] ] } },
{ "type": "Feature", "properties": { "P12_001": 10139, "P12_002": "寺尾ヶ原千本桜公園", "P12_003": "21", "P12_004": "21205", "P12_005": "‐", "P12_006": "関市武芸川町谷口", "P12_007": 1 }, "geometry": { "type": "Polygon", "coordinates": [ [ [ 136.836686444384412, 35.576267879233676 ], [ 136.837347506117993, 35.576004449048163 ], [ 136.837183482602143, 35.575124689778569 ], [ 136.836835556176482, 35.574394043486393 ], [ 136.836209555672951, 35.574180305657833 ], [ 136.836040293285492, 35.574463628075371 ], [ 136.8362241983736, 35.575472617356553 ], [ 136.836686444384412, 35.576267879233676 ] ] ] } },
{ "type": "Feature", "properties": { "P12_001": 10651, "P12_002": "鬼岩公園", "P12_003": "21", "P12_004": "21521", "P12_005": "‐", "P12_006": "瑞浪市日吉町9513-40", "P12_007": 1 }, "geometry": { "type": "Polygon", "coordinates": [ [ [ 137.199081570440086, 35.412847136531312 ], [ 137.199078741885074, 35.412814804415042 ], [ 137.199070341174689, 35.412783454516827 ], [ 137.199056625351346, 35.412754040097809 ], [ 137.199038009385873, 35.412727454188783 ], [ 137.199015060732023, 35.41270450526639 ], [ 137.198988474275382, 35.412685889454522 ], [ 137.198959060352905, 35.412672173150128 ], [ 137.19892771098867, 35.412663773332575 ], [ 137.198895379199854, 35.412660944822584 ], [ 137.19886304632189, 35.412663773332575 ], [ 137.198831696957654, 35.412672173150128 ], [ 137.198802283035178, 35.412685889454522 ], [ 137.198775696578537, 35.41270450526639 ], [ 137.198752747924686, 35.412727454188783 ], [ 137.198734131959213, 35.412754040097809 ], [ 137.19872041613587, 35.412783454516827 ], [ 137.198712015425485, 35.412814804415042 ], [ 137.198709186870474, 35.412847136531312 ], [ 137.198712015425485, 35.412879467489297 ], [ 137.19872041613587, 35.412910817387512 ], [ 137.198734131959213, 35.41294023180653 ], [ 137.198752747924686, 35.412966817715564 ], [ 137.198775696578537, 35.412989766637949 ], [ 137.198802283035178, 35.413008382449817 ], [ 137.198831696957654, 35.413022098754212 ], [ 137.19886304632189, 35.413030498571764 ], [ 137.198895379199854, 35.413033328240033 ], [ 137.19892771098867, 35.413030498571764 ], [ 137.198959060352905, 35.413022098754212 ], [ 137.198988474275382, 35.413008382449817 ], [ 137.199015060732023, 35.412989766637949 ], [ 137.199038009385873, 35.412966817715564 ], [ 137.199056625351346, 35.41294023180653 ], [ 137.199070341174689, 35.412910817387512 ], [ 137.199078741885074, 35.412879467489297 ], [ 137.199081570440086, 35.412847136531312 ] ] ] } },
{ "type": "Feature", "properties": { "P12_001": 10358, "P12_002": "県営各務原公園", "P12_003": "21", "P12_004": "21213", "P12_005": "‐", "P12_006": "各務原市鵜沼大安寺町1-84", "P12_007": 4 }, "geometry": { "type": "Polygon", "coordinates": [ [ [ 136.934432639150401, 35.42794497230576 ], [ 136.934611749745216, 35.427613528153529 ], [ 136.934700749569743, 35.427301194397025 ], [ 136.934714417469962, 35.426985917461202 ], [ 136.934614444333249, 35.426660056199296 ], [ 136.934515972062457, 35.426327166518618 ], [ 136.934528110778501, 35.42604263949405 ], [ 136.934616943961174, 35.425780221641766 ], [ 136.934752249529396, 35.425639778360214 ], [ 136.93527330595856, 35.425197833519306 ], [ 136.93538916670866, 35.424999582999149 ], [ 136.935385805553182, 35.42478172170803 ], [ 136.935319527836725, 35.424343139342355 ], [ 136.935183917303021, 35.42411944381503 ], [ 136.934998000531749, 35.42393599953698 ], [ 136.934535444109628, 35.423485221683293 ], [ 136.934211417176698, 35.423161944535146 ], [ 136.933959889256442, 35.422814333166507 ], [ 136.933799611370432, 35.423064972510147 ], [ 136.933603444490899, 35.423386471704639 ], [ 136.933333333280046, 35.423610249469561 ], [ 136.93303950010997, 35.423967583406942 ], [ 136.932873166480448, 35.424184499544843 ], [ 136.932291912039915, 35.424561390972485 ], [ 136.931715346443923, 35.424939140682639 ], [ 136.931481738514293, 35.425065166902819 ], [ 136.930729472491294, 35.425572583294624 ], [ 136.930815388896775, 35.425672638650333 ], [ 136.931097943789183, 35.425800638572817 ], [ 136.931473166805404, 35.425900166912946 ], [ 136.932036277977033, 35.426007082737399 ], [ 136.932428750059756, 35.426080778047897 ], [ 136.932530416844173, 35.426200944549798 ], [ 136.932689750426277, 35.426467167338743 ], [ 136.932730083202813, 35.426770666924192 ], [ 136.932693000487177, 35.427043444397022 ], [ 136.932761860607911, 35.42713163900649 ], [ 136.933198138806404, 35.427536166899486 ], [ 136.933574139484648, 35.427680749859462 ], [ 136.933742582821935, 35.427671167442114 ], [ 136.934432639150401, 35.42794497230576 ] ] ] } },
{ "type": "Feature", "properties": { "P12_001": 10279, "P12_002": "保古の湖", "P12_003": "21", "P12_004": "21210", "P12_005": "‐", "P12_006": "恵那市東野2390-165", "P12_007": 1 }, "geometry": { "type": "Polygon", "coordinates": [ [ [ 137.50019286090378, 35.446993360882374 ], [ 137.500198250079848, 35.446966667253676 ], [ 137.500216639499484, 35.446939943509804 ], [ 137.500231611127219, 35.446913472270097 ], [ 137.500245860640206, 35.446891638767504 ], [ 137.500254805931803, 35.446871416426816 ], [ 137.500266500269561, 35.446851916850356 ], [ 137.500283777654317, 35.446845361008194 ], [ 137.500303500208872, 35.446848833519645 ], [ 137.50033416666821, 35.446854888986572 ], [ 137.500358750154987, 35.446864361367702 ], [ 137.500369749607074, 35.446884250124896 ], [ 137.500381416715783, 35.446911638719193 ], [ 137.500416693599988, 35.446913249881106 ], [ 137.500435083019653, 35.446889833015213 ], [ 137.500482305838148, 35.446881860601508 ], [ 137.500531111209796, 35.446878305852465 ], [ 137.500573917474355, 35.446868555485096 ], [ 137.500612611061342, 35.446847971762303 ], [ 137.500652499459562, 35.446829221590413 ], [ 137.500699944467243, 35.446818972006085 ], [ 137.500759082723505, 35.44681638905061 ], [ 137.50080627831295, 35.446823638700096 ], [ 137.500849083488362, 35.446841193531149 ], [ 137.50088024987329, 35.446866360552079 ], [ 137.500909416555885, 35.446887889428091 ], [ 137.500954943548379, 35.446894722098214 ], [ 137.50100197249597, 35.446895305869319 ], [ 137.501061667314275, 35.44689108279502 ], [ 137.501063917523993, 35.446877556447895 ], [ 137.501055778212645, 35.446849443931093 ], [ 137.501038667469771, 35.446818221443237 ], [ 137.501026555982776, 35.446789694263636 ], [ 137.501026110515312, 35.446760833500541 ], [ 137.501038028131376, 35.446739361380054 ], [ 137.501028249630451, 35.446718833254508 ], [ 137.501013138589911, 35.44668786095427 ], [ 137.501002693521542, 35.446643639134862 ], [ 137.500999055718808, 35.446613360641948 ], [ 137.500981832792178, 35.446577610453211 ], [ 137.500959694475199, 35.446555056502937 ], [ 137.500930499474407, 35.446528193765943 ], [ 137.500913944204399, 35.446492361339608 ], [ 137.50090316694147, 35.446442167449149 ], [ 137.500896194123129, 35.446406417260405 ], [ 137.500895638650263, 35.446380000459676 ], [ 137.500885361312925, 35.446343249520474 ], [ 137.500873722522442, 35.446300638862986 ], [ 137.500869305968507, 35.446272610900337 ], [ 137.500875028428283, 35.446242333565699 ], [ 137.500875055657332, 35.446197611371062 ], [ 137.500869028232074, 35.446148500468659 ], [ 137.500863861245165, 35.446100472554321 ], [ 137.500855139231874, 35.446042167257033 ], [ 137.500854471575252, 35.446012528132471 ], [ 137.500860722278844, 35.445978611494638 ], [ 137.500853806096956, 35.445933917098621 ], [ 137.500854805948137, 35.445880360732936 ], [ 137.500868639401062, 35.445840861204786 ], [ 137.500888166995509, 35.44579997174543 ], [ 137.500901221697234, 35.445760083036546 ], [ 137.500928639184849, 35.445701056133309 ], [ 137.500960221629867, 35.445669778048206 ], [ 137.500969528523427, 35.4456549718061 ], [ 137.500954111428229, 35.445629138776468 ], [ 137.500931389320158, 35.445597027890919 ], [ 137.500914499677265, 35.445558138774217 ], [ 137.500893861137058, 35.445519611039636 ], [ 137.500869888670451, 35.445481277895411 ], [ 137.50084352767044, 35.445441693813109 ], [ 137.50082100052245, 35.445401639470759 ], [ 137.50078650021112, 35.445372082583788 ], [ 137.500741749791473, 35.445340555469343 ], [ 137.500700444392834, 35.445313917437893 ], [ 137.500656388858857, 35.445284999919281 ], [ 137.50061294434505, 35.445248806110833 ], [ 137.50057002807506, 35.445232138519195 ], [ 137.500507527574172, 35.445222500504599 ], [ 137.500433638790184, 35.445206305489563 ], [ 137.500388361215897, 35.445200832635464 ], [ 137.500349582674232, 35.445202471596005 ], [ 137.500271556161891, 35.445217027650493 ], [ 137.500202222255467, 35.445230999933884 ], [ 137.500138556350691, 35.445230916538016 ], [ 137.500107888802177, 35.445221888934867 ], [ 137.50008591712708, 35.445211305767053 ], [ 137.500075943666076, 35.445199638452905 ], [ 137.500074305565676, 35.445197639268535 ], [ 137.500070249524498, 35.445179888688834 ], [ 137.500075889207949, 35.445159250527063 ], [ 137.500094667458598, 35.445141082968007 ], [ 137.500119943652749, 35.445129111027271 ], [ 137.500157694024978, 35.44512177798191 ], [ 137.500204805748922, 35.44511444377828 ], [ 137.500235832721074, 35.445100389257298 ], [ 137.500255110897314, 35.445075361229492 ], [ 137.5002759443976, 35.445053666720007 ], [ 137.500290388870695, 35.44503363896969 ], [ 137.500294694330051, 35.445006944182722 ], [ 137.50030497166739, 35.444988694386062 ], [ 137.500323083350622, 35.444971972355454 ], [ 137.50033213864765, 35.444950750422578 ], [ 137.500320805911826, 35.444930138901164 ], [ 137.50030172160649, 35.444919110955361 ], [ 137.500289082964855, 35.444899500184405 ], [ 137.500286027864036, 35.444878055862546 ], [ 137.500311138505481, 35.444855193810859 ], [ 137.500328667486741, 35.444831778103243 ], [ 137.500324249843658, 35.444798000458526 ], [ 137.500322805614161, 35.44476888950782 ], [ 137.50032269451961, 35.444745361447431 ], [ 137.500330499458073, 35.444715694524241 ], [ 137.500343221965238, 35.444699055889501 ], [ 137.500339138695011, 35.444668778554863 ], [ 137.500341082850099, 35.444638750249567 ], [ 137.500339194242315, 35.44460802813694 ], [ 137.500344027945488, 35.444573943549088 ], [ 137.500353167108017, 35.444545082785993 ], [ 137.500372388647833, 35.444509860771113 ], [ 137.500386499837163, 35.444480972209398 ], [ 137.500281860728307, 35.444485777896517 ], [ 137.50011716737751, 35.444507500204622 ], [ 137.500113666809256, 35.44448966738733 ], [ 137.500279472194961, 35.444467832726453 ], [ 137.500396667169099, 35.444462388829251 ], [ 137.500446444073674, 35.444381471667896 ], [ 137.50045572155986, 35.444358916559345 ], [ 137.500465306189852, 35.444334388906768 ], [ 137.500495193898018, 35.44431627810323 ], [ 137.500512889521161, 35.444284499642897 ], [ 137.500517639358833, 35.444258333029779 ], [ 137.500527193492275, 35.44422172224197 ], [ 137.5005304718714, 35.444189416766058 ], [ 137.50051677783128, 35.444153694375942 ], [ 137.500489444209194, 35.44412355603442 ], [ 137.500456583087413, 35.444091916567203 ], [ 137.500430471505638, 35.444065056146762 ], [ 137.500411583249559, 35.44404941710421 ], [ 137.500401639195928, 35.444017722039746 ], [ 137.500394444188458, 35.443977610941872 ], [ 137.500383500283647, 35.443942583517355 ], [ 137.500370833323785, 35.443919277845957 ], [ 137.500354638566563, 35.443915972126256 ], [ 137.500335250384893, 35.443919361241825 ], [ 137.500296555708758, 35.443932721955491 ], [ 137.500260666715235, 35.443941222543053 ], [ 137.50023608322843, 35.443934972485756 ], [ 137.500212361269178, 35.443901139243799 ], [ 137.500190361275855, 35.443853166926708 ], [ 137.500185306472673, 35.443829916852557 ], [ 137.500179722336554, 35.443813332656788 ], [ 137.500155332720681, 35.443800166533499 ], [ 137.500119638687238, 35.44379611140922 ], [ 137.500087110849165, 35.443790972138608 ], [ 137.500062722322468, 35.443776888660722 ], [ 137.500040555687264, 35.443746832556798 ], [ 137.500032138639483, 35.443710000538275 ], [ 137.500000583423514, 35.443675861511451 ], [ 137.499999999632422, 35.443675222143099 ], [ 137.499986332821379, 35.443660443699613 ], [ 137.499953639430601, 35.443610167571563 ], [ 137.499892416517326, 35.44345680603778 ], [ 137.49988566697732, 35.443428056469187 ], [ 137.499812332577022, 35.443163556036652 ], [ 137.499743832969074, 35.442925222217234 ], [ 137.499720166557125, 35.442850111493463 ], [ 137.499735582563147, 35.442847193796219 ], [ 137.499741306112071, 35.442846083009535 ], [ 137.49972052815906, 35.442800443460307 ], [ 137.499634056280712, 35.44277130586925 ], [ 137.499649638928588, 35.442761694495005 ], [ 137.499623000192173, 35.442762499496823 ], [ 137.499563749752156, 35.442687388773052 ], [ 137.499543639455766, 35.442672027716739 ], [ 137.499512194245227, 35.442657860842985 ], [ 137.499469194109736, 35.442651221604955 ], [ 137.499344471933512, 35.442642916766033 ], [ 137.49928591746837, 35.442626417124416 ], [ 137.499299167130175, 35.442602750070904 ], [ 137.499239361217292, 35.442606694000688 ], [ 137.499014416486176, 35.442522861458635 ], [ 137.498947694391433, 35.442501139150529 ], [ 137.498885193890516, 35.442490139003354 ], [ 137.498822499518695, 35.442483638758446 ], [ 137.498758138728249, 35.442481556178194 ], [ 137.4987320554647, 35.442480722219479 ], [ 137.498721221565319, 35.442468361098001 ], [ 137.498691638822663, 35.442434500057423 ], [ 137.498660333024901, 35.442426666636834 ], [ 137.498554083044723, 35.442409833411723 ], [ 137.49842505649832, 35.4424016108104 ], [ 137.498316305801012, 35.442395610940721 ], [ 137.498239694110765, 35.442404916530101 ], [ 137.498114138725242, 35.44243627801108 ], [ 137.498073055515761, 35.442438833167934 ], [ 137.498034389157823, 35.442433083485874 ], [ 137.497892444055026, 35.442391806004061 ], [ 137.49769936059451, 35.442342500511295 ], [ 137.497573749661711, 35.44230416736707 ], [ 137.49747402812153, 35.442265139257252 ], [ 137.497392860464544, 35.442215889361734 ], [ 137.4973212502085, 35.442158832685969 ], [ 137.497266666829802, 35.442093805913053 ], [ 137.497206638727789, 35.442012582966832 ], [ 137.497150333383189, 35.441926194109648 ], [ 137.497149027477349, 35.441901972241936 ], [ 137.497147721571508, 35.441879693961354 ], [ 137.497133832571308, 35.441848917409757 ], [ 137.497125916538266, 35.441801777893112 ], [ 137.497124332895993, 35.441764666730066 ], [ 137.497114888767953, 35.441740888482066 ], [ 137.497105971794554, 35.441718472366638 ], [ 137.497084860557834, 35.441673889165124 ], [ 137.497076082997239, 35.441666667314259 ], [ 137.497075860808081, 35.441666471565618 ], [ 137.497051721699592, 35.441646582808417 ], [ 137.496998305903105, 35.441622388739333 ], [ 137.496940056403446, 35.441604083345432 ], [ 137.496891000524442, 35.441589528449214 ], [ 137.496840305455891, 35.44155594423659 ], [ 137.496790389138511, 35.441525333318467 ], [ 137.496711417233115, 35.44147652820093 ], [ 137.496672806422509, 35.441456971868945 ], [ 137.496616306117801, 35.441430721859959 ], [ 137.496558556543732, 35.441398888960649 ], [ 137.496491806130763, 35.441372638951663 ], [ 137.496423860906532, 35.441350471865569 ], [ 137.496355082472974, 35.441334083418447 ], [ 137.496283694406088, 35.441306778220024 ], [ 137.496233638675903, 35.441298083042092 ], [ 137.496151832769698, 35.441276944505091 ], [ 137.496064832647505, 35.441252305658018 ], [ 137.495981082586241, 35.441220166973849 ], [ 137.495882417533693, 35.441169693938875 ], [ 137.495801194329403, 35.441134583118483 ], [ 137.495738806012241, 35.441118166872734 ], [ 137.495643139424061, 35.441104193431073 ], [ 137.495546027517236, 35.441091277495396 ], [ 137.495469444145215, 35.441084278033529 ], [ 137.495387917064591, 35.441080722126209 ], [ 137.495355666962979, 35.441083417434463 ], [ 137.495309943921228, 35.441107250121433 ], [ 137.495257888488709, 35.441145694460154 ], [ 137.495200778253007, 35.441184971599313 ], [ 137.495162667367964, 35.441212582582601 ], [ 137.49512083263636, 35.441247221984653 ], [ 137.495065777650296, 35.441279193877087 ], [ 137.494997583007859, 35.441299749801253 ], [ 137.494916971912886, 35.441303832724159 ], [ 137.494844555676593, 35.441294111313688 ], [ 137.494791360980088, 35.441266222344161 ], [ 137.494756888986984, 35.441239638751682 ], [ 137.49473350031144, 35.441207611262008 ], [ 137.494727028507867, 35.441184194396115 ], [ 137.494688027777073, 35.441172111260883 ], [ 137.49461561154078, 35.441119693480502 ], [ 137.494521443640195, 35.441005917187297 ], [ 137.494376693943934, 35.440828471620655 ], [ 137.494354028472316, 35.440789305675992 ], [ 137.494336721680185, 35.440794944163557 ], [ 137.494321805599753, 35.44078155565127 ], [ 137.494315943727173, 35.440748055992799 ], [ 137.494288555646961, 35.440730277614477 ], [ 137.494280722390243, 35.44072524953836 ], [ 137.494214194166432, 35.440698832737631 ], [ 137.494188833017603, 35.44069394365463 ], [ 137.494171639498376, 35.44069055569733 ], [ 137.494085028207223, 35.440678999577678 ], [ 137.493258110986488, 35.440537444351172 ], [ 137.49284594357826, 35.440454194421946 ], [ 137.492585556410233, 35.440675389231387 ], [ 137.492522361023646, 35.440625527766137 ], [ 137.492480528470338, 35.440631416441327 ], [ 137.49238749983374, 35.440640221655478 ], [ 137.49232358342158, 35.440636611309188 ], [ 137.492276528334088, 35.440629610689044 ], [ 137.492233499880371, 35.440610250105699 ], [ 137.492198139130636, 35.440584860695779 ], [ 137.492150943541191, 35.440488971658844 ], [ 137.492113221487188, 35.440364694435424 ], [ 137.492107111285549, 35.440300166879467 ], [ 137.492127916467638, 35.440132167053598 ], [ 137.492121971818705, 35.440103694312967 ], [ 137.492106222528946, 35.440076693741126 ], [ 137.492068610480345, 35.440041028106535 ], [ 137.491971778488278, 35.440033361477695 ], [ 137.4919651672719, 35.440004443959076 ], [ 137.491716110661343, 35.440001139397651 ], [ 137.49168427770897, 35.440026916830028 ], [ 137.491667249742449, 35.44003680619052 ], [ 137.491666667040505, 35.440037138615729 ], [ 137.491658556047355, 35.44004186090698 ], [ 137.491635499566399, 35.44005849954172 ], [ 137.491600472100401, 35.440088611242892 ], [ 137.491550222499313, 35.440138500506762 ], [ 137.491492611248873, 35.440190027572903 ], [ 137.49142844432933, 35.440232222409307 ], [ 137.491364167404413, 35.440242944570237 ], [ 137.491278527646188, 35.440253611133919 ], [ 137.49117999982812, 35.440271389512247 ], [ 137.491094389477297, 35.440289194530919 ], [ 137.491004471488765, 35.440310416463788 ], [ 137.490927360962104, 35.440335166505356 ], [ 137.490876055962531, 35.440366750375325 ], [ 137.490842111124067, 35.44044741734907 ], [ 137.490808193514653, 35.440559639235879 ], [ 137.490795778151323, 35.44064730567149 ], [ 137.490796111435031, 35.440727889249366 ], [ 137.490804917313852, 35.440787444326453 ], [ 137.490830805617321, 35.440843443496227 ], [ 137.490860889374716, 35.440867888911207 ], [ 137.490933916631178, 35.440899221435288 ], [ 137.490994083056847, 35.440930610714886 ], [ 137.49104133310442, 35.440958444087165 ], [ 137.491060166902372, 35.440983889094333 ], [ 137.491052249780154, 35.441015193819787 ], [ 137.491046582867682, 35.441033693804059 ], [ 137.491045389145569, 35.441037306466903 ], [ 137.491022000470053, 35.441052499573189 ], [ 137.491013083496654, 35.441058389406649 ], [ 137.490968416942536, 35.441094110638495 ], [ 137.49095225050354, 35.441128777839175 ], [ 137.490938110995984, 35.441173527832433 ], [ 137.49093491648236, 35.441199861237294 ], [ 137.49096036149669, 35.441232943916404 ], [ 137.4910007498205, 35.441273499792267 ], [ 137.491035027942701, 35.441307306393881 ], [ 137.491079167342178, 35.441353332807296 ], [ 137.491113417146153, 35.441383611300211 ], [ 137.491171999929549, 35.441403277668414 ], [ 137.491223055510886, 35.441420832499468 ], [ 137.491264000396768, 35.441440166442462 ], [ 137.491288000092453, 35.441462389125796 ], [ 137.491294500214252, 35.441492749856309 ], [ 137.491309333518331, 35.441536333465635 ], [ 137.491343861058738, 35.441575443813051 ], [ 137.491382443551146, 35.441612389342623 ], [ 137.49140733309261, 35.441640000325911 ], [ 137.491418666917582, 35.441666471565618 ], [ 137.491418749693935, 35.441666667314259 ], [ 137.491420888809074, 35.441671694232099 ], [ 137.491419082977643, 35.441711638538237 ], [ 137.491403278140609, 35.441751777434739 ], [ 137.491381389241837, 35.441788082437682 ], [ 137.491367443605213, 35.441826166552566 ], [ 137.491350083444104, 35.441862250324789 ], [ 137.491322221578201, 35.441895417558051 ], [ 137.49129655546389, 35.441921249429406 ], [ 137.491264860835145, 35.441956139019076 ], [ 137.49122047201746, 35.441984749594553 ], [ 137.491124110543581, 35.442014943533323 ], [ 137.4910406109897, 35.442042110896899 ], [ 137.490988944388164, 35.442067472508199 ], [ 137.490946444178263, 35.442100860972175 ], [ 137.490908805989761, 35.442137389522387 ], [ 137.490890749853833, 35.442166806257958 ], [ 137.490885166806862, 35.442197556169205 ], [ 137.490867250083738, 35.442235832557898 ], [ 137.490835861509623, 35.442267472025115 ], [ 137.490819833394283, 35.4422782497833 ], [ 137.490831056124676, 35.44230633334319 ], [ 137.490849360589664, 35.442339082438814 ], [ 137.490859778428984, 35.442381527462835 ], [ 137.490859083543313, 35.442428388993243 ], [ 137.490865139286797, 35.442481999797906 ], [ 137.490869860806242, 35.442531943500747 ], [ 137.490884332508386, 35.442571388589926 ], [ 137.490894277651165, 35.44260236089017 ], [ 137.490885611185149, 35.442637999884411 ], [ 137.490859193548715, 35.442674833061211 ], [ 137.490828499860299, 35.442708278280712 ], [ 137.49079438946913, 35.442744972464389 ], [ 137.490763639144262, 35.442796694120894 ], [ 137.490748805840184, 35.442830638557353 ], [ 137.490732193933724, 35.442864028179606 ], [ 137.490696193845622, 35.442901888747215 ], [ 137.49065491676518, 35.442932833248832 ], [ 137.490602528048925, 35.442970027807746 ], [ 137.490538083392977, 35.442997333006169 ], [ 137.490496111426864, 35.44302600033717 ], [ 137.490450749987076, 35.443057306220894 ], [ 137.490417971641648, 35.443092278048162 ], [ 137.490382639210139, 35.443131860972187 ], [ 137.490348972108109, 35.443165749811399 ], [ 137.490300666662051, 35.44320491691434 ], [ 137.490255249674988, 35.443251361465386 ], [ 137.490200916803673, 35.443303166517758 ], [ 137.490163167520564, 35.443335278561584 ], [ 137.490116777911368, 35.443358916658191 ], [ 137.490039056364537, 35.443372471962221 ], [ 137.489966499626263, 35.44337744444109 ], [ 137.489896749659778, 35.44337691742551 ], [ 137.489796610970359, 35.443370860800307 ], [ 137.489733472220223, 35.443362832789347 ], [ 137.489674027909302, 35.443343777990876 ], [ 137.489629277489684, 35.443313167072745 ], [ 137.489600305767169, 35.443284417504145 ], [ 137.48954747158345, 35.443267972301499 ], [ 137.489485611510105, 35.443249194330988 ], [ 137.489436777820259, 35.44321155615237 ], [ 137.489401028239513, 35.443172166660439 ], [ 137.489364499907595, 35.443152361299113 ], [ 137.489316416650723, 35.443139666594149 ], [ 137.489264556178284, 35.443117999883299 ], [ 137.489230777981675, 35.443099611093523 ], [ 137.489190110832226, 35.443096110783451 ], [ 137.489141110500526, 35.443094722010521 ], [ 137.48908761083851, 35.443077638597799 ], [ 137.489074027892997, 35.443070194357951 ], [ 137.489053194392682, 35.443064027696522 ], [ 137.489009361047863, 35.443067750395585 ], [ 137.488971499581055, 35.443071638728121 ], [ 137.488939444439524, 35.443074444072593 ], [ 137.48888630637947, 35.443061138956182 ], [ 137.488836666709375, 35.443044333529699 ], [ 137.488790832573045, 35.443040833219627 ], [ 137.488767832728513, 35.443046221519573 ], [ 137.488744250182066, 35.44307088932355 ], [ 137.48872008275535, 35.443088444154604 ], [ 137.488704971714839, 35.443114443975979 ], [ 137.488700943991915, 35.443148888787661 ], [ 137.488704971714839, 35.443167638959551 ], [ 137.488710249796299, 35.443189443505254 ], [ 137.488695472039524, 35.443216139450499 ], [ 137.488664694485578, 35.443234528240275 ], [ 137.48863911114762, 35.443250388513547 ], [ 137.488622249822953, 35.443279999839483 ], [ 137.488601111357156, 35.443308443623216 ], [ 137.488600778073447, 35.44333205623775 ], [ 137.488594333498924, 35.443348555879375 ], [ 137.488595222255526, 35.443377500038338 ], [ 137.488592667080297, 35.443402750455135 ], [ 137.488608943524696, 35.443424332611848 ], [ 137.488612721829412, 35.443458667387311 ], [ 137.48860105580988, 35.443490889467355 ], [ 137.48859144395081, 35.443509667437866 ], [ 137.488601471869941, 35.443534417479434 ], [ 137.488588028337205, 35.443563749660861 ], [ 137.488562638870178, 35.443579777884146 ], [ 137.488564694119816, 35.443595083343212 ], [ 137.488585167107317, 35.44361838901461 ], [ 137.488608611330136, 35.443644555627728 ], [ 137.48860938899216, 35.443670972428457 ], [ 137.488600167053278, 35.443707666612134 ], [ 137.488587388998837, 35.443736638569725 ], [ 137.488593666931479, 35.443759888643875 ], [ 137.488608417459204, 35.443789666761553 ], [ 137.488612472411205, 35.443837083106168 ], [ 137.488623722370676, 35.443867250404587 ], [ 137.488641361357338, 35.443900638868563 ], [ 137.488659583045973, 35.443938278205458 ], [ 137.488684056527347, 35.443969221548798 ], [ 137.48870077843921, 35.443995500514689 ], [ 137.488725666891497, 35.444019943613114 ], [ 137.488746027695271, 35.444041889468487 ], [ 137.488760443850111, 35.444069332501755 ], [ 137.488799333486355, 35.444094389486466 ], [ 137.488832388479068, 35.444125306189456 ], [ 137.488867056521428, 35.444147110735159 ], [ 137.488900083195915, 35.444171083573529 ], [ 137.488914638763561, 35.44420152769991 ], [ 137.488958555973909, 35.444224306355729 ], [ 137.488989749587887, 35.444251443604131 ], [ 137.489001638885753, 35.444278278542498 ], [ 137.488998444372129, 35.44431055621979 ], [ 137.488990750528245, 35.444341028144798 ], [ 137.488988472000273, 35.444376555944551 ], [ 137.488979499479598, 35.444418055815355 ], [ 137.488978499628445, 35.444445361013777 ], [ 137.488991999797634, 35.444455971980211 ], [ 137.48903486052032, 35.444464778352639 ], [ 137.48908202779154, 35.444469610680109 ], [ 137.489110167393903, 35.444480332841046 ], [ 137.489125305663492, 35.444518333560055 ], [ 137.489156027670134, 35.444542499830519 ], [ 137.489193611400509, 35.444553056357982 ], [ 137.489235972197633, 35.444566278078518 ], [ 137.489275000157477, 35.444571944364711 ], [ 137.489320028313557, 35.444568028233554 ], [ 137.489372028198801, 35.444573221943138 ], [ 137.489407693914018, 35.444591860920532 ], [ 137.489432305719049, 35.444604971446573 ], [ 137.489477332785953, 35.444594556228786 ], [ 137.48951519425276, 35.444587249823776 ], [ 137.489553000172322, 35.444597417170506 ], [ 137.489588443698381, 35.444613916812123 ], [ 137.489637667308415, 35.444612166657087 ], [ 137.489687888591277, 35.44461230565021 ], [ 137.489728194138763, 35.444609750493349 ], [ 137.48977316674754, 35.444618194325393 ], [ 137.489810806025218, 35.444634332584897 ], [ 137.489843667146999, 35.444642888769714 ], [ 137.489890306174431, 35.444625082592765 ], [ 137.48995291668075, 35.444608610749768 ], [ 137.490030722093081, 35.44459280607375 ], [ 137.490087638457851, 35.444587083032033 ], [ 137.490114027776059, 35.444573666721126 ], [ 137.490150943849841, 35.444547333316265 ], [ 137.490199222066821, 35.444531972259952 ], [ 137.490278444479571, 35.444508777783049 ], [ 137.490327332627544, 35.444501889515678 ], [ 137.490373611142161, 35.444502916906494 ], [ 137.490407249925994, 35.444516639002266 ], [ 137.490423777966924, 35.444542722219509 ], [ 137.490431611223613, 35.444574888702306 ], [ 137.490422527608388, 35.444619610896943 ], [ 137.490412472460179, 35.444665082496151 ], [ 137.490415389237342, 35.444708860695847 ], [ 137.490421305568049, 35.444752388707926 ], [ 137.4904377225144, 35.444779471517357 ], [ 137.490448388682779, 35.444801721999319 ], [ 137.490480972068127, 35.444823527703292 ], [ 137.490502472135887, 35.444834555649088 ], [ 137.490538056163899, 35.444831138734891 ], [ 137.490577389089282, 35.444837249799065 ], [ 137.490621833454242, 35.444849193941174 ], [ 137.490673166772041, 35.444848361140735 ], [ 137.490716471873043, 35.444854916982891 ], [ 137.490748999711087, 35.444861139241567 ], [ 137.490793361299723, 35.444855694186089 ], [ 137.490835444360386, 35.444852861042989 ], [ 137.490880639158348, 35.44486186084751 ], [ 137.490897832677575, 35.444840444324271 ], [ 137.490912721528929, 35.44478461078797 ], [ 137.490930111097413, 35.444753833078096 ], [ 137.490977499468613, 35.444758833355586 ], [ 137.490994611300664, 35.444773944224288 ], [ 137.490998999536373, 35.444791138831505 ], [ 137.491027832935231, 35.444785111163199 ], [ 137.491071499638196, 35.444771917241283 ], [ 137.491110943658128, 35.444774333405022 ], [ 137.4911360826178, 35.444776332589399 ], [ 137.491183416530873, 35.444772694444481 ], [ 137.491233110659095, 35.444773999821535 ], [ 137.491275388679867, 35.444767777562859 ], [ 137.491317777795189, 35.444736471679136 ], [ 137.491359055964779, 35.444705888559625 ], [ 137.491378888524736, 35.44467986093963 ], [ 137.491384971497325, 35.444653888916882 ], [ 137.491404000255358, 35.444621110864361 ], [ 137.49143938932329, 35.444603000060823 ], [ 137.49147947159247, 35.44460119430854 ], [ 137.491510750161126, 35.444595333431977 ], [ 137.491549416519035, 35.444571972163338 ], [ 137.491595555620876, 35.444564805909721 ], [ 137.491648972506511, 35.444566111286775 ], [ 137.491666667040505, 35.444564943744567 ], [ 137.491667249742449, 35.444564917104223 ], [ 137.491706360478645, 35.444562360789085 ], [ 137.491757777661945, 35.444559333055622 ], [ 137.491807917257631, 35.444562082802847 ], [ 137.491835527527002, 35.444551638628155 ], [ 137.491871332655023, 35.444529443743441 ], [ 137.491907083324946, 35.444516194224278 ], [ 137.491935110743555, 35.444473750358533 ], [ 137.49197058258784, 35.444446000382129 ], [ 137.491987638872587, 35.444417194058005 ], [ 137.492000139190623, 35.444372888842736 ], [ 137.492027971649151, 35.444338833211781 ], [ 137.492070749595484, 35.444319806211929 ], [ 137.492119472190751, 35.444302888432674 ], [ 137.492166471730968, 35.444291860486878 ], [ 137.492201249778759, 35.444256250449534 ], [ 137.492232971636554, 35.444202806436614 ], [ 137.492242332988241, 35.444173028318936 ], [ 137.492232777765651, 35.444150082871374 ], [ 137.492205028083475, 35.444130499899039 ], [ 137.492173277907426, 35.444095693705243 ], [ 137.492146582534559, 35.444058806089465 ], [ 137.492132139150641, 35.444024971689231 ], [ 137.492134638778566, 35.443989806429869 ], [ 137.492157083150204, 35.443960167305306 ], [ 137.492163249988295, 35.443927806232146 ], [ 137.492172777981835, 35.443887027967286 ], [ 137.492183750204873, 35.44385291673909 ], [ 137.492199805549262, 35.443819000101257 ], [ 137.492216889063087, 35.443791083333103 ], [ 137.492223832474025, 35.443763388953947 ], [ 137.492246028516604, 35.443721499902402 ], [ 137.492263193717605, 35.443691888576467 ], [ 137.492260860731534, 35.443663055611999 ], [ 137.492267638589766, 35.443621222157702 ], [ 137.492290500110641, 35.443578778291958 ], [ 137.492332332663949, 35.443549389355013 ], [ 137.492361056057405, 35.443539306562435 ], [ 137.492364277800078, 35.443519277653841 ], [ 137.492352027989426, 35.443488110763234 ], [ 137.492340221467941, 35.443456611447409 ], [ 137.492329667483318, 35.443407055767025 ], [ 137.492325055969275, 35.443353806344483 ], [ 137.492331721643779, 35.443312138523659 ], [ 137.492344361374592, 35.443278666663808 ], [ 137.492342471677659, 35.443247028354868 ], [ 137.4923332225097, 35.443195861512571 ], [ 137.4923371935962, 35.443141222158822 ], [ 137.49234936063047, 35.443098721537552 ], [ 137.492353278347991, 35.443056889241539 ], [ 137.492350722083586, 35.443023638612402 ], [ 137.492355806294142, 35.442972860950839 ], [ 137.492352444049516, 35.442933582653403 ], [ 137.492335806003155, 35.442901360573359 ], [ 137.492313082805936, 35.442866082961231 ], [ 137.492295972063062, 35.442833860881187 ], [ 137.492292305942073, 35.442796721919521 ], [ 137.492301805617387, 35.44274874960243 ], [ 137.492327471731699, 35.442697832947744 ], [ 137.492355555786787, 35.442669832783722 ], [ 137.49238933289422, 35.442627361119349 ], [ 137.492416082725214, 35.442595193478283 ], [ 137.492438528186028, 35.442563417334497 ], [ 137.492468333117841, 35.442526471804925 ], [ 137.492492861057343, 35.442491611172152 ], [ 137.492515306518129, 35.442456194566901 ], [ 137.492548666476353, 35.442421694157964 ], [ 137.49258266686212, 35.442391111038461 ], [ 137.492624721604557, 35.442356306002935 ], [ 137.492647306478148, 35.442327499678818 ], [ 137.492673916896365, 35.44228774996305 ], [ 137.492721332496643, 35.442248250434893 ], [ 137.492765471896121, 35.442215305590629 ], [ 137.492814138944112, 35.442181639140415 ], [ 137.492866249923907, 35.442156249730495 ], [ 137.492921360457245, 35.442140610687943 ], [ 137.492961832646586, 35.442123916455955 ], [ 137.493021083086575, 35.442096166479544 ], [ 137.493068916925267, 35.442071694424214 ], [ 137.493123443667486, 35.442046306172571 ], [ 137.493171277506178, 35.442025083081425 ], [ 137.493208944012906, 35.44199813926511 ], [ 137.493244056433582, 35.441964332663503 ], [ 137.493302444256898, 35.441940916955886 ], [ 137.493395222386113, 35.441918306250088 ], [ 137.493482971852103, 35.441907610729501 ], [ 137.493553749987996, 35.44190219347265 ], [ 137.493628000373945, 35.441902528214413 ], [ 137.493685972137172, 35.441909221891422 ], [ 137.493744860975227, 35.441929360836234 ], [ 137.493784528273466, 35.441958999960796 ], [ 137.493817389395275, 35.441993971788065 ], [ 137.49383063905708, 35.442026638646091 ], [ 137.493858861435768, 35.442035221471251 ], [ 137.493926750023576, 35.442044500420288 ], [ 137.493987417463984, 35.442064443616459 ], [ 137.494060055889435, 35.442078749483329 ], [ 137.49413416686258, 35.442098027829076 ], [ 137.494184694200101, 35.442117999982145 ], [ 137.494223277781686, 35.442127361168779 ], [ 137.494271667093216, 35.442136777952655 ], [ 137.49433169410608, 35.442162306355698 ], [ 137.494367083174041, 35.442197278182967 ], [ 137.494402138958264, 35.442205638619136 ], [ 137.49445402774893, 35.442206778362717 ], [ 137.494506360917882, 35.442207360975544 ], [ 137.494546388728935, 35.442216332981438 ], [ 137.494576110884395, 35.442216527571809 ], [ 137.494621916702499, 35.44220747217004 ], [ 137.494671999661733, 35.442205193841147 ], [ 137.494725778149331, 35.442205667576033 ], [ 137.49478402764899, 35.442202000474218 ], [ 137.494868305954071, 35.442203832866845 ], [ 137.494946360784638, 35.442194806421981 ], [ 137.495003943716853, 35.442187971435303 ], [ 137.495060610663387, 35.442175277888623 ], [ 137.495152388941449, 35.442154028157127 ], [ 137.495220805773073, 35.442131861071033 ], [ 137.495335222293676, 35.442093056508483 ], [ 137.495404610658227, 35.442070943861367 ], [ 137.495479749800779, 35.44204569344457 ], [ 137.495550167423886, 35.442026028234643 ], [ 137.495607222112312, 35.442024806253457 ], [ 137.495657999957217, 35.442023388523637 ], [ 137.495710693638955, 35.442011167553559 ], [ 137.495777110768216, 35.44198080566477 ], [ 137.495831332544952, 35.441958916564921 ], [ 137.495891388965191, 35.441940722365516 ], [ 137.495971806189232, 35.441917693522086 ], [ 137.496051611303926, 35.44190377799422 ], [ 137.496136193485341, 35.441901110484594 ], [ 137.496183500169366, 35.441910000252889 ], [ 137.496272639406698, 35.441915444150091 ], [ 137.496365500312294, 35.441917444492745 ], [ 137.496408889278797, 35.441915527545966 ], [ 137.496463193831886, 35.441919778418885 ], [ 137.496500250407621, 35.441931861554117 ], [ 137.49652877775182, 35.441931861554117 ], [ 137.496561056171686, 35.441900500073139 ], [ 137.49658780600268, 35.441872833492603 ], [ 137.496625777474918, 35.441863277715605 ], [ 137.496666194116955, 35.441865610483468 ], [ 137.496718944435173, 35.441885193455803 ], [ 137.496770999867692, 35.44190588953137 ], [ 137.496823277489369, 35.441919443677122 ], [ 137.496878278017277, 35.441928750424779 ], [ 137.496947999665565, 35.44192541690645 ], [ 137.496999610719797, 35.441913999779921 ], [ 137.497043999537482, 35.441915056127634 ], [ 137.497092944321906, 35.441926277505523 ], [ 137.497115667519125, 35.441933500514658 ], [ 137.497126027632845, 35.441936806234359 ], [ 137.49718266735033, 35.442023749905751 ], [ 137.497243500343444, 35.442106055840036 ], [ 137.4973000561954, 35.442173416539092 ], [ 137.497374972059646, 35.44223305617033 ], [ 137.497459777519396, 35.442284555437837 ], [ 137.497563056264283, 35.442324944521957 ], [ 137.497690417481238, 35.442363805840039 ], [ 137.497883722041735, 35.442413193570403 ], [ 137.498027306334109, 35.442454916988474 ], [ 137.498071500191713, 35.442461556226505 ], [ 137.498119305712152, 35.44245861073064 ], [ 137.498245832630602, 35.44242700022032 ], [ 137.498317499523125, 35.442418332841015 ], [ 137.498423055706809, 35.442424082523075 ], [ 137.498550416923734, 35.442432193929903 ], [ 137.498653693490326, 35.442448583535302 ], [ 137.498674667492566, 35.442453860640761 ], [ 137.498697583471568, 35.442480028412149 ], [ 137.498709082849246, 35.442493138938197 ], [ 137.498738722228353, 35.442527305763647 ], [ 137.498777221944408, 35.442568638842701 ], [ 137.498780583099887, 35.442572250347276 ], [ 137.498783917026287, 35.442575832894939 ], [ 137.498784193673572, 35.442576138679804 ], [ 137.498814639032929, 35.442614360629527 ], [ 137.498822583384225, 35.442641832619699 ], [ 137.498791416999268, 35.442910000154043 ], [ 137.498783250458843, 35.442935888780923 ], [ 137.498770361309823, 35.442959721467894 ], [ 137.498670971964202, 35.44311413934939 ], [ 137.498648749781722, 35.443149721588107 ], [ 137.49864258294366, 35.443174332636559 ], [ 137.498624583444183, 35.443271193467055 ], [ 137.498603361112856, 35.443440527626876 ], [ 137.498589249923498, 35.443520888815755 ], [ 137.49857216749885, 35.443566721797076 ], [ 137.498552778228031, 35.443592389193235 ], [ 137.498444389132686, 35.443704444288308 ], [ 137.498356306382988, 35.443794832672516 ], [ 137.498345499712656, 35.443816778527889 ], [ 137.498327611307758, 35.44391227838409 ], [ 137.498343917159559, 35.443914388762963 ], [ 137.498361583375299, 35.443820333276932 ], [ 137.498370778085132, 35.443801749896785 ], [ 137.498457416605362, 35.443712889278622 ], [ 137.498566332855347, 35.443600193656927 ], [ 137.498587278539389, 35.443572361442918 ], [ 137.498605360815219, 35.44352383315335 ], [ 137.498619778059236, 35.443442194386037 ], [ 137.498641000390535, 35.443272861384493 ], [ 137.498658777700854, 35.443176638764072 ], [ 137.498664417384276, 35.443154167051397 ], [ 137.498685638626426, 35.443120417205307 ], [ 137.498785250161205, 35.442965639099981 ], [ 137.498798916972248, 35.442940360884556 ], [ 137.498807721761892, 35.442912306281563 ], [ 137.498839332525137, 35.442640888624759 ], [ 137.498830056128128, 35.442609000128201 ], [ 137.498798305952079, 35.442569082462413 ], [ 137.498797722160987, 35.442568360856463 ], [ 137.498795027572953, 35.442565444317495 ], [ 137.498791667506651, 35.442561832812927 ], [ 137.498762750242264, 35.442530778275092 ], [ 137.498793278377974, 35.442532028054899 ], [ 137.498814972316666, 35.442532888653965 ], [ 137.498875027647756, 35.442539027516766 ], [ 137.498929917081085, 35.442548777884134 ], [ 137.498990694526924, 35.442568527648206 ], [ 137.49921300021731, 35.4426513061591 ], [ 137.499251611027944, 35.442691667444599 ], [ 137.49926211055444, 35.442672083313987 ], [ 137.499332028251956, 35.442691806437715 ], [ 137.499461138663861, 35.442700389262875 ], [ 137.499491443521265, 35.442705082597229 ], [ 137.499507777691292, 35.442712416800859 ], [ 137.499516972401125, 35.442719417421003 ], [ 137.499572111252661, 35.442789416672788 ], [ 137.499570194326679, 35.442806639078633 ], [ 137.499590638995954, 35.442795306506248 ], [ 137.499603610921326, 35.442873139178623 ], [ 137.499624111137905, 35.442870389431398 ], [ 137.499647528131675, 35.442944610599199 ], [ 137.499715694455887, 35.443181832473655 ], [ 137.499788499523191, 35.443444278124566 ], [ 137.499798166929537, 35.443472528476207 ], [ 137.49981144382042, 35.443535471510593 ], [ 137.499816693583682, 35.443603693966999 ], [ 137.499816416936397, 35.443668417271603 ], [ 137.499814028403023, 35.443733583037634 ], [ 137.499827000328423, 35.443755194151244 ], [ 137.499829028348984, 35.443767610869962 ], [ 137.499826943691971, 35.443821082681502 ], [ 137.499812360895248, 35.44386238912022 ], [ 137.499774778254022, 35.443910111249693 ], [ 137.499759972178992, 35.443955028034694 ], [ 137.499751778409518, 35.443971722266681 ], [ 137.499710417463575, 35.44403916751989 ], [ 137.499677388610763, 35.44409624967772 ], [ 137.499646444414964, 35.444122638679829 ], [ 137.499608611266382, 35.444137250331565 ], [ 137.499546027989112, 35.444162389553874 ], [ 137.499481027860298, 35.44418366708399 ], [ 137.499362166467506, 35.444210499705811 ], [ 137.499259722021065, 35.44423547213637 ], [ 137.499218249980572, 35.444250833192683 ], [ 137.499176943492756, 35.444251832784872 ], [ 137.499131332634732, 35.444219332718582 ], [ 137.499116278230673, 35.444203250056326 ], [ 137.499101110553681, 35.444185443879377 ], [ 137.499071138980014, 35.444180750545023 ], [ 137.499035110573686, 35.444179944384928 ], [ 137.497482667358497, 35.444567305469334 ], [ 137.497462889256639, 35.444579694389425 ], [ 137.49745294411386, 35.444595250036109 ], [ 137.497453361263098, 35.444616417530007 ], [ 137.497450417256857, 35.444654639479729 ], [ 137.497430944120538, 35.444739332620856 ], [ 137.49739741752046, 35.444813528306582 ], [ 137.497345027715028, 35.444875860929521 ], [ 137.497316221545248, 35.444917333001705 ], [ 137.497295860741474, 35.445003111447434 ], [ 137.497269361417835, 35.445119556408542 ], [ 137.497254693666463, 35.445171971872369 ], [ 137.497249110619464, 35.445207388477627 ], [ 137.497245249538423, 35.445231194524254 ], [ 137.497230500099846, 35.445287055859183 ], [ 137.497203916910706, 35.445331722456565 ], [ 137.497156222484818, 35.445384971879115 ], [ 137.49714027823498, 35.445418166910997 ], [ 137.497129944261189, 35.445429111460925 ], [ 137.497120638456778, 35.445438971864512 ], [ 137.497092860456377, 35.445460389546028 ], [ 137.497078222112378, 35.445494860998068 ], [ 137.497062749469904, 35.445536028443655 ], [ 137.497039971814559, 35.445568528509938 ], [ 137.49700972250443, 35.445604221943157 ], [ 137.496993500518158, 35.445626250036128 ], [ 137.496966360766976, 35.445666527925745 ], [ 137.496962721875065, 35.445690806548981 ], [ 137.496962999611497, 35.445709805750212 ], [ 137.496980694145492, 35.445721471906083 ], [ 137.496995694091424, 35.445731528058317 ], [ 137.496992250159622, 35.445750389424703 ], [ 137.496989860537099, 35.445781860941899 ], [ 137.497004306099313, 35.44578497207123 ], [ 137.497028639078735, 35.445786082857914 ], [ 137.497044889383233, 35.445802443506416 ], [ 137.497058721746981, 35.445841694005232 ], [ 137.497064416977707, 35.445859249994562 ], [ 137.497067721496734, 35.44588647179711 ], [ 137.49706694383471, 35.445915305919854 ], [ 137.497078916998049, 35.445931861158726 ], [ 137.497094693516885, 35.445940749768745 ], [ 137.49709716700491, 35.445978971718475 ], [ 137.497102889464685, 35.446000028017878 ], [ 137.497121222247898, 35.446011000366425 ], [ 137.497132332794536, 35.446009332448988 ], [ 137.497144999754425, 35.446007583452221 ], [ 137.497169305504769, 35.446003278140331 ], [ 137.497185166978255, 35.446003693961416 ], [ 137.497202611004866, 35.446013194141166 ], [ 137.497227083397064, 35.446044222038658 ], [ 137.497263750052639, 35.446039082768046 ], [ 137.497285250120399, 35.446045694207456 ], [ 137.4973073612083, 35.446061943661455 ], [ 137.497336721761798, 35.446077278077418 ], [ 137.497356499863656, 35.446094083503901 ], [ 137.497386193700891, 35.44610599984739 ], [ 137.497422193788992, 35.446126971592648 ], [ 137.497451639297196, 35.446162055772689 ], [ 137.497479166790214, 35.446185250249592 ], [ 137.497538806061215, 35.446225832765798 ], [ 137.497586500487103, 35.446249388624814 ], [ 137.497619166648803, 35.446267610622847 ], [ 137.497668360851435, 35.446280277529183 ], [ 137.49770949960822, 35.446294222013947 ], [ 137.497739527818339, 35.446311444419791 ], [ 137.497772833318436, 35.446320277432562 ], [ 137.497795471561005, 35.446333027734774 ], [ 137.497824028312579, 35.446365388807934 ], [ 137.497853611055262, 35.446380000459676 ], [ 137.497868499906616, 35.446358693972655 ], [ 137.49790527765677, 35.446327944061409 ], [ 137.497947194075579, 35.44631691727389 ], [ 137.497977277832973, 35.446317833470204 ], [ 137.498011832602458, 35.446310250237232 ], [ 137.498046832839407, 35.446308249894578 ], [ 137.49810097183979, 35.446315055924359 ], [ 137.49813597207671, 35.446336860470055 ], [ 137.498162388623996, 35.446333721542096 ], [ 137.498184333070043, 35.44630886146431 ], [ 137.498207499556429, 35.446292221671293 ], [ 137.4982392225034, 35.446291583461218 ], [ 137.498277055652011, 35.446303749992317 ], [ 137.498294193623934, 35.44632172180274 ], [ 137.498301610820562, 35.446330443621015 ], [ 137.498320083016552, 35.4463240835275 ], [ 137.498345528030882, 35.446321667363762 ], [ 137.498362972057492, 35.446332888741651 ], [ 137.498380611044183, 35.446279667117729 ], [ 137.498409639403121, 35.446240194229922 ], [ 137.498434083477122, 35.446209666707666 ], [ 137.498478889444044, 35.446153278357158 ], [ 137.498509832550667, 35.44612047250601 ], [ 137.498544110672867, 35.446100472554321 ], [ 137.498580027984616, 35.44610027796395 ], [ 137.498619917472013, 35.446105667422181 ], [ 137.498686749572187, 35.446120639297753 ], [ 137.498742861045855, 35.446136332779282 ], [ 137.498802167033148, 35.446146639119128 ], [ 137.498876222459018, 35.446151667195245 ], [ 137.498923361412011, 35.446149555658096 ], [ 137.499005305641873, 35.446147167292985 ], [ 137.499065971993105, 35.446139332714118 ], [ 137.499119860486132, 35.446143943810874 ], [ 137.499156805967289, 35.446155028512194 ], [ 137.499216582472769, 35.446171443599667 ], [ 137.499253110804688, 35.446190471757795 ], [ 137.499321889238246, 35.446230193674943 ], [ 137.499370805704444, 35.446255861071101 ], [ 137.499419333339631, 35.446273305865937 ], [ 137.499458527941357, 35.446295443995126 ], [ 137.499517610650344, 35.446325583494918 ], [ 137.499568583455329, 35.446349332786028 ], [ 137.499601306253481, 35.44637736074867 ], [ 137.499652027461963, 35.44641272175668 ], [ 137.499675528321205, 35.44642347171623 ], [ 137.499707056308097, 35.446455582601779 ], [ 137.499736388543397, 35.446494167091892 ], [ 137.499784166834786, 35.446540000073213 ], [ 137.49985930597731, 35.446592249903574 ], [ 137.499897527956932, 35.446619193719883 ], [ 137.499919861233991, 35.446640055428922 ], [ 137.499937971828047, 35.446676332633238 ], [ 137.499973527537861, 35.446674860464441 ], [ 137.499999999632422, 35.446676556180506 ], [ 137.500000583423514, 35.446676582820857 ], [ 137.500005055524753, 35.446676860807095 ], [ 137.500034999869371, 35.446700832487195 ], [ 137.500061722471287, 35.446745222256617 ], [ 137.500082860937113, 35.446769028303244 ], [ 137.500116528039143, 35.446781389424714 ], [ 137.500123861370241, 35.44679741648973 ], [ 137.500121555613248, 35.4468249174368 ], [ 137.500121806120603, 35.446865028534674 ], [ 137.500134027613029, 35.446912749505877 ], [ 137.500150111275673, 35.446968972222919 ], [ 137.500163249842899, 35.447004083043304 ], [ 137.500167667486011, 35.447033805563741 ], [ 137.500184778228885, 35.447036471915091 ], [ 137.50019286090378, 35.446993360882374 ] ] ] } },
{ "type": "Feature", "properties": { "P12_001": 10611, "P12_002": "霞間ヶ渓公園", "P12_003": "21", "P12_004": "21404", "P12_005": "‐", "P12_006": "池田町藤代地内", "P12_007": 4 }, "geometry": { "type": "Polygon", "coordinates": [ [ [ 136.55151976753848, 35.432586495814 ], [ 136.552605778002203, 35.432601527919928 ], [ 136.552651306083874, 35.432595999468582 ], [ 136.553052943469055, 35.431934082957689 ], [ 136.553187333051596, 35.431682360625992 ], [ 136.553155389004644, 35.431620888602119 ], [ 136.552773500313918, 35.431472916526566 ], [ 136.55263013929985, 35.431432332852076 ], [ 136.552450778197681, 35.431469110431628 ], [ 136.55214106612749, 35.431525318091083 ], [ 136.551842250038987, 35.43197488902117 ], [ 136.551628361396382, 35.432221750068493 ], [ 136.551499721502665, 35.432412556348801 ], [ 136.551490110732772, 35.432500499612381 ], [ 136.55151976753848, 35.432586495814 ] ] ] } },
{ "type": "Feature", "properties": { "P12_001": 10527, "P12_002": "千本松原・国営木曽三川公園", "P12_003": "21", "P12_004": "21221", "P12_005": "‐", "P12_006": "海津市海津町油島255-3", "P12_007": 4 }, "geometry": { "type": "Polygon", "coordinates": [ [ [ 136.664887641419313, 35.148169361519223 ], [ 136.664952255984645, 35.148298591530818 ], [ 136.665533791429112, 35.148631607463578 ], [ 136.666279349300254, 35.148865215516913 ], [ 136.667089522825876, 35.148964623396338 ], [ 136.669380722092399, 35.149258861406899 ], [ 136.669159138516761, 35.148248528525549 ], [ 136.669077677875038, 35.147836345586462 ], [ 136.669127381805737, 35.147722027220091 ], [ 136.669142293529518, 35.147622619340666 ], [ 136.668993181737449, 35.147254809955143 ], [ 136.668779454290927, 35.146976469282691 ], [ 136.668680047518706, 35.146777653523841 ], [ 136.668545846361269, 35.145564878321487 ], [ 136.668381823934595, 35.145167247962071 ], [ 136.668217800418745, 35.145137425829894 ], [ 136.668033896419786, 35.144869024323796 ], [ 136.667835080697017, 35.144903817776559 ], [ 136.667735672835647, 35.145102632377132 ], [ 136.667206582743887, 35.145459389493062 ], [ 136.666925500399174, 35.145664286200912 ], [ 136.666657099173477, 35.145813398020046 ], [ 136.666557691312107, 35.146012213778896 ], [ 136.666493076746775, 35.146360140198603 ], [ 136.666259468817145, 35.146558955957452 ], [ 136.665832015013223, 35.146956587475145 ], [ 136.664887641419313, 35.148169361519223 ] ] ] } },
{ "type": "Feature", "properties": { "P12_001": 10390, "P12_002": "四国山香りの森公園", "P12_003": "21", "P12_004": "21215", "P12_005": "‐", "P12_006": "山県市大桑726-1", "P12_007": 4 }, "geometry": { "type": "Polygon", "coordinates": [ [ [ 136.758876055650973, 35.537372417497743 ], [ 136.759466170428425, 35.537094235509102 ], [ 136.759182858568096, 35.536661811696916 ], [ 136.758721833508446, 35.536928305522444 ], [ 136.758876055650973, 35.537372417497743 ] ] ] } },
{ "type": "Feature", "properties": { "P12_001": 10025, "P12_002": "岐阜市歴史博物館", "P12_003": "21", "P12_004": "21201", "P12_005": "‐", "P12_006": "岐阜市大宮町2-18-1", "P12_007": 2 }, "geometry": { "type": "Polygon", "coordinates": [ [ [ 136.471870675366603, 35.261779552153442 ], [ 136.471852025637133, 35.261566392304616 ], [ 136.471796646080662, 35.261359709535171 ], [ 136.471706216185765, 35.261165782859322 ], [ 136.471583486087781, 35.260990505585347 ], [ 136.47143218290077, 35.26083920346629 ], [ 136.471256906157947, 35.260716472541333 ], [ 136.471062979685684, 35.260626043617464 ], [ 136.470856296942173, 35.260570662967069 ], [ 136.47064313694932, 35.260552013565196 ], [ 136.470429976956439, 35.260570662967069 ], [ 136.470223294212957, 35.260626043617464 ], [ 136.470029367740665, 35.260716472541333 ], [ 136.46985409099787, 35.26083920346629 ], [ 136.46970278781086, 35.260990505585347 ], [ 136.469580057712875, 35.261165782859322 ], [ 136.469489628907127, 35.261359709535171 ], [ 136.469434248261507, 35.261566392304616 ], [ 136.469415598532009, 35.261779552153442 ], [ 136.469434248261507, 35.261992712002275 ], [ 136.469489628907127, 35.262199394771713 ], [ 136.469580057712875, 35.262393321447568 ], [ 136.46970278781086, 35.262568598721543 ], [ 136.46985409099787, 35.262719900840594 ], [ 136.470029367740665, 35.262842630607281 ], [ 136.470223294212957, 35.262933060689427 ], [ 136.470429976956439, 35.262988441339814 ], [ 136.47064313694932, 35.263007089583418 ], [ 136.470856296942173, 35.262988441339814 ], [ 136.471062979685684, 35.262933060689427 ], [ 136.471256906157947, 35.262842630607281 ], [ 136.47143218290077, 35.262719900840594 ], [ 136.471583486087781, 35.262568598721543 ], [ 136.471706216185765, 35.262393321447568 ], [ 136.471796646080662, 35.262199394771713 ], [ 136.471852025637133, 35.261992712002275 ], [ 136.471870675366603, 35.261779552153442 ] ] ] } },
{ "type": "Feature", "properties": { "P12_001": 10109, "P12_002": "平湯大滝公園", "P12_003": "21", "P12_004": "21203", "P12_005": "‐", "P12_006": "高山市奥飛騨温泉郷平湯768-47", "P12_007": 1 }, "geometry": { "type": "Polygon", "coordinates": [ [ [ 137.553993861492671, 36.183468056196439 ], [ 137.555003277692748, 36.183858360460157 ], [ 137.555297644552439, 36.183735749995904 ], [ 137.555377170841552, 36.18341764455009 ], [ 137.55605811414739, 36.182175048373843 ], [ 137.556288694205278, 36.181165471846718 ], [ 137.556494027476447, 36.181049528419123 ], [ 137.55684163913412, 36.180818028428106 ], [ 137.557218138648807, 36.180585611082499 ], [ 137.557554027650497, 36.18032538932151 ], [ 137.557897861003482, 36.179991611243139 ], [ 137.558578100710349, 36.179610327632908 ], [ 137.55842898891828, 36.179525831398706 ], [ 137.558160587692555, 36.17954074188566 ], [ 137.557897157404511, 36.179660031572624 ], [ 137.557733134977809, 36.179809143391758 ], [ 137.557505028407945, 36.180000722242156 ], [ 137.557385361034903, 36.180279082605303 ], [ 137.557293567508566, 36.180420589184223 ], [ 137.557210666994052, 36.18051505585823 ], [ 137.557018641110318, 36.180585145455545 ], [ 137.556773166755249, 36.180687833572598 ], [ 137.55612894238476, 36.181003900452652 ], [ 137.55583812183815, 36.181452203070521 ], [ 137.555363110842848, 36.18187202831465 ], [ 137.55518514386867, 36.182020520456128 ], [ 137.554941659413458, 36.182219164790126 ], [ 137.554744742100951, 36.182358409256018 ], [ 137.554336722223525, 36.182631610657864 ], [ 137.554258861263889, 36.182691528275342 ], [ 137.554225389121939, 36.18273291695165 ], [ 137.554191222094317, 36.182843082898565 ], [ 137.554184887525224, 36.182950320723748 ], [ 137.554150667128624, 36.183113972381513 ], [ 137.553993861492671, 36.183468056196439 ] ] ] } },
{ "type": "Feature", "properties": { "P12_001": 10013, "P12_002": "岐阜公園", "P12_003": "21", "P12_004": "21201", "P12_005": "‐", "P12_006": "岐阜市千畳敷下257（岐阜観光索道）", "P12_007": 4 }, "geometry": { "type": "Polygon", "coordinates": [ [ [ 136.773570202891648, 35.433606836199985 ], [ 136.7742809685559, 35.435878303464968 ], [ 136.774400257989555, 35.436787883708455 ], [ 136.775015333104022, 35.436854722025032 ], [ 136.775466833437633, 35.437075194070253 ], [ 136.777317874908846, 35.434884225829002 ], [ 136.776622020968375, 35.432582936431849 ], [ 136.77640332367335, 35.432662462503735 ], [ 136.776274093453566, 35.432662462503735 ], [ 136.77625421188128, 35.43256305462431 ], [ 136.77625421188128, 35.432399031159953 ], [ 136.776090189454607, 35.432185304914157 ], [ 136.775856581524948, 35.431986489155307 ], [ 136.775727351305164, 35.431916904566336 ], [ 136.775280015928985, 35.431795129219076 ], [ 136.774514576485558, 35.432093352857343 ], [ 136.774116945040049, 35.432093352857343 ], [ 136.773217194433784, 35.432571806557768 ], [ 136.773570202891648, 35.433606836199985 ] ] ] } },
{ "type": "Feature", "properties": { "P12_001": 10014, "P12_002": "伊奈波神社", "P12_003": "21", "P12_004": "21201", "P12_005": "‐", "P12_006": "岐阜市伊奈波通り1-1", "P12_007": 2 }, "geometry": { "type": "Polygon", "coordinates": [ [ [ 136.770658222388306, 35.427168805766776 ], [ 136.770500499677524, 35.427213722551784 ], [ 136.770561694272573, 35.427357693942028 ], [ 136.770719388665128, 35.427312778315297 ], [ 136.770658222388306, 35.427168805766776 ] ] ] } },
{ "type": "Feature", "properties": { "P12_001": 10515, "P12_002": "巌立峡　がんだて公園", "P12_003": "21", "P12_004": "21220", "P12_005": "‐", "P12_006": "下呂市小坂町落合2360", "P12_007": 4 }, "geometry": { "type": "Polygon", "coordinates": [ [ [ 137.330082352392509, 35.914075084372854 ], [ 137.330068042975569, 35.913911530010274 ], [ 137.330025550389792, 35.913752944651733 ], [ 137.329956165292742, 35.913604147883667 ], [ 137.329861996302981, 35.913469660457309 ], [ 137.329745904650423, 35.913353568770383 ], [ 137.329611417043253, 35.913259398615025 ], [ 137.329462620019171, 35.913190014407803 ], [ 137.329304034691688, 35.913147521894466 ], [ 137.329140480604849, 35.913133212552758 ], [ 137.328976926518038, 35.913147521894466 ], [ 137.328818341190555, 35.913190014407803 ], [ 137.328669544166473, 35.913259398615025 ], [ 137.328535056559275, 35.913353568770383 ], [ 137.328418964906746, 35.913469660457309 ], [ 137.328324795916984, 35.913604147883667 ], [ 137.328255410819935, 35.913752944651733 ], [ 137.328212918234158, 35.913911530010274 ], [ 137.328198608817218, 35.914075084372854 ], [ 137.328212918234158, 35.914238638735434 ], [ 137.328255410819935, 35.914397222935698 ], [ 137.328324795916984, 35.914546020862034 ], [ 137.328418964906746, 35.914680508288399 ], [ 137.328535056559275, 35.914796599975325 ], [ 137.328669544166473, 35.914890768972398 ], [ 137.328818341190555, 35.914960154337905 ], [ 137.328976926518038, 35.915002646851242 ], [ 137.329140480604849, 35.915016956192943 ], [ 137.329304034691688, 35.915002646851242 ], [ 137.329462620019171, 35.914960154337905 ], [ 137.329611417043253, 35.914890768972398 ], [ 137.329745904650423, 35.914796599975325 ], [ 137.329861996302981, 35.914680508288399 ], [ 137.329956165292742, 35.914546020862034 ], [ 137.330025550389792, 35.914397222935698 ], [ 137.330068042975569, 35.914238638735434 ], [ 137.330082352392509, 35.914075084372854 ] ] ] } },
{ "type": "Feature", "properties": { "P12_001": 10229, "P12_002": "小倉公園", "P12_003": "21", "P12_004": "21207", "P12_005": "‐", "P12_006": "美濃市泉町1571-3", "P12_007": 4 }, "geometry": { "type": "Polygon", "coordinates": [ [ [ 136.912204629643526, 35.55041311223998 ], [ 136.912189215815829, 35.550236922244515 ], [ 136.912143439405128, 35.550066085800722 ], [ 136.912068694539386, 35.549905794301637 ], [ 136.911967249944155, 35.549760917139558 ], [ 136.911842189038424, 35.549635855763285 ], [ 136.91169731191016, 35.549534411634653 ], [ 136.911537019865023, 35.54945966576782 ], [ 136.911366183637739, 35.549413890700301 ], [ 136.911189994176766, 35.549398476363294 ], [ 136.911013804715793, 35.549413890700301 ], [ 136.91084296848851, 35.54945966576782 ], [ 136.910682676443372, 35.549534411634653 ], [ 136.910537799315108, 35.549635855763285 ], [ 136.910412738409377, 35.549760917139558 ], [ 136.910311293814118, 35.549905794301637 ], [ 136.910236548948404, 35.550066085800722 ], [ 136.910190772537675, 35.550236922244515 ], [ 136.910175358709978, 35.55041311223998 ], [ 136.910190772537675, 35.550589301077167 ], [ 136.910236548948404, 35.55076013752096 ], [ 136.910311293814118, 35.550920430178323 ], [ 136.910412738409377, 35.551065307340401 ], [ 136.910537799315108, 35.551190367558398 ], [ 136.910682676443372, 35.55129181168703 ], [ 136.91084296848851, 35.551366557553862 ], [ 136.911013804715793, 35.551412332621382 ], [ 136.911189994176766, 35.551427748116666 ], [ 136.911366183637739, 35.551412332621382 ], [ 136.911537019865023, 35.551366557553862 ], [ 136.91169731191016, 35.55129181168703 ], [ 136.911842189038424, 35.551190367558398 ], [ 136.911967249944155, 35.551065307340401 ], [ 136.912068694539386, 35.550920430178323 ], [ 136.912143439405128, 35.55076013752096 ], [ 136.912189215815829, 35.550589301077167 ], [ 136.912204629643526, 35.55041311223998 ] ] ] } },
{ "type": "Feature", "properties": { "P12_001": 10195, "P12_002": "夕森公園", "P12_003": "21", "P12_004": "21206", "P12_005": "‐", "P12_006": "中津川市川上1057-4（総合案内所　ＹＯＵ・遊・館住所）", "P12_007": 4 }, "geometry": { "type": "Polygon", "coordinates": [ [ [ 137.50802670901902, 35.641830917721805 ], [ 137.508014003938456, 35.641685696551754 ], [ 137.507976274260301, 35.64154488609671 ], [ 137.507914665783488, 35.641412767344775 ], [ 137.507831051867527, 35.641293353722276 ], [ 137.507727971350192, 35.641190274107934 ], [ 137.507608558841184, 35.641106660480041 ], [ 137.507476440162435, 35.641045051779606 ], [ 137.507335629966974, 35.641007322097181 ], [ 137.5071904075742, 35.640994616967738 ], [ 137.507045186270574, 35.641007322097181 ], [ 137.506904376075084, 35.641045051779606 ], [ 137.506772257396335, 35.641106660480041 ], [ 137.506652843798179, 35.641190274107934 ], [ 137.506549764370021, 35.641293353722276 ], [ 137.50646615045406, 35.641412767344775 ], [ 137.506404541977247, 35.64154488609671 ], [ 137.506366812299063, 35.641685696551754 ], [ 137.506354107218499, 35.641830917721805 ], [ 137.506366812299063, 35.641976140050133 ], [ 137.506404541977247, 35.642116949346907 ], [ 137.50646615045406, 35.642249068098842 ], [ 137.506549764370021, 35.642368481721341 ], [ 137.506652843798179, 35.642471561335682 ], [ 137.506772257396335, 35.642555176121846 ], [ 137.506904376075084, 35.64261678366401 ], [ 137.507045186270574, 35.642654513346436 ], [ 137.5071904075742, 35.642667219634156 ], [ 137.507335629966974, 35.642654513346436 ], [ 137.507476440162435, 35.64261678366401 ], [ 137.507608558841184, 35.642555176121846 ], [ 137.507727971350192, 35.642471561335682 ], [ 137.507831051867527, 35.642368481721341 ], [ 137.507914665783488, 35.642249068098842 ], [ 137.507976274260301, 35.642116949346907 ], [ 137.508014003938456, 35.641976140050133 ], [ 137.50802670901902, 35.641830917721805 ] ] ] } },
{ "type": "Feature", "properties": { "P12_001": 10616, "P12_002": "大津谷公園", "P12_003": "21", "P12_004": "21404", "P12_005": "‐", "P12_006": "池田町願成寺地内", "P12_007": 4 }, "geometry": { "type": "Polygon", "coordinates": [ [ [ 136.544637219001487, 35.452879352340879 ], [ 136.544625017113987, 35.452739880852896 ], [ 136.544588781766777, 35.452604647496791 ], [ 136.544529613013964, 35.452477760677539 ], [ 136.544449310152004, 35.452363076295953 ], [ 136.544350312904896, 35.452264078446234 ], [ 136.544235628450309, 35.45218377517115 ], [ 136.544108741019045, 35.452124606958243 ], [ 136.543973507335551, 35.452088371451858 ], [ 136.543834036809955, 35.452076169014198 ], [ 136.543694565195182, 35.452088371451858 ], [ 136.543559331511688, 35.452124606958243 ], [ 136.5434324451696, 35.45218377517115 ], [ 136.543317760715013, 35.452264078446234 ], [ 136.543218762378729, 35.452363076295953 ], [ 136.543138459516769, 35.452477760677539 ], [ 136.543079291853104, 35.452604647496791 ], [ 136.543043055416746, 35.452739880852896 ], [ 136.543030853529245, 35.452879352340879 ], [ 136.543043055416746, 35.453018822670593 ], [ 136.543079291853104, 35.453154057184975 ], [ 136.543138459516769, 35.453280942845943 ], [ 136.543218762378729, 35.453395628385806 ], [ 136.543317760715013, 35.453494626235525 ], [ 136.5434324451696, 35.453574928352332 ], [ 136.543559331511688, 35.453634096565239 ], [ 136.543694565195182, 35.453670333229901 ], [ 136.543834036809955, 35.453682534509284 ], [ 136.543973507335551, 35.453670333229901 ], [ 136.544108741019045, 35.453634096565239 ], [ 136.544235628450309, 35.453574928352332 ], [ 136.544350312904896, 35.453494626235525 ], [ 136.544449310152004, 35.453395628385806 ], [ 136.544529613013964, 35.453280942845943 ], [ 136.544588781766777, 35.453154057184975 ], [ 136.544625017113987, 35.453018822670593 ], [ 136.544637219001487, 35.452879352340879 ] ] ] } },
{ "type": "Feature", "properties": { "P12_001": 10147, "P12_002": "百年公園", "P12_003": "21", "P12_004": "21205", "P12_005": "‐", "P12_006": "関市小屋名1966", "P12_007": 4 }, "geometry": { "type": "Polygon", "coordinates": [ [ [ 136.866920528005181, 35.479643027777982 ], [ 136.869315889327396, 35.480362138799478 ], [ 136.87279694416705, 35.480752360825598 ], [ 136.873157778257479, 35.480761000406282 ], [ 136.873945972483853, 35.481117555982195 ], [ 136.8739761390176, 35.480229056361907 ], [ 136.873707360941665, 35.479771889457808 ], [ 136.873514139157521, 35.479445778008284 ], [ 136.873509749832635, 35.479198277592602 ], [ 136.873593444346625, 35.479018111235632 ], [ 136.873730694069906, 35.47886727821836 ], [ 136.874114221950208, 35.478503916612674 ], [ 136.874250500140533, 35.478251389279158 ], [ 136.874271000357112, 35.47799355588328 ], [ 136.87424738949241, 35.477685861022159 ], [ 136.874253972390562, 35.477514333087591 ], [ 136.874352666850513, 35.477297778331803 ], [ 136.874487805776852, 35.477160944238271 ], [ 136.874713971459158, 35.477044055657451 ], [ 136.875000388521784, 35.476925027740862 ], [ 136.875346306531782, 35.476746971762765 ], [ 136.876165192268246, 35.47599208970356 ], [ 136.876367370235613, 35.475852999288378 ], [ 136.87698527826177, 35.475524278243022 ], [ 136.877308638627227, 35.475254749734376 ], [ 136.877677380037426, 35.474849560465778 ], [ 136.878150716989978, 35.474293913461338 ], [ 136.878498644504788, 35.473627881595817 ], [ 136.878813721789442, 35.473340806364043 ], [ 136.880755860812144, 35.472750166683362 ], [ 136.88105333287416, 35.47255558326502 ], [ 136.881231583030569, 35.472364416760875 ], [ 136.881616128188625, 35.471641467212713 ], [ 136.882273218835735, 35.470187120809527 ], [ 136.882526638631248, 35.46915863890154 ], [ 136.88202761922696, 35.469128439171385 ], [ 136.881610694356937, 35.469096332918944 ], [ 136.881253806302226, 35.469042278494577 ], [ 136.880945666982711, 35.468942555564084 ], [ 136.880501360567422, 35.468930971645804 ], [ 136.880011471612363, 35.468979388740877 ], [ 136.879650000361863, 35.468988610934389 ], [ 136.878985582918631, 35.468926556297696 ], [ 136.878743471897337, 35.468984222226631 ], [ 136.878347638659136, 35.469114944097711 ], [ 136.876683305780318, 35.469636028146319 ], [ 136.876327055974855, 35.469724999958977 ], [ 136.876151306535519, 35.469875500551041 ], [ 136.874101278343062, 35.470445638746519 ], [ 136.873880167463938, 35.470402472116554 ], [ 136.873009944053024, 35.470669722296307 ], [ 136.872654833511518, 35.470616139290271 ], [ 136.872331638698768, 35.470679917441657 ], [ 136.871797778075262, 35.470647777599211 ], [ 136.871890861169987, 35.47090494382811 ], [ 136.871533972026128, 35.471025944288726 ], [ 136.870786654068382, 35.470903233054457 ], [ 136.869669360679325, 35.471349111400663 ], [ 136.869663028288556, 35.471538972527753 ], [ 136.869787777693801, 35.471710111281581 ], [ 136.8698775072572, 35.471762744501298 ], [ 136.8697607032924, 35.472699662374936 ], [ 136.869395379674131, 35.47284877419407 ], [ 136.868898341456401, 35.473758354437564 ], [ 136.868597735873891, 35.473745710696747 ], [ 136.868022722334473, 35.474829111102999 ], [ 136.867788306246268, 35.47563411060645 ], [ 136.867191012798742, 35.476534315763992 ], [ 136.86602297206133, 35.476690883405738 ], [ 136.865973268130659, 35.476775379639939 ], [ 136.865873860269261, 35.476782835462551 ], [ 136.865779861188884, 35.476740749504096 ], [ 136.865585577471279, 35.476584019703701 ], [ 136.865376822051559, 35.47665111979066 ], [ 136.865237651045646, 35.476889699164587 ], [ 136.865063686743639, 35.477346974946627 ], [ 136.865047028003204, 35.477712305621509 ], [ 136.865009999745695, 35.477726333502147 ], [ 136.865468443490215, 35.478511360852529 ], [ 136.865973500122266, 35.479186971660567 ], [ 136.86642722234734, 35.479453194449512 ], [ 136.866920528005181, 35.479643027777982 ] ] ] } },
{ "type": "Feature", "properties": { "P12_001": 10381, "P12_002": "花フェスタ記念公園", "P12_003": "21", "P12_004": "21214", "P12_005": "‐", "P12_006": "可児市瀬田1584-1", "P12_007": 4 }, "geometry": { "type": "Polygon", "coordinates": [ [ [ 137.103468253190442, 35.421875902584411 ], [ 137.103416056166793, 35.421279287357848 ], [ 137.103261050916444, 35.420700799150687 ], [ 137.103007946978039, 35.420158015959494 ], [ 137.102664434928016, 35.419667430476245 ], [ 137.102240952210565, 35.419243948554787 ], [ 137.101750367280687, 35.418900436324911 ], [ 137.101207584237955, 35.418647332169947 ], [ 137.100629096270183, 35.418492327042522 ], [ 137.100032480281726, 35.418440130492854 ], [ 137.099435864293298, 35.418492327042522 ], [ 137.098857376325498, 35.418647332169947 ], [ 137.098314593282794, 35.418900436324911 ], [ 137.097824008352887, 35.419243948554787 ], [ 137.097400525635464, 35.419667430476245 ], [ 137.097057013585413, 35.420158015959494 ], [ 137.096803909647036, 35.420700799150687 ], [ 137.096648904396687, 35.421279287357848 ], [ 137.09659670737301, 35.421875902584411 ], [ 137.096648904396687, 35.422472518969251 ], [ 137.096803909647036, 35.423051006018142 ], [ 137.097057013585413, 35.423593789209328 ], [ 137.097400525635464, 35.424084374692576 ], [ 137.097824008352887, 35.424507857772319 ], [ 137.098314593282794, 35.424851370002187 ], [ 137.098857376325498, 35.425104472998882 ], [ 137.099435864293298, 35.425259479284577 ], [ 137.100032480281726, 35.425311675834244 ], [ 137.100629096270183, 35.425259479284577 ], [ 137.101207584237955, 35.425104472998882 ], [ 137.101750367280687, 35.424851370002187 ], [ 137.102240952210565, 35.424507857772319 ], [ 137.102664434928016, 35.424084374692576 ], [ 137.103007946978039, 35.423593789209328 ], [ 137.103261050916444, 35.423051006018142 ], [ 137.103416056166793, 35.422472518969251 ], [ 137.103468253190442, 35.421875902584411 ] ] ] } },
{ "type": "Feature", "properties": { "P12_001": 10489, "P12_002": "東仙峡金山湖", "P12_003": "21", "P12_004": "21220", "P12_005": "‐", "P12_006": "下呂市金山町卯野原6-27", "P12_007": 1 }, "geometry": { "type": "Polygon", "coordinates": [ [ [ 137.156840667246399, 35.803379944321975 ], [ 137.156895555590609, 35.80337841655593 ], [ 137.156954111144927, 35.803376444011903 ], [ 137.15702225024009, 35.803373527472935 ], [ 137.157082443894808, 35.803371055711949 ], [ 137.1571506668555, 35.803365028043643 ], [ 137.157210222261, 35.803358167574899 ], [ 137.157267222491271, 35.803350722176766 ], [ 137.157316361146599, 35.803341861365368 ], [ 137.157375943781176, 35.803335666905319 ], [ 137.157438166545631, 35.803332277789742 ], [ 137.15749783304571, 35.803330277447095 ], [ 137.157551332707698, 35.803328972070041 ], [ 137.157606610972067, 35.803328556248957 ], [ 137.157724028135391, 35.803328556248957 ], [ 137.157788777756849, 35.803328610687927 ], [ 137.157843472230098, 35.803328139269595 ], [ 137.15790269435189, 35.803326806093921 ], [ 137.157958916920137, 35.803324694556771 ], [ 137.158014222413556, 35.803322417386156 ], [ 137.158057471967282, 35.803318889277463 ], [ 137.15810833258854, 35.80331066667614 ], [ 137.158160611299365, 35.803303610458741 ], [ 137.158220028381237, 35.803298750332651 ], [ 137.158269000394711, 35.803292917254716 ], [ 137.15832013875243, 35.803284639056137 ], [ 137.158441809095308, 35.803112079097659 ], [ 137.158327583178107, 35.803008611460854 ], [ 137.158218000360648, 35.80301625029108 ], [ 137.158135861170734, 35.803019778399772 ], [ 137.158065500184051, 35.803025472484592 ], [ 137.157851361034091, 35.803004972157666 ], [ 137.157688693525557, 35.802936694104019 ], [ 137.157451222336533, 35.802830666677252 ], [ 137.157354555897172, 35.80277247257446 ], [ 137.157284722065157, 35.802712471561108 ], [ 137.157173194003462, 35.802627888456207 ], [ 137.157102056443961, 35.802575221646485 ], [ 137.157034693921645, 35.802516166944628 ], [ 137.156962722063639, 35.802451832820758 ], [ 137.15690236067789, 35.802389250010208 ], [ 137.156838028205669, 35.802324917044615 ], [ 137.156723056212172, 35.802220638614607 ], [ 137.156582333149686, 35.802113332451142 ], [ 137.156477528488125, 35.802054472339648 ], [ 137.156388749763579, 35.802016778563782 ], [ 137.156321583290548, 35.801988139031401 ], [ 137.156224305831017, 35.801957693746743 ], [ 137.1560883609244, 35.80192711062724 ], [ 137.155948778215048, 35.80191066658287 ], [ 137.155769693760163, 35.801900332444397 ], [ 137.155654110746497, 35.801896278478395 ], [ 137.155564082752562, 35.801895416721052 ], [ 137.155306138576037, 35.801842388529224 ], [ 137.155168971629109, 35.801781500276455 ], [ 137.155013471898968, 35.801655582934217 ], [ 137.154867166878688, 35.801469971521769 ], [ 137.154848416946237, 35.80141408354649 ], [ 137.154830638546741, 35.801353861302424 ], [ 137.154830111392101, 35.801301528076195 ], [ 137.154832417149123, 35.801242527813308 ], [ 137.15484038872944, 35.801193138924667 ], [ 137.154861833249925, 35.8011341664604 ], [ 137.154889000230156, 35.801088305680459 ], [ 137.154928305926461, 35.801035750065232 ], [ 137.15498727754084, 35.800992056419688 ], [ 137.155062499459746, 35.800947916837877 ], [ 137.155156250211093, 35.800917083530756 ], [ 137.155247860758124, 35.8008858610429 ], [ 137.155354972265883, 35.80085566710413 ], [ 137.155453860596737, 35.800832721656576 ], [ 137.15553883269834, 35.800812111293432 ], [ 137.15562991717988, 35.80079863938527 ], [ 137.155712583524462, 35.800791499772011 ], [ 137.155811111342558, 35.800790222193584 ], [ 137.155902277511274, 35.80078913920552 ], [ 137.155973777761915, 35.800784027733535 ], [ 137.156058667087166, 35.800778639433581 ], [ 137.156138694391018, 35.80076891686484 ], [ 137.156216582579731, 35.800759971499289 ], [ 137.156297388634755, 35.800745916978308 ], [ 137.15637769367504, 35.800728416586217 ], [ 137.156466305757732, 35.800703527551534 ], [ 137.156546750210822, 35.800670222483426 ], [ 137.156633666467485, 35.800642111124908 ], [ 137.156715027995375, 35.800634832518526 ], [ 137.156792471805772, 35.800634832518526 ], [ 137.156873471731757, 35.800634693525403 ], [ 137.156949778456493, 35.80062519450393 ], [ 137.157016778287698, 35.800602832827472 ], [ 137.157060943827048, 35.800564694273618 ], [ 137.157229583213592, 35.800400667334429 ], [ 137.157454944004797, 35.800136278096396 ], [ 137.157519777491757, 35.799999999975341 ], [ 137.157519972451837, 35.79999955635563 ], [ 137.157564083533089, 35.799906860685631 ], [ 137.157684860762714, 35.79972324961583 ], [ 137.157732999566889, 35.799623138662874 ], [ 137.157739721877846, 35.799569444462342 ], [ 137.157743417406209, 35.79940288900665 ], [ 137.157743889013574, 35.799347389053835 ], [ 137.157770972128304, 35.799281888546034 ], [ 137.1577929438034, 35.799225500195526 ], [ 137.157834778535033, 35.799140778097502 ], [ 137.157896638608378, 35.799009305663574 ], [ 137.157881889169801, 35.798787999659631 ], [ 137.157778361006706, 35.798572138711165 ], [ 137.157625666959177, 35.798212221818311 ], [ 137.157437388883608, 35.797616722011533 ], [ 137.157431805836637, 35.797584638924612 ], [ 137.157455610572242, 35.797580250216846 ], [ 137.157491556202217, 35.797610388558361 ], [ 137.157512610802513, 35.797655611128235 ], [ 137.157534110870273, 35.797712777840211 ], [ 137.157559249829916, 35.797762389117842 ], [ 137.157588638701668, 35.797804361565255 ], [ 137.157623778351393, 35.797794194218525 ], [ 137.157642639378423, 35.797763694494897 ], [ 137.157644499667953, 35.797702332507242 ], [ 137.157643693687703, 35.797635194197177 ], [ 137.1576402497559, 35.797571111419202 ], [ 137.157627166735949, 35.797508499651748 ], [ 137.157609027823668, 35.797446139230182 ], [ 137.15759105555324, 35.79738916710857 ], [ 137.157561860552448, 35.797324693991584 ], [ 137.157515943639766, 35.797280416574935 ], [ 137.157461778499481, 35.797239471518331 ], [ 137.15739405546438, 35.797211555908454 ], [ 137.157333889038711, 35.797192638944821 ], [ 137.157245194179694, 35.797187082694855 ], [ 137.157187306281998, 35.797184056119661 ], [ 137.157146056430634, 35.797167193937653 ], [ 137.157134916476565, 35.797124360891175 ], [ 137.157138888652213, 35.797078056491522 ], [ 137.157160861416486, 35.797035667064755 ], [ 137.157195028444107, 35.797001778225543 ], [ 137.157245777970786, 35.79695786103273 ], [ 137.157240306018394, 35.796928943514111 ], [ 137.15715016692991, 35.796868861421437 ], [ 137.157090083280593, 35.796799860603571 ], [ 137.157043667531497, 35.796693028174985 ], [ 137.157010917504266, 35.796548388459485 ], [ 137.157024583226161, 35.796430443530959 ], [ 137.157068278247323, 35.796381471621679 ], [ 137.157180277916382, 35.796330305937651 ], [ 137.157270444233944, 35.796299166845671 ], [ 137.157316861072189, 35.796265778381695 ], [ 137.157363306228689, 35.796227944454429 ], [ 137.157423417107054, 35.796201249667455 ], [ 137.157519028147959, 35.796176777612132 ], [ 137.157568194032365, 35.796130056233118 ], [ 137.15759277751917, 35.796078860433916 ], [ 137.157669278114838, 35.796023250444883 ], [ 137.157729360674978, 35.796000999962921 ], [ 137.157796360506183, 35.79599722166661 ], [ 137.157848582580556, 35.795951499879784 ], [ 137.157920582756788, 35.79586080571071 ], [ 137.157912417305511, 35.795809611069785 ], [ 137.157906944263971, 35.795731721641886 ], [ 137.157969778048596, 35.795698360976537 ], [ 137.158073582858975, 35.795611582938619 ], [ 137.158166472082797, 35.795582638779649 ], [ 137.158286639381402, 35.795547056540933 ], [ 137.15833333286696, 35.795504277933425 ], [ 137.158334389354565, 35.795503306139864 ], [ 137.158374082792733, 35.795466944381396 ], [ 137.158436443880817, 35.795350193635421 ], [ 137.158489111422682, 35.79527555548826 ], [ 137.158507944131458, 35.795135361236042 ], [ 137.158527082894921, 35.795059694539795 ], [ 137.158581721820894, 35.794955111483198 ], [ 137.15872377801827, 35.794790444017387 ], [ 137.158813917106784, 35.794705888711107 ], [ 137.158835777687301, 35.794628000441492 ], [ 137.158947778445508, 35.794570138763909 ], [ 137.158994222512831, 35.794507832781314 ], [ 137.159114417040513, 35.794449972262015 ], [ 137.15913352748575, 35.794409916761381 ], [ 137.159220943668004, 35.794329805760114 ], [ 137.15928650035886, 35.794280860491185 ], [ 137.159442222278159, 35.794218555666866 ], [ 137.159526889414252, 35.794198527916549 ], [ 137.159617028502737, 35.794196306343181 ], [ 137.159808249495399, 35.794127333323935 ], [ 137.159903833307226, 35.794120667445554 ], [ 137.16002674965199, 35.794089528353574 ], [ 137.160176999618869, 35.794042805816282 ], [ 137.160324500539588, 35.793978278260326 ], [ 137.160472860809534, 35.793891055444419 ], [ 137.160559416553411, 35.793818056257798 ], [ 137.160660499546708, 35.793697888597627 ], [ 137.160739721959487, 35.793622221901373 ], [ 137.160829861047972, 35.793562138650422 ], [ 137.160922721953568, 35.79351319453977 ], [ 137.160966444203808, 35.793455332862187 ], [ 137.160991027690585, 35.793419721666567 ], [ 137.161037471757908, 35.793386333202591 ], [ 137.161083888596181, 35.793306222201331 ], [ 137.161111222218267, 35.793226111200063 ], [ 137.161124889029338, 35.79316602794912 ], [ 137.161149472516115, 35.7931371104305 ], [ 137.161229722009125, 35.793103193792668 ], [ 137.161272860468245, 35.793049721981127 ], [ 137.161302444300077, 35.79300802751996 ], [ 137.161329749603937, 35.792987999769643 ], [ 137.161390028213361, 35.792968027616574 ], [ 137.161439000226835, 35.792979111159617 ], [ 137.161559193665369, 35.793072582874544 ], [ 137.161613832591343, 35.793036971678923 ], [ 137.161616833234035, 35.792995528563644 ], [ 137.161736805572559, 35.792980277543549 ], [ 137.161772250187795, 35.792963555512934 ], [ 137.161753249747989, 35.792838306495952 ], [ 137.161682139417536, 35.792545166531042 ], [ 137.161663027883122, 35.792453944188111 ], [ 137.16165005595775, 35.792340194535257 ], [ 137.161646250423985, 35.792285610778755 ], [ 137.161652111207388, 35.792222499794342 ], [ 137.161680278038801, 35.792184166650124 ], [ 137.161691861282009, 35.792146389478383 ], [ 137.161672555876692, 35.792085027490735 ], [ 137.161680806282618, 35.792056721541847 ], [ 137.161802361174267, 35.791979971857529 ], [ 137.161826111451745, 35.791939471578914 ], [ 137.161882110741686, 35.791904861133759 ], [ 137.161931888735438, 35.791868278144577 ], [ 137.162186222338278, 35.79178477802774 ], [ 137.162397500258351, 35.79177480642965 ], [ 137.16245713952938, 35.791713361046128 ], [ 137.162495528150856, 35.791666667465741 ], [ 137.162495916981868, 35.791666221529482 ], [ 137.162499527555553, 35.791661832821717 ], [ 137.162569693582128, 35.791659416657978 ], [ 137.162579360988474, 35.791635806359999 ], [ 137.162552333421047, 35.791566556512784 ], [ 137.162517582602305, 35.79146427842543 ], [ 137.162527221690425, 35.791435943519645 ], [ 137.162604499948145, 35.791350972392287 ], [ 137.162648917084056, 35.791286471476674 ], [ 137.162766750307441, 35.790924556557712 ], [ 137.162760972300362, 35.790685360980952 ], [ 137.162751305983193, 35.790600388695317 ], [ 137.162676000198786, 35.790502806258871 ], [ 137.162658610630302, 35.790469778018732 ], [ 137.162654749549233, 35.790438306501535 ], [ 137.162658610630302, 35.790414693886994 ], [ 137.162687583441965, 35.790400528171517 ], [ 137.16276677753649, 35.790411556117313 ], [ 137.162898110929063, 35.790474500309983 ], [ 137.163135667072794, 35.790534305574688 ], [ 137.163276638464311, 35.790554750304366 ], [ 137.16337127797226, 35.790557917030945 ], [ 137.163479443789299, 35.790526444355478 ], [ 137.163548971566655, 35.790512277481717 ], [ 137.163705416689822, 35.790502832899215 ], [ 137.163747139237728, 35.790474111129242 ], [ 137.163927500191079, 35.79045250001564 ], [ 137.164114832873594, 35.790428888559376 ], [ 137.164265471671484, 35.790389555822969 ], [ 137.164356250098365, 35.790331332763273 ], [ 137.164383305984018, 35.79024322154968 ], [ 137.164462471760345, 35.790210166669191 ], [ 137.164643667012172, 35.790137583303654 ], [ 137.164952306257277, 35.789972916996113 ], [ 137.165056111067656, 35.78987944412291 ], [ 137.165148971973252, 35.789823806335249 ], [ 137.165258221506974, 35.789781528102978 ], [ 137.165443944407315, 35.789643555424135 ], [ 137.165616027725662, 35.789525610495602 ], [ 137.16571436058365, 35.78942769447567 ], [ 137.165826361341857, 35.78926969404651 ], [ 137.165951999503704, 35.789147305971241 ], [ 137.166012083153021, 35.789087221562021 ], [ 137.166033943733567, 35.789022694006057 ], [ 137.166104944058617, 35.788949250041455 ], [ 137.166151389215088, 35.788875806076845 ], [ 137.166148639079779, 35.788748972538293 ], [ 137.16616230589085, 35.788699999470737 ], [ 137.166268832518313, 35.788588721578861 ], [ 137.166323444215237, 35.788513056040891 ], [ 137.16633711102628, 35.788421832539683 ], [ 137.166391721634028, 35.78831277853773 ], [ 137.166421778162373, 35.788205971591218 ], [ 137.166426610776398, 35.788112861258405 ], [ 137.166423277939145, 35.788047944521708 ], [ 137.166417693802998, 35.787975388954791 ], [ 137.166344777641115, 35.787807806108283 ], [ 137.166194749863394, 35.787540999548234 ], [ 137.16607680554543, 35.787393110868557 ], [ 137.166005638578525, 35.787284582723906 ], [ 137.165944221794291, 35.78716605634083 ], [ 137.165912722125626, 35.787058611184243 ], [ 137.165896166855646, 35.787007833522679 ], [ 137.165860555598528, 35.786951110430401 ], [ 137.165794306200326, 35.786835721817006 ], [ 137.16572186055663, 35.786692943451044 ], [ 137.165708277611088, 35.786686221975415 ], [ 137.165751471617511, 35.786609138707611 ], [ 137.165805972219857, 35.786515805985808 ], [ 137.165820083409187, 35.786495416853377 ], [ 137.165897999916126, 35.78642905574651 ], [ 137.165983000335956, 35.786377139499642 ], [ 137.166133528039268, 35.786371360860677 ], [ 137.166220277654048, 35.786398778411872 ], [ 137.166276943511463, 35.786417527425485 ], [ 137.166366222161571, 35.786437278347833 ], [ 137.166442389473531, 35.786434417406113 ], [ 137.166494110533165, 35.786425444241942 ], [ 137.16653736117604, 35.786381917388141 ], [ 137.166603556116144, 35.786423389460317 ], [ 137.166603556116144, 35.786481416771366 ], [ 137.166662167217737, 35.786534389365954 ], [ 137.166862306272947, 35.786534389365954 ], [ 137.1669888887387, 35.786614582604813 ], [ 137.16701700002281, 35.786683333235068 ], [ 137.167204555983631, 35.786813194507083 ], [ 137.16731708280733, 35.786977417194919 ], [ 137.167377610834933, 35.787025610742724 ], [ 137.167473028004906, 35.787079221547387 ], [ 137.167548694302099, 35.787130139360343 ], [ 137.167663832937478, 35.78714086152128 ], [ 137.168282389015303, 35.787127471850717 ], [ 137.16863441722694, 35.78711405553981 ], [ 137.168923943848512, 35.787081889057013 ], [ 137.16914438924934, 35.787055083075543 ], [ 137.169373611121586, 35.78698766677924 ], [ 137.169580221980368, 35.786929971893407 ], [ 137.169786832839122, 35.78688669406894 ], [ 137.169928500205486, 35.78688666742859 ], [ 137.170013861138102, 35.786931805444311 ], [ 137.170092582536114, 35.786931805444311 ], [ 137.17026241673392, 35.786871056184665 ], [ 137.170378416896824, 35.786810305766743 ], [ 137.17046124988326, 35.786692194046466 ], [ 137.170510972329708, 35.786617943921762 ], [ 137.170515111147211, 35.786530221888903 ], [ 137.170505110457128, 35.786510082944091 ], [ 137.170566333370431, 35.786491806507087 ], [ 137.170674443640166, 35.786500111346008 ], [ 137.170747889135043, 35.786470194235207 ], [ 137.170796832830291, 35.786397082695807 ], [ 137.170807028480453, 35.786335582873313 ], [ 137.170894749628218, 35.786269110571951 ], [ 137.171043666460179, 35.786182693916139 ], [ 137.171286583461722, 35.786016527641181 ], [ 137.171446416969445, 35.785851777937772 ], [ 137.171668221645064, 35.785647167324093 ], [ 137.171753028193962, 35.785556805580228 ], [ 137.171880249998111, 35.785490361077485 ], [ 137.172020500364084, 35.785386722015836 ], [ 137.172286777722917, 35.785279222420279 ], [ 137.172550971513886, 35.785183555772335 ], [ 137.172821722063105, 35.785114443759966 ], [ 137.173092471523177, 35.785069250146996 ], [ 137.173330583139773, 35.7850480004155 ], [ 137.173490416647468, 35.78498952832647 ], [ 137.173686139148714, 35.785021389024401 ], [ 137.173695943789539, 35.785106416907283 ], [ 137.173839472534638, 35.785191443631895 ], [ 137.173852528325511, 35.785233972051785 ], [ 137.173976471750535, 35.785236610604514 ], [ 137.174058028238534, 35.785273806321698 ], [ 137.17421786065708, 35.785310999722334 ], [ 137.174286361354206, 35.785348194281248 ], [ 137.174299417145079, 35.785404000018929 ], [ 137.174305944495956, 35.785451833342897 ], [ 137.174341833489478, 35.785470444521671 ], [ 137.174469056382776, 35.785414610985363 ], [ 137.174608639092128, 35.78539350024699 ], [ 137.174745639397202, 35.785340333062038 ], [ 137.174853278059572, 35.78531111091683 ], [ 137.174980499863722, 35.785271250006566 ], [ 137.175000000229119, 35.785264000357081 ], [ 137.175001028398526, 35.785263638974975 ], [ 137.175088138526121, 35.785231389096303 ], [ 137.175283861027367, 35.785188832877786 ], [ 137.175365417515366, 35.785218082821615 ], [ 137.175535028434837, 35.785188832877786 ], [ 137.175665500299885, 35.785202111353854 ], [ 137.175779693542182, 35.785225999638079 ], [ 137.175838388509305, 35.785191471430515 ], [ 137.175857971651055, 35.78512502808605 ], [ 137.175844888631104, 35.785010778057966 ], [ 137.175854667132029, 35.784909806505944 ], [ 137.175854667132029, 35.784883221755187 ], [ 137.17589055612558, 35.784875250499759 ], [ 137.17591338932823, 35.784915111410022 ], [ 137.175975360496153, 35.784933693631892 ], [ 137.1760210279906, 35.784912443900396 ], [ 137.176092805977675, 35.784893832721622 ], [ 137.176138444064748, 35.784856639320985 ], [ 137.176154749916549, 35.784800832425034 ], [ 137.176193888971, 35.784774249990832 ], [ 137.176278694430721, 35.784723750315507 ], [ 137.176392861533145, 35.784651999750416 ], [ 137.176585305655266, 35.784643999538083 ], [ 137.176630972060565, 35.784630722220292 ], [ 137.176660332614063, 35.784588193800403 ], [ 137.176656361527591, 35.784558416840994 ], [ 137.176732667163179, 35.784516972567438 ], [ 137.176809528271662, 35.784500499566164 ], [ 137.176912693743645, 35.784449417278012 ], [ 137.176973361184054, 35.784401639551291 ], [ 137.177056278036019, 35.784383499790856 ], [ 137.177141221819397, 35.784320889181672 ], [ 137.17724233313092, 35.784266500015541 ], [ 137.177365722172226, 35.784226943731866 ], [ 137.177483028240971, 35.78421374980995 ], [ 137.177652388653058, 35.784215833548473 ], [ 137.177787360937543, 35.784211693870049 ], [ 137.177958000026422, 35.784292583232784 ], [ 137.178024222195575, 35.784292555434163 ], [ 137.178126082850923, 35.784363082859798 ], [ 137.178238139156406, 35.784377611115666 ], [ 137.178362944108954, 35.784431527705195 ], [ 137.178434250488664, 35.784448110742687 ], [ 137.178625277610365, 35.784570499976226 ], [ 137.178714416847697, 35.78456427771755 ], [ 137.178849389132182, 35.784603667209481 ], [ 137.178971638909502, 35.784659667537532 ], [ 137.17914855593105, 35.784744888852508 ], [ 137.179222860775099, 35.784758861135899 ], [ 137.179331443741376, 35.78480541688144 ], [ 137.179388610613529, 35.784868249879615 ], [ 137.179391471843417, 35.784900833341766 ], [ 137.179437193795991, 35.784914805625156 ], [ 137.179474361466305, 35.784889193826245 ], [ 137.179620082695521, 35.784900805543145 ], [ 137.179725832750137, 35.78495202798269 ], [ 137.179940028536549, 35.785034582946317 ], [ 137.180119999569712, 35.785150278502854 ], [ 137.180231943691467, 35.785172277638921 ], [ 137.180436027693219, 35.785213749711097 ], [ 137.18050936100434, 35.785268166675856 ], [ 137.180547166923873, 35.785319999526855 ], [ 137.180614749457021, 35.785357221884389 ], [ 137.180755972445098, 35.785512693797045 ], [ 137.180797722222025, 35.785549943953207 ], [ 137.180861360897751, 35.785626083226063 ], [ 137.181000583094317, 35.785786416423086 ], [ 137.181119888865396, 35.785906250499771 ], [ 137.181223305933941, 35.785974278365806 ], [ 137.18127027824508, 35.786043639407509 ], [ 137.181365667096827, 35.786098028573647 ], [ 137.181403833529146, 35.786170528543316 ], [ 137.181413388751764, 35.786227499506651 ], [ 137.181454722468629, 35.786281888672782 ], [ 137.181477000198413, 35.786320722192229 ], [ 137.181550111320377, 35.786338860794395 ], [ 137.181566028341166, 35.786375111358367 ], [ 137.181550138549454, 35.786419138587398 ], [ 137.181569221765614, 35.786455389151371 ], [ 137.181607360968883, 35.786473527753536 ], [ 137.181616944509699, 35.786595249820095 ], [ 137.181669055489522, 35.786619556241959 ], [ 137.181689138556862, 35.786665000042539 ], [ 137.181642305658528, 35.786737693444302 ], [ 137.181635610576649, 35.786792221603555 ], [ 137.181673555908986, 35.786852193660003 ], [ 137.181753889267497, 35.786910333323824 ], [ 137.181789610529989, 35.786975778234378 ], [ 137.181773999563887, 35.787050278546694 ], [ 137.181823110990166, 35.787175694355426 ], [ 137.181918193787254, 35.787399028500637 ], [ 137.182085888869892, 35.787561750062778 ], [ 137.182160833052365, 35.787698332810422 ], [ 137.182250027836972, 35.787724471624912 ], [ 137.182307139161821, 35.787782583490106 ], [ 137.182392749512644, 35.787805833564256 ], [ 137.182403472317475, 35.787869778507385 ], [ 137.182542610648511, 35.787924971517064 ], [ 137.182663917211102, 35.787974361563982 ], [ 137.182763832622214, 35.78808186115954 ], [ 137.182938500523164, 35.7882132501976 ], [ 137.183104972476315, 35.788333166511883 ], [ 137.183329028450856, 35.788447833519328 ], [ 137.183333332821036, 35.788450722259675 ], [ 137.183334360990443, 35.788451417225275 ], [ 137.183585111248675, 35.788619888469469 ], [ 137.183757999458123, 35.788812778488307 ], [ 137.183851667433117, 35.789003083235102 ], [ 137.183886582715388, 35.789094639161526 ], [ 137.183964111480464, 35.789154611217974 ], [ 137.183960250399394, 35.78920197196534 ], [ 137.183917610776689, 35.789236693604991 ], [ 137.183917639094915, 35.789315639380604 ], [ 137.183960277628472, 35.789381917091596 ], [ 137.184033916994252, 35.789375611437052 ], [ 137.184126944541703, 35.789388221587863 ], [ 137.184188972346078, 35.789410306436359 ], [ 137.184200611136561, 35.789448193644319 ], [ 137.184204500535827, 35.78952080596676 ], [ 137.184254888460572, 35.789574472368663 ], [ 137.184220027636428, 35.789669193863389 ], [ 137.184200666683836, 35.789744971754139 ], [ 137.184196805602767, 35.789833360953978 ], [ 137.18422397149385, 35.789915444499272 ], [ 137.184251111245032, 35.789965971973217 ], [ 137.18429761085963, 35.789962806404908 ], [ 137.184371250225411, 35.789924916880395 ], [ 137.184437139110855, 35.789896471938391 ], [ 137.184433278029786, 35.789937528189483 ], [ 137.184382889015893, 35.790022778461363 ], [ 137.184293778096787, 35.790073305935309 ], [ 137.184181361278519, 35.790120666682675 ], [ 137.184158139244857, 35.790168027430035 ], [ 137.18416977803534, 35.790228028443387 ], [ 137.18420466717771, 35.790278528118712 ], [ 137.184178444501356, 35.790342221715953 ], [ 137.184178471730405, 35.790434778392836 ], [ 137.184168221622116, 35.790501749911158 ], [ 137.184171639414046, 35.790565917243278 ], [ 137.184205889218021, 35.790574277679447 ], [ 137.184229888913706, 35.790641222557419 ], [ 137.184298388521654, 35.790697000496479 ], [ 137.184314305542443, 35.790849750460531 ], [ 137.184292861021987, 35.790911860694479 ], [ 137.184264306448711, 35.791012805606151 ], [ 137.184273833353103, 35.791115667464609 ], [ 137.184245277690678, 35.791197193879142 ], [ 137.184130916717351, 35.791278750408857 ], [ 137.184051167149931, 35.791308944347627 ], [ 137.183959722155578, 35.791349305633119 ], [ 137.183940694486722, 35.791417582528496 ], [ 137.18390641745367, 35.791492082840811 ], [ 137.183822583526876, 35.791554166434409 ], [ 137.183719721931226, 35.791585194331901 ], [ 137.183658749525307, 35.791616250028014 ], [ 137.183616861424724, 35.791662805773555 ], [ 137.183620111485624, 35.791666221529482 ], [ 137.183620527545713, 35.791666667465741 ], [ 137.183643528479365, 35.791690750340329 ], [ 137.183552110714089, 35.791759028393983 ], [ 137.183483528329788, 35.791814917527532 ], [ 137.183380666734138, 35.791842860936029 ], [ 137.183334360990443, 35.791867388588607 ], [ 137.183333332821036, 35.791867916762463 ], [ 137.183304472193129, 35.791883222221529 ], [ 137.183251139172995, 35.791926666837739 ], [ 137.183216861050795, 35.792010471581165 ], [ 137.183182555699517, 35.792029110558559 ], [ 137.183121583293598, 35.792007389408731 ], [ 137.18302252832089, 35.791985667100626 ], [ 137.182938694394096, 35.791988778229964 ], [ 137.182938694394096, 35.792050860665285 ], [ 137.18298825019869, 35.7921160275896 ], [ 137.182980639131131, 35.792193611232626 ], [ 137.182950193771774, 35.79231155616116 ], [ 137.182885444150315, 35.792398472033923 ], [ 137.182809222380229, 35.792432638859367 ], [ 137.182717805704129, 35.792504028042352 ], [ 137.182668278217761, 35.792575417225336 ], [ 137.182653056082671, 35.792637499660664 ], [ 137.182622583494236, 35.792733694482457 ], [ 137.182592139224028, 35.792845443792665 ], [ 137.182592139224028, 35.792950972002473 ], [ 137.182572389440423, 35.793211082568966 ], [ 137.182519082560191, 35.793387999961759 ], [ 137.182442917426556, 35.793574249584282 ], [ 137.18231722153908, 35.793785306003898 ], [ 137.182199110579262, 35.793949805519695 ], [ 137.182084860700513, 35.79417638862909 ], [ 137.181974389126452, 35.794340889303157 ], [ 137.181763249530007, 35.794541944009516 ], [ 137.181637249766197, 35.794664166451312 ], [ 137.181478249467801, 35.794774166764753 ], [ 137.181364250096408, 35.794898806528565 ], [ 137.181295277791946, 35.795043028106427 ], [ 137.181250277954092, 35.79511877819855 ], [ 137.181142277689759, 35.795184777923311 ], [ 137.181073278156219, 35.79523855551971 ], [ 137.181027221830732, 35.795308860556361 ], [ 137.180994222385323, 35.795389499731478 ], [ 137.180922222209091, 35.795448167569155 ], [ 137.180886222120961, 35.795511722173273 ], [ 137.18087425004677, 35.795611916522105 ], [ 137.180853278222827, 35.795714582631916 ], [ 137.180829278527142, 35.795800110890035 ], [ 137.180817306452951, 35.795917416450209 ], [ 137.180796306310782, 35.796007860431672 ], [ 137.180793332897167, 35.796073833516076 ], [ 137.180737860761866, 35.796080971971065 ], [ 137.180686138613083, 35.79609299950905 ], [ 137.180631472458032, 35.79610625018649 ], [ 137.180601944173503, 35.796125499575332 ], [ 137.180662500519333, 35.796108667508499 ], [ 137.180715694126661, 35.79610625018649 ], [ 137.180754111066364, 35.79610625018649 ], [ 137.180789582910677, 35.796107444369042 ], [ 137.180808805539641, 35.796114667378184 ], [ 137.180844278473103, 35.796160389165003 ], [ 137.180867916566825, 35.796215750124702 ], [ 137.180894528074191, 35.796289167448961 ], [ 137.18093591733836, 35.796360167451212 ], [ 137.180984694391753, 35.796438389304313 ], [ 137.181093167352628, 35.796565388476338 ], [ 137.181187610811321, 35.796676167151254 ], [ 137.181293443642289, 35.796786916869266 ], [ 137.18135013890705, 35.796943860950719 ], [ 137.181346388920588, 35.797171556005075 ], [ 137.181297305812507, 35.797322361223721 ], [ 137.18131636071044, 35.79742600028537 ], [ 137.18130883350841, 35.79755524998766 ], [ 137.181289944163183, 35.797687583020661 ], [ 137.181271083136153, 35.7978106672198 ], [ 137.181252222109151, 35.797970693473687 ], [ 137.181271138683456, 35.798142999769723 ], [ 137.181331611163785, 35.798275306162374 ], [ 137.181372056124047, 35.798392111347319 ], [ 137.181422167401507, 35.798601472050869 ], [ 137.181465610826137, 35.798791777955941 ], [ 137.181522388867279, 35.798949471441965 ], [ 137.181609222347589, 35.799131639299866 ], [ 137.181702721502404, 35.799273027734635 ], [ 137.1820175275856, 35.799526305630998 ], [ 137.182222666985808, 35.799600527957082 ], [ 137.182406638512845, 35.799619721748677 ], [ 137.182684917353271, 35.799615833416148 ], [ 137.182934888860331, 35.799573556342146 ], [ 137.183175417328499, 35.799469778287374 ], [ 137.183333332821036, 35.799413638966207 ], [ 137.183529840608458, 35.799249466084241 ], [ 137.183329194003562, 35.799201028140196 ], [ 137.182976889144641, 35.799318000116884 ], [ 137.182742000359895, 35.799355250273045 ], [ 137.182428806237198, 35.799360582975751 ], [ 137.182397778175925, 35.799355778446902 ], [ 137.182154750079803, 35.799318111311379 ], [ 137.181965500471279, 35.799238417289473 ], [ 137.181821917268081, 35.799089639053825 ], [ 137.181756639402806, 35.798845194170234 ], [ 137.181704389010179, 35.798669833500391 ], [ 137.181704360691953, 35.798483832907202 ], [ 137.181678221881128, 35.798228750416826 ], [ 137.181678167423001, 35.797893943789376 ], [ 137.181701138949279, 35.79752147234295 ], [ 137.181706222070687, 35.797216000213467 ], [ 137.181706166523384, 35.796952361538281 ], [ 137.1816496106714, 35.796784972123866 ], [ 137.181495444076177, 35.79655063898975 ], [ 137.181336138812298, 35.796387471491357 ], [ 137.181256027642917, 35.796225139109957 ], [ 137.181256000413867, 35.796093333092536 ], [ 137.181256000413867, 35.79601241708945 ], [ 137.181281528204551, 35.795961528233391 ], [ 137.181298556171072, 35.795857472192381 ], [ 137.181284332797986, 35.795781167286052 ], [ 137.181341110839099, 35.795690972333929 ], [ 137.181377999683804, 35.795575333532923 ], [ 137.18146941744908, 35.795439917169212 ], [ 137.181577721589775, 35.79536205553994 ], [ 137.181650972124544, 35.795237500330273 ], [ 137.181762443549758, 35.79507141745119 ], [ 137.181905778423925, 35.794939083259912 ], [ 137.182234750154578, 35.794663528241237 ], [ 137.182486194209332, 35.794439999505656 ], [ 137.182697638771288, 35.794235138704359 ], [ 137.182931916535864, 35.793844028280546 ], [ 137.183069056253714, 35.793639167479256 ], [ 137.18320616656419, 35.793303917232087 ], [ 137.183269000348815, 35.793140972122686 ], [ 137.183308971523417, 35.792982667066937 ], [ 137.183331805815214, 35.792842999830306 ], [ 137.183333332821036, 35.792839250490893 ], [ 137.183334360990443, 35.792836749773009 ], [ 137.183357860760538, 35.792779110484418 ], [ 137.18344941684947, 35.792676194186996 ], [ 137.183578917181535, 35.792598971926076 ], [ 137.183679943538408, 35.792508917125346 ], [ 137.183774694140936, 35.792413721895734 ], [ 137.183869417514387, 35.792331389321106 ], [ 137.184002055723624, 35.792246471474442 ], [ 137.184109416649591, 35.792148694447626 ], [ 137.184200999967572, 35.792056055533145 ], [ 137.184302055731791, 35.791978861070845 ], [ 137.18442205638857, 35.791899082494794 ], [ 137.184496694516355, 35.79178694400386 ], [ 137.184571111544187, 35.791720556256642 ], [ 137.18458083340866, 35.791666667465741 ], [ 137.184580917274161, 35.791666221529482 ], [ 137.184588806078153, 35.791622388890815 ], [ 137.18461005563853, 35.791558888725667 ], [ 137.184702194429377, 35.791504028141198 ], [ 137.184801417133116, 35.791411610457438 ], [ 137.184836833430126, 35.79132502816816 ], [ 137.184889971490179, 35.791261500204385 ], [ 137.184985667485762, 35.791218166782677 ], [ 137.185017527667213, 35.791134444276842 ], [ 137.185017500438136, 35.79098144412518 ], [ 137.185010389296195, 35.790874639495215 ], [ 137.185045805593205, 35.790776499928015 ], [ 137.185095416945074, 35.79075050010664 ], [ 137.185137944384053, 35.790698528262517 ], [ 137.185141472181385, 35.790632139357029 ], [ 137.1851060003371, 35.790536860731542 ], [ 137.185113055931765, 35.790458916864679 ], [ 137.185116582639949, 35.790386750478497 ], [ 137.185098583140473, 35.790229028035576 ], [ 137.185125305742389, 35.790050916460231 ], [ 137.185116333221714, 35.789851000339183 ], [ 137.185111832802278, 35.78968744366005 ], [ 137.185067193477209, 35.789560222099034 ], [ 137.185022556330466, 35.789494806145385 ], [ 137.185053778262699, 35.789436638682943 ], [ 137.185049277843262, 35.789327611321333 ], [ 137.184973416585962, 35.789283999913387 ], [ 137.184960000282274, 35.789178582898074 ], [ 137.184910888855995, 35.789025917488168 ], [ 137.184741806180341, 35.788792417154504 ], [ 137.184622167125525, 35.788538694480145 ], [ 137.184412360663998, 35.788277694357689 ], [ 137.184167638920201, 35.788121139456976 ], [ 137.18396952788558, 35.78802625001223 ], [ 137.183777250405313, 35.787955083218236 ], [ 137.183579139370693, 35.787850693593739 ], [ 137.18341016670044, 35.787722582476754 ], [ 137.183358471780707, 35.787549277746805 ], [ 137.183334360990443, 35.787521194186915 ], [ 137.183333332821036, 35.787520000004356 ], [ 137.183290278227418, 35.787469917308393 ], [ 137.183204611240143, 35.787390583510323 ], [ 137.183239332651482, 35.787317527568177 ], [ 137.183282749936211, 35.787319861494318 ], [ 137.183274056241146, 35.787364667084823 ], [ 137.183314582888613, 35.787397638569438 ], [ 137.183333332821036, 35.787384917224131 ], [ 137.183333332821036, 35.787175805549921 ], [ 137.183276917471034, 35.787157222169775 ], [ 137.183129332684786, 35.787136028035526 ], [ 137.183054110765909, 35.787185528118663 ], [ 137.182978860528777, 35.78718555591729 ], [ 137.182883360582451, 35.787112472176517 ], [ 137.182802333427418, 35.787138417558914 ], [ 137.182761832919851, 35.787138417558914 ], [ 137.182776278482095, 35.78705827760075 ], [ 137.182773360615755, 35.786989917309512 ], [ 137.182738639204416, 35.786949860650601 ], [ 137.182735722427253, 35.786898000000974 ], [ 137.182718361176995, 35.786843777626586 ], [ 137.182672056522478, 35.786808416618584 ], [ 137.182640194162701, 35.78674008296769 ], [ 137.182674916663188, 35.786711778177079 ], [ 137.182680693581091, 35.786676417169069 ], [ 137.182668611501498, 35.786628917428587 ], [ 137.182734721486923, 35.786575027479415 ], [ 137.182793527548625, 35.786589971556367 ], [ 137.182830278069673, 35.786548055864479 ], [ 137.182837611400799, 35.786488193844242 ], [ 137.182760444237687, 35.786497193648763 ], [ 137.182657556502107, 35.786521138688514 ], [ 137.182613444331707, 35.786485221708027 ], [ 137.18255094383079, 35.786395417094923 ], [ 137.182534999580952, 35.786254277689494 ], [ 137.182555916946768, 35.786113499666179 ], [ 137.1824459169801, 35.785968471928214 ], [ 137.182283555526197, 35.785797861348243 ], [ 137.181934750146411, 35.785505056125103 ], [ 137.181720028294535, 35.785296000048135 ], [ 137.181552888684763, 35.785055443497079 ], [ 137.181511278320613, 35.784882666940987 ], [ 137.181502944049157, 35.784747139382773 ], [ 137.181628861036614, 35.784621138644667 ], [ 137.181699056470592, 35.784500360573041 ], [ 137.18182650046387, 35.784407111247113 ], [ 137.181938306261998, 35.784326583266491 ], [ 137.182008527835848, 35.784212166446657 ], [ 137.182024110483724, 35.78408716645901 ], [ 137.18196947155775, 35.784017249444823 ], [ 137.182003278072585, 35.783979110890975 ], [ 137.1820158894852, 35.783957082798004 ], [ 137.182086666531916, 35.78390611054607 ], [ 137.182158028458929, 35.783861167120719 ], [ 137.182216443511294, 35.783792416490463 ], [ 137.182242389540363, 35.783707833385563 ], [ 137.182203417127795, 35.783615333464205 ], [ 137.182122277789034, 35.783541305728491 ], [ 137.182063860558344, 35.783483167222947 ], [ 137.182031389356723, 35.783393305854318 ], [ 137.182020555457342, 35.783333332639586 ], [ 137.181925639302108, 35.783333332639586 ], [ 137.18193800020731, 35.783384610676386 ], [ 137.181967443537189, 35.783540389532178 ], [ 137.182058639113308, 35.783636221813587 ], [ 137.182096916640205, 35.783724888999664 ], [ 137.182091027538576, 35.783789611145991 ], [ 137.182043972451083, 35.783849527605199 ], [ 137.18196141720108, 35.783921582796879 ], [ 137.181886917396923, 35.78398566673313 ], [ 137.181844693834279, 35.784071722006829 ], [ 137.181844693834279, 35.784144861344849 ], [ 137.181754917436876, 35.784162082592417 ], [ 137.181733777881931, 35.784101861506628 ], [ 137.1816756667059, 35.784054528557881 ], [ 137.181675693934949, 35.784157778438804 ], [ 137.181554221819653, 35.784252472134902 ], [ 137.181506694035647, 35.784230944417168 ], [ 137.181258471723567, 35.784230972215795 ], [ 137.18115283276353, 35.784278332963154 ], [ 137.18104194404026, 35.784351472301175 ], [ 137.180909916851164, 35.784368693548743 ], [ 137.180777861343842, 35.784381638441317 ], [ 137.180614139526, 35.784428972548334 ], [ 137.180497944403015, 35.784407471470949 ], [ 137.180397583524467, 35.784334333291206 ], [ 137.180328917274636, 35.784248305816135 ], [ 137.180191582596706, 35.784153666559 ], [ 137.180091221718129, 35.784067639083929 ], [ 137.180043666705075, 35.783947166797169 ], [ 137.179885193561319, 35.783848222228144 ], [ 137.179721471743477, 35.783796610607858 ], [ 137.179552443525949, 35.7836817223697 ], [ 137.179508333533846, 35.783561333478808 ], [ 137.179401916911786, 35.783468444376716 ], [ 137.179306888572825, 35.78341894429358 ], [ 137.179082667045606, 35.783387999791962 ], [ 137.17892358288168, 35.783333332639586 ], [ 137.178922278065016, 35.783332889019881 ], [ 137.178839443989403, 35.783304444077871 ], [ 137.178736832901109, 35.783220860565159 ], [ 137.178660806091131, 35.783121805959915 ], [ 137.178630389049999, 35.783056778028723 ], [ 137.178641778422246, 35.782979388976059 ], [ 137.178603777542634, 35.782932972223634 ], [ 137.178512555826586, 35.782942250014393 ], [ 137.178432777940969, 35.782979416774687 ], [ 137.178307360879074, 35.783025861325733 ], [ 137.17818575044015, 35.783063028086019 ], [ 137.178071749979608, 35.783072332517129 ], [ 137.17792352803329, 35.783063055884647 ], [ 137.177706916484453, 35.783094028184884 ], [ 137.177420667152859, 35.783180806222802 ], [ 137.177248611063561, 35.783180806222802 ], [ 137.177110999738346, 35.783159805520647 ], [ 137.176956139346601, 35.7830546942902 ], [ 137.176848610689632, 35.782981139131095 ], [ 137.176728166743743, 35.782988138592962 ], [ 137.176629278412861, 35.783051221778756 ], [ 137.176461556101174, 35.783187889080544 ], [ 137.176268028262371, 35.783317527963568 ], [ 137.176248167384188, 35.783332889019881 ], [ 137.176247582503919, 35.783333332639586 ], [ 137.176100305950655, 35.783447193486943 ], [ 137.175815250341174, 35.783682082593529 ], [ 137.175673777934861, 35.783767082677791 ], [ 137.175504666940981, 35.783877306538507 ], [ 137.175342305487106, 35.783921417163413 ], [ 137.175159667094988, 35.784048167306089 ], [ 137.175001028398526, 35.784086944070019 ], [ 137.175000000229119, 35.784087194257637 ], [ 137.174956722357194, 35.784097777425451 ], [ 137.174726750051974, 35.784191471529361 ], [ 137.174381721887727, 35.784197027779335 ], [ 137.174192305637348, 35.784141917007254 ], [ 137.173847305791327, 35.784048249543687 ], [ 137.173603750540565, 35.784037250554789 ], [ 137.173353443571472, 35.783987667075785 ], [ 137.172841833448672, 35.783859889542292 ], [ 137.172528750420554, 35.78381508279351 ], [ 137.172076056364887, 35.783739278262409 ], [ 137.171906833187251, 35.783763416734253 ], [ 137.17176299947667, 35.783894388792952 ], [ 137.171715666652744, 35.783948167547635 ], [ 137.17150074984076, 35.783978832904729 ], [ 137.171205277481107, 35.78407949983017 ], [ 137.170888277824645, 35.784206444563218 ], [ 137.170614278303674, 35.784377138539064 ], [ 137.170367138619127, 35.784565332906986 ], [ 137.170153278294748, 35.784841582891268 ], [ 137.169976110765873, 35.784997610776394 ], [ 137.169530832817628, 35.785212138549184 ], [ 137.169324944073622, 35.785325249991963 ], [ 137.169152583018814, 35.785360360812355 ], [ 137.168975416579087, 35.785430582453131 ], [ 137.168793471983463, 35.785461778300636 ], [ 137.168582806172708, 35.785477389544567 ], [ 137.168367332798681, 35.785528110450606 ], [ 137.168233250359975, 35.785520305986914 ], [ 137.168113555757856, 35.785477389544567 ], [ 137.167735305959042, 35.785340889034515 ], [ 137.166973971569092, 35.78513808301485 ], [ 137.166667693628284, 35.785122749757157 ], [ 137.166666666548025, 35.785122694159909 ], [ 137.166662167217737, 35.785122471770919 ], [ 137.166496528473914, 35.785078305548765 ], [ 137.166367388654606, 35.785039805612797 ], [ 137.166256193876649, 35.785031944393587 ], [ 137.16618322216749, 35.785043471556342 ], [ 137.166014555551897, 35.785029528229856 ], [ 137.165652278321147, 35.785024416757864 ], [ 137.165400250475301, 35.785026971914718 ], [ 137.165258500332584, 35.785037221499046 ], [ 137.165126194317878, 35.785111639573771 ], [ 137.164952917277446, 35.78516041689268 ], [ 137.164820611262741, 35.785162972049534 ], [ 137.164776889012501, 35.785180083260883 ], [ 137.164706250289413, 35.785193082592436 ], [ 137.164613860991182, 35.785215777852379 ], [ 137.164467056045311, 35.78527808267669 ], [ 137.164355527983616, 35.785337638912061 ], [ 137.164272750544455, 35.78541299982345 ], [ 137.164094971995411, 35.785532639309764 ], [ 137.164004832906897, 35.785606083274374 ], [ 137.163920166859953, 35.785732916812925 ], [ 137.163854611258245, 35.785768528008546 ], [ 137.163636277743507, 35.785758306222846 ], [ 137.163538443721933, 35.78571263887499 ], [ 137.16336408296479, 35.7856339722439 ], [ 137.163242833038652, 35.78562163892105 ], [ 137.163190944247987, 35.785583806152061 ], [ 137.163196417289555, 35.785532611511144 ], [ 137.163215527734764, 35.785465861223535 ], [ 137.163218249551875, 35.785376832655352 ], [ 137.163212805917681, 35.785281167165678 ], [ 137.163220999687184, 35.785152083096861 ], [ 137.163223749822492, 35.785038582473348 ], [ 137.163226471639575, 35.785000749704359 ], [ 137.163272916796075, 35.784893943916117 ], [ 137.163330277539131, 35.784798249469553 ], [ 137.163371249654062, 35.784715916894918 ], [ 137.163406749816573, 35.784557916465758 ], [ 137.163420416627616, 35.784468889055852 ], [ 137.163453193883896, 35.784355388432331 ], [ 137.163445000114422, 35.784304221590034 ], [ 137.163414943586048, 35.784221861216778 ], [ 137.163412221768965, 35.78415955639246 ], [ 137.163439528162002, 35.78410613901989 ], [ 137.16346411055963, 35.784032721695631 ], [ 137.163485972229324, 35.783979305481338 ], [ 137.163551527831061, 35.78394147155408 ], [ 137.163608888574117, 35.783819083478811 ], [ 137.163581972101241, 35.783782528288249 ], [ 137.163551083452745, 35.783719582937309 ], [ 137.163549139297686, 35.783677860677514 ], [ 137.163620611230101, 35.783593694551975 ], [ 137.163701722250636, 35.783581111041507 ], [ 137.163750000467616, 35.783546499438074 ], [ 137.16378861127825, 35.783474110662901 ], [ 137.163778972190102, 35.783381278316334 ], [ 137.163750249885823, 35.783333332639586 ], [ 137.16374997214939, 35.783332889019881 ], [ 137.163738417224437, 35.783313610674135 ], [ 137.163684361000378, 35.783250666481472 ], [ 137.163666972521071, 35.783205028090514 ], [ 137.163690139007457, 35.78317513877834 ], [ 137.163846583041448, 35.783134221520363 ], [ 137.163902221818603, 35.783133777900652 ], [ 137.163975861184412, 35.783110722416872 ], [ 137.164030360697581, 35.783085333006952 ], [ 137.164040277522133, 35.783057056014961 ], [ 137.164014083164005, 35.783031110632564 ], [ 137.163914250529274, 35.782987250195269 ], [ 137.163800221750478, 35.782954833524862 ], [ 137.163721055974179, 35.782920194122802 ], [ 137.16367855576425, 35.782888721447335 ], [ 137.163674693594032, 35.782817917193725 ], [ 137.163694028406724, 35.782743971695609 ], [ 137.163759694013862, 35.782684166430904 ], [ 137.163777056353268, 35.782632250184029 ], [ 137.163740388608545, 35.782551972391026 ], [ 137.163713332722892, 35.782468583468678 ], [ 137.163624527858445, 35.782364722018038 ], [ 137.163589749810654, 35.782251417143165 ], [ 137.163603278298069, 35.782212083248481 ], [ 137.163649638499891, 35.782171167148782 ], [ 137.163775166656336, 35.782112944089086 ], [ 137.163838889197564, 35.78209563944565 ], [ 137.164033944042188, 35.781928832644063 ], [ 137.164111193981682, 35.781801388694056 ], [ 137.164126639395079, 35.781751028011854 ], [ 137.164142082630178, 35.78164088870529 ], [ 137.16416141744287, 35.781513416956663 ], [ 137.164176860677969, 35.781478806511501 ], [ 137.164207750415613, 35.781417416725226 ], [ 137.164234806301295, 35.781351332446327 ], [ 137.164240583219197, 35.781288389411934 ], [ 137.164248306470483, 35.78125691673646 ], [ 137.164290805591236, 35.781201861561627 ], [ 137.164317833158663, 35.781176666742077 ], [ 137.164393167261295, 35.781156222012399 ], [ 137.164487778451019, 35.781113722549406 ], [ 137.16454377774096, 35.781091694456443 ], [ 137.164572749463474, 35.781068110798806 ], [ 137.164578555788751, 35.781031916990358 ], [ 137.164557306228375, 35.780989417527366 ], [ 137.164518694328592, 35.780946916906096 ], [ 137.164526416490702, 35.780917027593915 ], [ 137.164595944268058, 35.780879278220802 ], [ 137.164636472004673, 35.780839916527491 ], [ 137.164640361403968, 35.780756527605149 ], [ 137.164615249673375, 35.780662110737012 ], [ 137.164601722275137, 35.780591306483402 ], [ 137.164611388592306, 35.780528361132461 ], [ 137.164651943557999, 35.780490582802443 ], [ 137.16469827761992, 35.780468555867749 ], [ 137.164709889181324, 35.780429221973066 ], [ 137.16469249961284, 35.780364694417109 ], [ 137.16464808247693, 35.780270277548972 ], [ 137.164651943557999, 35.780216777938804 ], [ 137.164677056377769, 35.780166417256602 ], [ 137.16473499982277, 35.780117638779416 ], [ 137.164802583445038, 35.780092471758486 ], [ 137.164912667277235, 35.780048416730821 ], [ 137.164937749600455, 35.780021667504883 ], [ 137.164966722412117, 35.780020082983313 ], [ 137.165028528027335, 35.78005313902208 ], [ 137.16511622194605, 35.78004600056709 ], [ 137.165183027906295, 35.780014138710882 ], [ 137.165200889082143, 35.779993721779832 ], [ 137.165210805906696, 35.779973888619878 ], [ 137.16521805646147, 35.779955805614968 ], [ 137.165208694020606, 35.779940722544893 ], [ 137.165187611102112, 35.779929693440828 ], [ 137.16513752814285, 35.779903388992864 ], [ 137.165089832627814, 35.779873666472426 ], [ 137.165056471580442, 35.779843750519902 ], [ 137.164960944405067, 35.779891055670014 ], [ 137.164908806196195, 35.779887916742055 ], [ 137.164866305986266, 35.779829667042016 ], [ 137.164874028148404, 35.77975730606547 ], [ 137.164901082944908, 35.779692778509506 ], [ 137.164931971593404, 35.77963613881311 ], [ 137.164937777918681, 35.779576333548398 ], [ 137.164931971593404, 35.77947719438901 ], [ 137.164953222242929, 35.77934816707571 ], [ 137.16498605613566, 35.779242722261777 ], [ 137.164997639378839, 35.779176639141149 ], [ 137.164984110891425, 35.779146749828968 ], [ 137.164928110512335, 35.779107389293934 ], [ 137.164922332505284, 35.779069638762543 ], [ 137.164953222242929, 35.779025582576608 ], [ 137.16503241742663, 35.778968917398139 ], [ 137.16505749974985, 35.778909138773777 ], [ 137.165069111311254, 35.778833583272018 ], [ 137.16505749974985, 35.778767500151396 ], [ 137.165034333263463, 35.778728167414982 ], [ 137.165034333263463, 35.778619582514814 ], [ 137.165051721742799, 35.778485832910263 ], [ 137.16504594373572, 35.778287555749756 ], [ 137.16503822157361, 35.778240360635863 ], [ 137.165009249851096, 35.778194722244912 ], [ 137.164991861371789, 35.778164806292381 ], [ 137.165001527688986, 35.778119194541773 ], [ 137.165059472223135, 35.778093999722223 ], [ 137.165127055845431, 35.778073556150822 ], [ 137.165252555683651, 35.778054666985817 ], [ 137.165331749778176, 35.778032638892846 ], [ 137.165434083130037, 35.777977555919392 ], [ 137.165482361347017, 35.777919332859703 ], [ 137.165561528212493, 35.77790988943547 ], [ 137.165642639233027, 35.777867416612828 ], [ 137.165706360685078, 35.777817055930626 ], [ 137.165700582678028, 35.77777613867265 ], [ 137.165557667131424, 35.777683306326075 ], [ 137.165422499886859, 35.777612499755918 ], [ 137.165356861508798, 35.777620360975135 ], [ 137.165277667414244, 35.777658111506526 ], [ 137.165173388818175, 35.777637666776847 ], [ 137.165127055845431, 35.777609333029339 ], [ 137.165144444324739, 35.777565278001674 ], [ 137.165212027947035, 35.777547972199962 ], [ 137.165262222000848, 35.777502332650734 ], [ 137.165266083081889, 35.777453556490094 ], [ 137.16522555643445, 35.777392194502447 ], [ 137.165227472271283, 35.777333971442751 ], [ 137.165237138588452, 35.777289888616465 ], [ 137.165264167245056, 35.777242693502572 ], [ 137.165283471561224, 35.777223805495844 ], [ 137.165318222379938, 35.777222222132551 ], [ 137.16535491735371, 35.777239555732891 ], [ 137.165410916643651, 35.777249000315393 ], [ 137.16550941723267, 35.777226944423802 ], [ 137.165582777772869, 35.777189193892411 ], [ 137.165631055989849, 35.777157722375215 ], [ 137.165644583388087, 35.777105778329719 ], [ 137.165677417280818, 35.777031832831604 ], [ 137.165702332962155, 35.776978472214559 ], [ 137.165707806003724, 35.7769651115009 ], [ 137.165707806003724, 35.776942861018938 ], [ 137.165677749475378, 35.776938416713925 ], [ 137.165582166752699, 35.776962888769255 ], [ 137.165497527934832, 35.776996249434603 ], [ 137.165429250516013, 35.776980693787927 ], [ 137.165396472170585, 35.77693616734193 ], [ 137.16538827840111, 35.776889443646368 ], [ 137.16541286079871, 35.776849389304012 ], [ 137.165451082778333, 35.776780388486138 ], [ 137.165582193981749, 35.776655777679231 ], [ 137.16562313886763, 35.776646889069205 ], [ 137.165688694469338, 35.776655777679231 ], [ 137.165781528145857, 35.776635749928914 ], [ 137.165830694030262, 35.776584556446267 ], [ 137.165861222166001, 35.776494055709286 ], [ 137.165861222166001, 35.77636022155059 ], [ 137.165861917051672, 35.776172167334053 ], [ 137.165872527672747, 35.776071778394858 ], [ 137.16585200022709, 35.775983528188142 ], [ 137.16582583309804, 35.775912000012042 ], [ 137.165794666713111, 35.775877972179714 ], [ 137.165764222442903, 35.77587686139303 ], [ 137.165747250023657, 35.775876222024678 ], [ 137.165757277942788, 35.776019389571381 ], [ 137.165644416746233, 35.776143527801679 ], [ 137.165568250523449, 35.776311333037178 ], [ 137.165396167205074, 35.776265361062741 ], [ 137.165337361143401, 35.776310611431235 ], [ 137.16514483315575, 35.776221777453415 ], [ 137.165116499682483, 35.776250027805055 ], [ 137.165081805500193, 35.776299639082687 ], [ 137.165011722249972, 35.776341166752111 ], [ 137.164989582843845, 35.776393167553131 ], [ 137.164986861026762, 35.776455472377449 ], [ 137.164940416959411, 35.776497778408348 ], [ 137.164891278304083, 35.776499999981716 ], [ 137.164820277979032, 35.776459944481083 ], [ 137.164709971957677, 35.776424416681337 ], [ 137.164637249666725, 35.776461750233366 ], [ 137.164584167153947, 35.776536139351194 ], [ 137.164540361038206, 35.776581221769668 ], [ 137.164470722166271, 35.776600138733293 ], [ 137.164405166564563, 35.776615694379977 ], [ 137.164355999590981, 35.776651305575598 ], [ 137.164342361098164, 35.776691361076232 ], [ 137.164357083307664, 35.776832000106424 ], [ 137.164339693739208, 35.7769138334641 ], [ 137.164268250125019, 35.776937443762087 ], [ 137.164158193521871, 35.776961028577993 ], [ 137.164121499637247, 35.77699250009519 ], [ 137.164165916773158, 35.777046027503978 ], [ 137.164260527962881, 35.77710580612834 ], [ 137.164270167051001, 35.777145166663374 ], [ 137.164208388664861, 35.777258443739619 ], [ 137.164096388995802, 35.777411082509175 ], [ 137.163826028366771, 35.777721083497816 ], [ 137.163665722162534, 35.777955555625049 ], [ 137.163613582864485, 35.778042083475356 ], [ 137.163621306115772, 35.778087721866306 ], [ 137.163632889358951, 35.77812705576099 ], [ 137.1636271113519, 35.778166417454294 ], [ 137.163607777628357, 35.778257666437575 ], [ 137.163603916547288, 35.778468528266828 ], [ 137.163592333304109, 35.778625889327635 ], [ 137.163592333304109, 35.778745499857045 ], [ 137.163559500500554, 35.778776972532519 ], [ 137.163532443525725, 35.778833611070645 ], [ 137.163540166777011, 35.778896556421586 ], [ 137.163526666607822, 35.779020861443634 ], [ 137.163517000290625, 35.779153055483512 ], [ 137.163476444235783, 35.779226999823351 ], [ 137.163474500080724, 35.779302527526482 ], [ 137.163472555925665, 35.779395388829954 ], [ 137.163464832674379, 35.779540138581673 ], [ 137.163406889229378, 35.779628277593893 ], [ 137.163329666518962, 35.779721111098745 ], [ 137.163173222484943, 35.779884750015469 ], [ 137.163101777781606, 35.780005917267836 ], [ 137.162999417200695, 35.780163278328644 ], [ 137.16299361087539, 35.780293889005229 ], [ 137.16299361087539, 35.780452833429329 ], [ 137.162960778071835, 35.780533083423713 ], [ 137.162895111375548, 35.780551971430441 ], [ 137.162730556348407, 35.78050919398121 ], [ 137.162602417469429, 35.780476888505298 ], [ 137.162499055948189, 35.780411138968155 ], [ 137.162368806272298, 35.780356888795147 ], [ 137.162238555507258, 35.780322278349992 ], [ 137.16204741729095, 35.78033094457102 ], [ 137.161861416654176, 35.780466333136111 ], [ 137.161732028505838, 35.780570193428474 ], [ 137.161650917485304, 35.780582778097219 ], [ 137.161562083213482, 35.780589082593487 ], [ 137.161504138679305, 35.780567027860165 ], [ 137.161396000091344, 35.780447443971099 ], [ 137.161202916630828, 35.78025230573855 ], [ 137.16109811088009, 35.780179388789527 ], [ 137.161023722170512, 35.780169582824911 ], [ 137.161021971886385, 35.78016919364417 ], [ 137.160972055569005, 35.780163499559357 ], [ 137.160925611501682, 35.780137388543487 ], [ 137.160880556116524, 35.780111943536319 ], [ 137.160834833074773, 35.780078833058582 ], [ 137.16078819404737, 35.780047888556972 ], [ 137.160726056237593, 35.780020916942036 ], [ 137.160659082546289, 35.779992722187643 ], [ 137.160591028405804, 35.779973028020812 ], [ 137.160530694249132, 35.779966194192411 ], [ 137.160463610552426, 35.779966167552061 ], [ 137.160409277681111, 35.779967916548827 ], [ 137.160360778364151, 35.779964167209414 ], [ 137.160321055518608, 35.779939193620578 ], [ 137.160269917160917, 35.779885556175572 ], [ 137.160233360510773, 35.779868610597688 ], [ 137.16018186055112, 35.779858861388597 ], [ 137.160130888835283, 35.779858222020245 ], [ 137.160086999943161, 35.779858056386779 ], [ 137.16003080569314, 35.779835639113074 ], [ 137.160007193739318, 35.77980183251146 ], [ 137.159998249536869, 35.779771833163061 ], [ 137.159975777936154, 35.779738721527046 ], [ 137.159942250246928, 35.779706777433248 ], [ 137.159896417199775, 35.779672667363322 ], [ 137.159840832880747, 35.779629833158566 ], [ 137.159799943542168, 35.779593832782211 ], [ 137.159753943853133, 35.779570111289729 ], [ 137.159707222049377, 35.779562611452626 ], [ 137.159659167110703, 35.779562389063635 ], [ 137.159603944393638, 35.779562250070519 ], [ 137.159549443791292, 35.779547694016024 ], [ 137.15951766747537, 35.779532471952834 ], [ 137.159492889028485, 35.779512333008022 ], [ 137.1594737774941, 35.779479832941739 ], [ 137.159461832648958, 35.779442832973196 ], [ 137.159420082872003, 35.77937763940853 ], [ 137.159398944406206, 35.779356306281166 ], [ 137.159370888669372, 35.779327666748792 ], [ 137.159314527777497, 35.779294417277931 ], [ 137.159260999797254, 35.779267388907471 ], [ 137.159198611480093, 35.779240610724628 ], [ 137.159134360695049, 35.779221305738538 ], [ 137.159080472202049, 35.779197638685027 ], [ 137.159025528310565, 35.77917261065722 ], [ 137.158955610613049, 35.779131138585043 ], [ 137.158909972525976, 35.779083277462448 ], [ 137.158883249924031, 35.779037611272869 ], [ 137.158879861539504, 35.779001278471299 ], [ 137.158888250269086, 35.77895683310463 ], [ 137.158919056141229, 35.778911610534763 ], [ 137.158882499491085, 35.778852806020517 ], [ 137.158770556458478, 35.778725943525068 ], [ 137.158573944111481, 35.778599083346165 ], [ 137.158410082880835, 35.778496721862943 ], [ 137.158352750456004, 35.778452194258669 ], [ 137.158334361036339, 35.77836444442719 ], [ 137.158333638921619, 35.778360971915738 ], [ 137.15833333286696, 35.778360000122177 ], [ 137.158303610711499, 35.778267500200819 ], [ 137.158147971568553, 35.778071639204043 ], [ 137.158027806448274, 35.777973722025834 ], [ 137.157877610939522, 35.777809027919666 ], [ 137.157773860587241, 35.777740028260069 ], [ 137.157558110565958, 35.777753361175108 ], [ 137.157416111005006, 35.777697722229171 ], [ 137.157282306302733, 35.777637638978227 ], [ 137.157219499747157, 35.777595332947321 ], [ 137.157246806140193, 35.777526361086352 ], [ 137.157222249882466, 35.77744847165846 ], [ 137.157203139437257, 35.777388389565786 ], [ 137.1572168062483, 35.777319388747912 ], [ 137.157298750478162, 35.777228167563258 ], [ 137.157320582740454, 35.777174750190689 ], [ 137.157317860923371, 35.777110221476455 ], [ 137.157309694382946, 35.77700338904787 ], [ 137.157279667261975, 35.776929943924983 ], [ 137.157227778471338, 35.776898778192653 ], [ 137.157077582962586, 35.776923250247982 ], [ 137.156932833266325, 35.776992222108952 ], [ 137.156779888711412, 35.777041167377881 ], [ 137.156725278103664, 35.777032277609585 ], [ 137.15667611113011, 35.776978861395293 ], [ 137.156662471548117, 35.776914332681059 ], [ 137.156681611400728, 35.77681641666112 ], [ 137.156610611075678, 35.776676193452012 ], [ 137.156558749514062, 35.776609444322681 ], [ 137.156403083142095, 35.77650036136383 ], [ 137.156239250229675, 35.776406888490627 ], [ 137.156072694411023, 35.77629338902539 ], [ 137.155949806384456, 35.776182111133515 ], [ 137.155843305896894, 35.776113111473919 ], [ 137.15582147145625, 35.776077500278298 ], [ 137.155829667404049, 35.77604633338769 ], [ 137.155958028472185, 35.775937306026087 ], [ 137.156261193586573, 35.775708111004313 ], [ 137.156296693749084, 35.77564358344835 ], [ 137.156386832837597, 35.775559028142077 ], [ 137.156395027696249, 35.775507833501152 ], [ 137.156364999486101, 35.775472222305531 ], [ 137.156162917365037, 35.775481110915557 ], [ 137.15596083306562, 35.775456611061607 ], [ 137.155783333342157, 35.775438806042935 ], [ 137.155502056037363, 35.775456583262979 ], [ 137.155401000273116, 35.775447666854333 ], [ 137.155365500110605, 35.775414278390357 ], [ 137.155360056476411, 35.775351972407762 ], [ 137.155351888846837, 35.77516949992328 ], [ 137.155319138819635, 35.775100500263683 ], [ 137.155272721981362, 35.7750426385861 ], [ 137.155212639421222, 35.775051528354403 ], [ 137.155119778515626, 35.775107167300334 ], [ 137.154906750311397, 35.77522063896695 ], [ 137.15471286087066, 35.77525622236395 ], [ 137.15457358312679, 35.77528069441928 ], [ 137.154445222058683, 35.775287332499033 ], [ 137.154415193848564, 35.775262860443704 ], [ 137.154352416700391, 35.775156028015118 ], [ 137.154341500024657, 35.775115972514492 ], [ 137.154363360605174, 35.775029194476566 ], [ 137.154359027916769, 35.775000000129985 ], [ 137.154358944051239, 35.774999556510281 ], [ 137.15435244392944, 35.77495572155506 ], [ 137.15432513862558, 35.774860028266765 ], [ 137.154254166618756, 35.774773222430227 ], [ 137.154221389362476, 35.774710916447631 ], [ 137.154196833104749, 35.774633028178016 ], [ 137.154164083077546, 35.774457221571907 ], [ 137.154139527908967, 35.774423833107932 ], [ 137.154098555794036, 35.774410472394266 ], [ 137.15401116684086, 35.77439711052233 ], [ 137.153964750002586, 35.774372638467007 ], [ 137.153929249840075, 35.774308083112423 ], [ 137.153874666461377, 35.774092222163958 ], [ 137.153869221738063, 35.77398761130874 ], [ 137.153844666569483, 35.773907500307473 ], [ 137.153765499704008, 35.773809583129264 ], [ 137.153593471932936, 35.773615943705863 ], [ 137.153377777458928, 35.773451249599695 ], [ 137.15312930572864, 35.773277639084881 ], [ 137.152981861444374, 35.773235333053982 ], [ 137.152861722463967, 35.77318191683969 ], [ 137.15272244363095, 35.773099556466434 ], [ 137.152643277854651, 35.773006082434961 ], [ 137.152577749481992, 35.772874777951046 ], [ 137.152479472171308, 35.77279241757779 ], [ 137.152340221656516, 35.772730082638297 ], [ 137.152181860696487, 35.772612138868048 ], [ 137.152007082790135, 35.772545332983199 ], [ 137.151840528060632, 35.772523082501237 ], [ 137.151704000452099, 35.772467416914949 ], [ 137.151553833261573, 35.772356139023081 ], [ 137.151414582746781, 35.772242610600941 ], [ 137.15132450029472, 35.772113527690394 ], [ 137.151114277773104, 35.771877611192991 ], [ 137.151046027583362, 35.771804167228382 ], [ 137.151035110907628, 35.771766333301123 ], [ 137.151081527745902, 35.771670638854552 ], [ 137.151100666509336, 35.771623917475537 ], [ 137.151097943603105, 35.771563833066317 ], [ 137.151051527854008, 35.771477028388048 ], [ 137.151016056009695, 35.771359083459522 ], [ 137.150942361096611, 35.771189943890072 ], [ 137.1509150830218, 35.771116499925462 ], [ 137.150906889252326, 35.771051972369499 ], [ 137.150906916481375, 35.770976305673251 ], [ 137.150942443872964, 35.770853888641085 ], [ 137.151029861144394, 35.770633611186234 ], [ 137.15110091701672, 35.770388806078806 ], [ 137.151223833361513, 35.770175194502329 ], [ 137.151229306403053, 35.770101750537727 ], [ 137.151253888800682, 35.770037221823486 ], [ 137.151316721496158, 35.769977138572543 ], [ 137.151434138659454, 35.769865888479295 ], [ 137.151447805470525, 35.76981913930166 ], [ 137.151464194098651, 35.76977911044137 ], [ 137.151567999998207, 35.769667832549501 ], [ 137.151600750025409, 35.769632250310778 ], [ 137.151674500485768, 35.76960108342017 ], [ 137.151731861228825, 35.769552139309518 ], [ 137.151868417155612, 35.769367444093383 ], [ 137.151887555919046, 35.76925394346987 ], [ 137.15193124985106, 35.769193861377197 ], [ 137.15207327773021, 35.769078166978936 ], [ 137.152166138635806, 35.768937971568448 ], [ 137.152250805771899, 35.768828944206845 ], [ 137.152258999541402, 35.768773306419185 ], [ 137.152272667441622, 35.768731028186906 ], [ 137.152392832561901, 35.768635361538962 ], [ 137.152523721576188, 35.768509777780217 ], [ 137.152544361205571, 35.768459361500767 ], [ 137.152652305922601, 35.768326055515928 ], [ 137.152674139274097, 35.768257055856331 ], [ 137.152865333037653, 35.768032332938191 ], [ 137.15289538847685, 35.767956667400213 ], [ 137.152950000173774, 35.767909943704652 ], [ 137.152974582571375, 35.767869889362295 ], [ 137.152974610889601, 35.767743028025116 ], [ 137.152993722423986, 35.76770963956114 ], [ 137.153053806073302, 35.767700749792837 ], [ 137.153195832863304, 35.767502721661671 ], [ 137.153294138492242, 35.767393666501448 ], [ 137.153333028128458, 35.767343055631628 ], [ 137.153402527587588, 35.767321027538657 ], [ 137.153419917156072, 35.767281693643973 ], [ 137.153412193904785, 35.767254944418028 ], [ 137.153336917527753, 35.767214028318328 ], [ 137.153296361472911, 35.767158944186598 ], [ 137.153313749952218, 35.76711488915894 ], [ 137.153447000270774, 35.767044082588782 ], [ 137.153481750000338, 35.766988999615322 ], [ 137.153502999560715, 35.766944943429387 ], [ 137.153506860641784, 35.76688988941283 ], [ 137.153530056535544, 35.766812778346406 ], [ 137.153597639068664, 35.76674038957124 ], [ 137.153692721865752, 35.766666666462115 ], [ 137.153693332885922, 35.766666193885506 ], [ 137.153757916954675, 35.766616111189542 ], [ 137.153815833170626, 35.76658936080532 ], [ 137.15390658327928, 35.766572056161884 ], [ 137.153981889063687, 35.766520138756732 ], [ 137.154093888732746, 35.766485528311577 ], [ 137.154140221705489, 35.766466639146572 ], [ 137.154149889111835, 35.766438333197684 ], [ 137.154144111104785, 35.766384832429239 ], [ 137.15417694390834, 35.766343917487816 ], [ 137.154234861213439, 35.766306139157798 ], [ 137.154315972233974, 35.766280972136876 ], [ 137.154387416937311, 35.76627783320891 ], [ 137.154437610991124, 35.766266833061742 ], [ 137.154478167045994, 35.76622436139737 ], [ 137.154489750289173, 35.766159832683137 ], [ 137.154505221842498, 35.766051250099515 ], [ 137.154574749619826, 35.765909639275755 ], [ 137.154630749998944, 35.765815222407618 ], [ 137.154729249498786, 35.765661028073396 ], [ 137.1548161385264, 35.765561888914 ], [ 137.15498413857452, 35.765447028474462 ], [ 137.155165638791857, 35.765336916966518 ], [ 137.155229361333085, 35.765321166729471 ], [ 137.155277638460888, 35.765325889020723 ], [ 137.155347139009166, 35.765335361401853 ], [ 137.155426305874641, 35.765319611164806 ], [ 137.15550352749591, 35.765294444143876 ], [ 137.155576917443483, 35.765228361023247 ], [ 137.155611667173048, 35.765189028286841 ], [ 137.155630971489188, 35.765126082935893 ], [ 137.155646444131662, 35.765033249431049 ], [ 137.155634860888483, 35.764937250357896 ], [ 137.155656111538008, 35.764897916463205 ], [ 137.15569088849665, 35.764853861435547 ], [ 137.155712110827949, 35.76480036066711 ], [ 137.155762333199988, 35.764764166858662 ], [ 137.15586080547078, 35.764687082432587 ], [ 137.155905221517514, 35.764672916717103 ], [ 137.156003693788307, 35.764674500080396 ], [ 137.156086694505774, 35.764683943504622 ], [ 137.156129167486625, 35.764672944515731 ], [ 137.156162000290209, 35.76463516734399 ], [ 137.156183249850585, 35.764581666575552 ], [ 137.156183249850585, 35.764531305893343 ], [ 137.156196778338, 35.764454193668648 ], [ 137.15621608265414, 35.764421166586779 ], [ 137.156289471512537, 35.764342499955688 ], [ 137.156436222000309, 35.7642433607963 ], [ 137.156523111027923, 35.764178861038964 ], [ 137.156590693561043, 35.764145806158474 ], [ 137.156691082757817, 35.76413166708334 ], [ 137.156737416819738, 35.76413952830255 ], [ 137.156764444387164, 35.764166277528496 ], [ 137.156783749792481, 35.764229221721166 ], [ 137.156833943846294, 35.764281166924938 ], [ 137.157057888726257, 35.764451139294835 ], [ 137.157187222416468, 35.764628971725664 ], [ 137.157328166578935, 35.764767443621466 ], [ 137.157397667127242, 35.764838277990243 ], [ 137.157444000099986, 35.764844555846167 ], [ 137.157543778276619, 35.764785083006672 ], [ 137.157625500317323, 35.764739138830855 ], [ 137.157646749877699, 35.764701389457734 ], [ 137.157637082471325, 35.764627417319275 ], [ 137.157635166634492, 35.764529861523172 ], [ 137.157613944303193, 35.764474778549719 ], [ 137.157598499978945, 35.764411833198771 ], [ 137.157590806135033, 35.764210417110306 ], [ 137.15760241660729, 35.763979082752755 ], [ 137.157565749951715, 35.763746193988815 ], [ 137.157482777552474, 35.763470805761884 ], [ 137.157430666572651, 35.76325680616295 ], [ 137.157399777924155, 35.763113610817626 ], [ 137.157378555592857, 35.762965666540694 ], [ 137.157388221910026, 35.76287441755742 ], [ 137.157403693463351, 35.762795721969425 ], [ 137.157428777964896, 35.762746943492239 ], [ 137.157498278513174, 35.762679278166594 ], [ 137.157523389154619, 35.762619499542232 ], [ 137.157572556128173, 35.762563443616934 ], [ 137.157637110789551, 35.76248905565739 ], [ 137.157645416742781, 35.762481667014782 ], [ 137.157668194398155, 35.762458860560344 ], [ 137.157687999729063, 35.762436778028402 ], [ 137.157699833479597, 35.762425056275283 ], [ 137.157715971600368, 35.762411444215729 ], [ 137.157735889115003, 35.762394694386494 ], [ 137.157751360668328, 35.762377916758638 ], [ 137.157762221796787, 35.762365583435788 ], [ 137.157771055993805, 35.762357360834464 ], [ 137.157787306298303, 35.762345027511614 ], [ 137.157805667399742, 35.762331693438306 ], [ 137.157820832898381, 35.762322943821403 ], [ 137.157830443668274, 35.762319250079237 ], [ 137.157840306034728, 35.762317722313192 ], [ 137.157854999926002, 35.762317527722821 ], [ 137.157868389000612, 35.762318972092999 ], [ 137.157889389142781, 35.762322943821403 ], [ 137.157912166798155, 35.762328639064492 ], [ 137.157927000102234, 35.762333055570878 ], [ 137.157941138520641, 35.762338278237365 ], [ 137.157964249459724, 35.762348472224438 ], [ 137.157995333068328, 35.762364139065618 ], [ 137.158024082601685, 35.762380638707235 ], [ 137.158043111359717, 35.762391555458535 ], [ 137.158054499642816, 35.762397221744727 ], [ 137.158067222149981, 35.76240236101534 ], [ 137.158091556218551, 35.762410305630425 ], [ 137.15812758353573, 35.762421305777593 ], [ 137.158164082460274, 35.762433832532537 ], [ 137.158202694360057, 35.762448972358129 ], [ 137.158243056543967, 35.762466111368106 ], [ 137.158281305752638, 35.762483332615673 ], [ 137.158319805468693, 35.762502249579306 ], [ 137.15833333286696, 35.762509361393946 ], [ 137.158334332718113, 35.762509889567802 ], [ 137.15835705591536, 35.762521832551634 ], [ 137.158391556226718, 35.762539139511631 ], [ 137.158414110603758, 35.762549416894579 ], [ 137.158427721867525, 35.76255463956106 ], [ 137.158442750131712, 35.762559221700918 ], [ 137.15846741748399, 35.76256519377197 ], [ 137.158493193603732, 35.762569778228382 ], [ 137.158507777489604, 35.762572138794866 ], [ 137.158515861253676, 35.762574832944843 ], [ 137.15853033295582, 35.762581694571871 ], [ 137.158552472361947, 35.762589889374567 ], [ 137.158575916584766, 35.762596278424986 ], [ 137.158593722213311, 35.76259936059742 ], [ 137.158604443928965, 35.76259936059742 ], [ 137.158612832658548, 35.76259772163688 ], [ 137.158620027666018, 35.762594944091035 ], [ 137.158629555659559, 35.762589250006215 ], [ 137.158638833145744, 35.762581694571871 ], [ 137.158652000031196, 35.76256844389443 ], [ 137.158664055970917, 35.762554556165192 ], [ 137.158670583321765, 35.762545556360671 ], [ 137.158675444254015, 35.762536444203377 ], [ 137.158681082848261, 35.762520500534237 ], [ 137.158686500342554, 35.762498138857779 ], [ 137.158690833030988, 35.762479916859746 ], [ 137.158694360828321, 35.762468833316703 ], [ 137.158699332855122, 35.76245794436403 ], [ 137.15870797209206, 35.762443055884326 ], [ 137.158715832577826, 35.762432166931646 ], [ 137.158729638801674, 35.762416750278085 ], [ 137.158751778207829, 35.762395027969987 ], [ 137.1587777503768, 35.762372417264189 ], [ 137.158804860720579, 35.762350693797806 ], [ 137.15883027850586, 35.76233175019383 ], [ 137.158854278201545, 35.7623141942045 ], [ 137.158870555735092, 35.762299582552757 ], [ 137.158877749653414, 35.762293639438603 ], [ 137.158881721829061, 35.762291832528042 ], [ 137.15888680603959, 35.762291110922092 ], [ 137.158894333241648, 35.762292193910156 ], [ 137.158909471511237, 35.7622970563528 ], [ 137.158930499971603, 35.762304360441256 ], [ 137.158941110592679, 35.762306972353635 ], [ 137.158947639032704, 35.762307332577471 ], [ 137.1589581385592, 35.762305889365578 ], [ 137.158975388714879, 35.762301111477079 ], [ 137.158990528073645, 35.762298055944989 ], [ 137.159000611540051, 35.762297611167007 ], [ 137.159012556385193, 35.762299138933045 ], [ 137.159038860748723, 35.762305722573835 ], [ 137.15908441714862, 35.762319611461351 ], [ 137.15913055625046, 35.762334833524541 ], [ 137.159173222013067, 35.762350083386359 ], [ 137.159212916540383, 35.762364860671568 ], [ 137.159245666567585, 35.762377471980649 ], [ 137.159266555615176, 35.76238713895215 ], [ 137.159289111081392, 35.762401111235533 ], [ 137.159323389203593, 35.762423916531702 ], [ 137.159331806251373, 35.762429139198183 ], [ 137.159363110959958, 35.762446721827864 ], [ 137.159392528149937, 35.762467166557542 ], [ 137.159399471560874, 35.762472305828155 ], [ 137.159411860784303, 35.762463833039213 ], [ 137.159402916581854, 35.762456722382851 ], [ 137.159377917034988, 35.762433110926587 ], [ 137.159353138588102, 35.762408138496028 ], [ 137.159344860953098, 35.76240147145937 ], [ 137.159327832986577, 35.762379194337065 ], [ 137.159323083148934, 35.762369471768324 ], [ 137.159322083297752, 35.762364582685322 ], [ 137.15932330642724, 35.762357028409255 ], [ 137.159326610946266, 35.762349556370779 ], [ 137.159337110472762, 35.762335389497018 ], [ 137.159355693763331, 35.762313749426511 ], [ 137.159360138635492, 35.762306278546312 ], [ 137.159365443946029, 35.76229041711477 ], [ 137.159366555980938, 35.762281582943714 ], [ 137.159366555980938, 35.762262750534234 ], [ 137.159363999716561, 35.762242999611878 ], [ 137.159361249581252, 35.762232194055073 ], [ 137.159357916744, 35.762222193500094 ], [ 137.159357361271134, 35.762220472301955 ], [ 137.159345860804279, 35.762194500279207 ], [ 137.159323971905536, 35.762152693465268 ], [ 137.159318000027525, 35.762139972119954 ], [ 137.159308943641349, 35.762115361071508 ], [ 137.159298110831116, 35.762076694343797 ], [ 137.159288388966644, 35.762040832960565 ], [ 137.159279306440567, 35.762015305715799 ], [ 137.159277221783526, 35.762009556033739 ], [ 137.159273555662566, 35.762000250444352 ], [ 137.159265833500427, 35.761979167504599 ], [ 137.159259639433287, 35.761957722024462 ], [ 137.159257638641776, 35.761946556243821 ], [ 137.159256860979752, 35.761935193556262 ], [ 137.159257971925513, 35.761912111432132 ], [ 137.159263278325199, 35.761880471964915 ], [ 137.159264721465519, 35.761870917346194 ], [ 137.159263305554276, 35.761867305841626 ], [ 137.159259306149579, 35.761864250309536 ], [ 137.159276999594397, 35.761857388682515 ], [ 137.159291388520188, 35.761858111446735 ], [ 137.15931305631895, 35.761754639176829 ], [ 137.159347249486473, 35.761572582513423 ], [ 137.15935822170951, 35.761456027516097 ], [ 137.159349472467142, 35.761393667094531 ], [ 137.159340193891808, 35.761334805824767 ], [ 137.15931500047401, 35.761248361370335 ], [ 137.159286027662347, 35.761175166435066 ], [ 137.159216139372205, 35.761041222240145 ], [ 137.159198555932818, 35.7610160563775 ], [ 137.159188472466383, 35.7610016115175 ], [ 137.15916972253396, 35.760978305846102 ], [ 137.158946750276101, 35.761077916423829 ], [ 137.158947167425339, 35.76108955593935 ], [ 137.158994971856629, 35.761227221675057 ], [ 137.159002749566042, 35.761261249507385 ], [ 137.159006638965337, 35.761291832626888 ], [ 137.159004582626523, 35.761334056420189 ], [ 137.158995888931457, 35.761384806283132 ], [ 137.158989693775169, 35.761427555933743 ], [ 137.158992943836068, 35.761467639232997 ], [ 137.159064583499486, 35.761797277632944 ], [ 137.159062139418836, 35.761804833067288 ], [ 137.159055055505945, 35.761805027657658 ], [ 137.159042999566225, 35.761809444164044 ], [ 137.15902144395119, 35.761813749475934 ], [ 137.158978527681199, 35.761819528114899 ], [ 137.158937500018993, 35.76182230566075 ], [ 137.158867721734282, 35.761823388648807 ], [ 137.15883133281514, 35.761823916822664 ], [ 137.158785110936975, 35.761826527576765 ], [ 137.158728916686954, 35.761830778449692 ], [ 137.158712110909562, 35.761831056435931 ], [ 137.158680722335475, 35.761830332513426 ], [ 137.158632499665799, 35.761829332921238 ], [ 137.158576194321199, 35.761831472257015 ], [ 137.158521805902609, 35.761834277601487 ], [ 137.1584643885231, 35.761837056305609 ], [ 137.158401027583807, 35.761841306020251 ], [ 137.158338777590274, 35.761845527936273 ], [ 137.158334332718113, 35.761845639130769 ], [ 137.15833333286696, 35.761845666929389 ], [ 137.158272750381201, 35.76184733253028 ], [ 137.158222110859924, 35.761847417084425 ], [ 137.158189000319936, 35.761838250488168 ], [ 137.158166332669992, 35.761826694368516 ], [ 137.158118917069714, 35.761797277632944 ], [ 137.158069388494198, 35.761773500543214 ], [ 137.157360221720495, 35.76175152804749 ], [ 137.157093860496133, 35.761739332559486 ], [ 137.15686808255569, 35.761721167316978 ], [ 137.156604333143036, 35.761690306211236 ], [ 137.156181778392039, 35.761635027489135 ], [ 137.155943971740953, 35.761595778148603 ], [ 137.154914250284378, 35.761370000041026 ], [ 137.154853388973038, 35.761393055524806 ], [ 137.154810193877466, 35.761466888670149 ], [ 137.154745777539716, 35.76155861138831 ], [ 137.154651639046534, 35.76165552781606 ], [ 137.154565278262737, 35.76171897238396 ], [ 137.154490944011286, 35.761759917440564 ], [ 137.154333111295074, 35.761811805888811 ], [ 137.154226944091221, 35.761853333558236 ], [ 137.154158971637912, 35.761908722316555 ], [ 137.15407405617276, 35.76194044402137 ], [ 137.153958667030025, 35.761935806284264 ], [ 137.153900638630375, 35.761931750001715 ], [ 137.153805083136746, 35.761978472538999 ], [ 137.153725111380197, 35.762019416437326 ], [ 137.153625999771009, 35.762027500045527 ], [ 137.153556638635536, 35.762010166445187 ], [ 137.153434917102004, 35.76198247206603 ], [ 137.153277083296643, 35.761951888946527 ], [ 137.153207860484798, 35.761955278062104 ], [ 137.153318750297245, 35.762264694121363 ], [ 137.153719360602196, 35.762442277522851 ], [ 137.153591250041444, 35.762582443976441 ], [ 137.153146083187806, 35.762387416938388 ], [ 137.153245499762477, 35.762253250354483 ], [ 137.153143778519961, 35.761969361539983 ], [ 137.153107221869789, 35.761985888980227 ], [ 137.153035721619148, 35.762025694293243 ], [ 137.152915388767838, 35.762107028433967 ], [ 137.15279930582858, 35.762170471843589 ], [ 137.152674028179518, 35.762211416900186 ], [ 137.152529638996043, 35.76222697254687 ], [ 137.152347749947722, 35.762175028501375 ], [ 137.152201249967334, 35.762121360941187 ], [ 137.152107832499695, 35.762067110768179 ], [ 137.152037777567699, 35.762047499997223 ], [ 137.151991055763943, 35.762056139577908 ], [ 137.151962722290648, 35.762103443569742 ], [ 137.151941499959349, 35.762173833160539 ], [ 137.151858666972913, 35.762228027736306 ], [ 137.151766666505694, 35.762248222278366 ], [ 137.151647055769104, 35.762233193647262 ], [ 137.151480722139581, 35.762157027734055 ], [ 137.151352638807907, 35.762103361332152 ], [ 137.151245055692812, 35.762069333499824 ], [ 137.151189139179223, 35.762074500569057 ], [ 137.151155167111682, 35.762098722436768 ], [ 137.151135333462548, 35.762167388512879 ], [ 137.151121166725915, 35.762242361401803 ], [ 137.151091417341405, 35.76230638858253 ], [ 137.151039749650721, 35.762353693732649 ], [ 137.150969667489647, 35.762395806331455 ], [ 137.150870583109537, 35.762428666621574 ], [ 137.15081749950761, 35.762458083357146 ], [ 137.15075875008236, 35.762495555902298 ], [ 137.150704944365714, 35.762523832894288 ], [ 137.150639833142293, 35.762542278439589 ], [ 137.150557722270577, 35.762540528284553 ], [ 137.150469971715438, 35.762519167358562 ], [ 137.150348943978457, 35.762493194177537 ], [ 137.150070527903551, 35.762494167129375 ], [ 137.150001028444422, 35.762494000337632 ], [ 137.149996916855997, 35.762494000337632 ], [ 137.149910583301249, 35.762484110977141 ], [ 137.149817166922787, 35.762474944380884 ], [ 137.149696750205948, 35.762466055770858 ], [ 137.149603583245721, 35.762464443450668 ], [ 137.149498139245765, 35.762465221812135 ], [ 137.149414778015512, 35.762467305550658 ], [ 137.149348000373465, 35.762475027776752 ], [ 137.149299944345643, 35.762490722416551 ], [ 137.149262000102453, 35.762513722303083 ], [ 137.1492414443386, 35.762540111305192 ], [ 137.149260111494698, 35.762565860938949 ], [ 137.149313166778398, 35.762595889244245 ], [ 137.149452917218753, 35.762679639548708 ], [ 137.149482833245145, 35.762711111065897 ], [ 137.14950794388659, 35.762711889427372 ], [ 137.149537861002131, 35.762714249993863 ], [ 137.149573583353799, 35.762734722522161 ], [ 137.149688444252746, 35.762829167188926 ], [ 137.149776277584238, 35.762893693586605 ], [ 137.14979075037553, 35.762909417183309 ], [ 137.149797499915536, 35.762938528134015 ], [ 137.14981197161768, 35.762958222300846 ], [ 137.149921055598696, 35.763030611076019 ], [ 137.150000000275014, 35.763083361281609 ], [ 137.150001028444422, 35.763084056247209 ], [ 137.150038806045728, 35.763109305505729 ], [ 137.150085139018501, 35.763150221605436 ], [ 137.150297444018804, 35.763490167503498 ], [ 137.150312861113974, 35.763549943811306 ], [ 137.150301277870796, 35.763606611306329 ], [ 137.150247221646765, 35.763641221751492 ], [ 137.150077278532734, 35.763735610821001 ], [ 137.150001028444422, 35.763774694528074 ], [ 137.150000000275014, 35.763775221543654 ], [ 137.149733583503377, 35.763911805449574 ], [ 137.149407360818884, 35.764034667259722 ], [ 137.149240777771155, 35.764118082822414 ], [ 137.149202555791533, 35.764160361054685 ], [ 137.149191610797573, 35.764216000000623 ], [ 137.149184778481214, 35.764251611196244 ], [ 137.149145193959299, 35.764310555861883 ], [ 137.149109666567711, 35.764356194252834 ], [ 137.14907144349894, 35.764366193649543 ], [ 137.149001805716182, 35.764370639112833 ], [ 137.148926722120933, 35.764388417491155 ], [ 137.148881666735775, 35.76440066741813 ], [ 137.14883038896528, 35.764402583206639 ], [ 137.148672082463406, 35.764402556566289 ], [ 137.148618000099475, 35.764419861209731 ], [ 137.148548499551168, 35.764470221891933 ], [ 137.148412360773648, 35.76457247218066 ], [ 137.148373721644788, 35.764613389438637 ], [ 137.148296471705322, 35.76469599999951 ], [ 137.148253028280692, 35.764753416899104 ], [ 137.14824433349645, 35.764779388921852 ], [ 137.148241416719287, 35.764800610854728 ], [ 137.148227916550098, 35.764831306327004 ], [ 137.148204721745486, 35.764853333261691 ], [ 137.14815161091451, 35.764891888794907 ], [ 137.148132305509193, 35.764909971799817 ], [ 137.148123610724952, 35.764939861111998 ], [ 137.148084028381362, 35.764994944085451 ], [ 137.148060832487602, 35.765035861343428 ], [ 137.148030916461238, 35.765087777590303 ], [ 137.147992278421526, 35.765135749907394 ], [ 137.147988417340486, 35.76515699963889 ], [ 137.147980694089199, 35.765171943715842 ], [ 137.147945917130556, 35.765201055824825 ], [ 137.147919861096085, 35.76522544448428 ], [ 137.147913083237825, 35.765253778231795 ], [ 137.147903444149705, 35.765281305819208 ], [ 137.147868667191091, 35.765332443704608 ], [ 137.147809778353036, 35.765389083401011 ], [ 137.147765332898899, 35.76543550015343 ], [ 137.147759555980997, 35.765460667174359 ], [ 137.147744083338523, 35.765496860982807 ], [ 137.147692916662606, 35.765550360592975 ], [ 137.147659111236919, 35.765567667552965 ], [ 137.147633056291596, 35.765577889338665 ], [ 137.14760311085783, 35.765609360855862 ], [ 137.147577055912507, 35.765648693592269 ], [ 137.147577027594281, 35.765677805701252 ], [ 137.147557722188964, 35.765706916651958 ], [ 137.14751716722327, 35.76574152825539 ], [ 137.147465999458177, 35.765796583430223 ], [ 137.147443778364874, 35.765835917324907 ], [ 137.147381971660479, 35.765922471815557 ], [ 137.147316306053341, 35.766002721809947 ], [ 137.147294082781713, 35.766038888978045 ], [ 137.147265111059198, 35.766081388441037 ], [ 137.147193667445009, 35.766152193852918 ], [ 137.147138638598875, 35.766206471824553 ], [ 137.147110611180238, 35.76625761086823 ], [ 137.147042056025015, 35.766370889102753 ], [ 137.146984111490838, 35.76644011115134 ], [ 137.146980250409797, 35.766460582521361 ], [ 137.146983138868734, 35.766496777488086 ], [ 137.146967667315437, 35.766532943497914 ], [ 137.146901056315244, 35.76658958319431 ], [ 137.146838889098063, 35.766666193885506 ], [ 137.146838500267052, 35.766666666462115 ], [ 137.146825722212611, 35.766682416699162 ], [ 137.146782250469755, 35.766759527765586 ], [ 137.146725277468533, 35.766846860617711 ], [ 137.146696305746048, 35.766876749929885 ], [ 137.146630667367987, 35.766912138736515 ], [ 137.146557278509562, 35.766984499713061 ], [ 137.146533111082846, 35.767026221972863 ], [ 137.146531166927787, 35.767075000450049 ], [ 137.146526333224614, 35.767111194258497 ], [ 137.14650991736741, 35.767143444137162 ], [ 137.146459693906223, 35.767198500470272 ], [ 137.146395972454144, 35.767288972250356 ], [ 137.14632741729892, 35.76736608331678 ], [ 137.1462501390412, 35.76746833244723 ], [ 137.146184472344913, 35.767554083094339 ], [ 137.146136194127962, 35.767616250083812 ], [ 137.146122666729696, 35.767655582820218 ], [ 137.146107222405448, 35.76768783269889 ], [ 137.146091749762974, 35.767705943502428 ], [ 137.146068583276588, 35.767717722011071 ], [ 137.14605505587835, 35.76774055626413 ], [ 137.146047332627063, 35.767794833077495 ], [ 137.146034777850929, 35.76782944352265 ], [ 137.146007721965248, 35.767856193906866 ], [ 137.145992277641, 35.767886083219047 ], [ 137.1459864724049, 35.767924638752262 ], [ 137.14597775039158, 35.768008055473231 ], [ 137.145965194526298, 35.768048943774303 ], [ 137.145945889120981, 35.768102444542741 ], [ 137.145946833424858, 35.768129999928782 ], [ 137.14596516729722, 35.768163833170746 ], [ 137.145981583154423, 35.768183499538949 ], [ 137.145983500080433, 35.768202388703955 ], [ 137.145967083134053, 35.768225972361591 ], [ 137.145878249951409, 35.768306222355974 ], [ 137.14585216668786, 35.768354222471693 ], [ 137.14583574974148, 35.768429750174825 ], [ 137.145827027728188, 35.768495833295454 ], [ 137.145809639248881, 35.768530443740609 ], [ 137.145786471673347, 35.768562693619273 ], [ 137.145779693815086, 35.768594972454842 ], [ 137.145779693815086, 35.768669693997879 ], [ 137.14577000026884, 35.768731082625884 ], [ 137.145758417025661, 35.768771193723758 ], [ 137.145737167465285, 35.768797166904783 ], [ 137.145586943638307, 35.768776694376484 ], [ 137.1454968895045, 35.76877555579118 ], [ 137.145471749455652, 35.768777860760416 ], [ 137.145448749611148, 35.768785082611274 ], [ 137.145410916462538, 35.768810277430831 ], [ 137.145378250300837, 35.768830666563254 ], [ 137.145356721914879, 35.768839556331557 ], [ 137.145336472205685, 35.768844167428313 ], [ 137.145313527908456, 35.768847360795242 ], [ 137.145294833523309, 35.768845610640206 ], [ 137.145255750016162, 35.768833499706354 ], [ 137.144940721743808, 35.768662750133259 ], [ 137.144823750047948, 35.768589055981039 ], [ 137.144780889325261, 35.768558028083547 ], [ 137.144665194127867, 35.768446805788926 ], [ 137.144624361425741, 35.768407028274531 ], [ 137.144584027560029, 35.768388944111344 ], [ 137.14443683269397, 35.768342749747916 ], [ 137.144351833363316, 35.768319110493032 ], [ 137.144233360801536, 35.768288638568023 ], [ 137.144162139376505, 35.768270472167238 ], [ 137.144086221482752, 35.768262749941144 ], [ 137.144006611328138, 35.768261056541633 ], [ 137.143958805807699, 35.7682680560035 ], [ 137.143872556118481, 35.768304805784432 ], [ 137.143848750293728, 35.76831505652703 ], [ 137.143845278043671, 35.768325417305846 ], [ 137.143856416908562, 35.768335889279165 ], [ 137.143883860536079, 35.768339638618578 ], [ 137.143926417382431, 35.768349611374937 ], [ 137.143958166469304, 35.76835977756339 ], [ 137.143988693515865, 35.76836194353951 ], [ 137.144099389457381, 35.768365999822059 ], [ 137.144135110719901, 35.768378333144909 ], [ 137.144172721679354, 35.768400611425491 ], [ 137.144205277835624, 35.768426444455123 ], [ 137.144244193611769, 35.76846813891629 ], [ 137.144270194098965, 35.768486388712951 ], [ 137.144286471632512, 35.768482055602433 ], [ 137.144306055863439, 35.768454667008136 ], [ 137.144345528201598, 35.768399944258519 ], [ 137.144373833356639, 35.768378444339405 ], [ 137.144412916863786, 35.768373861041276 ], [ 137.144565333174882, 35.768421722163872 ], [ 137.144595778534239, 35.768435360863769 ], [ 137.144631361473131, 35.768470028064449 ], [ 137.144749167467438, 35.768583278500351 ], [ 137.14479550044021, 35.768616832597793 ], [ 137.144914888987643, 35.768692055674336 ], [ 137.145235389212388, 35.768865778541922 ], [ 137.145284305678587, 35.768880917209238 ], [ 137.145314749948767, 35.768883750352337 ], [ 137.145346138522854, 35.76887941724182 ], [ 137.145372832806572, 35.768873332817989 ], [ 137.145401916712814, 35.768861306438282 ], [ 137.145438361179231, 35.768838527782471 ], [ 137.145471249530061, 35.768816638682623 ], [ 137.145482332847678, 35.768813167329448 ], [ 137.145499027530462, 35.768811639563403 ], [ 137.145579860814564, 35.768812666954219 ], [ 137.14569949986938, 35.768827056216963 ], [ 137.145692750329374, 35.768844360860406 ], [ 137.145693693544104, 35.768909666777837 ], [ 137.145703332632223, 35.768930916509333 ], [ 137.145742917154138, 35.768973417130603 ], [ 137.145773805802634, 35.769011166503716 ], [ 137.145790194430759, 35.769041082456248 ], [ 137.145867417141176, 35.769134722121187 ], [ 137.145882861465424, 35.769162249708607 ], [ 137.14588188884332, 35.769182722236906 ], [ 137.145874166681182, 35.769203166966584 ], [ 137.145866417289994, 35.769249582560725 ], [ 137.145864472045787, 35.769319610769415 ], [ 137.145875082666862, 35.769337721572946 ], [ 137.145898250242396, 35.769345582792162 ], [ 137.145970666478689, 35.769354250171467 ], [ 137.146011194215305, 35.769368417045222 ], [ 137.14607008305336, 35.769402278085806 ], [ 137.146073944134429, 35.769417222162758 ], [ 137.146020833303425, 35.769418777727431 ], [ 137.145859028411593, 35.769413443866448 ], [ 137.145640999862337, 35.769409499936671 ], [ 137.145584139044871, 35.769420805868705 ], [ 137.145640499936775, 35.769427528502611 ], [ 137.145859306148026, 35.769431500231015 ], [ 137.146020833303425, 35.769443167545163 ], [ 137.146110610789975, 35.769443972546981 ], [ 137.146219693681843, 35.769521111412026 ], [ 137.146226444311026, 35.769549417360913 ], [ 137.146219667541942, 35.769575389383661 ], [ 137.146210971668552, 35.769599778043123 ], [ 137.146178138864997, 35.769638333576331 ], [ 137.146114417412917, 35.769687110895248 ], [ 137.146061305492765, 35.769726416991304 ], [ 137.145915500398075, 35.76987905576086 ], [ 137.145842083221424, 35.769982111051405 ], [ 137.145759028045831, 35.770067055538419 ], [ 137.145703027666713, 35.770113472290845 ], [ 137.145614194484068, 35.770161443449659 ], [ 137.145526332834351, 35.770196833414566 ], [ 137.145445221813816, 35.770254278112787 ], [ 137.14541433316532, 35.770296749777152 ], [ 137.145396917456935, 35.770345528254339 ], [ 137.145396917456935, 35.770388806078806 ], [ 137.145418138699085, 35.770437583397715 ], [ 137.145423916706136, 35.770485583513434 ], [ 137.145415193603696, 35.770600443952972 ], [ 137.145408416834613, 35.770734193557523 ], [ 137.145404528524494, 35.770849082953958 ], [ 137.145398693880963, 35.770941139255612 ], [ 137.145382249705563, 35.77104577790945 ], [ 137.145352306450093, 35.77113388912305 ], [ 137.145311750395251, 35.771211778550942 ], [ 137.145290721934856, 35.771268055706955 ], [ 137.145283861300271, 35.771348166708222 ], [ 137.145296111110923, 35.771479472350407 ], [ 137.145313832873939, 35.771599666650928 ], [ 137.145324749549673, 35.771678666865512 ], [ 137.145335638996357, 35.771743194421468 ], [ 137.14537386097598, 35.771830000258014 ], [ 137.145447527570838, 35.7720035829742 ], [ 137.145477555780957, 35.772090388810746 ], [ 137.145488472456691, 35.772134888616385 ], [ 137.145536249658903, 35.772162721988671 ], [ 137.145560805916631, 35.772181638952297 ], [ 137.145567639322167, 35.772210583111267 ], [ 137.145583972403017, 35.772383056199047 ], [ 137.145567582685715, 35.772426444059725 ], [ 137.145533416747242, 35.772480944420359 ], [ 137.145567555456637, 35.772508777792638 ], [ 137.145603055619176, 35.772535500378233 ], [ 137.145638527463461, 35.772578889397195 ], [ 137.145663110950267, 35.772620055684506 ], [ 137.145674000396923, 35.772661249770451 ], [ 137.145704027517894, 35.772713528557709 ], [ 137.145742249497516, 35.772785860577358 ], [ 137.14576816720836, 35.772936083183176 ], [ 137.145768138890134, 35.773003972056088 ], [ 137.145757193896173, 35.773020667446353 ], [ 137.145724443868971, 35.773031777629747 ], [ 137.145675277984537, 35.773047333276423 ], [ 137.145643861092225, 35.773110750045703 ], [ 137.14565202763265, 35.773148582814692 ], [ 137.145706639329575, 35.773191999632274 ], [ 137.145747611444506, 35.773219833004553 ], [ 137.145755777984931, 35.773240971541554 ], [ 137.145743471537827, 35.77327880546882 ], [ 137.145744832990971, 35.773303277524143 ], [ 137.145762583072212, 35.773325528006104 ], [ 137.14577486120109, 35.773352249433422 ], [ 137.145785777876824, 35.773402305489043 ], [ 137.145806249775177, 35.773430138861322 ], [ 137.145823999856447, 35.773460193806969 ], [ 137.145821249721138, 35.773489111325581 ], [ 137.145798056005674, 35.773501361252563 ], [ 137.145755722437627, 35.77350244424062 ], [ 137.145714750322725, 35.77351247143595 ], [ 137.145679250160185, 35.773540278167886 ], [ 137.145660111396722, 35.773590333065222 ], [ 137.145658749943607, 35.773638194187818 ], [ 137.145643694450371, 35.773678249688452 ], [ 137.145594527476788, 35.773769472031383 ], [ 137.145559028403426, 35.773805083227003 ], [ 137.145490721577261, 35.773857360855992 ], [ 137.14545825037564, 35.773900028268997 ], [ 137.145436972497038, 35.773989721687613 ], [ 137.145429222016674, 35.774073139566859 ], [ 137.145438861104822, 35.7741565284892 ], [ 137.145487111003575, 35.774216332595635 ], [ 137.145517999652071, 35.77427772238191 ], [ 137.14553149982126, 35.774340666574574 ], [ 137.145558528477835, 35.774357972376293 ], [ 137.145628056255191, 35.774312360625686 ], [ 137.145699528187606, 35.774243138577098 ], [ 137.145742028397535, 35.774195916822855 ], [ 137.145772917046031, 35.774205361405357 ], [ 137.145776749808874, 35.774252583159601 ], [ 137.14580572153136, 35.774284055835075 ], [ 137.145852055593281, 35.774290361489619 ], [ 137.14593575010727, 35.774275749837884 ], [ 137.146100971701856, 35.774188999598586 ], [ 137.146185638837949, 35.774156749719914 ], [ 137.14621433282403, 35.774153417359862 ], [ 137.146240250534873, 35.77415563893323 ], [ 137.146289417508456, 35.774138943542965 ], [ 137.146320833311592, 35.774131166877908 ], [ 137.146344028116204, 35.774152306573178 ], [ 137.146384971912909, 35.774235777733118 ], [ 137.146421833528535, 35.774314777947701 ], [ 137.146427278251878, 35.774353721503374 ], [ 137.146413611440835, 35.774402694570931 ], [ 137.146399943540615, 35.774416027485962 ], [ 137.146376721506954, 35.774418250217607 ], [ 137.146297528501577, 35.77444716657795 ], [ 137.146195111284214, 35.774520582743932 ], [ 137.146141832722208, 35.774601805690153 ], [ 137.146108777729495, 35.774679000152453 ], [ 137.146053027857761, 35.774808750229973 ], [ 137.146028417141935, 35.774920028121848 ], [ 137.146036610911409, 35.774973444336133 ], [ 137.14606255585133, 35.774987916994753 ], [ 137.146095305878532, 35.774992361299766 ], [ 137.146100944472806, 35.774999556510281 ], [ 137.14610130607474, 35.775000000129985 ], [ 137.146117166459078, 35.775020222470673 ], [ 137.146121249729276, 35.775040250220989 ], [ 137.146107582918233, 35.775063611489635 ], [ 137.146044750222785, 35.775128139045592 ], [ 137.146031110640791, 35.775148166795908 ], [ 137.145973749897735, 35.775160388924263 ], [ 137.145916417472876, 35.775153694088978 ], [ 137.14583311070075, 35.775141444162003 ], [ 137.145771666687466, 35.775152555503674 ], [ 137.145678805781898, 35.775224860882972 ], [ 137.145629638808316, 35.775273832792251 ], [ 137.145598221916003, 35.77531611102453 ], [ 137.145606416774655, 35.775335027988163 ], [ 137.145695138862749, 35.775376194275474 ], [ 137.145809833119813, 35.77542852750171 ], [ 137.14595047231677, 35.775436333123672 ], [ 137.146089721742385, 35.775451944367603 ], [ 137.146138888715967, 35.775464194294578 ], [ 137.146168916926086, 35.775490889081546 ], [ 137.146208500358824, 35.77550091743516 ], [ 137.146263139284798, 35.775509832685529 ], [ 137.146293167494946, 35.775527638862478 ], [ 137.146304083081503, 35.775562139271415 ], [ 137.146314999757237, 35.775617778217345 ], [ 137.146407806204707, 35.775725721432615 ], [ 137.146493806475718, 35.775803610860514 ], [ 137.146517000191153, 35.775844778306102 ], [ 137.146517000191153, 35.77588261107509 ], [ 137.146492416704348, 35.775937139234344 ], [ 137.146447333000992, 35.776019471808979 ], [ 137.146388582486594, 35.776128500328859 ], [ 137.146355806319463, 35.776190806311448 ], [ 137.146234250338665, 35.776335443710394 ], [ 137.146208278169695, 35.776399972424635 ], [ 137.146204166581242, 35.776468972084231 ], [ 137.146189139406232, 35.776549083085492 ], [ 137.146195944493542, 35.776643666745379 ], [ 137.146182277682499, 35.776672583105714 ], [ 137.14616177746592, 35.776693721642715 ], [ 137.146149472107993, 35.776726000478284 ], [ 137.1461563055135, 35.776750472533614 ], [ 137.146200000534691, 35.776807222266235 ], [ 137.146270944223289, 35.776940749481788 ], [ 137.146277777628825, 35.776970805585712 ], [ 137.146264110817754, 35.776998611159371 ], [ 137.146168528095075, 35.777062027928643 ], [ 137.146132999614338, 35.777069805751985 ], [ 137.146090694364517, 35.777065361446972 ], [ 137.146016943904158, 35.777062000130023 ], [ 137.14596233329641, 35.777064221703391 ], [ 137.14591180595886, 35.777082000081712 ], [ 137.145838055498501, 35.777109805655371 ], [ 137.145787528160952, 35.777138749814334 ], [ 137.145747943639066, 35.777145416850992 ], [ 137.145704249707052, 35.777142055534036 ], [ 137.145653722369502, 35.777117583478706 ], [ 137.145588193996872, 35.777065278051097 ], [ 137.145474889511149, 35.777000721538244 ], [ 137.145397055780563, 35.77697733247097 ], [ 137.145297388698538, 35.776962833172007 ], [ 137.145197694387406, 35.776987306385607 ], [ 137.14509527825922, 35.777027332929343 ], [ 137.14507752817795, 35.777065166856602 ], [ 137.145077499859724, 35.777121916589223 ], [ 137.145062471595537, 35.777157527784844 ], [ 137.144995555629862, 35.777187556090148 ], [ 137.144986000407272, 35.777206471895504 ], [ 137.144995555629862, 35.777218721822479 ], [ 137.145037389272346, 35.777215278267931 ], [ 137.145154221555373, 35.777192471813485 ], [ 137.145228555806852, 35.77720272255609 ], [ 137.14526622231358, 35.777210582617023 ], [ 137.14529227834808, 35.777231056303599 ], [ 137.145343443934848, 35.777294000496269 ], [ 137.14539555600382, 35.777345139539946 ], [ 137.145434166814425, 35.777367971476458 ], [ 137.145476667024354, 35.777388444004757 ], [ 137.145500777814618, 35.777414417185781 ], [ 137.145525888456035, 35.777419139477033 ], [ 137.145576110828074, 35.777398693589078 ], [ 137.145651416612509, 35.777365638708595 ], [ 137.145722861315846, 35.777359360852671 ], [ 137.145778860605787, 35.77736411094255 ], [ 137.145813638653578, 35.777372750523234 ], [ 137.145864806418672, 35.777366471509033 ], [ 137.145901500303296, 35.777332639425353 ], [ 137.145976806087702, 35.777314556420443 ], [ 137.146015444127386, 35.777319306510314 ], [ 137.146052110782961, 35.777327943774452 ], [ 137.146131305966662, 35.777313805857595 ], [ 137.146196971573772, 35.777282333182121 ], [ 137.146280972142421, 35.777271333034946 ], [ 137.146358222081886, 35.77725169446537 ], [ 137.146424833082079, 35.777243056042963 ], [ 137.146552278164535, 35.777223388516482 ], [ 137.14674347192809, 35.777193528161199 ], [ 137.146820721867584, 35.777163638849018 ], [ 137.146882527482802, 35.777113305965443 ], [ 137.146926943529536, 35.777054305702549 ], [ 137.146935639402955, 35.77702361138855 ], [ 137.146923110766721, 35.776987416421825 ], [ 137.146924083388825, 35.776967750053622 ], [ 137.146943388794142, 35.776946500322126 ], [ 137.147018721807598, 35.776896943483472 ], [ 137.147045750464201, 35.776893805713783 ], [ 137.147067944328484, 35.776904832501302 ], [ 137.147092083436974, 35.776926860594273 ], [ 137.1471191110044, 35.776931582885524 ], [ 137.14714325011289, 35.776927666754368 ], [ 137.147178999693637, 35.776905638661404 ], [ 137.147216638971287, 35.776890693426175 ], [ 137.147250444396974, 35.776893056309213 ], [ 137.147292917377825, 35.7769166666072 ], [ 137.147324777559277, 35.776937917496966 ], [ 137.147371110532021, 35.776944221993233 ], [ 137.147414556134976, 35.776941083065275 ], [ 137.147476360661045, 35.77693244348459 ], [ 137.147521750419088, 35.776906471461842 ], [ 137.147559416925816, 35.776899388604107 ], [ 137.147639556413395, 35.776907277621937 ], [ 137.147676221979793, 35.776915943842972 ], [ 137.147766972088448, 35.776994639430967 ], [ 137.147906943628811, 35.777147305999144 ], [ 137.147922389042236, 35.777181916444299 ], [ 137.147940693507223, 35.777233860489794 ], [ 137.147957111542723, 35.777260610874016 ], [ 137.148019861461847, 35.77731569384747 ], [ 137.148034333163992, 35.77734322143489 ], [ 137.148052694265402, 35.777351888814195 ], [ 137.148071028137764, 35.777349528247711 ], [ 137.148122193724532, 35.777314139441081 ], [ 137.148137667456183, 35.777286582896764 ], [ 137.148141528537224, 35.777238610579673 ], [ 137.148160861171618, 35.777192972188722 ], [ 137.148193693975173, 35.777157555583472 ], [ 137.148207222462588, 35.777124528501602 ], [ 137.148209166617647, 35.777084388446823 ], [ 137.148193722293399, 35.77698605544753 ], [ 137.148205332765656, 35.776924666819525 ], [ 137.148229471874146, 35.776861750425482 ], [ 137.148282611023347, 35.776720110644824 ], [ 137.148320305848301, 35.776613111424496 ], [ 137.148333833246568, 35.776565917468879 ], [ 137.148364721895064, 35.776527360777386 ], [ 137.148419777970275, 35.776471499442458 ], [ 137.148470000342314, 35.776428250574895 ], [ 137.148545333355798, 35.776318111268331 ], [ 137.148733638660417, 35.776121444111467 ], [ 137.148790638890688, 35.776065582776539 ], [ 137.148826361242357, 35.776055360990838 ], [ 137.148859194045912, 35.776058499918797 ], [ 137.148909389188901, 35.776076610722335 ], [ 137.148952832613531, 35.77609549988734 ], [ 137.149009778385675, 35.776148999497508 ], [ 137.149041638567127, 35.776189944554105 ], [ 137.149070583060563, 35.77624422252574 ], [ 137.149094722169053, 35.776264693895762 ], [ 137.149115971729429, 35.776273333476446 ], [ 137.149141056230974, 35.776274138478271 ], [ 137.14916230579135, 35.776267832823727 ], [ 137.149193221668924, 35.776234805741858 ], [ 137.14926661052732, 35.776158499677258 ], [ 137.149329361535592, 35.776105778428565 ], [ 137.149359333109288, 35.776031055727252 ], [ 137.149416306110481, 35.775972832667563 ], [ 137.149455889543219, 35.775946860644815 ], [ 137.149496444508912, 35.775938999425598 ], [ 137.14953411101564, 35.775940582788891 ], [ 137.149564028131209, 35.775946111240238 ], [ 137.149593944157573, 35.775964194245155 ], [ 137.149645110833518, 35.775983889570256 ], [ 137.149678917348353, 35.775987028498214 ], [ 137.149716555536855, 35.775982306206963 ], [ 137.149758083124652, 35.775961861477292 ], [ 137.149839194145187, 35.775901277851112 ], [ 137.149879750200057, 35.775881639281529 ], [ 137.149918389328889, 35.775879277556761 ], [ 137.149941555815275, 35.775885556570962 ], [ 137.149961832753547, 35.775903667374493 ], [ 137.149999472031197, 35.775942221749432 ], [ 137.150000000275014, 35.775942610930166 ], [ 137.150001028444422, 35.775943443730611 ], [ 137.150027472220756, 35.775964249842403 ], [ 137.150056443943271, 35.775968193772179 ], [ 137.150091193672836, 35.77596269427773 ], [ 137.150127888646608, 35.775943806271002 ], [ 137.150163610998277, 35.775895832795634 ], [ 137.150250555573166, 35.775749499680622 ], [ 137.150284332680627, 35.775715666438657 ], [ 137.150312332870186, 35.775708582422645 ], [ 137.150400194519875, 35.775710166944215 ], [ 137.15044944426981, 35.775713332512524 ], [ 137.150494805709599, 35.775730639472513 ], [ 137.150539221756361, 35.775760555425038 ], [ 137.150572999952971, 35.775786527447785 ], [ 137.150640582486091, 35.775825861342476 ], [ 137.150673417467999, 35.775839249854755 ], [ 137.150699472413322, 35.775860499586251 ], [ 137.150751610622194, 35.775876249823298 ], [ 137.150842360730849, 35.775873889256815 ], [ 137.150952443473898, 35.775861305746346 ], [ 137.151018111259333, 35.775851888962471 ], [ 137.151050916833839, 35.775857388456913 ], [ 137.151070222239156, 35.775866833039423 ], [ 137.151083749637394, 35.775883360479668 ], [ 137.151088556111517, 35.775917193721625 ], [ 137.151096278273627, 35.775960471546085 ], [ 137.151120417382117, 35.775987221930308 ], [ 137.151157111266741, 35.776012416749857 ], [ 137.151200555780548, 35.776026582465342 ], [ 137.151283582637916, 35.776025000260326 ], [ 137.151335721935965, 35.776028166986912 ], [ 137.151383027530812, 35.776042332702389 ], [ 137.151477638720536, 35.776037639368035 ], [ 137.151511444146223, 35.776044722225777 ], [ 137.151521083234343, 35.776063582433885 ], [ 137.151522055856475, 35.776085639483753 ], [ 137.151515277998215, 35.776113944274364 ], [ 137.151492111511857, 35.776159582665315 ], [ 137.151481471483379, 35.776199693763196 ], [ 137.151492083193631, 35.776245333312424 ], [ 137.151503667525986, 35.776305916938604 ], [ 137.151514278147062, 35.77636966729137 ], [ 137.151522000309171, 35.776390917022866 ], [ 137.151555778505781, 35.776416861246986 ], [ 137.151591499768301, 35.776427889192782 ], [ 137.151622389505974, 35.776438917138577 ], [ 137.151708305911455, 35.77648141660157 ], [ 137.151774944140698, 35.776503443536264 ], [ 137.151872443789358, 35.776505028057834 ], [ 137.151910111385263, 35.776513694278862 ], [ 137.151932306338693, 35.77652863951409 ], [ 137.151936167419763, 35.776544388592868 ], [ 137.151925528480461, 35.776567972250497 ], [ 137.151915889392313, 35.776588443620525 ], [ 137.151922638932348, 35.776613610641455 ], [ 137.151940971715533, 35.776617555729509 ], [ 137.151987333006502, 35.77661441680155 ], [ 137.152081944196226, 35.776620722456094 ], [ 137.152170778468076, 35.776645917275644 ], [ 137.152245110541202, 35.77667502822635 ], [ 137.152307860460326, 35.776711222034798 ], [ 137.152330056502905, 35.776738778579116 ], [ 137.152342582960813, 35.776828471997732 ], [ 137.152345472508927, 35.776894556276631 ], [ 137.152351277745055, 35.776924444430534 ], [ 137.152392778103774, 35.776977166837504 ], [ 137.152421749826289, 35.777004722223545 ], [ 137.152428500455471, 35.777024388591748 ], [ 137.152430417381453, 35.777073167068934 ], [ 137.152432333218286, 35.777147139207401 ], [ 137.15243908275832, 35.777178610724597 ], [ 137.15248058311704, 35.777217167416083 ], [ 137.152544305658267, 35.777317082620399 ], [ 137.152575194306763, 35.777390277555668 ], [ 137.152585806017015, 35.777441416599338 ], [ 137.152591582934917, 35.777535028465664 ], [ 137.152585777698789, 35.777627082450763 ], [ 137.152577055685498, 35.777682166582494 ], [ 137.15256741659735, 35.777716778185926 ], [ 137.15253747225276, 35.77777972237859 ], [ 137.152480472022461, 35.777933944511439 ], [ 137.152456305684922, 35.778006305487992 ], [ 137.152448583522812, 35.778044082659726 ], [ 137.152452443514704, 35.778081860989744 ], [ 137.152467888928101, 35.778128277742169 ], [ 137.152496833421537, 35.778203805445301 ], [ 137.152505528205779, 35.77825180556102 ], [ 137.152503582961572, 35.778304527967983 ], [ 137.152489082941202, 35.778405221533767 ], [ 137.152465889225766, 35.778526388786126 ], [ 137.152448499657282, 35.778609777708475 ], [ 137.152431082859749, 35.778678250352492 ], [ 137.15240308267019, 35.778738027818569 ], [ 137.152370249866635, 35.778774221627017 ], [ 137.152350944461318, 35.77881119379694 ], [ 137.152349000306259, 35.778841889269216 ], [ 137.152352861387328, 35.778864694565378 ], [ 137.152370221548409, 35.778878861439139 ], [ 137.152387611116893, 35.778882028165718 ], [ 137.152415611306424, 35.778880443644155 ], [ 137.152464861056359, 35.77886155563742 ], [ 137.152553694239032, 35.778825388469322 ], [ 137.152587472435641, 35.77882616683079 ], [ 137.15271591736925, 35.778769556091291 ], [ 137.152747777550701, 35.778750666926285 ], [ 137.15276805557815, 35.778750666926285 ], [ 137.152785444057457, 35.778758528145495 ], [ 137.152846249821494, 35.778801027608488 ], [ 137.152982388599014, 35.778889943823906 ], [ 137.153080860869807, 35.778955277539957 ], [ 137.153124306472762, 35.77897652842973 ], [ 137.15316969405248, 35.778982027924179 ], [ 137.153322249776352, 35.778982055722807 ], [ 137.153370499675106, 35.778985971853963 ], [ 137.153430361135264, 35.778998583163052 ], [ 137.153520166940041, 35.779043444350805 ], [ 137.153570360993854, 35.779076500389571 ], [ 137.153613805507661, 35.779119778214032 ], [ 137.153663999561473, 35.77915597202248 ], [ 137.153830166549113, 35.779271583024865 ], [ 137.153865666711653, 35.779304971488841 ], [ 137.153909333414589, 35.779358388861411 ], [ 137.153944832487952, 35.779403999453741 ], [ 137.153996722367793, 35.779428500465968 ], [ 137.154067721603667, 35.779486360985274 ], [ 137.154118221712139, 35.779532000534502 ], [ 137.154418610551318, 35.779705611049316 ], [ 137.154516944498482, 35.779703389475948 ], [ 137.154672610870449, 35.779715639402923 ], [ 137.154815971884517, 35.779751278397164 ], [ 137.154873306487673, 35.779783528275836 ], [ 137.154926555642305, 35.779831389398431 ], [ 137.154985277838506, 35.779870332954097 ], [ 137.155038528082287, 35.779884805612717 ], [ 137.155140944210473, 35.779881472094395 ], [ 137.155209221629292, 35.779872583484369 ], [ 137.155287056449026, 35.779841444392382 ], [ 137.155318472252162, 35.77983811087406 ], [ 137.155351222279393, 35.77985258353268 ], [ 137.15537580576617, 35.779885944198028 ], [ 137.155385360988788, 35.779920443448688 ], [ 137.155407138792981, 35.779946778011826 ], [ 137.155477305908704, 35.780032583097906 ], [ 137.155561832542844, 35.780041777492791 ], [ 137.155565277563824, 35.780042500257018 ], [ 137.155612110462187, 35.780045027615252 ], [ 137.155663416550908, 35.780044471642768 ], [ 137.155728110625063, 35.780042083277657 ], [ 137.155788472010812, 35.780037777965767 ], [ 137.155861555903726, 35.780030193574518 ], [ 137.155911721639313, 35.780024306057605 ], [ 137.15599208331605, 35.780030582755252 ], [ 137.156038806208983, 35.780041610701048 ], [ 137.156090999965159, 35.780053944023898 ], [ 137.156156944397878, 35.780071110832495 ], [ 137.156232499600492, 35.780083527551213 ], [ 137.156441000156207, 35.780125861380739 ], [ 137.156604250366684, 35.780152778556698 ], [ 137.156757333245224, 35.780170305589131 ], [ 137.156850694076383, 35.780178610428052 ], [ 137.157110250213435, 35.780213472219103 ], [ 137.157219610841736, 35.780237556251969 ], [ 137.157314028160528, 35.780254082533936 ], [ 137.157369943584968, 35.780263971894428 ], [ 137.157421194126385, 35.780266860634768 ], [ 137.157473749484524, 35.780268306163215 ], [ 137.157567833519579, 35.780265694250836 ], [ 137.157618527498983, 35.78025944419354 ], [ 137.157675416634675, 35.780246250271624 ], [ 137.157771278182963, 35.780227639092857 ], [ 137.157818528230536, 35.780227639092857 ], [ 137.157856999628365, 35.780233194184554 ], [ 137.157901443993325, 35.780243166940913 ], [ 137.157935499926396, 35.78026372170681 ], [ 137.15796274968298, 35.78029002847132 ], [ 137.157985666751131, 35.780319444048615 ], [ 137.157997527730771, 35.780350110563994 ], [ 137.158001944284706, 35.780403472339316 ], [ 137.158002472528523, 35.780451778239893 ], [ 137.157998917502113, 35.780488693654291 ], [ 137.157998306481943, 35.780522443500374 ], [ 137.157998167069138, 35.780538721911277 ], [ 137.157995999635773, 35.780574527697269 ], [ 137.157984666899949, 35.780606806532838 ], [ 137.157959889542241, 35.780644889489437 ], [ 137.15794713871685, 35.780686417158869 ], [ 137.158053721980792, 35.780661250137939 ], [ 137.158125193913207, 35.780653388918729 ], [ 137.158171527975099, 35.780664389065898 ], [ 137.158250693751427, 35.780719472039358 ], [ 137.158297056131573, 35.780761971502351 ], [ 137.15833333286696, 35.780808999824501 ], [ 137.158334361036339, 35.780810360798803 ], [ 137.158339528023248, 35.780817055634081 ], [ 137.158389722077061, 35.780870556402519 ], [ 137.158414832718506, 35.780887861045962 ], [ 137.158495943739041, 35.780906750210967 ], [ 137.158522972395645, 35.780919361520056 ], [ 137.158563528450486, 35.780957110893169 ], [ 137.158569306457537, 35.78097913898614 ], [ 137.15856158320625, 35.781005889370363 ], [ 137.158503638672101, 35.781048388833355 ], [ 137.158414805489429, 35.78110816745771 ], [ 137.1584090002533, 35.781147500194123 ], [ 137.15840322224625, 35.78117897171132 ], [ 137.158379249779614, 35.78119700027726 ], [ 137.158334361036339, 35.781206166873524 ], [ 137.15833333286696, 35.781206361463887 ], [ 137.158303193562261, 35.781212555923936 ], [ 137.158253389428609, 35.781244527816362 ], [ 137.15824555617192, 35.781247583348453 ], [ 137.158205028435276, 35.781266611506581 ], [ 137.158164861211446, 35.781289333406875 ], [ 137.15812900053615, 35.781317943982351 ], [ 137.15810669448814, 35.781348749490846 ], [ 137.158084416758356, 35.781379888582826 ], [ 137.158071832574848, 35.781403693471184 ], [ 137.158067306015482, 35.7814517225438 ], [ 137.158051471771074, 35.781502611399858 ], [ 137.158037555541796, 35.781600388426675 ], [ 137.158015666643024, 35.78166019369138 ], [ 137.157952472345613, 35.78171936074601 ], [ 137.157912138479929, 35.781763194542954 ], [ 137.157901361217, 35.781810278462359 ], [ 137.157906750393039, 35.781856306034044 ], [ 137.157941693993536, 35.781904528538753 ], [ 137.158010250237936, 35.781974638985034 ], [ 137.158082861434309, 35.782042583455194 ], [ 137.158132611109835, 35.782097360643782 ], [ 137.15814605573172, 35.782141166642106 ], [ 137.158133944244724, 35.78218719421379 ], [ 137.158084221798276, 35.782249971614718 ], [ 137.158025027994711, 35.782294555974509 ], [ 137.157963166832218, 35.782331806130671 ], [ 137.157863667481195, 35.78237341719597 ], [ 137.157787638492863, 35.782393111362794 ], [ 137.157711721688287, 35.782399721643927 ], [ 137.157577277647619, 35.782386555520638 ], [ 137.157514083350208, 35.782396417082502 ], [ 137.157458944498643, 35.782422693731839 ], [ 137.157430693801729, 35.782453361405487 ], [ 137.157419943767849, 35.782490611561649 ], [ 137.157444139512791, 35.782527860559533 ], [ 137.157510028398235, 35.782554167324044 ], [ 137.157589360816388, 35.78257827799726 ], [ 137.157629693592924, 35.782604582445224 ], [ 137.157678082904482, 35.782638555838574 ], [ 137.15776949958061, 35.782682388477248 ], [ 137.157984638581723, 35.78266266651179 ], [ 137.158174778035999, 35.782720528189373 ], [ 137.158182500198137, 35.782742556282344 ], [ 137.158217249927702, 35.782788193515017 ], [ 137.158242360569147, 35.78282283291707 ], [ 137.158224972089812, 35.782855861157209 ], [ 137.158165110629653, 35.78287788925018 ], [ 137.158126471500822, 35.782912499695335 ], [ 137.158122611508901, 35.782964443740831 ], [ 137.158125277778709, 35.783065138464892 ], [ 137.158127972366742, 35.783254277986039 ], [ 137.158128556157834, 35.783332889019881 ], [ 137.158128556157834, 35.783333332639586 ], [ 137.158130666954776, 35.783623693900374 ], [ 137.158130666954776, 35.783706055431907 ], [ 137.158088971635948, 35.783791582531741 ], [ 137.158039832980592, 35.783922778137715 ], [ 137.158020722535355, 35.783969556272247 ], [ 137.157993139495062, 35.784020610761779 ], [ 137.157962778001206, 35.784068306250902 ], [ 137.15793716743417, 35.784110777915274 ], [ 137.157906277696497, 35.784153583163132 ], [ 137.157873000514655, 35.784201972459577 ], [ 137.15784497200687, 35.78424966679043 ], [ 137.157819750270875, 35.784296389327721 ], [ 137.157798361297694, 35.784343943507174 ], [ 137.157783444128086, 35.784393832771052 ], [ 137.157767971485612, 35.784438250339093 ], [ 137.157750083080714, 35.784484943919487 ], [ 137.157727167101712, 35.784524083223801 ], [ 137.157688527972851, 35.784548972258492 ], [ 137.157640306392324, 35.784567277652393 ], [ 137.157588083228774, 35.784574139279414 ], [ 137.157525082802294, 35.784573110730328 ], [ 137.157467693741012, 35.784566361456079 ], [ 137.157407194031634, 35.784560556176764 ], [ 137.157348222417227, 35.784547832514903 ], [ 137.157290528390433, 35.784535667142073 ], [ 137.157233028234572, 35.784527222151759 ], [ 137.157187944531216, 35.784520694108224 ], [ 137.157161805720364, 35.784519082946311 ], [ 137.157096305665959, 35.784516222004591 ], [ 137.157038361131782, 35.784516750178447 ], [ 137.156977693691374, 35.784527943757709 ], [ 137.156917722225785, 35.784539138495248 ], [ 137.156867777590207, 35.784550416628662 ], [ 137.156811167280097, 35.784560000204287 ], [ 137.156752889462211, 35.784570611170722 ], [ 137.156689528522946, 35.784580693963299 ], [ 137.156624833359587, 35.784586639394007 ], [ 137.156572417414282, 35.784592472471942 ], [ 137.156518110682867, 35.784603582655336 ], [ 137.156464444379026, 35.784621693458874 ], [ 137.156431860993649, 35.78464525047616 ], [ 137.156431694351795, 35.784675249824559 ], [ 137.156446110506636, 35.784705193575711 ], [ 137.156464333284447, 35.784722860759544 ], [ 137.156493277777884, 35.784737111029166 ], [ 137.156565222406812, 35.784815028255686 ], [ 137.156771777718291, 35.784821972120305 ], [ 137.156804556063719, 35.78482866695559 ], [ 137.156829138461347, 35.784850917437545 ], [ 137.156908332555901, 35.784910999530219 ], [ 137.156977972516984, 35.784943278365787 ], [ 137.157126832712493, 35.784981111134776 ], [ 137.157200555943803, 35.784996693421803 ], [ 137.157219667478188, 35.785013388812068 ], [ 137.157219667478188, 35.78503119383074 ], [ 137.157199194490687, 35.785051221581057 ], [ 137.157185527679616, 35.785072361276335 ], [ 137.157181444409417, 35.785109083258639 ], [ 137.157190972402958, 35.785165832991254 ], [ 137.15718688913276, 35.785191416991545 ], [ 137.157137722159177, 35.78523927811414 ], [ 137.157126778254366, 35.785271527992812 ], [ 137.157092638455822, 35.785326056152059 ], [ 137.157006582637536, 35.785442889135631 ], [ 137.156912361367972, 35.78560644349821 ], [ 137.156872749617008, 35.785682111352735 ], [ 137.156842694177811, 35.785722166853368 ], [ 137.156801750381135, 35.785807832946325 ], [ 137.156768972035678, 35.785860139532211 ], [ 137.156722527968356, 35.78590797169791 ], [ 137.156525861163232, 35.786075971523779 ], [ 137.156349667345609, 35.786250639544576 ], [ 137.156300500372026, 35.786272888868261 ], [ 137.156247250128246, 35.786279582545262 ], [ 137.156015083160582, 35.786275110441629 ], [ 137.155979582998043, 35.786293999606634 ], [ 137.155946805741763, 35.786325166497242 ], [ 137.155938610883112, 35.786361888479547 ], [ 137.155941332700223, 35.786430861498793 ], [ 137.155935860747803, 35.786460916444447 ], [ 137.155930388795412, 35.786488722018099 ], [ 137.155901722038408, 35.786537693927379 ], [ 137.15585391651797, 35.786587749982999 ], [ 137.15581394425422, 35.786617806086923 ], [ 137.155640110651717, 35.786701193850988 ], [ 137.155524778145434, 35.786754639022178 ], [ 137.15525163906284, 35.786836943798185 ], [ 137.154882888939369, 35.786957082501459 ], [ 137.154656193924097, 35.787021583417072 ], [ 137.154257416679656, 35.787110583028358 ], [ 137.154105666936005, 35.78714783318452 ], [ 137.153815971494254, 35.787195028298413 ], [ 137.153572639521798, 35.787215444071194 ], [ 137.153238499715087, 35.787227999783035 ], [ 137.153083999836127, 35.787215388473946 ], [ 137.152900555463759, 35.787180750230164 ], [ 137.152676610583796, 35.787123583518188 ], [ 137.15269663919301, 35.787153556226237 ], [ 137.152720889396079, 35.787187777490658 ], [ 137.15275455649811, 35.787220889126665 ], [ 137.152785444057457, 35.787241610684312 ], [ 137.152806416970549, 35.787254916958993 ], [ 137.152857861382898, 35.787279667000561 ], [ 137.152911943746858, 35.78730155610041 ], [ 137.153047556458887, 35.787345221947334 ], [ 137.153111749518303, 35.787357471874316 ], [ 137.153148611133958, 35.787368611014607 ], [ 137.153184138525546, 35.787368611014607 ], [ 137.153226472093593, 35.787356361087632 ], [ 137.153252417033514, 35.787354139514264 ], [ 137.153281082701341, 35.787357471874316 ], [ 137.153304305824179, 35.787370832587975 ], [ 137.153352083026391, 35.787398667118531 ], [ 137.153457222060837, 35.787479888906475 ], [ 137.153500917082027, 35.787515500102096 ], [ 137.15354736114935, 35.787561138493047 ], [ 137.153586943492911, 35.787596749688667 ], [ 137.153621083291483, 35.787651277847921 ], [ 137.153664778312674, 35.787720277507518 ], [ 137.153686610574965, 35.787762555739789 ], [ 137.153694806522793, 35.787829306027398 ], [ 137.153697528339876, 35.787909443669008 ], [ 137.153711166832693, 35.78794169354768 ], [ 137.153716638785113, 35.787961722456267 ], [ 137.153739832500548, 35.787963944029634 ], [ 137.153771250482009, 35.787947277596274 ], [ 137.153819056002447, 35.78791166755893 ], [ 137.153866861522914, 35.787880528466943 ], [ 137.153899638779194, 35.787877193790344 ], [ 137.153924222265971, 35.787884971613678 ], [ 137.153974111354273, 35.787920332621681 ], [ 137.154033971725283, 35.787945527441238 ], [ 137.154116999671828, 35.78796283324295 ], [ 137.154182667457263, 35.787972277825453 ], [ 137.154207778098709, 35.787995889281717 ], [ 137.154246388909343, 35.788044694399254 ], [ 137.154294667126322, 35.788063583564259 ], [ 137.154333306255154, 35.788071443625199 ], [ 137.154364193814502, 35.788068305855511 ], [ 137.154398971862292, 35.788052555618464 ], [ 137.154435666836065, 35.78805572234505 ], [ 137.154472360720689, 35.788066722492218 ], [ 137.154584361478896, 35.788066750290845 ], [ 137.154655833411312, 35.788057305708342 ], [ 137.15476205616244, 35.788017971813659 ], [ 137.154804556372369, 35.787994389314299 ], [ 137.154837389175924, 35.787995971519315 ], [ 137.15486827782442, 35.788011693957735 ], [ 137.154922361277528, 35.788021138540238 ], [ 137.155007333379132, 35.788010139551346 ], [ 137.155074944230478, 35.788006999465111 ], [ 137.155096166561776, 35.788018028569184 ], [ 137.155157972177022, 35.788085693894821 ], [ 137.155200444068697, 35.788096694041997 ], [ 137.155241000123539, 35.788093556272315 ], [ 137.155283500333468, 35.78809041734435 ], [ 137.155360750272934, 35.788114027642337 ], [ 137.155451527610666, 35.788134500170635 ], [ 137.15553455555721, 35.788132916807342 ], [ 137.155606027489625, 35.788087306215019 ], [ 137.155662027868715, 35.788065278122048 ], [ 137.155719972402864, 35.788063722557382 ], [ 137.155766332604685, 35.788079443837532 ], [ 137.15578177801811, 35.788117222167543 ], [ 137.155820388828715, 35.788173860705669 ], [ 137.155862860720418, 35.788239971624918 ], [ 137.155920806343744, 35.78832494391056 ], [ 137.155963278235419, 35.788343833075565 ], [ 137.15599805628321, 35.788328110637138 ], [ 137.15601736059935, 35.788268306530711 ], [ 137.156079194532822, 35.788139278059134 ], [ 137.156206666844326, 35.788044861190997 ], [ 137.156253028135296, 35.788032277680536 ], [ 137.156353443472, 35.788035444407114 ], [ 137.156405611088246, 35.788022860896653 ], [ 137.15650022227797, 35.788022860896653 ], [ 137.156619972427364, 35.788027583187905 ], [ 137.156662471548117, 35.788016583040729 ], [ 137.156784138623493, 35.787937917567916 ], [ 137.156865277962254, 35.787893861381981 ], [ 137.156981138712354, 35.787873416652303 ], [ 137.15709316669961, 35.787854527487298 ], [ 137.157180082956273, 35.787843528498399 ], [ 137.157402193686579, 35.787756999489822 ], [ 137.157560555735756, 35.78770666660624 ], [ 137.157709277607637, 35.787701944314989 ], [ 137.157879221810845, 35.787725555771246 ], [ 137.157952861176625, 35.787773277900726 ], [ 137.158014860662774, 35.78777797239335 ], [ 137.158077389481917, 35.787794028415263 ], [ 137.158133361542781, 35.787814028366959 ], [ 137.158191944326177, 35.787839166430985 ], [ 137.158247722516137, 35.787866999803263 ], [ 137.158300693934308, 35.787893889180602 ], [ 137.15833333286696, 35.78791075020434 ], [ 137.158334389354565, 35.787911278378189 ], [ 137.1583550278948, 35.787921917143251 ], [ 137.158403582759036, 35.787952277873764 ], [ 137.158448916969775, 35.787992027589532 ], [ 137.158494638922349, 35.788028639535618 ], [ 137.158546249976581, 35.788114611413441 ], [ 137.158576000450267, 35.788167499453877 ], [ 137.158584500274429, 35.788209360706794 ], [ 137.158584749692636, 35.788254611075281 ], [ 137.158584749692636, 35.788305777917586 ], [ 137.158584083125191, 35.788349832945244 ], [ 137.158577917376277, 35.78839055561285 ], [ 137.158558721976362, 35.788432305671272 ], [ 137.158535860455487, 35.788472693597114 ], [ 137.158510306524931, 35.788512361075291 ], [ 137.158467638584, 35.788558638834594 ], [ 137.158430111490048, 35.788598916724219 ], [ 137.15839297213796, 35.788629889024456 ], [ 137.158348221718313, 35.788666833395752 ], [ 137.158334389354565, 35.788676943986957 ], [ 137.15833333286696, 35.788677694549804 ], [ 137.158305832602991, 35.788697805695989 ], [ 137.158266416901284, 35.788730361359526 ], [ 137.158212722279188, 35.788768750100992 ], [ 137.158165250042458, 35.788801416959018 ], [ 137.158113110744438, 35.788838472524816 ], [ 137.15807200030585, 35.788869332472281 ], [ 137.158017305832601, 35.788904444450942 ], [ 137.157971500014497, 35.788931471663126 ], [ 137.157916721675718, 35.788958472234967 ], [ 137.157862582675335, 35.788980555925178 ], [ 137.157808832505964, 35.789002055844293 ], [ 137.157751166797397, 35.789019694071222 ], [ 137.157699027499348, 35.789035249717898 ], [ 137.157643139303985, 35.789050000362764 ], [ 137.157588583154364, 35.789060527933323 ], [ 137.157533666491958, 35.789072666665803 ], [ 137.157492500506123, 35.789080861468506 ], [ 137.157443306303463, 35.78909344382069 ], [ 137.157388028039122, 35.789113305937541 ], [ 137.157340722444246, 35.789134611266284 ], [ 137.15728683286207, 35.789159667092719 ], [ 137.157238582963316, 35.789184888552619 ], [ 137.157008610658096, 35.789265916908469 ], [ 137.156935056246994, 35.7892516110416 ], [ 137.15685700032725, 35.789229471754133 ], [ 137.156818943900362, 35.789230111122485 ], [ 137.156733249684009, 35.789254972358549 ], [ 137.156670166481177, 35.78929508345643 ], [ 137.1565925277107, 35.789348638663839 ], [ 137.156533749967224, 35.789404527797394 ], [ 137.156498527541117, 35.789463277872663 ], [ 137.15647800009549, 35.789525361466268 ], [ 137.156464971533666, 35.789565027786161 ], [ 137.156487082621567, 35.789686833248595 ], [ 137.156472193770213, 35.78975963900313 ], [ 137.156433971790591, 35.789801250068429 ], [ 137.15637697156032, 35.789835222303509 ], [ 137.156312610769874, 35.789862388508816 ], [ 137.156256860898139, 35.789885528546741 ], [ 137.156197194398061, 35.789929805963389 ], [ 137.156116389432185, 35.790066138523422 ], [ 137.156071250181526, 35.790165138689694 ], [ 137.155974888707675, 35.790324110912415 ], [ 137.155965249619555, 35.790350555511772 ], [ 137.15595027799182, 35.790387194098201 ], [ 137.155946556323556, 35.790429666920851 ], [ 137.155951806086819, 35.790465917484823 ], [ 137.155958055701234, 35.790504638651498 ], [ 137.155959277741573, 35.790539166859062 ], [ 137.155958249572166, 35.790575722049617 ], [ 137.155953250316287, 35.790615777550251 ], [ 137.155948610484046, 35.790655833050884 ], [ 137.155949749748004, 35.79069561056528 ], [ 137.155972638497957, 35.790726972046251 ], [ 137.156016389066423, 35.790757332776764 ], [ 137.156069222160966, 35.7907816114 ], [ 137.156127417202498, 35.790808082639707 ], [ 137.156187277573508, 35.790834028022104 ], [ 137.156225278453121, 35.790852083228394 ], [ 137.156260721979208, 35.790876278455755 ], [ 137.156310777709365, 35.790903055480328 ], [ 137.156353917257661, 35.790940693658946 ], [ 137.156389666838407, 35.790975499852742 ], [ 137.156422527960189, 35.791013389377255 ], [ 137.156444916784551, 35.79105366726688 ], [ 137.156463471756894, 35.791095055943188 ], [ 137.156476055940431, 35.791137888989667 ], [ 137.1564881391092, 35.791177916691673 ], [ 137.156502916866003, 35.791218667157906 ], [ 137.156531805812136, 35.791255971753039 ], [ 137.156569778373552, 35.791292889483991 ], [ 137.156610528299325, 35.791324444397056 ], [ 137.156666194305529, 35.791353332958771 ], [ 137.156727306124253, 35.791376110456312 ], [ 137.156774472306324, 35.791392917041073 ], [ 137.156829111232298, 35.79141102784461 ], [ 137.156882750307091, 35.79143316713207 ], [ 137.156923111401852, 35.791461666513051 ], [ 137.156963888556675, 35.79149519397015 ], [ 137.157008943941833, 35.79152508328233 ], [ 137.157054443705249, 35.791542472479918 ], [ 137.157109361456833, 35.791553027849105 ], [ 137.157168610807673, 35.791557694543108 ], [ 137.157220639011143, 35.791562055452246 ], [ 137.157281389227904, 35.791565166581584 ], [ 137.157338667194608, 35.79156616733205 ], [ 137.157394916991933, 35.791571027458147 ], [ 137.157440250113495, 35.791576416916371 ], [ 137.157466555566202, 35.791583306342019 ], [ 137.15752136113403, 35.791607500411111 ], [ 137.157563222005564, 35.791634306392574 ], [ 137.157621916972687, 35.791657193926333 ], [ 137.157676694222289, 35.791665388729037 ], [ 137.157732721830456, 35.791662360995574 ], [ 137.157791527892158, 35.791661000021271 ], [ 137.157850778332175, 35.791662056368985 ], [ 137.157908639000823, 35.791666221529482 ], [ 137.1579128333656, 35.791666528472618 ], [ 137.157913333291191, 35.791666667465741 ], [ 137.158529528064719, 35.791666667465741 ], [ 137.158531443901552, 35.791666221529482 ], [ 137.158531832732564, 35.791666139291884 ], [ 137.158590416605136, 35.791659361060731 ], [ 137.158654167464562, 35.791657499711199 ], [ 137.158715278194137, 35.791651110660787 ], [ 137.158770417045673, 35.791640916673707 ], [ 137.158851805802669, 35.791618443802754 ], [ 137.158878500086388, 35.791613693712883 ], [ 137.158920360957893, 35.791601832966641 ], [ 137.158997110971796, 35.791605333276713 ], [ 137.159063916932041, 35.791612610724819 ], [ 137.159137916810636, 35.791623082698138 ], [ 137.159285889338719, 35.791625832445362 ], [ 137.159358389440513, 35.791619056530763 ], [ 137.159426166933741, 35.791609193810622 ], [ 137.15946019345941, 35.791434472509124 ], [ 137.159570278380755, 35.791363667097244 ], [ 137.159730972326855, 35.791277499470773 ], [ 137.159822471779307, 35.791215193488185 ], [ 137.159893500422584, 35.79112730582186 ], [ 137.159912610867821, 35.791109499644911 ], [ 137.159942667396166, 35.791108388858227 ], [ 137.159965889429827, 35.791122861516847 ], [ 137.159997278003914, 35.79113733301719 ], [ 137.160047832570513, 35.79114177848048 ], [ 137.160091527591675, 35.791138443803874 ], [ 137.16012838920733, 35.791119527998518 ], [ 137.160217166842699, 35.79108838890653 ], [ 137.160278639174209, 35.791078360552923 ], [ 137.160370138626661, 35.791077249766239 ], [ 137.160539471809699, 35.79108838890653 ], [ 137.16071019367493, 35.791103972351834 ], [ 137.160811250528326, 35.791125138687462 ], [ 137.160938250143317, 35.791128472205791 ], [ 137.160945082459676, 35.791144055651095 ], [ 137.160935528326235, 35.791167416919734 ], [ 137.160919138608932, 35.791228610957369 ], [ 137.160979222258248, 35.791288694208319 ], [ 137.160988777480867, 35.791312055476958 ], [ 137.160996972339518, 35.791387722173212 ], [ 137.160977832486907, 35.791452277527796 ], [ 137.160972360534487, 35.791517917028713 ], [ 137.160935500008009, 35.791553528224334 ], [ 137.160901332980387, 35.791579111066348 ], [ 137.160863111000765, 35.791584667316322 ], [ 137.160766138506744, 35.791612499530324 ], [ 137.160701944358152, 35.791655888549286 ], [ 137.160695888614669, 35.791666221529482 ], [ 137.160695610878236, 35.791666667465741 ], [ 137.160671888918984, 35.791707056549861 ], [ 137.160654138837714, 35.791750444410546 ], [ 137.160577666560272, 35.791859499570769 ], [ 137.160521443992025, 35.791921139544662 ], [ 137.160488693964794, 35.791963889195273 ], [ 137.160460193849673, 35.79200413928627 ], [ 137.160427416593393, 35.792067556055549 ], [ 137.160356389039265, 35.792188833344127 ], [ 137.160331805552488, 35.792271193717383 ], [ 137.160285361485165, 35.79240024998758 ], [ 137.160266221632554, 35.792458110506885 ], [ 137.160242999598893, 35.79248480645213 ], [ 137.160199305666879, 35.792570500343714 ], [ 137.1601200832541, 35.792649500558298 ], [ 137.160082499523725, 35.792689999678636 ], [ 137.160045778410023, 35.792749806101618 ], [ 137.160003278200122, 35.792785999910066 ], [ 137.159956944138202, 35.792811166930996 ], [ 137.159906721766163, 35.792847360739444 ], [ 137.159794693778906, 35.792966943470233 ], [ 137.159701972286115, 35.793039333403684 ], [ 137.159358167251384, 35.793102249797727 ], [ 137.158871444491695, 35.793206083449746 ], [ 137.158334389354565, 35.793350861000093 ], [ 137.15833333286696, 35.793351138986331 ], [ 137.158322888887739, 35.793353972129431 ], [ 137.158141333123126, 35.793385417006277 ], [ 137.157929861332121, 35.793336806479111 ], [ 137.157771278182963, 35.793369889158221 ], [ 137.157726805499749, 35.79337661063385 ], [ 137.157669249796612, 35.793382806252175 ], [ 137.1576263607557, 35.793387944364511 ], [ 137.157574443646809, 35.793395167373646 ], [ 137.157517888883973, 35.793406194161165 ], [ 137.157458277931198, 35.793419000060624 ], [ 137.157404943821888, 35.79343577768848 ], [ 137.157362471930213, 35.793452722108086 ], [ 137.157313750424095, 35.793478499540463 ], [ 137.157272805538241, 35.793509833222814 ], [ 137.157239833321881, 35.793540110557458 ], [ 137.157207443807437, 35.793574139548063 ], [ 137.157180582881864, 35.79360972178678 ], [ 137.157164500308397, 35.793644555779203 ], [ 137.157150917362856, 35.793678027639054 ], [ 137.157147556207377, 35.793706943999389 ], [ 137.157144611111988, 35.793736638721207 ], [ 137.157138916970439, 35.793764028473774 ], [ 137.157134527645553, 35.793791610500165 ], [ 137.157130639335435, 35.793825000122418 ], [ 137.15713049992263, 35.793858556536414 ], [ 137.15713233298311, 35.793888832712774 ], [ 137.157132639037798, 35.793920110797877 ], [ 137.157131861375774, 35.793950278096304 ], [ 137.157128389125717, 35.793982472377721 ], [ 137.157126083368695, 35.794010194555504 ], [ 137.157094666476382, 35.794091749926942 ], [ 137.15707602763851, 35.794123917568015 ], [ 137.157064777679068, 35.794147805852234 ], [ 137.1570544164762, 35.794164971502553 ], [ 137.157040806301609, 35.794188082583581 ], [ 137.157016861064022, 35.794211278218761 ], [ 137.156990999989631, 35.794228332674585 ], [ 137.156957361205826, 35.794240472565342 ], [ 137.156910999914857, 35.794250499760672 ], [ 137.156877943832967, 35.794257582618414 ], [ 137.156855138948544, 35.794274166814184 ], [ 137.156848778239549, 35.794295082962186 ], [ 137.156865389056833, 35.79431636049231 ], [ 137.156888139483129, 35.794336055817411 ], [ 137.156910833272974, 35.794355694386994 ], [ 137.156937917476881, 35.79437411097539 ], [ 137.156958194415125, 35.794394166524334 ], [ 137.156964305705912, 35.794418360593419 ], [ 137.156961360610524, 35.794446167325354 ], [ 137.156955666468974, 35.794468750232525 ], [ 137.156918028280472, 35.794557249468582 ], [ 137.15689594442162, 35.794595999592161 ], [ 137.156876305732567, 35.79462377852547 ], [ 137.1568365001107, 35.794649778346837 ], [ 137.156797332738023, 35.794670028486145 ], [ 137.15674583277837, 35.794695166550177 ], [ 137.156689222468287, 35.794719417374786 ], [ 137.156647222183949, 35.79473644403199 ], [ 137.156591139028507, 35.794751193518572 ], [ 137.156531333115623, 35.79476163885154 ], [ 137.156470333480655, 35.794769943690461 ], [ 137.156413471574012, 35.794775611134931 ], [ 137.15636041737946, 35.7947804434624 ], [ 137.156302166790653, 35.794782888583036 ], [ 137.156244055614621, 35.794784000527997 ], [ 137.156186888742496, 35.794785610531633 ], [ 137.156145832762036, 35.794788389235762 ], [ 137.15610741691151, 35.794785749524756 ], [ 137.156054611046017, 35.794778777861509 ], [ 137.156015806364479, 35.794785083516054 ], [ 137.155982250356999, 35.794802999729228 ], [ 137.155988528289669, 35.794823917035508 ], [ 137.15602005627656, 35.794845443594966 ], [ 137.156056028046436, 35.794860444427442 ], [ 137.156105000059938, 35.794867417248966 ], [ 137.156157666512598, 35.794870389385181 ], [ 137.156265249627722, 35.794870389385181 ], [ 137.15632216708164, 35.794874889287442 ], [ 137.156362556494628, 35.794881721957566 ], [ 137.156474305656275, 35.794945611303447 ], [ 137.156483500366107, 35.794961193590474 ], [ 137.156481472345547, 35.794974916844524 ], [ 137.156307778155849, 35.795193028323254 ], [ 137.156125638600145, 35.795413528167103 ], [ 137.156040639269463, 35.795531556491504 ], [ 137.156021332774998, 35.795610221964317 ], [ 137.156005861221701, 35.795673167315258 ], [ 137.155984610572148, 35.795723527997467 ], [ 137.155916999720802, 35.795838388437005 ], [ 137.155899611241495, 35.795904471557634 ], [ 137.155897638768209, 35.796124777969382 ], [ 137.155897611539132, 35.796256972009267 ], [ 137.155893750458063, 35.796335638640358 ], [ 137.155878277815589, 35.796414333070075 ], [ 137.155835777605688, 35.79647411053616 ], [ 137.155772027835411, 35.796548056034275 ], [ 137.155758500437145, 35.796593694425226 ], [ 137.155768139525264, 35.796664499837107 ], [ 137.155799056491986, 35.79671172159135 ], [ 137.155895610747621, 35.796804582894822 ], [ 137.15594197203859, 35.796840777861547 ], [ 137.155949694200729, 35.796870667173728 ], [ 137.155957527457417, 35.79702841741527 ], [ 137.155968416904102, 35.797279889559356 ], [ 137.155960222045451, 35.797353305725338 ], [ 137.155924693564685, 35.797395582799339 ], [ 137.155812693895655, 35.797449000171902 ], [ 137.155656971976384, 35.797566917301808 ], [ 137.155512193961926, 35.797678194035406 ], [ 137.155413832785712, 35.797707111554018 ], [ 137.155194916569002, 35.797753027931215 ], [ 137.155171721764418, 35.797760388775195 ], [ 137.15511711115667, 35.797777555583785 ], [ 137.155056443716262, 35.797790222490121 ], [ 137.155000971580961, 35.797793389216707 ], [ 137.15495702823074, 35.79778691677042 ], [ 137.154916332763094, 35.797770556121918 ], [ 137.154885082512635, 35.797748889411068 ], [ 137.154857638885119, 35.797724944371318 ], [ 137.154832417149123, 35.797699582760018 ], [ 137.154806361114623, 35.79767450029324 ], [ 137.154783221857315, 35.797654917320905 ], [ 137.154660556019905, 35.79760422189694 ], [ 137.154615056256461, 35.797591278162642 ], [ 137.154564638924342, 35.797575917106329 ], [ 137.154532917066547, 35.797557332567905 ], [ 137.154503639289373, 35.797531443941033 ], [ 137.154481139370461, 35.79750772244855 ], [ 137.154446805700957, 35.79749105601519 ], [ 137.154404860963922, 35.797487083128509 ], [ 137.154356582746942, 35.797487166524384 ], [ 137.154317332597941, 35.797489693882611 ], [ 137.154275333402779, 35.797500167014206 ], [ 137.154245722341898, 35.797515305681522 ], [ 137.154211777503406, 35.797533472082307 ], [ 137.154193306396564, 35.797559638695425 ], [ 137.154173917125746, 35.797585250494336 ], [ 137.154165917227175, 35.797615056410642 ], [ 137.154161610678671, 35.797641306419635 ], [ 137.154161332942238, 35.797669027439142 ], [ 137.154159610976308, 35.797695306405032 ], [ 137.154159610976308, 35.797717971549794 ], [ 137.154159610976308, 35.797741389573964 ], [ 137.154159556518181, 35.79776011078895 ], [ 137.154155667118886, 35.797778999953962 ], [ 137.154153916834758, 35.797790944096072 ], [ 137.154134666976745, 35.797818443884864 ], [ 137.154105555841426, 35.797845444456698 ], [ 137.154067527732735, 35.79786627836711 ], [ 137.154023361104208, 35.797891306394924 ], [ 137.153984639199024, 35.797910027609909 ], [ 137.15393416740875, 35.797927055425383 ], [ 137.153895666603546, 35.797937444002827 ], [ 137.153849083123418, 35.797941693717469 ], [ 137.153820583008297, 35.797943694060123 ], [ 137.153766444007886, 35.797947222168823 ], [ 137.153714888500957, 35.797948694337613 ], [ 137.153621110520561, 35.797948694337613 ], [ 137.153570749824866, 35.797948388552754 ], [ 137.153521806129618, 35.797947527953681 ], [ 137.153480999567392, 35.797945750000025 ], [ 137.153431667041104, 35.797940694125288 ], [ 137.153390333324239, 35.79793922195649 ], [ 137.1533572500133, 35.79793922195649 ], [ 137.153292832586402, 35.79793924975511 ], [ 137.15324980631101, 35.797944166636732 ], [ 137.153203332836284, 35.797950832515113 ], [ 137.153158472411235, 35.79796158247467 ], [ 137.153133194038787, 35.797969556046652 ], [ 137.153093832795179, 35.797975389124588 ], [ 137.153057110592329, 35.797982527579578 ], [ 137.153009193977311, 35.797988306218542 ], [ 137.152968193544154, 35.797991888766205 ], [ 137.152924610706719, 35.797985167290584 ], [ 137.152884000193751, 35.797966806299428 ], [ 137.15285186118669, 35.797949000122479 ], [ 137.1528366390516, 35.797939722331719 ], [ 137.152797082847911, 35.797912832954381 ], [ 137.1527656114975, 35.797884555962391 ], [ 137.152740444219603, 35.797861888501075 ], [ 137.152714055990543, 35.797831194187076 ], [ 137.152633443806423, 35.797740722406985 ], [ 137.152588443968597, 35.797713139222324 ], [ 137.152550528043633, 35.797687221638547 ], [ 137.152506582515088, 35.797664638731376 ], [ 137.152460249542344, 35.797648721702586 ], [ 137.152417471595982, 35.797637222338459 ], [ 137.152367944109614, 35.797628999737135 ], [ 137.152318110568586, 35.797625556182588 ], [ 137.152276777940898, 35.797625417189465 ], [ 137.152236861224424, 35.797625528383961 ], [ 137.152093278021198, 35.797649305473691 ], [ 137.152046805635649, 35.797666889261642 ], [ 137.152004278196699, 35.797688693807345 ], [ 137.15196816701399, 35.797711917241145 ], [ 137.151934028304595, 35.797740861400108 ], [ 137.151908416648411, 35.797768027605414 ], [ 137.15188622169498, 35.797798028112091 ], [ 137.15186338849233, 35.797828832462308 ], [ 137.151849943870445, 35.797860110547411 ], [ 137.151838111209031, 35.797889139260526 ], [ 137.151829417513966, 35.797918443643326 ], [ 137.151821638715376, 35.797945417574816 ], [ 137.151813389398598, 35.797977028085128 ], [ 137.151804721843433, 35.798008139378489 ], [ 137.151778138654294, 35.798097917351249 ], [ 137.151974278304777, 35.797978860477762 ], [ 137.152121694270846, 35.797933611267545 ], [ 137.152154111014312, 35.797924194483663 ], [ 137.152192999561379, 35.797913555718601 ], [ 137.152231860879397, 35.797901917361358 ], [ 137.152274249994719, 35.797897306264602 ], [ 137.152315861448045, 35.797896110923766 ], [ 137.152356666921094, 35.797899472240722 ], [ 137.152398472245324, 35.797908388649368 ], [ 137.152434556198955, 35.797926582848774 ], [ 137.152465527623804, 35.797950110909163 ], [ 137.152484250327177, 35.797968360705823 ], [ 137.152500556178978, 35.797991888766205 ], [ 137.152546527549788, 35.798059833236366 ], [ 137.15256344442173, 35.798081388752728 ], [ 137.152591500158564, 35.798099250526924 ], [ 137.152617416780259, 35.798111278064908 ], [ 137.152646083537263, 35.798122167017581 ], [ 137.152680693854023, 35.798124861167558 ], [ 137.152710222138552, 35.798122972019407 ], [ 137.152742167274681, 35.7981211674254 ], [ 137.152771472280904, 35.798121943470314 ], [ 137.152795027598273, 35.798131471448691 ], [ 137.152818277950161, 35.798147499671984 ], [ 137.152840638456297, 35.798164777675069 ], [ 137.152866832814425, 35.798176389391969 ], [ 137.152895861173363, 35.798174806028683 ], [ 137.152922417133453, 35.798167444026426 ], [ 137.152948806451661, 35.798163277707651 ], [ 137.152979694011009, 35.798166277642494 ], [ 137.153012167390926, 35.798178610965337 ], [ 137.153042305606476, 35.798197444533102 ], [ 137.153071250099913, 35.798216471532953 ], [ 137.153110806303573, 35.798233917486066 ], [ 137.153142582619523, 35.798243082924053 ], [ 137.153186999755434, 35.798249028354761 ], [ 137.153224193565649, 35.798248194396038 ], [ 137.153275527972596, 35.798244111473139 ], [ 137.153348361358127, 35.798228693661308 ], [ 137.153419750514189, 35.798214083167842 ], [ 137.153475000460332, 35.798201444060126 ], [ 137.153522444378837, 35.798192194067994 ], [ 137.153570500406659, 35.798185778377231 ], [ 137.153620194534881, 35.798184805425386 ], [ 137.153670693554204, 35.798190389473987 ], [ 137.153712944345898, 35.798199027896395 ], [ 137.153758805711277, 35.798214666938946 ], [ 137.153851693845922, 35.798247082451077 ], [ 137.153878111482385, 35.798251138733633 ], [ 137.153914832596058, 35.798255527441398 ], [ 137.153972860995736, 35.798259194543213 ], [ 137.154055749529476, 35.798258972154223 ], [ 137.154132139030565, 35.798253971876726 ], [ 137.154213221732874, 35.798246889018991 ], [ 137.154283944321492, 35.798241528517657 ], [ 137.15434066681533, 35.798233556103952 ], [ 137.154398111423916, 35.798223277562727 ], [ 137.15447397159204, 35.798198777708777 ], [ 137.154560722295997, 35.798169110785587 ], [ 137.154615083485538, 35.79815908243198 ], [ 137.154669027525841, 35.798154639285244 ], [ 137.154722917108018, 35.798157943846675 ], [ 137.15478802833141, 35.798171222322736 ], [ 137.154836167135585, 35.798187443978115 ], [ 137.154893778386025, 35.798204499592217 ], [ 137.154943582519678, 35.798223082972363 ], [ 137.154975027730217, 35.79824027757958 ], [ 137.15503363883181, 35.798263555452351 ], [ 137.15508363901472, 35.798287806276967 ], [ 137.155129221554489, 35.798309861010281 ], [ 137.155181166981606, 35.798329000362905 ], [ 137.155240111366936, 35.798348722328356 ], [ 137.155294888616567, 35.798363777599803 ], [ 137.15535411073833, 35.798383167140045 ], [ 137.155413721691133, 35.798399555587167 ], [ 137.155475639490078, 35.798416500006773 ], [ 137.155532722496702, 35.798429332546576 ], [ 137.155596305625124, 35.79843919410844 ], [ 137.155661193570239, 35.798449749477626 ], [ 137.155719972402864, 35.798459167419786 ], [ 137.155776750444005, 35.798466305874776 ], [ 137.155835111038243, 35.798472222348579 ], [ 137.155895832936778, 35.798475778255899 ], [ 137.155950306310046, 35.798476138479735 ], [ 137.155992972072653, 35.798472528133445 ], [ 137.156033417032944, 35.798464943742196 ], [ 137.156079194532822, 35.798453833558803 ], [ 137.156119722269437, 35.798440193700628 ], [ 137.15617186047831, 35.798420389497579 ], [ 137.156208917054045, 35.798409417149031 ], [ 137.156253528060887, 35.798399583385795 ], [ 137.156300221546417, 35.79839252832668 ], [ 137.156345166926144, 35.798390639178521 ], [ 137.156392777486502, 35.798400499582108 ], [ 137.156432167048337, 35.798421943903975 ], [ 137.156456777764163, 35.798450472241854 ], [ 137.156475000541974, 35.798480860770987 ], [ 137.156485444521167, 35.79851230564784 ], [ 137.156490943702636, 35.798543778323307 ], [ 137.15649888914308, 35.798576417382712 ], [ 137.156504556055552, 35.798602694032049 ], [ 137.156512972014212, 35.7986327779346 ], [ 137.156527111521768, 35.7986586943601 ], [ 137.156551860561251, 35.798683527797536 ], [ 137.156579722427182, 35.798710999787701 ], [ 137.156610444433824, 35.798740082939787 ], [ 137.156634944055099, 35.798767806275848 ], [ 137.156661639427966, 35.798797444242133 ], [ 137.156688666995393, 35.798833528014363 ], [ 137.156703138697537, 35.798873194334263 ], [ 137.156757471568852, 35.798996944542104 ], [ 137.156820306442626, 35.799116167049057 ], [ 137.156883750158272, 35.79924041647385 ], [ 137.156923389138285, 35.799344832738697 ], [ 137.156923027536322, 35.799374972238496 ], [ 137.15692252761076, 35.799412917360257 ], [ 137.156919667470021, 35.799444889252683 ], [ 137.156916833469211, 35.799476749950614 ], [ 137.156900694259264, 35.799542582883632 ], [ 137.156873582826336, 35.799609750150594 ], [ 137.156833832751715, 35.799675666479473 ], [ 137.156809610866873, 35.799707193593918 ], [ 137.156693167414858, 35.799801443670319 ], [ 137.156582193736881, 35.799838889575121 ], [ 137.156521666798426, 35.799853778054825 ], [ 137.156452167339324, 35.799861083301558 ], [ 137.156370750264102, 35.799863638458412 ], [ 137.156295028419635, 35.799871527476249 ], [ 137.156224721891078, 35.799876277566128 ], [ 137.156159139060321, 35.799884583563319 ], [ 137.156098250519904, 35.799892111199043 ], [ 137.156016138559039, 35.799910805773685 ], [ 137.155970527701015, 35.799922221741937 ], [ 137.155918750004929, 35.799934306035446 ], [ 137.155861694227383, 35.799950805677071 ], [ 137.155806722017672, 35.799960944066896 ], [ 137.155743110571024, 35.799969721482427 ], [ 137.155679777949985, 35.799974305938832 ], [ 137.155615250517656, 35.799976000496621 ], [ 137.155571306078286, 35.799977278075048 ], [ 137.155506528138574, 35.799977999680998 ], [ 137.155404861354185, 35.799980667190624 ], [ 137.15531038848809, 35.799980667190624 ], [ 137.15524766688722, 35.799979417410817 ], [ 137.155188055934417, 35.79997797188237 ], [ 137.155129056001812, 35.799974832954412 ], [ 137.155083472372837, 35.799969889432447 ], [ 137.15503616677799, 35.799965556321929 ], [ 137.154987667461029, 35.799961971457705 ], [ 137.154940389095231, 35.79995844450729 ], [ 137.154891222121648, 35.799955166586209 ], [ 137.154843610472113, 35.799953777813286 ], [ 137.154798472310631, 35.799952721465573 ], [ 137.154754027945671, 35.799952721465573 ], [ 137.154696861073518, 35.79995347202842 ], [ 137.154652778310492, 35.799954556174754 ], [ 137.154606667526906, 35.799956499761883 ], [ 137.154555582538165, 35.799960888469649 ], [ 137.154509722261935, 35.799965860948518 ], [ 137.15447061152571, 35.799970249656283 ], [ 137.154422444403338, 35.799977443708514 ], [ 137.154371999842141, 35.799986806053425 ], [ 137.154330610577972, 35.799996610859765 ], [ 137.154323416659651, 35.79999955635563 ], [ 137.154322361261194, 35.799999999975341 ], [ 137.154279056160192, 35.800017750555043 ], [ 137.15424438920698, 35.800040443498432 ], [ 137.154204693590515, 35.800068332467958 ], [ 137.154166000003528, 35.800100249921414 ], [ 137.154127471969275, 35.800136361492271 ], [ 137.154091166915663, 35.800170389324599 ], [ 137.154066499563356, 35.800207778473876 ], [ 137.154044167375446, 35.800232582954415 ], [ 137.154010389178836, 35.80027019449269 ], [ 137.153973278144974, 35.80031630546025 ], [ 137.15394372154222, 35.800349000116903 ], [ 137.153911610853385, 35.800380972009329 ], [ 137.153877194407556, 35.800417888582004 ], [ 137.153829277792511, 35.800479972175602 ], [ 137.153800111109945, 35.800516055947831 ], [ 137.153767889326531, 35.800573694078139 ], [ 137.153759610602378, 35.800609472065503 ], [ 137.153759778333409, 35.800647166999646 ], [ 137.153763193946986, 35.800685750331482 ], [ 137.153774638866537, 35.800729167149072 ], [ 137.153788916697749, 35.800769360484544 ], [ 137.153806055758849, 35.800806167020994 ], [ 137.153825110656811, 35.800849278053718 ], [ 137.153842443588815, 35.800901138703338 ], [ 137.153853388582775, 35.800947306426423 ], [ 137.153863555914711, 35.800994416986171 ], [ 137.15387177800244, 35.801037750407886 ], [ 137.153873806023, 35.801084028167189 ], [ 137.153868221886881, 35.801130888539319 ], [ 137.153858222285947, 35.801184055724271 ], [ 137.153846110798952, 35.801231306435419 ], [ 137.153832083475123, 35.801271916750252 ], [ 137.153820166948208, 35.801313611211427 ], [ 137.153810527860088, 35.801358389003312 ], [ 137.153803750001856, 35.801399332901632 ], [ 137.153807582764699, 35.80144713842698 ], [ 137.153820138629982, 35.801490694237685 ], [ 137.153838110900409, 35.801535167402982 ], [ 137.15385119392036, 35.801581999976491 ], [ 137.153861472346875, 35.801624360446361 ], [ 137.153867556408585, 35.801667083456621 ], [ 137.153872639529965, 35.801714249613617 ], [ 137.153882028110729, 35.801759861364218 ], [ 137.153902944387369, 35.801802750007951 ], [ 137.153927638968725, 35.801838861578801 ], [ 137.153963916793288, 35.80187241683452 ], [ 137.154007472401673, 35.801891833015105 ], [ 137.154143055706299, 35.801958360913723 ], [ 137.154198610617954, 35.801977971684678 ], [ 137.15424680605858, 35.802001527543688 ], [ 137.154291222105314, 35.802030111478814 ], [ 137.15433680573426, 35.802057917052473 ], [ 137.154379556451573, 35.802086583225197 ], [ 137.154421389004852, 35.802116806120864 ], [ 137.154455083335961, 35.802153943924253 ], [ 137.154478194275043, 35.802187277949258 ], [ 137.154509999998368, 35.802228527632444 ], [ 137.154544694180657, 35.802264027633569 ], [ 137.154594443856155, 35.802289139057251 ], [ 137.154643833018895, 35.802314667460287 ], [ 137.154694277580063, 35.802336056184906 ], [ 137.154748443809524, 35.802358693531048 ], [ 137.154808777966224, 35.802381056365782 ], [ 137.154873249851249, 35.802398110821606 ], [ 137.154929056359407, 35.802409056529804 ], [ 137.154986999804407, 35.802419610740714 ], [ 137.155058277865891, 35.8024336942186 ], [ 137.155119667421047, 35.802452444390489 ], [ 137.155175166785398, 35.802469500004591 ], [ 137.155229167462153, 35.802497416772738 ], [ 137.155265193690155, 35.802529527658287 ], [ 137.15529008323162, 35.802568832596073 ], [ 137.155323861428229, 35.80261350035174 ], [ 137.155378167070467, 35.802797749631608 ], [ 137.15541038885388, 35.802863083347667 ], [ 137.155455222049852, 35.802918082925245 ], [ 137.15550766740256, 35.802968889543713 ], [ 137.155606806240797, 35.803046416431222 ], [ 137.155622055604965, 35.803058332774711 ], [ 137.155681693786818, 35.803096555882711 ], [ 137.155764332902351, 35.803150750458471 ], [ 137.155888332963798, 35.803219777916695 ], [ 137.156064556188824, 35.803297193609701 ], [ 137.156218027898348, 35.803337832881439 ], [ 137.156297972425875, 35.803354111292343 ], [ 137.156364083500449, 35.803364110689053 ], [ 137.1564252497773, 35.803370861121579 ], [ 137.156485277879312, 35.803377528158236 ], [ 137.156539610750627, 35.803379806487129 ], [ 137.156602611177107, 35.803380111113718 ], [ 137.156784027528914, 35.803380111113718 ], [ 137.156840667246399, 35.803379944321975 ] ], [ [ 137.162244166872455, 35.780959193473421 ], [ 137.162154056102167, 35.780956971900054 ], [ 137.162140416520174, 35.78084347243481 ], [ 137.162181388635105, 35.780645416505024 ], [ 137.16220050016949, 35.780525250003123 ], [ 137.162309749703212, 35.780491861539147 ], [ 137.162421722143193, 35.780529722106763 ], [ 137.162459944122816, 35.780714417322891 ], [ 137.162416250190802, 35.780876860898786 ], [ 137.162244166872455, 35.780959193473421 ] ], [ [ 137.163769721932994, 35.788671693521849 ], [ 137.163522889392283, 35.788635417475803 ], [ 137.163458360870806, 35.788649417557814 ], [ 137.163411944032532, 35.788618278465833 ], [ 137.163384611499595, 35.788446917323014 ], [ 137.163381916911561, 35.788219917234258 ], [ 137.163384806459675, 35.78806097165188 ], [ 137.1633577778031, 35.787960250287476 ], [ 137.163299833268923, 35.787850110980905 ], [ 137.163265083539358, 35.787771416551195 ], [ 137.163199416843071, 35.787604610907877 ], [ 137.163160806032437, 35.78741577832988 ], [ 137.1631260563029, 35.787236389176101 ], [ 137.163099027646297, 35.787101056208257 ], [ 137.163093222410168, 35.787038110857317 ], [ 137.163100971801356, 35.786946860715759 ], [ 137.163075861159911, 35.786868167444318 ], [ 137.16307008315286, 35.786775332781197 ], [ 137.163089388558149, 35.786693499423521 ], [ 137.163097110720287, 35.786616389515373 ], [ 137.163091332713236, 35.786543999581923 ], [ 137.163064277916732, 35.786484222115838 ], [ 137.163046916666474, 35.786441721494576 ], [ 137.163027611261157, 35.786400806553146 ], [ 137.163029528187167, 35.786369332719403 ], [ 137.163058499909653, 35.786334722274248 ], [ 137.163087471632167, 35.786285943797054 ], [ 137.163101000119582, 35.786229277460308 ], [ 137.16311644444383, 35.786116000384062 ], [ 137.163133832923137, 35.786062499615618 ], [ 137.163201443774483, 35.785991667563394 ], [ 137.163249721991463, 35.785939750158242 ], [ 137.163259361079582, 35.78591458313732 ], [ 137.163232333512155, 35.785857916800566 ], [ 137.163232333512155, 35.785831167574628 ], [ 137.163274832632908, 35.785810721686673 ], [ 137.163406332667336, 35.785831083020476 ], [ 137.163447193687688, 35.785830667199392 ], [ 137.163490471559612, 35.785831527798457 ], [ 137.163534028257175, 35.785823749975123 ], [ 137.163575527526746, 35.785807582758714 ], [ 137.163615444243192, 35.785794666823037 ], [ 137.163662083270623, 35.785805416782594 ], [ 137.163844443926308, 35.78580055549822 ], [ 137.163763416771275, 35.785917638669403 ], [ 137.163744111365986, 35.786052971637247 ], [ 137.163771138933413, 35.786295306141966 ], [ 137.163775000014482, 35.78643694360607 ], [ 137.163823278231462, 35.7865801389514 ], [ 137.163904389251996, 35.786660388945783 ], [ 137.163960388541938, 35.786739083375501 ], [ 137.163971971785116, 35.786792582985662 ], [ 137.164083972543324, 35.786893277709723 ], [ 137.164230750260145, 35.787017610530391 ], [ 137.164251999820522, 35.787061666716326 ], [ 137.164277110461938, 35.787192278551196 ], [ 137.164273250470046, 35.787263082804799 ], [ 137.164308000199611, 35.78731030571732 ], [ 137.164491471801057, 35.787428306243093 ], [ 137.164597693463037, 35.787499139453594 ], [ 137.164607332551157, 35.787529027607498 ], [ 137.164591889316085, 35.787620305547684 ], [ 137.164584167153947, 35.787689527596271 ], [ 137.164557138497344, 35.78778080553645 ], [ 137.164566777585463, 35.787832721783317 ], [ 137.164589944071849, 35.787870500113335 ], [ 137.164588028235016, 35.787908278443354 ], [ 137.164541666944046, 35.787960193531951 ], [ 137.1644798613288, 35.788037305756646 ], [ 137.164477944402819, 35.78807663849306 ], [ 137.164524278464711, 35.788149028426503 ], [ 137.164549389106156, 35.788216693752148 ], [ 137.164564833430404, 35.788287500322305 ], [ 137.164557111268294, 35.78835675016952 ], [ 137.164528138456632, 35.788377193740914 ], [ 137.164464417004552, 35.788377193740914 ], [ 137.164421916794652, 35.788388193888089 ], [ 137.16438136073981, 35.788421249926856 ], [ 137.164344666855186, 35.788509361140449 ], [ 137.16433308252283, 35.788561306344221 ], [ 137.164321472050574, 35.78861794372407 ], [ 137.164294444483147, 35.788655722054088 ], [ 137.164250028436385, 35.788657277618753 ], [ 137.164085861151079, 35.788657277618753 ], [ 137.163969110555229, 35.788651666929809 ], [ 137.163769721932994, 35.788671693521849 ] ], [ [ 137.16208122162746, 35.790066499905535 ], [ 137.1618842215386, 35.790053888596447 ], [ 137.161752889235203, 35.790049167463465 ], [ 137.161658249727253, 35.790009833568782 ], [ 137.161503638753715, 35.789944249665112 ], [ 137.161369805733216, 35.789906416896123 ], [ 137.161263278016577, 35.789875250005515 ], [ 137.161173138928064, 35.789886389145806 ], [ 137.161140388900861, 35.789866361395489 ], [ 137.161072083163845, 35.789855222255198 ], [ 137.16101747146692, 35.789880806255489 ], [ 137.160962832540946, 35.789948693970125 ], [ 137.160920500062048, 35.789956471793467 ], [ 137.160796222264167, 35.789966472348446 ], [ 137.16069788940618, 35.789959806470065 ], [ 137.160554500073886, 35.790000971599106 ], [ 137.160472555844024, 35.790000971599106 ], [ 137.160385138572622, 35.789980917208446 ], [ 137.160314139336748, 35.789959777513168 ], [ 137.160249944098979, 35.789978694476801 ], [ 137.160121583030872, 35.789975360958472 ], [ 137.160061500470732, 35.789938638976167 ], [ 137.160004138638499, 35.789944194067864 ], [ 137.159944027760133, 35.789974222373168 ], [ 137.159818388509109, 35.79001316708711 ], [ 137.159579389225087, 35.790039860715808 ], [ 137.159520667028886, 35.79002316648382 ], [ 137.159530249480554, 35.789996443898225 ], [ 137.159628583427718, 35.789983110983187 ], [ 137.15980883328649, 35.789964194019554 ], [ 137.159916722456245, 35.789917471482269 ], [ 137.160049194023628, 35.789879666511908 ], [ 137.160110667444286, 35.78989747153058 ], [ 137.1601543613763, 35.789936417402799 ], [ 137.160225360612202, 35.789938638976167 ], [ 137.160325056012482, 35.789930861152826 ], [ 137.160424750323585, 35.789968693921814 ], [ 137.160499861147912, 35.789963138830117 ], [ 137.160564056385653, 35.789893028383844 ], [ 137.160599582688093, 35.789870777901882 ], [ 137.160635082850604, 35.789866332438592 ], [ 137.160681528007103, 35.789826278096236 ], [ 137.160703361358571, 35.789748388668343 ], [ 137.160714306352531, 35.789597056434111 ], [ 137.16071705648784, 35.789459082596991 ], [ 137.16064605616279, 35.789323332649793 ], [ 137.160635333357988, 35.789103972549533 ], [ 137.16054808272844, 35.789007193956628 ], [ 137.160421027566173, 35.788898832603728 ], [ 137.160373972478681, 35.788802416551206 ], [ 137.160368610531691, 35.788661082555414 ], [ 137.160391472052567, 35.788575638851448 ], [ 137.160413000438524, 35.78852194349264 ], [ 137.160446610904131, 35.788466083315981 ], [ 137.160505805796845, 35.788389389228918 ], [ 137.16053672167439, 35.788324750478466 ], [ 137.160540722168264, 35.788267778356854 ], [ 137.160529305566939, 35.788226694307134 ], [ 137.160503082890585, 35.788159860623658 ], [ 137.160476888532457, 35.788077693682496 ], [ 137.160465443612907, 35.788035500004362 ], [ 137.160459417276797, 35.787971972040594 ], [ 137.160460082755094, 35.787893083020506 ], [ 137.160454028100759, 35.787844860515797 ], [ 137.160431861465554, 35.787780221765345 ], [ 137.160401611066277, 35.787706833397984 ], [ 137.160368667168143, 35.787633972046201 ], [ 137.160316916701106, 35.78755508302612 ], [ 137.160250889492033, 35.787474471649624 ], [ 137.160211917079465, 35.787430305427471 ], [ 137.160143471929644, 35.787362889131167 ], [ 137.160048666868988, 35.7872699166332 ], [ 137.160015250274313, 35.787171999454984 ], [ 137.159997000267481, 35.787135221875431 ], [ 137.159746916576694, 35.786853166611841 ], [ 137.159782443968282, 35.786781944220607 ], [ 137.159839805800488, 35.786692916810694 ], [ 137.159931306342116, 35.786564972485458 ], [ 137.159966806504656, 35.786501555716178 ], [ 137.160017361071255, 35.786467056465519 ], [ 137.160082889443913, 35.786433693483616 ], [ 137.160143000322279, 35.786413666891576 ], [ 137.160213999558152, 35.786361361463968 ], [ 137.160345110761597, 35.786232306352048 ], [ 137.160381999606301, 35.786200027516479 ], [ 137.160409305999337, 35.78618669344317 ], [ 137.160487138640747, 35.786168888424498 ], [ 137.160585471498734, 35.786154416924155 ], [ 137.160715194019986, 35.786119944313839 ], [ 137.160797139338996, 35.786113249478561 ], [ 137.160832639501507, 35.786118833527155 ], [ 137.160898194014067, 35.786142193637524 ], [ 137.160963749615775, 35.786188943973436 ], [ 137.161051138568951, 35.78625458347436 ], [ 137.161094832500964, 35.786307999688646 ], [ 137.16110438881276, 35.786332471743975 ], [ 137.1610934438188, 35.786362527847899 ], [ 137.161071610467303, 35.786384778329861 ], [ 137.161045666616559, 35.786414805476888 ], [ 137.161034721622599, 35.786460443867838 ], [ 137.161037444528858, 35.786523860637111 ], [ 137.161052471703869, 35.786560582619416 ], [ 137.161103000130566, 35.786599528491642 ], [ 137.161183555678235, 35.786667417364555 ], [ 137.161273693677572, 35.786760889079474 ], [ 137.161313278199458, 35.786819861543741 ], [ 137.161355610678356, 35.786896639026679 ], [ 137.161359722266781, 35.78694891665566 ], [ 137.161351528497306, 35.786983417064597 ], [ 137.16133375009781, 35.787017917473534 ], [ 137.161299611388415, 35.787053527510878 ], [ 137.161291416529764, 35.787079111511161 ], [ 137.161296888482156, 35.787103583566491 ], [ 137.161309166611034, 35.787118056225111 ], [ 137.161354250314389, 35.787141417493757 ], [ 137.161387000341591, 35.787168138921075 ], [ 137.161438889132256, 35.787233778421999 ], [ 137.16147577797696, 35.787280527599634 ], [ 137.161494889511374, 35.787315000209944 ], [ 137.161503083280849, 35.787407361138186 ], [ 137.161509889457307, 35.787519749816738 ], [ 137.161504417504915, 35.787608778384929 ], [ 137.161519443590748, 35.78766105601391 ], [ 137.161554943753288, 35.787705582459907 ], [ 137.161593194051136, 35.787750083423823 ], [ 137.161590443915799, 35.787790138924457 ], [ 137.16156038847663, 35.787912528157996 ], [ 137.161565861518199, 35.788001555567909 ], [ 137.161623193943029, 35.788050499678562 ], [ 137.161721527890165, 35.788115056191423 ], [ 137.161754306235622, 35.78816624967407 ], [ 137.16176247168687, 35.788337583018269 ], [ 137.161743361241662, 35.788444416605131 ], [ 137.161692832814936, 35.788584610857342 ], [ 137.161688722315688, 35.788633582766622 ], [ 137.161726944295282, 35.788674750212209 ], [ 137.161725582842166, 35.788777110537161 ], [ 137.161777471632831, 35.78883941651975 ], [ 137.161834833465036, 35.788879472020383 ], [ 137.161889444072813, 35.78893844448465 ], [ 137.161903110883856, 35.788990749912259 ], [ 137.161900360748547, 35.789025250321195 ], [ 137.161878528486227, 35.789078666535481 ], [ 137.161871693991543, 35.789143194091444 ], [ 137.161873082673736, 35.789212193751041 ], [ 137.16188947239101, 35.7892856110753 ], [ 137.161924971464373, 35.789347943698239 ], [ 137.161944082998787, 35.789385777625505 ], [ 137.161969221958429, 35.789474806193695 ], [ 137.162017528493635, 35.789536193663416 ], [ 137.162031027573676, 35.789561360684345 ], [ 137.162038749735785, 35.789657360915776 ], [ 137.162054194060033, 35.789688832432972 ], [ 137.162143028331855, 35.789797417333148 ], [ 137.162154610485885, 35.789821027631127 ], [ 137.162160416811162, 35.789861917090484 ], [ 137.162195166540727, 35.789904416553469 ], [ 137.162241832797207, 35.789926361250572 ], [ 137.16228305650867, 35.789926027667079 ], [ 137.162288443506412, 35.789949056510515 ], [ 137.162278221716349, 35.790044471812564 ], [ 137.162255028000885, 35.790058638686318 ], [ 137.16208122162746, 35.790066499905535 ] ] ] } },
{ "type": "Feature", "properties": { "P12_001": 10402, "P12_002": "奥飛騨数河流葉県立自然公園", "P12_003": "21", "P12_004": "21217", "P12_005": "‐", "P12_006": "飛騨市古川町数河8-3", "P12_007": 1 }, "geometry": { "type": "Polygon", "coordinates": [ [ [ 137.218543669204792, 36.301545967550275 ], [ 137.218519380881048, 36.301268349642044 ], [ 137.218447253272814, 36.30099916629964 ], [ 137.218329478864206, 36.300746598426464 ], [ 137.218169635554034, 36.300518318442727 ], [ 137.21797257991787, 36.300321262105122 ], [ 137.217744300171177, 36.300161418858842 ], [ 137.217491731011563, 36.30004364419689 ], [ 137.217222548856341, 36.299971517192091 ], [ 137.216944930048385, 36.299947228144376 ], [ 137.216667312329605, 36.299971517192091 ], [ 137.216398129085206, 36.30004364419689 ], [ 137.21614556101477, 36.300161418858842 ], [ 137.215917281268048, 36.300321262105122 ], [ 137.215720225631912, 36.300518318442727 ], [ 137.21556038232174, 36.300746598426464 ], [ 137.215442606823956, 36.30099916629964 ], [ 137.215370480304898, 36.301268349642044 ], [ 137.215346191981126, 36.301545967550275 ], [ 137.215370480304898, 36.301823585458507 ], [ 137.215442606823956, 36.302092768800904 ], [ 137.21556038232174, 36.302345336674087 ], [ 137.215720225631912, 36.302573616657824 ], [ 137.215917281268048, 36.302770672995422 ], [ 137.21614556101477, 36.302930516241702 ], [ 137.216398129085206, 36.303048290903654 ], [ 137.216667312329605, 36.303120417908453 ], [ 137.216944930048385, 36.303144705797898 ], [ 137.217222548856341, 36.303120417908453 ], [ 137.217491731011563, 36.303048290903654 ], [ 137.217744300171177, 36.302930516241702 ], [ 137.21797257991787, 36.302770672995422 ], [ 137.218169635554034, 36.302573616657824 ], [ 137.218329478864206, 36.302345336674087 ], [ 137.218447253272814, 36.302092768800904 ], [ 137.218519380881048, 36.301823585458507 ], [ 137.218543669204792, 36.301545967550275 ] ] ] } }
]
}
