{
"type": "FeatureCollection",
"crs": { "type": "name", "properties": { "name": "urn:ogc:def:crs:EPSG::4612" } },
"features": [
{ "type": "Feature", "properties": { "P12_001": 10001, "P12_002": "高知城", "P12_003": "39", "P12_004": "39201", "P12_005": "城跡・城郭・宮殿", "P12_006": "高知市丸ノ内1-2-1", "P12_007": -1 }, "geometry": { "type": "MultiPoint", "coordinates": [ [ 133.531471398586291, 33.560699176425885 ] ] } },
{ "type": "Feature", "properties": { "P12_001": 10002, "P12_002": "お遍路さんのお接待", "P12_003": "39", "P12_004": "39201", "P12_005": "郷土景観", "P12_006": "高知市", "P12_007": -1 }, "geometry": { "type": "MultiPoint", "coordinates": [ [ 133.531168000602861, 33.55880400000467 ] ] } },
{ "type": "Feature", "properties": { "P12_001": 10003, "P12_002": "高知の皿鉢料理", "P12_003": "39", "P12_004": "39201", "P12_005": "食", "P12_006": "高知市", "P12_007": -1 }, "geometry": { "type": "MultiPoint", "coordinates": [ [ 133.536189794223674, 33.559724529863217 ] ] } },
{ "type": "Feature", "properties": { "P12_001": 10004, "P12_002": "ラフティング", "P12_003": "39", "P12_004": "39201", "P12_005": "‐", "P12_006": "高知市", "P12_007": 1 }, "geometry": { "type": "MultiPoint", "coordinates": [ [ 133.537903408315742, 33.555330309246415 ] ] } },
{ "type": "Feature", "properties": { "P12_001": 10005, "P12_002": "高知県立美術館", "P12_003": "39", "P12_004": "39201", "P12_005": "‐", "P12_006": "高知市高須353-2", "P12_007": 2 }, "geometry": { "type": "MultiPoint", "coordinates": [ [ 133.573131388902539, 33.56111277733288 ] ] } },
{ "type": "Feature", "properties": { "P12_001": 10006, "P12_002": "高知県立牧野植物園", "P12_003": "39", "P12_004": "39201", "P12_005": "‐", "P12_006": "高知市五台山4200-6", "P12_007": 2 }, "geometry": { "type": "MultiPoint", "coordinates": [ [ 133.57870499933631, 33.547417000094526 ] ] } },
{ "type": "Feature", "properties": { "P12_001": 10007, "P12_002": "わんぱーくこうち", "P12_003": "39", "P12_004": "39201", "P12_005": "‐", "P12_006": "高知市桟橋通6-9-1", "P12_007": 4 }, "geometry": { "type": "MultiPoint", "coordinates": [ [ 133.5574952766857, 33.542476388274736 ] ] } },
{ "type": "Feature", "properties": { "P12_001": 10008, "P12_002": "高知県立文学館", "P12_003": "39", "P12_004": "39201", "P12_005": "‐", "P12_006": "高知市丸ノ内1-1-20", "P12_007": 2 }, "geometry": { "type": "MultiPoint", "coordinates": [ [ 133.53342722258833, 33.561860000638546 ] ] } },
{ "type": "Feature", "properties": { "P12_001": 10009, "P12_002": "高知県立坂本龍馬記念館", "P12_003": "39", "P12_004": "39201", "P12_005": "‐", "P12_006": "高知市浦戸城山830", "P12_007": 2 }, "geometry": { "type": "MultiPoint", "coordinates": [ [ 133.571876000077395, 33.496551999874953 ] ] } },
{ "type": "Feature", "properties": { "P12_001": 10010, "P12_002": "桂浜水族館", "P12_003": "39", "P12_004": "39201", "P12_005": "‐", "P12_006": "高知市浦戸778", "P12_007": 2 }, "geometry": { "type": "MultiPoint", "coordinates": [ [ 133.573581666860491, 33.49694638946437 ] ] } },
{ "type": "Feature", "properties": { "P12_001": 10011, "P12_002": "高知市立龍馬の生まれたまち記念館", "P12_003": "39", "P12_004": "39201", "P12_005": "‐", "P12_006": "高知市上町2-6-33", "P12_007": 2 }, "geometry": { "type": "MultiPoint", "coordinates": [ [ 133.524511999429251, 33.556465999206523 ] ] } },
{ "type": "Feature", "properties": { "P12_001": 10012, "P12_002": "高知城懐徳館", "P12_003": "39", "P12_004": "39201", "P12_005": "‐", "P12_006": "高知市丸ノ内1-2-1", "P12_007": 2 }, "geometry": { "type": "MultiPoint", "coordinates": [ [ 133.531462251581729, 33.560743720746189 ] ] } },
{ "type": "Feature", "properties": { "P12_001": 10013, "P12_002": "高知市立自由民権記念館", "P12_003": "39", "P12_004": "39201", "P12_005": "‐", "P12_006": "高知市桟橋通4-14-3", "P12_007": 2 }, "geometry": { "type": "MultiPoint", "coordinates": [ [ 133.55028666729595, 33.543133334036213 ] ] } },
{ "type": "Feature", "properties": { "P12_001": 10014, "P12_002": "オーベルジュ土佐山", "P12_003": "39", "P12_004": "39201", "P12_005": "‐", "P12_006": "高知市土佐山東川661", "P12_007": 3 }, "geometry": { "type": "MultiPoint", "coordinates": [ [ 133.48563049425195, 33.63428572170875 ] ] } },
{ "type": "Feature", "properties": { "P12_001": 10015, "P12_002": "桂浜公園", "P12_003": "39", "P12_004": "39201", "P12_005": "‐", "P12_006": "高知市浦戸9", "P12_007": 1 }, "geometry": { "type": "MultiPoint", "coordinates": [ [ 133.575435882759848, 33.499313602940447 ] ] } },
{ "type": "Feature", "properties": { "P12_001": 10016, "P12_002": "高知ゴルフクラブ", "P12_003": "39", "P12_004": "39201", "P12_005": "‐", "P12_006": "高知市", "P12_007": 4 }, "geometry": { "type": "MultiPoint", "coordinates": [ [ 133.553390000148397, 33.600333999614463 ] ] } },
{ "type": "Feature", "properties": { "P12_001": 10017, "P12_002": "幕末志士社中", "P12_003": "39", "P12_004": "39201", "P12_005": "‐", "P12_006": "高知市北本町2-10-17", "P12_007": 2 }, "geometry": { "type": "MultiPoint", "coordinates": [ [ 133.542719392086383, 33.566900345474608 ] ] } },
{ "type": "Feature", "properties": { "P12_001": 10018, "P12_002": "山内家宝物資料館", "P12_003": "39", "P12_004": "39201", "P12_005": "‐", "P12_006": "高知市鷹匠町2-4-26", "P12_007": 2 }, "geometry": { "type": "MultiPoint", "coordinates": [ [ 133.531276944475508, 33.555439722565211 ] ] } },
{ "type": "Feature", "properties": { "P12_001": 10019, "P12_002": "竹林寺", "P12_003": "39", "P12_004": "39201", "P12_005": "‐", "P12_006": "高知市五台山3577", "P12_007": 2 }, "geometry": { "type": "MultiPoint", "coordinates": [ [ 133.577422102048445, 33.546651693221122 ] ] } },
{ "type": "Feature", "properties": { "P12_001": 10020, "P12_002": "ひろめ市場", "P12_003": "39", "P12_004": "39201", "P12_005": "‐", "P12_006": "高知市帯屋町2-3-1", "P12_007": 5 }, "geometry": { "type": "MultiPoint", "coordinates": [ [ 133.535667835802087, 33.560530678548048 ] ] } },
{ "type": "Feature", "properties": { "P12_001": 10021, "P12_002": "よさこい祭り", "P12_003": "39", "P12_004": "39201", "P12_005": "‐", "P12_006": "高知市", "P12_007": 1 }, "geometry": { "type": "MultiPoint", "coordinates": [ [ 133.539218999557193, 33.558075999707683 ] ] } },
{ "type": "Feature", "properties": { "P12_001": 10022, "P12_002": "日曜市", "P12_003": "39", "P12_004": "39201", "P12_005": "‐", "P12_006": "高知市高知市追手筋", "P12_007": 5 }, "geometry": { "type": "MultiPoint", "coordinates": [ [ 133.53811100062228, 33.561659000362624 ] ] } },
{ "type": "Feature", "properties": { "P12_001": 10023, "P12_002": "南国土佐皿鉢まつり", "P12_003": "39", "P12_004": "39201", "P12_005": "‐", "P12_006": "高知市", "P12_007": 1 }, "geometry": { "type": "MultiPoint", "coordinates": [ [ 133.536148724883788, 33.559911503413218 ] ] } },
{ "type": "Feature", "properties": { "P12_001": 10024, "P12_002": "こうち春花まつり", "P12_003": "39", "P12_004": "39201", "P12_005": "‐", "P12_006": "高知市帯屋町1-1-11-27", "P12_007": 1 }, "geometry": { "type": "MultiPoint", "coordinates": [ [ 133.540447000428799, 33.560180999653483 ] ] } },
{ "type": "Feature", "properties": { "P12_001": 10025, "P12_002": "龍馬まつり", "P12_003": "39", "P12_004": "39201", "P12_005": "‐", "P12_006": "高知市浦戸9", "P12_007": 1 }, "geometry": { "type": "MultiPoint", "coordinates": [ [ 133.576290343924256, 33.499999480791473 ] ] } },
{ "type": "Feature", "properties": { "P12_001": 10026, "P12_002": "梅まつり", "P12_003": "39", "P12_004": "39201", "P12_005": "‐", "P12_006": "高知市土佐山東川", "P12_007": 1 }, "geometry": { "type": "MultiPoint", "coordinates": [ [ 133.483873999585512, 33.634191000614237 ] ] } },
{ "type": "Feature", "properties": { "P12_001": 10027, "P12_002": "高知城花回廊", "P12_003": "39", "P12_004": "39201", "P12_005": "‐", "P12_006": "高知市丸の内1-2-1", "P12_007": 1 }, "geometry": { "type": "MultiPoint", "coordinates": [ [ 133.531512000278667, 33.560722000320084 ] ] } },
{ "type": "Feature", "properties": { "P12_001": 10028, "P12_002": "高知市納涼花火大会", "P12_003": "39", "P12_004": "39201", "P12_005": "‐", "P12_006": "高知市鷹匠町", "P12_007": 1 }, "geometry": { "type": "MultiPoint", "coordinates": [ [ 133.534490077355258, 33.555394697107658 ] ] } },
{ "type": "Feature", "properties": { "P12_001": 10029, "P12_002": "龍馬に大接近", "P12_003": "39", "P12_004": "39201", "P12_005": "‐", "P12_006": "高知市浦戸6", "P12_007": 1 }, "geometry": { "type": "MultiPoint", "coordinates": [ [ 133.574655000527969, 33.499043999680907 ] ] } },
{ "type": "Feature", "properties": { "P12_001": 10030, "P12_002": "よさこい情報交流館", "P12_003": "39", "P12_004": "39201", "P12_005": "‐", "P12_006": "高知市はりまや町1-10-1", "P12_007": 2 }, "geometry": { "type": "MultiPoint", "coordinates": [ [ 133.544755432916986, 33.560006990730074 ] ] } },
{ "type": "Feature", "properties": { "P12_001": 10031, "P12_002": "仁淀川", "P12_003": "39", "P12_004": "39201、39205、39386、39410", "P12_005": "河川・峡谷", "P12_006": "高知市　および　土佐市　および　いの町　および　日高村", "P12_007": -1 }, "geometry": { "type": "MultiPoint", "coordinates": [ [ 133.480300129747206, 33.465719589787284 ] ] } },
{ "type": "Feature", "properties": { "P12_001": 10032, "P12_002": "キラメッセ室戸鯨館", "P12_003": "39", "P12_004": "39202", "P12_005": "‐", "P12_006": "室戸市吉良川町丙890-11", "P12_007": 2 }, "geometry": { "type": "MultiPoint", "coordinates": [ [ 134.110209999691847, 33.306429999844681 ] ] } },
{ "type": "Feature", "properties": { "P12_001": 10033, "P12_002": "室戸岬", "P12_003": "39", "P12_004": "39202", "P12_005": "‐", "P12_006": "室戸市室戸岬", "P12_007": 1 }, "geometry": { "type": "MultiPoint", "coordinates": [ [ 134.175656460976938, 33.24412170395351 ] ] } },
{ "type": "Feature", "properties": { "P12_001": 10034, "P12_002": "シレストむろと", "P12_003": "39", "P12_004": "39202", "P12_005": "‐", "P12_006": "室戸市室戸岬町3795-1", "P12_007": 3 }, "geometry": { "type": "MultiPoint", "coordinates": [ [ 134.182410276912833, 33.258769722045088 ] ] } },
{ "type": "Feature", "properties": { "P12_001": 10035, "P12_002": "ふるさと室戸まつり", "P12_003": "39", "P12_004": "39202", "P12_005": "‐", "P12_006": "室戸市室戸岬町6810-1", "P12_007": 1 }, "geometry": { "type": "MultiPoint", "coordinates": [ [ 134.161606948002259, 33.26930311334803 ] ] } },
{ "type": "Feature", "properties": { "P12_001": 10036, "P12_002": "室戸市産業祭", "P12_003": "39", "P12_004": "39202", "P12_005": "‐", "P12_006": "室戸市室戸岬町6810-152", "P12_007": 1 }, "geometry": { "type": "MultiPoint", "coordinates": [ [ 134.160840201314272, 33.269240208468887 ] ] } },
{ "type": "Feature", "properties": { "P12_001": 10037, "P12_002": "室戸ドルフィンセンター", "P12_003": "39", "P12_004": "39202", "P12_005": "‐", "P12_006": "室戸市室戸岬町鯨浜6810-162", "P12_007": 4 }, "geometry": { "type": "MultiPoint", "coordinates": [ [ 134.159624570617552, 33.268358491551169 ] ] } },
{ "type": "Feature", "properties": { "P12_001": 10038, "P12_002": "海の駅とろむ", "P12_003": "39", "P12_004": "39202", "P12_005": "‐", "P12_006": "室戸市室戸岬町6810-152", "P12_007": 6 }, "geometry": { "type": "MultiPoint", "coordinates": [ [ 134.160840201314272, 33.269240208468887 ] ] } },
{ "type": "Feature", "properties": { "P12_001": 10039, "P12_002": "室戸ジオパーク", "P12_003": "39", "P12_004": "39202", "P12_005": "‐", "P12_006": "室戸市室戸岬町6939-1", "P12_007": 1 }, "geometry": { "type": "MultiPoint", "coordinates": [ [ 134.176413561536719, 33.245766081039847 ] ] } },
{ "type": "Feature", "properties": { "P12_001": 10040, "P12_002": "道の駅「キラメッセ室戸楽市」", "P12_003": "39", "P12_004": "39202", "P12_005": "‐", "P12_006": "室戸市吉良川町丙890-11", "P12_007": 6 }, "geometry": { "type": "MultiPoint", "coordinates": [ [ 134.110209999691847, 33.306429999844681 ] ] } },
{ "type": "Feature", "properties": { "P12_001": 10041, "P12_002": "キラメッセ室戸食遊", "P12_003": "39", "P12_004": "39202", "P12_005": "‐", "P12_006": "室戸市吉良川町丙890-11", "P12_007": 6 }, "geometry": { "type": "MultiPoint", "coordinates": [ [ 134.109925000038743, 33.306155555534531 ] ] } },
{ "type": "Feature", "properties": { "P12_001": 10042, "P12_002": "室戸青少年自然の家", "P12_003": "39", "P12_004": "39202", "P12_005": "‐", "P12_006": "室戸市元乙1721", "P12_007": 4 }, "geometry": { "type": "MultiPoint", "coordinates": [ [ 134.12318499998787, 33.316455277788918 ] ] } },
{ "type": "Feature", "properties": { "P12_001": 10043, "P12_002": "内原野陶芸館", "P12_003": "39", "P12_004": "39203", "P12_005": "‐", "P12_006": "安芸市下山町黒ハエ1400", "P12_007": 2 }, "geometry": { "type": "MultiPoint", "coordinates": [ [ 133.911095834105481, 33.529548055598354 ] ] } },
{ "type": "Feature", "properties": { "P12_001": 10044, "P12_002": "道の駅「大山」", "P12_003": "39", "P12_004": "39203", "P12_005": "‐", "P12_006": "安芸市下山町黒ハエ1400", "P12_007": 6 }, "geometry": { "type": "MultiPoint", "coordinates": [ [ 133.944236214829516, 33.470236208134565 ] ] } },
{ "type": "Feature", "properties": { "P12_001": 10045, "P12_002": "安芸納涼市民祭", "P12_003": "39", "P12_004": "39203", "P12_005": "‐", "P12_006": "安芸市安田町大字西島40-2", "P12_007": 1 }, "geometry": { "type": "MultiPoint", "coordinates": [ [ 133.906829466506792, 33.50213028498473 ] ] } },
{ "type": "Feature", "properties": { "P12_001": 10046, "P12_002": "安芸駅じばさん市場", "P12_003": "39", "P12_004": "39203", "P12_005": "‐", "P12_006": "安芸市東浜294", "P12_007": 5 }, "geometry": { "type": "MultiPoint", "coordinates": [ [ 133.90627432310157, 33.504417183606165 ] ] } },
{ "type": "Feature", "properties": { "P12_001": 10047, "P12_002": "安芸観光情報センター", "P12_003": "39", "P12_004": "39203", "P12_005": "‐", "P12_006": "安芸市矢ノ丸1-4-32", "P12_007": 2 }, "geometry": { "type": "MultiPoint", "coordinates": [ [ 133.907653759013783, 33.502390033473318 ] ] } },
{ "type": "Feature", "properties": { "P12_001": 10048, "P12_002": "西島園芸団地", "P12_003": "39", "P12_004": "39204", "P12_005": "‐", "P12_006": "南国市廿枝600", "P12_007": 2 }, "geometry": { "type": "MultiPoint", "coordinates": [ [ 133.639644444335659, 33.592512222561083 ] ] } },
{ "type": "Feature", "properties": { "P12_001": 10049, "P12_002": "高知県立歴史民俗資料館", "P12_003": "39", "P12_004": "39204", "P12_005": "‐", "P12_006": "南国市岡豊町八幡1099-1", "P12_007": 2 }, "geometry": { "type": "MultiPoint", "coordinates": [ [ 133.623476388524523, 33.596067777705855 ] ] } },
{ "type": "Feature", "properties": { "P12_001": 10050, "P12_002": "パシフィックゴルフクラブ", "P12_003": "39", "P12_004": "39204", "P12_005": "‐", "P12_006": "南国市才谷字古越778", "P12_007": 4 }, "geometry": { "type": "MultiPoint", "coordinates": [ [ 133.647328333735686, 33.627736944904143 ] ] } },
{ "type": "Feature", "properties": { "P12_001": 10051, "P12_002": "国分寺", "P12_003": "39", "P12_004": "39204", "P12_005": "‐", "P12_006": "南国市国分546", "P12_007": 2 }, "geometry": { "type": "MultiPoint", "coordinates": [ [ 133.640381999030069, 33.598685000012779 ] ] } },
{ "type": "Feature", "properties": { "P12_001": 10052, "P12_002": "禅師峰寺", "P12_003": "39", "P12_004": "39204", "P12_005": "‐", "P12_006": "南国市十市3084", "P12_007": 2 }, "geometry": { "type": "MultiPoint", "coordinates": [ [ 133.611378611233931, 33.526716388150817 ] ] } },
{ "type": "Feature", "properties": { "P12_001": 10053, "P12_002": "ながおか温泉", "P12_003": "39", "P12_004": "39204", "P12_005": "‐", "P12_006": "南国市下末松106", "P12_007": 3 }, "geometry": { "type": "MultiPoint", "coordinates": [ [ 133.650776944200629, 33.590341666534755 ] ] } },
{ "type": "Feature", "properties": { "P12_001": 10054, "P12_002": "巨峰園", "P12_003": "39", "P12_004": "39204", "P12_005": "‐", "P12_006": "南国市廿枝1185", "P12_007": 4 }, "geometry": { "type": "MultiPoint", "coordinates": [ [ 133.645924335539689, 33.594404556225356 ] ] } },
{ "type": "Feature", "properties": { "P12_001": 10055, "P12_002": "道の駅　風良里", "P12_003": "39", "P12_004": "39204", "P12_005": "‐", "P12_006": "南国市左右山102-1", "P12_007": 6 }, "geometry": { "type": "MultiPoint", "coordinates": [ [ 133.64221949023738, 33.611169391354395 ] ] } },
{ "type": "Feature", "properties": { "P12_001": 10056, "P12_002": "宇佐大鍋まつり", "P12_003": "39", "P12_004": "39205", "P12_005": "‐", "P12_006": "土佐市宇佐町橋田浜2752-7", "P12_007": 1 }, "geometry": { "type": "MultiPoint", "coordinates": [ [ 133.451626761665807, 33.450164972335642 ] ] } },
{ "type": "Feature", "properties": { "P12_001": 10057, "P12_002": "宇佐港まつり", "P12_003": "39", "P12_004": "39205", "P12_005": "‐", "P12_006": "土佐市", "P12_007": 1 }, "geometry": { "type": "MultiPoint", "coordinates": [ [ 133.444344589531283, 33.447035749800079 ] ] } },
{ "type": "Feature", "properties": { "P12_001": 10058, "P12_002": "大綱祭り", "P12_003": "39", "P12_004": "39205", "P12_005": "‐", "P12_006": "土佐市高岡町3480-6", "P12_007": 1 }, "geometry": { "type": "MultiPoint", "coordinates": [ [ 133.426854000611684, 33.499075999357956 ] ] } },
{ "type": "Feature", "properties": { "P12_001": 10059, "P12_002": "ドラゴン広場", "P12_003": "39", "P12_004": "39205", "P12_005": "‐", "P12_006": "土佐市高岡町甲2116-3", "P12_007": 5 }, "geometry": { "type": "MultiPoint", "coordinates": [ [ 133.424362222039008, 33.496558332900804 ] ] } },
{ "type": "Feature", "properties": { "P12_001": 10060, "P12_002": "スカイベイゴルフクラブ", "P12_003": "39", "P12_004": "39206", "P12_005": "‐", "P12_006": "須崎市浦ノ内福良348-2", "P12_007": 4 }, "geometry": { "type": "MultiPoint", "coordinates": [ [ 133.39442722293802, 33.412848055493441 ] ] } },
{ "type": "Feature", "properties": { "P12_001": 10061, "P12_002": "桑田山雪割り桜", "P12_003": "39", "P12_004": "39206", "P12_005": "‐", "P12_006": "須崎市", "P12_007": 1 }, "geometry": { "type": "MultiPoint", "coordinates": [ [ 133.279103999450058, 33.434827000665621 ] ] } },
{ "type": "Feature", "properties": { "P12_001": 10062, "P12_002": "須崎まつり", "P12_003": "39", "P12_004": "39206", "P12_005": "‐", "P12_006": "須崎市西糺町4-18", "P12_007": 1 }, "geometry": { "type": "MultiPoint", "coordinates": [ [ 133.284753000050955, 33.393072999719209 ] ] } },
{ "type": "Feature", "properties": { "P12_001": 10063, "P12_002": "くろしおフェアｉｎすさき", "P12_003": "39", "P12_004": "39206", "P12_005": "‐", "P12_006": "須崎市桐間南15", "P12_007": 1 }, "geometry": { "type": "MultiPoint", "coordinates": [ [ 133.293552001123999, 33.407172000587423 ] ] } },
{ "type": "Feature", "properties": { "P12_001": 10064, "P12_002": "道の駅「かわうその里」すさき", "P12_003": "39", "P12_004": "39206", "P12_005": "‐", "P12_006": "須崎市下分甲263-3", "P12_007": 6 }, "geometry": { "type": "MultiPoint", "coordinates": [ [ 133.274667222014727, 33.387646666760304 ] ] } },
{ "type": "Feature", "properties": { "P12_001": 10065, "P12_002": "沖の島（釣り客・ダイビング客含む）", "P12_003": "39", "P12_004": "39208", "P12_005": "‐", "P12_006": "宿毛市", "P12_007": 1 }, "geometry": { "type": "MultiPoint", "coordinates": [ [ 132.555997000061552, 32.729856000354175 ] ] } },
{ "type": "Feature", "properties": { "P12_001": 10066, "P12_002": "道の駅・サニーサイドパーク", "P12_003": "39", "P12_004": "39208", "P12_005": "‐", "P12_006": "宿毛市坂ノ下1023-44", "P12_007": 6 }, "geometry": { "type": "MultiPoint", "coordinates": [ [ 132.712455662698744, 32.916069261687142 ] ] } },
{ "type": "Feature", "properties": { "P12_001": 10067, "P12_002": "延光寺", "P12_003": "39", "P12_004": "39208", "P12_005": "‐", "P12_006": "宿毛市平田町中山390", "P12_007": 2 }, "geometry": { "type": "MultiPoint", "coordinates": [ [ 132.774023000860893, 32.961309999856667 ] ] } },
{ "type": "Feature", "properties": { "P12_001": 10068, "P12_002": "咸陽島公園", "P12_003": "39", "P12_004": "39208", "P12_005": "‐", "P12_006": "宿毛市大島", "P12_007": 4 }, "geometry": { "type": "MultiPoint", "coordinates": [ [ 132.688974000749567, 32.916711999958864 ] ] } },
{ "type": "Feature", "properties": { "P12_001": 10069, "P12_002": "市民祭宿毛まつり", "P12_003": "39", "P12_004": "39208", "P12_005": "‐", "P12_006": "宿毛市", "P12_007": 1 }, "geometry": { "type": "MultiPoint", "coordinates": [ [ 132.732463370388245, 32.936285563527974 ] ] } },
{ "type": "Feature", "properties": { "P12_001": 10070, "P12_002": "足摺岬", "P12_003": "39", "P12_004": "39209", "P12_005": "海岸・岬", "P12_006": "土佐清水市", "P12_007": 1 }, "geometry": { "type": "MultiPoint", "coordinates": [ [ 133.010059894248798, 32.724871100520943 ] ] } },
{ "type": "Feature", "properties": { "P12_001": 10071, "P12_002": "足摺テルメ", "P12_003": "39", "P12_004": "39209", "P12_005": "‐", "P12_006": "土佐清水市", "P12_007": 1 }, "geometry": { "type": "MultiPoint", "coordinates": [ [ 133.006536999782725, 32.727198000087697 ] ] } },
{ "type": "Feature", "properties": { "P12_001": 10072, "P12_002": "足摺海底館", "P12_003": "39", "P12_004": "39209", "P12_005": "‐", "P12_006": "土佐清水市三崎今芝4032", "P12_007": 2 }, "geometry": { "type": "MultiPoint", "coordinates": [ [ 132.862879999412485, 32.791397222204068 ] ] } },
{ "type": "Feature", "properties": { "P12_001": 10073, "P12_002": "高知県立足摺海洋館", "P12_003": "39", "P12_004": "39209", "P12_005": "‐", "P12_006": "土佐清水市三崎今芝4032", "P12_007": 2 }, "geometry": { "type": "MultiPoint", "coordinates": [ [ 132.862879999412485, 32.791397222204068 ] ] } },
{ "type": "Feature", "properties": { "P12_001": 10074, "P12_002": "竜串海中観光", "P12_003": "39", "P12_004": "39209", "P12_005": "‐", "P12_006": "土佐清水市三崎4135-2", "P12_007": 1 }, "geometry": { "type": "MultiPoint", "coordinates": [ [ 132.860800138215836, 32.789155876942232 ] ] } },
{ "type": "Feature", "properties": { "P12_001": 10075, "P12_002": "ジョン万次郎資料館", "P12_003": "39", "P12_004": "39209", "P12_005": "‐", "P12_006": "土佐清水市養老303", "P12_007": 2 }, "geometry": { "type": "MultiPoint", "coordinates": [ [ 132.93280583362241, 32.781412500086844 ] ] } },
{ "type": "Feature", "properties": { "P12_001": 10076, "P12_002": "市民祭あしずりまつり", "P12_003": "39", "P12_004": "39209", "P12_005": "‐", "P12_006": "土佐清水市寿町11-16", "P12_007": 1 }, "geometry": { "type": "MultiPoint", "coordinates": [ [ 132.951716999739801, 32.779086999865228 ] ] } },
{ "type": "Feature", "properties": { "P12_001": 10077, "P12_002": "黒潮市場", "P12_003": "39", "P12_004": "39209", "P12_005": "‐", "P12_006": "土佐清水市旭町１?１", "P12_007": 5 }, "geometry": { "type": "MultiPoint", "coordinates": [ [ 132.958590999275316, 32.779819999493441 ] ] } },
{ "type": "Feature", "properties": { "P12_001": 10078, "P12_002": "道の駅めじかの里", "P12_003": "39", "P12_004": "39209", "P12_005": "‐", "P12_006": "土佐清水市三崎字西シリソメ671-1", "P12_007": 6 }, "geometry": { "type": "MultiPoint", "coordinates": [ [ 132.883147009526965, 32.793686961783919 ] ] } },
{ "type": "Feature", "properties": { "P12_001": 10079, "P12_002": "海遊館・以布利センター", "P12_003": "39", "P12_004": "39209", "P12_005": "‐", "P12_006": "土佐清水市以布利", "P12_007": 2 }, "geometry": { "type": "MultiPoint", "coordinates": [ [ 132.963538000778158, 32.801062999757676 ] ] } },
{ "type": "Feature", "properties": { "P12_001": 10080, "P12_002": "海鮮大漁屋", "P12_003": "39", "P12_004": "39209", "P12_005": "‐", "P12_006": "土佐清水市窪津476", "P12_007": 5 }, "geometry": { "type": "MultiPoint", "coordinates": [ [ 132.996463915677282, 32.786766862101047 ] ] } },
{ "type": "Feature", "properties": { "P12_001": 10081, "P12_002": "四万十川", "P12_003": "39", "P12_004": "39210", "P12_005": "河川・峡谷", "P12_006": "四万十市", "P12_007": -1 }, "geometry": { "type": "MultiPoint", "coordinates": [ [ 132.972307173137551, 32.963788960392264 ] ] } },
{ "type": "Feature", "properties": { "P12_001": 10082, "P12_002": "四万十川学遊館", "P12_003": "39", "P12_004": "39210", "P12_005": "‐", "P12_006": "四万十市具同8055-5", "P12_007": 1 }, "geometry": { "type": "MultiPoint", "coordinates": [ [ 132.915382414167198, 32.989269189321703 ] ] } },
{ "type": "Feature", "properties": { "P12_001": 10083, "P12_002": "オートキャンプ場とまろっと", "P12_003": "39", "P12_004": "39210", "P12_005": "‐", "P12_006": "四万十市下田3548", "P12_007": 4 }, "geometry": { "type": "MultiPoint", "coordinates": [ [ 132.995493574169132, 32.946634350994543 ] ] } },
{ "type": "Feature", "properties": { "P12_001": 10084, "P12_002": "四万十川の駅・カヌー館", "P12_003": "39", "P12_004": "39210", "P12_005": "‐", "P12_006": "四万十市西土佐用井1111-11", "P12_007": 4 }, "geometry": { "type": "MultiPoint", "coordinates": [ [ 132.792274221078515, 33.168795251999313 ] ] } },
{ "type": "Feature", "properties": { "P12_001": 10085, "P12_002": "四万十カントリークラブ", "P12_003": "39", "P12_004": "39210", "P12_005": "‐", "P12_006": "四万十市間崎1495-2", "P12_007": 4 }, "geometry": { "type": "MultiPoint", "coordinates": [ [ 132.969719444097109, 32.949943055727488 ] ] } },
{ "type": "Feature", "properties": { "P12_001": 10086, "P12_002": "四万十川観光開発", "P12_003": "39", "P12_004": "39210", "P12_005": "‐", "P12_006": "四万十市山路2494-1", "P12_007": 1 }, "geometry": { "type": "MultiPoint", "coordinates": [ [ 132.950554938060009, 32.970803508675033 ] ] } },
{ "type": "Feature", "properties": { "P12_001": 10087, "P12_002": "四万十いやしの里（温泉）", "P12_003": "39", "P12_004": "39210", "P12_005": "‐", "P12_006": "四万十市下田3363", "P12_007": 3 }, "geometry": { "type": "MultiPoint", "coordinates": [ [ 132.992954167500898, 32.944953333729416 ] ] } },
{ "type": "Feature", "properties": { "P12_001": 10088, "P12_002": "四万十川花絵巻（菜の花の巻）", "P12_003": "39", "P12_004": "39210", "P12_005": "‐", "P12_006": "四万十市入田ヤナギ林四万十市入田", "P12_007": 1 }, "geometry": { "type": "MultiPoint", "coordinates": [ [ 132.921236998888503, 32.993950999638969 ] ] } },
{ "type": "Feature", "properties": { "P12_001": 10089, "P12_002": "四万十川花絵巻（桜の巻）", "P12_003": "39", "P12_004": "39210", "P12_005": "‐", "P12_006": "四万十市中村", "P12_007": 1 }, "geometry": { "type": "MultiPoint", "coordinates": [ [ 132.929338999295396, 32.996941999973387 ] ] } },
{ "type": "Feature", "properties": { "P12_001": 10090, "P12_002": "一條公家行列", "P12_003": "39", "P12_004": "39210", "P12_005": "‐", "P12_006": "四万十市中村天神橋他", "P12_007": 1 }, "geometry": { "type": "MultiPoint", "coordinates": [ [ 132.933858999992935, 32.992687999851341 ] ] } },
{ "type": "Feature", "properties": { "P12_001": 10091, "P12_002": "しまんと市民祭", "P12_003": "39", "P12_004": "39210", "P12_005": "‐", "P12_006": "四万十市中村天神橋他", "P12_007": 1 }, "geometry": { "type": "MultiPoint", "coordinates": [ [ 132.933462000570898, 32.991081999534686 ] ] } },
{ "type": "Feature", "properties": { "P12_001": 10092, "P12_002": "四万十市不破八幡宮大祭", "P12_003": "39", "P12_004": "39210", "P12_005": "‐", "P12_006": "四万十市不破", "P12_007": 1 }, "geometry": { "type": "MultiPoint", "coordinates": [ [ 132.937364999795022, 32.980636999897683 ] ] } },
{ "type": "Feature", "properties": { "P12_001": 10093, "P12_002": "四万十市一條大祭", "P12_003": "39", "P12_004": "39210", "P12_005": "‐", "P12_006": "四万十市中村本町1-3", "P12_007": 1 }, "geometry": { "type": "MultiPoint", "coordinates": [ [ 132.93423802016855, 32.993675093031186 ] ] } },
{ "type": "Feature", "properties": { "P12_001": 10094, "P12_002": "物産館サンリバー四万十", "P12_003": "39", "P12_004": "39210", "P12_005": "‐", "P12_006": "四万十市右山383-7", "P12_007": 5 }, "geometry": { "type": "MultiPoint", "coordinates": [ [ 132.944714466399546, 32.980669489705235 ] ] } },
{ "type": "Feature", "properties": { "P12_001": 10095, "P12_002": "四万十屋形舟なっとく", "P12_003": "39", "P12_004": "39210", "P12_005": "‐", "P12_006": "四万十市田出ノ川", "P12_007": 1 }, "geometry": { "type": "MultiPoint", "coordinates": [ [ 132.841587999586523, 33.041688999547716 ] ] } },
{ "type": "Feature", "properties": { "P12_001": 10096, "P12_002": "四万十の碧", "P12_003": "39", "P12_004": "39210", "P12_005": "‐", "P12_006": "四万十市三里1446", "P12_007": 1 }, "geometry": { "type": "MultiPoint", "coordinates": [ [ 132.865609721511532, 33.011638611133037 ] ] } },
{ "type": "Feature", "properties": { "P12_001": 10097, "P12_002": "神川", "P12_003": "39", "P12_004": "39210", "P12_005": "‐", "P12_006": "四万十市中村百笑町3-4", "P12_007": 1 }, "geometry": { "type": "MultiPoint", "coordinates": [ [ 132.927183000595051, 32.993854000561726 ] ] } },
{ "type": "Feature", "properties": { "P12_001": 10098, "P12_002": "高知県立のいち動物公園", "P12_003": "39", "P12_004": "39211", "P12_005": "‐", "P12_006": "香南市野市町大谷738", "P12_007": 2 }, "geometry": { "type": "MultiPoint", "coordinates": [ [ 133.707581112178673, 33.570524723037579 ] ] } },
{ "type": "Feature", "properties": { "P12_001": 10099, "P12_002": "アクトランド", "P12_003": "39", "P12_004": "39211", "P12_005": "‐", "P12_006": "香南市野市町大谷928-1", "P12_007": 2 }, "geometry": { "type": "MultiPoint", "coordinates": [ [ 133.700077000852957, 33.568567000566702 ] ] } },
{ "type": "Feature", "properties": { "P12_001": 10100, "P12_002": "月見山こどもの森", "P12_003": "39", "P12_004": "39211", "P12_005": "‐", "P12_006": "香南市香我美町岸本1269-7", "P12_007": 4 }, "geometry": { "type": "MultiPoint", "coordinates": [ [ 133.745666095014371, 33.540896297426229 ] ] } },
{ "type": "Feature", "properties": { "P12_001": 10101, "P12_002": "四国自動車博物館", "P12_003": "39", "P12_004": "39211", "P12_005": "‐", "P12_006": "香南市野市町大谷896", "P12_007": 2 }, "geometry": { "type": "MultiPoint", "coordinates": [ [ 133.701044166854899, 33.569359166592335 ] ] } },
{ "type": "Feature", "properties": { "P12_001": 10102, "P12_002": "ヤ・シィパーク", "P12_003": "39", "P12_004": "39211", "P12_005": "‐", "P12_006": "香南市夜須町千切537-90", "P12_007": 4 }, "geometry": { "type": "MultiPoint", "coordinates": [ [ 133.753725999955009, 33.534191999960854 ] ] } },
{ "type": "Feature", "properties": { "P12_001": 10103, "P12_002": "黒潮温泉", "P12_003": "39", "P12_004": "39211", "P12_005": "‐", "P12_006": "香南市野市町東野1630", "P12_007": 3 }, "geometry": { "type": "MultiPoint", "coordinates": [ [ 133.705035999312031, 33.558460999475585 ] ] } },
{ "type": "Feature", "properties": { "P12_001": 10104, "P12_002": "やすらぎ市", "P12_003": "39", "P12_004": "39211", "P12_005": "‐", "P12_006": "香南市夜須町千切537-90", "P12_007": 5 }, "geometry": { "type": "MultiPoint", "coordinates": [ [ 133.754387964832745, 33.533503457418703 ] ] } },
{ "type": "Feature", "properties": { "P12_001": 10105, "P12_002": "あぐりのさと", "P12_003": "39", "P12_004": "39211", "P12_005": "‐", "P12_006": "香南市香我美町口西川271-1", "P12_007": 5 }, "geometry": { "type": "MultiPoint", "coordinates": [ [ 133.761462960147583, 33.59040977758923 ] ] } },
{ "type": "Feature", "properties": { "P12_001": 10106, "P12_002": "土佐赤岡どろめ祭り", "P12_003": "39", "P12_004": "39211", "P12_005": "‐", "P12_006": "香南市赤岡海浜", "P12_007": 1 }, "geometry": { "type": "MultiPoint", "coordinates": [ [ 133.726016000937761, 33.538910000795966 ] ] } },
{ "type": "Feature", "properties": { "P12_001": 10107, "P12_002": "土佐赤岡絵金祭り", "P12_003": "39", "P12_004": "39211", "P12_005": "‐", "P12_006": "香南市赤岡町538", "P12_007": 1 }, "geometry": { "type": "MultiPoint", "coordinates": [ [ 133.724467999698504, 33.541792999747202 ] ] } },
{ "type": "Feature", "properties": { "P12_001": 10108, "P12_002": "香南市みなこい港まつり", "P12_003": "39", "P12_004": "39211", "P12_005": "‐", "P12_006": "香南市吉川町吉原", "P12_007": 1 }, "geometry": { "type": "MultiPoint", "coordinates": [ [ 133.692974998897171, 33.53460700021293 ] ] } },
{ "type": "Feature", "properties": { "P12_001": 10109, "P12_002": "冬の夏祭り", "P12_003": "39", "P12_004": "39211", "P12_005": "‐", "P12_006": "香南市赤岡町", "P12_007": 1 }, "geometry": { "type": "MultiPoint", "coordinates": [ [ 133.72275199970511, 33.542588999582733 ] ] } },
{ "type": "Feature", "properties": { "P12_001": 10110, "P12_002": "アカシアの花まつり", "P12_003": "39", "P12_004": "39211", "P12_005": "‐", "P12_006": "香南市夜須町千切537-90", "P12_007": 1 }, "geometry": { "type": "MultiPoint", "coordinates": [ [ 133.754219001106094, 33.533653000285767 ] ] } },
{ "type": "Feature", "properties": { "P12_001": 10111, "P12_002": "マリンフェスティバルＹＡＳＵ", "P12_003": "39", "P12_004": "39211", "P12_005": "‐", "P12_006": "香南市夜須町千切537-90", "P12_007": 1 }, "geometry": { "type": "MultiPoint", "coordinates": [ [ 133.754006999423495, 33.533674000354893 ] ] } },
{ "type": "Feature", "properties": { "P12_001": 10112, "P12_002": "手結盆踊り・花火大会", "P12_003": "39", "P12_004": "39211", "P12_005": "‐", "P12_006": "香南市夜須町千切537-90", "P12_007": 1 }, "geometry": { "type": "MultiPoint", "coordinates": [ [ 133.754006999423495, 33.533674000354893 ] ] } },
{ "type": "Feature", "properties": { "P12_001": 10113, "P12_002": "ヤ・シィの秋まつり", "P12_003": "39", "P12_004": "39211", "P12_005": "‐", "P12_006": "香南市夜須町千切537-90", "P12_007": 1 }, "geometry": { "type": "MultiPoint", "coordinates": [ [ 133.754006999423495, 33.533674000354893 ] ] } },
{ "type": "Feature", "properties": { "P12_001": 10114, "P12_002": "海辺のイルミネーション", "P12_003": "39", "P12_004": "39211", "P12_005": "‐", "P12_006": "香南市夜須町千切537-90", "P12_007": 1 }, "geometry": { "type": "MultiPoint", "coordinates": [ [ 133.75382399907835, 33.533591000124602 ] ] } },
{ "type": "Feature", "properties": { "P12_001": 10115, "P12_002": "絵金蔵", "P12_003": "39", "P12_004": "39211", "P12_005": "‐", "P12_006": "香南市赤岡町538", "P12_007": 2 }, "geometry": { "type": "MultiPoint", "coordinates": [ [ 133.721653999432647, 33.54251799990584 ] ] } },
{ "type": "Feature", "properties": { "P12_001": 10116, "P12_002": "天然色市場", "P12_003": "39", "P12_004": "39211", "P12_005": "‐", "P12_006": "香南市吉川町吉原1841-2", "P12_007": 5 }, "geometry": { "type": "MultiPoint", "coordinates": [ [ 133.700214000875462, 33.541889999723765 ] ] } },
{ "type": "Feature", "properties": { "P12_001": 10117, "P12_002": "土佐カントリークラブ", "P12_003": "39", "P12_004": "39211", "P12_005": "‐", "P12_006": "香南市夜須町手結山668", "P12_007": 4 }, "geometry": { "type": "MultiPoint", "coordinates": [ [ 133.775605999917047, 33.521202999918557 ] ] } },
{ "type": "Feature", "properties": { "P12_001": 10118, "P12_002": "アンパンマンミュージアム", "P12_003": "39", "P12_004": "39212", "P12_005": "‐", "P12_006": "香美市香北町美良布1224-2", "P12_007": 2 }, "geometry": { "type": "MultiPoint", "coordinates": [ [ 133.783738889338338, 33.647720833150004 ] ] } },
{ "type": "Feature", "properties": { "P12_001": 10119, "P12_002": "龍河洞", "P12_003": "39", "P12_004": "39212", "P12_005": "‐", "P12_006": "香美市佐山田町逆川1434", "P12_007": 1 }, "geometry": { "type": "MultiPoint", "coordinates": [ [ 133.745300756224992, 33.603207713065558 ] ] } },
{ "type": "Feature", "properties": { "P12_001": 10120, "P12_002": "土佐山田ゴルフクラブ", "P12_003": "39", "P12_004": "39212", "P12_005": "‐", "P12_006": "香美市土佐山田町楠目字油石山3594-1", "P12_007": 4 }, "geometry": { "type": "MultiPoint", "coordinates": [ [ 133.691003002386765, 33.623244260214506 ] ] } },
{ "type": "Feature", "properties": { "P12_001": 10121, "P12_002": "べふ峡温泉", "P12_003": "39", "P12_004": "39212", "P12_005": "‐", "P12_006": "香美市物部町別府452-8", "P12_007": 3 }, "geometry": { "type": "MultiPoint", "coordinates": [ [ 134.030785555708917, 33.763630554906229 ] ] } },
{ "type": "Feature", "properties": { "P12_001": 10122, "P12_002": "甫喜ヶ峰森林公園", "P12_003": "39", "P12_004": "39212", "P12_005": "‐", "P12_006": "香美市土佐山田町平山", "P12_007": 1 }, "geometry": { "type": "MultiPoint", "coordinates": [ [ 133.696640000635625, 33.649168999749577 ] ] } },
{ "type": "Feature", "properties": { "P12_001": 10123, "P12_002": "秦山公園こども広場", "P12_003": "39", "P12_004": "39212", "P12_005": "‐", "P12_006": "香美市土佐山田町植", "P12_007": 4 }, "geometry": { "type": "MultiPoint", "coordinates": [ [ 133.678766999297636, 33.612698000512353 ] ] } },
{ "type": "Feature", "properties": { "P12_001": 10124, "P12_002": "香美市美術館", "P12_003": "39", "P12_004": "39212", "P12_005": "‐", "P12_006": "香美市土佐山田町262-1", "P12_007": 2 }, "geometry": { "type": "MultiPoint", "coordinates": [ [ 133.687598000947105, 33.61066800042795 ] ] } },
{ "type": "Feature", "properties": { "P12_001": 10125, "P12_002": "刃物まつり", "P12_003": "39", "P12_004": "39212", "P12_005": "‐", "P12_006": "香美市土佐山田町宮の口", "P12_007": 1 }, "geometry": { "type": "MultiPoint", "coordinates": [ [ 133.717627999932347, 33.618455000697793 ] ] } },
{ "type": "Feature", "properties": { "P12_001": 10126, "P12_002": "土佐山田まつり", "P12_003": "39", "P12_004": "39212", "P12_005": "‐", "P12_006": "香美市土佐山田町楠目831", "P12_007": 1 }, "geometry": { "type": "MultiPoint", "coordinates": [ [ 133.695079473638884, 33.613140519119725 ] ] } },
{ "type": "Feature", "properties": { "P12_001": 10127, "P12_002": "奥物部湖湖水祭", "P12_003": "39", "P12_004": "39212", "P12_005": "‐", "P12_006": "香美市物部町", "P12_007": 1 }, "geometry": { "type": "MultiPoint", "coordinates": [ [ 133.8714390000099, 33.69889500050391 ] ] } },
{ "type": "Feature", "properties": { "P12_001": 10128, "P12_002": "道の駅「美良布」", "P12_003": "39", "P12_004": "39212", "P12_005": "‐", "P12_006": "香美市香北町美良布1211", "P12_007": 6 }, "geometry": { "type": "MultiPoint", "coordinates": [ [ 133.782514791524477, 33.648114855816004 ] ] } },
{ "type": "Feature", "properties": { "P12_001": 10129, "P12_002": "奥物部ふるさと館", "P12_003": "39", "P12_004": "39212", "P12_005": "‐", "P12_006": "香美市物部町大栃872-2", "P12_007": 5 }, "geometry": { "type": "MultiPoint", "coordinates": [ [ 133.8747413609251, 33.695694308845304 ] ] } },
{ "type": "Feature", "properties": { "P12_001": 10130, "P12_002": "ピースフルセレネ", "P12_003": "39", "P12_004": "39212", "P12_005": "‐", "P12_006": "香美市香北町美良布1224-2", "P12_007": -1 }, "geometry": { "type": "MultiPoint", "coordinates": [ [ 133.783418471685195, 33.647584399700349 ] ] } },
{ "type": "Feature", "properties": { "P12_001": 10131, "P12_002": "海の駅東洋町", "P12_003": "39", "P12_004": "39301", "P12_005": "‐", "P12_006": "東洋町大字白浜88-1", "P12_007": 6 }, "geometry": { "type": "MultiPoint", "coordinates": [ [ 134.295127500733656, 33.543262223073214 ] ] } },
{ "type": "Feature", "properties": { "P12_001": 10132, "P12_002": "白浜海水浴場", "P12_003": "39", "P12_004": "39301", "P12_005": "‐", "P12_006": "東洋町大字白浜", "P12_007": 4 }, "geometry": { "type": "MultiPoint", "coordinates": [ [ 134.294617000574135, 33.542501999167996 ] ] } },
{ "type": "Feature", "properties": { "P12_001": 10133, "P12_002": "生見海岸", "P12_003": "39", "P12_004": "39301", "P12_005": "‐", "P12_006": "東洋町大字生見", "P12_007": 1 }, "geometry": { "type": "MultiPoint", "coordinates": [ [ 134.28449800068222, 33.529513000024963 ] ] } },
{ "type": "Feature", "properties": { "P12_001": 10134, "P12_002": "奈半利町港まつり", "P12_003": "39", "P12_004": "39302", "P12_005": "‐", "P12_006": "奈半利町", "P12_007": 1 }, "geometry": { "type": "MultiPoint", "coordinates": [ [ 134.016650000097457, 33.423662000201205 ] ] } },
{ "type": "Feature", "properties": { "P12_001": 10135, "P12_002": "物産館「無花果」", "P12_003": "39", "P12_004": "39302", "P12_005": "‐", "P12_006": "奈半利町乙1305-6", "P12_007": 6 }, "geometry": { "type": "MultiPoint", "coordinates": [ [ 134.018149999123239, 33.424794999389746 ] ] } },
{ "type": "Feature", "properties": { "P12_001": 10136, "P12_002": "道の駅　田野駅屋", "P12_003": "39", "P12_004": "39303", "P12_005": "‐", "P12_006": "田野町1431-1", "P12_007": 6 }, "geometry": { "type": "MultiPoint", "coordinates": [ [ 134.00698592855781, 33.430102397907376 ] ] } },
{ "type": "Feature", "properties": { "P12_001": 10137, "P12_002": "味工房じねん", "P12_003": "39", "P12_004": "39304", "P12_005": "‐", "P12_006": "安田町正弘566", "P12_007": 5 }, "geometry": { "type": "MultiPoint", "coordinates": [ [ 134.00060749773786, 33.480258202653999 ] ] } },
{ "type": "Feature", "properties": { "P12_001": 10138, "P12_002": "土佐の元気市　輝るぽーと安田", "P12_003": "39", "P12_004": "39304", "P12_005": "‐", "P12_006": "安田町安田1716-6", "P12_007": 5 }, "geometry": { "type": "MultiPoint", "coordinates": [ [ 133.980690037914997, 33.436588855291518 ] ] } },
{ "type": "Feature", "properties": { "P12_001": 10139, "P12_002": "中岡慎太郎館", "P12_003": "39", "P12_004": "39305", "P12_005": "‐", "P12_006": "北川村柏木140", "P12_007": 2 }, "geometry": { "type": "MultiPoint", "coordinates": [ [ 134.057023000311233, 33.456487000374807 ] ] } },
{ "type": "Feature", "properties": { "P12_001": 10140, "P12_002": "モネの庭マルモッタン", "P12_003": "39", "P12_004": "39305", "P12_005": "‐", "P12_006": "北川村野友甲1100", "P12_007": 1 }, "geometry": { "type": "MultiPoint", "coordinates": [ [ 134.032947998951045, 33.44009599993052 ] ] } },
{ "type": "Feature", "properties": { "P12_001": 10141, "P12_002": "北川村温泉", "P12_003": "39", "P12_004": "39305", "P12_005": "‐", "P12_006": "北川村小島121", "P12_007": 3 }, "geometry": { "type": "MultiPoint", "coordinates": [ [ 134.100516000513039, 33.498322999706716 ] ] } },
{ "type": "Feature", "properties": { "P12_001": 10142, "P12_002": "馬路温泉", "P12_003": "39", "P12_004": "39306", "P12_005": "‐", "P12_006": "馬路村馬路3564-1", "P12_007": 3 }, "geometry": { "type": "MultiPoint", "coordinates": [ [ 134.049197000041545, 33.556676999943647 ] ] } },
{ "type": "Feature", "properties": { "P12_001": 10143, "P12_002": "馬路村ふるさとセンターまかいちょって屋", "P12_003": "39", "P12_004": "39306", "P12_005": "‐", "P12_006": "馬路村馬路382-1", "P12_007": 5 }, "geometry": { "type": "MultiPoint", "coordinates": [ [ 134.049414001055425, 33.54971700003955 ] ] } },
{ "type": "Feature", "properties": { "P12_001": 10144, "P12_002": "黒潮カントリークラブ", "P12_003": "39", "P12_004": "39307", "P12_005": "‐", "P12_006": "芸西村西分甲520", "P12_007": 4 }, "geometry": { "type": "MultiPoint", "coordinates": [ [ 133.792534999990266, 33.53942400021748 ] ] } },
{ "type": "Feature", "properties": { "P12_001": 10145, "P12_002": "憩ヶ丘運動公園", "P12_003": "39", "P12_004": "39307", "P12_005": "‐", "P12_006": "芸西村和食甲4525", "P12_007": 4 }, "geometry": { "type": "MultiPoint", "coordinates": [ [ 133.818500977038525, 33.528196775660717 ] ] } },
{ "type": "Feature", "properties": { "P12_001": 10146, "P12_002": "海水健康プール芸西", "P12_003": "39", "P12_004": "39307", "P12_005": "‐", "P12_006": "芸西村和食甲1-141", "P12_007": 4 }, "geometry": { "type": "MultiPoint", "coordinates": [ [ 133.804637000497223, 33.51736300000249 ] ] } },
{ "type": "Feature", "properties": { "P12_001": 10147, "P12_002": "かっぱ市", "P12_003": "39", "P12_004": "39307", "P12_005": "‐", "P12_006": "芸西村和食甲452-1", "P12_007": 5 }, "geometry": { "type": "MultiPoint", "coordinates": [ [ 133.8002210000991, 33.518748000020253 ] ] } },
{ "type": "Feature", "properties": { "P12_001": 10148, "P12_002": "土佐ロイヤルホテル", "P12_003": "39", "P12_004": "39307", "P12_005": "‐", "P12_006": "芸西村西分甲2995", "P12_007": 3 }, "geometry": { "type": "MultiPoint", "coordinates": [ [ 133.78556099944069, 33.522709000120301 ] ] } },
{ "type": "Feature", "properties": { "P12_001": 10149, "P12_002": "帰全山公園", "P12_003": "39", "P12_004": "39341", "P12_005": "‐", "P12_006": "本山町本山", "P12_007": 1 }, "geometry": { "type": "MultiPoint", "coordinates": [ [ 133.595000000749451, 33.757499999725269 ] ] } },
{ "type": "Feature", "properties": { "P12_001": 10150, "P12_002": "本山さくら市", "P12_003": "39", "P12_004": "39341", "P12_005": "‐", "P12_006": "本山町本山582-2", "P12_007": 5 }, "geometry": { "type": "MultiPoint", "coordinates": [ [ 133.589999999500492, 33.759444444605492 ] ] } },
{ "type": "Feature", "properties": { "P12_001": 10151, "P12_002": "ゆとりすとパークおおとよ", "P12_003": "39", "P12_004": "39344", "P12_005": "‐", "P12_006": "大豊町中村大王4037-25", "P12_007": 2 }, "geometry": { "type": "MultiPoint", "coordinates": [ [ 133.68422499918438, 33.748551000728128 ] ] } },
{ "type": "Feature", "properties": { "P12_001": 10152, "P12_002": "道の駅大杉", "P12_003": "39", "P12_004": "39344", "P12_005": "‐", "P12_006": "大豊町杉743-1", "P12_007": 6 }, "geometry": { "type": "MultiPoint", "coordinates": [ [ 133.663819000646413, 33.750949999842646 ] ] } },
{ "type": "Feature", "properties": { "P12_001": 10153, "P12_002": "杉の大杉", "P12_003": "39", "P12_004": "39344", "P12_005": "‐", "P12_006": "大豊町杉", "P12_007": 2 }, "geometry": { "type": "MultiPoint", "coordinates": [ [ 133.662488000420922, 33.755095000334052 ] ] } },
{ "type": "Feature", "properties": { "P12_001": 10154, "P12_002": "早明浦ダム", "P12_003": "39", "P12_004": "39363", "P12_005": "‐", "P12_006": "土佐町田井6591-5", "P12_007": 1 }, "geometry": { "type": "MultiPoint", "coordinates": [ [ 133.548684633888797, 33.755174811568338 ] ] } },
{ "type": "Feature", "properties": { "P12_001": 10155, "P12_002": "道の駅土佐さめうら", "P12_003": "39", "P12_004": "39363", "P12_005": "‐", "P12_006": "土佐町田井448-2", "P12_007": 6 }, "geometry": { "type": "MultiPoint", "coordinates": [ [ 133.54423500064479, 33.742643999920688 ] ] } },
{ "type": "Feature", "properties": { "P12_001": 10156, "P12_002": "いの町紙の博物館", "P12_003": "39", "P12_004": "39386", "P12_005": "‐", "P12_006": "いの町幸町110-1", "P12_007": 2 }, "geometry": { "type": "MultiPoint", "coordinates": [ [ 133.42334399972583, 33.547808000139128 ] ] } },
{ "type": "Feature", "properties": { "P12_001": 10157, "P12_002": "土佐和紙工芸村", "P12_003": "39", "P12_004": "39386", "P12_005": "‐", "P12_006": "いの町鹿敷1226", "P12_007": 2 }, "geometry": { "type": "MultiPoint", "coordinates": [ [ 133.367189001071552, 33.573534000293932 ] ] } },
{ "type": "Feature", "properties": { "P12_001": 10158, "P12_002": "仁淀川紙のこいのぼり", "P12_003": "39", "P12_004": "39386", "P12_005": "‐", "P12_006": "いの町波川", "P12_007": 1 }, "geometry": { "type": "MultiPoint", "coordinates": [ [ 133.415067999388725, 33.549290000133453 ] ] } },
{ "type": "Feature", "properties": { "P12_001": 10159, "P12_002": "いの大国様春大祭", "P12_003": "39", "P12_004": "39386", "P12_005": "‐", "P12_006": "いの町大国町", "P12_007": 1 }, "geometry": { "type": "MultiPoint", "coordinates": [ [ 133.421009000864728, 33.55070599978211 ] ] } },
{ "type": "Feature", "properties": { "P12_001": 10160, "P12_002": "道の駅　６３３美の里", "P12_003": "39", "P12_004": "39386", "P12_005": "‐", "P12_006": "いの町上八川甲1160-2", "P12_007": 6 }, "geometry": { "type": "MultiPoint", "coordinates": [ [ 133.328319999168684, 33.643673999955183 ] ] } },
{ "type": "Feature", "properties": { "P12_001": 10161, "P12_002": "６３３美温泉", "P12_003": "39", "P12_004": "39386", "P12_005": "‐", "P12_006": "いの町小川東津賀才53-1", "P12_007": 3 }, "geometry": { "type": "MultiPoint", "coordinates": [ [ 133.299567000616662, 33.62675600038915 ] ] } },
{ "type": "Feature", "properties": { "P12_001": 10162, "P12_002": "木の香温泉", "P12_003": "39", "P12_004": "39386", "P12_005": "‐", "P12_006": "いの町桑瀬225-16", "P12_007": 3 }, "geometry": { "type": "MultiPoint", "coordinates": [ [ 133.307668000078252, 33.7798250004235 ] ] } },
{ "type": "Feature", "properties": { "P12_001": 10163, "P12_002": "中津渓谷　ゆの森", "P12_003": "39", "P12_004": "39387", "P12_005": "‐", "P12_006": "仁淀川町名野川258-1", "P12_007": 3 }, "geometry": { "type": "MultiPoint", "coordinates": [ [ 133.130247999445714, 33.561351999695091 ] ] } },
{ "type": "Feature", "properties": { "P12_001": 10164, "P12_002": "秋葉まつり", "P12_003": "39", "P12_004": "39387", "P12_005": "‐", "P12_006": "仁淀川町別枝", "P12_007": 1 }, "geometry": { "type": "MultiPoint", "coordinates": [ [ 133.053008000618775, 33.53106399960393 ] ] } },
{ "type": "Feature", "properties": { "P12_001": 10165, "P12_002": "ひょうたん桜", "P12_003": "39", "P12_004": "39387", "P12_005": "‐", "P12_006": "仁淀川町桜", "P12_007": 1 }, "geometry": { "type": "MultiPoint", "coordinates": [ [ 133.163927196383042, 33.592344718434049 ] ] } },
{ "type": "Feature", "properties": { "P12_001": 10166, "P12_002": "黒潮本陣", "P12_003": "39", "P12_004": "39401", "P12_005": "‐", "P12_006": "中土佐町久礼8009-11", "P12_007": 3 }, "geometry": { "type": "MultiPoint", "coordinates": [ [ 133.237106360470193, 33.321666397586228 ] ] } },
{ "type": "Feature", "properties": { "P12_001": 10167, "P12_002": "かつお祭", "P12_003": "39", "P12_004": "39401", "P12_005": "‐", "P12_006": "中土佐町久礼", "P12_007": 1 }, "geometry": { "type": "MultiPoint", "coordinates": [ [ 133.232249999837677, 33.329156000149339 ] ] } },
{ "type": "Feature", "properties": { "P12_001": 10168, "P12_002": "久礼八幡宮大祭", "P12_003": "39", "P12_004": "39401", "P12_005": "‐", "P12_006": "中土佐町久礼6515", "P12_007": 1 }, "geometry": { "type": "MultiPoint", "coordinates": [ [ 133.230051000053663, 33.327698999509266 ] ] } },
{ "type": "Feature", "properties": { "P12_001": 10169, "P12_002": "久礼大正市場・市場のめし屋「浜ちゃん」", "P12_003": "39", "P12_004": "39401", "P12_005": "‐", "P12_006": "中土佐町久礼6370-2", "P12_007": 5 }, "geometry": { "type": "MultiPoint", "coordinates": [ [ 133.230768686026067, 33.328890534670506 ] ] } },
{ "type": "Feature", "properties": { "P12_001": 10170, "P12_002": "佐川地質館", "P12_003": "39", "P12_004": "39402", "P12_005": "‐", "P12_006": "佐川町甲360", "P12_007": 2 }, "geometry": { "type": "MultiPoint", "coordinates": [ [ 133.302335535656539, 33.499649738944356 ] ] } },
{ "type": "Feature", "properties": { "P12_001": 10171, "P12_002": "横倉山自然の森博物館", "P12_003": "39", "P12_004": "39403", "P12_005": "‐", "P12_006": "越知町越知丙737-12", "P12_007": 2 }, "geometry": { "type": "MultiPoint", "coordinates": [ [ 133.241949000146292, 33.535384000071588 ] ] } },
{ "type": "Feature", "properties": { "P12_001": 10172, "P12_002": "によどかあにばる", "P12_003": "39", "P12_004": "39403", "P12_005": "‐", "P12_006": "越知町越知内734-1", "P12_007": 1 }, "geometry": { "type": "MultiPoint", "coordinates": [ [ 133.243787000369821, 33.53735300004098 ] ] } },
{ "type": "Feature", "properties": { "P12_001": 10173, "P12_002": "コスモスまつり", "P12_003": "39", "P12_004": "39403", "P12_005": "‐", "P12_006": "越知町越知丙734-1", "P12_007": 1 }, "geometry": { "type": "MultiPoint", "coordinates": [ [ 133.24510800013411, 33.535197000441258 ] ] } },
{ "type": "Feature", "properties": { "P12_001": 10174, "P12_002": "観光物産館　おち駅", "P12_003": "39", "P12_004": "39403", "P12_005": "‐", "P12_006": "越知町越知甲1736-7", "P12_007": 5 }, "geometry": { "type": "MultiPoint", "coordinates": [ [ 133.251192392215216, 33.530525953210201 ] ] } },
{ "type": "Feature", "properties": { "P12_001": 10175, "P12_002": "雲の上の温泉", "P12_003": "39", "P12_004": "39405", "P12_005": "‐", "P12_006": "梼原町太郎川3799-3", "P12_007": 3 }, "geometry": { "type": "MultiPoint", "coordinates": [ [ 132.944503989067925, 33.388012416539823 ] ] } },
{ "type": "Feature", "properties": { "P12_001": 10176, "P12_002": "雲の上の市場", "P12_003": "39", "P12_004": "39405", "P12_005": "‐", "P12_006": "梼原町太郎川3799-3", "P12_007": 5 }, "geometry": { "type": "MultiPoint", "coordinates": [ [ 132.944528905684479, 33.388051201601741 ] ] } },
{ "type": "Feature", "properties": { "P12_001": 10177, "P12_002": "太郎川公園", "P12_003": "39", "P12_004": "39405", "P12_005": "‐", "P12_006": "梼原町太郎川3799", "P12_007": 1 }, "geometry": { "type": "MultiPoint", "coordinates": [ [ 132.945647000408826, 33.388064999899882 ] ] } },
{ "type": "Feature", "properties": { "P12_001": 10178, "P12_002": "梼原千百年物語り資料館", "P12_003": "39", "P12_004": "39405", "P12_005": "‐", "P12_006": "梼原町梼原1428-1", "P12_007": 2 }, "geometry": { "type": "MultiPoint", "coordinates": [ [ 132.92736600094031, 33.391450999564029 ] ] } },
{ "type": "Feature", "properties": { "P12_001": 10179, "P12_002": "雲の上のレストラン", "P12_003": "39", "P12_004": "39405", "P12_005": "‐", "P12_006": "梼原町太郎川3799-3", "P12_007": 4 }, "geometry": { "type": "MultiPoint", "coordinates": [ [ 132.944518025686421, 33.388006274170266 ] ] } },
{ "type": "Feature", "properties": { "P12_001": 10180, "P12_002": "錦山カントリークラブ", "P12_003": "39", "P12_004": "39410", "P12_005": "‐", "P12_006": "日高村下分2311-1", "P12_007": 4 }, "geometry": { "type": "MultiPoint", "coordinates": [ [ 133.363911999239463, 33.547565000624331 ] ] } },
{ "type": "Feature", "properties": { "P12_001": 10181, "P12_002": "グリーフィールゴルフクラブ", "P12_003": "39", "P12_004": "39410", "P12_005": "‐", "P12_006": "日高村大花1000", "P12_007": 4 }, "geometry": { "type": "MultiPoint", "coordinates": [ [ 133.333059000072808, 33.542137000322384 ] ] } },
{ "type": "Feature", "properties": { "P12_001": 10182, "P12_002": "四国カルスト天狗高原", "P12_003": "39", "P12_004": "39411", "P12_005": "‐", "P12_006": "津野町芳生野乙", "P12_007": 1 }, "geometry": { "type": "MultiPoint", "coordinates": [ [ 133.015413763434481, 33.480633674104809 ] ] } },
{ "type": "Feature", "properties": { "P12_001": 10183, "P12_002": "高原ふれあいの家　天狗荘", "P12_003": "39", "P12_004": "39411", "P12_005": "‐", "P12_006": "津野町芳生野乙4921-22", "P12_007": 1 }, "geometry": { "type": "MultiPoint", "coordinates": [ [ 133.003945222893776, 33.477132007236378 ] ] } },
{ "type": "Feature", "properties": { "P12_001": 10184, "P12_002": "海洋堂ホビー館四万十", "P12_003": "39", "P12_004": "39412", "P12_005": "‐", "P12_006": "四万十町打井川1458-1", "P12_007": 2 }, "geometry": { "type": "MultiPoint", "coordinates": [ [ 133.044998000857163, 33.152782999236081 ] ] } },
{ "type": "Feature", "properties": { "P12_001": 10185, "P12_002": "海洋堂カッパ館", "P12_003": "39", "P12_004": "39412", "P12_005": "‐", "P12_006": "四万十町打井川685-1", "P12_007": 2 }, "geometry": { "type": "MultiPoint", "coordinates": [ [ 133.03855999984421, 33.162674000304946 ] ] } },
{ "type": "Feature", "properties": { "P12_001": 10186, "P12_002": "高南カントリークラブ", "P12_003": "39", "P12_004": "39412", "P12_005": "‐", "P12_006": "四万十町八千数310", "P12_007": 4 }, "geometry": { "type": "MultiPoint", "coordinates": [ [ 133.173841999808474, 33.207678999186498 ] ] } },
{ "type": "Feature", "properties": { "P12_001": 10187, "P12_002": "岩本寺", "P12_003": "39", "P12_004": "39412", "P12_005": "‐", "P12_006": "四万十町茂串町3-13", "P12_007": 2 }, "geometry": { "type": "MultiPoint", "coordinates": [ [ 133.134624857751078, 33.207991597234468 ] ] } },
{ "type": "Feature", "properties": { "P12_001": 10188, "P12_002": "ホテル松葉川温泉", "P12_003": "39", "P12_004": "39412", "P12_005": "‐", "P12_006": "四万十町日野地605-1", "P12_007": 3 }, "geometry": { "type": "MultiPoint", "coordinates": [ [ 133.071553000570589, 33.312901999727558 ] ] } },
{ "type": "Feature", "properties": { "P12_001": 10189, "P12_002": "興津海水浴場", "P12_003": "39", "P12_004": "39412", "P12_005": "‐", "P12_006": "四万十町興津", "P12_007": 4 }, "geometry": { "type": "MultiPoint", "coordinates": [ [ 133.195653999332649, 33.16779499993936 ] ] } },
{ "type": "Feature", "properties": { "P12_001": 10190, "P12_002": "道の駅あぐり窪川", "P12_003": "39", "P12_004": "39412", "P12_005": "‐", "P12_006": "四万十町平串284-1", "P12_007": 6 }, "geometry": { "type": "MultiPoint", "coordinates": [ [ 133.149370511639859, 33.231147107453125 ] ] } },
{ "type": "Feature", "properties": { "P12_001": 10191, "P12_002": "米こめフェスタ", "P12_003": "39", "P12_004": "39412", "P12_005": "‐", "P12_006": "四万十町神ノ西四万十緑林公園", "P12_007": 1 }, "geometry": { "type": "MultiPoint", "coordinates": [ [ 133.127362000356129, 33.212072000322621 ] ] } },
{ "type": "Feature", "properties": { "P12_001": 10192, "P12_002": "道の駅四万十大正", "P12_003": "39", "P12_004": "39412", "P12_005": "‐", "P12_006": "四万十町大正17-1", "P12_007": 6 }, "geometry": { "type": "MultiPoint", "coordinates": [ [ 132.971309092940373, 33.182805748786336 ] ] } },
{ "type": "Feature", "properties": { "P12_001": 10193, "P12_002": "道の駅四万十とおわ", "P12_003": "39", "P12_004": "39412", "P12_005": "‐", "P12_006": "四万十町十和川口62-9", "P12_007": 6 }, "geometry": { "type": "MultiPoint", "coordinates": [ [ 132.835564000578188, 33.223872000392532 ] ] } },
{ "type": "Feature", "properties": { "P12_001": 10194, "P12_002": "こいのぼりの川渡し", "P12_003": "39", "P12_004": "39412", "P12_005": "‐", "P12_006": "四万十町十川21-2", "P12_007": 1 }, "geometry": { "type": "MultiPoint", "coordinates": [ [ 132.849419000086868, 33.233166000010954 ] ] } },
{ "type": "Feature", "properties": { "P12_001": 10195, "P12_002": "道の駅大月", "P12_003": "39", "P12_004": "39424", "P12_005": "‐", "P12_006": "大月町弘見2610", "P12_007": 6 }, "geometry": { "type": "MultiPoint", "coordinates": [ [ 132.709362001155455, 32.828778999950941 ] ] } },
{ "type": "Feature", "properties": { "P12_001": 10196, "P12_002": "大月産業祭", "P12_003": "39", "P12_004": "39424", "P12_005": "‐", "P12_006": "大月町弘見", "P12_007": 1 }, "geometry": { "type": "MultiPoint", "coordinates": [ [ 132.709883000000559, 32.839694999724486 ] ] } },
{ "type": "Feature", "properties": { "P12_001": 10197, "P12_002": "樫西公園・海水浴場", "P12_003": "39", "P12_004": "39424", "P12_005": "‐", "P12_006": "大月町樫ノ浦", "P12_007": 4 }, "geometry": { "type": "MultiPoint", "coordinates": [ [ 132.721729000393111, 32.786401999952375 ] ] } },
{ "type": "Feature", "properties": { "P12_001": 10198, "P12_002": "ふれあい市", "P12_003": "39", "P12_004": "39428", "P12_005": "‐", "P12_006": "黒潮町入野2906-3", "P12_007": 5 }, "geometry": { "type": "MultiPoint", "coordinates": [ [ 133.01449389637628, 33.030605992972255 ] ] } },
{ "type": "Feature", "properties": { "P12_001": 10199, "P12_002": "幡多青少年の家", "P12_003": "39", "P12_004": "39428", "P12_005": "‐", "P12_006": "黒潮町上川口1166", "P12_007": 4 }, "geometry": { "type": "MultiPoint", "coordinates": [ [ 133.049270000010551, 33.040655000427989 ] ] } },
{ "type": "Feature", "properties": { "P12_001": 10200, "P12_002": "土佐ユートピアカントリークラブ", "P12_003": "39", "P12_004": "39428", "P12_005": "‐", "P12_006": "黒潮町浮鞭3878", "P12_007": 4 }, "geometry": { "type": "MultiPoint", "coordinates": [ [ 133.037748999316932, 33.053877999570091 ] ] } },
{ "type": "Feature", "properties": { "P12_001": 10201, "P12_002": "ふるさと総合センター", "P12_003": "39", "P12_004": "39428", "P12_005": "‐", "P12_006": "黒潮町入野176-2", "P12_007": 4 }, "geometry": { "type": "MultiPoint", "coordinates": [ [ 133.012952999781191, 33.020138999515268 ] ] } },
{ "type": "Feature", "properties": { "P12_001": 10202, "P12_002": "道の駅ビオスおおがた", "P12_003": "39", "P12_004": "39428", "P12_005": "‐", "P12_006": "黒潮町浮鞭953-1", "P12_007": 6 }, "geometry": { "type": "MultiPoint", "coordinates": [ [ 133.02706800048793, 33.035076999503985 ] ] } },
{ "type": "Feature", "properties": { "P12_001": 10203, "P12_002": "西南大規模公園", "P12_003": "39", "P12_004": "39428", "P12_005": "‐", "P12_006": "黒潮町入野388", "P12_007": 4 }, "geometry": { "type": "MultiPoint", "coordinates": [ [ 133.014947999150877, 33.022510999183339 ] ] } },
{ "type": "Feature", "properties": { "P12_001": 10204, "P12_002": "黒潮一番館", "P12_003": "39", "P12_004": "39428", "P12_005": "‐", "P12_006": "黒潮町佐賀374-9", "P12_007": 5 }, "geometry": { "type": "MultiPoint", "coordinates": [ [ 133.111895842019521, 33.07670460883071 ] ] } },
{ "type": "Feature", "properties": { "P12_001": 10205, "P12_002": "Tシャツアート展", "P12_003": "39", "P12_004": "39428", "P12_005": "‐", "P12_006": "黒潮町浮鞭3573-5", "P12_007": 1 }, "geometry": { "type": "MultiPoint", "coordinates": [ [ 133.026953999727425, 33.034773999920219 ] ] } },
{ "type": "Feature", "properties": { "P12_001": 10206, "P12_002": "シーサイドギャラリー夏", "P12_003": "39", "P12_004": "39428", "P12_005": "‐", "P12_006": "黒潮町浮鞭3573-5", "P12_007": 1 }, "geometry": { "type": "MultiPoint", "coordinates": [ [ 133.027046999519484, 33.035031999227442 ] ] } },
{ "type": "Feature", "properties": { "P12_001": 10207, "P12_002": "漂流物展", "P12_003": "39", "P12_004": "39428", "P12_005": "‐", "P12_006": "黒潮町浮鞭3573-5", "P12_007": 1 }, "geometry": { "type": "MultiPoint", "coordinates": [ [ 133.027046999519484, 33.035031999227442 ] ] } },
{ "type": "Feature", "properties": { "P12_001": 10208, "P12_002": "道の駅なぶら土佐佐賀", "P12_003": "39", "P12_004": "39428", "P12_005": "‐", "P12_006": "黒潮町佐賀1350", "P12_007": 6 }, "geometry": { "type": "MultiPoint", "coordinates": [ [ 133.101519999348511, 33.086927000180992 ] ] } },
{ "type": "Feature", "properties": { "P12_001": 10081, "P12_002": "四万十川", "P12_003": "39", "P12_004": "39210", "P12_005": "河川・峡谷", "P12_006": "四万十市", "P12_007": -1 }, "geometry": { "type": "LineString", "coordinates": [ [ 132.989657169565959, 32.935163209847644 ], [ 132.988975790417044, 32.935382690112149 ], [ 132.988568190335229, 32.935528739909479 ], [ 132.987928490570226, 32.93583885989942 ], [ 132.987373410018677, 32.936148560135635 ], [ 132.987079430505446, 32.93633369023059 ], [ 132.984651720569104, 32.937931619831645 ], [ 132.983405670098819, 32.93879801023526 ], [ 132.983353410189892, 32.938842310051278 ], [ 132.983133930232896, 32.939028400228125 ], [ 132.983005320355801, 32.939199129739563 ], [ 132.981792259412856, 32.940396480164466 ], [ 132.980083729501473, 32.942138089985328 ], [ 132.978757550502394, 32.943607660055434 ], [ 132.977939840552722, 32.944542710176812 ], [ 132.977417749528513, 32.945258120127498 ], [ 132.976930140299316, 32.946020200116507 ], [ 132.976327409904911, 32.947017589792672 ], [ 132.976199920269693, 32.947258899830423 ], [ 132.975938300061017, 32.947875999717098 ], [ 132.975573049842438, 32.948843980195846 ], [ 132.975489170516141, 32.949178200239984 ], [ 132.975479049470749, 32.949224280301863 ], [ 132.975365539954623, 32.949741050019391 ], [ 132.975346540263445, 32.949985950208884 ], [ 132.975236280420546, 32.950801449824667 ], [ 132.975050009319517, 32.952151569975328 ], [ 132.974886999548602, 32.95317346011592 ], [ 132.974578350002758, 32.954820219778348 ], [ 132.974541090507586, 32.955259420166627 ], [ 132.974542960353716, 32.955592560199236 ], [ 132.974508449407381, 32.955999850276847 ], [ 132.974343929322742, 32.95710924972142 ], [ 132.974053420199539, 32.958342620303839 ], [ 132.973632789497344, 32.959828139726241 ], [ 132.973281040484039, 32.960999099827738 ], [ 132.972748280092787, 32.962578769819011 ], [ 132.972149660028293, 32.964221099822225 ], [ 132.971726419592841, 32.965039270129189 ], [ 132.971043190031963, 32.966170890085507 ], [ 132.970392969432623, 32.967063209792691 ], [ 132.969015779865032, 32.968622099717443 ], [ 132.968678549575316, 32.968955310031397 ], [ 132.968189439749494, 32.969404260183424 ], [ 132.967999440061476, 32.969565139989754 ], [ 132.967446980348427, 32.970032919739722 ], [ 132.967038000439572, 32.970354799926803 ], [ 132.96635666987612, 32.970825149781817 ], [ 132.96564233035113, 32.971261090147244 ], [ 132.965153739695666, 32.971539459732703 ], [ 132.96404617999687, 32.972020129984415 ], [ 132.963015869791349, 32.972396389880146 ], [ 132.96296113063579, 32.972411720240757 ], [ 132.962301789851523, 32.972589679703972 ], [ 132.961492350535309, 32.972774310092106 ], [ 132.96047004998988, 32.972920179994979 ], [ 132.959210380321082, 32.973033220126624 ], [ 132.958790660249235, 32.973041129679686 ], [ 132.95833306989357, 32.973028039940004 ], [ 132.957626620647289, 32.972982119784312 ], [ 132.95707329056043, 32.972933200098097 ], [ 132.956484959508202, 32.972860780005888 ], [ 132.955904379919076, 32.972817449943506 ], [ 132.954915819893387, 32.97280452011001 ], [ 132.952799849538138, 32.972836730244772 ], [ 132.952296380626649, 32.972832390210399 ], [ 132.951640179851267, 32.972850629831903 ], [ 132.949111730045843, 32.972944670142887 ], [ 132.947977939751269, 32.973016729801401 ], [ 132.946442050637131, 32.973250190250909 ], [ 132.945209759569138, 32.973503569981638 ], [ 132.944863279995985, 32.973587309884195 ], [ 132.942948410412299, 32.974148320097704 ], [ 132.941965730615436, 32.974475029709453 ], [ 132.941069290010063, 32.97481924002139 ], [ 132.939026410232657, 32.975754560306839 ], [ 132.938742050640514, 32.975914790171906 ], [ 132.938490690292838, 32.976067189792225 ], [ 132.936937650511311, 32.976860189705214 ], [ 132.936468680052741, 32.977123660289891 ], [ 132.936049949736116, 32.977369969975022 ], [ 132.935576470546835, 32.977681110011673 ], [ 132.934920010186289, 32.978144480090712 ], [ 132.934113799720933, 32.978765250082226 ], [ 132.933095470689807, 32.979656830223306 ], [ 132.931753649948945, 32.981073769881036 ], [ 132.931580899487358, 32.981287499970747 ], [ 132.930179940524567, 32.983192150265765 ], [ 132.92998918984415, 32.983468960121151 ], [ 132.929791069443525, 32.983809430046904 ], [ 132.929525190372203, 32.984415789783149 ], [ 132.929154920581567, 32.98546727997693 ], [ 132.928462540296351, 32.986960810183319 ], [ 132.927865530492795, 32.988121540157735 ], [ 132.927398919899417, 32.988819219865491 ], [ 132.927272669887543, 32.988966209756434 ], [ 132.926920800104654, 32.989453489678674 ], [ 132.925909810254325, 32.991005430132255 ], [ 132.924931709984094, 32.992338059899261 ], [ 132.92441983995252, 32.993001989730445 ], [ 132.923876979338218, 32.993673259771299 ], [ 132.922993759530584, 32.99467907998519 ], [ 132.921787550525664, 32.996197679999398 ], [ 132.920013620420633, 32.998364780187607 ], [ 132.919441400306937, 32.998995800294473 ], [ 132.918609950389197, 32.999800199970906 ], [ 132.917877120626287, 33.000419960232243 ], [ 132.917351660547439, 33.000818919713495 ], [ 132.916833399445636, 33.001163500130872 ], [ 132.91662733046374, 33.001300519742287 ], [ 132.915995010136015, 33.001684219789055 ], [ 132.914645740550043, 33.002423199782314 ], [ 132.913547960410284, 33.00295586984862 ], [ 132.913170999707717, 33.003114349772623 ], [ 132.912277710216472, 33.003364809925927 ], [ 132.912070849985668, 33.003415800010352 ], [ 132.911736259968677, 33.00349835996002 ], [ 132.910553499694885, 33.003777639979077 ], [ 132.909376490551438, 33.004024500308887 ], [ 132.908776919600058, 33.004135649936778 ], [ 132.907799020612458, 33.004290609990385 ], [ 132.905879829699131, 33.004560890128325 ], [ 132.90582712974475, 33.004565079928255 ], [ 132.904099140662538, 33.004702430313351 ], [ 132.902665160244823, 33.004842299865629 ], [ 132.899984560212857, 33.005010330315429 ], [ 132.899292249335446, 33.005073640268634 ], [ 132.897552930123993, 33.005182099861841 ], [ 132.89686237942837, 33.005153590136715 ], [ 132.896683089363876, 33.005159500217694 ], [ 132.896050470582622, 33.005180320260763 ], [ 132.895606639629221, 33.005213810289781 ], [ 132.894803480330751, 33.005311620002189 ], [ 132.893494739347346, 33.005542069959866 ], [ 132.892604830015955, 33.005744449934426 ], [ 132.892064259859069, 33.005887930271498 ], [ 132.890706269877086, 33.006196449910036 ], [ 132.890205889612702, 33.006408869800694 ], [ 132.889836970497839, 33.006565490170523 ], [ 132.889490249385574, 33.006817119960189 ], [ 132.889191769470585, 33.007064510301625 ], [ 132.888689419412856, 33.007525789994176 ], [ 132.888159579701835, 33.008027569796525 ], [ 132.887845209565143, 33.008489770239194 ], [ 132.887423100476809, 33.008962719859262 ], [ 132.887014620304086, 33.00942891989088 ], [ 132.886768880600044, 33.00976245968895 ], [ 132.886373020153513, 33.010296570200481 ], [ 132.88621664021565, 33.010567299752175 ], [ 132.886120389643082, 33.010759029845921 ], [ 132.886009380195929, 33.011052580202332 ], [ 132.885925249613393, 33.011346140230486 ], [ 132.885847369897306, 33.011571949684921 ], [ 132.885720610432173, 33.01205764988881 ], [ 132.885697590641229, 33.01240361014181 ], [ 132.885618460196611, 33.01273115023406 ], [ 132.885525680014041, 33.013296089755173 ], [ 132.8854644095845, 33.013929100307159 ], [ 132.885384769686624, 33.014290559853912 ], [ 132.885274730560496, 33.015176629679473 ], [ 132.885228710412804, 33.015646909897917 ], [ 132.885010940663989, 33.016335660005907 ], [ 132.884870810480237, 33.016821269940181 ], [ 132.884767169365119, 33.017175810320559 ], [ 132.884343559680161, 33.017768659918609 ], [ 132.883976199464485, 33.018162699705563 ], [ 132.883554849697504, 33.018579070262163 ], [ 132.883106119941573, 33.019033769944201 ], [ 132.882798759992653, 33.019348899898056 ], [ 132.882432789321143, 33.019625279683176 ], [ 132.882013199735951, 33.01989467002057 ], [ 132.88160710025079, 33.020152810184186 ], [ 132.881309250558644, 33.02034360985607 ], [ 132.881052019699212, 33.020512009766527 ], [ 132.880735789433487, 33.020673320287898 ], [ 132.880199959829326, 33.020998690040578 ], [ 132.879888099478677, 33.021241410218749 ], [ 132.879468880531135, 33.021476879812084 ], [ 132.879130789584707, 33.021667440269468 ], [ 132.878801189988536, 33.021824170252415 ], [ 132.878509090038563, 33.021985560082094 ], [ 132.878179990178552, 33.022097050155409 ], [ 132.877848770604317, 33.022170120188882 ], [ 132.877525049848799, 33.022281610262198 ], [ 132.877147840666311, 33.02237476012786 ], [ 132.876731760339482, 33.022345599816681 ], [ 132.876436920169567, 33.02229210990857 ], [ 132.875994470431351, 33.022228859920183 ], [ 132.87564089044028, 33.022141210053512 ], [ 132.875293310059448, 33.022003810020131 ], [ 132.874817630642923, 33.021809249973792 ], [ 132.874238210164066, 33.021512369957968 ], [ 132.87398448995117, 33.021393549991515 ], [ 132.873477810234846, 33.021085760247331 ], [ 132.873123740224713, 33.020828369966345 ], [ 132.872844409921782, 33.020607649784132 ], [ 132.872468600000502, 33.019895730043828 ], [ 132.872467729626692, 33.019893479751154 ], [ 132.872254379766588, 33.019321109750756 ], [ 132.872053530251264, 33.019016959806606 ], [ 132.871973540538079, 33.018764309970237 ], [ 132.871947050357136, 33.018531910188763 ], [ 132.871974549727497, 33.018256440192452 ], [ 132.871988429899346, 33.018008049792584 ], [ 132.872015930657852, 33.017673909701536 ], [ 132.872070310281003, 33.017346450207157 ], [ 132.872151560439818, 33.01703698015848 ], [ 132.872466169339361, 33.016222730132156 ], [ 132.872467800422669, 33.016220730015291 ], [ 132.872844400204684, 33.015744860173015 ], [ 132.873149869485104, 33.015366400277685 ], [ 132.873680339418939, 33.014821710166693 ], [ 132.874217050502153, 33.014417170088578 ], [ 132.874807380499021, 33.013802649978679 ], [ 132.875020119570507, 33.013539009816071 ], [ 132.875204609667378, 33.013166799802363 ], [ 132.875343609892099, 33.012776170272687 ], [ 132.875315119378371, 33.012470699812958 ], [ 132.875198269958901, 33.012142149990524 ], [ 132.875031290061827, 33.011955830270928 ], [ 132.874817680616559, 33.011853000278087 ], [ 132.874371220495675, 33.011674430205375 ], [ 132.873961510416734, 33.011577429695635 ], [ 132.873648160574703, 33.011496680296631 ], [ 132.873273949809175, 33.011375610037504 ], [ 132.872467890652786, 33.011114779839211 ], [ 132.872466889792321, 33.011114449710313 ], [ 132.871572710493069, 33.011015919775303 ], [ 132.870705150473299, 33.011002470246702 ], [ 132.869805210326632, 33.011095259678669 ], [ 132.869034389510347, 33.011079319998125 ], [ 132.86838982009408, 33.011081040279173 ], [ 132.867463389766499, 33.010954929751335 ], [ 132.866832429831646, 33.010870830059858 ], [ 132.866193479670869, 33.010709990230076 ], [ 132.865490159328232, 33.010497480069802 ], [ 132.865066190110866, 33.010351890002752 ], [ 132.864502600163036, 33.010109639871388 ], [ 132.864081509981219, 33.009828569934726 ], [ 132.863523300526026, 33.009588570096035 ], [ 132.86324170058802, 33.00944706988755 ], [ 132.8629813394368, 33.009334900212956 ], [ 132.862645740230391, 33.009268060072827 ], [ 132.86227500957196, 33.009287130174833 ], [ 132.862086900552384, 33.009332780166453 ], [ 132.861464549961056, 33.009426169891391 ], [ 132.861168089813077, 33.009470650246641 ], [ 132.86095322963925, 33.00950513968931 ], [ 132.860770370625687, 33.009562039854714 ], [ 132.860576879725301, 33.00964602993308 ], [ 132.860152040134125, 33.009879659960511 ], [ 132.859627579527626, 33.010190349938632 ], [ 132.859492970040293, 33.010337410110921 ], [ 132.859272619709486, 33.010423800071607 ], [ 132.858748289589641, 33.010662160227135 ], [ 132.858551929370805, 33.010813889917912 ], [ 132.858035479812571, 33.011205810303153 ], [ 132.857448660462211, 33.011764890036353 ], [ 132.8569912005932, 33.01216790004441 ], [ 132.856568240565252, 33.012767149758517 ], [ 132.856136769752851, 33.013585459983396 ], [ 132.855637430605469, 33.014670239678679 ], [ 132.855460679478313, 33.015682049926639 ], [ 132.855316440352823, 33.016540200003519 ], [ 132.855221190640719, 33.017127309743294 ], [ 132.855098820524859, 33.017782320291246 ], [ 132.854909580158136, 33.01835841971652 ], [ 132.854693970380083, 33.018674970127321 ], [ 132.854432619473641, 33.019025590227059 ], [ 132.854338380339101, 33.0191499901456 ], [ 132.854337999984381, 33.019323799785425 ], [ 132.854436989388716, 33.019488289731775 ], [ 132.854538849499704, 33.019600870133139 ], [ 132.854705210279207, 33.019702030138014 ], [ 132.85482594931176, 33.019751370222735 ], [ 132.855088799426682, 33.019949359869848 ], [ 132.855455890340096, 33.020370510202831 ], [ 132.855844590677975, 33.020681000298211 ], [ 132.856286790548097, 33.021142639779676 ], [ 132.856634990046501, 33.021642859851944 ], [ 132.857044690408344, 33.02219031995071 ], [ 132.857264030161588, 33.022629880127901 ], [ 132.857357390593364, 33.022905019995314 ], [ 132.857297380609481, 33.023367970320614 ], [ 132.857261620322788, 33.023724679751005 ], [ 132.85716110949943, 33.024232880302463 ], [ 132.857106599389624, 33.024628089725788 ], [ 132.85702522984937, 33.024948800276505 ], [ 132.856963230637945, 33.025061870068171 ], [ 132.856809860222285, 33.025181849999242 ], [ 132.856137670666101, 33.025465789865038 ], [ 132.855148000115605, 33.0259469398353 ], [ 132.854214690086877, 33.026491090262923 ], [ 132.853340640437807, 33.026922250207193 ], [ 132.852264969458645, 33.027439729830803 ], [ 132.851866750535095, 33.027716099944179 ], [ 132.851099809614794, 33.028345660262332 ], [ 132.850596210216651, 33.028881919835605 ], [ 132.850183850147914, 33.029487919782937 ], [ 132.849290149762481, 33.030246459913279 ], [ 132.848245200063786, 33.031400290064816 ], [ 132.847491870013073, 33.031921450109792 ], [ 132.847155139459517, 33.032276650103178 ], [ 132.846576039644702, 33.032944059828218 ], [ 132.846125930061703, 33.03355464031398 ], [ 132.845390200440903, 33.034561000211241 ], [ 132.845012449877572, 33.035245920308206 ], [ 132.844688450102694, 33.035957829731991 ], [ 132.844432329768068, 33.036308369878633 ], [ 132.84406294978541, 33.036907450014816 ], [ 132.843717830605158, 33.037416210237915 ], [ 132.84328095986595, 33.038083200209222 ], [ 132.84268796044509, 33.038919909961784 ], [ 132.842216339996696, 33.039535069696413 ], [ 132.841906599360271, 33.039824770053528 ], [ 132.841259989354683, 33.040564490257665 ], [ 132.840506130416543, 33.041261630282051 ], [ 132.839698280538954, 33.041967939765478 ], [ 132.839348280602195, 33.042307379972776 ], [ 132.838358200545684, 33.042829030052836 ], [ 132.837289989516876, 33.043459170030907 ], [ 132.836608869953153, 33.044007080188202 ], [ 132.836131870400266, 33.044579419883803 ], [ 132.835584609331448, 33.045325640145364 ], [ 132.834937099800783, 33.046381289834272 ], [ 132.83467508952026, 33.0469417797079 ], [ 132.834424220579763, 33.047359960170382 ], [ 132.834149350422052, 33.047687909699839 ], [ 132.833812350566262, 33.048128919993999 ], [ 132.8335429899997, 33.048400449721399 ], [ 132.833171250151821, 33.048751229727323 ], [ 132.832713899947123, 33.049016419948259 ], [ 132.832453040447916, 33.04910732016603 ], [ 132.83202844933669, 33.049115140094258 ], [ 132.831203899942381, 33.048952389772445 ], [ 132.830344599450797, 33.048728730024536 ], [ 132.829579550587141, 33.048437170113246 ], [ 132.829015989790577, 33.04818568991324 ], [ 132.828532910114433, 33.047938540075855 ], [ 132.82799660020828, 33.047526750057692 ], [ 132.827621019332781, 33.047268110187247 ], [ 132.827164819909399, 33.047066039708525 ], [ 132.826574120663025, 33.046882390035336 ], [ 132.826176530574145, 33.046838130195866 ], [ 132.82584868005452, 33.046854699829403 ], [ 132.825391589435014, 33.046979999865009 ], [ 132.824719380444634, 33.047168959970989 ], [ 132.8239985499022, 33.047457310152502 ], [ 132.823307089964402, 33.047786250068654 ], [ 132.822773989474939, 33.048205090144144 ], [ 132.822068399497255, 33.048838740320861 ], [ 132.821481299739389, 33.049366070294369 ], [ 132.820883200233368, 33.049947560105522 ], [ 132.820161620086708, 33.050486460065173 ], [ 132.819555780222856, 33.050984549774412 ], [ 132.819079180458914, 33.051373900054614 ], [ 132.818634449980408, 33.051878229973724 ], [ 132.818046719999728, 33.052617700002052 ], [ 132.817723110296697, 33.053076710058441 ], [ 132.817506860578703, 33.05355571999393 ], [ 132.817414320547101, 33.053888629839008 ], [ 132.817338599413631, 33.054161050011722 ], [ 132.817324340275178, 33.054492919821826 ], [ 132.81736383053709, 33.054804299717752 ], [ 132.817430309327904, 33.055034349909967 ], [ 132.817475679818614, 33.055192250174059 ], [ 132.817590149938695, 33.055593779760343 ], [ 132.817835979872882, 33.056089799716148 ], [ 132.81843915031277, 33.056657239705736 ], [ 132.818640380182842, 33.056780900058172 ], [ 132.819123319655233, 33.057046130255657 ], [ 132.819633390636653, 33.057230030104655 ], [ 132.82028569069368, 33.057499430113801 ], [ 132.820715259732339, 33.057667670118072 ], [ 132.821217200284082, 33.057880990125796 ], [ 132.821721639516596, 33.058139390136958 ], [ 132.822223460686899, 33.058415780238604 ], [ 132.82271989997642, 33.058678760143422 ], [ 132.823243090420192, 33.059045470158139 ], [ 132.823908129584822, 33.059585570058957 ], [ 132.824403940039645, 33.060081000038323 ], [ 132.824886379775904, 33.060580940274768 ], [ 132.825173089516142, 33.060936890150785 ], [ 132.825333179994999, 33.061369919965756 ], [ 132.825380149641404, 33.061888930304207 ], [ 132.825392769367596, 33.062227469749658 ], [ 132.82539701018419, 33.062678919725371 ], [ 132.825369380327174, 33.06298370993904 ], [ 132.825287759530681, 33.063345090177485 ], [ 132.824931909904535, 33.063792859731834 ], [ 132.82418308025558, 33.064487599873893 ], [ 132.82353162975005, 33.064884209765893 ], [ 132.82258982975921, 33.065367210263361 ], [ 132.821801400184057, 33.065752809840852 ], [ 132.820940350615899, 33.066154389720211 ], [ 132.820060430455101, 33.066573979678331 ], [ 132.819293629738553, 33.066932410034546 ], [ 132.81830309020242, 33.067503549788988 ], [ 132.818248539836077, 33.067545659921933 ], [ 132.817414409389102, 33.06818952023746 ], [ 132.816654470327677, 33.068940729829876 ], [ 132.816355369906972, 33.069382669901124 ], [ 132.816141879843116, 33.069698039714254 ], [ 132.81525180948563, 33.070907690019666 ], [ 132.814644339926616, 33.071924890008724 ], [ 132.813995740693485, 33.07323105014401 ], [ 132.813455380148156, 33.074270660211013 ], [ 132.812919890642235, 33.075502079680071 ], [ 132.812629889584116, 33.07640563021755 ], [ 132.811859279767503, 33.078088989697399 ], [ 132.811183050677357, 33.079686440224684 ], [ 132.810417560380102, 33.081421700222556 ], [ 132.809796089879683, 33.082642030068797 ], [ 132.80947058950818, 33.083708140072318 ], [ 132.809078229991087, 33.084652500215434 ], [ 132.8086997395406, 33.085432140224661 ], [ 132.80792702944396, 33.086736280254812 ], [ 132.807925409465923, 33.086739119879148 ], [ 132.807547689442004, 33.086977149905771 ], [ 132.807305080029721, 33.087244019786425 ], [ 132.807151209877901, 33.087497149986135 ], [ 132.806940729336247, 33.087809099870228 ], [ 132.806819360080851, 33.08797191015686 ], [ 132.806598369810132, 33.08822744991064 ], [ 132.806328889862158, 33.08847624007597 ], [ 132.806099780266976, 33.088729530181865 ], [ 132.805983920602756, 33.088872009815724 ], [ 132.805884170488923, 33.088978330018939 ], [ 132.805452699676522, 33.089532239882054 ], [ 132.804993969644755, 33.090187810101646 ], [ 132.804845470268504, 33.090465770249899 ], [ 132.804661860262541, 33.090741560058568 ], [ 132.804602359731916, 33.090883879786247 ], [ 132.804418859390267, 33.091166419828149 ], [ 132.804324239901007, 33.091351729817568 ], [ 132.804135249402378, 33.091674849922356 ], [ 132.803743879640535, 33.092289680172875 ], [ 132.803500640005439, 33.09275969022724 ], [ 132.803143889466043, 33.093437600243433 ], [ 132.802960400229665, 33.093713399723853 ], [ 132.802812029951923, 33.09391237008591 ], [ 132.802663659674153, 33.094115839743736 ], [ 132.802528790601656, 33.094285400263594 ], [ 132.802340049971122, 33.094538620088137 ], [ 132.802226669553505, 33.094703589753038 ], [ 132.802145419394691, 33.094911480043116 ], [ 132.802091170258194, 33.095098959727324 ], [ 132.801969169391839, 33.095442249933924 ], [ 132.801906409470917, 33.095747129772427 ], [ 132.801900019788832, 33.096085749815749 ], [ 132.801890880169736, 33.096465040191589 ], [ 132.801943489893972, 33.096841910052042 ], [ 132.801969470621685, 33.097153369901058 ], [ 132.802022330214015, 33.097451170022225 ], [ 132.802096689566469, 33.097733220029042 ], [ 132.802176419694462, 33.098022020269092 ], [ 132.80252424022629, 33.098522380259269 ], [ 132.802729959392877, 33.098894420050271 ], [ 132.802898430169506, 33.099187559679912 ], [ 132.803072030182562, 33.099521269700695 ], [ 132.803224499684973, 33.099780580145456 ], [ 132.803433220044809, 33.100039719722723 ], [ 132.803612700286692, 33.100235700226001 ], [ 132.803821789896034, 33.100422680203394 ], [ 132.803974399602197, 33.100584910185326 ], [ 132.804135130020967, 33.100760650305453 ], [ 132.804563689870236, 33.101204440259131 ], [ 132.804866779851267, 33.101379839933834 ], [ 132.805220740197086, 33.101661319952484 ], [ 132.805542320416038, 33.101947290239949 ], [ 132.805885529493651, 33.102190439843596 ], [ 132.806220740016357, 33.102420010317267 ], [ 132.80656931986951, 33.102644989935975 ], [ 132.806891280443239, 33.102847480168428 ], [ 132.807151500002504, 33.102959800077457 ], [ 132.807602320321394, 33.103184630106512 ], [ 132.808072019561848, 33.103364200237664 ], [ 132.80836724008654, 33.103476449865354 ], [ 132.80865446066818, 33.103595520007609 ], [ 132.80894429931206, 33.103707759963555 ], [ 132.809258390429392, 33.103813169733179 ], [ 132.809440999574889, 33.103869249734601 ], [ 132.809736350586206, 33.103954419765856 ], [ 132.810421029381928, 33.10413357981502 ], [ 132.810708509548761, 33.104137420142564 ], [ 132.810998729935534, 33.104132339897312 ], [ 132.811401819898492, 33.104154020080898 ], [ 132.811710799825448, 33.104175940123767 ], [ 132.812033139365724, 33.104202360107195 ], [ 132.812275000561925, 33.104186040004684 ], [ 132.812530350469956, 33.104167459937756 ], [ 132.812947069348553, 33.104094320267713 ], [ 132.81328841968525, 33.104048500053388 ], [ 132.81355726941041, 33.104018600176111 ], [ 132.813974110446708, 33.103911619715099 ], [ 132.814256469706038, 33.103809390015229 ], [ 132.814391080581515, 33.103752660072544 ], [ 132.814748809770862, 33.103609689758819 ], [ 132.815130780328445, 33.10345762993915 ], [ 132.81558288052716, 33.103257999964086 ], [ 132.815870860430152, 33.10309944975873 ], [ 132.816113100592929, 33.102940889881637 ], [ 132.816288090150124, 33.102827660183792 ], [ 132.816678439617334, 33.102585279806256 ], [ 132.817028170251803, 33.102415220224358 ], [ 132.817520890671375, 33.10209811014191 ], [ 132.817903000044566, 33.101871559831814 ], [ 132.818320350534123, 33.10157718995621 ], [ 132.818603090148201, 33.101389220236918 ], [ 132.819033809968204, 33.101094849716532 ], [ 132.819230300673695, 33.100965709998164 ], [ 132.819356789448392, 33.100890969976717 ], [ 132.819558530159895, 33.10082282028231 ], [ 132.819908130307709, 33.100743090285235 ], [ 132.820297980038731, 33.10066319006544 ], [ 132.820835809975705, 33.100503980247076 ], [ 132.820997180334388, 33.100458490161643 ], [ 132.82112615946096, 33.100458239985841 ], [ 132.821400139810692, 33.100457579728051 ], [ 132.821690369914535, 33.100479590040536 ], [ 132.821991090313304, 33.100557920213724 ], [ 132.822348179562738, 33.100642920022267 ], [ 132.822716020080406, 33.100748169885705 ], [ 132.822850250601135, 33.100799840216197 ], [ 132.823046240182293, 33.100837750232678 ], [ 132.823274329482814, 33.100961409940332 ], [ 132.823475439971475, 33.10111898974727 ], [ 132.823716780609175, 33.101283230162593 ], [ 132.823971500294391, 33.101485880301233 ], [ 132.824191220402383, 33.101733689751619 ], [ 132.824392069917707, 33.101997329914226 ], [ 132.824520170341543, 33.102301800315523 ], [ 132.824699260511551, 33.102658010039093 ], [ 132.824873110392701, 33.102955650254074 ], [ 132.824921100333768, 33.103090959900968 ], [ 132.825001080329855, 33.103312019883823 ], [ 132.825000319620386, 33.103598649784296 ], [ 132.825058680474939, 33.103876199850561 ], [ 132.825146020474136, 33.104338729777346 ], [ 132.825203999585796, 33.104778839954434 ], [ 132.825237730388437, 33.105223459743833 ], [ 132.825235059576301, 33.10617824989675 ], [ 132.825206660680834, 33.106753930213074 ], [ 132.825178769850481, 33.107092630209493 ], [ 132.825096499397006, 33.107695470075342 ], [ 132.824865860053904, 33.10853802027232 ], [ 132.824514609388615, 33.109220499865636 ], [ 132.824398359652548, 33.10946905017169 ], [ 132.824271490523074, 33.109695020177085 ], [ 132.823920739593916, 33.110203690130568 ], [ 132.823543390207675, 33.110572460226976 ], [ 132.82336013973412, 33.110780600048074 ], [ 132.823171519873142, 33.110979649718438 ], [ 132.822667670606904, 33.111443489844284 ], [ 132.821986470530135, 33.111889650020267 ], [ 132.820649459749802, 33.112407190253478 ], [ 132.819673040536486, 33.112718610125953 ], [ 132.819035470202778, 33.112963719869917 ], [ 132.818215160236917, 33.113207070001081 ], [ 132.817569459473503, 33.113468009812486 ], [ 132.816641280069348, 33.113808589996133 ], [ 132.815947339496802, 33.114013289899923 ], [ 132.814960170403424, 33.114338130285759 ], [ 132.814381710528522, 33.114542500060651 ], [ 132.813561149306423, 33.114853509851137 ], [ 132.812893819684376, 33.115182280189359 ], [ 132.812732210562871, 33.115284170088586 ], [ 132.812524839490635, 33.115460640103073 ], [ 132.812300979901465, 33.115709439940147 ], [ 132.812106990653092, 33.115906239962627 ], [ 132.811918250022558, 33.116093960150899 ], [ 132.811756379927715, 33.116302009702373 ], [ 132.811647999647988, 33.116640799968415 ], [ 132.811504239436317, 33.117081320227491 ], [ 132.81140373971823, 33.117442679832884 ], [ 132.811354729482503, 33.117668489932093 ], [ 132.811354350515927, 33.117799469861147 ], [ 132.811393829672568, 33.118097349935404 ], [ 132.811433070066357, 33.118447140199422 ], [ 132.811486050428272, 33.118717940032461 ], [ 132.811520290684143, 33.118972900126323 ], [ 132.811538529665853, 33.11917604030004 ], [ 132.811578269795802, 33.119345190093128 ], [ 132.811739119595984, 33.119484839774394 ], [ 132.812109329695943, 33.119750400100777 ], [ 132.814796540126764, 33.121776259928055 ], [ 132.815904040134853, 33.122654249977842 ], [ 132.817250759678245, 33.123524910134485 ], [ 132.817661090262931, 33.123862630060742 ], [ 132.818819449530508, 33.124826189907246 ], [ 132.81971658004943, 33.12599805979756 ], [ 132.819728809703776, 33.126431419741422 ], [ 132.819633300406508, 33.126946269939964 ], [ 132.819546289400279, 33.127300879956906 ], [ 132.819357300289823, 33.127617329781565 ], [ 132.819128060207959, 33.127884209978745 ], [ 132.818939440347009, 33.128047100218467 ], [ 132.818702329420631, 33.128239480253477 ], [ 132.818487099997299, 33.128325710307983 ], [ 132.818016509560692, 33.128387690073858 ], [ 132.817559430046401, 33.128463159989657 ], [ 132.817075470279349, 33.128509390285977 ], [ 132.816174799962653, 33.128579019757368 ], [ 132.815080649850842, 33.128630969923677 ], [ 132.813857630276743, 33.128656180294193 ], [ 132.813029710439679, 33.128664730116768 ], [ 132.812612990172966, 33.128710710237286 ], [ 132.812169149502466, 33.128817770006606 ], [ 132.811679570479896, 33.128960980179599 ], [ 132.81106574039012, 33.129305409717759 ], [ 132.810467910186361, 33.129697159880287 ], [ 132.80940388028344, 33.130493909851204 ], [ 132.808776060357474, 33.131048220124562 ], [ 132.808182980423567, 33.131609270314613 ], [ 132.807611400249783, 33.132208570321794 ], [ 132.806883330473823, 33.133027239690804 ], [ 132.806384370293017, 33.133569970306262 ], [ 132.805952780099204, 33.13410803978541 ], [ 132.805453560333234, 33.134741090313945 ], [ 132.805188830655112, 33.135175089882544 ], [ 132.804864589341094, 33.135780659759618 ], [ 132.804648229958786, 33.136198669999388 ], [ 132.804499229458202, 33.136582689858528 ], [ 132.804331230654611, 33.137045780101737 ], [ 132.80420898963726, 33.137479470174497 ], [ 132.804127110643748, 33.137885909783336 ], [ 132.804058730079191, 33.138269780052816 ], [ 132.803928609888374, 33.138642560054699 ], [ 132.803774109513739, 33.13910108007601 ], [ 132.803576119599768, 33.139677080204699 ], [ 132.80331336943209, 33.140336729966336 ], [ 132.802818519581223, 33.141337749770784 ], [ 132.80261565029889, 33.141733190026422 ], [ 132.802439790367885, 33.142099219795078 ], [ 132.802075429957313, 33.142603309854913 ], [ 132.801638460659007, 33.14310081023249 ], [ 132.80129349001146, 33.143399429872844 ], [ 132.800910890619207, 33.143655299755515 ], [ 132.800390799927783, 33.144089730039163 ], [ 132.800027079457124, 33.14433426979496 ], [ 132.799591240117792, 33.144463820240105 ], [ 132.798547330147926, 33.144736760107918 ], [ 132.798030750103038, 33.144861969873901 ], [ 132.797282950465814, 33.145016929927507 ], [ 132.796174330215848, 33.145335159998027 ], [ 132.794996229981763, 33.145574480235439 ], [ 132.793584020014606, 33.145825449767315 ], [ 132.792010339741523, 33.146171649879591 ], [ 132.791297289813457, 33.146349090292489 ], [ 132.790121180195086, 33.146795970046298 ], [ 132.789695220362034, 33.147180559893613 ], [ 132.789231140377041, 33.14771863001755 ], [ 132.788831680442001, 33.148216040125504 ], [ 132.788588189550666, 33.148690470167338 ], [ 132.788506060689087, 33.149153399859578 ], [ 132.788499809822639, 33.149446859946373 ], [ 132.788530539432003, 33.149914049719897 ], [ 132.788663130540499, 33.15052322973699 ], [ 132.788809220077923, 33.151064750094754 ], [ 132.789017560083039, 33.151493200016077 ], [ 132.789298639462544, 33.151894500059612 ], [ 132.789660340166222, 33.152282050105683 ], [ 132.789941920670032, 33.152536620105828 ], [ 132.790578209735742, 33.152799449776197 ], [ 132.791123649543891, 33.152906799697867 ], [ 132.791755189727951, 33.152984579871159 ], [ 132.792239010679396, 33.153055930268373 ], [ 132.792755070165811, 33.153095539932849 ], [ 132.79322538991201, 33.153132979902523 ], [ 132.793655460075001, 33.153184080244841 ], [ 132.794219639989137, 33.153289090249004 ], [ 132.794859189833289, 33.15343003014106 ], [ 132.795302509945316, 33.153524040147239 ], [ 132.795791319929435, 33.153687800199236 ], [ 132.796417239469832, 33.153844650111814 ], [ 132.796946300425333, 33.154051239874576 ], [ 132.797410870429388, 33.154230909947096 ], [ 132.798168149783919, 33.154518419976363 ], [ 132.798619219970846, 33.154725170290092 ], [ 132.798847199607053, 33.154893989954289 ], [ 132.799107290067838, 33.155125980298557 ], [ 132.79928113994896, 33.155452949757851 ], [ 132.799535219694263, 33.155885909936259 ], [ 132.799775939826219, 33.156302960094138 ], [ 132.799869419639407, 33.156505939716887 ], [ 132.800002520201161, 33.156963969703121 ], [ 132.800135369506677, 33.157471589949878 ], [ 132.800187859849501, 33.157889039873218 ], [ 132.800187229626687, 33.158114770019338 ], [ 132.800100350495256, 33.158401650095612 ], [ 132.799970359402948, 33.15867951997425 ], [ 132.799794870109594, 33.158950820158893 ], [ 132.799497770021702, 33.159391580277251 ], [ 132.799222540331584, 33.159712609995552 ], [ 132.79895268974596, 33.16001339997549 ], [ 132.79870195962107, 33.160232860251718 ], [ 132.798036649766033, 33.16061786018102 ], [ 132.796959759985896, 33.161071490168055 ], [ 132.796022860185758, 33.161468299942783 ], [ 132.795600159742975, 33.161679080150265 ], [ 132.794873239360186, 33.161985239883023 ], [ 132.794347800103679, 33.162336090170292 ], [ 132.793606369326199, 33.162974050076592 ], [ 132.79326153055348, 33.163207250033764 ], [ 132.792973189729935, 33.16340420996243 ], [ 132.792371489347261, 33.164071259898549 ], [ 132.79198803068644, 33.164609259741134 ], [ 132.791696299985944, 33.165038689732619 ], [ 132.791439320382779, 33.165506450139098 ], [ 132.791055470261966, 33.166168519771325 ], [ 132.790744490002226, 33.166733439948949 ], [ 132.790614000561902, 33.167178380195494 ], [ 132.790585740482044, 33.167636659712741 ], [ 132.790503110496161, 33.168250840021997 ], [ 132.790528720586195, 33.168657130041176 ], [ 132.790683059934736, 33.169182739733635 ], [ 132.790929889341271, 33.170057830194274 ], [ 132.790935759852971, 33.170078409733286 ], [ 132.790924120164931, 33.170594880271501 ], [ 132.790969210248107, 33.17136757983652 ], [ 132.791034289777713, 33.172289440276849 ], [ 132.791108010578398, 33.172910989811008 ], [ 132.791179229921994, 33.173762850029725 ], [ 132.791195840596686, 33.173961679829084 ], [ 132.791252820235997, 33.17439114979711 ], [ 132.791305789492668, 33.174949279764959 ], [ 132.791394270556083, 33.175453420117869 ], [ 132.791463990691199, 33.175961979813458 ], [ 132.791525590113707, 33.176459199710422 ], [ 132.791601190477621, 33.176922589777732 ], [ 132.791708289489321, 33.177447140091722 ], [ 132.791777379401594, 33.177996359803295 ], [ 132.791865610596972, 33.178532070021447 ], [ 132.791946330480215, 33.179006790215631 ], [ 132.79201568969475, 33.179549250022227 ], [ 132.792089410495436, 33.180166209990993 ], [ 132.792156890146742, 33.180634089682329 ], [ 132.792270860530664, 33.181262550000689 ], [ 132.792372590154969, 33.181793840231379 ], [ 132.792447060559908, 33.182347559883503 ], [ 132.792575159595572, 33.18292418029344 ], [ 132.7926495106191, 33.183493730012998 ], [ 132.792746730124549, 33.183934610060994 ], [ 132.792829840412423, 33.184201599871287 ], [ 132.792955940503475, 33.184473250173099 ], [ 132.793153530628501, 33.18484006012919 ], [ 132.793391620204858, 33.18519813005171 ], [ 132.793589959934138, 33.1854971997506 ], [ 132.793793930024151, 33.185769269806151 ], [ 132.793974150153161, 33.186014099714299 ], [ 132.794146370339149, 33.18624526022284 ], [ 132.794390830163366, 33.186512999915763 ], [ 132.794611549743678, 33.186733159781546 ], [ 132.794857129809799, 33.186903739703332 ], [ 132.795105219661963, 33.187081069858337 ], [ 132.795358930157761, 33.187244900191679 ], [ 132.795698629977011, 33.187404649693406 ], [ 132.796046329739255, 33.187575740283322 ], [ 132.796361660479903, 33.187757899863001 ], [ 132.796615369587556, 33.187917230255785 ], [ 132.796868709445704, 33.188110480103063 ], [ 132.797068169416889, 33.18831472027658 ], [ 132.797307509721776, 33.188553039810778 ], [ 132.79747211031949, 33.188745780279483 ], [ 132.797550710488508, 33.188938099704892 ], [ 132.797569700462589, 33.189170910213136 ], [ 132.797526449686103, 33.189430390235827 ], [ 132.797415069601271, 33.189768680150259 ], [ 132.797268580274903, 33.190133889754939 ], [ 132.797070590360931, 33.190523679777144 ], [ 132.796853239835258, 33.190725910162051 ], [ 132.796410530511878, 33.191119100125015 ], [ 132.796079689904246, 33.191365990114846 ], [ 132.79569947952848, 33.191696189936977 ], [ 132.795237899612431, 33.192089219993761 ], [ 132.794729330615809, 33.192357850132005 ], [ 132.794114280336885, 33.192772709962036 ], [ 132.793518469900135, 33.193138080117677 ], [ 132.792989529714191, 33.193546610112996 ], [ 132.792440210010028, 33.193848899858189 ], [ 132.79197976977008, 33.194135779934463 ], [ 132.791405329994944, 33.19452831995617 ], [ 132.790964509951891, 33.194740790139896 ], [ 132.790511940556456, 33.195048000224162 ], [ 132.79025921009881, 33.1952839701691 ], [ 132.790074839383351, 33.195662499701001 ], [ 132.789935590678681, 33.196090939950572 ], [ 132.789844340244002, 33.196316410249146 ], [ 132.789800960369007, 33.196587210082185 ], [ 132.789798450582964, 33.196813009864869 ], [ 132.789862300206352, 33.197106979975011 ], [ 132.789961650531268, 33.197367200208589 ], [ 132.790123980105733, 33.197767740052967 ], [ 132.79024994971013, 33.198039380038253 ], [ 132.790453149373548, 33.198390430208256 ], [ 132.790606619736451, 33.198612570202634 ], [ 132.790926059418865, 33.198912209889698 ], [ 132.791384349405178, 33.199298440064958 ], [ 132.792011619621348, 33.199726080138831 ], [ 132.792379929335738, 33.199987560278387 ], [ 132.79278585946588, 33.200249209995874 ], [ 132.793194910170712, 33.200470289967001 ], [ 132.793541599355393, 33.200731690153461 ], [ 132.793928279926291, 33.201027169700609 ], [ 132.794306830067484, 33.201329400125765 ], [ 132.794607650413468, 33.201613220061923 ], [ 132.794914090014942, 33.201867619839355 ], [ 132.795246400679787, 33.202226099843863 ], [ 132.795432609313792, 33.20240767009188 ], [ 132.795537330414277, 33.202667899997202 ], [ 132.795668300156564, 33.202977949705797 ], [ 132.795776759561136, 33.203385079877222 ], [ 132.795893339678344, 33.203787619838472 ], [ 132.795969430061319, 33.204199070055999 ], [ 132.795993030101471, 33.204499529907039 ], [ 132.79598502044135, 33.204736670133123 ], [ 132.795866270636338, 33.205018460292401 ], [ 132.795763899683948, 33.205266419977228 ], [ 132.795640270510603, 33.205507470167426 ], [ 132.795481780575614, 33.2057280098104 ], [ 132.795164689653149, 33.205941060298827 ], [ 132.794771229328347, 33.206255410065253 ], [ 132.794233660364739, 33.206697749901956 ], [ 132.793794579681162, 33.20699602006993 ], [ 132.793319380566601, 33.207400280312221 ], [ 132.792925170637574, 33.207775549821264 ], [ 132.792589940680671, 33.208169229819312 ], [ 132.792189099530418, 33.208659649834765 ], [ 132.791976110590866, 33.208940929970687 ], [ 132.791735990142314, 33.209486349976032 ], [ 132.791561119966531, 33.209971119758059 ], [ 132.791512739953617, 33.21021933026347 ], [ 132.791460220459498, 33.210580450009587 ], [ 132.791481320430705, 33.211095469786052 ], [ 132.791496909422591, 33.211626320274732 ], [ 132.791536120665114, 33.212218240095694 ], [ 132.791752549455225, 33.212829170053851 ], [ 132.791881380049119, 33.213333440008142 ], [ 132.792050189535814, 33.213880789849007 ], [ 132.792206269631976, 33.214355900136908 ], [ 132.792448450104047, 33.214831339908919 ], [ 132.792712380204335, 33.215279800025861 ], [ 132.793011060013754, 33.215760080183856 ], [ 132.79326798964334, 33.216118130118105 ], [ 132.793573919791555, 33.216424520038395 ], [ 132.794008580586421, 33.216769910303221 ], [ 132.794541969812343, 33.217179050263255 ], [ 132.794894769659749, 33.217390789907846 ], [ 132.795189340527401, 33.217505129922017 ], [ 132.795767110488782, 33.217564400309726 ], [ 132.796447749750541, 33.217560859806277 ], [ 132.796972160383461, 33.217574629792026 ], [ 132.797416969986841, 33.217481920313148 ], [ 132.797935179726892, 33.217330810258836 ], [ 132.798389399639802, 33.217129779815096 ], [ 132.798692130088455, 33.217006980247966 ], [ 132.798962989863469, 33.21683434991624 ], [ 132.799275980173121, 33.216508330222297 ], [ 132.799462109682224, 33.216220130275225 ], [ 132.799672350072882, 33.215938850139302 ], [ 132.799822730400507, 33.215724969815156 ], [ 132.799920109543905, 33.21543183985726 ], [ 132.800059130590995, 33.215025990224873 ], [ 132.800138520620806, 33.214664949787071 ], [ 132.800161409925096, 33.214287920020432 ], [ 132.800191049831994, 33.214044119830739 ], [ 132.800235820639301, 33.213644589716537 ], [ 132.800200229707627, 33.213215219689872 ], [ 132.800186889528476, 33.212718289945251 ], [ 132.800210789410329, 33.212259929830125 ], [ 132.80018306932314, 33.211848729788407 ], [ 132.800114870607018, 33.211209219823779 ], [ 132.800101150073118, 33.210746110237075 ], [ 132.800158039482312, 33.210464069902002 ], [ 132.800180299951933, 33.21015927001659 ], [ 132.800185959463931, 33.209646579841099 ], [ 132.800230599784584, 33.209262879794331 ], [ 132.800282869410609, 33.208906259988773 ], [ 132.800411619491456, 33.208703540213577 ], [ 132.800562120588665, 33.208473909775087 ], [ 132.800705979359407, 33.208354940218975 ], [ 132.800962209358374, 33.208295119831362 ], [ 132.801626890378742, 33.208264410106644 ], [ 132.802186329740152, 33.208271600081872 ], [ 132.803091850273915, 33.208366220052774 ], [ 132.803636780628807, 33.208465900280657 ], [ 132.803949859780431, 33.208618729971235 ], [ 132.804303679922498, 33.208977289928839 ], [ 132.804508140031572, 33.20921535993201 ], [ 132.804706099406104, 33.209555170244755 ], [ 132.804770700021891, 33.209797139895514 ], [ 132.804867659942175, 33.210278679959494 ], [ 132.804970000355127, 33.210757960059048 ], [ 132.805065340297347, 33.211131090178107 ], [ 132.805141300193668, 33.211567380015921 ], [ 132.805238890336767, 33.211990170032067 ], [ 132.805292860453903, 33.212460200074709 ], [ 132.805382829620584, 33.212837819817793 ], [ 132.805487049596735, 33.213150039865965 ], [ 132.805631899510871, 33.213426270061433 ], [ 132.805843729340154, 33.213738909863338 ], [ 132.806183169574211, 33.214185460133038 ], [ 132.806520119456422, 33.214616179690516 ], [ 132.806766950251074, 33.214917740186138 ], [ 132.807078149839469, 33.215239969845605 ], [ 132.807672440245426, 33.215746450116022 ], [ 132.80810438025452, 33.216103100226377 ], [ 132.808912389770086, 33.216757409895202 ], [ 132.809583800570749, 33.217347809962632 ], [ 132.809942869330655, 33.217726619975132 ], [ 132.810342440318152, 33.218089930049096 ], [ 132.810527159460776, 33.218413740071696 ], [ 132.810773129598715, 33.218803379859459 ], [ 132.811015459991637, 33.219278840264529 ], [ 132.811313789985746, 33.219799719828899 ], [ 132.811603620300673, 33.220354420195974 ], [ 132.811898460470616, 33.220954359827886 ], [ 132.812187170543638, 33.221621970080434 ], [ 132.812377769915059, 33.222153660076586 ], [ 132.812618620533698, 33.222764610023006 ], [ 132.812835710086063, 33.223337050304757 ], [ 132.813142049740293, 33.224110889846123 ], [ 132.813564119960262, 33.224887579973128 ], [ 132.814038930391121, 33.225752589896345 ], [ 132.814408890622985, 33.226370880052443 ], [ 132.814633230514147, 33.226771759697471 ], [ 132.814932450316263, 33.227213570167329 ], [ 132.815318529815613, 33.2275880498172 ], [ 132.815837719593787, 33.228098610274444 ], [ 132.816295550100477, 33.228552509780776 ], [ 132.816909239986501, 33.229029660162084 ], [ 132.817450930385291, 33.229438729840773 ], [ 132.817810900058447, 33.229740810031494 ], [ 132.818239479341884, 33.229927980219863 ], [ 132.819003649502775, 33.230164179707558 ], [ 132.81952709953174, 33.230279539768432 ], [ 132.820400889595646, 33.230351340224182 ], [ 132.821019079883428, 33.230403879722154 ], [ 132.821401919426677, 33.230333419770261 ], [ 132.821901379343643, 33.230177560244371 ], [ 132.822306969375575, 33.229998779972398 ], [ 132.822739689528362, 33.22979074009266 ], [ 132.823112929972837, 33.229607200032582 ], [ 132.823430169428008, 33.229387330319149 ], [ 132.823778399465851, 33.229034300020551 ], [ 132.824110020217148, 33.228724100077514 ], [ 132.824377259681341, 33.228386569717458 ], [ 132.824391939431024, 33.228355990238903 ], [ 132.824528760250871, 33.228071029681615 ], [ 132.824585799580916, 33.227934070035019 ] ] } },
{ "type": "Feature", "properties": { "P12_001": 10031, "P12_002": "仁淀川", "P12_003": "39", "P12_004": "39201、39205、39386、39410", "P12_005": "河川・峡谷", "P12_006": "高知市　および　土佐市　および　いの町　および　日高村", "P12_007": -1 }, "geometry": { "type": "MultiLineString", "coordinates": [ [ [ 133.347832999503112, 33.559951000272129 ], [ 133.34800200055534, 33.559664000266217 ], [ 133.348844999931032, 33.559091000312826 ], [ 133.349042999562073, 33.559080000314843 ], [ 133.350102999648158, 33.559023000208079 ], [ 133.350373000154605, 33.559007999976366 ], [ 133.351407000078808, 33.558803000248481 ], [ 133.352496999604199, 33.558700000032928 ], [ 133.353251000134236, 33.558771000312973 ], [ 133.353304999402638, 33.558777000018786 ], [ 133.354364999488695, 33.558995999919951 ], [ 133.354456000055279, 33.559014999740619 ], [ 133.354585000004221, 33.559040999970307 ], [ 133.354629000384932, 33.55907099978895 ], [ 133.355527999361811, 33.559690999909563 ], [ 133.355961999394452, 33.560061000251935 ], [ 133.356424999394051, 33.560454000003915 ], [ 133.356582999309978, 33.560647000320174 ], [ 133.357108999381495, 33.56129199996726 ], [ 133.357421999408217, 33.562280000313372 ], [ 133.357386999830993, 33.563351999764819 ], [ 133.357228000442745, 33.564160999967953 ], [ 133.356765000443147, 33.565599000172817 ], [ 133.356555999675777, 33.566854000000973 ], [ 133.356503999352014, 33.567163000002843 ], [ 133.356481000383411, 33.56730099968442 ], [ 133.356263000200698, 33.570093999757688 ], [ 133.356068999847082, 33.572293999998472 ], [ 133.356066999514269, 33.572366999750599 ], [ 133.356032999409365, 33.57371199967946 ], [ 133.356008999580297, 33.57464500003568 ], [ 133.356123999975949, 33.575248999866147 ], [ 133.356186000575548, 33.57557300009973 ], [ 133.35653199984668, 33.577383000119049 ], [ 133.357271999435341, 33.578614999892807 ], [ 133.358304000414876, 33.579501000081805 ], [ 133.359146000318248, 33.579765000033326 ], [ 133.359611000650659, 33.579831000021208 ], [ 133.360078999400031, 33.579898000067516 ], [ 133.360975999432242, 33.579928999944592 ] ], [ [ 133.360975999432242, 33.579928999944592 ], [ 133.361461000316325, 33.57994600029317 ], [ 133.362955000434994, 33.57987299989626 ], [ 133.363550000188667, 33.579594999771459 ], [ 133.363797999810686, 33.579479000085847 ], [ 133.36471000025665, 33.578831000263456 ], [ 133.364957999878669, 33.577918999844769 ], [ 133.364857999896742, 33.577024999833093 ], [ 133.364686000427582, 33.576475999992525 ], [ 133.364365999930129, 33.575463000119932 ], [ 133.363684000275498, 33.573628999987783 ], [ 133.363458000149762, 33.57302300004045 ], [ 133.36317600042284, 33.5722660002967 ], [ 133.363158000203981, 33.572218000071047 ], [ 133.363037000198091, 33.570732000285311 ], [ 133.363421999712045, 33.568907000034287 ], [ 133.363984999693599, 33.567573000103401 ], [ 133.364255000200075, 33.56716700023658 ], [ 133.364765999857838, 33.566398999850058 ], [ 133.364954000601244, 33.566116000077876 ], [ 133.365263999434688, 33.565844999717328 ], [ 133.366426999307805, 33.564829000314219 ], [ 133.368367999540055, 33.563572999782849 ], [ 133.368429000667305, 33.563533000024663 ], [ 133.36862599943791, 33.563431999925974 ] ], [ [ 133.434462000477623, 33.512128000320295 ], [ 133.43453000068746, 33.512003000108784 ], [ 133.434684999410109, 33.511724999983983 ], [ 133.434842999326008, 33.511432999685908 ], [ 133.434944999640749, 33.511254000187712 ], [ 133.435059000564081, 33.511057999696149 ], [ 133.435183999847425, 33.510857000201995 ], [ 133.435312999796338, 33.510645000065075 ], [ 133.435422000581781, 33.510469000097395 ], [ 133.435528999646266, 33.510303000069264 ], [ 133.435614000602612, 33.510168999976635 ], [ 133.435788000404585, 33.509856999799467 ], [ 133.435964000539343, 33.509519000037386 ], [ 133.436527000520897, 33.508452000233326 ], [ 133.436830000271783, 33.507880999752018 ], [ 133.436956000415591, 33.507641999971753 ], [ 133.43709699958498, 33.507398999957758 ], [ 133.437364000286351, 33.506963999685944 ], [ 133.437548999836451, 33.506661000034669 ], [ 133.437824999953165, 33.506206999942187 ], [ 133.43831100030954, 33.505430000319343 ], [ 133.438701999433761, 33.504816999962976 ], [ 133.438848000129212, 33.504592999769642 ], [ 133.439095000278911, 33.504186999902821 ], [ 133.439442000410537, 33.50359899971771 ], [ 133.439582999579926, 33.50336799976013 ], [ 133.439669000008593, 33.50322599984483 ], [ 133.439776000461222, 33.503046000288194 ], [ 133.439897000467141, 33.502858999677755 ], [ 133.440026000416054, 33.502638999718151 ], [ 133.440166999585443, 33.502395999704163 ], [ 133.440324999501371, 33.502115000048846 ], [ 133.440558000097809, 33.501704999948288 ], [ 133.440758999533983, 33.501362999952477 ], [ 133.441021999569756, 33.500903000154182 ], [ 133.441171999542632, 33.500645999966906 ], [ 133.441352000342988, 33.500314999969078 ], [ 133.441528999950094, 33.499977000206997 ], [ 133.441631000264806, 33.499790000241333 ], [ 133.441783000570496, 33.499523000114515 ], [ 133.441931999682907, 33.499261000279859 ], [ 133.442133000507255, 33.498921999814563 ], [ 133.442228999823584, 33.49875899996173 ], [ 133.442318999529704, 33.498614999929558 ], [ 133.44240599943069, 33.498481999895361 ], [ 133.442497999469566, 33.49835699968385 ], [ 133.442547999460544, 33.49829299981284 ], [ 133.442599000311986, 33.498226999824958 ], [ 133.442817999967019, 33.497968000165606 ], [ 133.44295100058153, 33.497811000018586 ], [ 133.443009999987851, 33.497746000089137 ], [ 133.443075000392525, 33.497674999809092 ], [ 133.443130999993741, 33.497611999996508 ], [ 133.443183000317504, 33.497554999889743 ], [ 133.443239999391011, 33.497496999724547 ], [ 133.443286999576856, 33.497454999849495 ], [ 133.443339999372938, 33.497405000151758 ], [ 133.443406000638106, 33.497351000220291 ], [ 133.443501999954464, 33.497271000059129 ], [ 133.44359300052102, 33.497197000248569 ], [ 133.443730000412984, 33.49708300003504 ], [ 133.443799000095112, 33.497033999750954 ], [ 133.443864000499815, 33.496988000286947 ], [ 133.443977000562683, 33.496922999712723 ], [ 133.444088000292766, 33.496856999724841 ], [ 133.444228999462155, 33.496770999857866 ], [ 133.44435199980083, 33.496703999811551 ], [ 133.444451000310437, 33.496650999938517 ], [ 133.444572999788676, 33.496587000067507 ], [ 133.444785999833471, 33.496479000204573 ], [ 133.444920999392622, 33.496414999688774 ], [ 133.445096000055059, 33.496328999821799 ], [ 133.445269000384712, 33.496242999954823 ], [ 133.445291999353344, 33.496230999898415 ], [ 133.445445999991819, 33.496153999912551 ], [ 133.445722999580823, 33.496017000289413 ], [ 133.445842000642102, 33.495959000124209 ], [ 133.445914000129335, 33.495921999896538 ], [ 133.445945000429134, 33.495906000251175 ], [ 133.446075999322687, 33.495848000085978 ], [ 133.446209999409547, 33.495786999745484 ], [ 133.4463829997392, 33.495713999993356 ], [ 133.446514999493218, 33.495655999828152 ] ], [ [ 133.330456000228111, 33.559867999935676 ], [ 133.331350000455217, 33.559233000228133 ], [ 133.332316999641904, 33.558712000089344 ], [ 133.332973999995147, 33.558566999998732 ], [ 133.333394999946819, 33.558737000260599 ], [ 133.334096000680802, 33.559185000002479 ], [ 133.334657000329543, 33.559562000109096 ], [ 133.335481000014056, 33.560282000269964 ], [ 133.33659199956341, 33.561121000291742 ], [ 133.338056000242773, 33.561969000194637 ], [ 133.339800999788622, 33.563006000180053 ], [ 133.340548999320276, 33.563508999911839 ], [ 133.34284199982207, 33.5650509997459 ], [ 133.343470999680619, 33.565348999749794 ], [ 133.34349799931482, 33.565361999864642 ], [ 133.344375000183561, 33.565391000269635 ], [ 133.345237000638576, 33.565142999963477 ], [ 133.345562999358094, 33.565049999687467 ], [ 133.346150000556861, 33.564881000128821 ], [ 133.347027999509777, 33.564279999828869 ], [ 133.347126000547064, 33.564125999857147 ], [ 133.347345000202097, 33.563784999919768 ], [ 133.347376999974216, 33.563735000222032 ], [ 133.347387000250023, 33.563637000298648 ], [ 133.3474680005408, 33.562869999970566 ], [ 133.347526999947092, 33.561543999862366 ], [ 133.347529000279906, 33.560471999766143 ], [ 133.347634999872071, 33.56028900003421 ], [ 133.347832999503112, 33.559951000272129 ] ], [ [ 133.446514999493218, 33.495655999828152 ], [ 133.446682000212661, 33.495583000076024 ], [ 133.446851999349036, 33.495509999679115 ], [ 133.446985999435867, 33.495453000217132 ], [ 133.447111000107355, 33.495398000227233 ], [ 133.447172999318781, 33.495370999939105 ], [ 133.447424999606397, 33.495258999842441 ], [ 133.447548999417421, 33.49520700002784 ], [ 133.447682999504252, 33.495150999979508 ], [ 133.447800000232718, 33.495093999872743 ], [ 133.447876999857868, 33.495057000289854 ], [ 133.447963000286535, 33.495013999711581 ], [ 133.448165000583202, 33.49490699990708 ], [ 133.448271999647687, 33.494851999917181 ], [ 133.4484319998964, 33.494769000225503 ], [ 133.448697000264957, 33.494628999782279 ], [ 133.449021999512127, 33.494461999695716 ], [ 133.449110000273606, 33.494417000290149 ], [ 133.450662000326275, 33.493607000028575 ], [ 133.450778000194276, 33.493546999746513 ], [ 133.451167000373829, 33.493344000135487 ], [ 133.451293999989957, 33.493248999742619 ], [ 133.451386999501182, 33.493189000105332 ], [ 133.451541000139656, 33.493090000123516 ], [ 133.451743999908643, 33.492960000264624 ], [ 133.452030999773484, 33.492773999712611 ], [ 133.452433000033977, 33.49251999970064 ], [ 133.452785000303521, 33.492301999857901 ], [ 133.45307200016839, 33.492137999946635 ], [ 133.453403999886262, 33.491950999980979 ], [ 133.453866000413569, 33.49168800008789 ], [ 133.454208999879597, 33.491493000299549 ], [ 133.454590999588476, 33.4912769999289 ], [ 133.454987999711079, 33.49106499979198 ], [ 133.455279000241489, 33.490909999761826 ], [ 133.455615000624988, 33.490730000205197 ], [ 133.456057000600651, 33.4905009997197 ], [ 133.456241000678432, 33.490398000148929 ], [ 133.456358000018753, 33.490331000102621 ], [ 133.456429999505986, 33.4902839999354 ], [ 133.456497999715822, 33.490235999709746 ], [ 133.45662300038731, 33.49014500019539 ], [ 133.45685299979047, 33.489967000110845 ], [ 133.457228999889111, 33.489673999754331 ], [ 133.458381000014072, 33.488785000034824 ], [ 133.458848000679268, 33.48843200004103 ], [ 133.458854000289506, 33.488427999807293 ], [ 133.459285000517013, 33.488094000278949 ], [ 133.45943500048989, 33.487969000067437 ], [ 133.459580000324877, 33.487843999855919 ], [ 133.459709999746138, 33.487722999878144 ], [ 133.459801999785014, 33.487632999777439 ], [ 133.459904000099755, 33.487524999914505 ], [ 133.460003000609362, 33.487411999759402 ], [ 133.460067000153572, 33.487333000301462 ], [ 133.460125000087572, 33.487262000021417 ], [ 133.460207999322961, 33.487155000216916 ], [ 133.460388999595665, 33.486906999910758 ], [ 133.460551000177162, 33.486663999896763 ], [ 133.46066499971235, 33.486483999695352 ], [ 133.46072299964635, 33.486392000122564 ], [ 133.460922999610204, 33.486049000068313 ], [ 133.461001999568168, 33.485914999975691 ], [ 133.461085000191702, 33.48574899994756 ], [ 133.461132000377575, 33.485637999909322 ], [ 133.461187999978762, 33.485495999994015 ], [ 133.46120699966994, 33.485417999949725 ], [ 133.461216999945748, 33.485359999784528 ], [ 133.461224000416451, 33.48529100026613 ], [ 133.461230999499008, 33.485200000106992 ], [ 133.461229000554368, 33.485067000072796 ], [ 133.461219000278561, 33.484863999816994 ], [ 133.461209000002725, 33.484780000066884 ], [ 133.461203000392487, 33.484729000310715 ], [ 133.461182999840844, 33.484546999992439 ], [ 133.461145000458515, 33.484272000042935 ], [ 133.461119999768954, 33.484067000315051 ], [ 133.461079000581492, 33.483787000073384 ], [ 133.461043999616095, 33.483583999817583 ], [ 133.461014000176789, 33.483375999914394 ], [ 133.460993000152826, 33.483176999892322 ] ], [ [ 133.310770000565242, 33.577922000020067 ], [ 133.311873999643865, 33.576002000020949 ], [ 133.312312999814395, 33.574897999989219 ], [ 133.312439999430524, 33.574579000047798 ], [ 133.312580000515766, 33.574224999995572 ], [ 133.312828000137785, 33.574010999741787 ], [ 133.313393000452123, 33.573523000241714 ], [ 133.313846999648234, 33.573130999903384 ], [ 133.314348000418363, 33.572933999998178 ], [ 133.31510300042072, 33.572638000111155 ], [ 133.315443000081643, 33.572504000018526 ], [ 133.316522999331198, 33.572324999875548 ], [ 133.3174719996872, 33.572167999728528 ], [ 133.319831999538337, 33.571744000099471 ], [ 133.321528999425993, 33.571364999875989 ], [ 133.323811000179631, 33.570927000073652 ], [ 133.324531000604793, 33.570297000013497 ], [ 133.325736000525836, 33.568902999800549 ], [ 133.326257999931755, 33.568042999841246 ] ], [ [ 133.416277999488329, 33.550009999694382 ], [ 133.416640999506001, 33.549777999678362 ], [ 133.416784999868668, 33.549683999988709 ], [ 133.416915000678074, 33.549594999946436 ], [ 133.416982999499737, 33.549546999720782 ], [ 133.417045999571627, 33.549498000081485 ], [ 133.417077999343746, 33.549472999910222 ], [ 133.417116999586568, 33.549438999857848 ], [ 133.417165000632906, 33.549394999865932 ], [ 133.417195999544532, 33.549362999930423 ], [ 133.417221999706413, 33.549335000228652 ], [ 133.41726399975434, 33.549288000061431 ], [ 133.417334000296961, 33.549211000075573 ], [ 133.417484999742157, 33.549045000047435 ], [ 133.417707000590468, 33.548783000212786 ], [ 133.418100999519794, 33.548316000005457 ], [ 133.41829499987341, 33.54809099975369 ], [ 133.418397000188151, 33.547975000068078 ], [ 133.418481999756324, 33.54788800014267 ], [ 133.418573000322908, 33.547798000041965 ], [ 133.418717000685575, 33.547666000066208 ], [ 133.41903800065532, 33.547383000294026 ], [ 133.419236999758709, 33.547210999915293 ], [ 133.419392999341824, 33.547073000233716 ], [ 133.419518000013312, 33.54696000007862 ], [ 133.419912999803131, 33.546624999847054 ], [ 133.420289999374063, 33.546311000197797 ], [ 133.421277000500567, 33.545465999825424 ], [ 133.421575000113563, 33.545197000226523 ], [ 133.422059000137125, 33.544744000192473 ], [ 133.422609999510058, 33.544232999993227 ], [ 133.422948000226341, 33.543903000053831 ], [ 133.423503999737193, 33.543352000096398 ], [ 133.42410699943386, 33.542739999798464 ], [ 133.4247879996162, 33.5420779998028 ], [ 133.425602999885342, 33.541309000002634 ], [ 133.426021999504229, 33.54094600006929 ], [ 133.426644000280248, 33.540398999700805 ], [ 133.427191999848048, 33.539887000087916 ], [ 133.427357999706999, 33.539729999940896 ], [ 133.427528000231547, 33.53956600002963 ], [ 133.427691999757684, 33.539405000293662 ], [ 133.427965000069264, 33.539143999872657 ], [ 133.428031999418607, 33.539078999943207 ] ], [ [ 133.473828000193151, 33.471079000296839 ], [ 133.473857999632457, 33.471070999829372 ], [ 133.474009000465827, 33.471030000012753 ], [ 133.474073999482357, 33.471011000192092 ], [ 133.475080999772359, 33.470656000081433 ], [ 133.475383999523245, 33.47053800027895 ], [ 133.47547400061751, 33.470501000051279 ], [ 133.475540000494533, 33.470472000291075 ], [ 133.475601999705958, 33.470441999827649 ], [ 133.475646999559018, 33.470417000301168 ], [ 133.475712999436041, 33.4703769998982 ], [ 133.47579300025447, 33.47032600014203 ], [ 133.475887000626159, 33.470263999743104 ], [ 133.475980000137383, 33.470203000047384 ], [ 133.47611100041911, 33.470108000299298 ], [ 133.476382000397905, 33.469899999751327 ], [ 133.476809999432135, 33.469600000275349 ], [ 133.477545000270993, 33.46907499990283 ], [ 133.479050999610166, 33.467921000173362 ], [ 133.479336000530367, 33.467687000040485 ], [ 133.479426999708778, 33.467604999762457 ], [ 133.479482999309994, 33.467550999830991 ], [ 133.479536000494221, 33.467488000018406 ], [ 133.47957399987655, 33.467441999909624 ], [ 133.479613000119372, 33.467381000213905 ], [ 133.479644999891491, 33.467319999873411 ], [ 133.479691000605015, 33.4672360001233 ], [ 133.479741000595993, 33.467120999851339 ], [ 133.480134000052999, 33.466125999740974 ], [ 133.480252999726076, 33.465819999914402 ], [ 133.480299999911949, 33.465719999874146 ], [ 133.480341000487556, 33.465631999890306 ], [ 133.4803769995371, 33.465564999843991 ], [ 133.480415999779922, 33.465495000267161 ], [ 133.48046500029858, 33.465428000220854 ], [ 133.480536000313492, 33.465330000297463 ], [ 133.480639000100552, 33.465193000029537 ], [ 133.482878999418091, 33.462078999897983 ] ], [ [ 133.430708999962064, 33.521514000062098 ], [ 133.430790000252813, 33.521211999824473 ], [ 133.430830999440275, 33.52106300014492 ], [ 133.430858000462621, 33.520948999931385 ], [ 133.430882999764037, 33.52083200018734 ], [ 133.430895999844978, 33.52073000003022 ], [ 133.430914999536157, 33.520591999703861 ], [ 133.430966999859919, 33.520270000231925 ], [ 133.430995000354585, 33.520084999738351 ], [ 133.431027999599024, 33.519855999897636 ], [ 133.431061999703928, 33.519701999925914 ], [ 133.431074000312549, 33.519646999936015 ], [ 133.431093999476047, 33.519554000304794 ], [ 133.431121000498393, 33.519404999980452 ], [ 133.431147000660275, 33.519276000179993 ], [ 133.431171000489371, 33.519168999730709 ], [ 133.43120999934402, 33.519043000105547 ], [ 133.43126600033338, 33.518881000311147 ], [ 133.431332999682724, 33.518671999704743 ], [ 133.431463999964421, 33.518283000186493 ], [ 133.431508999817481, 33.518152000269168 ], [ 133.431561999613564, 33.517987999713121 ], [ 133.431616999742431, 33.5178200002129 ], [ 133.431685999424587, 33.517623000307694 ], [ 133.431722999334596, 33.517523000267445 ], [ 133.431753999634395, 33.517444000164716 ], [ 133.43180099982024, 33.517337999773865 ], [ 133.431861000087025, 33.517203000267592 ], [ 133.431950000320825, 33.517005999717597 ], [ 133.432066000188797, 33.516762000289958 ], [ 133.432266000152651, 33.516350000072528 ], [ 133.432455000368378, 33.515960999909503 ], [ 133.432729999624598, 33.515379000074994 ], [ 133.43277400000531, 33.515303000147568 ], [ 133.432834000272123, 33.51517799993605 ], [ 133.432894000538909, 33.515055999899843 ], [ 133.432978000634762, 33.514877999815297 ], [ 133.433044999984105, 33.514741000192153 ], [ 133.433145999438352, 33.514533000288964 ], [ 133.433279000052863, 33.514276000101695 ], [ 133.433373999896901, 33.514100000134015 ], [ 133.433481000349531, 33.513906999817756 ], [ 133.433642999542883, 33.513616000222896 ], [ 133.433829999425797, 33.51327100005178 ], [ 133.434154000588819, 33.512684999983541 ], [ 133.434267000651687, 33.512480000255657 ], [ 133.434381000186875, 33.512274999882983 ], [ 133.434462000477623, 33.512128000320295 ] ], [ [ 133.460993000152826, 33.483176999892322 ], [ 133.460977000266752, 33.483029000271195 ], [ 133.460972000128834, 33.482929000230946 ], [ 133.460975999406287, 33.482828000132258 ], [ 133.460985999682094, 33.482733999797823 ], [ 133.461006999706086, 33.482615999995339 ], [ 133.461029000590514, 33.48249600007599 ], [ 133.461074999915894, 33.482205999894781 ], [ 133.461106000215693, 33.481990000168913 ], [ 133.461143000125702, 33.481742999921188 ], [ 133.461180000035739, 33.481514000080473 ], [ 133.461204999337127, 33.481363999697706 ], [ 133.461224000416451, 33.481235999955672 ], [ 133.461237000497391, 33.481177999790475 ], [ 133.461263000659272, 33.481083000042389 ], [ 133.461555000662031, 33.479983000244388 ], [ 133.461569999687612, 33.479960000189998 ], [ 133.461630999426717, 33.479748000053078 ], [ 133.461693999498635, 33.479522999801311 ], [ 133.461756999570525, 33.479298000194326 ], [ 133.461976000613731, 33.478351000309615 ], [ 133.462093999426344, 33.477856999814165 ], [ 133.462177999522225, 33.477508000054108 ], [ 133.462266000283677, 33.477194999818501 ], [ 133.462340999576043, 33.476956000038243 ], [ 133.462427000004709, 33.476696999734102 ], [ 133.462487000271494, 33.476533999881269 ], [ 133.462545999677815, 33.47639500014126 ], [ 133.46260699941692, 33.476273000105046 ], [ 133.462669000016518, 33.476156999774645 ], [ 133.462724999617706, 33.476058999851261 ], [ 133.462792999827514, 33.475956999694141 ], [ 133.462876000451075, 33.475846000300692 ], [ 133.462926999914345, 33.475789000193927 ], [ 133.462997999929286, 33.475718999972315 ], [ 133.463071999749332, 33.475650999867568 ], [ 133.463158000177998, 33.475575999998576 ], [ 133.463265000630628, 33.475497999954278 ], [ 133.463466000066802, 33.475361999744791 ], [ 133.464202999850329, 33.474868999952555 ], [ 133.464525000680567, 33.474646999876086 ], [ 133.464797000131682, 33.474462000027295 ], [ 133.465320000398066, 33.474095999918653 ] ], [ [ 133.376874999862792, 33.556793000148659 ], [ 133.377921000395617, 33.555928999955619 ], [ 133.380276999581156, 33.554394999944229 ], [ 133.382783999600065, 33.553364999723058 ], [ 133.385693999351787, 33.552247000162836 ], [ 133.3868340002563, 33.551709999733895 ], [ 133.388179999346733, 33.551218 ], [ 133.389612999726324, 33.550693999686004 ] ], [ [ 133.326257999931755, 33.568042999841246 ], [ 133.326868999571474, 33.567036999732899 ], [ 133.327759999993475, 33.565340999927116 ], [ 133.328948000556153, 33.563800000151481 ], [ 133.329546999587251, 33.561948000257111 ], [ 133.329719999916904, 33.561026999957306 ], [ 133.329751000216703, 33.560861999987608 ], [ 133.330253000459123, 33.560011999967848 ], [ 133.330316000531042, 33.559966999917492 ], [ 133.330456000228111, 33.559867999935676 ] ], [ [ 133.399382000431785, 33.546758999939684 ], [ 133.399388000041995, 33.546763000173414 ], [ 133.399512999325339, 33.546849000040389 ], [ 133.399743000116672, 33.547007000245841 ], [ 133.400418000688745, 33.547478000042112 ], [ 133.40061300051471, 33.547619999957419 ], [ 133.400860000664409, 33.54779199969137 ], [ 133.401277999422803, 33.548081999872579 ], [ 133.401442000337113, 33.548200000319845 ], [ 133.401605999863278, 33.548321000297626 ], [ 133.401724999536384, 33.54841499998728 ], [ 133.401792000273872, 33.548471000035612 ], [ 133.401961999410247, 33.548610999834054 ], [ 133.402221999640886, 33.548831999852084 ], [ 133.402284999712805, 33.548886999841983 ], [ 133.402479999538741, 33.549058000162283 ], [ 133.402637999454669, 33.549203000252888 ], [ 133.40272600021612, 33.549287000002998 ], [ 133.402863999580404, 33.549418999978755 ], [ 133.403179999412231, 33.54973100015593 ], [ 133.403370999960742, 33.549917000063154 ], [ 133.403517000656194, 33.550064000270631 ], [ 133.403688000653062, 33.550236000004574 ], [ 133.403839000098287, 33.550384000270483 ], [ 133.403928000332058, 33.550473999726407 ], [ 133.404005999429558, 33.550560000238164 ], [ 133.404092999330544, 33.550662999808928 ], [ 133.404160000068032, 33.550748000262253 ], [ 133.404239999498316, 33.550846000185643 ], [ 133.404310000040937, 33.550938999816864 ], [ 133.404446000460553, 33.551120000076708 ], [ 133.404576999354106, 33.551285000046406 ], [ 133.404657999644883, 33.551349999975855 ], [ 133.404767000430297, 33.55143100019545 ], [ 133.404891999713641, 33.551512999828688 ], [ 133.404996999833486, 33.551572000052325 ], [ 133.405101000481011, 33.551631999689604 ], [ 133.405223999431541, 33.551695000146964 ], [ 133.40534900010303, 33.551756999901116 ], [ 133.405459999833084, 33.551803000009905 ], [ 133.405575000228765, 33.551841999709659 ], [ 133.405711000648381, 33.551885000287925 ], [ 133.406009000261378, 33.551972000213333 ], [ 133.406701999664165, 33.552175999882792 ], [ 133.407280999531764, 33.552339999794057 ], [ 133.407419999756513, 33.552374999904863 ], [ 133.407496999381692, 33.552393999725524 ], [ 133.407574999867307, 33.552406999840372 ], [ 133.407816999879117, 33.55244700024334 ], [ 133.408171999953765, 33.55250699988062 ], [ 133.408955999923137, 33.552629999975267 ], [ 133.409360000516443, 33.552695999963149 ], [ 133.409636000633157, 33.552743000130363 ], [ 133.409894000530983, 33.552761999951031 ], [ 133.410081999886216, 33.552770999832141 ] ], [ [ 133.389612999726324, 33.550693999686004 ], [ 133.389886000037905, 33.550594000290538 ], [ 133.389920999615128, 33.550572999708223 ], [ 133.390128999522005, 33.550429000320833 ], [ 133.390388000280325, 33.550255999883667 ], [ 133.390625000154216, 33.550089999855537 ], [ 133.391012000000984, 33.549822999728718 ], [ 133.391141999422217, 33.549725999863767 ], [ 133.391167999584098, 33.549707000043107 ], [ 133.391201999689002, 33.549680999813411 ], [ 133.391235999793935, 33.5496520000532 ], [ 133.391272000231623, 33.549616999942394 ], [ 133.391311000474445, 33.549576000125775 ], [ 133.391361000465423, 33.549520000077443 ], [ 133.391412999401012, 33.549457999678509 ], [ 133.391485000276418, 33.549372999869973 ], [ 133.391561000429277, 33.549279000180313 ], [ 133.391727000288228, 33.549073999807646 ], [ 133.391867999457617, 33.548896999781533 ], [ 133.391993000129105, 33.548741999751378 ], [ 133.392166999931078, 33.548523999908646 ], [ 133.392335000122813, 33.548311999771727 ], [ 133.392630999402996, 33.54794300013257 ], [ 133.392792999984522, 33.547738999818336 ], [ 133.392880999357828, 33.547624000191149 ], [ 133.392963999981362, 33.547516999741866 ], [ 133.393095000263088, 33.547343999949483 ], [ 133.393139000643828, 33.547281000136906 ], [ 133.39319299991223, 33.547216000207456 ], [ 133.393232999627372, 33.547171000157107 ], [ 133.393277999480432, 33.547129999695699 ], [ 133.393316000250906, 33.547097999760197 ], [ 133.393374999657226, 33.547052999709841 ], [ 133.393440000061929, 33.547010999834789 ], [ 133.393569999483162, 33.546935999965797 ], [ 133.393655999911829, 33.546882000034323 ], [ 133.393753999560971, 33.546831999691811 ], [ 133.393852000598258, 33.546783000052507 ], [ 133.393950000247401, 33.546732999709988 ], [ 133.394047999896515, 33.546679999836954 ], [ 133.394145999545657, 33.546632000256082 ], [ 133.394260999941309, 33.54657600020775 ], [ 133.394408000109109, 33.546502999810841 ], [ 133.394555999749201, 33.546433000234011 ], [ 133.394624999431329, 33.546404999887457 ], [ 133.394731999883959, 33.546360999895533 ], [ 133.394823000450543, 33.546316999903617 ], [ 133.394899000603402, 33.546281999792811 ], [ 133.394921000099686, 33.546272999911693 ], [ 133.394997999724836, 33.54623899985932 ], [ 133.395113999592837, 33.546194999867403 ], [ 133.395276000174334, 33.546130999996386 ], [ 133.395426999619559, 33.546070999714324 ], [ 133.395497999634472, 33.546045000129411 ], [ 133.39554600068081, 33.54602600030875 ], [ 133.395594000338974, 33.546008999960172 ], [ 133.395649000467841, 33.545991000197944 ], [ 133.395717000677678, 33.545975999966231 ], [ 133.395807000383769, 33.54595299991184 ], [ 133.395920000446637, 33.545929999857449 ], [ 133.396028999843907, 33.545909999978356 ], [ 133.396170000401469, 33.54589300027456 ], [ 133.396291999879679, 33.545871999692253 ], [ 133.39642599996651, 33.545848000224204 ], [ 133.396654000425031, 33.545816000288703 ], [ 133.396736000188127, 33.545809999938101 ], [ 133.396804000397935, 33.545806999762803 ], [ 133.39689600043684, 33.545804000232287 ], [ 133.396957999648265, 33.54580500029072 ], [ 133.397033000328776, 33.545807999821236 ], [ 133.397112999759059, 33.545815000230263 ], [ 133.397236000097763, 33.545827000286678 ], [ 133.397388000403453, 33.545846000107339 ], [ 133.397638999830576, 33.545891000157695 ], [ 133.397741999617637, 33.545914000212086 ], [ 133.397815999437682, 33.545935000149612 ], [ 133.397909000337052, 33.545968000143553 ], [ 133.398009000318979, 33.546011000077037 ], [ 133.39808099980624, 33.546049999776798 ], [ 133.398296999656139, 33.546162999931894 ], [ 133.399077999820406, 33.546579999796698 ], [ 133.399224000515858, 33.546659999957861 ], [ 133.399337000578726, 33.54672900012104 ], [ 133.399380000098972, 33.546757999881244 ], [ 133.399382000431785, 33.546758999939684 ] ], [ [ 133.36862599943791, 33.563431999925974 ], [ 133.368641999323955, 33.563424000103296 ], [ 133.370195000237118, 33.562623999781273 ], [ 133.370910999996653, 33.562255000142116 ], [ 133.370924000077594, 33.562247999733088 ], [ 133.370998999369988, 33.562195999918487 ], [ 133.372081999812821, 33.561442999763678 ], [ 133.372407999920483, 33.561217000098267 ], [ 133.372499999959359, 33.56115300022725 ], [ 133.372696000645789, 33.560882999925134 ], [ 133.372897000081963, 33.560606999917198 ], [ 133.373764000674896, 33.559630000213843 ], [ 133.375701000241548, 33.55776300008776 ], [ 133.376874999862792, 33.556793000148659 ] ], [ [ 133.428031999418607, 33.539078999943207 ], [ 133.428086999547503, 33.53902500001174 ], [ 133.428191000195, 33.538926000029925 ], [ 133.428278000095986, 33.538832999753915 ], [ 133.428346000305822, 33.538749000003811 ], [ 133.428431999346316, 33.538640000082438 ], [ 133.428517000302662, 33.538518000046231 ], [ 133.428601000398544, 33.538390000304197 ], [ 133.428670000080672, 33.538272999915371 ], [ 133.428940000587147, 33.537776999947837 ], [ 133.42911400038912, 33.537453999772687 ], [ 133.42928099972039, 33.53714900000454 ], [ 133.429327999906235, 33.537064000196004 ], [ 133.429361000538819, 33.5370060000308 ], [ 133.429399999393496, 33.536925999869645 ], [ 133.429446000107021, 33.536822000240441 ], [ 133.429625999519232, 33.536368000147966 ], [ 133.429730999639077, 33.53610600031331 ], [ 133.429919999854775, 33.535622999815843 ], [ 133.429988000064611, 33.535450000023459 ], [ 133.430019999836702, 33.535366999687 ], [ 133.430053999941606, 33.535267000291533 ], [ 133.430151999590748, 33.534913000239307 ], [ 133.430238000019415, 33.534585999830419 ], [ 133.430301999563653, 33.534344999933296 ], [ 133.430361999830438, 33.534132999796377 ], [ 133.430395000463022, 33.534010999760163 ], [ 133.430427999707462, 33.533890999840814 ], [ 133.430475999365626, 33.53370900016732 ], [ 133.430501999527507, 33.533575000074691 ], [ 133.430519000274018, 33.533481999798688 ], [ 133.430530999494493, 33.53337600005262 ], [ 133.430532000354958, 33.533331000002271 ], [ 133.430540000298009, 33.533239999843126 ], [ 133.430574999875233, 33.532153000159973 ], [ 133.430580999485471, 33.531979999722807 ], [ 133.430585000151041, 33.531780999700736 ] ], [ [ 133.430585000151041, 33.531780999700736 ], [ 133.43057100059778, 33.531705999831743 ], [ 133.430548999713352, 33.531588000029259 ], [ 133.430516999941233, 33.531479000107893 ], [ 133.430504999332612, 33.53144500005552 ], [ 133.430411000349068, 33.531052000303539 ], [ 133.430330000058319, 33.530710000307728 ], [ 133.430274999929452, 33.530483999997529 ], [ 133.430229000604072, 33.530284999975457 ], [ 133.430185000223332, 33.530114999713589 ], [ 133.430151000118428, 33.529986999971563 ], [ 133.430112999347926, 33.529835000116712 ], [ 133.430032000445323, 33.529582000163167 ], [ 133.429924999992693, 33.529261000104881 ], [ 133.429829000676364, 33.528977000274267 ], [ 133.429740000442564, 33.528717999970134 ], [ 133.429693000256719, 33.528566000115276 ], [ 133.429638000127852, 33.528383999797001 ], [ 133.42959800041271, 33.52823600017588 ], [ 133.429559000169888, 33.528085999793106 ], [ 133.429537000673605, 33.527972000224359 ], [ 133.429525000064984, 33.527865999833509 ], [ 133.429498999903103, 33.527645999873904 ], [ 133.42947899935146, 33.527404999976781 ], [ 133.429461999993066, 33.527230000067533 ], [ 133.429446000107021, 33.526990000228842 ], [ 133.429428999360482, 33.526775999975051 ], [ 133.429409000197012, 33.526585999834097 ], [ 133.42938899964534, 33.52629500023923 ], [ 133.429383999507451, 33.526187999789947 ], [ 133.429385999840235, 33.5261199996852 ], [ 133.42938800017302, 33.526042000285692 ], [ 133.429406000391879, 33.525918000132613 ], [ 133.429440999969103, 33.525711999701507 ], [ 133.429496000097998, 33.525477000154979 ] ], [ [ 133.465320000398066, 33.474095999918653 ], [ 133.465359000640888, 33.474068000216882 ], [ 133.465509000613793, 33.473959000295515 ], [ 133.465741000349766, 33.473792000208945 ], [ 133.46594199978594, 33.473649000235206 ], [ 133.466204000349364, 33.473460000152684 ], [ 133.466370999680635, 33.473343999822283 ], [ 133.466478000133264, 33.473271000070156 ], [ 133.466564000561931, 33.473210999788094 ], [ 133.466843000483749, 33.473028000056161 ], [ 133.466972999905011, 33.472941000130753 ], [ 133.46708000035764, 33.472878000318175 ], [ 133.467165999398162, 33.472832000209387 ], [ 133.46729199954197, 33.472767000279944 ], [ 133.467422999823668, 33.47270000023363 ], [ 133.467578999406811, 33.472623000247772 ], [ 133.467732000572965, 33.47254700032034 ], [ 133.467853000578856, 33.472489000155143 ], [ 133.467972000251962, 33.472428999873081 ], [ 133.468153000524637, 33.472345000122971 ], [ 133.468343000212684, 33.472264999961808 ], [ 133.468411999894812, 33.472236000201605 ], [ 133.468472000161597, 33.472215000264079 ], [ 133.46856900033842, 33.472186999917518 ], [ 133.468651000101488, 33.472163999863128 ], [ 133.468754999360868, 33.472136000161349 ], [ 133.46885600020326, 33.472113000106958 ], [ 133.46896300065589, 33.472092000169432 ], [ 133.469132000319945, 33.472060000233924 ], [ 133.470003999662623, 33.47190999985115 ], [ 133.470332999575419, 33.471852999744385 ], [ 133.47074099944615, 33.47178100005069 ], [ 133.47121000044416, 33.471701999947967 ], [ 133.471736999987996, 33.471609000316747 ], [ 133.471842999580161, 33.471585000203916 ], [ 133.471984000137695, 33.471553999682058 ], [ 133.472136000443385, 33.471512999865439 ], [ 133.473531000052475, 33.471155000224265 ], [ 133.473828000193151, 33.471079000296839 ] ], [ [ 133.410081999886216, 33.552770999832141 ], [ 133.410231000386801, 33.552775000065871 ], [ 133.410400999523176, 33.552772999949006 ], [ 133.410550000023761, 33.552763000009463 ], [ 133.410665999891734, 33.55274799977775 ], [ 133.4108410005542, 33.552713000311726 ], [ 133.411002000275232, 33.552682999848301 ], [ 133.411154000580922, 33.55263599968108 ], [ 133.411284999474475, 33.552595999922893 ], [ 133.411465999747151, 33.5525210000539 ], [ 133.411681000124759, 33.552425000247382 ], [ 133.412052999557801, 33.552257000102379 ], [ 133.412523000028102, 33.552047000082325 ], [ 133.412775999788039, 33.551933999927229 ], [ 133.41312000011456, 33.551783000130804 ], [ 133.413530999790424, 33.551598000282013 ], [ 133.413682000623794, 33.551528000060401 ], [ 133.41376900052478, 33.551484000068484 ], [ 133.413919000497657, 33.551401999790457 ], [ 133.41419600008669, 33.551245000288219 ], [ 133.415045999933085, 33.550762999849184 ], [ 133.415251999507177, 33.550649000280437 ], [ 133.41559699930599, 33.55043800020195 ], [ 133.416019000118155, 33.550174000250429 ], [ 133.416277999488329, 33.550009999694382 ] ], [ [ 133.429575000055934, 33.525123000102752 ], [ 133.429735000304674, 33.524413999939867 ], [ 133.429764000271661, 33.52429600013739 ], [ 133.429780999630026, 33.524236999913754 ], [ 133.4298080006524, 33.524167999750581 ], [ 133.429943000211551, 33.523806999934102 ], [ 133.43019099983357, 33.523143999880006 ], [ 133.430358000552985, 33.522700999785506 ], [ 133.430424000430008, 33.522530000109988 ], [ 133.43045100006421, 33.522453000124131 ], [ 133.430479000558904, 33.52234699973328 ], [ 133.43055399985127, 33.522077000075946 ], [ 133.430708999962064, 33.521514000062098 ] ], [ [ 133.429496000097998, 33.525477000154979 ], [ 133.429551999699186, 33.525225000259873 ], [ 133.429575000055934, 33.525123000102752 ] ] ] } },
{ "type": "Feature", "properties": { "P12_001": 10001, "P12_002": "高知城", "P12_003": "39", "P12_004": "39201", "P12_005": "城跡・城郭・宮殿", "P12_006": "高知市丸ノ内1-2-1", "P12_007": -1 }, "geometry": { "type": "Polygon", "coordinates": [ [ [ 133.530753529572138, 33.562785239891852 ], [ 133.531626139498968, 33.562418640428902 ], [ 133.532762079760801, 33.562005570099672 ], [ 133.532790390176814, 33.560982549663819 ], [ 133.533020250108592, 33.56071471974014 ], [ 133.533087369892627, 33.560435899733804 ], [ 133.533619200137906, 33.560528840428091 ], [ 133.533805079528378, 33.559599439714788 ], [ 133.532514240573505, 33.559351599593789 ], [ 133.531275030254932, 33.55913473001371 ], [ 133.530154579542796, 33.559000490073515 ], [ 133.529875759658097, 33.559795649808358 ], [ 133.529700200242047, 33.559971200415418 ], [ 133.529483340154172, 33.559935060330659 ], [ 133.529276800040691, 33.560002180300756 ], [ 133.529116739762429, 33.56015707972746 ], [ 133.529075429502512, 33.560353289821037 ], [ 133.52927164005348, 33.56067342049424 ], [ 133.529266480066269, 33.560962570243831 ], [ 133.529669219544644, 33.561804199806687 ], [ 133.530051309486083, 33.562206940392663 ], [ 133.530753529572138, 33.562785239891852 ] ] ] } },
{ "type": "Feature", "properties": { "P12_001": 10015, "P12_002": "桂浜公園", "P12_003": "39", "P12_004": "39201", "P12_005": "‐", "P12_006": "高知市浦戸9", "P12_007": 1 }, "geometry": { "type": "Polygon", "coordinates": [ [ [ 133.574593722104566, 33.500025916556751 ], [ 133.575403750607109, 33.500198332628187 ], [ 133.576088028191975, 33.498479055933522 ], [ 133.575460221225853, 33.498140971504121 ], [ 133.574593722104566, 33.500025916556751 ] ] ] } },
{ "type": "Feature", "properties": { "P12_001": 10019, "P12_002": "竹林寺", "P12_003": "39", "P12_004": "39201", "P12_005": "‐", "P12_006": "高知市五台山3577", "P12_007": 2 }, "geometry": { "type": "Polygon", "coordinates": [ [ [ 133.577625777888017, 33.546593000310587 ], [ 133.577622693720997, 33.546599166593147 ], [ 133.577607944051778, 33.546628582844619 ], [ 133.577551972013424, 33.546608943977027 ], [ 133.577562638756859, 33.546587638686887 ], [ 133.577257138430411, 33.546480416595621 ], [ 133.577174917414084, 33.54664461061089 ], [ 133.577183693706985, 33.546647694271307 ], [ 133.577162611108264, 33.546689806482227 ], [ 133.577208721802236, 33.546706028404891 ], [ 133.577230221482608, 33.54666305650683 ], [ 133.577324916596211, 33.546695583413722 ], [ 133.577391306087833, 33.546719138633868 ], [ 133.577354417532661, 33.546791388693563 ], [ 133.577363888961628, 33.546795556307337 ], [ 133.577347277606123, 33.546830694462031 ], [ 133.57747141772569, 33.546875332782641 ], [ 133.577449166978738, 33.546921805725461 ], [ 133.577442917145987, 33.546931861365572 ], [ 133.57753400074796, 33.546961416745155 ], [ 133.577545138905549, 33.546965055879753 ], [ 133.577561416276154, 33.54693122179156 ], [ 133.57760855609115, 33.546838806461629 ], [ 133.5775421665995, 33.546814943913716 ], [ 133.57751627877272, 33.546868471897788 ], [ 133.577509805218, 33.546866082839664 ], [ 133.577541471463405, 33.546800805797929 ], [ 133.577619443360533, 33.546829083067763 ], [ 133.577689722418228, 33.546684138569027 ], [ 133.577631361348921, 33.546663110496844 ], [ 133.577662388388745, 33.546606667052011 ], [ 133.577625777888017, 33.546593000310587 ] ] ] } },
{ "type": "Feature", "properties": { "P12_001": 10051, "P12_002": "国分寺", "P12_003": "39", "P12_004": "39204", "P12_005": "‐", "P12_006": "南国市国分546", "P12_007": 2 }, "geometry": { "type": "Polygon", "coordinates": [ [ [ 133.641030390303854, 33.59927698029788 ], [ 133.640961290580492, 33.598671050370761 ], [ 133.640865620678341, 33.598075750246778 ], [ 133.640498870073287, 33.598038539706167 ], [ 133.640063019744844, 33.598001330203829 ], [ 133.639675010759561, 33.597990700400686 ], [ 133.639260429997478, 33.59792160979508 ], [ 133.639186010485474, 33.598155469617261 ], [ 133.639143490528966, 33.59821393976415 ], [ 133.639281689975718, 33.598692309977039 ], [ 133.639382679666483, 33.598681680173904 ], [ 133.639499609546874, 33.598655100474701 ], [ 133.639595290635128, 33.598639159923067 ], [ 133.639627180602531, 33.598745460031019 ], [ 133.639664380770427, 33.598835819587329 ], [ 133.639696270737801, 33.598920860088995 ], [ 133.639696270737801, 33.599037800382781 ], [ 133.639728170293267, 33.599096269491405 ], [ 133.639749430271536, 33.599175989900154 ], [ 133.639892939918809, 33.599165360097018 ], [ 133.640047079555217, 33.599170680189935 ], [ 133.640164009435608, 33.599197259889131 ], [ 133.640211850778741, 33.599356710051055 ], [ 133.64032347045864, 33.599356710051055 ], [ 133.640466980105913, 33.599351400340836 ], [ 133.640668959487414, 33.599346080247912 ], [ 133.640812470732698, 33.599335450444777 ], [ 133.640945350390837, 33.59929293019394 ], [ 133.641030390303854, 33.59927698029788 ] ] ] } },
{ "type": "Feature", "properties": { "P12_001": 10052, "P12_002": "禅師峰寺", "P12_003": "39", "P12_004": "39204", "P12_005": "‐", "P12_006": "南国市十市3084", "P12_007": 2 }, "geometry": { "type": "Polygon", "coordinates": [ [ [ 133.61122850306927, 33.526828393090284 ], [ 133.6114756039741, 33.526828393090284 ], [ 133.6114756039741, 33.52656743547243 ], [ 133.611227277392544, 33.526580667178933 ], [ 133.61122850306927, 33.526828393090284 ] ] ] } },
{ "type": "Feature", "properties": { "P12_001": 10067, "P12_002": "延光寺", "P12_003": "39", "P12_004": "39208", "P12_005": "‐", "P12_006": "宿毛市平田町中山390", "P12_007": 2 }, "geometry": { "type": "Polygon", "coordinates": [ [ [ 132.774037500266019, 32.961388333034144 ], [ 132.774151111071347, 32.961382500036088 ], [ 132.774157777985749, 32.961190833409852 ], [ 132.774010832608383, 32.96118527762976 ], [ 132.774004167291992, 32.961382500036088 ], [ 132.774037500266019, 32.961388333034144 ] ] ] } },
{ "type": "Feature", "properties": { "P12_001": 10068, "P12_002": "咸陽島公園", "P12_003": "39", "P12_004": "39208", "P12_005": "‐", "P12_006": "宿毛市大島", "P12_007": 4 }, "geometry": { "type": "Polygon", "coordinates": [ [ [ 132.688216530733285, 32.916978730732254 ], [ 132.688708423412692, 32.917094198759891 ], [ 132.689170295801091, 32.917140385140328 ], [ 132.689532864403532, 32.917101126093996 ], [ 132.688736056270784, 32.915763388522109 ], [ 132.688216530733285, 32.915824052532457 ], [ 132.687883984019891, 32.915893333141383 ], [ 132.688216530733285, 32.916978730732254 ] ] ] } },
{ "type": "Feature", "properties": { "P12_001": 10098, "P12_002": "高知県立のいち動物公園", "P12_003": "39", "P12_004": "39211", "P12_005": "‐", "P12_006": "香南市野市町大谷738", "P12_007": 2 }, "geometry": { "type": "Polygon", "coordinates": [ [ [ 133.710227632482201, 33.569987797436639 ], [ 133.70958101209726, 33.569973940691895 ], [ 133.709040622888978, 33.569835379474043 ], [ 133.708855874892407, 33.569696818256183 ], [ 133.708486378899323, 33.56981690450656 ], [ 133.708195399726065, 33.569835379474043 ], [ 133.707779716334329, 33.569664487582223 ], [ 133.707747385315088, 33.569525926364371 ], [ 133.707733528935677, 33.569433551526956 ], [ 133.707608823119159, 33.569355033434292 ], [ 133.707442549762447, 33.569355033434292 ], [ 133.707303989164529, 33.569433551526956 ], [ 133.707073053769335, 33.569234947183922 ], [ 133.706869829534924, 33.569262659635143 ], [ 133.706671225158971, 33.569031724618149 ], [ 133.706869829534924, 33.568911637329506 ], [ 133.706763599956247, 33.568846975981586 ], [ 133.706657368779588, 33.568846975981586 ], [ 133.706592706741077, 33.568939349780727 ], [ 133.7058721877967, 33.569234947183922 ], [ 133.7058721877967, 33.569373508401775 ], [ 133.705641252401506, 33.569572112744808 ], [ 133.705516548182999, 33.569941610017935 ], [ 133.705438029765105, 33.57021873245364 ], [ 133.705438029765105, 33.570449668508907 ], [ 133.705364129607688, 33.570712934199868 ], [ 133.705438029765105, 33.57081916474376 ], [ 133.705826001996087, 33.570772978363323 ], [ 133.706010749992629, 33.570726790944612 ], [ 133.70616316696993, 33.57062056040072 ], [ 133.706380245985741, 33.571525827577773 ], [ 133.707165426968629, 33.571498115126545 ], [ 133.707396362363824, 33.571742906888289 ], [ 133.707964464330871, 33.571604345670437 ], [ 133.707964464330871, 33.571451928746107 ], [ 133.708181543346683, 33.571558158251733 ], [ 133.708532564699937, 33.571465784452585 ], [ 133.708532564699937, 33.571373410653436 ], [ 133.708412478741877, 33.571128618891692 ], [ 133.708763501693142, 33.571017769086794 ], [ 133.708888205911677, 33.571142474598169 ], [ 133.709086810287602, 33.57115633134292 ], [ 133.70939626410069, 33.571267180109544 ], [ 133.709765761691813, 33.571313366489981 ], [ 133.71007521390689, 33.571281035816021 ], [ 133.710241488861612, 33.57122099269084 ], [ 133.710333862060878, 33.571063956505505 ], [ 133.710426236858154, 33.570897682836424 ], [ 133.710564797456072, 33.5707868340698 ], [ 133.710320005681496, 33.570528186601571 ], [ 133.710273819880854, 33.570324962997532 ], [ 133.710227632482201, 33.569987797436639 ] ] ] } },
{ "type": "Feature", "properties": { "P12_001": 10122, "P12_002": "甫喜ヶ峰森林公園", "P12_003": "39", "P12_004": "39212", "P12_005": "‐", "P12_006": "香美市土佐山田町平山", "P12_007": 1 }, "geometry": { "type": "Polygon", "coordinates": [ [ [ 133.698478186606792, 33.649436078864497 ], [ 133.698442825753006, 33.64903191688758 ], [ 133.698337821851084, 33.648640034524043 ], [ 133.698166362938935, 33.64827233968677 ], [ 133.69793365854224, 33.647940004155593 ], [ 133.697646781470951, 33.647653126139666 ], [ 133.697314445695412, 33.647420422949708 ], [ 133.696946750664068, 33.647248964162749 ], [ 133.696554869690857, 33.647143958776866 ], [ 133.696150706382042, 33.647108599470776 ], [ 133.695746544671209, 33.647143958776866 ], [ 133.695354662099987, 33.647248964162749 ], [ 133.694986967068672, 33.647420422949708 ], [ 133.694654631293105, 33.647653126139666 ], [ 133.694367754221815, 33.647940004155593 ], [ 133.694135049825121, 33.64827233968677 ], [ 133.693963590913, 33.648640034524043 ], [ 133.69385858701105, 33.64903191688758 ], [ 133.693823227755274, 33.649436078864497 ], [ 133.69385858701105, 33.649840241879687 ], [ 133.693963590913, 33.650232124243225 ], [ 133.694135049825121, 33.650599819080497 ], [ 133.694367754221815, 33.6509321535734 ], [ 133.694654631293105, 33.651219031589328 ], [ 133.694986967068672, 33.65145173581756 ], [ 133.695354662099987, 33.651623194604518 ], [ 133.695746544671209, 33.651728198952128 ], [ 133.696150706382042, 33.651763558258224 ], [ 133.696554869690857, 33.651728198952128 ], [ 133.696946750664068, 33.651623194604518 ], [ 133.697314445695412, 33.65145173581756 ], [ 133.697646781470951, 33.651219031589328 ], [ 133.69793365854224, 33.6509321535734 ], [ 133.698166362938935, 33.650599819080497 ], [ 133.698337821851084, 33.650232124243225 ], [ 133.698442825753006, 33.649840241879687 ], [ 133.698478186606792, 33.649436078864497 ] ] ] } },
{ "type": "Feature", "properties": { "P12_001": 10133, "P12_002": "生見海岸", "P12_003": "39", "P12_004": "39301", "P12_005": "‐", "P12_006": "東洋町大字生見", "P12_007": 1 }, "geometry": { "type": "Polygon", "coordinates": [ [ [ 134.284636561306712, 33.530820094938441 ], [ 134.285898305220684, 33.530895306142753 ], [ 134.2842345553168, 33.527168722258345 ], [ 134.283333332949297, 33.527338193797483 ], [ 134.284636561306712, 33.530820094938441 ] ] ] } },
{ "type": "Feature", "properties": { "P12_001": 10145, "P12_002": "憩ヶ丘運動公園", "P12_003": "39", "P12_004": "39307", "P12_005": "‐", "P12_006": "芸西村和食甲4525", "P12_007": 4 }, "geometry": { "type": "Polygon", "coordinates": [ [ [ 133.817355537912334, 33.52916439563834 ], [ 133.819960490895994, 33.528272985206037 ], [ 133.819480143867736, 33.527427761154172 ], [ 133.816925998141187, 33.528166754662145 ], [ 133.817355537912334, 33.52916439563834 ] ] ] } },
{ "type": "Feature", "properties": { "P12_001": 10149, "P12_002": "帰全山公園", "P12_003": "39", "P12_004": "39341", "P12_005": "‐", "P12_006": "本山町本山", "P12_007": 1 }, "geometry": { "type": "Polygon", "coordinates": [ [ [ 133.595101611051604, 33.75821820950749 ], [ 133.595591194600786, 33.757830237266887 ], [ 133.595683569398062, 33.757275992395471 ], [ 133.595267884408287, 33.756860308741913 ], [ 133.594824488257757, 33.756938826834585 ], [ 133.59469978403925, 33.757368367232885 ], [ 133.594621265621356, 33.757756338435222 ], [ 133.595101611051604, 33.75821820950749 ] ] ] } },
{ "type": "Feature", "properties": { "P12_001": 10187, "P12_002": "岩本寺", "P12_003": "39", "P12_004": "39412", "P12_005": "‐", "P12_006": "四万十町茂串町3-13", "P12_007": 2 }, "geometry": { "type": "Polygon", "coordinates": [ [ [ 133.134692167708266, 33.208083361135863 ], [ 133.134702027454665, 33.208048417137569 ], [ 133.134730389007132, 33.208054082974236 ], [ 133.134745806646208, 33.207999472075073 ], [ 133.134721721379179, 33.207994693958831 ], [ 133.134729305553634, 33.207967860921876 ], [ 133.134506278729731, 33.207923360691105 ], [ 133.134478444521875, 33.20802283313882 ], [ 133.134630193529318, 33.208053083120703 ], [ 133.134625388301231, 33.20807005571222 ], [ 133.134692167708266, 33.208083361135863 ] ] ] } },
{ "type": "Feature", "properties": { "P12_001": 10033, "P12_002": "室戸岬", "P12_003": "39", "P12_004": "39202", "P12_005": "‐", "P12_006": "室戸市室戸岬", "P12_007": 1 }, "geometry": { "type": "MultiPolygon", "coordinates": [ [ [ [ 134.177530275408003, 33.253944576331854 ], [ 134.178746630930334, 33.253632269019334 ], [ 134.179914255015746, 33.253169974333112 ], [ 134.181014728954864, 33.252564983001612 ], [ 134.181905177511965, 33.251918034161356 ], [ 134.181920110952774, 33.251880000273033 ], [ 134.181850472698699, 33.251835416980704 ], [ 134.181850277740978, 33.25182252790313 ], [ 134.181860110321139, 33.251805250060379 ], [ 134.181866527945346, 33.25178227834769 ], [ 134.181862806170756, 33.251757972458698 ], [ 134.181862139798909, 33.251712111056612 ], [ 134.18186858299137, 33.25169344400927 ], [ 134.181854889609383, 33.251676361361191 ], [ 134.18182786080061, 33.251668000176906 ], [ 134.181807527670458, 33.251656694460323 ], [ 134.181790472067036, 33.251639638807241 ], [ 134.181748055981444, 33.251612749703732 ], [ 134.181685193306691, 33.251565999542954 ], [ 134.181668083370795, 33.251546083457406 ], [ 134.181641027395784, 33.251531972336629 ], [ 134.181647389089505, 33.251508999585674 ], [ 134.181640250760978, 33.251481833264208 ], [ 134.181623027366072, 33.251454750004299 ], [ 134.181600305205023, 33.251400500422925 ], [ 134.181598638476402, 33.251396193681039 ], [ 134.18165508352692, 33.251351333170753 ], [ 134.181651443251013, 33.251340972279415 ], [ 134.181648055461352, 33.251331332985373 ], [ 134.181651305821816, 33.251322693544864 ], [ 134.181650971836888, 33.25129977789873 ], [ 134.181624027722847, 33.251297138617659 ], [ 134.181610666727778, 33.251304416886853 ], [ 134.181598360421958, 33.251267249953564 ], [ 134.181599667597425, 33.251242889036284 ], [ 134.181615805940822, 33.251196916539364 ], [ 134.181608499820811, 33.251156861140323 ], [ 134.181581250486062, 33.251134166645592 ], [ 134.181544943608003, 33.251068556319353 ], [ 134.181537805279447, 33.251041388959614 ], [ 134.1815236676496, 33.250995638652363 ], [ 134.181492861135695, 33.250960083113334 ], [ 134.181450443452093, 33.25093463928097 ], [ 134.181453500452875, 33.250914556034033 ], [ 134.181463278700534, 33.250894416720541 ], [ 134.181466305339057, 33.250871472002856 ], [ 134.181483138818521, 33.250871332874745 ], [ 134.18149980610454, 33.250859749940204 ], [ 134.181489417415548, 33.250839777788102 ], [ 134.181431722718088, 33.250808694075815 ], [ 134.181411360823688, 33.250797389397498 ], [ 134.181400972134668, 33.250777417245395 ], [ 134.18135024957229, 33.250760638810277 ], [ 134.181350166475568, 33.250754916907063 ], [ 134.181322888376599, 33.250729332908307 ], [ 134.181342694162112, 33.250706250100784 ], [ 134.181372417222519, 33.25066877791626 ], [ 134.181395749824929, 33.250654250449415 ], [ 134.181405528072588, 33.250631249665183 ], [ 134.181393277697282, 33.250601249906254 ], [ 134.18136583340484, 33.250565667372214 ], [ 134.181350556390981, 33.250557194054828 ], [ 134.181357277637886, 33.250525471806796 ], [ 134.181353971346908, 33.250492139202763 ], [ 134.181314361373893, 33.25046624995278 ], [ 134.181269971740988, 33.250492805771785 ], [ 134.181285916724704, 33.250435499525004 ], [ 134.181252056406038, 33.250419083445934 ], [ 134.181241194704882, 33.25044061092575 ], [ 134.181247332676662, 33.25047630559289 ], [ 134.18120800075809, 33.250464721620077 ], [ 134.181157388458672, 33.250448416635848 ], [ 134.181092943750087, 33.250437027857707 ], [ 134.181089444099428, 33.250394167054473 ], [ 134.181147082866374, 33.250346750324681 ], [ 134.181138028519058, 33.2503038334549 ], [ 134.181127694162512, 33.250289583206012 ], [ 134.181080250724875, 33.250267055872669 ], [ 134.181073332922267, 33.250255639061244 ], [ 134.181072944604864, 33.250229860906103 ], [ 134.181196416754602, 33.250257471606915 ], [ 134.181224027240489, 33.250231055954295 ], [ 134.181223333702405, 33.250183389001549 ], [ 134.181192055774375, 33.250152582507219 ], [ 134.181121110344833, 33.250093555847869 ], [ 134.181117083349562, 33.250010194227983 ], [ 134.181109556703632, 33.250000000498034 ], [ 134.181085610463839, 33.249967555614433 ], [ 134.181074972484623, 33.249923221506776 ], [ 134.181047916509613, 33.249917693759961 ], [ 134.181024527976689, 33.249929332761056 ], [ 134.181004388206247, 33.249935221825659 ], [ 134.180987417297587, 33.249926749546539 ], [ 134.18094983360632, 33.249889805841192 ], [ 134.180964417082066, 33.249853860951099 ], [ 134.181002943601612, 33.249840666622298 ], [ 134.18101655548486, 33.249849166934695 ], [ 134.1810434995989, 33.249848971740029 ], [ 134.181097750576185, 33.249868610607621 ], [ 134.181121222205832, 33.249859833077267 ], [ 134.181148305347108, 33.249865360824082 ], [ 134.181161917230355, 33.249873861136479 ], [ 134.181185778775387, 33.249890860723006 ], [ 134.181192778076706, 33.249908000475912 ], [ 134.181216361567323, 33.249904971843776 ], [ 134.181229666631879, 33.249890556510039 ], [ 134.18123272203465, 33.249867610754087 ], [ 134.181249389320669, 33.249853167387073 ], [ 134.181273028741771, 33.249852972192407 ], [ 134.181296610634377, 33.249847083127804 ], [ 134.181306639770241, 33.249838416692292 ], [ 134.181302972328126, 33.249818389511901 ], [ 134.18127716759804, 33.249784194105921 ], [ 134.181292139391218, 33.249766889268166 ], [ 134.181312111370175, 33.249743833455646 ], [ 134.181340666282352, 33.24973075022168 ], [ 134.181347027976074, 33.249700611334632 ], [ 134.181341888763058, 33.249694917464694 ], [ 134.181328278477821, 33.249689305618048 ], [ 134.181318139078996, 33.249689360646329 ], [ 134.181299721967633, 33.249703806089883 ], [ 134.18128416689936, 33.249678139029577 ], [ 134.181287139205409, 33.249646610937937 ], [ 134.181314139249935, 33.249643556349071 ], [ 134.181341027433518, 33.249629055877229 ], [ 134.181367971547559, 33.249620278346875 ], [ 134.18139500035636, 33.249617193648191 ], [ 134.181418500750254, 33.2496027222479 ], [ 134.181421693582223, 33.249588388937454 ], [ 134.181428333330388, 33.249576861031194 ], [ 134.181411111533521, 33.249554083474905 ], [ 134.181400666914016, 33.249531221818785 ], [ 134.18138355538008, 33.24951702763645 ], [ 134.181359861626504, 33.249517193759573 ], [ 134.181336110344432, 33.249511639017747 ], [ 134.181312221633135, 33.249497471830416 ], [ 134.181308611719516, 33.249480306120773 ], [ 134.181308306498835, 33.249454555998902 ], [ 134.181321528466668, 33.249431528219667 ], [ 134.181314471636853, 33.249408666563546 ], [ 134.181368083408557, 33.24936533334769 ], [ 134.181395083453083, 33.249356555817336 ], [ 134.181418777206659, 33.249356388655947 ], [ 134.181446055305656, 33.249370527810001 ], [ 134.181475278187662, 33.249406139415584 ], [ 134.181500721766582, 33.249407389492056 ], [ 134.181544582456837, 33.249392777925387 ], [ 134.181551222205002, 33.249381278052404 ], [ 134.181578332512515, 33.249381082857738 ], [ 134.181591666341319, 33.249360943544247 ], [ 134.181588110760174, 33.249349527771095 ], [ 134.181594721744091, 33.249335139432361 ], [ 134.181557417705278, 33.249332528184567 ], [ 134.181533917311384, 33.24935274952135 ], [ 134.18151347232029, 33.249341416809756 ], [ 134.181499611146847, 33.24931861122019 ], [ 134.181470583222534, 33.249312667127306 ], [ 134.181466083215099, 33.249347471997481 ], [ 134.181440444678486, 33.24932761094022 ], [ 134.181424943942687, 33.249307638788117 ], [ 134.181397777704689, 33.249302111041295 ], [ 134.181394193359296, 33.249287832759137 ], [ 134.181405806127032, 33.24926625025104 ], [ 134.181458193819992, 33.249255861326418 ], [ 134.181503694072603, 33.249235527856534 ], [ 134.181559611778511, 33.249233722305874 ], [ 134.181586806780757, 33.249237832814821 ], [ 134.181579722784704, 33.249214944163697 ], [ 134.181571082322989, 33.249199277715206 ], [ 134.181520000207456, 33.249182417256797 ], [ 134.181498056279224, 33.249189721482729 ], [ 134.181484666519907, 33.249204138893006 ], [ 134.181461055863053, 33.249212889428357 ], [ 134.181456028511008, 33.249218667398125 ], [ 134.181435805643844, 33.249212472044015 ], [ 134.18140613851395, 33.249198360923238 ], [ 134.181379277496603, 33.249205055684975 ], [ 134.181372500319242, 33.249176249935971 ], [ 134.181392750352643, 33.249170388904645 ], [ 134.181419806327682, 33.249167333277505 ], [ 134.181433250419474, 33.249155806409512 ], [ 134.181426222353906, 33.249135806224139 ], [ 134.181402443905569, 33.249133082843237 ], [ 134.18135024957229, 33.249159222316166 ], [ 134.181342056554513, 33.249182194028855 ], [ 134.181318556160647, 33.249196694500696 ], [ 134.181318805450815, 33.24921672168108 ], [ 134.181258694556192, 33.24924269399262 ], [ 134.181255083044562, 33.249265860899975 ], [ 134.181275528035684, 33.249277166616558 ], [ 134.181258721722429, 33.249285889118632 ], [ 134.181242056034421, 33.2493060564654 ], [ 134.181216693954241, 33.249309083020989 ], [ 134.181176305748409, 33.249325138820538 ], [ 134.181168055202136, 33.24934094439714 ], [ 134.181144166490839, 33.249323943772346 ], [ 134.181126888763458, 33.249296833517427 ], [ 134.181106360675614, 33.249281222097224 ], [ 134.18107944372781, 33.249290027660855 ], [ 134.181072944604864, 33.249310110907793 ], [ 134.181049388280485, 33.24931888947642 ], [ 134.181042833227082, 33.24933324978187 ], [ 134.181025916650867, 33.249333360876712 ], [ 134.181012055477424, 33.249307693816398 ], [ 134.181021833725083, 33.249281832599692 ], [ 134.181018166282968, 33.249261806457575 ], [ 134.181045139161256, 33.249255889359695 ], [ 134.181061806447303, 33.249238583483674 ], [ 134.181088916754788, 33.249241249759748 ], [ 134.181115860868857, 33.249232472229394 ], [ 134.181142694719938, 33.249215083291809 ], [ 134.181162888822854, 33.249206360789735 ], [ 134.181176249817923, 33.249191944417731 ], [ 134.18123272203465, 33.249146056020642 ], [ 134.181235111065604, 33.249112694345065 ], [ 134.18118850019323, 33.249093028482463 ], [ 134.181142472596008, 33.249068999811428 ], [ 134.181132555321113, 33.249022889224662 ], [ 134.181140527812971, 33.248987083462687 ], [ 134.181157222265227, 33.248970306065836 ], [ 134.181180139383997, 33.248998722463782 ], [ 134.181208166951535, 33.248986639083341 ], [ 134.181207722703647, 33.248953278446038 ], [ 134.1811959165762, 33.248910499666096 ], [ 134.181167444760774, 33.248886861384392 ], [ 134.181156333769422, 33.248901221689842 ], [ 134.181153944738497, 33.248934611398695 ], [ 134.181125666282753, 33.248925250360884 ], [ 134.181096806149924, 33.248873055514849 ], [ 134.181156082881245, 33.24887980634314 ], [ 134.18115858377314, 33.248855971828498 ], [ 134.181144332684283, 33.248844138671004 ], [ 134.181104583684061, 33.248820611484135 ], [ 134.1810792503681, 33.248823138632098 ], [ 134.181132360363392, 33.248789443672017 ], [ 134.181109916256787, 33.248758861443889 ], [ 134.181088999851539, 33.248731360799646 ], [ 134.181087389053403, 33.248722722397403 ], [ 134.18108497125823, 33.248682693993374 ], [ 134.181060972283973, 33.248659944470354 ], [ 134.181026888243366, 33.248645861382862 ], [ 134.18102397186783, 33.248638694208502 ], [ 134.181019888942046, 33.248628721629956 ], [ 134.180996139257985, 33.248626028358871 ], [ 134.180985999859161, 33.248628943819625 ], [ 134.180982193389809, 33.248639000498002 ], [ 134.180979443207718, 33.248646193629099 ], [ 134.180983027553111, 33.248660471911265 ], [ 134.181000278114254, 33.248683277500831 ], [ 134.181020833368336, 33.248700333153906 ], [ 134.181024499212441, 33.248723221805037 ], [ 134.181034972596194, 33.248746056466146 ], [ 134.181031861262937, 33.248769000145558 ], [ 134.181011721492496, 33.248783443512572 ], [ 134.180998389261703, 33.248797860922849 ], [ 134.180971277356178, 33.248798056117515 ], [ 134.180954555737685, 33.248812472489526 ], [ 134.180927582859368, 33.24882127805315 ], [ 134.18090052848234, 33.248824305647013 ], [ 134.180873306313856, 33.248813055996983 ], [ 134.180849417602587, 33.248798916842929 ], [ 134.180842528564227, 33.248790361502252 ], [ 134.180876166758935, 33.248775806002129 ], [ 134.180860694787384, 33.248757278082905 ], [ 134.180814694356371, 33.248734693644742 ], [ 134.180787638381332, 33.248736306077269 ], [ 134.180764110821229, 33.248747944040097 ], [ 134.180737056444201, 33.248748111201486 ], [ 134.180740722288306, 33.248768139420143 ], [ 134.180737666885534, 33.248791083099555 ], [ 134.180724139697048, 33.248791194194389 ], [ 134.18071372224378, 33.248771222042286 ], [ 134.180693082294937, 33.248748444485997 ], [ 134.180679443245452, 33.2487399441736 ], [ 134.180702972403594, 33.248728306210772 ], [ 134.180692610880811, 33.248714055961891 ], [ 134.180702555321943, 33.248701110817763 ], [ 134.180743138485468, 33.248699389366934 ], [ 134.180766944100043, 33.2487078055795 ], [ 134.180783833509992, 33.248704806018914 ], [ 134.18080400044667, 33.24869608351684 ], [ 134.180796972381103, 33.248676083331468 ], [ 134.180776527390009, 33.248667639085618 ], [ 134.18075297266364, 33.248676388582695 ], [ 134.180732417409558, 33.24865933292962 ], [ 134.180722083053013, 33.248645082680731 ], [ 134.180723722615369, 33.248640778015385 ], [ 134.180731861300671, 33.248619222502299 ], [ 134.180758861345225, 33.248613306442685 ], [ 134.180782388905357, 33.248601694436601 ], [ 134.18080941771413, 33.248595778376988 ], [ 134.18082308233187, 33.248605693850713 ], [ 134.180869028430379, 33.248621167181071 ], [ 134.180877360475392, 33.248612499707285 ], [ 134.180870417104558, 33.248598222463393 ], [ 134.180853193709652, 33.248578278344567 ], [ 134.180847971399913, 33.248566860494876 ], [ 134.180862749833381, 33.248532388909204 ], [ 134.180849027687174, 33.248518166693593 ], [ 134.180835388637661, 33.248512527851936 ], [ 134.180818667019167, 33.248529832689691 ], [ 134.18081194417428, 33.248532750226993 ], [ 134.180791305823476, 33.24850997163243 ], [ 134.18078766714558, 33.248489944452047 ], [ 134.180777222526075, 33.248469944266667 ], [ 134.180753277884321, 33.248452943641873 ], [ 134.180746278583001, 33.248435777932229 ], [ 134.180732444575796, 33.24841583277513 ], [ 134.180728749967415, 33.248392944124006 ], [ 134.180731861300671, 33.248372860877069 ], [ 134.180724860401341, 33.24835572216243 ], [ 134.180707777631682, 33.248344389450835 ], [ 134.180687417335321, 33.248343083307809 ], [ 134.180679278650018, 33.248366056058764 ], [ 134.180680972544849, 33.24845894380131 ], [ 134.180658638701175, 33.248471028220024 ], [ 134.180607249766979, 33.248421332488675 ], [ 134.180568167138574, 33.248443056201424 ], [ 134.180537082570254, 33.248433750191893 ], [ 134.180533667614327, 33.248393278446784 ], [ 134.180519277498263, 33.248369556065249 ], [ 134.180462861211993, 33.248360417217107 ], [ 134.180463193598911, 33.248319833338897 ], [ 134.180432110628601, 33.248310528367632 ], [ 134.180398277476201, 33.248306000474344 ], [ 134.180364749544452, 33.248320527941189 ], [ 134.180365193792341, 33.248349111500524 ], [ 134.180314082912588, 33.2483444725124 ], [ 134.180296722088485, 33.248323056127418 ], [ 134.180338666759951, 33.248268306100151 ], [ 134.180349194476179, 33.24822055608584 ], [ 134.180356166611261, 33.248202499540966 ], [ 134.180351583507104, 33.248191971488239 ], [ 134.180314693353921, 33.248170778331207 ], [ 134.180269221865558, 33.248161389260119 ], [ 134.18022986118271, 33.248112389169336 ], [ 134.180219389396967, 33.248095222421419 ], [ 134.180222582228964, 33.248075222236039 ], [ 134.180218972315316, 33.24805805548813 ], [ 134.180201750518449, 33.24805519401739 ], [ 134.180174333392245, 33.248058000459842 ], [ 134.180153832470637, 33.24806652776725 ], [ 134.180145000247279, 33.248045083348998 ], [ 134.180115416214079, 33.248009332615304 ], [ 134.18011158257849, 33.247972193715285 ], [ 134.180102694424619, 33.247943611194223 ], [ 134.18008708342586, 33.247929277883777 ], [ 134.180081416868234, 33.247910582803158 ], [ 134.180061027807596, 33.247902110524038 ], [ 134.180025611023325, 33.247891472414743 ], [ 134.180015832775638, 33.247863721547546 ], [ 134.179986582727395, 33.247837388956484 ], [ 134.179979417232602, 33.247814832551597 ], [ 134.179956028699706, 33.247805111234271 ], [ 134.179937860878539, 33.247783360526512 ], [ 134.179933443967855, 33.247783360526512 ], [ 134.179910389419859, 33.247783305498231 ], [ 134.179863056245182, 33.247744193886163 ], [ 134.179834028320869, 33.247706056170891 ], [ 134.179809917485642, 33.247697443725386 ], [ 134.179796056312199, 33.247685999918957 ], [ 134.179761694217177, 33.247685916857399 ], [ 134.179741028700136, 33.247677306488434 ], [ 134.179713582809683, 33.247680082821077 ], [ 134.179686250378211, 33.247694278041685 ], [ 134.179665832553326, 33.247712749894355 ], [ 134.179610860871747, 33.247711111505083 ], [ 134.17958697216045, 33.247725277654148 ], [ 134.179573027890285, 33.247708110906231 ], [ 134.179535167742614, 33.247699389442431 ], [ 134.17952122187441, 33.247679361223774 ], [ 134.179517277975862, 33.247630916607179 ], [ 134.179520528336354, 33.247610999483356 ], [ 134.179545693860831, 33.24755691706337 ], [ 134.179538472435553, 33.247521250429507 ], [ 134.179512638941219, 33.247514056260144 ], [ 134.179485138718292, 33.247511110689572 ], [ 134.179468110281107, 33.247528139347644 ], [ 134.179454583092621, 33.247548028438182 ], [ 134.179430694381324, 33.247562166553962 ], [ 134.17941005603052, 33.247559193988387 ], [ 134.179389278652479, 33.247544860677941 ], [ 134.179371889064129, 33.247524860492561 ], [ 134.179347805395139, 33.247521860931975 ], [ 134.179333971387933, 33.247510417125547 ], [ 134.179311778169506, 33.247527332612236 ], [ 134.179260194277589, 33.247524138895258 ], [ 134.17922380590079, 33.247495444241082 ], [ 134.179230471217181, 33.247472777779628 ], [ 134.179219694210786, 33.247424361196309 ], [ 134.179209249591281, 33.247410082914143 ], [ 134.179191971863901, 33.247401444511901 ], [ 134.179164388544251, 33.247392722009835 ], [ 134.179150471440323, 33.247375583295195 ], [ 134.179139721600137, 33.247330056215894 ], [ 134.179129166717672, 33.247307249588054 ], [ 134.179105028716208, 33.247295721681795 ], [ 134.17909461126294, 33.247287111312829 ], [ 134.17907741663231, 33.247284166780531 ], [ 134.179056610490022, 33.247266971999338 ], [ 134.179046277731487, 33.247264055500317 ], [ 134.178948082967224, 33.247182860748879 ], [ 134.178938889592672, 33.247178055637633 ], [ 134.178928443375156, 33.247163778393734 ], [ 134.178898999967203, 33.247140832637783 ], [ 134.178876306570402, 33.247101028499962 ], [ 134.178846778467715, 33.247061222285602 ], [ 134.178841361200256, 33.247035556263562 ], [ 134.178854805292019, 33.247010028331367 ], [ 134.178861472206449, 33.246987388864923 ], [ 134.178878222589191, 33.246946693891864 ], [ 134.178877861438025, 33.246908889461103 ], [ 134.178837278274472, 33.246849610502267 ], [ 134.178739417495137, 33.246773556223125 ], [ 134.178682028018358, 33.246715444279211 ], [ 134.178645805835004, 33.246691388613165 ], [ 134.178624999692744, 33.24667147148935 ], [ 134.178611028256341, 33.246648721966331 ], [ 134.1785834721029, 33.24664305612967 ], [ 134.178559471530662, 33.246651639503625 ], [ 134.178542139470807, 33.246637417288014 ], [ 134.178535082640991, 33.246617500164199 ], [ 134.178514305262951, 33.246600444511124 ], [ 134.178503777546723, 33.246577693949838 ], [ 134.178517333499485, 33.246552055961075 ], [ 134.17853955548216, 33.246539221911782 ], [ 134.178597806288508, 33.24653186058103 ], [ 134.178620111367906, 33.246537444394399 ], [ 134.178644000079203, 33.246521861007473 ], [ 134.178665944007435, 33.246486333501721 ], [ 134.178667444542583, 33.246463582940443 ], [ 134.178656943992593, 33.246443638821617 ], [ 134.178677305886993, 33.246420889298598 ], [ 134.178694139366456, 33.246389556401631 ], [ 134.178704333097755, 33.246378166585217 ], [ 134.178733610312264, 33.246273083329122 ], [ 134.17872697216211, 33.246246999922739 ], [ 134.17869930574571, 33.246227055803914 ], [ 134.178712778601749, 33.246204222181071 ], [ 134.178695443345873, 33.246184278062245 ], [ 134.178672943308754, 33.246167194375893 ], [ 134.178651916640547, 33.246125860867096 ], [ 134.178612193208522, 33.246097417474147 ], [ 134.178559110379496, 33.246107472075984 ], [ 134.17853691716104, 33.246116056488205 ], [ 134.17853341751038, 33.246110360541728 ], [ 134.178502610996503, 33.246116111516493 ], [ 134.178457972073431, 33.246114750345178 ], [ 134.178447471523441, 33.246093388988484 ], [ 134.17843188928893, 33.246079166772873 ], [ 134.178382082388566, 33.246066527918252 ], [ 134.17835458376365, 33.246056722501095 ], [ 134.178340749756444, 33.246045388751227 ], [ 134.178309832979608, 33.246042694441876 ], [ 134.178241332511476, 33.246027139088227 ], [ 134.178252555363798, 33.246005749698256 ], [ 134.178392111524431, 33.245969582618493 ], [ 134.178417000592475, 33.245944417042352 ], [ 134.178431860524654, 33.245929389129614 ], [ 134.17840008241825, 33.245853833219826 ], [ 134.178385722664444, 33.245834972016091 ], [ 134.178379805218611, 33.24579483251722 ], [ 134.178313861572889, 33.245724110790228 ], [ 134.178276888322983, 33.245747833171762 ], [ 134.17822569434648, 33.245762305610327 ], [ 134.178188971984753, 33.245828749666977 ], [ 134.178180638341729, 33.245883167448014 ], [ 134.178160722293256, 33.245902166741594 ], [ 134.178112166637874, 33.245883527727528 ], [ 134.178130000474113, 33.245831360914771 ], [ 134.178089805627963, 33.245774833370113 ], [ 134.178140889341506, 33.245717806417822 ], [ 134.178208860866988, 33.245639277942459 ], [ 134.178205666437009, 33.245575472128607 ], [ 134.178156917421916, 33.245518916550672 ], [ 134.178113943629427, 33.245471833105384 ], [ 134.178017444358005, 33.245545860682469 ], [ 134.177940389720959, 33.24552977788791 ], [ 134.177897471858955, 33.245489805550434 ], [ 134.17784894336981, 33.245475916619327 ], [ 134.177845943897523, 33.245445167229818 ], [ 134.177888500608361, 33.245404667451432 ], [ 134.177941888658069, 33.245257443951139 ], [ 134.177919139330783, 33.245200833344924 ], [ 134.177890694681565, 33.245186833318982 ], [ 134.177842417080626, 33.24530550025495 ], [ 134.177791333367082, 33.245348472153012 ], [ 134.177748444269326, 33.245310860840377 ], [ 134.17774266744874, 33.245232832810913 ], [ 134.177745556658039, 33.245123944297099 ], [ 134.177708556241896, 33.245046111462301 ], [ 134.177620389015459, 33.245018360595104 ], [ 134.177563555647566, 33.245035417286452 ], [ 134.177529500371207, 33.245035805599244 ], [ 134.177492638982272, 33.245055167248879 ], [ 134.17740749999237, 33.245051332919616 ], [ 134.177364917713305, 33.245063638489732 ], [ 134.177289250152398, 33.245007556362687 ], [ 134.177263694712508, 33.244986500257227 ], [ 134.177255138945554, 33.244951027779763 ], [ 134.177209777720151, 33.244944417117857 ], [ 134.177164333398025, 33.244887999629761 ], [ 134.177125805280468, 33.244834083332897 ], [ 134.177113832959577, 33.244811388838166 ], [ 134.177114555261909, 33.244776055488813 ], [ 134.177080194764898, 33.24472524984737 ], [ 134.177045888600333, 33.244684667007419 ], [ 134.177016360497646, 33.244631777559093 ], [ 134.176993750197568, 33.244533999567203 ], [ 134.176929805667356, 33.244426222001749 ], [ 134.176807527234075, 33.244308582952591 ], [ 134.176751667056692, 33.244304805728156 ], [ 134.176671667279834, 33.24431747157778 ], [ 134.176557417268896, 33.244297721615354 ], [ 134.176481332626338, 33.244277389183736 ], [ 134.176472278279022, 33.244274972092342 ], [ 134.176401833027853, 33.244267972079371 ], [ 134.176307193844735, 33.244272556039213 ], [ 134.176200417745264, 33.244275167287007 ], [ 134.176103111476777, 33.244249193937193 ], [ 134.176034582244398, 33.244221971549173 ], [ 134.175987028543801, 33.244192278079744 ], [ 134.175964916824086, 33.244169527518459 ], [ 134.175958000619488, 33.244149528371352 ], [ 134.175937638725088, 33.244141111120513 ], [ 134.175927360299056, 33.244121110935133 ], [ 134.17586877870383, 33.244074471869197 ], [ 134.175795556104333, 33.244075139476486 ], [ 134.175747556557809, 33.244051694312901 ], [ 134.175615028462744, 33.244017055565848 ], [ 134.175604750036712, 33.244032499824655 ], [ 134.175570416705909, 33.244084222258067 ], [ 134.175548333750442, 33.244151193755627 ], [ 134.1755882217779, 33.24422966720271 ], [ 134.175599832947626, 33.244289250374507 ], [ 134.175606389599068, 33.244293221755342 ], [ 134.175673250504815, 33.244333971756674 ], [ 134.175718472703011, 33.244371778263982 ], [ 134.17575241771641, 33.244400110562097 ], [ 134.175735721666143, 33.244438471505312 ], [ 134.175670971736878, 33.244429471785288 ], [ 134.175620138911512, 33.244394111440926 ], [ 134.175606861013193, 33.244373889065876 ], [ 134.175588916913995, 33.244346610611302 ], [ 134.175580222119805, 33.244303721774791 ], [ 134.17552097255475, 33.244275582594803 ], [ 134.175498860835035, 33.244340222139066 ], [ 134.175518944674963, 33.244406889423665 ], [ 134.175519139632684, 33.244442722180644 ], [ 134.175478056290757, 33.244471722086054 ], [ 134.175469861674969, 33.244514778083946 ], [ 134.175411000427289, 33.244548722228707 ], [ 134.175332082505889, 33.244513528007467 ], [ 134.175298639268902, 33.244559167219883 ], [ 134.175324111612071, 33.244594805820469 ], [ 134.17530194396187, 33.244647583135695 ], [ 134.175363860612293, 33.244670972232718 ], [ 134.175369667795167, 33.244709194047822 ], [ 134.175347471380718, 33.244769193565688 ], [ 134.175372916557649, 33.244800083121582 ], [ 134.175373082751094, 33.244843194147762 ], [ 134.175415471670448, 33.24490002798192 ], [ 134.175421360352061, 33.244954693909364 ], [ 134.175421555309754, 33.244995138659469 ], [ 134.175430167007192, 33.245049749558632 ], [ 134.175390889421095, 33.245066944339818 ], [ 134.175357166531654, 33.245065027694324 ], [ 134.175303527593741, 33.24500625021966 ], [ 134.175297750773126, 33.244968221522683 ], [ 134.175280500211983, 33.244865444263148 ], [ 134.175207055488556, 33.244763083349682 ], [ 134.175163028604828, 33.244710417129291 ], [ 134.175156139566496, 33.244687472411613 ], [ 134.175132444214881, 33.24467902816577 ], [ 134.175122221719334, 33.244664721850327 ], [ 134.175125443315551, 33.244641694071085 ], [ 134.175105028686716, 33.24461311051175 ], [ 134.175077943947429, 33.244604694299184 ], [ 134.175050916736637, 33.24460488949385 ], [ 134.175028916877892, 33.24459641721473 ], [ 134.174999999216567, 33.244593360549324 ], [ 134.174977943427336, 33.24459102755776 ], [ 134.174959417651024, 33.244608389500335 ], [ 134.17495627755352, 33.244631417279578 ], [ 134.174942889392213, 33.244651610583084 ], [ 134.174922583428327, 33.244660389151704 ], [ 134.174901972243759, 33.244643278470342 ], [ 134.174852582425046, 33.244639306051241 ], [ 134.174809749257804, 33.24461230585289 ], [ 134.174785860546507, 33.244603832535503 ], [ 134.174749833320874, 33.244576806380415 ], [ 134.174715444059615, 33.244545417416894 ], [ 134.174687750476977, 33.244501083309238 ], [ 134.174672222574941, 33.244481083123866 ], [ 134.174634611717437, 33.244464110532348 ], [ 134.174604139188489, 33.244478667070737 ], [ 134.174580333573914, 33.244481721659604 ], [ 134.174570360368534, 33.244501889006372 ], [ 134.174556916276771, 33.244519221877404 ], [ 134.174581417027412, 33.244579360523389 ], [ 134.174598611658041, 33.244596500276295 ], [ 134.17458174941433, 33.244610971676579 ], [ 134.174575194360898, 33.244634000494095 ], [ 134.174565027795836, 33.244636943988127 ], [ 134.174537666600116, 33.24462563930981 ], [ 134.174510388501147, 33.244620082491444 ], [ 134.174493583785903, 33.24464027787149 ], [ 134.174490443688398, 33.244663277617455 ], [ 134.174511582217605, 33.244727806066876 ], [ 134.174508443718111, 33.244749388574974 ], [ 134.174515444617441, 33.244766583356167 ], [ 134.174495111487289, 33.244775332853244 ], [ 134.174468082678516, 33.244792777857377 ], [ 134.174454694517209, 33.244812972199156 ], [ 134.174454916641167, 33.244833111512648 ], [ 134.174424778097119, 33.244873556262746 ], [ 134.174322888724475, 33.244862305574451 ], [ 134.174269166689839, 33.244867416975197 ], [ 134.174234999552482, 33.244848527738185 ], [ 134.174203194279841, 33.244791360619516 ], [ 134.174155055706109, 33.244789277850899 ], [ 134.174157278543589, 33.244736693653799 ], [ 134.174131721505688, 33.244729666645824 ], [ 134.174089583474512, 33.244758610484674 ], [ 134.174070277867372, 33.244804138602248 ], [ 134.174079667797656, 33.244882972328845 ], [ 134.174097082954233, 33.244918722024266 ], [ 134.174134305494334, 33.244954416691407 ], [ 134.174154999775624, 33.245028417273481 ], [ 134.174167250150958, 33.245104888936964 ], [ 134.174136777621982, 33.245160111376862 ], [ 134.174080722486877, 33.245205916712393 ], [ 134.173995888717684, 33.245213611327657 ], [ 134.173962055565255, 33.245228166827779 ], [ 134.173935555699103, 33.245297721539856 ], [ 134.173890250404185, 33.24529799979608 ], [ 134.173876389230742, 33.245322028467122 ], [ 134.173902222725076, 33.245348221930065 ], [ 134.173933417556384, 33.245350416831791 ], [ 134.173943306067002, 33.245340805571026 ], [ 134.173964361499458, 33.245362639340343 ], [ 134.173964666720138, 33.245385667119585 ], [ 134.173976888331225, 33.245408638832266 ], [ 134.173974110982869, 33.245454722424029 ], [ 134.173945693499917, 33.245495222202415 ], [ 134.173908277600134, 33.245498332857835 ], [ 134.173891444120642, 33.24551283332967 ], [ 134.173864138855436, 33.245510082953764 ], [ 134.173836972617437, 33.245516028084921 ], [ 134.173813027975655, 33.245507499739254 ], [ 134.173785778640934, 33.245507666900643 ], [ 134.173762056123081, 33.24551644443099 ], [ 134.173734610232657, 33.245502194182109 ], [ 134.173707360897907, 33.24550233331022 ], [ 134.173683443422391, 33.245496722501841 ], [ 134.173659610641579, 33.245499722062426 ], [ 134.173646193716024, 33.245514194500984 ], [ 134.173625806253426, 33.24551719406157 ], [ 134.173574583512675, 33.245508832877292 ], [ 134.173520278202915, 33.245524999771675 ], [ 134.17350547260321, 33.245526500071101 ], [ 134.173465806699681, 33.245526722260777 ], [ 134.173443555952758, 33.245518833489115 ], [ 134.173374138224602, 33.245527611019469 ], [ 134.173363749535582, 33.245538805641218 ], [ 134.173336500200861, 33.245538943731056 ], [ 134.173310861664248, 33.245533332922683 ], [ 134.173283722592487, 33.245543555724176 ], [ 134.173272138588999, 33.245565222332104 ], [ 134.173248556696393, 33.245576806304918 ], [ 134.173242193404633, 33.245596916546859 ], [ 134.173240860660968, 33.245614167394606 ], [ 134.17321422176758, 33.245640138667873 ], [ 134.173181222778481, 33.245684806060034 ], [ 134.17315619468323, 33.245706471629688 ], [ 134.173132389068655, 33.245709444195271 ], [ 134.173105333093616, 33.245718193692348 ], [ 134.173102499814803, 33.245741167481576 ], [ 134.173092860594352, 33.245764194222545 ], [ 134.17311377859761, 33.245781332937177 ], [ 134.173093582896684, 33.245792916909991 ], [ 134.173076888444427, 33.245807361315279 ], [ 134.173077193665108, 33.245818833154985 ], [ 134.17302722216931, 33.245867889312315 ], [ 134.173008694794987, 33.245878028013983 ], [ 134.172959277810065, 33.245882555907272 ], [ 134.17293208280779, 33.245888416938605 ], [ 134.172911917469122, 33.245905693743083 ], [ 134.172901832402772, 33.245922833495989 ], [ 134.172908833302102, 33.245942749581538 ], [ 134.172892221946597, 33.245991306331241 ], [ 134.172883082904519, 33.246001639189309 ], [ 134.172871971913167, 33.246014221977376 ], [ 134.172872139704651, 33.246034167134475 ], [ 134.172855138433704, 33.24603994406597 ], [ 134.172834861234065, 33.246060028351181 ], [ 134.172807639065553, 33.246065889382507 ], [ 134.172788972664023, 33.246078806493358 ], [ 134.172760333057113, 33.246116028454928 ], [ 134.172767332358433, 33.246137360740079 ], [ 134.172764110762216, 33.246157332892182 ], [ 134.172777944769422, 33.246178611187311 ], [ 134.172744138783258, 33.246212999711425 ], [ 134.172720360334921, 33.246223111418082 ], [ 134.172679721240883, 33.246254721533013 ], [ 134.172676499644666, 33.246277528160846 ], [ 134.172659638998965, 33.246297583374513 ], [ 134.172642693658503, 33.246311943679963 ], [ 134.172615471490019, 33.246320639187026 ], [ 134.172588110294299, 33.24631227800274 ], [ 134.172564277513516, 33.246315249530049 ], [ 134.172547416867786, 33.246338167252723 ], [ 134.172564611498444, 33.246352306406777 ], [ 134.172551111476167, 33.246369500149697 ], [ 134.17256497264961, 33.246392193606155 ], [ 134.17257197195093, 33.246412110729977 ], [ 134.17258577879187, 33.246429111354772 ], [ 134.172589417469766, 33.246451888911061 ], [ 134.172604972538039, 33.246474556410782 ], [ 134.172654250495754, 33.246522527576495 ], [ 134.172675417789179, 33.246525305985678 ], [ 134.172702750220651, 33.246525110791012 ], [ 134.172733110888629, 33.246490722266898 ], [ 134.172763888638286, 33.246493360509696 ], [ 134.172775389545023, 33.246506555876778 ], [ 134.172814721463624, 33.246570693936867 ], [ 134.172819582622196, 33.246600971952027 ], [ 134.172840305667762, 33.246620693881177 ], [ 134.172850777453505, 33.246643333347627 ], [ 134.172847638954011, 33.246668917346376 ], [ 134.172854750116301, 33.246694417245294 ], [ 134.172851499755836, 33.246711471860102 ], [ 134.172851750644014, 33.246734194388111 ], [ 134.172858860208322, 33.246756805821285 ], [ 134.172855694542562, 33.246779528349286 ], [ 134.172849166655396, 33.246807971742243 ], [ 134.172866778367677, 33.246853138542029 ], [ 134.172870417045544, 33.246870083100269 ], [ 134.17285369382904, 33.246904305501261 ], [ 134.172833277602194, 33.246913056036604 ], [ 134.17281274951435, 33.246913306259557 ], [ 134.172781832737485, 33.24690091658961 ], [ 134.172738777446284, 33.246873027632574 ], [ 134.172712999882435, 33.246860499872788 ], [ 134.172699194639506, 33.246849278256029 ], [ 134.172671806277549, 33.246843860565782 ], [ 134.172658250324787, 33.246855361477031 ], [ 134.172634417544003, 33.246864110974109 ], [ 134.17261069342814, 33.24688138881686 ], [ 134.172590389062265, 33.246901472063797 ], [ 134.172593971809647, 33.246918471650318 ], [ 134.172587333659493, 33.246935611403224 ], [ 134.17258269462485, 33.246982527687123 ], [ 134.172567610970702, 33.247009667013579 ], [ 134.172545556779482, 33.247025499585185 ], [ 134.172511306545431, 33.247018749795167 ], [ 134.172502832277189, 33.247024499731658 ], [ 134.172495693948662, 33.246996167433544 ], [ 134.172471610279672, 33.246979332931872 ], [ 134.17243727854688, 33.246962555535021 ], [ 134.172396193606943, 33.246952944274256 ], [ 134.172374110651475, 33.246964528247069 ], [ 134.172374500566889, 33.247004361456433 ], [ 134.172362721605708, 33.247022944403945 ], [ 134.172373193391451, 33.247045610865399 ], [ 134.172376833667329, 33.247068333393408 ], [ 134.172368500024334, 33.24708830554551 ], [ 134.172332778019381, 33.247099999574893 ], [ 134.172315583388723, 33.247091639428874 ], [ 134.172291806538425, 33.247103222363421 ], [ 134.172291999898107, 33.247123139487236 ], [ 134.172304360536401, 33.24716424976809 ], [ 134.172333639348921, 33.247188139311014 ], [ 134.172354277699725, 33.247199305899485 ], [ 134.172371555427105, 33.247219027828642 ], [ 134.172387193592101, 33.247241583195255 ], [ 134.172401361584207, 33.247286861089883 ], [ 134.172367389404599, 33.247308527697811 ], [ 134.172341778034223, 33.247310222153629 ], [ 134.172324832693761, 33.247324610492363 ], [ 134.172318194543607, 33.247344582644466 ], [ 134.172328666329349, 33.247364332606892 ], [ 134.172349277513916, 33.24737261072962 ], [ 134.172376721806359, 33.247377944320043 ], [ 134.172393972367473, 33.247391917350974 ], [ 134.172404444153216, 33.24740880584266 ], [ 134.172401249723237, 33.247428721928209 ], [ 134.172391110324412, 33.247443056276921 ], [ 134.172363944086413, 33.247457527677213 ], [ 134.172340167236115, 33.247474860548245 ], [ 134.172347139371197, 33.247494805705344 ], [ 134.172333639348921, 33.247512055514818 ], [ 134.172340611484003, 33.247534917170938 ], [ 134.172333917403364, 33.247552110913858 ], [ 134.172312582318426, 33.247562193548973 ], [ 134.172289388743252, 33.247523721510916 ], [ 134.172265332240471, 33.247512639022275 ], [ 134.172250111157126, 33.247528416565594 ], [ 134.172236833258808, 33.247566916636927 ], [ 134.172245528052969, 33.24758975025977 ], [ 134.172232056794968, 33.247612721972459 ], [ 134.172232194224165, 33.247629888720368 ], [ 134.17223924945597, 33.247664222216194 ], [ 134.172234278034409, 33.247685693629457 ], [ 134.172217556415916, 33.247733000302688 ], [ 134.172222833058157, 33.247753000488061 ], [ 134.172241638486895, 33.247762943995063 ], [ 134.172250443544044, 33.24780011092836 ], [ 134.172245472122484, 33.24782302761276 ], [ 134.172259443558886, 33.247868749886734 ], [ 134.172271556505024, 33.247890139276699 ], [ 134.172288693607157, 33.247904388487321 ], [ 134.172312417722992, 33.247916193611537 ], [ 134.172298527785301, 33.247959110481318 ], [ 134.172349999816248, 33.248018361406871 ], [ 134.172364249307094, 33.248030193526098 ], [ 134.172341832366698, 33.248063611268222 ], [ 134.172310722230151, 33.24807805567351 ], [ 134.172244056282096, 33.2481006390734 ], [ 134.172233971215746, 33.248120750353614 ], [ 134.172194944517827, 33.248149556102625 ], [ 134.17217463855394, 33.248168250144971 ], [ 134.172171389791458, 33.248191166829379 ], [ 134.172188499727355, 33.248202527574243 ], [ 134.172181861577201, 33.248225444258651 ], [ 134.17218027794533, 33.248241193768692 ], [ 134.172147833467079, 33.248234221789005 ], [ 134.172130694766935, 33.248222833010857 ], [ 134.172103416667966, 33.248222972138969 ], [ 134.172079388929461, 33.248243416703694 ], [ 134.172085306375294, 33.248279083337557 ], [ 134.17204875020704, 33.248322139335457 ], [ 134.172006056067005, 33.248303306164992 ], [ 134.171935417456154, 33.248337028120083 ], [ 134.171935693912559, 33.248377499865192 ], [ 134.171910750512041, 33.248456167468667 ], [ 134.17193377789377, 33.248506028284865 ], [ 134.17197438822356, 33.248539889368068 ], [ 134.1719660274143, 33.248564250285348 ], [ 134.171955889613486, 33.248575750158331 ], [ 134.171932138331414, 33.248593028001082 ], [ 134.171925444250775, 33.248610249777279 ], [ 134.171895000486046, 33.248644750434494 ], [ 134.171871444161667, 33.248686361161248 ], [ 134.171857888208905, 33.248702166737843 ], [ 134.171851082267295, 33.248702193732854 ], [ 134.171823722669586, 33.248690889054537 ], [ 134.171813361146832, 33.248673750339897 ], [ 134.171789443671287, 33.248665278060777 ], [ 134.171734972168053, 33.248677000123436 ], [ 134.171711193719744, 33.248691443490451 ], [ 134.171706417255905, 33.248704360601295 ], [ 134.171701749457014, 33.248716944427635 ], [ 134.171697805558466, 33.248728721518575 ], [ 134.171708860619304, 33.248748028139929 ], [ 134.171730443396399, 33.248761471653417 ], [ 134.17176819328111, 33.248794193754975 ], [ 134.171776860909034, 33.248814193940355 ], [ 134.171780416490208, 33.248834222159012 ], [ 134.17177202851471, 33.248854278410938 ], [ 134.171777332323188, 33.248880027494543 ], [ 134.171767111425623, 33.24888005552782 ], [ 134.171746556171541, 33.248868721777953 ], [ 134.171738027570825, 33.24886874981123 ], [ 134.171736055621551, 33.248833000115809 ], [ 134.171715556297954, 33.248825944036284 ], [ 134.171688278198985, 33.248826083164396 ], [ 134.171684971908007, 33.248840417513115 ], [ 134.171661193459698, 33.248854832846853 ], [ 134.17165111158937, 33.248872055661323 ], [ 134.171647861228905, 33.248897832778198 ], [ 134.171631027749413, 33.248926528470641 ], [ 134.171603749650444, 33.248926666560479 ], [ 134.171579999966383, 33.24894394440323 ], [ 134.171563083390168, 33.248961222245981 ], [ 134.171566638971314, 33.248984082863828 ], [ 134.171587221391633, 33.249001166550187 ], [ 134.171612332583635, 33.249010056213642 ], [ 134.171657749739524, 33.24907022185463 ], [ 134.171649249903055, 33.249089583504265 ], [ 134.171635749880778, 33.249109693746213 ], [ 134.171615416750655, 33.24912694355568 ], [ 134.171612110459677, 33.2491412779044 ], [ 134.171598556104954, 33.2491556672814 ], [ 134.17155002761578, 33.2491744173903 ], [ 134.171544666278834, 33.249217306226811 ], [ 134.17150069372758, 33.249281832599692 ], [ 134.171512167468109, 33.249300805936535 ], [ 134.171545166457207, 33.249319055599535 ], [ 134.17155552797999, 33.249339055784915 ], [ 134.171569277292434, 33.249351860762658 ], [ 134.17156444330007, 33.249390527995381 ], [ 134.171548360887186, 33.249423306163493 ], [ 134.171503944088045, 33.249479943764719 ], [ 134.171491805573709, 33.249488193854162 ], [ 134.171464556238988, 33.249491194453022 ], [ 134.171427167505442, 33.249511416828071 ], [ 134.171430638391826, 33.249517110698008 ], [ 134.171399972503167, 33.249522999762611 ], [ 134.171376221221095, 33.249537417172888 ], [ 134.171369555904704, 33.249545917485285 ], [ 134.171362694032581, 33.249554666982363 ], [ 134.171369693333901, 33.249564805684031 ], [ 134.171398056484378, 33.24960605613127 ], [ 134.171370556261451, 33.249686472180578 ], [ 134.171415888722606, 33.249720194135669 ], [ 134.171381972473483, 33.249734638540957 ], [ 134.171370917412617, 33.249735943645717 ], [ 134.171366666695377, 33.249736417096607 ], [ 134.171353749948224, 33.249736444091617 ], [ 134.171299278445019, 33.249748167192543 ], [ 134.171278972481105, 33.249769721667363 ], [ 134.171279082744064, 33.249786889453546 ], [ 134.171224389116901, 33.249767139491112 ], [ 134.17119883367701, 33.249768693780553 ], [ 134.171185333654762, 33.249787360827895 ], [ 134.171153167230955, 33.249819000014369 ], [ 134.171125916298195, 33.249824861045695 ], [ 134.171102110683648, 33.249836443980236 ], [ 134.171081611360052, 33.249830806176853 ], [ 134.171075027542372, 33.249862333230219 ], [ 134.17108533313467, 33.249870860537627 ], [ 134.171092278103515, 33.249888000290532 ], [ 134.171082167468938, 33.249908082499196 ], [ 134.171099306169083, 33.249919444282341 ], [ 134.171092610490405, 33.249936667096804 ], [ 134.171075666747981, 33.249953916906279 ], [ 134.1710855552586, 33.250000000498034 ], [ 134.171089777211591, 33.250019639365625 ], [ 134.171103582454549, 33.250042471950202 ], [ 134.171107139633705, 33.250062500168859 ], [ 134.171100443955055, 33.250079721945056 ], [ 134.17109722235881, 33.250108360532671 ], [ 134.171080139589151, 33.250099833225271 ], [ 134.171076860464439, 33.250121332671803 ], [ 134.171077194449367, 33.250167111012331 ], [ 134.171068806473869, 33.250187194259269 ], [ 134.171019389488947, 33.250191722152557 ], [ 134.170995638206847, 33.250206166557838 ], [ 134.170978721630661, 33.25022627783806 ], [ 134.170978833491631, 33.250243443547703 ], [ 134.170968750023292, 33.250263527832907 ], [ 134.170958832748397, 33.250306527764252 ], [ 134.170948583086613, 33.250303694326782 ], [ 134.170941972102696, 33.250332360947681 ], [ 134.170921749235532, 33.250365361305469 ], [ 134.170932305716008, 33.250409667379841 ], [ 134.170952889734338, 33.250429611498667 ], [ 134.170949610609625, 33.250449666712328 ], [ 134.170939528739297, 33.250469749959265 ], [ 134.17094649927634, 33.250489750144645 ], [ 134.170967056128461, 33.250503972360256 ], [ 134.170967193557658, 33.250521139108173 ], [ 134.170950222648969, 33.250535528485173 ], [ 134.170923027646722, 33.250547111419714 ], [ 134.17090608230626, 33.25056149975844 ], [ 134.170909666651681, 33.250584389447837 ], [ 134.170923471894611, 33.250607222032414 ], [ 134.170920221534146, 33.250630138716822 ], [ 134.170906638415147, 33.250640222390203 ], [ 134.170852139745676, 33.250646194516364 ], [ 134.170828332533119, 33.250656333218032 ], [ 134.170831860948027, 33.250673499965949 ], [ 134.170825139701151, 33.250687833276395 ], [ 134.170821889340658, 33.250707888490055 ], [ 134.170804999930709, 33.250733721673484 ], [ 134.17075058275995, 33.250751166677624 ], [ 134.170726778743415, 33.250762749612164 ], [ 134.170720110231002, 33.250782805864098 ], [ 134.170723611479673, 33.250794249670527 ], [ 134.170720332354932, 33.250814277889184 ], [ 134.170740916373262, 33.250831360537269 ], [ 134.170741082566735, 33.250854250226666 ], [ 134.170730971932159, 33.250871472002856 ], [ 134.170714055355944, 33.250891583283078 ], [ 134.170714167216914, 33.250905916593524 ], [ 134.17070063843039, 33.250923139407988 ], [ 134.170697333737451, 33.250937471680167 ], [ 134.170673638385864, 33.25096336093015 ], [ 134.170649805605052, 33.250964889262853 ], [ 134.17061077730915, 33.250995139244736 ], [ 134.17060580588759, 33.251015194458397 ], [ 134.170626332377424, 33.251023666737517 ], [ 134.170653639240641, 33.251026417113422 ], [ 134.170670750774548, 33.25103491742582 ], [ 134.170681305657013, 33.25108063866152 ], [ 134.170701777814372, 33.251083417070703 ], [ 134.17069161124931, 33.251089194002205 ], [ 134.170722388998939, 33.251106193588726 ], [ 134.170722556790423, 33.251126221807382 ], [ 134.170705555519476, 33.251134917314445 ], [ 134.170673360331421, 33.251162249759027 ], [ 134.170644639225799, 33.251198166615843 ], [ 134.170617417057315, 33.25120688911791 ], [ 134.170590138958318, 33.251209888678495 ], [ 134.170573222382131, 33.25122713848797 ], [ 134.17057505530417, 33.251244306274153 ], [ 134.17054969322399, 33.25127591742735 ], [ 134.170529361691877, 33.251293194231827 ], [ 134.170502110759116, 33.251299056301427 ], [ 134.170488556404365, 33.25131055617441 ], [ 134.170492110387499, 33.251330583354793 ], [ 134.170478610365251, 33.251350693596741 ], [ 134.170485582500334, 33.251373528257851 ], [ 134.170482333737851, 33.251393583471518 ], [ 134.170469917169072, 33.251414777666817 ], [ 134.170468860881812, 33.251416556222473 ], [ 134.170448527751688, 33.251436694497698 ], [ 134.170424805233864, 33.251453972340443 ], [ 134.170428360815009, 33.251473999520833 ], [ 134.170421639568133, 33.251488332831279 ], [ 134.170418416373877, 33.251514110986427 ], [ 134.170408332905538, 33.251537055704105 ], [ 134.170388028539662, 33.251557193979323 ], [ 134.170377916307075, 33.251574416793794 ], [ 134.170381444721983, 33.251591582503437 ], [ 134.170374750641344, 33.251608778322897 ], [ 134.170385139330364, 33.251631638940744 ], [ 134.170375083028262, 33.251654582620155 ], [ 134.170382056761355, 33.251677444276275 ], [ 134.17037213948646, 33.251723277645084 ], [ 134.17037574940008, 33.251749027766955 ], [ 134.170372471873378, 33.251769082980616 ], [ 134.17037574940008, 33.251790056024518 ], [ 134.170356055475537, 33.251857889285759 ], [ 134.170356167336536, 33.251872193524662 ], [ 134.17036652726128, 33.251895028185778 ], [ 134.170350027766744, 33.251969528175479 ], [ 134.170329667470355, 33.251983943509217 ], [ 134.170309639560912, 33.252041277789274 ], [ 134.170306333269934, 33.252061333002935 ], [ 134.170286083236533, 33.252087194219641 ], [ 134.170258861068049, 33.252098778192455 ], [ 134.170234999522989, 33.252098889287289 ], [ 134.170211083645484, 33.252093306512194 ], [ 134.170187139003701, 33.25208197172406 ], [ 134.170163277458641, 33.252084944289635 ], [ 134.170156556211765, 33.252097861400486 ], [ 134.170151693455153, 33.252130777658444 ], [ 134.170153556739479, 33.252153667347841 ], [ 134.170167306051951, 33.252170778029203 ], [ 134.170191471219653, 33.252212166566281 ], [ 134.170207082218411, 33.25224927847129 ], [ 134.170244750604411, 33.252271999961025 ], [ 134.170246583526477, 33.252287722476062 ], [ 134.170233083504201, 33.25230783271801 ], [ 134.170205888501954, 33.252322278161564 ], [ 134.170192417243925, 33.252345249874253 ], [ 134.170209583110335, 33.252359444056587 ], [ 134.170209666207057, 33.252370916934559 ], [ 134.170219971799327, 33.252382305712707 ], [ 134.170206388680327, 33.25239097214822 ], [ 134.170192861491842, 33.252408193924417 ], [ 134.17017580588842, 33.252405416553508 ], [ 134.17015808231514, 33.25241997205363 ], [ 134.170179527663009, 33.252451193855762 ], [ 134.170168814577153, 33.252470984310705 ], [ 134.170298194584632, 33.252564983001612 ], [ 134.17139866852375, 33.253169974333112 ], [ 134.172566292609162, 33.253632269019334 ], [ 134.173782648131493, 33.253944576331854 ], [ 134.175028557324765, 33.254101970720164 ], [ 134.17628436621473, 33.254101970720164 ], [ 134.177530275408003, 33.253944576331854 ] ] ], [ [ [ 134.181848056501536, 33.248436389472964 ], [ 134.181860000058151, 33.248414167390855 ], [ 134.181860000058151, 33.248380278274375 ], [ 134.181848056501536, 33.248339166955255 ], [ 134.181820556278609, 33.248307222517546 ], [ 134.181835833292439, 33.248271388722294 ], [ 134.181834722672704, 33.248233055812356 ], [ 134.181823889735796, 33.248197500273328 ], [ 134.181812500690029, 33.24816555583562 ], [ 134.181856666600964, 33.248133611397911 ], [ 134.181867499537873, 33.248062222063631 ], [ 134.181868611755618, 33.248010555696773 ], [ 134.181902777294937, 33.247979166733252 ], [ 134.181931111681166, 33.247918333484975 ], [ 134.181935555758088, 33.247873611064534 ], [ 134.181919166526512, 33.247818332558083 ], [ 134.18189277852133, 33.247778333225597 ], [ 134.181847778447093, 33.247763056128171 ], [ 134.181820278224166, 33.247761388667357 ], [ 134.181798332697895, 33.247732221600558 ], [ 134.18178638914128, 33.247699444470712 ], [ 134.181789722598467, 33.24766388893169 ], [ 134.181819167604431, 33.247620278497877 ], [ 134.181835833292439, 33.247585278433036 ], [ 134.181834722672704, 33.247545278062276 ], [ 134.181797222078188, 33.24746888946035 ], [ 134.181773055312448, 33.247440277867739 ], [ 134.18172805523821, 33.247425277988278 ], [ 134.181677500467316, 33.247434166613466 ], [ 134.181633611012785, 33.247460832489033 ], [ 134.181607221409593, 33.247509999741204 ], [ 134.181588610938547, 33.247561667146336 ], [ 134.181551388398447, 33.247590277700674 ], [ 134.181487777853164, 33.247637500274074 ], [ 134.181446943801433, 33.247679444285339 ], [ 134.181443610344218, 33.247739722059428 ], [ 134.18145916701053, 33.247807222036165 ], [ 134.181504167084768, 33.247848056137329 ], [ 134.181513055238611, 33.247879444062583 ], [ 134.181515278076091, 33.247938056452398 ], [ 134.181558055312877, 33.248038610776931 ], [ 134.181573332326707, 33.248114443904676 ], [ 134.181611943540986, 33.248187222443548 ], [ 134.181641666601365, 33.248217500458708 ], [ 134.181659166452675, 33.248230832877354 ], [ 134.181685556055868, 33.248274444349434 ], [ 134.181691110752553, 33.248327221664653 ], [ 134.181743610306484, 33.248418611184313 ], [ 134.181783055684065, 33.248448056507335 ], [ 134.181816110603648, 33.248448056507335 ], [ 134.181848056501536, 33.248436389472964 ] ] ], [ [ [ 134.172406110881838, 33.246383888488431 ], [ 134.172425833570628, 33.246330000224837 ], [ 134.172396388564664, 33.246280832972666 ], [ 134.172392500596601, 33.246241110858136 ], [ 134.172388611030527, 33.246209443638385 ], [ 134.172353333273463, 33.246163333051619 ], [ 134.172328055887988, 33.246142778430332 ], [ 134.172312222765299, 33.246111111210581 ], [ 134.172312222765299, 33.24608249961797 ], [ 134.172324166321914, 33.246053889063624 ], [ 134.172357221241526, 33.246028611354376 ], [ 134.172365000373674, 33.245996944134632 ], [ 134.172351388490398, 33.245944444037363 ], [ 134.172308333199197, 33.245908055806197 ], [ 134.172292778130924, 33.245873055741349 ], [ 134.172241943707576, 33.245841388521598 ], [ 134.172177500597002, 33.245841388521598 ], [ 134.172093333199626, 33.245870000114209 ], [ 134.172034721242142, 33.245857222131477 ], [ 134.171958332976914, 33.245865278064528 ], [ 134.171905555368511, 33.245881110636134 ], [ 134.171864443262336, 33.245887500146637 ], [ 134.171817500003073, 33.245890555773769 ], [ 134.171780277462972, 33.245925555838618 ], [ 134.171774444711872, 33.245964999696923 ], [ 134.171774444711872, 33.246009443861141 ], [ 134.171821389569146, 33.24606972163523 ], [ 134.171864443262336, 33.246106389160893 ], [ 134.17194861065974, 33.246138056380644 ], [ 134.172058055442562, 33.246125278397905 ], [ 134.172058055442562, 33.24618416696741 ], [ 134.172069722542773, 33.246249166791188 ], [ 134.172101110733763, 33.246296666582545 ], [ 134.172132500522764, 33.246328611020246 ], [ 134.17213444370779, 33.246374444389055 ], [ 134.172195000448312, 33.246415832926132 ], [ 134.17225750037386, 33.24643333295856 ], [ 134.172335833422125, 33.246436388585693 ], [ 134.172406110881838, 33.246383888488431 ] ] ], [ [ [ 134.177464167166818, 33.243499443957198 ], [ 134.177499166869438, 33.243472221569178 ], [ 134.177511944589384, 33.243419444253959 ], [ 134.177535833300681, 33.243354999904362 ], [ 134.177523055580735, 33.243308611061373 ], [ 134.177480278343978, 33.243264722371336 ], [ 134.177451389446873, 33.243236110778724 ], [ 134.177445278641358, 33.243181944258907 ], [ 134.177414999472063, 33.243141943888155 ], [ 134.177359166460917, 33.243121389266861 ], [ 134.177340277935457, 33.243094444096798 ], [ 134.177310000364201, 33.243027222376291 ], [ 134.177252778678877, 33.24298583280094 ], [ 134.177187499806962, 33.242976944175751 ], [ 134.177095278419046, 33.242979444328711 ], [ 134.177063610575601, 33.242969166498931 ], [ 134.177057221715614, 33.24293444365204 ], [ 134.177046110724291, 33.242906388571882 ], [ 134.177019166610222, 33.242871666763257 ], [ 134.176987222310373, 33.242859999728886 ], [ 134.176944167019172, 33.242857499575933 ], [ 134.17691555617651, 33.242844444375237 ], [ 134.176879166201701, 33.242813610885896 ], [ 134.176823333190555, 33.242800555685207 ], [ 134.176763056102487, 33.242807222413667 ], [ 134.17673916739119, 33.242836666698416 ], [ 134.17674861165392, 33.242868889392348 ], [ 134.176781944627947, 33.242892222422824 ], [ 134.176799444479286, 33.242925833283074 ], [ 134.176821944516405, 33.243003332833361 ], [ 134.176859999621797, 33.243059999506137 ], [ 134.176923611765091, 33.243083056356923 ], [ 134.176947500476359, 33.243088332842518 ], [ 134.176991944441738, 33.24313750009469 ], [ 134.177025277415765, 33.243181110528504 ], [ 134.177112778270356, 33.243220832643033 ], [ 134.177144722570205, 33.243240000136275 ], [ 134.177179722272825, 33.243336944397754 ], [ 134.177211388518259, 33.243387221560027 ], [ 134.177263889670229, 33.243425832726189 ], [ 134.177330555618283, 33.243469722454492 ], [ 134.177402221752118, 33.243500833161789 ], [ 134.177464167166818, 33.243499443957198 ] ] ], [ [ [ 134.177188332372282, 33.242582222145131 ], [ 134.177230556696202, 33.242542221774372 ], [ 134.177228055804278, 33.242479722103546 ], [ 134.177202500364388, 33.242441667449839 ], [ 134.177225832966798, 33.242399999618264 ], [ 134.177232777935643, 33.242379166740747 ], [ 134.177218889595991, 33.242350556186402 ], [ 134.177244443437843, 33.242312500494421 ], [ 134.177251666461132, 33.242276666699162 ], [ 134.177239999360921, 33.242219721770169 ], [ 134.177216388704068, 33.242174166657584 ], [ 134.177197778233023, 33.242145556103246 ], [ 134.177148610538268, 33.242140000323147 ], [ 134.177069166870268, 33.242126666866227 ], [ 134.177059722607538, 33.242088611174246 ], [ 134.176996666573103, 33.242035555602797 ], [ 134.176944999584464, 33.242005277587637 ], [ 134.176858610947619, 33.242037500281569 ], [ 134.176793055619299, 33.242086666495474 ], [ 134.176753333785314, 33.242141943963652 ], [ 134.176753333785314, 33.242191111215824 ], [ 134.176776666387724, 33.242242500364725 ], [ 134.176779167279619, 33.242270832662847 ], [ 134.176758055916679, 33.242295555936181 ], [ 134.176762778048044, 33.242341111048759 ], [ 134.176793055619299, 33.242379166740747 ], [ 134.17683972242213, 33.242388610840116 ], [ 134.176896111542163, 33.242377222061968 ], [ 134.176935833376149, 33.242358055606999 ], [ 134.176952222607753, 33.242407500077128 ], [ 134.177001388704468, 33.242443611090337 ], [ 134.177029443438272, 33.242451110510935 ], [ 134.177059722607538, 33.242500556019337 ], [ 134.177073889001633, 33.242550000489466 ], [ 134.177127500773338, 33.242574444468303 ], [ 134.177160277638478, 33.242584166823903 ], [ 134.177188332372282, 33.242582222145131 ] ] ], [ [ [ 134.183269999721006, 33.246633610992028 ], [ 134.183283889658668, 33.246584166521899 ], [ 134.183273333178192, 33.24654444440737 ], [ 134.183221111678705, 33.246499166512741 ], [ 134.183224721592325, 33.24648083274991 ], [ 134.183278611418444, 33.246478056417267 ], [ 134.183311666338028, 33.246466666600853 ], [ 134.183327499460745, 33.246435555893555 ], [ 134.183254166598289, 33.246374721607012 ], [ 134.18321777822149, 33.246360556496221 ], [ 134.183167221852557, 33.246309721783234 ], [ 134.183114722298626, 33.24628555606062 ], [ 134.183034722521768, 33.246243332754865 ], [ 134.182992777850302, 33.246247500368639 ], [ 134.182978889510622, 33.246278611075937 ], [ 134.182971944541777, 33.246325278175156 ], [ 134.182935556164978, 33.246380278425377 ], [ 134.182933611381941, 33.246428610908872 ], [ 134.182968333030118, 33.246469443971769 ], [ 134.18300861097299, 33.246493610732649 ], [ 134.183020832584077, 33.246554443980926 ], [ 134.183052222373078, 33.246592499672907 ], [ 134.183080000650449, 33.246603889489322 ], [ 134.183114722298626, 33.246637777567535 ], [ 134.183175833550024, 33.246675833259516 ], [ 134.183224721592325, 33.246681667295839 ], [ 134.183269999721006, 33.246633610992028 ] ] ], [ [ [ 134.178686943509405, 33.242759444366087 ], [ 134.178735000584425, 33.24268583313507 ], [ 134.178738888552488, 33.242645832764318 ], [ 134.178731111018351, 33.242607778110603 ], [ 134.178767777449593, 33.242560555537203 ], [ 134.17876527815568, 33.242526389202766 ], [ 134.178733610312264, 33.24247305641336 ], [ 134.178705833632904, 33.242420556316091 ], [ 134.17865888877563, 33.242381666893699 ], [ 134.178589167424803, 33.242382499585837 ], [ 134.178527222010104, 33.242411389434679 ], [ 134.178488056284976, 33.242451388767165 ], [ 134.178485277338638, 33.242498611340565 ], [ 134.178465278193443, 33.24255722165384 ], [ 134.178489166904711, 33.242610832699469 ], [ 134.178481667425018, 33.242649722121861 ], [ 134.178470278379251, 33.242694167324352 ], [ 134.178489166904711, 33.242755556046809 ], [ 134.178548889481931, 33.242797500058067 ], [ 134.178629721824109, 33.242799721954796 ], [ 134.178686943509405, 33.242759444366087 ] ] ], [ [ [ 134.181706667418837, 33.248836110771229 ], [ 134.181721944432667, 33.248795000490375 ], [ 134.181721944432667, 33.248764722475215 ], [ 134.181697777666955, 33.248720278310998 ], [ 134.181713056278795, 33.248691666718393 ], [ 134.181695556427485, 33.248632778148888 ], [ 134.1816427772211, 33.248564999915928 ], [ 134.181570278521946, 33.248525833275579 ], [ 134.181530833144365, 33.248443888893561 ], [ 134.181508889216133, 33.248372499559281 ], [ 134.181471388621588, 33.248340277903615 ], [ 134.181451667530808, 33.248368889496227 ], [ 134.181453888770278, 33.248399167511387 ], [ 134.18146055568468, 33.248450832839978 ], [ 134.181442777778926, 33.248488333057779 ], [ 134.181409999315775, 33.248549167344322 ], [ 134.181431943244007, 33.248598889032408 ], [ 134.18148249961294, 33.248652500078045 ], [ 134.181508889216133, 33.248714999748863 ], [ 134.181543888918753, 33.248763056052674 ], [ 134.181581389513298, 33.248811111318211 ], [ 134.18162750020727, 33.248845000434692 ], [ 134.181682500653125, 33.24885027795856 ], [ 134.181706667418837, 33.248836110771229 ] ] ], [ [ [ 134.178850278118375, 33.243551944054467 ], [ 134.178874166829644, 33.243528332767767 ], [ 134.178871667535759, 33.24348416685978 ], [ 134.178848889444197, 33.243449166794932 ], [ 134.178874166829644, 33.243416388626819 ], [ 134.178875555503822, 33.243378332934832 ], [ 134.178853889630005, 33.243338332564079 ], [ 134.178809722121059, 33.243300277910365 ], [ 134.178748888924105, 33.243276666623665 ], [ 134.178738610498073, 33.243246666864728 ], [ 134.178689444401329, 33.24320777848061 ], [ 134.178642499544054, 33.243208611172747 ], [ 134.178591666718717, 33.243228333101904 ], [ 134.178557499581359, 33.243250833440236 ], [ 134.178557499581359, 33.243281666929576 ], [ 134.178575277487113, 33.243362777581183 ], [ 134.178633611390183, 33.243419444253959 ], [ 134.178663888961438, 33.24347388903 ], [ 134.178696943881022, 33.243522221513494 ], [ 134.178747500249955, 33.243558332526703 ], [ 134.178798333075292, 33.243571667021889 ], [ 134.178850278118375, 33.243551944054467 ] ] ], [ [ [ 134.174996111248504, 33.244164722407213 ], [ 134.174988333714367, 33.244129999560322 ], [ 134.174957221979781, 33.244088611023244 ], [ 134.174949166391229, 33.244031667132518 ], [ 134.174933611322956, 33.243974443947295 ], [ 134.17487694414848, 33.243939443882454 ], [ 134.174818333789005, 33.243942777765817 ], [ 134.174771388931731, 33.243971389358428 ], [ 134.174718611323357, 33.243983889084937 ], [ 134.174687221534356, 33.244025277622015 ], [ 134.174669721683046, 33.24407444383592 ], [ 134.174700833417603, 33.244126666715232 ], [ 134.174738055957704, 33.244137778275416 ], [ 134.174810556254869, 33.244166388829761 ], [ 134.174869166614343, 33.244191943756967 ], [ 134.174953055957303, 33.244210832993978 ], [ 134.174996111248504, 33.244164722407213 ] ] ], [ [ [ 134.178755832294939, 33.242006388536005 ], [ 134.178773611798704, 33.241956944065876 ], [ 134.178768611612895, 33.24190361127647 ], [ 134.178733055801388, 33.24184611087329 ], [ 134.178705277524045, 33.241794721724382 ], [ 134.178690000510187, 33.241741110678753 ], [ 134.178636943249359, 33.241724721594693 ], [ 134.178586110424021, 33.241720556057459 ], [ 134.178550556210553, 33.241739167038247 ], [ 134.178545556024744, 33.241788611508376 ], [ 134.178560833038574, 33.241843888976561 ], [ 134.178598889741977, 33.24189333344669 ], [ 134.178613888701392, 33.241926110576536 ], [ 134.178596388850082, 33.241955000425371 ], [ 134.178586110424021, 33.242002221960497 ], [ 134.178616667647731, 33.242043333279618 ], [ 134.178651943806784, 33.242057777684906 ], [ 134.178755832294939, 33.242006388536005 ] ] ], [ [ [ 134.182657950770903, 33.244400011926494 ], [ 134.182673528211382, 33.244376450476729 ], [ 134.182693781440804, 33.244331941939805 ], [ 134.182685991122554, 33.244280890228488 ], [ 134.182678202402343, 33.244254709224776 ], [ 134.182626792693952, 33.244212819203533 ], [ 134.182576941049206, 33.244211510983959 ], [ 134.18251151036597, 33.244207583210439 ], [ 134.18243673289885, 33.244308379451773 ], [ 134.182458542593906, 33.244398703706928 ], [ 134.182564478138005, 33.244435356696812 ], [ 134.182657950770903, 33.244400011926494 ] ] ], [ [ [ 134.177511177542669, 33.241512186789777 ], [ 134.177541761932616, 33.241456288436432 ], [ 134.177545584382102, 33.241368905598776 ], [ 134.177534115435634, 33.241336137813356 ], [ 134.177534115435634, 33.241284094554665 ], [ 134.177466829458155, 33.241267388798413 ], [ 134.177394955582457, 33.241324572529393 ], [ 134.177341433299574, 33.241390109138507 ], [ 134.177330728203771, 33.241456288436432 ], [ 134.177332257503167, 33.241496123722342 ], [ 134.177365900491935, 33.241514113817971 ], [ 134.177431657170018, 33.24152118235672 ], [ 134.177511177542669, 33.241512186789777 ] ] ], [ [ [ 134.177780099328658, 33.242174438684195 ], [ 134.177758594854282, 33.242107218001955 ], [ 134.177759456183821, 33.242086980052861 ], [ 134.177759456183821, 33.242068910010481 ], [ 134.177752573537504, 33.242026265167311 ], [ 134.177734511185264, 33.241992292989273 ], [ 134.177686340651263, 33.241958321849502 ], [ 134.177666557237927, 33.241961936065628 ], [ 134.177636452252187, 33.241985064557014 ], [ 134.177606345668437, 33.242033492561298 ], [ 134.17761064752213, 33.242087702688437 ], [ 134.177634731191119, 33.242106496404652 ], [ 134.177657095397052, 33.242121673828208 ], [ 134.17768290172512, 33.242159982857949 ], [ 134.17771816829611, 33.242180944480879 ], [ 134.177744832757696, 33.242189618184284 ], [ 134.177780099328658, 33.242174438684195 ] ] ], [ [ [ 134.177447079603127, 33.241823980158898 ], [ 134.177466864614445, 33.241782779548593 ], [ 134.177441058286377, 33.241726401514747 ], [ 134.177348159340482, 33.241684478268873 ], [ 134.177318052756732, 33.241681586688316 ], [ 134.177297409611896, 33.241685922501752 ], [ 134.177268162759646, 33.241698934095126 ], [ 134.177296548282328, 33.241786393764727 ], [ 134.177328374329164, 33.241823980158898 ], [ 134.177384287241011, 33.241844219146259 ], [ 134.177447079603127, 33.241823980158898 ] ] ], [ [ [ 134.177512681273839, 33.24113895589953 ], [ 134.17756601339309, 33.24112353552092 ], [ 134.177579203400654, 33.241083056507925 ], [ 134.177566588678133, 33.241042577494923 ], [ 134.177517842859061, 33.241023784816974 ], [ 134.177457056004528, 33.241020411479369 ], [ 134.177376771781155, 33.241060407697049 ], [ 134.177360027790485, 33.241090869485909 ], [ 134.177370501174238, 33.241108472307012 ], [ 134.177390533877741, 33.241119681464532 ], [ 134.177427235465274, 33.241121608492726 ], [ 134.17745762969156, 33.241140883965997 ], [ 134.177512681273839, 33.24113895589953 ] ] ], [ [ [ 134.179304115692389, 33.242831523111313 ], [ 134.179312271955837, 33.242814387511487 ], [ 134.179303096159458, 33.242775832411873 ], [ 134.179286782034524, 33.242751843195073 ], [ 134.17927148744252, 33.242751843195073 ], [ 134.179208271606711, 33.242774119267196 ], [ 134.179176664487784, 33.242810102573259 ], [ 134.179161369895809, 33.242851229466424 ], [ 134.179180742619536, 33.242883786483134 ], [ 134.17921642946817, 33.242895780572397 ], [ 134.179253134251752, 33.242900921044694 ], [ 134.179304115692389, 33.242831523111313 ] ] ], [ [ [ 134.177663538589485, 33.24255367181042 ], [ 134.177650634626445, 33.242517894081715 ], [ 134.177613218726634, 33.242495125869851 ], [ 134.177614508323956, 33.242463683954583 ], [ 134.177582252411355, 33.242447420501136 ], [ 134.177559028473894, 33.242435494937659 ], [ 134.177531932548504, 33.242456095242808 ], [ 134.17752548136599, 33.242494040878221 ], [ 134.177539674926351, 33.242530903598549 ], [ 134.177569350046326, 33.242564514458806 ], [ 134.177596444373677, 33.242578607928998 ], [ 134.177632572274206, 33.242580775835712 ], [ 134.177663538589485, 33.24255367181042 ] ] ], [ [ [ 134.177965841289932, 33.242489705064791 ], [ 134.177990354824686, 33.242465851861297 ], [ 134.177995516409908, 33.242434410984302 ], [ 134.177959388509407, 33.242427906225885 ], [ 134.177938745364543, 33.242424654365806 ], [ 134.177825204871823, 33.242473441611345 ], [ 134.177812302506794, 33.242487536119803 ], [ 134.177826494469116, 33.242511388285031 ], [ 134.177849718406577, 33.242524398840132 ], [ 134.177915521427082, 33.242524398840132 ], [ 134.177965841289932, 33.242489705064791 ] ] ], [ [ [ 134.175922865085681, 33.242479455268288 ], [ 134.175882222795622, 33.242424162226065 ], [ 134.175802873410447, 33.242398142154123 ], [ 134.175779649472986, 33.242417657467648 ], [ 134.175789327045749, 33.24246644471318 ], [ 134.175824163750974, 33.242497343613501 ], [ 134.175860934053105, 33.242520110787098 ], [ 134.175918994695763, 33.242524989615482 ], [ 134.175922865085681, 33.242479455268288 ] ] ], [ [ [ 134.177353851466364, 33.241291282494416 ], [ 134.177390169530554, 33.241245021358573 ], [ 134.177390551455886, 33.241195868642173 ], [ 134.177351938643596, 33.241157317695638 ], [ 134.177327089525903, 33.241166313262589 ], [ 134.17729765091201, 33.241212896261978 ], [ 134.177282741441388, 33.241275862115806 ], [ 134.177304151632939, 33.241300598886639 ], [ 134.177353851466364, 33.241291282494416 ] ] ], [ [ [ 134.171423332271814, 33.246021110895512 ], [ 134.171439166992542, 33.246003610863092 ], [ 134.171450832494742, 33.245962222326007 ], [ 134.171450832494742, 33.245941666666447 ], [ 134.171427221837916, 33.245925833056575 ], [ 134.171376389012551, 33.24591777816179 ], [ 134.171339444526893, 33.245951110765823 ], [ 134.171321666621139, 33.246024166522652 ], [ 134.171368611478414, 33.2460258329452 ], [ 134.171423332271814, 33.246021110895512 ] ] ], [ [ [ 134.176809935441185, 33.24081412394203 ], [ 134.176849289731962, 33.24079406457529 ], [ 134.176849289731962, 33.240743646208372 ], [ 134.176811225038477, 33.240718164998306 ], [ 134.176742192431703, 33.240730633576732 ], [ 134.176724128481425, 33.240772921255193 ], [ 134.176722191688469, 33.240781052981916 ], [ 134.176763482772202, 33.240823882637066 ], [ 134.176809935441185, 33.24081412394203 ] ] ], [ [ [ 134.183226388320918, 33.246210832842976 ], [ 134.18323166656117, 33.24617388913763 ], [ 134.183181111790248, 33.246141389225741 ], [ 134.183133888878558, 33.246124443629228 ], [ 134.183106110601187, 33.246148611428382 ], [ 134.183114722298626, 33.246179722135679 ], [ 134.183156666970092, 33.246220556236842 ], [ 134.183207221741014, 33.246224721774077 ], [ 134.183226388320918, 33.246210832842976 ] ] ], [ [ [ 134.171151666695806, 33.245927500517389 ], [ 134.171180833647327, 33.245895556079681 ], [ 134.171182778430364, 33.245867221705026 ], [ 134.171169166547116, 33.245843333200376 ], [ 134.171110556187642, 33.245841666777828 ], [ 134.171077221615604, 33.245879722469809 ], [ 134.171077221615604, 33.245916388957205 ], [ 134.171114444155705, 33.245930556144529 ], [ 134.171151666695806, 33.245927500517389 ] ] ], [ [ [ 134.176119930574146, 33.241666666755606 ], [ 134.176127145607353, 33.241664140645909 ], [ 134.176155532728046, 33.241596912695783 ], [ 134.176128005338882, 33.241580286886283 ], [ 134.176069508438388, 33.241592575844081 ], [ 134.176052302621656, 33.241635948514173 ], [ 134.176071227901446, 33.241661971700921 ], [ 134.176088849201847, 33.241666666755606 ], [ 134.176106499266467, 33.241671369078169 ], [ 134.176119930574146, 33.241666666755606 ] ] ], [ [ [ 134.178387996638378, 33.241588486100525 ], [ 134.178389524339764, 33.241564710767243 ], [ 134.178379584692692, 33.241526156705895 ], [ 134.178329114616531, 33.241508164533734 ], [ 134.178303880377456, 33.241535153311119 ], [ 134.178300821778663, 33.241583345628229 ], [ 134.178352055705517, 33.241603264828584 ], [ 134.178387996638378, 33.241588486100525 ] ] ], [ [ [ 134.177137692906626, 33.24167584817279 ], [ 134.177143156516479, 33.241666666755606 ], [ 134.177156044499412, 33.24164500845383 ], [ 134.177130046409644, 33.241620592508269 ], [ 134.177120106762544, 33.241616738451889 ], [ 134.177076524126733, 33.241616738451889 ], [ 134.177063525880868, 33.241630229725772 ], [ 134.177052056934372, 33.241652717604872 ], [ 134.17705054840917, 33.241666666755606 ], [ 134.177050527634975, 33.241666852605846 ], [ 134.177084934474408, 33.241689983173764 ], [ 134.177137692906626, 33.24167584817279 ] ] ], [ [ [ 134.17898253614905, 33.241473081407328 ], [ 134.178977948250861, 33.241446092629943 ], [ 134.17893741941981, 33.24143259927952 ], [ 134.178916773078925, 33.241412037390347 ], [ 134.178893833587949, 33.241419747579648 ], [ 134.178879304444678, 33.241458944329814 ], [ 134.178896890588732, 33.241485290418382 ], [ 134.178948124515586, 33.241489145513029 ], [ 134.17898253614905, 33.241473081407328 ] ] ], [ [ [ 134.171466389161054, 33.245798889036159 ], [ 134.171441111775579, 33.245767221816408 ], [ 134.171390277352231, 33.245760833344171 ], [ 134.171368611478414, 33.245792499525656 ], [ 134.171380278578653, 33.245822777540809 ], [ 134.171443056558644, 33.245833889101 ], [ 134.171466389161054, 33.245798889036159 ] ] ], [ [ [ 134.177528747706617, 33.240789921879987 ], [ 134.177566022981182, 33.240798113826344 ], [ 134.177590108248182, 33.240783175204776 ], [ 134.177558568245871, 33.240748961109944 ], [ 134.177497206106267, 33.240749441828719 ], [ 134.177478280826477, 33.24077980186717 ], [ 134.17748114926161, 33.240787031337696 ], [ 134.177496058732231, 33.240799560135756 ], [ 134.177528747706617, 33.240789921879987 ] ] ], [ [ [ 134.176211229908006, 33.242403020982508 ], [ 134.176215100297895, 33.242381878700677 ], [ 134.176199618738281, 33.242359110488813 ], [ 134.176155104460292, 33.242359110488813 ], [ 134.176141558095622, 33.242370495113882 ], [ 134.17614929887543, 33.24242090932772 ], [ 134.176176393202809, 33.242425788156105 ], [ 134.176211229908006, 33.242403020982508 ] ] ], [ [ [ 134.181757444313689, 33.251450805618468 ], [ 134.181767500615791, 33.25144786108617 ], [ 134.181767361588584, 33.251436389246464 ], [ 134.181770556018563, 33.251424917406759 ], [ 134.181787167374097, 33.251410471963204 ], [ 134.181790388970313, 33.251398972090222 ], [ 134.181776749920829, 33.251387639378628 ], [ 134.181769943979191, 33.251381944470424 ], [ 134.181759916441337, 33.251387750473462 ], [ 134.181759972371822, 33.251390610905936 ], [ 134.181746667307266, 33.251402193840477 ], [ 134.181733333478462, 33.25141088934754 ], [ 134.181737028086815, 33.25143377799867 ], [ 134.181733943919795, 33.251453861245608 ], [ 134.181744110484857, 33.251459500087265 ], [ 134.181757444313689, 33.251450805618468 ] ] ], [ [ [ 134.181541443957343, 33.250945388485107 ], [ 134.181541028473703, 33.250916721864208 ], [ 134.181530805978127, 33.250908221551811 ], [ 134.181507249653748, 33.250908388713199 ], [ 134.181497278046407, 33.250917056186985 ], [ 134.181504221417242, 33.250931333430884 ], [ 134.181501028585274, 33.250942833303867 ], [ 134.181507832928872, 33.250948500178794 ], [ 134.181514528607522, 33.250945582641499 ], [ 134.181531443585726, 33.250951194488145 ], [ 134.181541443957343, 33.250945388485107 ] ] ], [ [ [ 134.171346582855449, 33.24968638911902 ], [ 134.171353278534099, 33.249669194337834 ], [ 134.171346360731491, 33.249654917093935 ], [ 134.171312361385617, 33.249669388494226 ], [ 134.171302221986792, 33.249680889405482 ], [ 134.17132622255906, 33.249700805491031 ], [ 134.171346582855449, 33.24968638911902 ] ] ], [ [ [ 134.181611555223583, 33.250901861112858 ], [ 134.181614917445017, 33.250901833079581 ], [ 134.181628249675839, 33.250890278178311 ], [ 134.181614610626326, 33.250878917433447 ], [ 134.181607916545687, 33.250881832894201 ], [ 134.181597749980625, 33.250879055523285 ], [ 134.181584417749832, 33.250887749992081 ], [ 134.181580999597884, 33.250884888521341 ], [ 134.181567721699537, 33.250899332926622 ], [ 134.181581306416575, 33.250907806244015 ], [ 134.181601610782451, 33.250913389019111 ], [ 134.181611555223583, 33.250901861112858 ] ] ], [ [ [ 134.181901166496829, 33.251615833364149 ], [ 134.181901056233841, 33.251607249990194 ], [ 134.181914361298425, 33.251595667055646 ], [ 134.181883861603211, 33.251581610963157 ], [ 134.181870583704892, 33.251596028373434 ], [ 134.18187400025883, 33.251598888805908 ], [ 134.18186741644115, 33.251610388678891 ], [ 134.181877638936697, 33.251618888991288 ], [ 134.181894499582398, 33.251621611333917 ], [ 134.181901166496829, 33.251615833364149 ] ] ] ] } },
{ "type": "Feature", "properties": { "P12_001": 10203, "P12_002": "西南大規模公園", "P12_003": "39", "P12_004": "39428", "P12_005": "‐", "P12_006": "黒潮町入野388", "P12_007": 4 }, "geometry": { "type": "Polygon", "coordinates": [ [ [ 133.016524488028068, 33.022491215744715 ], [ 133.016499549421582, 33.022206172350991 ], [ 133.016425494256794, 33.021929791239707 ], [ 133.016304569341401, 33.021670467858044 ], [ 133.016140451705581, 33.021436082671492 ], [ 133.015938125555039, 33.02123375717057 ], [ 133.015703740047599, 33.021069638948973 ], [ 133.015444417531711, 33.020948714815113 ], [ 133.01516803621638, 33.020874658166491 ], [ 133.01488299366514, 33.02084972100964 ], [ 133.014597951113927, 33.020874658166491 ], [ 133.014321568200558, 33.020948714815113 ], [ 133.01406224568467, 33.021069638948973 ], [ 133.013827860177258, 33.02123375717057 ], [ 133.013625535624726, 33.021436082671492 ], [ 133.013461416390896, 33.021670467858044 ], [ 133.013340493073486, 33.021929791239707 ], [ 133.013266436310687, 33.022206172350991 ], [ 133.0132414977042, 33.022491215744715 ], [ 133.013266436310687, 33.022776258100166 ], [ 133.013340493073486, 33.02305263921145 ], [ 133.013461416390896, 33.023311962593112 ], [ 133.013625535624726, 33.023546347779664 ], [ 133.013827860177258, 33.023748673280586 ], [ 133.01406224568467, 33.023912791502184 ], [ 133.014321568200558, 33.024033715636037 ], [ 133.014597951113927, 33.024107772284665 ], [ 133.01488299366514, 33.02413271047979 ], [ 133.01516803621638, 33.024107772284665 ], [ 133.015444417531711, 33.024033715636037 ], [ 133.015703740047599, 33.023912791502184 ], [ 133.015938125555039, 33.023748673280586 ], [ 133.016140451705581, 33.023546347779664 ], [ 133.016304569341401, 33.023311962593112 ], [ 133.016425494256794, 33.02305263921145 ], [ 133.016499549421582, 33.022776258100166 ], [ 133.016524488028068, 33.022491215744715 ] ] ] } },
{ "type": "Feature", "properties": { "P12_001": 10070, "P12_002": "足摺岬", "P12_003": "39", "P12_004": "39209", "P12_005": "海岸・岬", "P12_006": "土佐清水市", "P12_007": 1 }, "geometry": { "type": "MultiPolygon", "coordinates": [ [ [ [ 133.011933707016823, 32.734693973106239 ], [ 133.013150064137164, 32.734381664755446 ], [ 133.014317686624565, 32.73391937110749 ], [ 133.015418162161694, 32.733314379775997 ], [ 133.016434134718509, 32.732576232457667 ], [ 133.017349581008602, 32.731716571268407 ], [ 133.018150064573547, 32.730748952893073 ], [ 133.0188229611027, 32.729688636778505 ], [ 133.01935765978314, 32.728552345293281 ], [ 133.019745726296946, 32.727357998968962 ], [ 133.019981041848496, 32.726124432014281 ], [ 133.020059894251318, 32.724871100561401 ], [ 133.019981041848496, 32.723617768070248 ], [ 133.019953498479197, 32.723473379045693 ], [ 133.019909888677148, 32.723489306099822 ], [ 133.019882722439149, 32.723504944515035 ], [ 133.019852193979688, 32.723510556361681 ], [ 133.019821721450711, 32.723507582757833 ], [ 133.019794611143226, 32.723510333133738 ], [ 133.019764167378497, 32.723501638664942 ], [ 133.019684250698361, 32.723501333413708 ], [ 133.019662500129812, 32.723512694158579 ], [ 133.019638777611988, 32.723515471529495 ], [ 133.019611582609713, 32.72353538865331 ], [ 133.019587805759414, 32.723546750436448 ], [ 133.019567360768292, 32.723568138788153 ], [ 133.019541749397916, 32.723609583391784 ], [ 133.019531443805647, 32.723630999776759 ], [ 133.019499055257882, 32.723672389352103 ], [ 133.019476943538166, 32.723692610688886 ], [ 133.019461610593822, 32.723706610714828 ], [ 133.019437833743524, 32.723720832930439 ], [ 133.019420778140102, 32.723743666553283 ], [ 133.01939363906834, 32.72375216686568 ], [ 133.019376583464918, 32.723775000488523 ], [ 133.019356167238072, 32.723789249699138 ], [ 133.019349278199712, 32.723812111355258 ], [ 133.01933222259629, 32.72383638921098 ], [ 133.019281221979469, 32.723867667079666 ], [ 133.019257416364923, 32.723886193960624 ], [ 133.019242083420579, 32.723904749913125 ], [ 133.019169028612566, 32.723948860792838 ], [ 133.019155360798834, 32.723968832944934 ], [ 133.019148471760474, 32.723991721596065 ], [ 133.019135833067736, 32.724074139428971 ], [ 133.019131027839649, 32.724084694476709 ], [ 133.019076778460374, 32.724095944126745 ], [ 133.018963778096378, 32.724101305750445 ], [ 133.018818555378118, 32.724064889486002 ], [ 133.018745000391704, 32.724064611229771 ], [ 133.018690861275388, 32.724057249899019 ], [ 133.018636749325339, 32.724039860961433 ], [ 133.018582610209023, 32.72402674969419 ], [ 133.018501360785194, 32.724019278306862 ], [ 133.018474277643946, 32.724020611444899 ], [ 133.018420082597146, 32.724016110546621 ], [ 133.018365943480831, 32.724007306021257 ], [ 133.018225278298473, 32.723963528426061 ], [ 133.018068278217015, 32.723933139316067 ], [ 133.018009167679168, 32.723904277500502 ], [ 133.017951778202388, 32.723866833349256 ], [ 133.017876056309007, 32.723774944421969 ], [ 133.017830583222604, 32.723728943891771 ], [ 133.017825857895218, 32.723725329675638 ], [ 133.017760556651126, 32.723693610542419 ], [ 133.017713611793852, 32.723700000052922 ], [ 133.017688056353961, 32.723696667207825 ], [ 133.017665278262399, 32.723653055735745 ], [ 133.017633888473398, 32.723634166498734 ], [ 133.017598888770777, 32.723618055670904 ], [ 133.01753416760576, 32.723610277994077 ], [ 133.017483333182383, 32.723599167472159 ], [ 133.017450000208356, 32.723599167472159 ], [ 133.017424444768494, 32.723606944110713 ], [ 133.017397222599982, 32.723627778026497 ], [ 133.017377499911191, 32.723610277994077 ], [ 133.017348056503266, 32.723591110500834 ], [ 133.01731694476868, 32.723586389489419 ], [ 133.01728555657769, 32.723586389489419 ], [ 133.017244444471515, 32.723588055911968 ], [ 133.017220832216651, 32.723592777961656 ], [ 133.017197221559798, 32.723610277994077 ], [ 133.017185556057598, 32.723611667198668 ], [ 133.01715222148556, 32.723600555638477 ], [ 133.017113055760433, 32.723591110500834 ], [ 133.017081667569443, 32.723592777961656 ], [ 133.017023055611958, 32.723594167166247 ], [ 133.016989722637931, 32.723595832550522 ], [ 133.01696416719804, 32.723616667504579 ], [ 133.016942499726213, 32.723629167231088 ], [ 133.016923056689876, 32.723597500011337 ], [ 133.016897499651975, 32.723575277929228 ], [ 133.016862221894911, 32.723562499946496 ], [ 133.016809444286537, 32.72355305584712 ], [ 133.016726943617755, 32.723574999673005 ], [ 133.016666666529687, 32.723549610868922 ], [ 133.016606943952468, 32.723524444254515 ], [ 133.016446944398723, 32.723524444254515 ], [ 133.01616694358168, 32.723485000396209 ], [ 133.016007222082379, 32.723451111279729 ], [ 133.015580555540396, 32.723281943953552 ], [ 133.015507500732383, 32.723270833431634 ], [ 133.015407500212291, 32.723248333093302 ], [ 133.014941110238311, 32.723236944315154 ], [ 133.01450805643438, 32.723158055560276 ], [ 133.014512778565745, 32.723130833172256 ], [ 133.014499166682498, 32.723089443596905 ], [ 133.014485278342818, 32.723062500503382 ], [ 133.01445194377078, 32.723035556371585 ], [ 133.014417778231461, 32.723001944473062 ], [ 133.01436305584005, 32.723001944473062 ], [ 133.014318055765784, 32.72300361089561 ], [ 133.014280833225683, 32.723022778388852 ], [ 133.014229602494879, 32.723042229329664 ], [ 133.01416408232285, 32.723077921920265 ], [ 133.014045138944795, 32.72316019439544 ], [ 133.01403149989531, 32.723178750347948 ], [ 133.014004389587797, 32.723180083485985 ], [ 133.013956861455426, 32.723201360742848 ], [ 133.013878916724565, 32.723206778433102 ], [ 133.013824638581042, 32.723222332748477 ], [ 133.013777083282406, 32.723246472514354 ], [ 133.013724471867476, 32.723266305538345 ], [ 133.013685528266308, 32.7232661674485 ], [ 133.01366524946863, 32.723257499974714 ], [ 133.013611056019869, 32.723260139255785 ], [ 133.013587250405294, 32.723274361471397 ], [ 133.01356352788747, 32.723280000313046 ], [ 133.013536444746194, 32.723275610509603 ], [ 133.013488889447586, 32.72329975027548 ], [ 133.013465082235001, 32.723319694394306 ], [ 133.01345480540698, 32.723342583045429 ], [ 133.013437778567805, 32.723356833294318 ], [ 133.013410639496044, 32.723362444102698 ], [ 133.013357166751575, 32.723388000068169 ], [ 133.013185361070413, 32.723578555746045 ], [ 133.013162750770306, 32.723668082610217 ], [ 133.013210999607026, 32.723739221721551 ], [ 133.013259305972213, 32.723799139216126 ], [ 133.013213027486785, 32.723888499957184 ], [ 133.013190888600832, 32.723911332541761 ], [ 133.013167082986257, 32.723928417266379 ], [ 133.013139916748258, 32.723942611448713 ], [ 133.013004194223214, 32.723986472105473 ], [ 133.012841444487378, 32.724018777860962 ], [ 133.012736277588033, 32.724047000102516 ], [ 133.012719416942332, 32.724035472196256 ], [ 133.012665221895531, 32.724032388535839 ], [ 133.012583943707455, 32.724032083284605 ], [ 133.012421305832618, 32.724040028122822 ], [ 133.012394222691341, 32.72403705555724 ], [ 133.012319472390459, 32.724022722246794 ], [ 133.012300639795484, 32.724016639025798 ], [ 133.012230082683317, 32.724014943531699 ], [ 133.012202972375832, 32.72401627770801 ], [ 133.01214869423228, 32.72403036079551 ], [ 133.01211983250144, 32.724044583011121 ], [ 133.012092722193927, 32.724047333387027 ], [ 133.01208261155935, 32.724040333374056 ], [ 133.012019528358678, 32.723996638840418 ], [ 133.011842527534014, 32.723963333231396 ], [ 133.011788444348184, 32.72394163859019 ], [ 133.011707361117828, 32.723899805673767 ], [ 133.011626221956988, 32.723873694234115 ], [ 133.011545028463644, 32.723856222234964 ], [ 133.01151799965487, 32.723844639300424 ], [ 133.011491028374564, 32.723824499986932 ], [ 133.011459582655078, 32.723793832620714 ], [ 133.011423777553404, 32.723732611059646 ], [ 133.011390139358696, 32.723690972299615 ], [ 133.011386860233955, 32.723670917085954 ], [ 133.011412471604331, 32.723629500515599 ], [ 133.01143463925456, 32.723606666892756 ], [ 133.011461778326321, 32.723598193575363 ], [ 133.011475444542043, 32.723575332957516 ], [ 133.011477250297844, 32.723552444306385 ], [ 133.011491055540802, 32.72350811123701 ], [ 133.011421805604101, 32.723352083211353 ], [ 133.011378111107319, 32.723258555894795 ], [ 133.011329694479144, 32.723221027643717 ], [ 133.011316721801478, 32.723168693669571 ], [ 133.01133897254843, 32.723135193904156 ], [ 133.011459472392119, 32.723082777906718 ], [ 133.011451138749095, 32.723062721654784 ], [ 133.011424082774056, 32.723051166753521 ], [ 133.011403861504903, 32.72303388891077 ], [ 133.011378472258485, 32.723030944378465 ], [ 133.011324277211685, 32.723032167459941 ], [ 133.011302306117187, 32.723022055753276 ], [ 133.011288889191661, 32.723001944473062 ], [ 133.011261806050385, 32.722998971907487 ], [ 133.011238166629283, 32.722984555535476 ], [ 133.011184027512968, 32.722972916534381 ], [ 133.011129778133693, 32.722986999621881 ], [ 133.011109333142571, 32.723006971773984 ], [ 133.011085556292272, 32.723018332518848 ], [ 133.011060167045855, 32.723018222462287 ], [ 133.01100591766658, 32.723028027879444 ], [ 133.010978861691541, 32.723017917211052 ], [ 133.010946083228362, 32.723015528152928 ], [ 133.010895916774871, 32.723011860985054 ], [ 133.010820138950976, 32.722995527967555 ], [ 133.01077755667194, 32.722978472314473 ], [ 133.010726944372522, 32.722942472396099 ], [ 133.010716860904182, 32.722925249581635 ], [ 133.010723694012057, 32.722913832770217 ], [ 133.010681527216633, 32.722850611502089 ], [ 133.010664249489253, 32.722775861289435 ], [ 133.010580472007291, 32.722734471714091 ], [ 133.010437000712358, 32.722693666684471 ], [ 133.010411694562663, 32.722676360808443 ], [ 133.010359278105454, 32.722663277574476 ], [ 133.010339055238262, 32.722643167332528 ], [ 133.010311972097014, 32.722637333296205 ], [ 133.010288332675913, 32.722625778394942 ], [ 133.010264611756071, 32.722628555765858 ], [ 133.01023755578106, 32.722622721729536 ], [ 133.010217305747631, 32.72260688915793 ], [ 133.010163193797581, 32.722595222123559 ], [ 133.010124250196384, 32.722593638762568 ], [ 133.010100610775282, 32.722576388953094 ], [ 133.010058333716898, 32.722570471855214 ], [ 133.01003805651726, 32.722561806457968 ], [ 133.010010944611736, 32.722561694324867 ], [ 133.009983805539974, 32.722568750404385 ], [ 133.009936472365297, 32.72255424993255 ], [ 133.009916249498133, 32.72253986055555 ], [ 133.009865528533766, 32.72251961118549 ], [ 133.009838443794479, 32.722518082852787 ], [ 133.009811306320728, 32.722526556170173 ], [ 133.009784194415204, 32.722529305507813 ], [ 133.009760500661628, 32.722527806246653 ], [ 133.009736778143804, 32.72252913938469 ], [ 133.009604472172697, 32.722555138691241 ], [ 133.009462721938831, 32.722606861124653 ], [ 133.009334249603285, 32.722658638586346 ], [ 133.009280749692579, 32.722740582968363 ], [ 133.009271610650529, 32.722792805847675 ], [ 133.009268694274965, 32.722890638867852 ], [ 133.009300916629286, 32.722973388947004 ], [ 133.009305777787858, 32.722998805784364 ], [ 133.00927563924381, 32.723019000126136 ], [ 133.009249500528824, 32.723038332704228 ], [ 133.009248332380594, 32.723067944150365 ], [ 133.009268056667395, 32.723124721917976 ], [ 133.009277833317043, 32.723168777769402 ], [ 133.009272694104027, 32.723189888903143 ], [ 133.009247555745787, 32.723210111278192 ], [ 133.009190166269008, 32.723251582876834 ], [ 133.009187694141332, 32.723255777485612 ], [ 133.009127167763069, 32.723356833294318 ], [ 133.009056639415178, 32.723546611308336 ], [ 133.009045421356916, 32.723659420327785 ], [ 133.009013469066986, 32.723657148594114 ], [ 133.008981516777055, 32.723654878936991 ], [ 133.00898702832734, 32.723568694262333 ], [ 133.009057972158871, 32.723303472471635 ], [ 133.009076528297442, 32.723228528102588 ], [ 133.008978360699388, 32.723206556243426 ], [ 133.008997028698957, 32.723120805565422 ], [ 133.008728888341807, 32.723066277727824 ], [ 133.00849986097532, 32.722973082657504 ], [ 133.008523110481008, 32.722929417195409 ], [ 133.008333333534409, 32.722811972302644 ], [ 133.007797193445356, 32.722480194322195 ], [ 133.007698083019051, 32.722611944492122 ], [ 133.00790513929104, 32.72273625026974 ], [ 133.007821777292719, 32.722836361253201 ], [ 133.007879166769499, 32.722873110802155 ], [ 133.007971583115136, 32.722763917037106 ], [ 133.008333333534409, 32.723023027573532 ], [ 133.008379500158867, 32.723056110992879 ], [ 133.008378416705369, 32.723110917086707 ], [ 133.008555778681199, 32.723190638533723 ], [ 133.008511582408005, 32.723278443947066 ], [ 133.008577749775696, 32.723307332757635 ], [ 133.008619111172067, 32.723234611323583 ], [ 133.008892638434389, 32.723275167168524 ], [ 133.008906472441595, 32.723330111352197 ], [ 133.008874972389634, 32.723474333215364 ], [ 133.008857333511088, 32.723646055722774 ], [ 133.00850558346346, 32.723661694137988 ], [ 133.008333333534409, 32.723812666829446 ], [ 133.008284194603903, 32.723855749822341 ], [ 133.008284082742904, 32.723855721789072 ], [ 133.007996528113694, 32.723816138802647 ], [ 133.007458332978615, 32.723579971945639 ], [ 133.007442611716897, 32.72357308302751 ], [ 133.007436860464509, 32.723553193936965 ], [ 133.007599888254788, 32.723296167207437 ], [ 133.008176999824769, 32.723539861518319 ], [ 133.008264361652152, 32.723363694179177 ], [ 133.008233222751329, 32.723353417387663 ], [ 133.008155832531344, 32.723458610700327 ], [ 133.007645832755287, 32.723237499789334 ], [ 133.007677417502009, 32.72316863864129 ], [ 133.007703749576706, 32.723180917216396 ], [ 133.007759555421586, 32.723069555544633 ], [ 133.007699666650922, 32.723047000178013 ], [ 133.007593027980676, 32.723239056155315 ], [ 133.006700249519156, 32.722745833497228 ], [ 133.006791082232922, 32.722647861348939 ], [ 133.006769167068938, 32.722629139273316 ], [ 133.006779389564485, 32.722614889024427 ], [ 133.006775917080063, 32.722590528107148 ], [ 133.006786110811362, 32.722524222140336 ], [ 133.006805443584739, 32.722494721789033 ], [ 133.006824333708238, 32.722448999515066 ], [ 133.006834749563495, 32.722403222212812 ], [ 133.006843583384892, 32.722334528226149 ], [ 133.006864138638974, 32.722294527855396 ], [ 133.006906666585536, 32.722258889254803 ], [ 133.006930443435863, 32.722248971704545 ], [ 133.006978000332481, 32.722223388744062 ], [ 133.007005139404242, 32.722217777935683 ], [ 133.007025555631117, 32.72219780578358 ], [ 133.007039221846838, 32.72217494412746 ], [ 133.007058193469049, 32.722112028110573 ], [ 133.007049888590302, 32.722083361489673 ], [ 133.007046638229809, 32.722060443766999 ], [ 133.00705352726817, 32.722037583149152 ], [ 133.007050249741468, 32.722014639469741 ], [ 133.007044527253328, 32.722006805726359 ], [ 133.007033443428213, 32.721991666718779 ], [ 133.007013278089545, 32.721970111205692 ], [ 133.006959138973258, 32.721957027971726 ], [ 133.006932055831982, 32.721956916876884 ], [ 133.006904889593983, 32.721968277621755 ], [ 133.006877750522222, 32.721973889468401 ], [ 133.006850582686212, 32.721988082612469 ], [ 133.006833611777523, 32.721999389367326 ], [ 133.006818000778765, 32.722005916967667 ], [ 133.006799471806431, 32.722013666611218 ], [ 133.006779250537278, 32.722025028394356 ], [ 133.00675547208894, 32.722039249571701 ], [ 133.006728388947693, 32.722033416573645 ], [ 133.006701278640179, 32.722036193944561 ], [ 133.006684221438746, 32.722043306090633 ], [ 133.006674139568418, 32.722047527694421 ], [ 133.006657056798758, 32.722070361317265 ], [ 133.006629917726997, 32.722078832558118 ], [ 133.006589139605722, 32.722105888823016 ], [ 133.006567139747006, 32.722098638587099 ], [ 133.006439471212502, 32.722128166971679 ], [ 133.006333193693422, 32.722157611256428 ], [ 133.006204916315596, 32.722175777857871 ], [ 133.006116638826228, 32.722153028334859 ], [ 133.006116860950158, 32.722111972044019 ], [ 133.006227638476673, 32.722063860711927 ], [ 133.006342805747636, 32.722019499609267 ], [ 133.006360110641253, 32.722004111417007 ], [ 133.006413888606374, 32.721956306374423 ], [ 133.006542638996336, 32.721936777563393 ], [ 133.006566388680426, 32.721926833018124 ], [ 133.006590221461209, 32.721904028466824 ], [ 133.006597139263818, 32.721881166810704 ], [ 133.006597249526777, 32.721858250126303 ], [ 133.006587221988923, 32.721835306446891 ], [ 133.006566971955522, 32.721823777502365 ], [ 133.006533111636884, 32.72182363941252 ], [ 133.006512805672969, 32.721820693841948 ], [ 133.006492443778598, 32.721826332683605 ], [ 133.006468750025022, 32.721823389189566 ], [ 133.006414444715261, 32.721843194180281 ], [ 133.006394138751347, 32.721843139152 ], [ 133.006377166244675, 32.721848777993657 ], [ 133.00635516638593, 32.721844417261757 ], [ 133.006300944172892, 32.721848499737426 ], [ 133.006272194303023, 32.721839778273626 ], [ 133.006246832222814, 32.721836832703055 ], [ 133.006209777474197, 32.72179802841876 ], [ 133.006160806335174, 32.721774916539694 ], [ 133.006147360645372, 32.721753389059877 ], [ 133.006144110284879, 32.721730472375476 ], [ 133.006161111555826, 32.721716222126588 ], [ 133.006215360935101, 32.721707860942303 ], [ 133.006239110619163, 32.721699360629906 ], [ 133.006267999516268, 32.72168122206174 ], [ 133.006398555662059, 32.721654166835116 ], [ 133.006452777875097, 32.72164580565083 ], [ 133.006507110351095, 32.721621666923227 ], [ 133.006561388494617, 32.72160469433171 ], [ 133.006605610336038, 32.721570527997272 ], [ 133.006659944410046, 32.721547833502541 ], [ 133.00668494374105, 32.72154594385205 ], [ 133.006768361669884, 32.721539667512921 ], [ 133.006824250611515, 32.721539888664324 ], [ 133.006851306586555, 32.721547138900242 ], [ 133.006905500035316, 32.721547361089918 ], [ 133.006957916492553, 32.72155902812429 ], [ 133.006985028398077, 32.721559139219124 ], [ 133.007012167469838, 32.721553500377468 ], [ 133.007039250611086, 32.72155216723943 ], [ 133.007093444059876, 32.721552389429107 ], [ 133.007142667685116, 32.721532556405116 ], [ 133.007213611516647, 32.721497361145602 ], [ 133.007240082618551, 32.721371138722489 ], [ 133.007250361044612, 32.721348278104642 ], [ 133.007274193825396, 32.721328332947543 ], [ 133.007275667194307, 32.721309332615697 ], [ 133.007281221890992, 32.721282555645288 ], [ 133.00726100062181, 32.72126241737007 ], [ 133.007233944646799, 32.721256583333748 ], [ 133.007104361691518, 32.721261693696228 ], [ 133.006979638296855, 32.721308555990106 ], [ 133.006952527989341, 32.721309889128143 ], [ 133.006928749541004, 32.721321249873014 ], [ 133.006901666399756, 32.72132113877818 ], [ 133.006867860413564, 32.721306694372892 ], [ 133.006803500399712, 32.721306444149945 ], [ 133.006774833626565, 32.721287722074322 ], [ 133.006720667344041, 32.721280360743563 ], [ 133.006691861543658, 32.721288833022683 ], [ 133.006685250559741, 32.721289499591705 ], [ 133.006664749638134, 32.721291583398589 ], [ 133.006637666496886, 32.72128575040054 ], [ 133.006624193640846, 32.721274249489291 ], [ 133.006515944172492, 32.721250917497088 ], [ 133.006488832266967, 32.721250806402246 ], [ 133.006448221937177, 32.721244917337643 ], [ 133.006434750679148, 32.721230527960643 ], [ 133.006407694704109, 32.721226139195466 ], [ 133.006353443726823, 32.721235943574356 ], [ 133.006299138417063, 32.721254333403742 ], [ 133.006272055275787, 32.721252806109305 ], [ 133.006190722755264, 32.721263943626234 ], [ 133.006163639613987, 32.721258110628185 ], [ 133.00610941740095, 32.721266471812463 ], [ 133.006082305495426, 32.721266388750905 ], [ 133.006055166423664, 32.721274861030025 ], [ 133.006028110448625, 32.721269028031976 ], [ 133.005974027262823, 32.721248777623643 ], [ 133.00594691695531, 32.721251527999549 ], [ 133.005923250367971, 32.721242832492486 ], [ 133.005896167226695, 32.721239860965177 ], [ 133.005870722049764, 32.721245499806834 ], [ 133.005816416740004, 32.721266750068693 ], [ 133.005790917230598, 32.721285277987917 ], [ 133.005763749394589, 32.721298055970657 ], [ 133.005709444084829, 32.721317860961371 ], [ 133.005682306611078, 32.721324917040889 ], [ 133.005658528162769, 32.721339167289777 ], [ 133.005641472559347, 32.72135913944188 ], [ 133.005632889626156, 32.721380555826855 ], [ 133.005673306596236, 32.721423666853035 ], [ 133.005727389782038, 32.721442500023493 ], [ 133.005754388228581, 32.721459777866244 ], [ 133.005808583275382, 32.721461417293781 ], [ 133.005823721262004, 32.721480111336135 ], [ 133.005850833167528, 32.721477360960229 ], [ 133.005874555685352, 32.721471722118572 ], [ 133.005894805718754, 32.721486111495572 ], [ 133.005887916680422, 32.721506138675956 ], [ 133.005865860891191, 32.721516056226221 ], [ 133.005721806321134, 32.721535166614636 ], [ 133.005691360958394, 32.721525389230756 ], [ 133.005664250650909, 32.721528138568395 ], [ 133.005638832640216, 32.721533778448318 ], [ 133.005586221225286, 32.721553611472309 ], [ 133.005567500491281, 32.721569277920793 ], [ 133.005514943408826, 32.72157622186721 ], [ 133.005487833101313, 32.721584722179607 ], [ 133.005460722793828, 32.721587471517239 ], [ 133.005433556555829, 32.721595971829636 ], [ 133.005413138730944, 32.721615916986735 ], [ 133.005406222526346, 32.721638805637859 ], [ 133.005389221255399, 32.721653055886748 ], [ 133.005362083781648, 32.721661528165868 ], [ 133.005334971876124, 32.721664305536777 ], [ 133.005307832804363, 32.721672777815897 ], [ 133.005284028787827, 32.721687000031508 ], [ 133.005260221575242, 32.721706944150334 ], [ 133.005222944702666, 32.721706806060496 ], [ 133.005182471802101, 32.721675138840745 ], [ 133.0051505562665, 32.721630638609973 ], [ 133.005125250116777, 32.72161477800509 ], [ 133.005098194141738, 32.721606082498027 ], [ 133.005071027903739, 32.721617444281165 ], [ 133.005045611491084, 32.721623056127811 ], [ 133.004994917692954, 32.721602805719485 ], [ 133.004940778576639, 32.721591138685113 ], [ 133.004913693837352, 32.721591027590279 ], [ 133.004859444458106, 32.721602278278581 ], [ 133.004837305572124, 32.721619360926667 ], [ 133.004811860395222, 32.721629278476925 ], [ 133.004772721836332, 32.72166636131039 ], [ 133.004748916221757, 32.7216791673264 ], [ 133.004721805914272, 32.721681916664039 ], [ 133.004698000299697, 32.721699000350391 ], [ 133.004680971862513, 32.721718972502494 ], [ 133.004663999355813, 32.721727499809894 ], [ 133.00460972121229, 32.721741610930671 ], [ 133.004587638256822, 32.721754388913411 ], [ 133.004529972323638, 32.721768472000903 ], [ 133.004506278570062, 32.721768388939346 ], [ 133.004452000426539, 32.721779638589382 ], [ 133.004394417590049, 32.7217808325993 ], [ 133.004365583025447, 32.721789305916694 ], [ 133.004338416787448, 32.721803528132305 ], [ 133.004314611172873, 32.721820610780391 ], [ 133.004260305863113, 32.721837556376897 ], [ 133.004179000508799, 32.721845833461352 ], [ 133.004131582639388, 32.721840638999041 ], [ 133.004046806398662, 32.721861055530489 ], [ 133.004012971648251, 32.721856638732035 ], [ 133.00399272161485, 32.721842250393308 ], [ 133.003965667237821, 32.721833527891235 ], [ 133.003941944719998, 32.721833443791411 ], [ 133.003918332465133, 32.721819028457666 ], [ 133.003892971982935, 32.721811778221749 ], [ 133.003838805700411, 32.721802971619852 ], [ 133.003810028664304, 32.721804277762885 ], [ 133.003786277382204, 32.721811360837414 ], [ 133.003740666866634, 32.721792555700226 ], [ 133.003661416558316, 32.721780417291505 ], [ 133.003640888470471, 32.721764971994425 ], [ 133.003586749354156, 32.721754722197915 ], [ 133.003503943464722, 32.72172433308792 ], [ 133.003449833112654, 32.721709805621082 ], [ 133.003395693996367, 32.72170100005745 ], [ 133.003366944126498, 32.721690861355782 ], [ 133.003339860985221, 32.7216878887902 ], [ 133.003309471552967, 32.721673444384919 ], [ 133.003289250283814, 32.721659056046185 ], [ 133.003263888203634, 32.721648944339528 ], [ 133.003180888954489, 32.721650056326162 ], [ 133.003153861743698, 32.721641332785822 ], [ 133.003126722671936, 32.721646971627479 ], [ 133.003099666696897, 32.72164113862943 ], [ 133.003076027275796, 32.721626722257419 ], [ 133.00304894413452, 32.72162088925937 ], [ 133.003017360985837, 32.721620750131258 ], [ 133.002968361082537, 32.721584917374273 ], [ 133.002929000399718, 32.721570277774319 ], [ 133.002883417050356, 32.721542917296453 ], [ 133.002829306698317, 32.721528388791342 ], [ 133.00280222195903, 32.721528277696507 ], [ 133.002781805732155, 32.721546805615738 ], [ 133.00277147137561, 32.721573971937204 ], [ 133.002752777807842, 32.721588194152815 ], [ 133.00273052865893, 32.721628193485301 ], [ 133.002706750210621, 32.721642416739179 ], [ 133.002689694607199, 32.721662388891282 ], [ 133.002679417779149, 32.721685277542413 ], [ 133.002686055929303, 32.721708194226814 ], [ 133.002686028763065, 32.721716805634045 ], [ 133.002756360555225, 32.72178613919472 ], [ 133.002886667410849, 32.721877944022175 ], [ 133.002911971962533, 32.721892361432452 ], [ 133.00293905670182, 32.721895332959761 ], [ 133.002952500793612, 32.721915417244972 ], [ 133.002948999544913, 32.721938305896096 ], [ 133.002952249905405, 32.72196122154223 ], [ 133.002945360867045, 32.721981249760887 ], [ 133.002937388375187, 32.721990582765422 ], [ 133.002928305263623, 32.72200122191299 ], [ 133.002918028435602, 32.722024082530844 ], [ 133.002924693751993, 32.722044166816048 ], [ 133.002911027536243, 32.72206413896815 ], [ 133.002917667284436, 32.722087082647562 ], [ 133.002934999344262, 32.722104333495302 ], [ 133.003046305813399, 32.722101917442181 ], [ 133.003092167217204, 32.722076306448422 ], [ 133.003117527699374, 32.722085027912222 ], [ 133.003144639604898, 32.722079389070565 ], [ 133.003171833009134, 32.722065166854954 ], [ 133.003198943316647, 32.722062417517321 ], [ 133.003225999291686, 32.72206825051537 ], [ 133.003253138363448, 32.72205977823625 ], [ 133.00328705621061, 32.722052750190009 ], [ 133.003359805797942, 32.722065916485533 ], [ 133.003412166324665, 32.722089028364607 ], [ 133.003439249465941, 32.722092027925193 ], [ 133.003447805232895, 32.722074861177276 ], [ 133.003498583725758, 32.722083666740907 ], [ 133.003524000138441, 32.722078027899251 ], [ 133.003547639559542, 32.722089582800521 ], [ 133.003601749911581, 32.722104111305633 ], [ 133.00363569332697, 32.722093500191342 ], [ 133.00371016717142, 32.722101667219228 ], [ 133.003733806592521, 32.722116082552965 ], [ 133.00376086096955, 32.722120500389693 ], [ 133.00381505601635, 32.722122138778964 ], [ 133.003850693326541, 32.722148943782642 ], [ 133.003771027534611, 32.722163556387585 ], [ 133.003486194323216, 32.722178110849434 ], [ 133.003459138348177, 32.722169389385634 ], [ 133.003431999276415, 32.722177888659765 ], [ 133.00340988915471, 32.722194972346117 ], [ 133.003355611011187, 32.722210499666488 ], [ 133.003330277695255, 32.722197527527356 ], [ 133.003279556730888, 32.722181582822643 ], [ 133.003225361684088, 32.722184222103714 ], [ 133.003198222612326, 32.722191278183239 ], [ 133.00317102761008, 32.72220833279804 ], [ 133.003153972006658, 32.722231167459157 ], [ 133.003155528472291, 32.722252666905689 ], [ 133.003194278713778, 32.722288610757509 ], [ 133.003214555913416, 32.722300138663769 ], [ 133.003241639054693, 32.722300249758611 ], [ 133.003278722567586, 32.722334750415826 ], [ 133.003302360390677, 32.722343443846349 ], [ 133.003329360435231, 32.7223607216891 ], [ 133.003356416410242, 32.722372277628629 ], [ 133.003383528315766, 32.722369528290997 ], [ 133.003405443479778, 32.722385360862603 ], [ 133.003456138875919, 32.722407055503801 ], [ 133.003461166227964, 32.722415638877763 ], [ 133.003489833001112, 32.722437222424126 ], [ 133.003504972585745, 32.722458777937213 ], [ 133.003531999796508, 32.722470332838483 ], [ 133.003552193899424, 32.722493305589438 ], [ 133.003577500049147, 32.722510611465466 ], [ 133.003626528716666, 32.722526556170173 ], [ 133.00363316686682, 32.722550917087453 ], [ 133.003646610958612, 32.722571000334391 ], [ 133.003673639767413, 32.722582556273927 ], [ 133.003697250424267, 32.722599833078405 ], [ 133.003724333565515, 32.722602805643987 ], [ 133.003747971388606, 32.722611500112777 ], [ 133.003771610809707, 32.722625916484787 ], [ 133.003798666784746, 32.7226345829203 ], [ 133.003852833067299, 32.722640528051457 ], [ 133.003907028114099, 32.722640750241133 ], [ 133.003959388640823, 32.722665306353079 ], [ 133.003977888848908, 32.722686832794622 ], [ 133.003984528597073, 32.7227097775123 ], [ 133.003972417248946, 32.722755555852828 ], [ 133.003946778712333, 32.722801250093518 ], [ 133.003953444028724, 32.722821333340463 ], [ 133.003936444355816, 32.722829832614586 ], [ 133.003889750386719, 32.723010056472667 ], [ 133.0038657785787, 32.723055777708367 ], [ 133.003857194047498, 32.723078639364488 ], [ 133.003789527742697, 32.723169194115471 ], [ 133.003708610705786, 32.723247389306323 ], [ 133.003679916766401, 32.723285806316092 ], [ 133.003652416543474, 32.723359000162766 ], [ 133.003589306176565, 32.723439777529862 ], [ 133.003561943382834, 32.723485499803836 ], [ 133.003529388641653, 32.723554082695657 ], [ 133.003498639656243, 32.72359977797462 ], [ 133.003474888374171, 32.723609694486619 ], [ 133.003447832399132, 32.72360386148857 ], [ 133.003420861118855, 32.723580860704331 ], [ 133.003383833536446, 32.723534889245684 ], [ 133.003360277212067, 32.723511889499719 ], [ 133.003346833120304, 32.723491806252781 ], [ 133.003326639017388, 32.723468806506816 ], [ 133.003303028360534, 32.723451527625798 ], [ 133.003265972013878, 32.723411306103635 ], [ 133.003252556686363, 32.723391221818424 ], [ 133.003225527877561, 32.723379638883884 ], [ 133.003218721935923, 32.723385360787098 ], [ 133.003208638467584, 32.723368139010901 ], [ 133.003168194331266, 32.723330749887943 ], [ 133.003115750707821, 32.723324805795052 ], [ 133.003086999239912, 32.723313249855515 ], [ 133.003061638757742, 32.723307416857466 ], [ 133.003014110625344, 32.723327277914734 ], [ 133.002988750143174, 32.72332002767881 ], [ 133.002934527930137, 32.723325528430621 ], [ 133.002907361692138, 32.72333830641336 ], [ 133.002883693506789, 32.723326750473824 ], [ 133.00285663912976, 32.723323777908249 ], [ 133.002836360332111, 32.723312250001989 ], [ 133.002819555616895, 32.7232892782893 ], [ 133.002695332400577, 32.7232373886945 ], [ 133.002624527596254, 32.723248333093302 ], [ 133.002611027574005, 32.723289333317581 ], [ 133.002712333671525, 32.723360693580318 ], [ 133.002765082515651, 32.723413166682583 ], [ 133.002707333485716, 32.723461472171067 ], [ 133.002570388479967, 32.723442249649544 ], [ 133.002411306186247, 32.723430443487061 ], [ 133.002409388569447, 32.723432055919595 ], [ 133.00236247247642, 32.723471305621501 ], [ 133.002229693493177, 32.723500666844693 ], [ 133.002216027277456, 32.723571555733074 ], [ 133.002251082910561, 32.723627693926673 ], [ 133.00239205650962, 32.723717861403131 ], [ 133.002407750605101, 32.723727000251266 ], [ 133.00248900002893, 32.72377424981967 ], [ 133.00253736072662, 32.723822999687506 ], [ 133.002568138476249, 32.723852972451432 ], [ 133.002532472401782, 32.723905111230913 ], [ 133.002417471324264, 32.723912111243884 ], [ 133.002406750248355, 32.723907167004526 ], [ 133.00231166681732, 32.723863167219655 ], [ 133.002254472298262, 32.723814389318541 ], [ 133.002126361113881, 32.723795221825306 ], [ 133.00206016657998, 32.723776277560006 ], [ 133.001950055425311, 32.723701167067837 ], [ 133.001910555715256, 32.723648750032133 ], [ 133.001866639094487, 32.723596306001419 ], [ 133.001809388644944, 32.723554972492622 ], [ 133.001783694177817, 32.723488444336141 ], [ 133.001765166803523, 32.723471193488393 ], [ 133.001738139592732, 32.723456778154656 ], [ 133.001684027642654, 32.723443666887412 ], [ 133.001656888570892, 32.723450721928664 ], [ 133.001624778077598, 32.723440778421661 ], [ 133.00161010351502, 32.723437342787889 ], [ 133.001557500090172, 32.72345527785523 ], [ 133.001496666893217, 32.723501389480262 ], [ 133.001431944130189, 32.723549166489576 ], [ 133.001443889284843, 32.723607777841117 ], [ 133.00145749957008, 32.723653889466156 ], [ 133.00142027862799, 32.723731944490623 ], [ 133.001412499495842, 32.72377944428198 ], [ 133.001438056533743, 32.723827222329561 ], [ 133.001502499644317, 32.72387972242683 ], [ 133.001528056682218, 32.723903610931487 ], [ 133.001555555307135, 32.723944722250607 ], [ 133.001569167190382, 32.723984721583093 ], [ 133.001580832692582, 32.724029166785584 ], [ 133.001571110375409, 32.724048056022596 ], [ 133.001547499718555, 32.724046666818005 ], [ 133.001514444798971, 32.72404194373005 ], [ 133.001488889359081, 32.72402444369763 ], [ 133.00145749957008, 32.723990832837373 ], [ 133.001424166596053, 32.723963888705576 ], [ 133.001379166521815, 32.723938610996328 ], [ 133.001353611081925, 32.723893888575887 ], [ 133.001314443758787, 32.72384944441167 ], [ 133.001279167599733, 32.723828888752109 ], [ 133.001283055567797, 32.723814444346829 ], [ 133.001273333250623, 32.723793888687268 ], [ 133.001251667376806, 32.723757222199872 ], [ 133.001214443238695, 32.723701667513737 ], [ 133.001228333176385, 32.723677777970813 ], [ 133.001247777810732, 32.723636389433729 ], [ 133.001238055493559, 32.723601666586845 ], [ 133.001247777810732, 32.723565000099448 ], [ 133.001271388467586, 32.723536388506837 ], [ 133.001279167599733, 32.723509444375047 ], [ 133.001279167599733, 32.723479167398153 ], [ 133.001271388467586, 32.723445832717587 ], [ 133.001245833027696, 32.723415555740701 ], [ 133.001243888244659, 32.723382222098401 ], [ 133.001251667376806, 32.723342499983872 ], [ 133.001224443610312, 32.723297222089244 ], [ 133.001163610413357, 32.723265555907766 ], [ 133.001150000128121, 32.723246389452797 ], [ 133.001153889694194, 32.723227221959554 ], [ 133.001175555568011, 32.723200277827758 ], [ 133.001165556794405, 32.723171667273419 ], [ 133.001128332656293, 32.723133610543165 ], [ 133.001073610264882, 32.723112777665648 ], [ 133.001046111639965, 32.723096944055776 ], [ 133.000985000388567, 32.723054167352373 ], [ 133.000941943499356, 32.723036667319953 ], [ 133.000910555308366, 32.72304472221473 ], [ 133.000890832619575, 32.723028611386901 ], [ 133.000892777402612, 32.722995277744602 ], [ 133.000869443202191, 32.722979444134729 ], [ 133.000826111454558, 32.722954167463747 ], [ 133.000783056163357, 32.722930277920824 ], [ 133.000732221740009, 32.722876111401007 ], [ 133.000700833549018, 32.722855555741447 ], [ 133.000653888691744, 32.722839722131575 ], [ 133.000614721368606, 32.722820555676606 ], [ 133.000565555271862, 32.722782499984618 ], [ 133.000510832880451, 32.722752221969458 ], [ 133.000439166746588, 32.72271416731575 ], [ 133.00039999942345, 32.722677499790088 ], [ 133.000366666449423, 32.722641110520648 ], [ 133.000331388692359, 32.722641110520648 ], [ 133.000324643475267, 32.722643263891591 ], [ 133.000138748104661, 32.723617768070248 ], [ 133.000059894103828, 32.724871100561401 ], [ 133.000138748104661, 32.726124432014281 ], [ 133.000374063656238, 32.727357998968962 ], [ 133.000762130170045, 32.728552345293281 ], [ 133.001296827252446, 32.729688636778505 ], [ 133.001969723781599, 32.730748952893073 ], [ 133.002770208944554, 32.731716571268407 ], [ 133.003685655234676, 32.732576232457667 ], [ 133.00470162619348, 32.733314379775997 ], [ 133.00580210173058, 32.73391937110749 ], [ 133.006969724217981, 32.734381664755446 ], [ 133.008186081338351, 32.734693973106239 ], [ 133.009431988933585, 32.734851367494549 ], [ 133.010687799421589, 32.734851367494549 ], [ 133.011933707016823, 32.734693973106239 ] ] ], [ [ [ 133.016558778212499, 32.72115769439349 ], [ 133.016586278435426, 32.721154888989297 ], [ 133.016613222549466, 32.721163556463083 ], [ 133.016640305690743, 32.721155083145696 ], [ 133.016666666529687, 32.72116075002063 ], [ 133.016667417596267, 32.721160917182019 ], [ 133.016694139586377, 32.721155389435197 ], [ 133.016721305824376, 32.721141167219585 ], [ 133.016748360201376, 32.721135583406216 ], [ 133.01677186059527, 32.721118693876264 ], [ 133.01678913832265, 32.721098417511193 ], [ 133.016816443587857, 32.721098527567761 ], [ 133.016840055842721, 32.721084444480262 ], [ 133.016864056414988, 32.72107583307303 ], [ 133.016891056459542, 32.721073110730401 ], [ 133.016914472158675, 32.721059082671189 ], [ 133.016934944316034, 32.721036250086613 ], [ 133.016955667361572, 32.721024694147076 ], [ 133.017009833644124, 32.721016305967787 ], [ 133.01703330527377, 32.720999472504381 ], [ 133.017053638403894, 32.720975332738512 ], [ 133.017082500134734, 32.72093133295364 ], [ 133.0170809436691, 32.720908888681855 ], [ 133.017069222236415, 32.720890249667789 ], [ 133.017062694349221, 32.72085177762974 ], [ 133.017037610323484, 32.7208346389151 ], [ 133.017020861538754, 32.720814638729728 ], [ 133.01699736114486, 32.720806028360762 ], [ 133.016973777654243, 32.720791638983762 ], [ 133.016956861078029, 32.720787500441531 ], [ 133.016878611126515, 32.720803694330925 ], [ 133.016843860714062, 32.720821360486468 ], [ 133.016791444256853, 32.720809694490363 ], [ 133.016764778197228, 32.720825055687619 ], [ 133.01674427727562, 32.720845082868003 ], [ 133.016720556355807, 32.720853556185389 ], [ 133.016700221627644, 32.720876277675131 ], [ 133.016682833637333, 32.720887916676226 ], [ 133.016666666529687, 32.72088872237336 ], [ 133.016655638635058, 32.720889249814263 ], [ 133.016604972003194, 32.720913278485305 ], [ 133.016557167414362, 32.720941861006366 ], [ 133.016502499355425, 32.720941638816697 ], [ 133.016474805772816, 32.720935666690529 ], [ 133.016450971393994, 32.720886139158843 ], [ 133.016461361681024, 32.720865916783794 ], [ 133.016471555412352, 32.720799416660583 ], [ 133.016465278413335, 32.720777806119209 ], [ 133.016448750154552, 32.720760860522702 ], [ 133.016422194357887, 32.720749527811108 ], [ 133.016395028119888, 32.720752278187014 ], [ 133.016374639059279, 32.720740694214207 ], [ 133.016347944235406, 32.720737749681902 ], [ 133.01632108321806, 32.720740500057808 ], [ 133.016293944146298, 32.720748972336928 ], [ 133.016266832240774, 32.720751749707837 ], [ 133.016239971223456, 32.720760138925399 ], [ 133.016168749337481, 32.720809805585205 ], [ 133.016148166917162, 32.720828499627551 ], [ 133.016120971914916, 32.720834139507474 ], [ 133.016097500285298, 32.720850999965883 ], [ 133.016080417515639, 32.720873860583737 ], [ 133.016056277916135, 32.720888306027291 ], [ 133.016006443849562, 32.720898249534287 ], [ 133.01598430656162, 32.720885139305317 ], [ 133.01595705562886, 32.720873500304215 ], [ 133.015939944094953, 32.720858916770823 ], [ 133.015926332211706, 32.720835638768634 ], [ 133.015926471238913, 32.720810888500289 ], [ 133.015954027392354, 32.720759111038596 ], [ 133.015974416452963, 32.720743471585116 ], [ 133.016014694395835, 32.72065394368267 ], [ 133.016005472257035, 32.720632916648754 ], [ 133.015982110890377, 32.720610111059187 ], [ 133.015958861384689, 32.720595943871864 ], [ 133.01593180540965, 32.720595832777022 ], [ 133.01590825068331, 32.720584305909036 ], [ 133.015881333735479, 32.720587056284941 ], [ 133.015854250594202, 32.720584082681093 ], [ 133.015827694797565, 32.720586778028718 ], [ 133.015804221569908, 32.720609222300496 ], [ 133.015782138614441, 32.720651805885772 ], [ 133.015780193831404, 32.720697750349416 ], [ 133.015739056157003, 32.720740806347308 ], [ 133.015714943723765, 32.720760999650814 ], [ 133.015687806250014, 32.720765194259599 ], [ 133.01566080620546, 32.720786389493171 ], [ 133.015581861117852, 32.720839444026346 ], [ 133.015561222767019, 32.720984638748035 ], [ 133.015547666814257, 32.721051528222304 ], [ 133.015586583249217, 32.72111247152715 ], [ 133.015738277924186, 32.721097167434714 ], [ 133.015790694381394, 32.721127472444884 ], [ 133.015817333274782, 32.721128999739314 ], [ 133.015844638539988, 32.721123360897664 ], [ 133.01587166734879, 32.721132056404727 ], [ 133.015926111685786, 32.721119333450275 ], [ 133.015950027563292, 32.721135361216547 ], [ 133.015973332999465, 32.721143916557224 ], [ 133.016027528046266, 32.721141278314427 ], [ 133.016054472160334, 32.721149943711673 ], [ 133.016081528135345, 32.721144332903293 ], [ 133.016135472293968, 32.721153111471914 ], [ 133.016162638531966, 32.721138917289579 ], [ 133.016190360878824, 32.721141943845176 ], [ 133.016217416853863, 32.721159277754474 ], [ 133.016244082913488, 32.721164999657688 ], [ 133.016270889598331, 32.721162278353333 ], [ 133.016298138933053, 32.721153750007659 ], [ 133.016325361101536, 32.721156749568244 ], [ 133.01635205592541, 32.721154028263882 ], [ 133.016375778443262, 32.721139861076558 ], [ 133.016400082638171, 32.72113408310679 ], [ 133.016427306404665, 32.721145722107885 ], [ 133.016481472687218, 32.721148777735024 ], [ 133.016508611758979, 32.721160388702842 ], [ 133.01653522188812, 32.721166110606056 ], [ 133.016558778212499, 32.72115769439349 ] ] ], [ [ [ 133.000969999831142, 32.722811388795186 ], [ 133.001036389322792, 32.722813056256008 ], [ 133.001090833659759, 32.722806666745505 ], [ 133.001143611268134, 32.722786111085938 ], [ 133.001168888653609, 32.722757499493326 ], [ 133.001184721776298, 32.722703889485963 ], [ 133.001184721776298, 32.722648332723288 ], [ 133.001151388802271, 32.72262611064118 ], [ 133.001077221776512, 32.722594444459702 ], [ 133.000993610487996, 32.722581667515236 ], [ 133.000935000128521, 32.722556388767721 ], [ 133.000829443313762, 32.722523056163688 ], [ 133.000761110637114, 32.722523056163688 ], [ 133.000710555866192, 32.722518333075733 ], [ 133.000634167600964, 32.722515278486867 ], [ 133.000593333549233, 32.722550000295485 ], [ 133.000610833400543, 32.722613332658447 ], [ 133.000665555791954, 32.72267999994304 ], [ 133.000730000500539, 32.722743333344269 ], [ 133.000768889769262, 32.722795556223581 ], [ 133.000823610562662, 32.722820832894563 ], [ 133.000888055271247, 32.722824166777926 ], [ 133.000969999831142, 32.722811388795186 ] ] ], [ [ [ 133.007104999299116, 32.722648610979519 ], [ 133.007160555853829, 32.72262611064118 ], [ 133.007220278431049, 32.7225922215247 ], [ 133.007278056225232, 32.722553333140581 ], [ 133.007316111330653, 32.722493610840672 ], [ 133.007326111702241, 32.722432222118215 ], [ 133.007301943338518, 32.722401388628874 ], [ 133.007248333164853, 32.722393332695823 ], [ 133.00717666703099, 32.722412778445289 ], [ 133.00709500052551, 32.722428889273118 ], [ 133.006969444565527, 32.722491944418124 ], [ 133.006915556337418, 32.722532222006834 ], [ 133.006913611554381, 32.722579167362277 ], [ 133.006937500265678, 32.722606666968254 ], [ 133.006975277316627, 32.722630832690868 ], [ 133.007023332793636, 32.722648610979519 ], [ 133.007074999782304, 32.722651943824616 ], [ 133.007104999299116, 32.722648610979519 ] ] ], [ [ [ 133.004187500345267, 32.721493056480256 ], [ 133.004218888536258, 32.721467500514784 ], [ 133.004227500233696, 32.721423889042704 ], [ 133.004210000382386, 32.721377500199715 ], [ 133.004182222105044, 32.721360555641475 ], [ 133.004175278734209, 32.721356389065974 ], [ 133.004140555487993, 32.721312777593894 ], [ 133.004107778622853, 32.721290278293829 ], [ 133.004073055376637, 32.721287499884646 ], [ 133.004045278697276, 32.72129166749842 ], [ 133.00398805541397, 32.721311389427576 ], [ 133.003939443828074, 32.721323889154085 ], [ 133.003911943605146, 32.721336667136818 ], [ 133.003858055377037, 32.721323889154085 ], [ 133.003785278623468, 32.721318333373986 ], [ 133.003740000494787, 32.721319721540311 ], [ 133.003738333766194, 32.721319721540311 ], [ 133.003712222217416, 32.721340832674052 ], [ 133.003724443828503, 32.721376110995124 ], [ 133.003783332242421, 32.721406944484464 ], [ 133.003835555339919, 32.721410000111604 ], [ 133.003884166925815, 32.721408332650789 ], [ 133.003930555674202, 32.721398611333463 ], [ 133.003995000382815, 32.721416944058021 ], [ 133.00405722225392, 32.721464722105601 ], [ 133.004107778622853, 32.721485833239349 ], [ 133.004144166999623, 32.721502777797589 ], [ 133.004187500345267, 32.721493056480256 ] ] ], [ [ [ 133.014603889333955, 32.720874444091194 ], [ 133.014634999470502, 32.720859166993769 ], [ 133.014645277896562, 32.720843888858077 ], [ 133.014636667797106, 32.720644167337056 ], [ 133.014638332927717, 32.720585555985515 ], [ 133.01467638963112, 32.720508610871136 ], [ 133.014714166682069, 32.720461111079786 ], [ 133.014710833224882, 32.720443055573178 ], [ 133.014681666273333, 32.720435833370537 ], [ 133.014631667611326, 32.720461111079786 ], [ 133.014562777227781, 32.72051277848491 ], [ 133.014497221899461, 32.720531111209475 ], [ 133.01444388978021, 32.720553333291583 ], [ 133.014421389743092, 32.720586944151833 ], [ 133.014423056471685, 32.720609167272215 ], [ 133.014433611354178, 32.720630000149733 ], [ 133.0145058335969, 32.720666389419165 ], [ 133.01453500054842, 32.720698332818607 ], [ 133.0145488888881, 32.72073888866354 ], [ 133.014543610647848, 32.720843888858077 ], [ 133.014543610647848, 32.720875833295786 ], [ 133.014573055653813, 32.720882778280469 ], [ 133.014603889333955, 32.720874444091194 ] ] ], [ [ [ 133.002490556494564, 32.722003889227338 ], [ 133.002518611228339, 32.721990832988375 ], [ 133.002556110224873, 32.72196916741872 ], [ 133.002578888316435, 32.721928888791737 ], [ 133.002594999493567, 32.721885278357924 ], [ 133.002592500199682, 32.721859166918271 ], [ 133.002566944759792, 32.721826667006383 ], [ 133.002537499753828, 32.721816667432826 ], [ 133.002502500051207, 32.721809166973962 ], [ 133.002473056643254, 32.721794999786631 ], [ 133.002435556048709, 32.72176333256688 ], [ 133.002369722665946, 32.721755833146283 ], [ 133.002313611600357, 32.721772222230342 ], [ 133.00229055545438, 32.721810277922323 ], [ 133.002294721476886, 32.721867778325503 ], [ 133.002338888985832, 32.721899444506981 ], [ 133.002353611488815, 32.721921111114909 ], [ 133.002355000162964, 32.721955000231389 ], [ 133.002371111340125, 32.72198638919491 ], [ 133.002410000608819, 32.722005000175699 ], [ 133.002450278551692, 32.722010555955798 ], [ 133.002490556494564, 32.722003889227338 ] ] ], [ [ [ 133.014482499396479, 32.721999721613564 ], [ 133.014516110424921, 32.721989722040007 ], [ 133.014584999210456, 32.721959999499035 ], [ 133.014670555282009, 32.721922222063277 ], [ 133.014720555542056, 32.721906666709629 ], [ 133.01476750039933, 32.7218850001017 ], [ 133.01479083300174, 32.721849167344715 ], [ 133.014780832630123, 32.721821943918428 ], [ 133.014749444439133, 32.721791388685311 ], [ 133.014705000473782, 32.721782221803892 ], [ 133.014639443547424, 32.721795833517042 ], [ 133.014578332296054, 32.721843610526349 ], [ 133.014520556099882, 32.721880556308243 ], [ 133.01445916679404, 32.721894999675257 ], [ 133.014419166905611, 32.721899444506981 ], [ 133.014386944551319, 32.721930277996329 ], [ 133.014380277636917, 32.721959999499035 ], [ 133.014400278380151, 32.72198888934787 ], [ 133.01443583259362, 32.722000556382241 ], [ 133.014482499396479, 32.721999721613564 ] ] ], [ [ [ 133.005186666588855, 32.721151667239042 ], [ 133.005228333205878, 32.721122221916019 ], [ 133.005273889389002, 32.721110277663691 ], [ 133.005309999711358, 32.721105832831967 ], [ 133.005353611111417, 32.721105832831967 ], [ 133.005382778062966, 32.72111333329083 ], [ 133.00541361174308, 32.721136943539264 ], [ 133.005456943490714, 32.721149999778227 ], [ 133.005486110442234, 32.721148610573636 ], [ 133.00550249967381, 32.72111333329083 ], [ 133.005506111185468, 32.721088332799539 ], [ 133.005480555745578, 32.721061666923973 ], [ 133.005435277616897, 32.72103222160095 ], [ 133.005400832425124, 32.721007222147932 ], [ 133.005368055559984, 32.721005832943341 ], [ 133.00533194363959, 32.721011666979663 ], [ 133.005295555262791, 32.721019167438527 ], [ 133.005230277988915, 32.721033889061772 ], [ 133.005175833651947, 32.72103833285523 ], [ 133.005092500417874, 32.72107222197171 ], [ 133.005061388683288, 32.721095556040453 ], [ 133.005059721954694, 32.72112666674775 ], [ 133.005074166403233, 32.721154443571685 ], [ 133.005101388571745, 32.721178055896651 ], [ 133.005143056786778, 32.721178055896651 ], [ 133.005186666588855, 32.721151667239042 ] ] ], [ [ [ 133.000751388319941, 32.722429721965256 ], [ 133.000766943388214, 32.722389999850726 ], [ 133.000747500351878, 32.722347222109057 ], [ 133.000653888691744, 32.722310832839618 ], [ 133.000575833697923, 32.722276111031 ], [ 133.000487778332484, 32.722225278394554 ], [ 133.000441111529625, 32.722199999647039 ], [ 133.000434454203315, 32.72219833530103 ], [ 133.000398799314951, 32.722308071042754 ], [ 133.000415556089735, 32.722321944399809 ], [ 133.000481943983374, 32.722360000091797 ], [ 133.000528888840648, 32.722377500124217 ], [ 133.000561943760232, 32.722382222173906 ], [ 133.000603055866407, 32.722395000156638 ], [ 133.000650000723681, 32.722420277865886 ], [ 133.000710555866192, 32.722442499947995 ], [ 133.000751388319941, 32.722429721965256 ] ] ], [ [ [ 133.010936944186312, 32.721393611027551 ], [ 133.010964166354796, 32.721367777844115 ], [ 133.010961389006468, 32.721339167289777 ], [ 133.010949167395381, 32.721315833221034 ], [ 133.010923332303065, 32.721294722087293 ], [ 133.010894166949527, 32.721277500311096 ], [ 133.010866944781043, 32.721260277496626 ], [ 133.010839444558115, 32.721247777770117 ], [ 133.01080916698686, 32.721243055720429 ], [ 133.010754166541005, 32.721244166668797 ], [ 133.010717778164206, 32.721245555873388 ], [ 133.010679721460804, 32.721250277923076 ], [ 133.0106430566276, 32.721262777649585 ], [ 133.010634166875718, 32.721293611138925 ], [ 133.010635555549868, 32.721324443589999 ], [ 133.010661389044202, 32.721349166863334 ], [ 133.010685832266347, 32.721356667322198 ], [ 133.01072388896975, 32.721355278117606 ], [ 133.010755833269627, 32.721348055914966 ], [ 133.010786110840883, 32.721351667016286 ], [ 133.010818333195175, 32.721351667016286 ], [ 133.010844166689481, 32.721363888486572 ], [ 133.010871388857993, 32.721382500505626 ], [ 133.010908055289207, 32.721396111180503 ], [ 133.010936944186312, 32.721393611027551 ] ] ], [ [ [ 133.009840832825404, 32.722428889273118 ], [ 133.009881943333568, 32.722397777527554 ], [ 133.009914443742304, 32.722373889022897 ], [ 133.009921388711149, 32.72233250048582 ], [ 133.009887499628263, 32.722311943787986 ], [ 133.009861944188373, 32.722308332686666 ], [ 133.00982388908298, 32.722308332686666 ], [ 133.009769999256832, 32.722309443635034 ], [ 133.009709167657917, 32.722318610516446 ], [ 133.009655555886212, 32.722331388499185 ], [ 133.009617222726376, 32.72234972226201 ], [ 133.009608889083381, 32.722391110799094 ], [ 133.009641389492117, 32.722415000342018 ], [ 133.009702222689072, 32.722427778324757 ], [ 133.009754444188559, 32.722434722271167 ], [ 133.009801110991418, 32.722434722271167 ], [ 133.009840832825404, 32.722428889273118 ] ] ], [ [ [ 133.016046389405517, 32.721578332669104 ], [ 133.016083610347607, 32.721576110772375 ], [ 133.016102222416663, 32.72156750040341 ], [ 133.01611805553938, 32.72155472242067 ], [ 133.01611944421353, 32.721539721502936 ], [ 133.01611944421353, 32.721509443487776 ], [ 133.016116666865202, 32.721481389445884 ], [ 133.016103333036398, 32.721454444275821 ], [ 133.016078333705366, 32.72142972204076 ], [ 133.016051667645741, 32.721409167419466 ], [ 133.016007778191238, 32.721410278367834 ], [ 133.015967778302809, 32.721420833415571 ], [ 133.015923888848306, 32.721467222258561 ], [ 133.015906667051411, 32.721515832998278 ], [ 133.015930555762708, 32.721558610739947 ], [ 133.015967778302809, 32.721574999824007 ], [ 133.016004999244899, 32.721579443617465 ], [ 133.016046389405517, 32.721578332669104 ] ] ], [ [ [ 133.010689721832421, 32.722640556084734 ], [ 133.0107283330467, 32.722634443792188 ], [ 133.010766944260951, 32.722634443792188 ], [ 133.010810277606595, 32.722640556084734 ], [ 133.01083833234037, 32.722623610488228 ], [ 133.01083833234037, 32.722590833358382 ], [ 133.010786388895298, 32.722570555955045 ], [ 133.010740278201325, 32.722547500142532 ], [ 133.010692500778759, 32.722564443662499 ], [ 133.01065249929232, 32.722574167056365 ], [ 133.010580833158457, 32.722550000295485 ], [ 133.010506389676266, 32.722529443597658 ], [ 133.010460277384283, 32.722538888735293 ], [ 133.010457500035955, 32.722554722345173 ], [ 133.010534722464485, 32.722603055866934 ], [ 133.010603333195576, 32.722639166880143 ], [ 133.01065249929232, 32.722641667033102 ], [ 133.010689721832421, 32.722640556084734 ] ] ], [ [ [ 133.015628889071849, 32.721808888717732 ], [ 133.015663610720026, 32.721800278348766 ], [ 133.015699444585977, 32.721781943547668 ], [ 133.015733889777749, 32.721770000333613 ], [ 133.01576305672927, 32.721756111402506 ], [ 133.015764443805409, 32.721738888588042 ], [ 133.015745833334364, 32.721725833387353 ], [ 133.015691388997396, 32.721715000083385 ], [ 133.015631666420177, 32.721711944456246 ], [ 133.015582500323433, 32.721708610572882 ], [ 133.015517221451546, 32.72170972152125 ], [ 133.015476110943382, 32.721717221980114 ], [ 133.015436111054953, 32.721737777639675 ], [ 133.015436111054953, 32.72176361082311 ], [ 133.0154613884404, 32.72177972165094 ], [ 133.015488056098036, 32.721787222109803 ], [ 133.015515832777368, 32.721799167400405 ], [ 133.015546388403067, 32.7218099996661 ], [ 133.015581111649283, 32.72181111061446 ], [ 133.015628889071849, 32.721808888717732 ] ] ], [ [ [ 133.002151943720008, 32.723055832736648 ], [ 133.002189722368996, 32.72304111111341 ], [ 133.002219721885808, 32.72302416655517 ], [ 133.002235278552092, 32.723005278356425 ], [ 133.002244444760407, 32.722984999914821 ], [ 133.002240556792344, 32.722964999729442 ], [ 133.002210555677522, 32.722940832968561 ], [ 133.002167778440736, 32.722932221561329 ], [ 133.002110278700997, 32.72293333250969 ], [ 133.002077778292261, 32.722935556482966 ], [ 133.002019166334776, 32.722973611136673 ], [ 133.002010278180904, 32.723009443893659 ], [ 133.002029721217241, 32.72304111111341 ], [ 133.002075277400365, 32.723059166620018 ], [ 133.002118332691566, 32.723060000350422 ], [ 133.002151943720008, 32.723055832736648 ] ] ], [ [ [ 133.019190833513591, 32.7238025000945 ], [ 133.019218611790961, 32.723786389266664 ], [ 133.019248611307773, 32.723765832568837 ], [ 133.019276111530701, 32.723735000117763 ], [ 133.019274999312955, 32.723713610727792 ], [ 133.019276111530701, 32.723687222070183 ], [ 133.019266943724375, 32.723669443781532 ], [ 133.019246110415878, 32.723655555888705 ], [ 133.019203611233536, 32.723663889039706 ], [ 133.019131943501662, 32.723691944119871 ], [ 133.019095278668459, 32.723717221829119 ], [ 133.019070832250264, 32.723759444096601 ], [ 133.019082499350503, 32.723787500215032 ], [ 133.019114721704796, 32.723796667096444 ], [ 133.019159721779033, 32.723804166517048 ], [ 133.019190833513591, 32.7238025000945 ] ] ], [ [ [ 133.016784721411938, 32.723277778416318 ], [ 133.01681777792956, 32.72325944361522 ], [ 133.016843055315007, 32.723230555842918 ], [ 133.016843055315007, 32.723196943944394 ], [ 133.016836388400606, 32.723175555592697 ], [ 133.016799167458515, 32.723159166508637 ], [ 133.01675138843791, 32.723163611340368 ], [ 133.016699443394828, 32.723184999692066 ], [ 133.016687499838213, 32.723217499603955 ], [ 133.016688888512363, 32.723253056181257 ], [ 133.01671277722366, 32.723277778416318 ], [ 133.01675138843791, 32.723287499733644 ], [ 133.016784721411938, 32.723277778416318 ] ] ], [ [ [ 133.01124499973713, 32.722466666708875 ], [ 133.011283610951409, 32.722441110743404 ], [ 133.011298333454391, 32.722411110984467 ], [ 133.011270278720616, 32.72239055636318 ], [ 133.01121361154614, 32.722385556057269 ], [ 133.01114805621782, 32.722388056210221 ], [ 133.011091667097816, 32.722397777527554 ], [ 133.011078055214568, 32.722433888540763 ], [ 133.011109443405559, 32.722460556492869 ], [ 133.011151111620592, 32.722472499706925 ], [ 133.011198610988743, 32.722472499706925 ], [ 133.01124499973713, 32.722466666708875 ] ] ], [ [ [ 133.011429722165474, 32.722829999775975 ], [ 133.011448332636519, 32.722816389101098 ], [ 133.011473055511118, 32.722794722493177 ], [ 133.011483332339139, 32.722768889309748 ], [ 133.011473055511118, 32.722736943833766 ], [ 133.011432777568245, 32.72272111126216 ], [ 133.01139666724589, 32.722718611109208 ], [ 133.011358610542459, 32.722729444413169 ], [ 133.01131722197988, 32.722748056432231 ], [ 133.011302777531313, 32.722774722307797 ], [ 133.011319443219321, 32.722802221913774 ], [ 133.011356389303018, 32.722823333047515 ], [ 133.011393610245108, 32.72283166723679 ], [ 133.011429722165474, 32.722829999775975 ] ] ], [ [ [ 133.009912500557277, 32.721676667173448 ], [ 133.009936389268574, 32.721665000139076 ], [ 133.009944721313559, 32.721640833378196 ], [ 133.009938888562459, 32.721616666617308 ], [ 133.009917222688642, 32.721602222212027 ], [ 133.009893332379363, 32.721588610498884 ], [ 133.009856389491688, 32.721584722179607 ], [ 133.009807499851377, 32.721589722485518 ], [ 133.009759722428811, 32.721601111263659 ], [ 133.009755000297446, 32.721633055701368 ], [ 133.009784721759814, 32.721658333410616 ], [ 133.009821944299944, 32.721671944085493 ], [ 133.009855277273942, 32.721682500171497 ], [ 133.009887499628263, 32.721682500171497 ], [ 133.009912500557277, 32.721676667173448 ] ] ], [ [ [ 133.010081944373752, 32.721879167103651 ], [ 133.010109444596679, 32.721872222118961 ], [ 133.010146389082337, 32.721858611444091 ], [ 133.010161944150639, 32.721842222360031 ], [ 133.010178611436658, 32.7218238885972 ], [ 133.010184444187757, 32.721804443886001 ], [ 133.010159443258715, 32.721785000213075 ], [ 133.010124999664953, 32.721785000213075 ], [ 133.010088056777306, 32.721788888532352 ], [ 133.010037778462817, 32.721795833517042 ], [ 133.010004443890779, 32.72182083297006 ], [ 133.009994721573605, 32.721839443950849 ], [ 133.009994721573605, 32.721859722392452 ], [ 133.010020000557063, 32.721872222118961 ], [ 133.010050832639195, 32.721879999795789 ], [ 133.010081944373752, 32.721879167103651 ] ] ], [ [ [ 133.018342222561017, 32.722513611026052 ], [ 133.018373888806451, 32.722489167047208 ], [ 133.018387222635255, 32.722467500439286 ], [ 133.018392221223053, 32.722451388573184 ], [ 133.018385555906661, 32.722428332760664 ], [ 133.018370555349236, 32.722418888661295 ], [ 133.018327222003592, 32.722411943676612 ], [ 133.01829722248678, 32.722411943676612 ], [ 133.018260556055537, 32.722416111290379 ], [ 133.018237221855117, 32.722426943556073 ], [ 133.0182272214835, 32.722445832793092 ], [ 133.018247222226734, 32.722462221877144 ], [ 133.018275556612963, 32.722489167047208 ], [ 133.018295555758186, 32.722506944297592 ], [ 133.018322221817783, 32.722523056163688 ], [ 133.018342222561017, 32.722513611026052 ] ] ], [ [ [ 133.013665385299845, 32.720052549954993 ], [ 133.013681109757584, 32.720028624072633 ], [ 133.013688971986483, 32.719987418270989 ], [ 133.013673247528715, 32.719956845387294 ], [ 133.013615067035005, 32.719948870439261 ], [ 133.013560031432831, 32.719980771269647 ], [ 133.01355374164973, 32.72001666113146 ], [ 133.013560031432831, 32.720051220970035 ], [ 133.0135961976857, 32.720063183911215 ], [ 133.013665385299845, 32.720052549954993 ] ] ], [ [ [ 133.010188888264679, 32.722064999693565 ], [ 133.010226943370071, 32.722058055747148 ], [ 133.010246944113305, 32.722054721863785 ], [ 133.010273611770941, 32.722051389018695 ], [ 133.010286389490886, 32.722039721984324 ], [ 133.010273611770941, 32.722022500208126 ], [ 133.010252500407972, 32.722013333326707 ], [ 133.010203056256813, 32.722005278431929 ], [ 133.010173333196406, 32.721999721613564 ], [ 133.01013944411352, 32.721992777667147 ], [ 133.010116667619968, 32.721992777667147 ], [ 133.010088333233739, 32.721997222498878 ], [ 133.010069999219098, 32.722008888494976 ], [ 133.01006722187077, 32.722038611035956 ], [ 133.010109722651123, 32.722063888745204 ], [ 133.010149166430693, 32.722066110641933 ], [ 133.010188888264679, 32.722064999693565 ] ] ], [ [ [ 133.001604166893003, 32.723124443661753 ], [ 133.001631389061515, 32.72309805604241 ], [ 133.0016338883554, 32.723076943870396 ], [ 133.001618333287126, 32.723063333195519 ], [ 133.001561111601802, 32.723042222061778 ], [ 133.001521944278664, 32.72304111111341 ], [ 133.001479167041907, 32.723060000350422 ], [ 133.001469999235582, 32.723096944055776 ], [ 133.001489443869929, 32.723123332713385 ], [ 133.00153111048698, 32.723133056107251 ], [ 133.001572778702013, 32.723133056107251 ], [ 133.001604166893003, 32.723124443661753 ] ] ], [ [ [ 133.010188055699388, 32.721587777806747 ], [ 133.010219167433945, 32.72157416713187 ], [ 133.010236943741688, 32.721550833063127 ], [ 133.010234722502219, 32.72153055565979 ], [ 133.01022388956531, 32.721524721623467 ], [ 133.010190556591283, 32.721516111254509 ], [ 133.010119999479144, 32.721518888625418 ], [ 133.010083056591498, 32.721521944252558 ], [ 133.010055832825003, 32.721529443673155 ], [ 133.010050832639195, 32.721546111013438 ], [ 133.010058055662483, 32.721566389455042 ], [ 133.010085555885411, 32.721581943770424 ], [ 133.010115277347779, 32.721594443496933 ], [ 133.01014527846263, 32.721597221906116 ], [ 133.010188055699388, 32.721587777806747 ] ] ], [ [ [ 133.017688610864809, 32.723538888659796 ], [ 133.017715833033293, 32.723515555629319 ], [ 133.017721667382403, 32.723494444495579 ], [ 133.017705832661676, 32.723468888530107 ], [ 133.017688888919253, 32.723454722381049 ], [ 133.017658611347997, 32.723440833449949 ], [ 133.017612500654025, 32.72344555549963 ], [ 133.017581110865024, 32.723470000516741 ], [ 133.017581110865024, 32.723510832541365 ], [ 133.017602500282408, 32.723531943675113 ], [ 133.017624167754235, 32.723546943554574 ], [ 133.017658611347997, 32.723549443707533 ], [ 133.017688610864809, 32.723538888659796 ] ] ], [ [ [ 133.010987222500773, 32.722536666838565 ], [ 133.011008055809299, 32.722515000230644 ], [ 133.011011111212071, 32.722485833163844 ], [ 133.010996388709088, 32.722466666708875 ], [ 133.010954444037623, 32.722455556186958 ], [ 133.010893610840668, 32.722454444200324 ], [ 133.010854721571974, 32.722463055607555 ], [ 133.010857778572756, 32.722493056404758 ], [ 133.010899443591768, 32.722535277633973 ], [ 133.010938332860462, 32.722542778092844 ], [ 133.010963610245909, 32.722542778092844 ], [ 133.010987222500773, 32.722536666838565 ] ] ], [ [ [ 133.014655832779027, 32.722696110770876 ], [ 133.014691110536091, 32.72266027801389 ], [ 133.014710556768449, 32.722622222321903 ], [ 133.01468444362169, 32.722591667088793 ], [ 133.014653333485114, 32.722577778157685 ], [ 133.014613055542242, 32.72258222195115 ], [ 133.014596110201808, 32.722590556140425 ], [ 133.014597222419553, 32.722641388776879 ], [ 133.014607777302018, 32.722684721992728 ], [ 133.014631111502439, 32.722702500281379 ], [ 133.014655832779027, 32.722696110770876 ] ] ], [ [ [ 133.009583333643491, 32.722112222266965 ], [ 133.009598888711764, 32.722088055506084 ], [ 133.009621388748883, 32.722067221590294 ], [ 133.009636943817156, 32.722032778037907 ], [ 133.009611666431709, 32.722018056414662 ], [ 133.009583333643491, 32.722013333326707 ], [ 133.009553610583083, 32.722013333326707 ], [ 133.009509722726591, 32.722034167242498 ], [ 133.009496943408635, 32.722063888745204 ], [ 133.009515277423247, 32.722101667219228 ], [ 133.009546667212248, 32.722117778047064 ], [ 133.009583333643491, 32.722112222266965 ] ] ], [ [ [ 133.018772778669074, 32.722219999832411 ], [ 133.018794444542891, 32.722209166528451 ], [ 133.018814443688086, 32.722190000073482 ], [ 133.018837777888507, 32.72217111083647 ], [ 133.018839444617129, 32.722155000008634 ], [ 133.018839444617129, 32.72213722171999 ], [ 133.018821110602488, 32.722122500096745 ], [ 133.018782777442652, 32.722119721687562 ], [ 133.018759166785827, 32.722131944196121 ], [ 133.018732500726202, 32.722158889366185 ], [ 133.018704166339973, 32.72218472151134 ], [ 133.018699167752175, 32.722210278515085 ], [ 133.018710833254374, 32.722222499985371 ], [ 133.01874916641421, 32.722222499985371 ], [ 133.018772778669074, 32.722219999832411 ] ] ], [ [ [ 133.003493610706187, 32.721260555752856 ], [ 133.003521388983557, 32.721250833397256 ], [ 133.003535277323238, 32.7212311114681 ], [ 133.003528332354392, 32.721212777705276 ], [ 133.003517777471927, 32.721199999722536 ], [ 133.003495277434808, 32.721191666571528 ], [ 133.00345888905801, 32.721191666571528 ], [ 133.003424167409804, 32.721193055776119 ], [ 133.003396389132462, 32.721198610517945 ], [ 133.003375555823936, 32.721228333058924 ], [ 133.003411944200735, 32.721256389177348 ], [ 133.003451944089164, 32.721263333123765 ], [ 133.003493610706187, 32.721260555752856 ] ] ], [ [ [ 133.014257500623273, 32.721343611083235 ], [ 133.014278055877355, 32.721319721540311 ], [ 133.014274722420168, 32.721294722087293 ], [ 133.014257500623273, 32.721275000158137 ], [ 133.014228055617309, 32.721263888597946 ], [ 133.014195278752169, 32.721263888597946 ], [ 133.014153888591551, 32.721298888662794 ], [ 133.014157500103181, 32.721335277932226 ], [ 133.01419027856636, 32.721351944234243 ], [ 133.014228055617309, 32.721354721605159 ], [ 133.014257500623273, 32.721343611083235 ] ] ], [ [ [ 133.013897778083788, 32.721011388723433 ], [ 133.01391833333787, 32.720987778475006 ], [ 133.013914999880683, 32.720962499727491 ], [ 133.013897778083788, 32.720943056054566 ], [ 133.013868611132267, 32.720931667276417 ], [ 133.013835832669116, 32.720931667276417 ], [ 133.013794444106509, 32.720966667341258 ], [ 133.013797777563695, 32.721003055572432 ], [ 133.013830556026875, 32.721019721874441 ], [ 133.013868611132267, 32.721022500283624 ], [ 133.013897778083788, 32.721011388723433 ] ] ], [ [ [ 133.016715556169999, 32.723469722260511 ], [ 133.016746111795698, 32.723454722381049 ], [ 133.016759444026491, 32.723436388618218 ], [ 133.016746111795698, 32.723403056014192 ], [ 133.016716943246138, 32.723387777878493 ], [ 133.016673055389646, 32.723393332620319 ], [ 133.016666666529687, 32.723398667249015 ], [ 133.016630556207332, 32.723428889197621 ], [ 133.016629167533154, 32.723454722381049 ], [ 133.016653056244451, 32.723476388988971 ], [ 133.016666666529687, 32.723476861401593 ], [ 133.0166850005443, 32.723477499937339 ], [ 133.016715556169999, 32.723469722260511 ] ] ], [ [ [ 133.011258611620406, 32.722952778259156 ], [ 133.011279166874488, 32.722929444190413 ], [ 133.011279166874488, 32.722907777582492 ], [ 133.01125749940266, 32.722886943666701 ], [ 133.011225556700794, 32.722877499567332 ], [ 133.011191389563464, 32.722878333297743 ], [ 133.01116055588335, 32.722906111159944 ], [ 133.011159443665605, 32.722933610765921 ], [ 133.011178055734661, 32.72295694379639 ], [ 133.011210000034509, 32.722966388934033 ], [ 133.01123777831188, 32.72296722162617 ], [ 133.011258611620406, 32.722952778259156 ] ] ], [ [ [ 133.011192778237643, 32.72264638908279 ], [ 133.01121944429724, 32.722636943945147 ], [ 133.011230000777743, 32.722617500272221 ], [ 133.011233056180515, 32.722596943574388 ], [ 133.011225556700794, 32.722575278004733 ], [ 133.011188332562682, 32.722564443662499 ], [ 133.011149721348431, 32.722564443662499 ], [ 133.011121388560184, 32.722578889106053 ], [ 133.011110833677719, 32.722610278069574 ], [ 133.011131666986245, 32.722630832690868 ], [ 133.011156944371692, 32.722647778287381 ], [ 133.011192778237643, 32.72264638908279 ] ] ], [ [ [ 133.018881111234151, 32.722586666782881 ], [ 133.018884444691366, 32.722566389379544 ], [ 133.018872777591156, 32.722550000295485 ], [ 133.018859443762324, 32.722536666838565 ], [ 133.018832777702698, 32.722518888549921 ], [ 133.018806111643102, 32.722505556131267 ], [ 133.018781110714059, 32.722505556131267 ], [ 133.01876444342804, 32.722521666959096 ], [ 133.018755833328612, 32.722541944362433 ], [ 133.01876083351442, 32.722563610970361 ], [ 133.018779443985466, 32.72257861084983 ], [ 133.018837777888507, 32.722593333511334 ], [ 133.018866110676726, 32.72259611088225 ], [ 133.018881111234151, 32.722586666782881 ] ] ], [ [ [ 133.002911110632994, 32.723203333454897 ], [ 133.002934721289847, 32.723187221588795 ], [ 133.002938332801477, 32.723168888864237 ], [ 133.002924722516241, 32.723151944305997 ], [ 133.002897500347757, 32.723143889411219 ], [ 133.002867499232906, 32.723140832745806 ], [ 133.002834166258879, 32.723141667514483 ], [ 133.002800555230408, 32.723155832625274 ], [ 133.00279416637045, 32.723178055745649 ], [ 133.002805555416217, 32.723197222200625 ], [ 133.002840278662433, 32.723207221774175 ], [ 133.002880000496418, 32.723208332722542 ], [ 133.002911110632994, 32.723203333454897 ] ] ], [ [ [ 133.018153056055752, 32.723199444097354 ], [ 133.018167222449875, 32.723180833116565 ], [ 133.018158610752408, 32.723161943879553 ], [ 133.018134167530263, 32.723134167055619 ], [ 133.018114166787058, 32.723121110816656 ], [ 133.018088333292724, 32.723118888919927 ], [ 133.018065278744757, 32.723126943814705 ], [ 133.018059444395647, 32.723157500086089 ], [ 133.018065278744757, 32.723186667152888 ], [ 133.018093889587391, 32.723213333028454 ], [ 133.018116944135386, 32.723213333028454 ], [ 133.018153056055752, 32.723199444097354 ] ] ], [ [ [ 133.01014083278767, 32.72220499995295 ], [ 133.010142221461848, 32.722171667348917 ], [ 133.010142221461848, 32.722158055635774 ], [ 133.010125277719396, 32.722141943769671 ], [ 133.010089721907889, 32.722141943769671 ], [ 133.010057221499153, 32.722146388601402 ], [ 133.010043056703068, 32.722180833192063 ], [ 133.010051666802497, 32.722209722002631 ], [ 133.010072778165465, 32.722219999832411 ], [ 133.010106667248351, 32.722224443625876 ], [ 133.01014083278767, 32.72220499995295 ] ] ], [ [ [ 133.010096943333167, 32.722540277939885 ], [ 133.010125277719396, 32.722532222006834 ], [ 133.01014083278767, 32.722512778333908 ], [ 133.010153610507615, 32.722473610655292 ], [ 133.010145000408187, 32.722456388879095 ], [ 133.010129443741903, 32.722451944047364 ], [ 133.010099722279506, 32.722469166861835 ], [ 133.010069999219098, 32.722480555639976 ], [ 133.010043056703068, 32.722497778454446 ], [ 133.010038889082551, 32.722528889161744 ], [ 133.01006722187077, 32.722542499836614 ], [ 133.010096943333167, 32.722540277939885 ] ] ], [ [ [ 133.01057666713595, 32.721650555733788 ], [ 133.010613611621636, 32.721619443988224 ], [ 133.010594443443694, 32.721609721632625 ], [ 133.01057666713595, 32.721609721632625 ], [ 133.010551666206936, 32.721610832580993 ], [ 133.010518333232909, 32.721612778298031 ], [ 133.010484722204438, 32.721620555974859 ], [ 133.010456111361776, 32.721635833072284 ], [ 133.01045500074207, 32.721655277783476 ], [ 133.010491943629717, 32.721669722188764 ], [ 133.010532499627004, 32.721670833137125 ], [ 133.01057666713595, 32.721650555733788 ] ] ], [ [ [ 133.010348055253132, 32.720911944308995 ], [ 133.010370833344666, 32.720894721494531 ], [ 133.01038138822716, 32.720862778095089 ], [ 133.01037694415021, 32.72084666726726 ], [ 133.010346388524511, 32.720838055860028 ], [ 133.010316110953255, 32.72084305616594 ], [ 133.010286944001734, 32.720861388890498 ], [ 133.010278055847863, 32.720894721494531 ], [ 133.010285555327556, 32.720914444461954 ], [ 133.010314444224662, 32.720921943882551 ], [ 133.010348055253132, 32.720911944308995 ] ] ], [ [ [ 133.018013888212522, 32.72254472173335 ], [ 133.018012221483929, 32.722529721853881 ], [ 133.018005556167537, 32.722508056284227 ], [ 133.01798388869571, 32.722490556251799 ], [ 133.017950555721683, 32.722485277689664 ], [ 133.017928888249855, 32.722497221941993 ], [ 133.017923889662057, 32.722510832616869 ], [ 133.017925556390651, 32.722533889467655 ], [ 133.017937221892851, 32.722548889347124 ], [ 133.017957222636085, 32.722558333446493 ], [ 133.01799555579592, 32.722559721612811 ], [ 133.018013888212522, 32.72254472173335 ] ] ], [ [ [ 133.002530832839426, 32.723401944027557 ], [ 133.002549443310471, 32.723385833199721 ], [ 133.002540833211043, 32.723368611423524 ], [ 133.002506111562838, 32.723352499557429 ], [ 133.00247861133991, 32.723346389341415 ], [ 133.002440278180075, 32.723360555490473 ], [ 133.002432778700381, 32.723382777572581 ], [ 133.002455000683057, 32.723406944333469 ], [ 133.002496111191221, 32.723406944333469 ], [ 133.002530832839426, 32.723401944027557 ] ] ], [ [ [ 133.015216110869545, 32.722797499864086 ], [ 133.015223610349238, 32.722783610932986 ], [ 133.015221667164212, 32.722767500105157 ], [ 133.015218888217873, 32.722748332611914 ], [ 133.015193332777983, 32.72273750034622 ], [ 133.015169444066714, 32.722738888512545 ], [ 133.015148610758189, 32.722748332611914 ], [ 133.015132499581028, 32.722770555732289 ], [ 133.015141111278496, 32.722794444236946 ], [ 133.015165556098651, 32.722806111271318 ], [ 133.015194166941285, 32.722808333168047 ], [ 133.015216110869545, 32.722797499864086 ] ] ], [ [ [ 133.015130556396002, 32.722980833339321 ], [ 133.015136389147102, 32.722961666884352 ], [ 133.015121944698564, 32.722944722326112 ], [ 133.015092499692599, 32.722937778379695 ], [ 133.015066944252709, 32.722936943611018 ], [ 133.015038333410047, 32.722948610645389 ], [ 133.015037499246745, 32.722979444134729 ], [ 133.015066111687418, 32.722994722270421 ], [ 133.015106944141138, 32.722994722270421 ], [ 133.015130556396002, 32.722980833339321 ] ] ], [ [ [ 133.009921388711149, 32.72213722171999 ], [ 133.009938332453601, 32.722112222266965 ], [ 133.009941389454383, 32.722091389389448 ], [ 133.009922777385327, 32.722078888624665 ], [ 133.009909999665382, 32.722075277523345 ], [ 133.009878889528807, 32.722075277523345 ], [ 133.009859166840045, 32.722082222508035 ], [ 133.009852221871199, 32.722115556150328 ], [ 133.009869167211633, 32.722128055876844 ], [ 133.00989888867403, 32.72214083282131 ], [ 133.009921388711149, 32.72213722171999 ] ] ], [ [ [ 133.010915000258052, 32.721775277857482 ], [ 133.010950832525964, 32.721757777825054 ], [ 133.010956666875103, 32.721740277792634 ], [ 133.010934166837984, 32.721724722438985 ], [ 133.010921111063595, 32.721720000389297 ], [ 133.010895833678148, 32.721720000389297 ], [ 133.01087333364103, 32.721724722438985 ], [ 133.010858889192463, 32.721741388741002 ], [ 133.010860277866641, 32.721768332872792 ], [ 133.01088055666429, 32.721778056266658 ], [ 133.010915000258052, 32.721775277857482 ] ] ], [ [ [ 133.010695556181531, 32.722217777935683 ], [ 133.010719443294818, 32.72219833322449 ], [ 133.010722222241156, 32.722180277717882 ], [ 133.010703055661224, 32.722162222211274 ], [ 133.010676111547184, 32.722153889060273 ], [ 133.01065833364143, 32.722170556400556 ], [ 133.010637500332905, 32.722192500226434 ], [ 133.010638889007083, 32.72221166668141 ], [ 133.010659722315609, 32.722218888884051 ], [ 133.010695556181531, 32.722217777935683 ] ] ], [ [ [ 133.018283888657976, 32.723365000322204 ], [ 133.018288056278465, 32.723341667291734 ], [ 133.018270832883587, 32.723318333222991 ], [ 133.018252222412542, 32.723316111326255 ], [ 133.018229166266536, 32.723321944324312 ], [ 133.018204721446381, 32.723332222154092 ], [ 133.018198888695281, 32.723356944389153 ], [ 133.018223333515436, 32.723369722371892 ], [ 133.018262222784159, 32.723371944268621 ], [ 133.018283888657976, 32.723365000322204 ] ] ], [ [ [ 133.010701388932631, 32.722055832812153 ], [ 133.01071444470702, 32.722039443728093 ], [ 133.010723056404458, 32.722017221645984 ], [ 133.010695556181531, 32.722008333020796 ], [ 133.010678888895512, 32.722008333020796 ], [ 133.010660832935315, 32.722010277699567 ], [ 133.0106430566276, 32.722023889412718 ], [ 133.010632222092681, 32.722044166816048 ], [ 133.010645277867042, 32.722062777796836 ], [ 133.010668055958604, 32.722065556206019 ], [ 133.010701388932631, 32.722055832812153 ] ] ], [ [ [ 133.015263333781263, 32.722446389305539 ], [ 133.015278610795093, 32.722434444014944 ], [ 133.015287222492532, 32.722419444135475 ], [ 133.015281667795875, 32.722401944103055 ], [ 133.015265556618743, 32.722385556057269 ], [ 133.015239167015551, 32.722384999544815 ], [ 133.015216110869545, 32.722398055783778 ], [ 133.015215278304254, 32.722418055969158 ], [ 133.015216943434837, 32.722436944167903 ], [ 133.015236944178071, 32.722446943741453 ], [ 133.015263333781263, 32.722446389305539 ] ] ], [ [ [ 133.013436388295617, 32.722088889236495 ], [ 133.013461111170216, 32.722067499846524 ], [ 133.013468610649909, 32.722043055867687 ], [ 133.013447777341412, 32.722023055682307 ], [ 133.013417777824571, 32.722026111309447 ], [ 133.013400556027705, 32.72205055632655 ], [ 133.013393056547983, 32.722078055932528 ], [ 133.013411943475461, 32.722090278441087 ], [ 133.013436388295617, 32.722088889236495 ] ] ], [ [ [ 133.01543805583799, 32.722850556473809 ], [ 133.015440000621027, 32.722826666930878 ], [ 133.015425832628893, 32.722806666745505 ], [ 133.015403888700632, 32.722809166898458 ], [ 133.015380278043807, 32.722830556288429 ], [ 133.015376388477705, 32.722853055588494 ], [ 133.015389722306537, 32.722863888892455 ], [ 133.015416388366162, 32.722865278097046 ], [ 133.01543805583799, 32.722850556473809 ] ] ], [ [ [ 133.003659444609042, 32.723117222497379 ], [ 133.003674721622872, 32.723106110937188 ], [ 133.003677778623654, 32.723093332954456 ], [ 133.003672500383431, 32.723080833227939 ], [ 133.00364916778102, 32.723070556436433 ], [ 133.003626667743902, 32.723073055551119 ], [ 133.003615833208983, 32.723092778518541 ], [ 133.003607221511515, 32.723111111243099 ], [ 133.003619999231461, 32.723122500021248 ], [ 133.003641666703288, 32.723123055495428 ], [ 133.003659444609042, 32.723117222497379 ] ] ], [ [ [ 133.013453611690522, 32.722630278254954 ], [ 133.013455278419116, 32.722610556325805 ], [ 133.013444167427764, 32.7225922215247 ], [ 133.013423332521228, 32.722593610729291 ], [ 133.013398889299083, 32.722611944492122 ], [ 133.013394999733009, 32.722631943639236 ], [ 133.013413888258498, 32.722650278440334 ], [ 133.013436388295617, 32.722650278440334 ], [ 133.013453611690522, 32.722630278254954 ] ] ], [ [ [ 133.015383055392135, 32.722310832839618 ], [ 133.0153877775235, 32.72228944448792 ], [ 133.015383055392135, 32.722273332621818 ], [ 133.015355278712775, 32.722267499623769 ], [ 133.015321944140737, 32.722273332621818 ], [ 133.015321944140737, 32.722293332807197 ], [ 133.01534833374393, 32.722315833145537 ], [ 133.015367500323862, 32.722320277977261 ], [ 133.015383055392135, 32.722310832839618 ] ] ] ] } },
{ "type": "Feature", "properties": { "P12_001": 10177, "P12_002": "太郎川公園", "P12_003": "39", "P12_004": "39405", "P12_005": "‐", "P12_006": "梼原町太郎川3799", "P12_007": 1 }, "geometry": { "type": "Polygon", "coordinates": [ [ [ 132.944996457735982, 33.388394269806781 ], [ 132.945524957720096, 33.38843182089979 ], [ 132.945840667758006, 33.38843182089979 ], [ 132.946257904419355, 33.388394269806781 ], [ 132.94621061758707, 33.38783795358772 ], [ 132.945070169327749, 33.3878337807826 ], [ 132.944996457735982, 33.388394269806781 ] ] ] } },
{ "type": "Feature", "properties": { "P12_001": 10197, "P12_002": "樫西公園・海水浴場", "P12_003": "39", "P12_004": "39424", "P12_005": "‐", "P12_006": "大月町樫ノ浦", "P12_007": 4 }, "geometry": { "type": "Polygon", "coordinates": [ [ [ 132.722007593050535, 32.786413821227178 ], [ 132.722003085053046, 32.786362305409398 ], [ 132.7219897016858, 32.786312353225483 ], [ 132.721967845648322, 32.786265484701985 ], [ 132.721938184910471, 32.786223124344652 ], [ 132.721901617556114, 32.786186556492865 ], [ 132.721859255802968, 32.786156895209785 ], [ 132.721812387650374, 32.786135039636811 ], [ 132.721762436928771, 32.78612165530469 ], [ 132.721710920153413, 32.786117148176793 ], [ 132.721659403378084, 32.78612165530469 ], [ 132.72160945105847, 32.786135039636811 ], [ 132.721562582905875, 32.786156895209785 ], [ 132.72152022115273, 32.786186556492865 ], [ 132.721483655396383, 32.786223124344652 ], [ 132.721453993060521, 32.786265484701985 ], [ 132.721432138621054, 32.786312353225483 ], [ 132.721418753655797, 32.786362305409398 ], [ 132.72141424725632, 32.786413821227178 ], [ 132.721418753655797, 32.786465338083232 ], [ 132.721432138621054, 32.786515290267147 ], [ 132.721453993060521, 32.786562158790645 ], [ 132.721483655396383, 32.786604519147978 ], [ 132.72152022115273, 32.786641086999765 ], [ 132.721562582905875, 32.786670748282845 ], [ 132.72160945105847, 32.786692602817546 ], [ 132.721659403378084, 32.78670598818794 ], [ 132.721710920153413, 32.786710495315845 ], [ 132.721762436928771, 32.78670598818794 ], [ 132.721812387650374, 32.786692602817546 ], [ 132.721859255802968, 32.786670748282845 ], [ 132.721901617556114, 32.786641086999765 ], [ 132.721938184910471, 32.786604519147978 ], [ 132.721967845648322, 32.786562158790645 ], [ 132.7219897016858, 32.786515290267147 ], [ 132.722003085053046, 32.786465338083232 ], [ 132.722007593050535, 32.786413821227178 ] ] ] } },
{ "type": "Feature", "properties": { "P12_001": 10123, "P12_002": "秦山公園こども広場", "P12_003": "39", "P12_004": "39212", "P12_005": "‐", "P12_006": "香美市土佐山田町植", "P12_007": 4 }, "geometry": { "type": "Polygon", "coordinates": [ [ [ 133.679077847604873, 33.612702172480283 ], [ 133.679072598128869, 33.612642156350105 ], [ 133.679057004708255, 33.612583964459439 ], [ 133.67903154355119, 33.612529363942976 ], [ 133.678996988096458, 33.61248001395537 ], [ 133.678954389837259, 33.612437413757782 ], [ 133.678905038370914, 33.612402858072286 ], [ 133.678850439026576, 33.612377397627604 ], [ 133.678792245748753, 33.612361804896253 ], [ 133.678732230734965, 33.612356554367395 ], [ 133.678672214123168, 33.612361804896253 ], [ 133.678614022443355, 33.612377397627604 ], [ 133.678559421501006, 33.612402858072286 ], [ 133.678510071632644, 33.612437413757782 ], [ 133.678467471775434, 33.61248001395537 ], [ 133.678432916320702, 33.612529363942976 ], [ 133.678407455163637, 33.612583964459439 ], [ 133.678391863341034, 33.612642156350105 ], [ 133.678386612267047, 33.612702172480283 ], [ 133.678391863341034, 33.612762188610461 ], [ 133.678407455163637, 33.612820380501127 ], [ 133.678432916320702, 33.612874981017598 ], [ 133.678467471775434, 33.612924331005203 ], [ 133.678510071632644, 33.612966931202784 ], [ 133.678559421501006, 33.613001485850013 ], [ 133.678614022443355, 33.613026947332962 ], [ 133.678672214123168, 33.613042539026047 ], [ 133.678732230734965, 33.613047790593178 ], [ 133.678792245748753, 33.613042539026047 ], [ 133.678850439026576, 33.613026947332962 ], [ 133.678905038370914, 33.613001485850013 ], [ 133.678954389837259, 33.612966931202784 ], [ 133.678996988096458, 33.612924331005203 ], [ 133.67903154355119, 33.612874981017598 ], [ 133.679057004708255, 33.612820380501127 ], [ 133.679072598128869, 33.612762188610461 ], [ 133.679077847604873, 33.612702172480283 ] ] ] } }
]
}
