{
"type": "FeatureCollection",
"crs": { "type": "name", "properties": { "name": "urn:ogc:def:crs:EPSG::4612" } },
"features": [
{ "type": "Feature", "properties": { "P12_001": 10001, "P12_002": "兼六園", "P12_003": "17", "P12_004": "17201", "P12_005": "庭園・公園", "P12_006": "金沢市兼六町1", "P12_007": 2 }, "geometry": { "type": "MultiPoint", "coordinates": [ [ 136.662653000235878, 36.562120000337814 ] ] } },
{ "type": "Feature", "properties": { "P12_001": 10002, "P12_002": "金沢２１世紀美術館", "P12_003": "17", "P12_004": "17201", "P12_005": "博物館・美術館", "P12_006": "金沢市広坂1-2-1", "P12_007": 2 }, "geometry": { "type": "MultiPoint", "coordinates": [ [ 136.658225774500011, 36.560880658115934 ] ] } },
{ "type": "Feature", "properties": { "P12_001": 10003, "P12_002": "金沢のひがし茶屋街", "P12_003": "17", "P12_004": "17201", "P12_005": "集落・街", "P12_006": "金沢市東山", "P12_007": -1 }, "geometry": { "type": "MultiPoint", "coordinates": [ [ 136.666590000128508, 36.572576000482115 ] ] } },
{ "type": "Feature", "properties": { "P12_001": 10004, "P12_002": "金沢城公園", "P12_003": "17", "P12_004": "17201", "P12_005": "‐", "P12_006": "金沢市丸の内1-1", "P12_007": 2 }, "geometry": { "type": "MultiPoint", "coordinates": [ [ 136.659402999648819, 36.566104998846697 ] ] } },
{ "type": "Feature", "properties": { "P12_001": 10005, "P12_002": "菱櫓・五十間長屋・橋爪門続櫓", "P12_003": "17", "P12_004": "17201", "P12_005": "‐", "P12_006": "金沢市丸の内1-1", "P12_007": 2 }, "geometry": { "type": "MultiPoint", "coordinates": [ [ 136.659402999648819, 36.566104998846697 ] ] } },
{ "type": "Feature", "properties": { "P12_001": 10006, "P12_002": "妙立寺", "P12_003": "17", "P12_004": "17201", "P12_005": "‐", "P12_006": "金沢市野町1-2-12", "P12_007": 2 }, "geometry": { "type": "MultiPoint", "coordinates": [ [ 136.649024644272004, 36.555395793680987 ] ] } },
{ "type": "Feature", "properties": { "P12_001": 10007, "P12_002": "天徳院", "P12_003": "17", "P12_004": "17201", "P12_005": "‐", "P12_006": "金沢市小立野4-4-4", "P12_007": 2 }, "geometry": { "type": "MultiPoint", "coordinates": [ [ 136.676957974630909, 36.551428693479465 ] ] } },
{ "type": "Feature", "properties": { "P12_001": 10008, "P12_002": "雨宝院", "P12_003": "17", "P12_004": "17201", "P12_005": "‐", "P12_006": "金沢市千日町1-3", "P12_007": 2 }, "geometry": { "type": "MultiPoint", "coordinates": [ [ 136.649917486702748, 36.558564434401205 ] ] } },
{ "type": "Feature", "properties": { "P12_001": 10009, "P12_002": "伏見寺", "P12_003": "17", "P12_004": "17201", "P12_005": "‐", "P12_006": "金沢市寺町5-5-28", "P12_007": 2 }, "geometry": { "type": "MultiPoint", "coordinates": [ [ 136.651676757576411, 36.554012104874801 ] ] } },
{ "type": "Feature", "properties": { "P12_001": 10010, "P12_002": "時雨亭", "P12_003": "17", "P12_004": "17201", "P12_005": "‐", "P12_006": "金沢市兼六町1-5", "P12_007": 2 }, "geometry": { "type": "MultiPoint", "coordinates": [ [ 136.661476910930787, 36.561955163599976 ] ] } },
{ "type": "Feature", "properties": { "P12_001": 10011, "P12_002": "西田家庭園玉泉園", "P12_003": "17", "P12_004": "17201", "P12_005": "‐", "P12_006": "金沢市小将町8-3", "P12_007": 2 }, "geometry": { "type": "MultiPoint", "coordinates": [ [ 136.664021000368962, 36.563904000769071 ] ] } },
{ "type": "Feature", "properties": { "P12_001": 10012, "P12_002": "石川県立歴史博物館", "P12_003": "17", "P12_004": "17201", "P12_005": "‐", "P12_006": "金沢市出羽町3-1", "P12_007": 2 }, "geometry": { "type": "MultiPoint", "coordinates": [ [ 136.662740998898016, 36.55869600071992 ] ] } },
{ "type": "Feature", "properties": { "P12_001": 10013, "P12_002": "石川県立伝統産業工芸館", "P12_003": "17", "P12_004": "17201", "P12_005": "‐", "P12_006": "金沢市兼六町1-1", "P12_007": 2 }, "geometry": { "type": "MultiPoint", "coordinates": [ [ 136.664070491859775, 36.561061646677729 ] ] } },
{ "type": "Feature", "properties": { "P12_001": 10014, "P12_002": "金沢くらしの博物館", "P12_003": "17", "P12_004": "17201", "P12_005": "‐", "P12_006": "金沢市飛梅町3-31", "P12_007": 2 }, "geometry": { "type": "MultiPoint", "coordinates": [ [ 136.668068213077618, 36.558130211140394 ] ] } },
{ "type": "Feature", "properties": { "P12_001": 10015, "P12_002": "石川県立美術館", "P12_003": "17", "P12_004": "17201", "P12_005": "‐", "P12_006": "金沢市出羽町2-1", "P12_007": 2 }, "geometry": { "type": "MultiPoint", "coordinates": [ [ 136.661227895850743, 36.560239089862137 ] ] } },
{ "type": "Feature", "properties": { "P12_001": 10016, "P12_002": "金沢市立中村記念美術館", "P12_003": "17", "P12_004": "17201", "P12_005": "‐", "P12_006": "金沢市本多町3-2-29", "P12_007": 2 }, "geometry": { "type": "MultiPoint", "coordinates": [ [ 136.660576000681999, 36.558789998759494 ] ] } },
{ "type": "Feature", "properties": { "P12_001": 10017, "P12_002": "大樋美術館", "P12_003": "17", "P12_004": "17201", "P12_005": "‐", "P12_006": "金沢市橋場町2-17", "P12_007": 2 }, "geometry": { "type": "MultiPoint", "coordinates": [ [ 136.664395548216021, 36.569907551892072 ] ] } },
{ "type": "Feature", "properties": { "P12_001": 10018, "P12_002": "金沢能楽美術館", "P12_003": "17", "P12_004": "17201", "P12_005": "‐", "P12_006": "金沢市広坂1-2-25", "P12_007": 2 }, "geometry": { "type": "MultiPoint", "coordinates": [ [ 136.658070427408347, 36.56158245936308 ] ] } },
{ "type": "Feature", "properties": { "P12_001": 10019, "P12_002": "石川県政記念しいのき迎賓館", "P12_003": "17", "P12_004": "17201", "P12_005": "‐", "P12_006": "金沢市広坂2-1-1", "P12_007": 2 }, "geometry": { "type": "MultiPoint", "coordinates": [ [ 136.657848360513526, 36.562406589092859 ] ] } },
{ "type": "Feature", "properties": { "P12_001": 10020, "P12_002": "石川四高記念文化交流館", "P12_003": "17", "P12_004": "17201", "P12_005": "‐", "P12_006": "金沢市広坂2-2-5", "P12_007": 2 }, "geometry": { "type": "MultiPoint", "coordinates": [ [ 136.655768396794087, 36.562502486500591 ] ] } },
{ "type": "Feature", "properties": { "P12_001": 10021, "P12_002": "藩老本多蔵品館", "P12_003": "17", "P12_004": "17201", "P12_005": "‐", "P12_006": "金沢市出羽町3-1", "P12_007": 2 }, "geometry": { "type": "MultiPoint", "coordinates": [ [ 136.66173800030856, 36.559064999749978 ] ] } },
{ "type": "Feature", "properties": { "P12_001": 10022, "P12_002": "金沢ふるさと偉人館", "P12_003": "17", "P12_004": "17201", "P12_005": "‐", "P12_006": "金沢市下本多町6-18-4", "P12_007": 2 }, "geometry": { "type": "MultiPoint", "coordinates": [ [ 136.657878352004445, 36.559129920009866 ] ] } },
{ "type": "Feature", "properties": { "P12_001": 10023, "P12_002": "泉鏡花記念館", "P12_003": "17", "P12_004": "17201", "P12_005": "‐", "P12_006": "金沢市下新町2-3", "P12_007": 2 }, "geometry": { "type": "MultiPoint", "coordinates": [ [ 136.66303433166911, 36.571457403036788 ] ] } },
{ "type": "Feature", "properties": { "P12_001": 10024, "P12_002": "尾張町老舗交流館", "P12_003": "17", "P12_004": "17201", "P12_005": "‐", "P12_006": "金沢市尾張町1-11-11", "P12_007": 2 }, "geometry": { "type": "MultiPoint", "coordinates": [ [ 136.659377605492182, 36.571363226032133 ] ] } },
{ "type": "Feature", "properties": { "P12_001": 10025, "P12_002": "金沢市老舗記念館", "P12_003": "17", "P12_004": "17201", "P12_005": "‐", "P12_006": "金沢市長町2-2-45", "P12_007": 2 }, "geometry": { "type": "MultiPoint", "coordinates": [ [ 136.650379085326563, 36.562665173858761 ] ] } },
{ "type": "Feature", "properties": { "P12_001": 10026, "P12_002": "石川県金沢港大野からくり記念館", "P12_003": "17", "P12_004": "17201", "P12_005": "‐", "P12_006": "金沢市大野町4-甲2-29", "P12_007": 2 }, "geometry": { "type": "MultiPoint", "coordinates": [ [ 136.604408755959412, 36.619001137692408 ] ] } },
{ "type": "Feature", "properties": { "P12_001": 10027, "P12_002": "石川県銭屋五兵衛記念館", "P12_003": "17", "P12_004": "17201", "P12_005": "‐", "P12_006": "金沢市金石本町ロ55", "P12_007": 2 }, "geometry": { "type": "MultiPoint", "coordinates": [ [ 136.59705295632898, 36.596912492317699 ] ] } },
{ "type": "Feature", "properties": { "P12_001": 10028, "P12_002": "足軽資料館", "P12_003": "17", "P12_004": "17201", "P12_005": "‐", "P12_006": "金沢市長町1-9-3", "P12_007": 2 }, "geometry": { "type": "MultiPoint", "coordinates": [ [ 136.649856000054456, 36.565901000231008 ] ] } },
{ "type": "Feature", "properties": { "P12_001": 10029, "P12_002": "宗桂会館", "P12_003": "17", "P12_004": "17201", "P12_005": "‐", "P12_006": "金沢市北陽台3-1（日機装（株）敷地内）", "P12_007": 2 }, "geometry": { "type": "MultiPoint", "coordinates": [ [ 136.703733155360851, 36.600432722991798 ] ] } },
{ "type": "Feature", "properties": { "P12_001": 10030, "P12_002": "西茶屋資料館", "P12_003": "17", "P12_004": "17201", "P12_005": "‐", "P12_006": "金沢市野町2-25-18", "P12_007": 2 }, "geometry": { "type": "MultiPoint", "coordinates": [ [ 136.647365631618641, 36.556677256550188 ] ] } },
{ "type": "Feature", "properties": { "P12_001": 10031, "P12_002": "金沢湯涌夢二館", "P12_003": "17", "P12_004": "17201", "P12_005": "‐", "P12_006": "金沢市湯涌町イ144-1", "P12_007": 2 }, "geometry": { "type": "MultiPoint", "coordinates": [ [ 136.757465053969099, 36.485987595750998 ] ] } },
{ "type": "Feature", "properties": { "P12_001": 10032, "P12_002": "金沢蓄音器館", "P12_003": "17", "P12_004": "17201", "P12_005": "‐", "P12_006": "金沢市尾張町2-11-21", "P12_007": 2 }, "geometry": { "type": "MultiPoint", "coordinates": [ [ 136.662698603957438, 36.571280605315735 ] ] } },
{ "type": "Feature", "properties": { "P12_001": 10033, "P12_002": "前田土佐守家資料館", "P12_003": "17", "P12_004": "17201", "P12_005": "‐", "P12_006": "金沢市片町2-10-17", "P12_007": 2 }, "geometry": { "type": "MultiPoint", "coordinates": [ [ 136.650923345136334, 36.562422058331379 ] ] } },
{ "type": "Feature", "properties": { "P12_001": 10034, "P12_002": "室生犀星記念館", "P12_003": "17", "P12_004": "17201", "P12_005": "‐", "P12_006": "金沢市千日町3-22", "P12_007": 2 }, "geometry": { "type": "MultiPoint", "coordinates": [ [ 136.648199357114663, 36.559062183972685 ] ] } },
{ "type": "Feature", "properties": { "P12_001": 10035, "P12_002": "徳田秋聲記念館", "P12_003": "17", "P12_004": "17201", "P12_005": "‐", "P12_006": "金沢市東山1-19-1", "P12_007": 2 }, "geometry": { "type": "MultiPoint", "coordinates": [ [ 136.667189348809416, 36.570886213927679 ] ] } },
{ "type": "Feature", "properties": { "P12_001": 10036, "P12_002": "金沢文芸館", "P12_003": "17", "P12_004": "17201", "P12_005": "‐", "P12_006": "金沢市尾張町1-7-10", "P12_007": 2 }, "geometry": { "type": "MultiPoint", "coordinates": [ [ 136.663714615737035, 36.570846981003399 ] ] } },
{ "type": "Feature", "properties": { "P12_001": 10037, "P12_002": "長町友禅館", "P12_003": "17", "P12_004": "17201", "P12_005": "‐", "P12_006": "金沢市長町2-6-16", "P12_007": 2 }, "geometry": { "type": "MultiPoint", "coordinates": [ [ 136.647730000039587, 36.565131999841981 ] ] } },
{ "type": "Feature", "properties": { "P12_001": 10038, "P12_002": "金沢市立安江金箔工芸館", "P12_003": "17", "P12_004": "17201", "P12_005": "‐", "P12_006": "金沢市北東山1-3-10", "P12_007": 2 }, "geometry": { "type": "MultiPoint", "coordinates": [ [ 136.665955999669677, 36.573753999947201 ] ] } },
{ "type": "Feature", "properties": { "P12_001": 10039, "P12_002": "卯辰山工芸工房", "P12_003": "17", "P12_004": "17201", "P12_005": "‐", "P12_006": "金沢市卯辰町ト10", "P12_007": 2 }, "geometry": { "type": "MultiPoint", "coordinates": [ [ 136.674911459396412, 36.573613593292748 ] ] } },
{ "type": "Feature", "properties": { "P12_001": 10040, "P12_002": "加賀友禅伝統産業会館", "P12_003": "17", "P12_004": "17201", "P12_005": "‐", "P12_006": "金沢市小将町8-8", "P12_007": 2 }, "geometry": { "type": "MultiPoint", "coordinates": [ [ 136.66440099990632, 36.56383200104608 ] ] } },
{ "type": "Feature", "properties": { "P12_001": 10041, "P12_002": "九谷光仙窯", "P12_003": "17", "P12_004": "17201", "P12_005": "‐", "P12_006": "金沢市野町5-3-3", "P12_007": 2 }, "geometry": { "type": "MultiPoint", "coordinates": [ [ 136.644975999842586, 36.555037999304261 ] ] } },
{ "type": "Feature", "properties": { "P12_001": 10042, "P12_002": "箔一本店　箔巧館", "P12_003": "17", "P12_004": "17201", "P12_005": "‐", "P12_006": "金沢市森戸2-1-1", "P12_007": 2 }, "geometry": { "type": "MultiPoint", "coordinates": [ [ 136.598063386915783, 36.561304663279657 ] ] } },
{ "type": "Feature", "properties": { "P12_001": 10043, "P12_002": "金沢クラフト・広坂", "P12_003": "17", "P12_004": "17201", "P12_005": "‐", "P12_006": "金沢市広坂1-2-25（金沢能楽美術館内）", "P12_007": 2 }, "geometry": { "type": "MultiPoint", "coordinates": [ [ 136.658070427408347, 36.56158245936308 ] ] } },
{ "type": "Feature", "properties": { "P12_001": 10044, "P12_002": "石川県菓子文化会館", "P12_003": "17", "P12_004": "17201", "P12_005": "‐", "P12_006": "金沢市尾張町2-12-1", "P12_007": 2 }, "geometry": { "type": "MultiPoint", "coordinates": [ [ 136.663164878156635, 36.571249770260749 ] ] } },
{ "type": "Feature", "properties": { "P12_001": 10045, "P12_002": "金沢湯涌創作の森", "P12_003": "17", "P12_004": "17201", "P12_005": "‐", "P12_006": "金沢市北袋町ヱ36", "P12_007": 2 }, "geometry": { "type": "MultiPoint", "coordinates": [ [ 136.749666783395355, 36.494267623252256 ] ] } },
{ "type": "Feature", "properties": { "P12_001": 10046, "P12_002": "成巽閣", "P12_003": "17", "P12_004": "17201", "P12_005": "‐", "P12_006": "金沢市兼六町1-2", "P12_007": 2 }, "geometry": { "type": "MultiPoint", "coordinates": [ [ 136.663200170251685, 36.561084365351235 ] ] } },
{ "type": "Feature", "properties": { "P12_001": 10047, "P12_002": "町民文化館", "P12_003": "17", "P12_004": "17201", "P12_005": "‐", "P12_006": "金沢市尾張町1-11-8", "P12_007": 2 }, "geometry": { "type": "MultiPoint", "coordinates": [ [ 136.659127783720351, 36.571386814350035 ] ] } },
{ "type": "Feature", "properties": { "P12_001": 10048, "P12_002": "志摩", "P12_003": "17", "P12_004": "17201", "P12_005": "‐", "P12_006": "金沢市東山1-13-21", "P12_007": 2 }, "geometry": { "type": "MultiPoint", "coordinates": [ [ 136.666899000888293, 36.572625000043786 ] ] } },
{ "type": "Feature", "properties": { "P12_001": 10049, "P12_002": "懐華楼", "P12_003": "17", "P12_004": "17201", "P12_005": "‐", "P12_006": "金沢市東山1-14-8", "P12_007": 2 }, "geometry": { "type": "MultiPoint", "coordinates": [ [ 136.667087999711498, 36.572347999860369 ] ] } },
{ "type": "Feature", "properties": { "P12_001": 10050, "P12_002": "寺島蔵人邸", "P12_003": "17", "P12_004": "17201", "P12_005": "‐", "P12_006": "金沢市大手町10-3", "P12_007": 2 }, "geometry": { "type": "MultiPoint", "coordinates": [ [ 136.663595000508963, 36.569256999411039 ] ] } },
{ "type": "Feature", "properties": { "P12_001": 10051, "P12_002": "武家屋敷跡野村家", "P12_003": "17", "P12_004": "17201", "P12_005": "‐", "P12_006": "金沢市長町1-3-32", "P12_007": 2 }, "geometry": { "type": "MultiPoint", "coordinates": [ [ 136.650188077417852, 36.564067923795676 ] ] } },
{ "type": "Feature", "properties": { "P12_001": 10052, "P12_002": "石川県立能楽堂", "P12_003": "17", "P12_004": "17201", "P12_005": "‐", "P12_006": "金沢市石引4-18-3", "P12_007": 2 }, "geometry": { "type": "MultiPoint", "coordinates": [ [ 136.663334166538675, 36.559550555413864 ] ] } },
{ "type": "Feature", "properties": { "P12_001": 10053, "P12_002": "湯涌温泉", "P12_003": "17", "P12_004": "17201", "P12_005": "‐", "P12_006": "金沢市湯涌町", "P12_007": 3 }, "geometry": { "type": "MultiPoint", "coordinates": [ [ 136.75604959661166, 36.487941434050015 ] ] } },
{ "type": "Feature", "properties": { "P12_001": 10054, "P12_002": "深谷温泉", "P12_003": "17", "P12_004": "17201", "P12_005": "‐", "P12_006": "金沢市深谷町チ95", "P12_007": 3 }, "geometry": { "type": "MultiPoint", "coordinates": [ [ 136.720953000680538, 36.613711999908901 ] ] } },
{ "type": "Feature", "properties": { "P12_001": 10055, "P12_002": "曲水温泉", "P12_003": "17", "P12_004": "17201", "P12_005": "‐", "P12_006": "金沢市七曲町ハ132-1", "P12_007": 3 }, "geometry": { "type": "MultiPoint", "coordinates": [ [ 136.72012800040693, 36.506796000435145 ] ] } },
{ "type": "Feature", "properties": { "P12_001": 10056, "P12_002": "テルメ金沢", "P12_003": "17", "P12_004": "17201", "P12_005": "‐", "P12_006": "金沢市松島町17", "P12_007": 3 }, "geometry": { "type": "MultiPoint", "coordinates": [ [ 136.601291970148395, 36.569435549011416 ] ] } },
{ "type": "Feature", "properties": { "P12_001": 10057, "P12_002": "滝亭", "P12_003": "17", "P12_004": "17201", "P12_005": "‐", "P12_006": "金沢市末町23-10", "P12_007": 3 }, "geometry": { "type": "MultiPoint", "coordinates": [ [ 136.692616174197155, 36.512480079092427 ] ] } },
{ "type": "Feature", "properties": { "P12_001": 10058, "P12_002": "ゴルフ倶楽部金沢リンクス", "P12_003": "17", "P12_004": "17201", "P12_005": "‐", "P12_006": "金沢市粟崎浜町1-2", "P12_007": 4 }, "geometry": { "type": "MultiPoint", "coordinates": [ [ 136.614483756520258, 36.631327741182361 ] ] } },
{ "type": "Feature", "properties": { "P12_001": 10059, "P12_002": "金沢セントラルカントリー倶楽部", "P12_003": "17", "P12_004": "17201", "P12_005": "‐", "P12_006": "金沢市東長江町於1", "P12_007": 4 }, "geometry": { "type": "MultiPoint", "coordinates": [ [ 136.713356000179374, 36.558775999912541 ] ] } },
{ "type": "Feature", "properties": { "P12_001": 10060, "P12_002": "チェリーゴルフクラブ金沢東", "P12_003": "17", "P12_004": "17201", "P12_005": "‐", "P12_006": "金沢市竹又町10-13", "P12_007": 4 }, "geometry": { "type": "MultiPoint", "coordinates": [ [ 136.783392145231346, 36.612394422064995 ] ] } },
{ "type": "Feature", "properties": { "P12_001": 10061, "P12_002": "医王山スキー場", "P12_003": "17", "P12_004": "17201", "P12_005": "‐", "P12_006": "金沢市俵町テ甲21", "P12_007": 4 }, "geometry": { "type": "MultiPoint", "coordinates": [ [ 136.751683654277258, 36.527318370346563 ] ] } },
{ "type": "Feature", "properties": { "P12_001": 10062, "P12_002": "健民海浜公園", "P12_003": "17", "P12_004": "17201", "P12_005": "‐", "P12_006": "金沢市普正寺町11-1-1", "P12_007": 4 }, "geometry": { "type": "MultiPoint", "coordinates": [ [ 136.585377000648123, 36.594349000006389 ] ] } },
{ "type": "Feature", "properties": { "P12_001": 10063, "P12_002": "奥卯辰山健民公園", "P12_003": "17", "P12_004": "17201", "P12_005": "‐", "P12_006": "金沢市若松町ア32", "P12_007": 4 }, "geometry": { "type": "MultiPoint", "coordinates": [ [ 136.69630900006041, 36.559664000393354 ] ] } },
{ "type": "Feature", "properties": { "P12_001": 10064, "P12_002": "金沢市民芸術村", "P12_003": "17", "P12_004": "17201", "P12_005": "‐", "P12_006": "金沢市大和町1-1", "P12_007": 4 }, "geometry": { "type": "MultiPoint", "coordinates": [ [ 136.640538073073685, 36.568598098523466 ] ] } },
{ "type": "Feature", "properties": { "P12_001": 10065, "P12_002": "金沢フォーラス", "P12_003": "17", "P12_004": "17201", "P12_005": "‐", "P12_006": "金沢市堀川新町3-1", "P12_007": 5 }, "geometry": { "type": "MultiPoint", "coordinates": [ [ 136.649759166452441, 36.579303888963352 ] ] } },
{ "type": "Feature", "properties": { "P12_001": 10066, "P12_002": "金沢百番街おみやげ館", "P12_003": "17", "P12_004": "17201", "P12_005": "‐", "P12_006": "金沢市木ノ新保町1-1（金沢駅内）", "P12_007": 5 }, "geometry": { "type": "MultiPoint", "coordinates": [ [ 136.647803999854773, 36.578259000852256 ] ] } },
{ "type": "Feature", "properties": { "P12_001": 10067, "P12_002": "近江町市場商店街", "P12_003": "17", "P12_004": "17201", "P12_005": "‐", "P12_006": "金沢市上近江町50", "P12_007": 5 }, "geometry": { "type": "MultiPoint", "coordinates": [ [ 136.657208287832304, 36.571053932992641 ] ] } },
{ "type": "Feature", "properties": { "P12_001": 10068, "P12_002": "石川県観光物産館", "P12_003": "17", "P12_004": "17201", "P12_005": "‐", "P12_006": "金沢市兼六町2-20", "P12_007": 5 }, "geometry": { "type": "MultiPoint", "coordinates": [ [ 136.663282999610828, 36.564929999519904 ] ] } },
{ "type": "Feature", "properties": { "P12_001": 10069, "P12_002": "金沢湯涌江戸村", "P12_003": "17", "P12_004": "17201", "P12_005": "‐", "P12_006": "金沢市湯涌荒屋町35-1", "P12_007": 4 }, "geometry": { "type": "MultiPoint", "coordinates": [ [ 136.756379206235465, 36.490560331793915 ] ] } },
{ "type": "Feature", "properties": { "P12_001": 10070, "P12_002": "鈴木大拙館", "P12_003": "17", "P12_004": "17201", "P12_005": "‐", "P12_006": "金沢市本多町3-4-20", "P12_007": -1 }, "geometry": { "type": "MultiPoint", "coordinates": [ [ 136.661084999872855, 36.557742999939535 ] ] } },
{ "type": "Feature", "properties": { "P12_001": 10071, "P12_002": "金沢百万石まつり", "P12_003": "17", "P12_004": "17201", "P12_005": "‐", "P12_006": "金沢市", "P12_007": 1 }, "geometry": { "type": "MultiPoint", "coordinates": [ [ 136.656279379889497, 36.567339786002378 ] ] } },
{ "type": "Feature", "properties": { "P12_001": 10072, "P12_002": "金沢ゆめ街道", "P12_003": "17", "P12_004": "17201", "P12_005": "‐", "P12_006": "金沢市", "P12_007": 1 }, "geometry": { "type": "MultiPoint", "coordinates": [ [ 136.656347302985751, 36.561094182350701 ] ] } },
{ "type": "Feature", "properties": { "P12_001": 10073, "P12_002": "フードピア金沢２０１０", "P12_003": "17", "P12_004": "17201", "P12_005": "‐", "P12_006": "金沢市", "P12_007": 1 }, "geometry": { "type": "MultiPoint", "coordinates": [ [ 136.656347302985751, 36.561094182350701 ] ] } },
{ "type": "Feature", "properties": { "P12_001": 10074, "P12_002": "むさしまつり", "P12_003": "17", "P12_004": "17201", "P12_005": "‐", "P12_006": "金沢市", "P12_007": 1 }, "geometry": { "type": "MultiPoint", "coordinates": [ [ 136.656347302985751, 36.561094182350701 ] ] } },
{ "type": "Feature", "properties": { "P12_001": 10075, "P12_002": "金沢・浅の川園遊会", "P12_003": "17", "P12_004": "17201", "P12_005": "‐", "P12_006": "金沢市", "P12_007": 1 }, "geometry": { "type": "MultiPoint", "coordinates": [ [ 136.656347302985751, 36.561094182350701 ] ] } },
{ "type": "Feature", "properties": { "P12_001": 10076, "P12_002": "夜の金沢城・兼六園ライトアップ", "P12_003": "17", "P12_004": "17201", "P12_005": "‐", "P12_006": "金沢市丸の内　および　兼六町1-4", "P12_007": 1 }, "geometry": { "type": "MultiPoint", "coordinates": [ [ 136.661058673119328, 36.563720918585602 ] ] } },
{ "type": "Feature", "properties": { "P12_001": 10077, "P12_002": "百万石菓子百工展", "P12_003": "17", "P12_004": "17201", "P12_005": "‐", "P12_006": "金沢市丸の内1-1（金沢城公園三の丸北園地・河北門ほか）", "P12_007": 1 }, "geometry": { "type": "MultiPoint", "coordinates": [ [ 136.659402999648819, 36.566104998846697 ] ] } },
{ "type": "Feature", "properties": { "P12_001": 10078, "P12_002": "おしゃれメッセかなざわ", "P12_003": "17", "P12_004": "17201", "P12_005": "‐", "P12_006": "金沢市広坂2-1-1・1-2-1（しいのき迎賓館・金沢21世紀美術館）", "P12_007": 1 }, "geometry": { "type": "MultiPoint", "coordinates": [ [ 136.658205001059969, 36.561893999808319 ] ] } },
{ "type": "Feature", "properties": { "P12_001": 10079, "P12_002": "春の舞ひろさか", "P12_003": "17", "P12_004": "17201", "P12_005": "‐", "P12_006": "金沢市広坂2-1（周辺）", "P12_007": 1 }, "geometry": { "type": "MultiPoint", "coordinates": [ [ 136.659011110174674, 36.562311337398341 ] ] } },
{ "type": "Feature", "properties": { "P12_001": 10080, "P12_002": "港フェスタいしかわｉｎ金沢", "P12_003": "17", "P12_004": "17201", "P12_005": "‐", "P12_006": "金沢市無量寺町（金沢港）", "P12_007": 1 }, "geometry": { "type": "MultiPoint", "coordinates": [ [ 136.614512999775229, 36.608016999884683 ] ] } },
{ "type": "Feature", "properties": { "P12_001": 10081, "P12_002": "ｅＡＴ‘１１　ＫＡＮＡＺＡＷＡ", "P12_003": "17", "P12_004": "17201", "P12_005": "‐", "P12_006": "金沢市高岡町15-1、大和町1-1（ほか）", "P12_007": 1 }, "geometry": { "type": "MultiPoint", "coordinates": [ [ 136.656347302985751, 36.561094182350701 ] ] } },
{ "type": "Feature", "properties": { "P12_001": 10082, "P12_002": "北陸中日花火大会", "P12_003": "17", "P12_004": "17201", "P12_005": "‐", "P12_006": "金沢市大豆田本町（県営まめだ簡易グラウンド周辺）", "P12_007": 1 }, "geometry": { "type": "MultiPoint", "coordinates": [ [ 136.634428000851585, 36.570217999660997 ] ] } },
{ "type": "Feature", "properties": { "P12_001": 10083, "P12_002": "かなざわ・まち博", "P12_003": "17", "P12_004": "17201", "P12_005": "‐", "P12_006": "金沢市", "P12_007": 1 }, "geometry": { "type": "MultiPoint", "coordinates": [ [ 136.656347302985751, 36.561094182350701 ] ] } },
{ "type": "Feature", "properties": { "P12_001": 10084, "P12_002": "大規模学会", "P12_003": "17", "P12_004": "17201", "P12_005": "‐", "P12_006": "金沢市", "P12_007": 1 }, "geometry": { "type": "MultiPoint", "coordinates": [ [ 136.656347302985751, 36.561094182350701 ] ] } },
{ "type": "Feature", "properties": { "P12_001": 10085, "P12_002": "ＹＯＳＡＫＯＩソーラン日本海百万石会場", "P12_003": "17", "P12_004": "17201", "P12_005": "‐", "P12_006": "金沢市", "P12_007": 1 }, "geometry": { "type": "MultiPoint", "coordinates": [ [ 136.656347302985751, 36.561094182350701 ] ] } },
{ "type": "Feature", "properties": { "P12_001": 10086, "P12_002": "金沢アカペラタウン２０１１", "P12_003": "17", "P12_004": "17201", "P12_005": "‐", "P12_006": "金沢市（市内16箇所）", "P12_007": 1 }, "geometry": { "type": "MultiPoint", "coordinates": [ [ 136.656347302985751, 36.561094182350701 ] ] } },
{ "type": "Feature", "properties": { "P12_001": 10087, "P12_002": "金沢ＪＡＺＺ　ＳＴＲＥＥＴ２０１１", "P12_003": "17", "P12_004": "17201", "P12_005": "‐", "P12_006": "金沢市", "P12_007": 1 }, "geometry": { "type": "MultiPoint", "coordinates": [ [ 136.656347302985751, 36.561094182350701 ] ] } },
{ "type": "Feature", "properties": { "P12_001": 10088, "P12_002": "ラ・フォル・ジュルネ金沢２０１１", "P12_003": "17", "P12_004": "17201", "P12_005": "‐", "P12_006": "金沢市", "P12_007": 1 }, "geometry": { "type": "MultiPoint", "coordinates": [ [ 136.656347302985751, 36.561094182350701 ] ] } },
{ "type": "Feature", "properties": { "P12_001": 10089, "P12_002": "口三方岩登山", "P12_003": "17", "P12_004": "17210", "P12_005": "‐", "P12_006": "白山市河内町内尾", "P12_007": 1 }, "geometry": { "type": "MultiPoint", "coordinates": [ [ 136.714902046292423, 36.372688500673803 ] ] } },
{ "type": "Feature", "properties": { "P12_001": 10090, "P12_002": "宿の岩登山", "P12_003": "17", "P12_004": "17210", "P12_005": "‐", "P12_006": "白山市河内町板尾", "P12_007": 1 }, "geometry": { "type": "MultiPoint", "coordinates": [ [ 136.672744114849138, 36.402258717665745 ] ] } },
{ "type": "Feature", "properties": { "P12_001": 10091, "P12_002": "赤蔵山", "P12_003": "17", "P12_004": "17202", "P12_005": "‐", "P12_006": "七尾市三引町", "P12_007": 1 }, "geometry": { "type": "MultiPoint", "coordinates": [ [ 136.866430999590989, 37.044922001249404 ] ] } },
{ "type": "Feature", "properties": { "P12_001": 10092, "P12_002": "別所岳", "P12_003": "17", "P12_004": "17202", "P12_005": "‐", "P12_006": "七尾市中島町別所", "P12_007": 1 }, "geometry": { "type": "MultiPoint", "coordinates": [ [ 136.85132664930552, 37.189668369299852 ] ] } },
{ "type": "Feature", "properties": { "P12_001": 10093, "P12_002": "田鶴浜野鳥公園", "P12_003": "17", "P12_004": "17202", "P12_005": "‐", "P12_006": "七尾市七尾市田鶴浜町2-1", "P12_007": 2 }, "geometry": { "type": "MultiPoint", "coordinates": [ [ 136.886439999606409, 37.068138999914993 ] ] } },
{ "type": "Feature", "properties": { "P12_001": 10094, "P12_002": "ふれあいセンター山びこ荘", "P12_003": "17", "P12_004": "17202", "P12_005": "‐", "P12_006": "七尾市多根町ハカノ谷内555-7", "P12_007": 1 }, "geometry": { "type": "MultiPoint", "coordinates": [ [ 136.9605129324259, 36.975318215163554 ] ] } },
{ "type": "Feature", "properties": { "P12_001": 10095, "P12_002": "七尾城址", "P12_003": "17", "P12_004": "17202", "P12_005": "‐", "P12_006": "七尾市古城町　および　古屋敷町　および　竹町入会地字大塚14-1／2-4／15-2", "P12_007": 2 }, "geometry": { "type": "MultiPoint", "coordinates": [ [ 136.98390400026949, 37.009041001341188 ] ] } },
{ "type": "Feature", "properties": { "P12_001": 10096, "P12_002": "須曽蝦夷穴古墳", "P12_003": "17", "P12_004": "17202", "P12_005": "‐", "P12_006": "七尾市能登島須曽町タ21-5", "P12_007": 2 }, "geometry": { "type": "MultiPoint", "coordinates": [ [ 136.966728999643692, 37.107913001284032 ] ] } },
{ "type": "Feature", "properties": { "P12_001": 10097, "P12_002": "山の寺寺院群（瞑想の道）", "P12_003": "17", "P12_004": "17202", "P12_005": "‐", "P12_006": "七尾市小島町", "P12_007": 2 }, "geometry": { "type": "MultiPoint", "coordinates": [ [ 136.951985999654198, 37.048803000358248 ] ] } },
{ "type": "Feature", "properties": { "P12_001": 10098, "P12_002": "和倉昭和博物館とおもちゃ博物館", "P12_003": "17", "P12_004": "17202", "P12_005": "‐", "P12_006": "七尾市和倉町9-20-1", "P12_007": 2 }, "geometry": { "type": "MultiPoint", "coordinates": [ [ 136.919793609587487, 37.079897906363328 ] ] } },
{ "type": "Feature", "properties": { "P12_001": 10099, "P12_002": "祭り会館", "P12_003": "17", "P12_004": "17202", "P12_005": "‐", "P12_006": "七尾市中島町横田1-148", "P12_007": 2 }, "geometry": { "type": "MultiPoint", "coordinates": [ [ 136.832495681130808, 37.128977801784174 ] ] } },
{ "type": "Feature", "properties": { "P12_001": 10100, "P12_002": "七尾美術館", "P12_003": "17", "P12_004": "17202", "P12_005": "‐", "P12_006": "七尾市小丸山台1-1", "P12_007": 2 }, "geometry": { "type": "MultiPoint", "coordinates": [ [ 136.953736109134184, 37.04490083480573 ] ] } },
{ "type": "Feature", "properties": { "P12_001": 10101, "P12_002": "角偉三郎・辻口博啓美術館", "P12_003": "17", "P12_004": "17202", "P12_005": "‐", "P12_006": "七尾市和倉町ワ65-1", "P12_007": 2 }, "geometry": { "type": "MultiPoint", "coordinates": [ [ 136.916684798964411, 37.090513713337259 ] ] } },
{ "type": "Feature", "properties": { "P12_001": 10102, "P12_002": "能登島ガラス美術館", "P12_003": "17", "P12_004": "17202", "P12_005": "‐", "P12_006": "七尾市能登島向田125-10", "P12_007": 2 }, "geometry": { "type": "MultiPoint", "coordinates": [ [ 136.996455828174021, 37.137427307424332 ] ] } },
{ "type": "Feature", "properties": { "P12_001": 10103, "P12_002": "七尾城址資料館", "P12_003": "17", "P12_004": "17202", "P12_005": "‐", "P12_006": "七尾市古屋敷町タ8-1", "P12_007": 2 }, "geometry": { "type": "MultiPoint", "coordinates": [ [ 136.976005411220854, 37.024456668140772 ] ] } },
{ "type": "Feature", "properties": { "P12_001": 10104, "P12_002": "能登国分寺展示館", "P12_003": "17", "P12_004": "17202", "P12_005": "‐", "P12_006": "七尾市国分町リ9", "P12_007": 2 }, "geometry": { "type": "MultiPoint", "coordinates": [ [ 136.956511754214148, 37.023916918431098 ] ] } },
{ "type": "Feature", "properties": { "P12_001": 10105, "P12_002": "田鶴浜建具センター", "P12_003": "17", "P12_004": "17202", "P12_005": "‐", "P12_006": "七尾市田鶴浜町ヌ11", "P12_007": 2 }, "geometry": { "type": "MultiPoint", "coordinates": [ [ 136.88540224761573, 37.064818337796112 ] ] } },
{ "type": "Feature", "properties": { "P12_001": 10106, "P12_002": "のと蘭ノ国", "P12_003": "17", "P12_004": "17202", "P12_005": "‐", "P12_006": "七尾市細口町渡リスイ153", "P12_007": 2 }, "geometry": { "type": "MultiPoint", "coordinates": [ [ 136.928587621221823, 37.0341661437526 ] ] } },
{ "type": "Feature", "properties": { "P12_001": 10107, "P12_002": "のとじま水族館", "P12_003": "17", "P12_004": "17202", "P12_005": "‐", "P12_006": "七尾市能登島曲町15-40", "P12_007": 2 }, "geometry": { "type": "MultiPoint", "coordinates": [ [ 136.982174722685386, 37.149180832329591 ] ] } },
{ "type": "Feature", "properties": { "P12_001": 10108, "P12_002": "能登島ガラス工房", "P12_003": "17", "P12_004": "17202", "P12_005": "‐", "P12_006": "七尾市能登島向田町122-13", "P12_007": 2 }, "geometry": { "type": "MultiPoint", "coordinates": [ [ 136.99861700067413, 37.137333000017975 ] ] } },
{ "type": "Feature", "properties": { "P12_001": 10109, "P12_002": "明治の館", "P12_003": "17", "P12_004": "17202", "P12_005": "‐", "P12_006": "七尾市中島町外ナ13", "P12_007": 2 }, "geometry": { "type": "MultiPoint", "coordinates": [ [ 136.878474891303199, 37.1514236299966 ] ] } },
{ "type": "Feature", "properties": { "P12_001": 10110, "P12_002": "和倉温泉", "P12_003": "17", "P12_004": "17202", "P12_005": "‐", "P12_006": "七尾市和倉町", "P12_007": 3 }, "geometry": { "type": "MultiPoint", "coordinates": [ [ 136.918713778318306, 37.086598092128327 ] ] } },
{ "type": "Feature", "properties": { "P12_001": 10111, "P12_002": "湯川温泉", "P12_003": "17", "P12_004": "17202", "P12_005": "‐", "P12_006": "七尾市湯川町47-35-1", "P12_007": 3 }, "geometry": { "type": "MultiPoint", "coordinates": [ [ 137.038788998813288, 37.08213699972282 ] ] } },
{ "type": "Feature", "properties": { "P12_001": 10112, "P12_002": "赤崎温泉", "P12_003": "17", "P12_004": "17202", "P12_005": "‐", "P12_006": "七尾市大田町ト13-1", "P12_007": 3 }, "geometry": { "type": "MultiPoint", "coordinates": [ [ 137.010894601005134, 37.069465463960057 ] ] } },
{ "type": "Feature", "properties": { "P12_001": 10113, "P12_002": "総湯", "P12_003": "17", "P12_004": "17202", "P12_005": "‐", "P12_006": "七尾市和倉町ワ5-1", "P12_007": 3 }, "geometry": { "type": "MultiPoint", "coordinates": [ [ 136.91636174270036, 37.088650346836062 ] ] } },
{ "type": "Feature", "properties": { "P12_001": 10114, "P12_002": "健康増進センターアスロン", "P12_003": "17", "P12_004": "17202", "P12_005": "‐", "P12_006": "七尾市高田町ち10", "P12_007": 3 }, "geometry": { "type": "MultiPoint", "coordinates": [ [ 136.896495700716059, 37.055649045367204 ] ] } },
{ "type": "Feature", "properties": { "P12_001": 10115, "P12_002": "猿田彦温泉いやしの湯", "P12_003": "17", "P12_004": "17202", "P12_005": "‐", "P12_006": "七尾市中島町小牧ヨ-116", "P12_007": 3 }, "geometry": { "type": "MultiPoint", "coordinates": [ [ 136.873989999239143, 37.14410700033784 ] ] } },
{ "type": "Feature", "properties": { "P12_001": 10116, "P12_002": "ひょっこり温泉島の湯", "P12_003": "17", "P12_004": "17202", "P12_005": "‐", "P12_006": "七尾市能登島佐波町ラ29-1", "P12_007": 3 }, "geometry": { "type": "MultiPoint", "coordinates": [ [ 136.997108579497421, 37.119347603209349 ] ] } },
{ "type": "Feature", "properties": { "P12_001": 10117, "P12_002": "和倉ゴルフ倶楽部", "P12_003": "17", "P12_004": "17202", "P12_005": "‐", "P12_006": "七尾市直津町子1-2", "P12_007": 4 }, "geometry": { "type": "MultiPoint", "coordinates": [ [ 136.915738795808807, 37.057240581887413 ] ] } },
{ "type": "Feature", "properties": { "P12_001": 10118, "P12_002": "能登島ゴルフ＆カントリークラブ", "P12_003": "17", "P12_004": "17202", "P12_005": "‐", "P12_006": "七尾市能登島半浦7-1", "P12_007": 4 }, "geometry": { "type": "MultiPoint", "coordinates": [ [ 136.95115936081595, 37.12653321693449 ] ] } },
{ "type": "Feature", "properties": { "P12_001": 10119, "P12_002": "七尾コロサススキー場", "P12_003": "17", "P12_004": "17202", "P12_005": "‐", "P12_006": "七尾市多根町ハカノ谷内555-7", "P12_007": 4 }, "geometry": { "type": "MultiPoint", "coordinates": [ [ 136.9605129324259, 36.975318215163554 ] ] } },
{ "type": "Feature", "properties": { "P12_001": 10120, "P12_002": "能登中島オートキャンプ場", "P12_003": "17", "P12_004": "17202", "P12_005": "‐", "P12_006": "七尾市中島町長浦14-16-1", "P12_007": 4 }, "geometry": { "type": "MultiPoint", "coordinates": [ [ 136.889292000725277, 37.134357000375303 ] ] } },
{ "type": "Feature", "properties": { "P12_001": 10121, "P12_002": "家族旅行村Ｗｅランド", "P12_003": "17", "P12_004": "17202", "P12_005": "‐", "P12_006": "七尾市能登島向田町牧山", "P12_007": 4 }, "geometry": { "type": "MultiPoint", "coordinates": [ [ 136.971570999901815, 37.152502999913565 ] ] } },
{ "type": "Feature", "properties": { "P12_001": 10122, "P12_002": "松島オートキャンプ場・海水浴場", "P12_003": "17", "P12_004": "17202", "P12_005": "‐", "P12_006": "七尾市能登島野崎町89-44-31", "P12_007": 4 }, "geometry": { "type": "MultiPoint", "coordinates": [ [ 137.049398815403038, 37.128714626878605 ] ] } },
{ "type": "Feature", "properties": { "P12_001": 10123, "P12_002": "勝尾崎キャンプ場", "P12_003": "17", "P12_004": "17202", "P12_005": "‐", "P12_006": "七尾市石川県七尾市能登島えの目", "P12_007": 4 }, "geometry": { "type": "MultiPoint", "coordinates": [ [ 137.052550999429172, 37.150705998882813 ] ] } },
{ "type": "Feature", "properties": { "P12_001": 10124, "P12_002": "閨フィッシングパーク", "P12_003": "17", "P12_004": "17202", "P12_005": "‐", "P12_006": "七尾市能登島閨町ろ42-3", "P12_007": 4 }, "geometry": { "type": "MultiPoint", "coordinates": [ [ 136.929955000822702, 37.132375001605112 ] ] } },
{ "type": "Feature", "properties": { "P12_001": 10125, "P12_002": "いいＰＡＲＫ七尾", "P12_003": "17", "P12_004": "17202", "P12_005": "‐", "P12_006": "七尾市庵町笹ヶ谷内3-1", "P12_007": 4 }, "geometry": { "type": "MultiPoint", "coordinates": [ [ 137.046524999429266, 37.028764999904865 ] ] } },
{ "type": "Feature", "properties": { "P12_001": 10126, "P12_002": "鵜浦海水浴場", "P12_003": "17", "P12_004": "17202", "P12_005": "‐", "P12_006": "七尾市鵜浦海水浴場", "P12_007": 4 }, "geometry": { "type": "MultiPoint", "coordinates": [ [ 137.049434000478755, 37.099765000554385 ] ] } },
{ "type": "Feature", "properties": { "P12_001": 10127, "P12_002": "八ヶ崎海水浴場", "P12_003": "17", "P12_004": "17202", "P12_005": "‐", "P12_006": "七尾市能登島町八ヶ崎町", "P12_007": 4 }, "geometry": { "type": "MultiPoint", "coordinates": [ [ 137.044626401087612, 37.163211205033122 ] ] } },
{ "type": "Feature", "properties": { "P12_001": 10128, "P12_002": "マリンパーク海水浴場", "P12_003": "17", "P12_004": "17202", "P12_005": "‐", "P12_006": "七尾市能登島佐波（マリンパーク地内）", "P12_007": 4 }, "geometry": { "type": "MultiPoint", "coordinates": [ [ 136.998446256289753, 37.11849111497304 ] ] } },
{ "type": "Feature", "properties": { "P12_001": 10129, "P12_002": "小丸山公園", "P12_003": "17", "P12_004": "17202", "P12_005": "‐", "P12_006": "七尾市七尾市馬出町", "P12_007": 4 }, "geometry": { "type": "MultiPoint", "coordinates": [ [ 136.959894581969479, 37.046207556933268 ] ] } },
{ "type": "Feature", "properties": { "P12_001": 10130, "P12_002": "藤瀬霊水公園", "P12_003": "17", "P12_004": "17202", "P12_005": "‐", "P12_006": "七尾市中島町藤瀬19-38", "P12_007": 4 }, "geometry": { "type": "MultiPoint", "coordinates": [ [ 136.82912237449807, 37.145268211259008 ] ] } },
{ "type": "Feature", "properties": { "P12_001": 10131, "P12_002": "長浦うるおい公園", "P12_003": "17", "P12_004": "17202", "P12_005": "‐", "P12_006": "七尾市中島町長浦ナ-111", "P12_007": 4 }, "geometry": { "type": "MultiPoint", "coordinates": [ [ 136.899324000202455, 37.136356999975646 ] ] } },
{ "type": "Feature", "properties": { "P12_001": 10132, "P12_002": "いいＰＡＲＫ七尾海浜レジャーランド", "P12_003": "17", "P12_004": "17202", "P12_005": "‐", "P12_006": "七尾市庵町笹ヶ谷内3-1", "P12_007": 4 }, "geometry": { "type": "MultiPoint", "coordinates": [ [ 137.046524999429266, 37.028764999904865 ] ] } },
{ "type": "Feature", "properties": { "P12_001": 10133, "P12_002": "交流市場", "P12_003": "17", "P12_004": "17202", "P12_005": "‐", "P12_006": "七尾市能登島向田町122-14", "P12_007": 5 }, "geometry": { "type": "MultiPoint", "coordinates": [ [ 136.998286786705876, 37.137260611787838 ] ] } },
{ "type": "Feature", "properties": { "P12_001": 10134, "P12_002": "能登食祭市場", "P12_003": "17", "P12_004": "17202", "P12_005": "‐", "P12_006": "七尾市府中町員外13-1", "P12_007": 5 }, "geometry": { "type": "MultiPoint", "coordinates": [ [ 136.96888100085755, 37.048999999550404 ] ] } },
{ "type": "Feature", "properties": { "P12_001": 10135, "P12_002": "ル・ミュゼ・ドゥ・アッシュ", "P12_003": "17", "P12_004": "17202", "P12_005": "‐", "P12_006": "七尾市和倉町ワ-65-1（辻口博啓美術館）", "P12_007": 5 }, "geometry": { "type": "MultiPoint", "coordinates": [ [ 136.916684798964411, 37.090513713337259 ] ] } },
{ "type": "Feature", "properties": { "P12_001": 10136, "P12_002": "なかじま亭", "P12_003": "17", "P12_004": "17202", "P12_005": "‐", "P12_006": "七尾市中島町中島甲92-1", "P12_007": 5 }, "geometry": { "type": "MultiPoint", "coordinates": [ [ 136.853098023255257, 37.122010145951549 ] ] } },
{ "type": "Feature", "properties": { "P12_001": 10137, "P12_002": "青柏祭", "P12_003": "17", "P12_004": "17202", "P12_005": "‐", "P12_006": "七尾市（市街地）", "P12_007": 1 }, "geometry": { "type": "MultiPoint", "coordinates": [ [ 136.967467798999792, 37.043122085515904 ] ] } },
{ "type": "Feature", "properties": { "P12_001": 10138, "P12_002": "石崎奉燈祭", "P12_003": "17", "P12_004": "17202", "P12_005": "‐", "P12_006": "七尾市石崎町", "P12_007": 1 }, "geometry": { "type": "MultiPoint", "coordinates": [ [ 136.967467798999792, 37.043122085515904 ] ] } },
{ "type": "Feature", "properties": { "P12_001": 10139, "P12_002": "七尾祇園祭", "P12_003": "17", "P12_004": "17202", "P12_005": "‐", "P12_006": "七尾市（市街地東部）", "P12_007": 1 }, "geometry": { "type": "MultiPoint", "coordinates": [ [ 136.967467798999792, 37.043122085515904 ] ] } },
{ "type": "Feature", "properties": { "P12_001": 10140, "P12_002": "お熊甲祭り", "P12_003": "17", "P12_004": "17202", "P12_005": "‐", "P12_006": "七尾市中島町宮前（熊甲神社）", "P12_007": 1 }, "geometry": { "type": "MultiPoint", "coordinates": [ [ 136.833736457771352, 37.130565919981279 ] ] } },
{ "type": "Feature", "properties": { "P12_001": 10141, "P12_002": "塩津納涼祭", "P12_003": "17", "P12_004": "17202", "P12_005": "‐", "P12_006": "七尾市中島町塩津（笠師保駅　から　塩津海水浴場）", "P12_007": 1 }, "geometry": { "type": "MultiPoint", "coordinates": [ [ 136.868052999746169, 37.086269000513994 ] ] } },
{ "type": "Feature", "properties": { "P12_001": 10142, "P12_002": "新宮納涼祭", "P12_003": "17", "P12_004": "17202", "P12_005": "‐", "P12_006": "七尾市中島町藤瀬（藤津比古神社）", "P12_007": 1 }, "geometry": { "type": "MultiPoint", "coordinates": [ [ 136.818813577184869, 37.143135893506724 ] ] } },
{ "type": "Feature", "properties": { "P12_001": 10143, "P12_002": "能登島向田の火祭り", "P12_003": "17", "P12_004": "17202", "P12_005": "‐", "P12_006": "七尾市能登島向田町115-27（向田崎山広場）", "P12_007": 1 }, "geometry": { "type": "MultiPoint", "coordinates": [ [ 136.998529000213239, 37.1329599998042 ] ] } },
{ "type": "Feature", "properties": { "P12_001": 10144, "P12_002": "七尾港まつり", "P12_003": "17", "P12_004": "17202", "P12_005": "‐", "P12_006": "七尾市（市街地）", "P12_007": 1 }, "geometry": { "type": "MultiPoint", "coordinates": [ [ 136.967467798999792, 37.043122085515904 ] ] } },
{ "type": "Feature", "properties": { "P12_001": 10145, "P12_002": "モントレージャズフェスティバル", "P12_003": "17", "P12_004": "17202", "P12_005": "‐", "P12_006": "七尾市府中町（七尾マリンパーク）", "P12_007": 1 }, "geometry": { "type": "MultiPoint", "coordinates": [ [ 136.970055050500264, 37.04870039670601 ] ] } },
{ "type": "Feature", "properties": { "P12_001": 10146, "P12_002": "七尾城まつり", "P12_003": "17", "P12_004": "17202", "P12_005": "‐", "P12_006": "七尾市古城町、古屋敷町、竹町入会地字大塚14-1・2・4／15-2（七尾城跡周辺）", "P12_007": 1 }, "geometry": { "type": "MultiPoint", "coordinates": [ [ 136.98390400026949, 37.009041001341188 ] ] } },
{ "type": "Feature", "properties": { "P12_001": 10147, "P12_002": "能登よさこい祭り", "P12_003": "17", "P12_004": "17202", "P12_005": "‐", "P12_006": "七尾市和倉町（和倉温泉街）", "P12_007": 1 }, "geometry": { "type": "MultiPoint", "coordinates": [ [ 136.918713778318306, 37.086598092128327 ] ] } },
{ "type": "Feature", "properties": { "P12_001": 10148, "P12_002": "わくわく夏まつり", "P12_003": "17", "P12_004": "17202", "P12_005": "‐", "P12_006": "七尾市和倉町（和倉温泉わくわくプラザ　和倉港付近）", "P12_007": 1 }, "geometry": { "type": "MultiPoint", "coordinates": [ [ 136.916471000436331, 37.090964999435243 ] ] } },
{ "type": "Feature", "properties": { "P12_001": 10149, "P12_002": "能登の賑い・郷土芸能の夕べ", "P12_003": "17", "P12_004": "17202", "P12_005": "‐", "P12_006": "七尾市和倉町2-13-1", "P12_007": 1 }, "geometry": { "type": "MultiPoint", "coordinates": [ [ 136.918713778318306, 37.086598092128327 ] ] } },
{ "type": "Feature", "properties": { "P12_001": 10150, "P12_002": "和倉温泉冬花火＆海鮮まるごと鍋とうまいもん市", "P12_003": "17", "P12_004": "17202", "P12_005": "‐", "P12_006": "七尾市和倉町タ34-1（和倉温泉シーサイドパーク）", "P12_007": 1 }, "geometry": { "type": "MultiPoint", "coordinates": [ [ 136.910247780011105, 37.089616895003758 ] ] } },
{ "type": "Feature", "properties": { "P12_001": 10151, "P12_002": "花嫁のれん展", "P12_003": "17", "P12_004": "17202", "P12_005": "‐", "P12_006": "七尾市一本杉町（一本杉通り）", "P12_007": 1 }, "geometry": { "type": "MultiPoint", "coordinates": [ [ 136.963299000648476, 37.046881999904429 ] ] } },
{ "type": "Feature", "properties": { "P12_001": 10152, "P12_002": "ＹＯＳＡＫＯＩソーラン日本海七尾会場", "P12_003": "17", "P12_004": "17202", "P12_005": "‐", "P12_006": "七尾市（市街地）", "P12_007": 1 }, "geometry": { "type": "MultiPoint", "coordinates": [ [ 136.967467798999792, 37.043122085515904 ] ] } },
{ "type": "Feature", "properties": { "P12_001": 10153, "P12_002": "能登和倉万葉の里マラソン", "P12_003": "17", "P12_004": "17202", "P12_005": "‐", "P12_006": "七尾市和倉町2-13-1", "P12_007": 1 }, "geometry": { "type": "MultiPoint", "coordinates": [ [ 136.918713778318306, 37.086598092128327 ] ] } },
{ "type": "Feature", "properties": { "P12_001": 10154, "P12_002": "のとじまおつけ祭り", "P12_003": "17", "P12_004": "17202", "P12_005": "‐", "P12_006": "七尾市能登島えの目町（F目漁港内）", "P12_007": 1 }, "geometry": { "type": "MultiPoint", "coordinates": [ [ 137.050073000268867, 37.156582000059302 ] ] } },
{ "type": "Feature", "properties": { "P12_001": 10155, "P12_002": "のとじま手まつり", "P12_003": "17", "P12_004": "17202", "P12_005": "‐", "P12_006": "七尾市能登島向田町牧山（能登島家族旅行Weランド）", "P12_007": 1 }, "geometry": { "type": "MultiPoint", "coordinates": [ [ 136.971570999901815, 37.152502999913565 ] ] } },
{ "type": "Feature", "properties": { "P12_001": 10156, "P12_002": "和倉温泉夏花火", "P12_003": "17", "P12_004": "17202", "P12_005": "‐", "P12_006": "七尾市和倉町（和倉温泉わくわくプラザ　和倉港付近）", "P12_007": 1 }, "geometry": { "type": "MultiPoint", "coordinates": [ [ 136.916471000436331, 37.090964999435243 ] ] } },
{ "type": "Feature", "properties": { "P12_001": 10157, "P12_002": "能登演劇堂公演", "P12_003": "17", "P12_004": "17202", "P12_005": "‐", "P12_006": "七尾市中島町中島上9", "P12_007": 2 }, "geometry": { "type": "MultiPoint", "coordinates": [ [ 136.853905073060787, 37.121757315947434 ] ] } },
{ "type": "Feature", "properties": { "P12_001": 10158, "P12_002": "那谷寺　　　", "P12_003": "17", "P12_004": "17203", "P12_005": "神社・寺院・教会", "P12_006": "小松市那谷町ユ122", "P12_007": 2 }, "geometry": { "type": "MultiPoint", "coordinates": [ [ 136.420582173028947, 36.313280776486693 ] ] } },
{ "type": "Feature", "properties": { "P12_001": 10159, "P12_002": "大倉岳高原", "P12_003": "17", "P12_004": "17203", "P12_005": "‐", "P12_006": "小松市尾小屋町レ41", "P12_007": 1 }, "geometry": { "type": "MultiPoint", "coordinates": [ [ 136.537916999170193, 36.279728999993381 ] ] } },
{ "type": "Feature", "properties": { "P12_001": 10160, "P12_002": "荒俣峡", "P12_003": "17", "P12_004": "17203", "P12_005": "‐", "P12_006": "小松市赤瀬町", "P12_007": 1 }, "geometry": { "type": "MultiPoint", "coordinates": [ [ 136.486804123311686, 36.306686046124184 ] ] } },
{ "type": "Feature", "properties": { "P12_001": 10161, "P12_002": "安宅の関", "P12_003": "17", "P12_004": "17203", "P12_005": "‐", "P12_006": "小松市安宅町タ17", "P12_007": 2 }, "geometry": { "type": "MultiPoint", "coordinates": [ [ 136.417597000301384, 36.418730000589107 ] ] } },
{ "type": "Feature", "properties": { "P12_001": 10162, "P12_002": "那殿観音", "P12_003": "17", "P12_004": "17203", "P12_005": "‐", "P12_006": "小松市赤瀬町", "P12_007": 2 }, "geometry": { "type": "MultiPoint", "coordinates": [ [ 136.475212999780183, 36.298963000242338 ] ] } },
{ "type": "Feature", "properties": { "P12_001": 10163, "P12_002": "ハニベ巌窟院", "P12_003": "17", "P12_004": "17203", "P12_005": "‐", "P12_006": "小松市立明寺町イ1", "P12_007": 2 }, "geometry": { "type": "MultiPoint", "coordinates": [ [ 136.526359107386952, 36.402627644750055 ] ] } },
{ "type": "Feature", "properties": { "P12_001": 10164, "P12_002": "小松天満宮", "P12_003": "17", "P12_004": "17203", "P12_005": "‐", "P12_006": "小松市天神町1", "P12_007": 2 }, "geometry": { "type": "MultiPoint", "coordinates": [ [ 136.448622442671649, 36.416080394594587 ] ] } },
{ "type": "Feature", "properties": { "P12_001": 10165, "P12_002": "多太神社", "P12_003": "17", "P12_004": "17203", "P12_005": "‐", "P12_006": "小松市上本折町72", "P12_007": 2 }, "geometry": { "type": "MultiPoint", "coordinates": [ [ 136.449134407826705, 36.394726436875601 ] ] } },
{ "type": "Feature", "properties": { "P12_001": 10166, "P12_002": "安宅住吉神社", "P12_003": "17", "P12_004": "17203", "P12_005": "‐", "P12_006": "小松市安宅町タ17", "P12_007": 2 }, "geometry": { "type": "MultiPoint", "coordinates": [ [ 136.418550245697361, 36.419469397095042 ] ] } },
{ "type": "Feature", "properties": { "P12_001": 10167, "P12_002": "小松市立博物館", "P12_003": "17", "P12_004": "17203", "P12_005": "‐", "P12_006": "小松市丸の内公園町19", "P12_007": 2 }, "geometry": { "type": "MultiPoint", "coordinates": [ [ 136.448358210163292, 36.408836285366306 ] ] } },
{ "type": "Feature", "properties": { "P12_001": 10168, "P12_002": "石川県立航空プラザ", "P12_003": "17", "P12_004": "17203", "P12_005": "‐", "P12_006": "小松市安宅新町丙92", "P12_007": 2 }, "geometry": { "type": "MultiPoint", "coordinates": [ [ 136.410661666103124, 36.404416389105108 ] ] } },
{ "type": "Feature", "properties": { "P12_001": 10169, "P12_002": "日本自動車博物館", "P12_003": "17", "P12_004": "17203", "P12_005": "‐", "P12_006": "小松市二ツ梨町一貫山40", "P12_007": 2 }, "geometry": { "type": "MultiPoint", "coordinates": [ [ 136.430447952610962, 36.334353263492346 ] ] } },
{ "type": "Feature", "properties": { "P12_001": 10170, "P12_002": "小松市立本陣記念美術館", "P12_003": "17", "P12_004": "17203", "P12_005": "‐", "P12_006": "小松市丸の内公園町19", "P12_007": 2 }, "geometry": { "type": "MultiPoint", "coordinates": [ [ 136.449176000572038, 36.409107000187987 ] ] } },
{ "type": "Feature", "properties": { "P12_001": 10171, "P12_002": "小松市立宮本三郎美術館", "P12_003": "17", "P12_004": "17203", "P12_005": "‐", "P12_006": "小松市小馬出町5", "P12_007": 2 }, "geometry": { "type": "MultiPoint", "coordinates": [ [ 136.448200840496497, 36.407991077326415 ] ] } },
{ "type": "Feature", "properties": { "P12_001": 10172, "P12_002": "勧進帳ものがたり館", "P12_003": "17", "P12_004": "17203", "P12_005": "‐", "P12_006": "小松市安宅町タ140-4", "P12_007": 2 }, "geometry": { "type": "MultiPoint", "coordinates": [ [ 136.416782998736494, 36.41870300114266 ] ] } },
{ "type": "Feature", "properties": { "P12_001": 10173, "P12_002": "小松市立宮本三郎ふるさと館", "P12_003": "17", "P12_004": "17203", "P12_005": "‐", "P12_006": "小松市小松市松崎町16-1", "P12_007": 2 }, "geometry": { "type": "MultiPoint", "coordinates": [ [ 136.410764135756381, 36.375883808091316 ] ] } },
{ "type": "Feature", "properties": { "P12_001": 10174, "P12_002": "尾小屋鉱山資料館", "P12_003": "17", "P12_004": "17203", "P12_005": "‐", "P12_006": "小松市尾小屋町カ1-1", "P12_007": 2 }, "geometry": { "type": "MultiPoint", "coordinates": [ [ 136.537268953999046, 36.296814456022389 ] ] } },
{ "type": "Feature", "properties": { "P12_001": 10175, "P12_002": "河田山古墳群史跡資料館", "P12_003": "17", "P12_004": "17203", "P12_005": "‐", "P12_006": "小松市国府台3-64", "P12_007": 2 }, "geometry": { "type": "MultiPoint", "coordinates": [ [ 136.516922999596773, 36.411955001122465 ] ] } },
{ "type": "Feature", "properties": { "P12_001": 10176, "P12_002": "小松市立錦窯展示館", "P12_003": "17", "P12_004": "17203", "P12_005": "‐", "P12_006": "小松市大文字町95-1", "P12_007": 2 }, "geometry": { "type": "MultiPoint", "coordinates": [ [ 136.448065334247872, 36.403302716347355 ] ] } },
{ "type": "Feature", "properties": { "P12_001": 10177, "P12_002": "小松市立登窯展示館", "P12_003": "17", "P12_004": "17203", "P12_005": "‐", "P12_006": "小松市八幡己20-2", "P12_007": 2 }, "geometry": { "type": "MultiPoint", "coordinates": [ [ 136.489112024700262, 36.400250955117542 ] ] } },
{ "type": "Feature", "properties": { "P12_001": 10178, "P12_002": "仙叟屋敷ならびに玄庵", "P12_003": "17", "P12_004": "17203", "P12_005": "‐", "P12_006": "小松市丸の内公園町19（芦城公園内）", "P12_007": 2 }, "geometry": { "type": "MultiPoint", "coordinates": [ [ 136.447422831598487, 36.410639188647679 ] ] } },
{ "type": "Feature", "properties": { "P12_001": 10179, "P12_002": "粟津温泉", "P12_003": "17", "P12_004": "17203", "P12_005": "‐", "P12_006": "小松市井口町ホ59-9（粟津温泉観光協会）", "P12_007": 3 }, "geometry": { "type": "MultiPoint", "coordinates": [ [ 136.447389000901694, 36.332803000458171 ] ] } },
{ "type": "Feature", "properties": { "P12_001": 10180, "P12_002": "木場温泉", "P12_003": "17", "P12_004": "17203", "P12_005": "‐", "P12_006": "小松市木場町む20", "P12_007": 3 }, "geometry": { "type": "MultiPoint", "coordinates": [ [ 136.450887554317205, 36.360506821132958 ] ] } },
{ "type": "Feature", "properties": { "P12_001": 10181, "P12_002": "加賀八幡温泉", "P12_003": "17", "P12_004": "17203", "P12_005": "‐", "P12_006": "小松市八幡い14-4", "P12_007": 3 }, "geometry": { "type": "MultiPoint", "coordinates": [ [ 136.490594241431154, 36.392503953994321 ] ] } },
{ "type": "Feature", "properties": { "P12_001": 10182, "P12_002": "赤穂谷温泉", "P12_003": "17", "P12_004": "17203", "P12_005": "‐", "P12_006": "小松市中海町口19", "P12_007": 3 }, "geometry": { "type": "MultiPoint", "coordinates": [ [ 136.521741389953263, 36.389315960763042 ] ] } },
{ "type": "Feature", "properties": { "P12_001": 10183, "P12_002": "せせらぎの郷", "P12_003": "17", "P12_004": "17203", "P12_005": "‐", "P12_006": "小松市瀬領町丁1-1", "P12_007": 3 }, "geometry": { "type": "MultiPoint", "coordinates": [ [ 136.485290616468887, 36.331955844486686 ] ] } },
{ "type": "Feature", "properties": { "P12_001": 10184, "P12_002": "加賀芙蓉カントリー倶楽部", "P12_003": "17", "P12_004": "17203", "P12_005": "‐", "P12_006": "小松市那谷町5-30", "P12_007": 4 }, "geometry": { "type": "MultiPoint", "coordinates": [ [ 136.418817999950761, 36.320357998522866 ] ] } },
{ "type": "Feature", "properties": { "P12_001": 10185, "P12_002": "小松カントリークラブ", "P12_003": "17", "P12_004": "17203", "P12_005": "‐", "P12_006": "小松市木場町セ1", "P12_007": 4 }, "geometry": { "type": "MultiPoint", "coordinates": [ [ 136.464112000468504, 36.352951000588234 ] ] } },
{ "type": "Feature", "properties": { "P12_001": 10186, "P12_002": "ゴルフコース・小松パブリック", "P12_003": "17", "P12_004": "17203", "P12_005": "‐", "P12_006": "小松市菩提町井1", "P12_007": 4 }, "geometry": { "type": "MultiPoint", "coordinates": [ [ 136.430017249296725, 36.301912953719864 ] ] } },
{ "type": "Feature", "properties": { "P12_001": 10187, "P12_002": "ゴルフクラブ・ツインフィールズ", "P12_003": "17", "P12_004": "17203", "P12_005": "‐", "P12_006": "小松市里川町1", "P12_007": 4 }, "geometry": { "type": "MultiPoint", "coordinates": [ [ 136.53692709740767, 36.412312871941538 ] ] } },
{ "type": "Feature", "properties": { "P12_001": 10188, "P12_002": "憩いの森", "P12_003": "17", "P12_004": "17203", "P12_005": "‐", "P12_006": "小松市吉竹町へ302", "P12_007": 4 }, "geometry": { "type": "MultiPoint", "coordinates": [ [ 136.486571921057362, 36.386207370473812 ] ] } },
{ "type": "Feature", "properties": { "P12_001": 10189, "P12_002": "ふれあい健康広場", "P12_003": "17", "P12_004": "17203", "P12_005": "‐", "P12_006": "小松市日末町サ29-1", "P12_007": 4 }, "geometry": { "type": "MultiPoint", "coordinates": [ [ 136.387941000576802, 36.394359000867269 ] ] } },
{ "type": "Feature", "properties": { "P12_001": 10190, "P12_002": "西俣キャンプ場", "P12_003": "17", "P12_004": "17203", "P12_005": "‐", "P12_006": "小松市西俣町ニ217", "P12_007": 4 }, "geometry": { "type": "MultiPoint", "coordinates": [ [ 136.518004404679573, 36.309506557481711 ] ] } },
{ "type": "Feature", "properties": { "P12_001": 10191, "P12_002": "大倉岳高原スキー場", "P12_003": "17", "P12_004": "17203", "P12_005": "‐", "P12_006": "小松市尾小屋町レ41", "P12_007": 4 }, "geometry": { "type": "MultiPoint", "coordinates": [ [ 136.537916999170193, 36.279728999993381 ] ] } },
{ "type": "Feature", "properties": { "P12_001": 10192, "P12_002": "こまつドーム", "P12_003": "17", "P12_004": "17203", "P12_005": "‐", "P12_006": "小松市林町ほ5", "P12_007": 4 }, "geometry": { "type": "MultiPoint", "coordinates": [ [ 136.434413740701643, 36.338710741407624 ] ] } },
{ "type": "Feature", "properties": { "P12_001": 10193, "P12_002": "安宅海水浴場", "P12_003": "17", "P12_004": "17203", "P12_005": "‐", "P12_006": "小松市安宅町", "P12_007": 4 }, "geometry": { "type": "MultiPoint", "coordinates": [ [ 136.410903000073404, 36.414583000904827 ] ] } },
{ "type": "Feature", "properties": { "P12_001": 10194, "P12_002": "木場潟公園", "P12_003": "17", "P12_004": "17203", "P12_005": "‐", "P12_006": "小松市三谷町", "P12_007": 4 }, "geometry": { "type": "MultiPoint", "coordinates": [ [ 136.451019000126848, 36.366850000327304 ] ] } },
{ "type": "Feature", "properties": { "P12_001": 10195, "P12_002": "粟津公園", "P12_003": "17", "P12_004": "17203", "P12_005": "‐", "P12_006": "小松市符津町念仏ケ3-1", "P12_007": 4 }, "geometry": { "type": "MultiPoint", "coordinates": [ [ 136.420679441003472, 36.35510013836074 ] ] } },
{ "type": "Feature", "properties": { "P12_001": 10196, "P12_002": "ゆのくにの森", "P12_003": "17", "P12_004": "17203", "P12_005": "‐", "P12_006": "小松市粟津町ナ3-3", "P12_007": 4 }, "geometry": { "type": "MultiPoint", "coordinates": [ [ 136.436686000158829, 36.324474001274211 ] ] } },
{ "type": "Feature", "properties": { "P12_001": 10197, "P12_002": "中ノ峠ミュージックラボ", "P12_003": "17", "P12_004": "17203", "P12_005": "‐", "P12_006": "小松市中ノ峠町ヌ125-1", "P12_007": 4 }, "geometry": { "type": "MultiPoint", "coordinates": [ [ 136.571017182896753, 36.373137650881915 ] ] } },
{ "type": "Feature", "properties": { "P12_001": 10198, "P12_002": "小松空港見学者", "P12_003": "17", "P12_004": "17203", "P12_005": "‐", "P12_006": "小松市浮柳町ヨ50（小松空港ターミナルビル内３階）", "P12_007": 6 }, "geometry": { "type": "MultiPoint", "coordinates": [ [ 136.413673000108929, 36.401974998647347 ] ] } },
{ "type": "Feature", "properties": { "P12_001": 10199, "P12_002": "お旅まつり", "P12_003": "17", "P12_004": "17203", "P12_005": "‐", "P12_006": "小松市", "P12_007": 1 }, "geometry": { "type": "MultiPoint", "coordinates": [ [ 136.445558809491558, 36.408588751469779 ] ] } },
{ "type": "Feature", "properties": { "P12_001": 10200, "P12_002": "小松市どんどんまつり", "P12_003": "17", "P12_004": "17203", "P12_005": "‐", "P12_006": "小松市", "P12_007": 1 }, "geometry": { "type": "MultiPoint", "coordinates": [ [ 136.445558809491558, 36.408588751469779 ] ] } },
{ "type": "Feature", "properties": { "P12_001": 10201, "P12_002": "おっしょべ祭り", "P12_003": "17", "P12_004": "17203", "P12_005": "‐", "P12_006": "小松市", "P12_007": 1 }, "geometry": { "type": "MultiPoint", "coordinates": [ [ 136.445558809491558, 36.408588751469779 ] ] } },
{ "type": "Feature", "properties": { "P12_001": 10202, "P12_002": "航空祭", "P12_003": "17", "P12_004": "17203", "P12_005": "‐", "P12_006": "小松市向本折町戊267（航空自衛隊小松基地）", "P12_007": 1 }, "geometry": { "type": "MultiPoint", "coordinates": [ [ 136.418797662682096, 36.391813198220575 ] ] } },
{ "type": "Feature", "properties": { "P12_001": 10203, "P12_002": "道の駅　こまつ木場潟", "P12_003": "17", "P12_004": "17203", "P12_005": "‐", "P12_006": "小松市蓮代寺町ケ1-1", "P12_007": 6 }, "geometry": { "type": "MultiPoint", "coordinates": [ [ 136.46266667212933, 36.369672575628897 ] ] } },
{ "type": "Feature", "properties": { "P12_001": 10204, "P12_002": "埋蔵文化財センター", "P12_003": "17", "P12_004": "17203", "P12_005": "‐", "P12_006": "小松市原町ト77-8", "P12_007": 2 }, "geometry": { "type": "MultiPoint", "coordinates": [ [ 136.537366998987864, 36.381520000547653 ] ] } },
{ "type": "Feature", "properties": { "P12_001": 10205, "P12_002": "こまつの杜", "P12_003": "17", "P12_004": "17203", "P12_005": "‐", "P12_006": "小松市八日市町地方5", "P12_007": 2 }, "geometry": { "type": "MultiPoint", "coordinates": [ [ 136.455674548441721, 36.403005074924295 ] ] } },
{ "type": "Feature", "properties": { "P12_001": 10206, "P12_002": "ＹＯＳＡＫＯＩソーラン日本海加賀会場", "P12_003": "17", "P12_004": "17203", "P12_005": "‐", "P12_006": "小松市", "P12_007": 1 }, "geometry": { "type": "MultiPoint", "coordinates": [ [ 136.445558809491558, 36.408588751469779 ] ] } },
{ "type": "Feature", "properties": { "P12_001": 10207, "P12_002": "ゴルフクラブ　ツインフィールズ", "P12_003": "17", "P12_004": "17203", "P12_005": "‐", "P12_006": "小松市里川町1", "P12_007": 4 }, "geometry": { "type": "MultiPoint", "coordinates": [ [ 136.53692709740767, 36.412312871941538 ] ] } },
{ "type": "Feature", "properties": { "P12_001": 10208, "P12_002": "輪島白米千枚田", "P12_003": "17", "P12_004": "17204", "P12_005": "郷土景観", "P12_006": "輪島市白米町", "P12_007": -1 }, "geometry": { "type": "MultiPoint", "coordinates": [ [ 136.997177999964833, 37.423944998962611 ] ] } },
{ "type": "Feature", "properties": { "P12_001": 10209, "P12_002": "舳倉島", "P12_003": "17", "P12_004": "17204", "P12_005": "‐", "P12_006": "輪島市海士町舳倉島", "P12_007": 1 }, "geometry": { "type": "MultiPoint", "coordinates": [ [ 136.917315423368109, 37.849868392312487 ] ] } },
{ "type": "Feature", "properties": { "P12_001": 10210, "P12_002": "千枚田", "P12_003": "17", "P12_004": "17204", "P12_005": "‐", "P12_006": "輪島市白米町", "P12_007": 1 }, "geometry": { "type": "MultiPoint", "coordinates": [ [ 136.997177999964833, 37.423944998962611 ] ] } },
{ "type": "Feature", "properties": { "P12_001": 10211, "P12_002": "総持寺祖院", "P12_003": "17", "P12_004": "17204", "P12_005": "‐", "P12_006": "輪島市門前町1-18甲", "P12_007": 2 }, "geometry": { "type": "MultiPoint", "coordinates": [ [ 136.770471887567624, 37.286383866022675 ] ] } },
{ "type": "Feature", "properties": { "P12_001": 10212, "P12_002": "阿岸本誓寺", "P12_003": "17", "P12_004": "17204", "P12_005": "‐", "P12_006": "輪島市南カ26乙", "P12_007": 2 }, "geometry": { "type": "MultiPoint", "coordinates": [ [ 136.730879998912883, 37.253742999339977 ] ] } },
{ "type": "Feature", "properties": { "P12_001": 10213, "P12_002": "輪島漆芸美術館", "P12_003": "17", "P12_004": "17204", "P12_005": "‐", "P12_006": "輪島市水守町四十苅11", "P12_007": 2 }, "geometry": { "type": "MultiPoint", "coordinates": [ [ 136.892095556264962, 37.38987416705919 ] ] } },
{ "type": "Feature", "properties": { "P12_001": 10214, "P12_002": "南惣美術館", "P12_003": "17", "P12_004": "17204", "P12_005": "‐", "P12_006": "輪島市町野町東大野", "P12_007": 2 }, "geometry": { "type": "MultiPoint", "coordinates": [ [ 137.067097725979352, 37.441078028228446 ] ] } },
{ "type": "Feature", "properties": { "P12_001": 10215, "P12_002": "イナチュウ美術館", "P12_003": "17", "P12_004": "17204", "P12_005": "‐", "P12_006": "輪島市河井町2-791", "P12_007": 2 }, "geometry": { "type": "MultiPoint", "coordinates": [ [ 136.902541296044092, 37.395997319920411 ] ] } },
{ "type": "Feature", "properties": { "P12_001": 10216, "P12_002": "キリコ会館", "P12_003": "17", "P12_004": "17204", "P12_005": "‐", "P12_006": "輪島市塚田町3-22-2", "P12_007": 2 }, "geometry": { "type": "MultiPoint", "coordinates": [ [ 136.917859674184683, 37.394162978138979 ] ] } },
{ "type": "Feature", "properties": { "P12_001": 10217, "P12_002": "輪島漆器資料館", "P12_003": "17", "P12_004": "17204", "P12_005": "‐", "P12_006": "輪島市河井町24-55", "P12_007": 2 }, "geometry": { "type": "MultiPoint", "coordinates": [ [ 136.90016399936917, 37.394112999215565 ] ] } },
{ "type": "Feature", "properties": { "P12_001": 10218, "P12_002": "輪島工房長屋", "P12_003": "17", "P12_004": "17204", "P12_005": "‐", "P12_006": "輪島市河井町4-66-1", "P12_007": 2 }, "geometry": { "type": "MultiPoint", "coordinates": [ [ 136.905690862143615, 37.394905084302252 ] ] } },
{ "type": "Feature", "properties": { "P12_001": 10219, "P12_002": "上時国家", "P12_003": "17", "P12_004": "17204", "P12_005": "‐", "P12_006": "輪島市町野町南時国13-4", "P12_007": 2 }, "geometry": { "type": "MultiPoint", "coordinates": [ [ 137.080216901089216, 37.447871446709939 ] ] } },
{ "type": "Feature", "properties": { "P12_001": 10220, "P12_002": "時國家", "P12_003": "17", "P12_004": "17204", "P12_005": "‐", "P12_006": "輪島市町野町西時国2-1", "P12_007": 2 }, "geometry": { "type": "MultiPoint", "coordinates": [ [ 137.078185834408828, 37.450128513919822 ] ] } },
{ "type": "Feature", "properties": { "P12_001": 10221, "P12_002": "もんぜん文化村", "P12_003": "17", "P12_004": "17204", "P12_005": "‐", "P12_006": "輪島市門前町腰細9-29", "P12_007": 2 }, "geometry": { "type": "MultiPoint", "coordinates": [ [ 136.704186896608007, 37.24290788908786 ] ] } },
{ "type": "Feature", "properties": { "P12_001": 10222, "P12_002": "輪島温泉郷", "P12_003": "17", "P12_004": "17204", "P12_005": "‐", "P12_006": "輪島市河井町 および　塚田町　および　鳳至町", "P12_007": 3 }, "geometry": { "type": "MultiPoint", "coordinates": [ [ 136.899253622856463, 37.390583769025795 ] ] } },
{ "type": "Feature", "properties": { "P12_001": 10223, "P12_002": "ねぶた温泉", "P12_003": "17", "P12_004": "17204", "P12_005": "‐", "P12_006": "輪島市大野町ねぶた温泉", "P12_007": 3 }, "geometry": { "type": "MultiPoint", "coordinates": [ [ 136.940476887998102, 37.399784240949998 ] ] } },
{ "type": "Feature", "properties": { "P12_001": 10224, "P12_002": "絲藝苑", "P12_003": "17", "P12_004": "17204", "P12_005": "‐", "P12_006": "輪島市門前町千代32-16", "P12_007": 2 }, "geometry": { "type": "MultiPoint", "coordinates": [ [ 136.732087019500455, 37.272459005378835 ] ] } },
{ "type": "Feature", "properties": { "P12_001": 10225, "P12_002": "門前じんのびの湯", "P12_003": "17", "P12_004": "17204", "P12_005": "‐", "P12_006": "輪島市門前町千代ハ4-2", "P12_007": 3 }, "geometry": { "type": "MultiPoint", "coordinates": [ [ 136.733112001118002, 37.267984999608075 ] ] } },
{ "type": "Feature", "properties": { "P12_001": 10226, "P12_002": "健康の森", "P12_003": "17", "P12_004": "17204", "P12_005": "‐", "P12_006": "輪島市井町中長谷12", "P12_007": 4 }, "geometry": { "type": "MultiPoint", "coordinates": [ [ 136.928399999260591, 37.30326700067161 ] ] } },
{ "type": "Feature", "properties": { "P12_001": 10227, "P12_002": "袖ヶ浜キャンプ場", "P12_003": "17", "P12_004": "17204", "P12_005": "‐", "P12_006": "輪島市鳳至町袖ヶ浜", "P12_007": 4 }, "geometry": { "type": "MultiPoint", "coordinates": [ [ 136.895228001071473, 37.401714000800553 ] ] } },
{ "type": "Feature", "properties": { "P12_001": 10228, "P12_002": "皆月青少年旅行村キャンプ場", "P12_003": "17", "P12_004": "17204", "P12_005": "‐", "P12_006": "輪島市門前町皆月ミ17", "P12_007": 4 }, "geometry": { "type": "MultiPoint", "coordinates": [ [ 136.754138999515249, 37.355032000126755 ] ] } },
{ "type": "Feature", "properties": { "P12_001": 10229, "P12_002": "袖ヶ浜海水浴場", "P12_003": "17", "P12_004": "17204", "P12_005": "‐", "P12_006": "輪島市鳳至町袖ヶ浜", "P12_007": 4 }, "geometry": { "type": "MultiPoint", "coordinates": [ [ 136.896169819681518, 37.402980283113607 ] ] } },
{ "type": "Feature", "properties": { "P12_001": 10230, "P12_002": "琴ヶ浜海水浴場", "P12_003": "17", "P12_004": "17204", "P12_005": "‐", "P12_006": "輪島市剱地", "P12_007": 4 }, "geometry": { "type": "MultiPoint", "coordinates": [ [ 136.704273107418089, 37.226387497784856 ] ] } },
{ "type": "Feature", "properties": { "P12_001": 10231, "P12_002": "モータースポーツ公園", "P12_003": "17", "P12_004": "17204", "P12_005": "‐", "P12_006": "輪島市門前町道下118-48-1", "P12_007": 4 }, "geometry": { "type": "MultiPoint", "coordinates": [ [ 136.739860000238878, 37.300271000106648 ] ] } },
{ "type": "Feature", "properties": { "P12_001": 10232, "P12_002": "輪島朝市", "P12_003": "17", "P12_004": "17204", "P12_005": "‐", "P12_006": "輪島市河井町（本町通り）", "P12_007": 5 }, "geometry": { "type": "MultiPoint", "coordinates": [ [ 136.901209539488718, 37.396781459496822 ] ] } },
{ "type": "Feature", "properties": { "P12_001": 10233, "P12_002": "夕市", "P12_003": "17", "P12_004": "17204", "P12_005": "‐", "P12_006": "輪島市鳳至町丁3（住吉神社境内）", "P12_007": 5 }, "geometry": { "type": "MultiPoint", "coordinates": [ [ 136.897511459786074, 37.397885431267696 ] ] } },
{ "type": "Feature", "properties": { "P12_001": 10234, "P12_002": "地物市", "P12_003": "17", "P12_004": "17204", "P12_005": "‐", "P12_006": "輪島市河井町4（わいち通り）", "P12_007": 5 }, "geometry": { "type": "MultiPoint", "coordinates": [ [ 136.904788729716188, 37.395042460241427 ] ] } },
{ "type": "Feature", "properties": { "P12_001": 10235, "P12_002": "そば禅", "P12_003": "17", "P12_004": "17204", "P12_005": "‐", "P12_006": "輪島市門前町道下わ1", "P12_007": 5 }, "geometry": { "type": "MultiPoint", "coordinates": [ [ 136.752023846223551, 37.290385199817194 ] ] } },
{ "type": "Feature", "properties": { "P12_001": 10236, "P12_002": "ビューサンセット", "P12_003": "17", "P12_004": "17204", "P12_005": "‐", "P12_006": "輪島市門前町千代29-58", "P12_007": 5 }, "geometry": { "type": "MultiPoint", "coordinates": [ [ 136.733757088418997, 37.269028262644269 ] ] } },
{ "type": "Feature", "properties": { "P12_001": 10237, "P12_002": "能登空港", "P12_003": "17", "P12_004": "17204", "P12_005": "‐", "P12_006": "輪島市三井町洲衛10-11-1", "P12_007": 6 }, "geometry": { "type": "MultiPoint", "coordinates": [ [ 136.957401296132957, 37.295236477481524 ] ] } },
{ "type": "Feature", "properties": { "P12_001": 10238, "P12_002": "永井豪記念館", "P12_003": "17", "P12_004": "17204", "P12_005": "‐", "P12_006": "輪島市河井町1-123", "P12_007": 2 }, "geometry": { "type": "MultiPoint", "coordinates": [ [ 136.901624403943174, 37.396799807465186 ] ] } },
{ "type": "Feature", "properties": { "P12_001": 10239, "P12_002": "輪島大祭", "P12_003": "17", "P12_004": "17204", "P12_005": "‐", "P12_006": "輪島市河井町　および　海士町　および　鳳至町　および　輪島崎町", "P12_007": 1 }, "geometry": { "type": "MultiPoint", "coordinates": [ [ 136.899253622856463, 37.390583769025795 ] ] } },
{ "type": "Feature", "properties": { "P12_001": 10240, "P12_002": "曽々木海岸", "P12_003": "17", "P12_004": "17204", "P12_005": "‐", "P12_006": "輪島市町野町曽々木", "P12_007": 1 }, "geometry": { "type": "MultiPoint", "coordinates": [ [ 137.079608212948756, 37.461011133557008 ] ] } },
{ "type": "Feature", "properties": { "P12_001": 10241, "P12_002": "猿山岬", "P12_003": "17", "P12_004": "17204", "P12_005": "‐", "P12_006": "輪島市門前町吉浦町", "P12_007": 1 }, "geometry": { "type": "MultiPoint", "coordinates": [ [ 136.721327999987238, 37.32039099894547 ] ] } },
{ "type": "Feature", "properties": { "P12_001": 10242, "P12_002": "名舟大祭", "P12_003": "17", "P12_004": "17204", "P12_005": "‐", "P12_006": "輪島市名舟町", "P12_007": 1 }, "geometry": { "type": "MultiPoint", "coordinates": [ [ 136.899253622856463, 37.390583769025795 ] ] } },
{ "type": "Feature", "properties": { "P12_001": 10243, "P12_002": "水無月祭", "P12_003": "17", "P12_004": "17204", "P12_005": "‐", "P12_006": "輪島市", "P12_007": 1 }, "geometry": { "type": "MultiPoint", "coordinates": [ [ 137.034128876546447, 37.430267244637662 ] ] } },
{ "type": "Feature", "properties": { "P12_001": 10244, "P12_002": "曽々木大祭", "P12_003": "17", "P12_004": "17204", "P12_005": "‐", "P12_006": "輪島市町野町曽々木（曽々木海岸一帯）", "P12_007": 1 }, "geometry": { "type": "MultiPoint", "coordinates": [ [ 137.079608212948756, 37.461011133557008 ] ] } },
{ "type": "Feature", "properties": { "P12_001": 10245, "P12_002": "曳山祭", "P12_003": "17", "P12_004": "17204", "P12_005": "‐", "P12_006": "輪島市河井町4-68、鳳至町鳳至丁3", "P12_007": 1 }, "geometry": { "type": "MultiPoint", "coordinates": [ [ 136.899253622856463, 37.390583769025795 ] ] } },
{ "type": "Feature", "properties": { "P12_001": 10246, "P12_002": "三夜踊り", "P12_003": "17", "P12_004": "17204", "P12_005": "‐", "P12_006": "輪島市二ツ屋町2-29（三角州）", "P12_007": 1 }, "geometry": { "type": "MultiPoint", "coordinates": [ [ 136.89950499865688, 37.39173300007792 ] ] } },
{ "type": "Feature", "properties": { "P12_001": 10247, "P12_002": "釼地八幡神社大祭", "P12_003": "17", "P12_004": "17204", "P12_005": "‐", "P12_006": "輪島市門前町剱地レ136（剱地八幡神社）", "P12_007": 1 }, "geometry": { "type": "MultiPoint", "coordinates": [ [ 136.705993536572464, 37.232426635980516 ] ] } },
{ "type": "Feature", "properties": { "P12_001": 10248, "P12_002": "山王祭", "P12_003": "17", "P12_004": "17204", "P12_005": "‐", "P12_006": "輪島市門前町皆月ソ-103（皆月日吉神社）", "P12_007": 1 }, "geometry": { "type": "MultiPoint", "coordinates": [ [ 136.759473000878302, 37.352697999513111 ] ] } },
{ "type": "Feature", "properties": { "P12_001": 10249, "P12_002": "黒島天領祭", "P12_003": "17", "P12_004": "17204", "P12_005": "‐", "P12_006": "輪島市門前町黒島町（若宮八幡神社）", "P12_007": 1 }, "geometry": { "type": "MultiPoint", "coordinates": [ [ 136.736242999814635, 37.281903000223338 ] ] } },
{ "type": "Feature", "properties": { "P12_001": 10250, "P12_002": "金蔵万燈会", "P12_003": "17", "P12_004": "17204", "P12_005": "‐", "P12_006": "輪島市町野町金蔵（金蔵寺・慶願寺・円徳寺・正願寺・正楽寺）", "P12_007": 1 }, "geometry": { "type": "MultiPoint", "coordinates": [ [ 136.899253622856463, 37.390583769025795 ] ] } },
{ "type": "Feature", "properties": { "P12_001": 10251, "P12_002": "輪島あえの風まつり", "P12_003": "17", "P12_004": "17204", "P12_005": "‐", "P12_006": "輪島市", "P12_007": 1 }, "geometry": { "type": "MultiPoint", "coordinates": [ [ 136.899253622856463, 37.390583769025795 ] ] } },
{ "type": "Feature", "properties": { "P12_001": 10252, "P12_002": "輪島カニまつり", "P12_003": "17", "P12_004": "17204", "P12_005": "‐", "P12_006": "輪島市マリンタウン1-1（マリンタウン特設会場）", "P12_007": 1 }, "geometry": { "type": "MultiPoint", "coordinates": [ [ 136.905142642618898, 37.396573499367548 ] ] } },
{ "type": "Feature", "properties": { "P12_001": 10253, "P12_002": "総持寺イベント", "P12_003": "17", "P12_004": "17204", "P12_005": "‐", "P12_006": "輪島市門前町1-18甲", "P12_007": 1 }, "geometry": { "type": "MultiPoint", "coordinates": [ [ 136.770471887567624, 37.286383866022675 ] ] } },
{ "type": "Feature", "properties": { "P12_001": 10254, "P12_002": "輪島市民まつり", "P12_003": "17", "P12_004": "17204", "P12_005": "‐", "P12_006": "輪島市マリンタウン1-1", "P12_007": 1 }, "geometry": { "type": "MultiPoint", "coordinates": [ [ 136.905142642618898, 37.396573499367548 ] ] } },
{ "type": "Feature", "properties": { "P12_001": 10255, "P12_002": "そばの市", "P12_003": "17", "P12_004": "17204", "P12_005": "‐", "P12_006": "輪島市門前町（總持寺通り）", "P12_007": 1 }, "geometry": { "type": "MultiPoint", "coordinates": [ [ 136.899253622856463, 37.390583769025795 ] ] } },
{ "type": "Feature", "properties": { "P12_001": 10256, "P12_002": "新そばまつり", "P12_003": "17", "P12_004": "17204", "P12_005": "‐", "P12_006": "輪島市門前町（總持寺通り）", "P12_007": 1 }, "geometry": { "type": "MultiPoint", "coordinates": [ [ 136.899253622856463, 37.390583769025795 ] ] } },
{ "type": "Feature", "properties": { "P12_001": 10257, "P12_002": "能登麦屋節全国大会", "P12_003": "17", "P12_004": "17204", "P12_005": "‐", "P12_006": "輪島市河井町20-1-1", "P12_007": 1 }, "geometry": { "type": "MultiPoint", "coordinates": [ [ 136.905878674761084, 37.388768407436089 ] ] } },
{ "type": "Feature", "properties": { "P12_001": 10258, "P12_002": "能登・雪割草まつり", "P12_003": "17", "P12_004": "17204", "P12_005": "‐", "P12_006": "輪島市門前町（總持寺通り）", "P12_007": 1 }, "geometry": { "type": "MultiPoint", "coordinates": [ [ 136.899253622856463, 37.390583769025795 ] ] } },
{ "type": "Feature", "properties": { "P12_001": 10259, "P12_002": "輪島・千枚田あぜの万燈", "P12_003": "17", "P12_004": "17204", "P12_005": "‐", "P12_006": "輪島市白米千枚田", "P12_007": 1 }, "geometry": { "type": "MultiPoint", "coordinates": [ [ 136.997177999964833, 37.423944998962611 ] ] } },
{ "type": "Feature", "properties": { "P12_001": 10260, "P12_002": "あわびまつり", "P12_003": "17", "P12_004": "17204", "P12_005": "‐", "P12_006": "輪島市マリンタウン1-1", "P12_007": 1 }, "geometry": { "type": "MultiPoint", "coordinates": [ [ 136.905142642618898, 37.396573499367548 ] ] } },
{ "type": "Feature", "properties": { "P12_001": 10261, "P12_002": "禄剛崎", "P12_003": "17", "P12_004": "17205", "P12_005": "‐", "P12_006": "珠洲市狼煙町", "P12_007": 1 }, "geometry": { "type": "MultiPoint", "coordinates": [ [ 137.327963000791897, 37.529128000356991 ] ] } },
{ "type": "Feature", "properties": { "P12_001": 10262, "P12_002": "見付海岸", "P12_003": "17", "P12_004": "17205", "P12_005": "‐", "P12_006": "珠洲市宝立町鵜飼", "P12_007": 1 }, "geometry": { "type": "MultiPoint", "coordinates": [ [ 137.244801999612605, 37.397415999548798 ] ] } },
{ "type": "Feature", "properties": { "P12_001": 10263, "P12_002": "真浦海岸", "P12_003": "17", "P12_004": "17205", "P12_005": "‐", "P12_006": "珠洲市真浦町", "P12_007": 1 }, "geometry": { "type": "MultiPoint", "coordinates": [ [ 137.088591999521213, 37.470167000007109 ] ] } },
{ "type": "Feature", "properties": { "P12_001": 10264, "P12_002": "能登半島里山里海自然学校", "P12_003": "17", "P12_004": "17205", "P12_005": "‐", "P12_006": "珠洲市三崎町小泊33-7", "P12_007": 1 }, "geometry": { "type": "MultiPoint", "coordinates": [ [ 137.358961038121492, 37.451061887895889 ] ] } },
{ "type": "Feature", "properties": { "P12_001": 10265, "P12_002": "珠洲焼資料館", "P12_003": "17", "P12_004": "17205", "P12_005": "‐", "P12_006": "珠洲市蛸島町1-2-563", "P12_007": 2 }, "geometry": { "type": "MultiPoint", "coordinates": [ [ 137.327311421285117, 37.440632862017026 ] ] } },
{ "type": "Feature", "properties": { "P12_001": 10266, "P12_002": "珠洲焼館", "P12_003": "17", "P12_004": "17205", "P12_005": "‐", "P12_006": "珠洲市蛸島町1-2-480", "P12_007": 2 }, "geometry": { "type": "MultiPoint", "coordinates": [ [ 137.326129064604743, 37.440613347627959 ] ] } },
{ "type": "Feature", "properties": { "P12_001": 10267, "P12_002": "珠洲市陶芸センター", "P12_003": "17", "P12_004": "17205", "P12_005": "‐", "P12_006": "珠洲市蛸島町ミ1-1", "P12_007": 2 }, "geometry": { "type": "MultiPoint", "coordinates": [ [ 137.331441609942431, 37.441881094037285 ] ] } },
{ "type": "Feature", "properties": { "P12_001": 10268, "P12_002": "珠洲温泉", "P12_003": "17", "P12_004": "17205", "P12_005": "‐", "P12_006": "珠洲市宝立町鵜飼1-30-1", "P12_007": 3 }, "geometry": { "type": "MultiPoint", "coordinates": [ [ 137.244056619017783, 37.398485378897192 ] ] } },
{ "type": "Feature", "properties": { "P12_001": 10269, "P12_002": "葭ヶ浦温泉", "P12_003": "17", "P12_004": "17205", "P12_005": "‐", "P12_006": "珠洲市三崎町寺家10-11", "P12_007": 3 }, "geometry": { "type": "MultiPoint", "coordinates": [ [ 137.341978000484346, 37.514659000412564 ] ] } },
{ "type": "Feature", "properties": { "P12_001": 10270, "P12_002": "鉢ヶ崎温泉", "P12_003": "17", "P12_004": "17205", "P12_005": "‐", "P12_006": "珠洲市蛸島町鉢ヶ崎部36-4", "P12_007": 3 }, "geometry": { "type": "MultiPoint", "coordinates": [ [ 137.326102569677914, 37.442684421548847 ] ] } },
{ "type": "Feature", "properties": { "P12_001": 10271, "P12_002": "珠洲市営鉢ヶ崎テニスコート", "P12_003": "17", "P12_004": "17205", "P12_005": "‐", "P12_006": "珠洲市蛸島町鉢ヶ崎部", "P12_007": 4 }, "geometry": { "type": "MultiPoint", "coordinates": [ [ 137.323258451116658, 37.443388477396354 ] ] } },
{ "type": "Feature", "properties": { "P12_001": 10272, "P12_002": "珠洲市ウェイトリフティング場", "P12_003": "17", "P12_004": "17205", "P12_005": "‐", "P12_006": "珠洲市野々江町セ17-1", "P12_007": 4 }, "geometry": { "type": "MultiPoint", "coordinates": [ [ 137.270284001105779, 37.445903000722979 ] ] } },
{ "type": "Feature", "properties": { "P12_001": 10273, "P12_002": "珠洲市営野球場", "P12_003": "17", "P12_004": "17205", "P12_005": "‐", "P12_006": "珠洲市蛸島町鉢ヶ崎1-4", "P12_007": 4 }, "geometry": { "type": "MultiPoint", "coordinates": [ [ 137.321001831769195, 37.443438363689609 ] ] } },
{ "type": "Feature", "properties": { "P12_001": 10274, "P12_002": "珠洲市営多目的広場", "P12_003": "17", "P12_004": "17205", "P12_005": "‐", "P12_006": "珠洲市蛸島町鉢ヶ崎1-3", "P12_007": 4 }, "geometry": { "type": "MultiPoint", "coordinates": [ [ 137.319507431023226, 37.442536093665865 ] ] } },
{ "type": "Feature", "properties": { "P12_001": 10275, "P12_002": "珠洲市健民体育館", "P12_003": "17", "P12_004": "17205", "P12_005": "‐", "P12_006": "珠洲市野々江町セ17-1", "P12_007": 4 }, "geometry": { "type": "MultiPoint", "coordinates": [ [ 137.270385628993608, 37.446493346290936 ] ] } },
{ "type": "Feature", "properties": { "P12_001": 10276, "P12_002": "珠洲市グラウンドゴルフ場", "P12_003": "17", "P12_004": "17205", "P12_005": "‐", "P12_006": "珠洲市蛸島町1-2-174", "P12_007": 4 }, "geometry": { "type": "MultiPoint", "coordinates": [ [ 137.324596000205361, 37.443245999603278 ] ] } },
{ "type": "Feature", "properties": { "P12_001": 10277, "P12_002": "鉢ヶ崎野営場", "P12_003": "17", "P12_004": "17205", "P12_005": "‐", "P12_006": "珠洲市蛸島町1-1", "P12_007": 4 }, "geometry": { "type": "MultiPoint", "coordinates": [ [ 137.330508000344025, 37.439686000008919 ] ] } },
{ "type": "Feature", "properties": { "P12_001": 10278, "P12_002": "見付園地野営場", "P12_003": "17", "P12_004": "17205", "P12_005": "‐", "P12_006": "珠洲市宝立町鵜飼", "P12_007": 4 }, "geometry": { "type": "MultiPoint", "coordinates": [ [ 137.241300456850695, 37.395760389030784 ] ] } },
{ "type": "Feature", "properties": { "P12_001": 10279, "P12_002": "木ノ浦野営場", "P12_003": "17", "P12_004": "17205", "P12_005": "‐", "P12_006": "珠洲市折戸町木ノ浦", "P12_007": 4 }, "geometry": { "type": "MultiPoint", "coordinates": [ [ 137.262121999730539, 37.527255999464842 ] ] } },
{ "type": "Feature", "properties": { "P12_001": 10280, "P12_002": "鉢ヶ崎オートキャンプ場", "P12_003": "17", "P12_004": "17205", "P12_005": "‐", "P12_006": "珠洲市蛸島町鉢ヶ崎36-2", "P12_007": 4 }, "geometry": { "type": "MultiPoint", "coordinates": [ [ 137.327867735607583, 37.44464735649035 ] ] } },
{ "type": "Feature", "properties": { "P12_001": 10281, "P12_002": "木ノ浦オートキャンプ場", "P12_003": "17", "P12_004": "17205", "P12_005": "‐", "P12_006": "珠洲市折戸町木ノ浦", "P12_007": 4 }, "geometry": { "type": "MultiPoint", "coordinates": [ [ 137.262121999730539, 37.527255999464842 ] ] } },
{ "type": "Feature", "properties": { "P12_001": 10282, "P12_002": "鉢ヶ崎海水浴場", "P12_003": "17", "P12_004": "17205", "P12_005": "‐", "P12_006": "珠洲市蛸島町鉢ヶ崎", "P12_007": 4 }, "geometry": { "type": "MultiPoint", "coordinates": [ [ 137.329826000369735, 37.439125999365444 ] ] } },
{ "type": "Feature", "properties": { "P12_001": 10283, "P12_002": "見付海水浴場", "P12_003": "17", "P12_004": "17205", "P12_005": "‐", "P12_006": "珠洲市宝立町鵜飼", "P12_007": 4 }, "geometry": { "type": "MultiPoint", "coordinates": [ [ 137.240603909442939, 37.394518696880425 ] ] } },
{ "type": "Feature", "properties": { "P12_001": 10284, "P12_002": "木ノ浦スキューバダイビングセンター", "P12_003": "17", "P12_004": "17205", "P12_005": "‐", "P12_006": "珠洲市折戸町木ノ浦", "P12_007": 4 }, "geometry": { "type": "MultiPoint", "coordinates": [ [ 137.264801788771592, 37.529386430439445 ] ] } },
{ "type": "Feature", "properties": { "P12_001": 10285, "P12_002": "奥能登すずなり市場", "P12_003": "17", "P12_004": "17205", "P12_005": "‐", "P12_006": "珠洲市野々江町シ15", "P12_007": 5 }, "geometry": { "type": "MultiPoint", "coordinates": [ [ 137.269964482774753, 37.441536133885506 ] ] } },
{ "type": "Feature", "properties": { "P12_001": 10286, "P12_002": "交流施設「狼煙」", "P12_003": "17", "P12_004": "17205", "P12_005": "‐", "P12_006": "珠洲市狼煙町テ1-1", "P12_007": 6 }, "geometry": { "type": "MultiPoint", "coordinates": [ [ 137.32441599999845, 37.525972999654243 ] ] } },
{ "type": "Feature", "properties": { "P12_001": 10287, "P12_002": "揚浜館（道の駅すず塩田村内）", "P12_003": "17", "P12_004": "17205", "P12_005": "‐", "P12_006": "珠洲市清水町1-58-1", "P12_007": 6 }, "geometry": { "type": "MultiPoint", "coordinates": [ [ 137.113774569041198, 37.486339209786763 ] ] } },
{ "type": "Feature", "properties": { "P12_001": 10288, "P12_002": "飯田燈籠山祭り", "P12_003": "17", "P12_004": "17205", "P12_005": "‐", "P12_006": "珠洲市飯田町", "P12_007": 1 }, "geometry": { "type": "MultiPoint", "coordinates": [ [ 137.260463998814544, 37.436375000206169 ] ] } },
{ "type": "Feature", "properties": { "P12_001": 10289, "P12_002": "宝立七夕キリコまつり", "P12_003": "17", "P12_004": "17205", "P12_005": "‐", "P12_006": "珠洲市宝立町鵜飼（鵜飼川河口）", "P12_007": 1 }, "geometry": { "type": "MultiPoint", "coordinates": [ [ 137.243696999916665, 37.404353999337673 ] ] } },
{ "type": "Feature", "properties": { "P12_001": 10290, "P12_002": "蛸島キリコ祭り", "P12_003": "17", "P12_004": "17205", "P12_005": "‐", "P12_006": "珠洲市蛸島町", "P12_007": 1 }, "geometry": { "type": "MultiPoint", "coordinates": [ [ 137.260463998814544, 37.436375000206169 ] ] } },
{ "type": "Feature", "properties": { "P12_001": 10291, "P12_002": "大谷キリコ祭り", "P12_003": "17", "P12_004": "17205", "P12_005": "‐", "P12_006": "珠洲市大谷町", "P12_007": 1 }, "geometry": { "type": "MultiPoint", "coordinates": [ [ 137.169181945090713, 37.48251527805769 ] ] } },
{ "type": "Feature", "properties": { "P12_001": 10292, "P12_002": "正院キリコ祭り", "P12_003": "17", "P12_004": "17205", "P12_005": "‐", "P12_006": "珠洲市正院町", "P12_007": 1 }, "geometry": { "type": "MultiPoint", "coordinates": [ [ 137.260463998814544, 37.436375000206169 ] ] } },
{ "type": "Feature", "properties": { "P12_001": 10293, "P12_002": "寺家キリコ祭り", "P12_003": "17", "P12_004": "17205", "P12_005": "‐", "P12_006": "珠洲市三崎町寺家", "P12_007": 1 }, "geometry": { "type": "MultiPoint", "coordinates": [ [ 137.260463998814544, 37.436375000206169 ] ] } },
{ "type": "Feature", "properties": { "P12_001": 10294, "P12_002": "食祭「珠洲まるかじり」", "P12_003": "17", "P12_004": "17205", "P12_005": "‐", "P12_006": "珠洲市飯田町（飯田町商店街）", "P12_007": 1 }, "geometry": { "type": "MultiPoint", "coordinates": [ [ 137.263360999310748, 37.436147999630521 ] ] } },
{ "type": "Feature", "properties": { "P12_001": 10295, "P12_002": "大谷川鯉のぼりフェスティバル", "P12_003": "17", "P12_004": "17205", "P12_005": "‐", "P12_006": "珠洲市大谷町（大谷川河口）", "P12_007": 1 }, "geometry": { "type": "MultiPoint", "coordinates": [ [ 137.17435700027545, 37.500271998853691 ] ] } },
{ "type": "Feature", "properties": { "P12_001": 10296, "P12_002": "トライアスロン珠洲大会", "P12_003": "17", "P12_004": "17205", "P12_005": "‐", "P12_006": "珠洲市", "P12_007": 1 }, "geometry": { "type": "MultiPoint", "coordinates": [ [ 137.260463998814544, 37.436375000206169 ] ] } },
{ "type": "Feature", "properties": { "P12_001": 10297, "P12_002": "すず農林漁業まつり", "P12_003": "17", "P12_004": "17205", "P12_005": "‐", "P12_006": "珠洲市蛸島町（蛸島漁港）", "P12_007": 1 }, "geometry": { "type": "MultiPoint", "coordinates": [ [ 137.307946000407696, 37.439943999316142 ] ] } },
{ "type": "Feature", "properties": { "P12_001": 10298, "P12_002": "山代温泉", "P12_003": "17", "P12_004": "17206", "P12_005": "温泉", "P12_006": "加賀市山代温泉北部3-70（事務局）", "P12_007": 3 }, "geometry": { "type": "MultiPoint", "coordinates": [ [ 136.359833999439616, 36.296957999512131 ] ] } },
{ "type": "Feature", "properties": { "P12_001": 10299, "P12_002": "山中温泉", "P12_003": "17", "P12_004": "17206", "P12_005": "温泉", "P12_006": "加賀市山中温泉西桂木町ト5-1（事務局）", "P12_007": 3 }, "geometry": { "type": "MultiPoint", "coordinates": [ [ 136.374308000513906, 36.251944001114794 ] ] } },
{ "type": "Feature", "properties": { "P12_001": 10300, "P12_002": "片野の鴨池（鴨池観察館）", "P12_003": "17", "P12_004": "17206", "P12_005": "‐", "P12_006": "加賀市片野町子2-1", "P12_007": 1 }, "geometry": { "type": "MultiPoint", "coordinates": [ [ 136.294065953181303, 36.321749829790861 ] ] } },
{ "type": "Feature", "properties": { "P12_001": 10301, "P12_002": "法皇山横穴古墳群", "P12_003": "17", "P12_004": "17206", "P12_005": "‐", "P12_006": "加賀市勅使町", "P12_007": 2 }, "geometry": { "type": "MultiPoint", "coordinates": [ [ 136.392206715267776, 36.299169873990536 ] ] } },
{ "type": "Feature", "properties": { "P12_001": 10302, "P12_002": "実性院", "P12_003": "17", "P12_004": "17206", "P12_005": "‐", "P12_006": "加賀市大聖寺下屋敷町29", "P12_007": 2 }, "geometry": { "type": "MultiPoint", "coordinates": [ [ 136.308511388190027, 36.298522221823134 ] ] } },
{ "type": "Feature", "properties": { "P12_001": 10303, "P12_002": "全昌寺", "P12_003": "17", "P12_004": "17206", "P12_005": "‐", "P12_006": "加賀市大聖寺神明町1", "P12_007": 2 }, "geometry": { "type": "MultiPoint", "coordinates": [ [ 136.308619712429845, 36.301372431492553 ] ] } },
{ "type": "Feature", "properties": { "P12_001": 10304, "P12_002": "山中漆器伝統産業会館", "P12_003": "17", "P12_004": "17206", "P12_005": "‐", "P12_006": "加賀市山中温泉塚谷町イ268-2", "P12_007": 2 }, "geometry": { "type": "MultiPoint", "coordinates": [ [ 136.37180430142746, 36.256182365623715 ] ] } },
{ "type": "Feature", "properties": { "P12_001": 10305, "P12_002": "加賀アートギャラリー", "P12_003": "17", "P12_004": "17206", "P12_005": "‐", "P12_006": "加賀市作見町リ1-4", "P12_007": 2 }, "geometry": { "type": "MultiPoint", "coordinates": [ [ 136.351485927433714, 36.319107004684554 ] ] } },
{ "type": "Feature", "properties": { "P12_001": 10306, "P12_002": "月うさぎの里", "P12_003": "17", "P12_004": "17206", "P12_005": "‐", "P12_006": "加賀市永井町43-41", "P12_007": 2 }, "geometry": { "type": "MultiPoint", "coordinates": [ [ 136.275697885848786, 36.29441951554827 ] ] } },
{ "type": "Feature", "properties": { "P12_001": 10307, "P12_002": "石川県九谷焼美術館", "P12_003": "17", "P12_004": "17206", "P12_005": "‐", "P12_006": "加賀市大聖寺地方町1-10-13", "P12_007": 2 }, "geometry": { "type": "MultiPoint", "coordinates": [ [ 136.310168979914579, 36.302761578284276 ] ] } },
{ "type": "Feature", "properties": { "P12_001": 10308, "P12_002": "北前船の里資料館", "P12_003": "17", "P12_004": "17206", "P12_005": "‐", "P12_006": "加賀市橋立町イ乙1", "P12_007": 2 }, "geometry": { "type": "MultiPoint", "coordinates": [ [ 136.310574084026825, 36.350850106047631 ] ] } },
{ "type": "Feature", "properties": { "P12_001": 10309, "P12_002": "蔵六園", "P12_003": "17", "P12_004": "17206", "P12_005": "‐", "P12_006": "加賀市橋立町ラ47", "P12_007": 2 }, "geometry": { "type": "MultiPoint", "coordinates": [ [ 136.309798000577302, 36.349016999035314 ] ] } },
{ "type": "Feature", "properties": { "P12_001": 10310, "P12_002": "中谷宇吉郎雪の科学館", "P12_003": "17", "P12_004": "17206", "P12_005": "‐", "P12_006": "加賀市潮津町イ106", "P12_007": 2 }, "geometry": { "type": "MultiPoint", "coordinates": [ [ 136.362496661791624, 36.352379872633094 ] ] } },
{ "type": "Feature", "properties": { "P12_001": 10311, "P12_002": "九谷焼窯跡展示館", "P12_003": "17", "P12_004": "17206", "P12_005": "‐", "P12_006": "加賀市山代温泉19-101-9", "P12_007": 2 }, "geometry": { "type": "MultiPoint", "coordinates": [ [ 136.366293397122604, 36.293968322080445 ] ] } },
{ "type": "Feature", "properties": { "P12_001": 10312, "P12_002": "深田久弥山の文化館", "P12_003": "17", "P12_004": "17206", "P12_005": "‐", "P12_006": "加賀市大聖寺番場町18-2", "P12_007": 2 }, "geometry": { "type": "MultiPoint", "coordinates": [ [ 136.310579000620464, 36.30964699831037 ] ] } },
{ "type": "Feature", "properties": { "P12_001": 10313, "P12_002": "無限庵", "P12_003": "17", "P12_004": "17206", "P12_005": "‐", "P12_006": "加賀市下谷町ロ6", "P12_007": 2 }, "geometry": { "type": "MultiPoint", "coordinates": [ [ 136.372399000613427, 36.240723000765911 ] ] } },
{ "type": "Feature", "properties": { "P12_001": 10314, "P12_002": "芭蕉の館", "P12_003": "17", "P12_004": "17206", "P12_005": "‐", "P12_006": "加賀市山中温泉本町2-86-1", "P12_007": 2 }, "geometry": { "type": "MultiPoint", "coordinates": [ [ 136.373876861028407, 36.246209134144294 ] ] } },
{ "type": "Feature", "properties": { "P12_001": 10315, "P12_002": "魯山人寓居跡いろは草庵", "P12_003": "17", "P12_004": "17206", "P12_005": "‐", "P12_006": "加賀市山代温泉18-5", "P12_007": 2 }, "geometry": { "type": "MultiPoint", "coordinates": [ [ 136.36063579270774, 36.287540912383236 ] ] } },
{ "type": "Feature", "properties": { "P12_001": 10316, "P12_002": "片山津温泉", "P12_003": "17", "P12_004": "17206", "P12_005": "‐", "P12_006": "加賀市片山津町ツ71（事務局）", "P12_007": 3 }, "geometry": { "type": "MultiPoint", "coordinates": [ [ 136.372718000035775, 36.341682999870613 ] ] } },
{ "type": "Feature", "properties": { "P12_001": 10317, "P12_002": "柴山温泉", "P12_003": "17", "P12_004": "17206", "P12_005": "‐", "P12_006": "加賀市柴山町し50", "P12_007": 3 }, "geometry": { "type": "MultiPoint", "coordinates": [ [ 136.371774856724301, 36.355004591688612 ] ] } },
{ "type": "Feature", "properties": { "P12_001": 10318, "P12_002": "加賀橋立温泉", "P12_003": "17", "P12_004": "17206", "P12_005": "‐", "P12_006": "加賀市橋立に80", "P12_007": 3 }, "geometry": { "type": "MultiPoint", "coordinates": [ [ 136.309636745839157, 36.347034421101682 ] ] } },
{ "type": "Feature", "properties": { "P12_001": 10319, "P12_002": "山代ゴルフ倶楽部", "P12_003": "17", "P12_004": "17206", "P12_005": "‐", "P12_006": "加賀市小坂町ト甲7-2", "P12_007": 4 }, "geometry": { "type": "MultiPoint", "coordinates": [ [ 136.380346976831561, 36.276769276281129 ] ] } },
{ "type": "Feature", "properties": { "P12_001": 10320, "P12_002": "加賀カントリークラブ", "P12_003": "17", "P12_004": "17206", "P12_005": "‐", "P12_006": "加賀市日谷町1", "P12_007": 4 }, "geometry": { "type": "MultiPoint", "coordinates": [ [ 136.333773000024053, 36.286918000565322 ] ] } },
{ "type": "Feature", "properties": { "P12_001": 10321, "P12_002": "加賀セントラルゴルフ倶楽部", "P12_003": "17", "P12_004": "17206", "P12_005": "‐", "P12_006": "加賀市熊坂町辰19-5", "P12_007": 4 }, "geometry": { "type": "MultiPoint", "coordinates": [ [ 136.304419201285214, 36.28524375789317 ] ] } },
{ "type": "Feature", "properties": { "P12_001": 10322, "P12_002": "片山津ゴルフ倶楽部　片山津ゴルフ場", "P12_003": "17", "P12_004": "17206", "P12_005": "‐", "P12_006": "加賀市新保町ト1-1", "P12_007": 4 }, "geometry": { "type": "MultiPoint", "coordinates": [ [ 136.373698055121167, 36.37266694482372 ] ] } },
{ "type": "Feature", "properties": { "P12_001": 10323, "P12_002": "片山津ゴルフ倶楽部　山代・山中ゴルフ場", "P12_003": "17", "P12_004": "17206", "P12_005": "‐", "P12_006": "加賀市永井町79-1", "P12_007": 4 }, "geometry": { "type": "MultiPoint", "coordinates": [ [ 136.266875999727631, 36.281989999039297 ] ] } },
{ "type": "Feature", "properties": { "P12_001": 10324, "P12_002": "県民の森", "P12_003": "17", "P12_004": "17206", "P12_005": "‐", "P12_006": "加賀市山中温泉杉水町", "P12_007": 4 }, "geometry": { "type": "MultiPoint", "coordinates": [ [ 136.459285000002865, 36.230216000068424 ] ] } },
{ "type": "Feature", "properties": { "P12_001": 10325, "P12_002": "瀬越キャンプ場", "P12_003": "17", "P12_004": "17206", "P12_005": "‐", "P12_006": "加賀市大聖寺瀬越町イ19-1（竹の浦館併設）", "P12_007": 4 }, "geometry": { "type": "MultiPoint", "coordinates": [ [ 136.264841178377765, 36.296852998267298 ] ] } },
{ "type": "Feature", "properties": { "P12_001": 10326, "P12_002": "県民の森キャンプ場", "P12_003": "17", "P12_004": "17206", "P12_005": "‐", "P12_006": "加賀市山中温泉杉水町", "P12_007": 4 }, "geometry": { "type": "MultiPoint", "coordinates": [ [ 136.459285000002865, 36.230216000068424 ] ] } },
{ "type": "Feature", "properties": { "P12_001": 10327, "P12_002": "片野海水浴場", "P12_003": "17", "P12_004": "17206", "P12_005": "‐", "P12_006": "加賀市片野町", "P12_007": 4 }, "geometry": { "type": "MultiPoint", "coordinates": [ [ 136.278721000074142, 36.322368998630452 ] ] } },
{ "type": "Feature", "properties": { "P12_001": 10328, "P12_002": "黒崎海水浴場", "P12_003": "17", "P12_004": "17206", "P12_005": "‐", "P12_006": "加賀市黒崎町", "P12_007": 4 }, "geometry": { "type": "MultiPoint", "coordinates": [ [ 136.290255999614715, 36.339539999071746 ] ] } },
{ "type": "Feature", "properties": { "P12_001": 10329, "P12_002": "橋立海水浴場", "P12_003": "17", "P12_004": "17206", "P12_005": "‐", "P12_006": "加賀市田尻町", "P12_007": 4 }, "geometry": { "type": "MultiPoint", "coordinates": [ [ 136.320508000743757, 36.354057000330329 ] ] } },
{ "type": "Feature", "properties": { "P12_001": 10330, "P12_002": "加賀市中央公園", "P12_003": "17", "P12_004": "17206", "P12_005": "‐", "P12_006": "加賀市山田町", "P12_007": 4 }, "geometry": { "type": "MultiPoint", "coordinates": [ [ 136.331534614431007, 36.324424636587764 ] ] } },
{ "type": "Feature", "properties": { "P12_001": 10331, "P12_002": "日本元気劇場", "P12_003": "17", "P12_004": "17206", "P12_005": "‐", "P12_006": "加賀市黒埼町27-1-1", "P12_007": 4 }, "geometry": { "type": "MultiPoint", "coordinates": [ [ 136.300378999691134, 36.341463001416457 ] ] } },
{ "type": "Feature", "properties": { "P12_001": 10332, "P12_002": "山中座", "P12_003": "17", "P12_004": "17206", "P12_005": "‐", "P12_006": "加賀市山中温泉薬師町ム1", "P12_007": 4 }, "geometry": { "type": "MultiPoint", "coordinates": [ [ 136.372693967452733, 36.247187162157843 ] ] } },
{ "type": "Feature", "properties": { "P12_001": 10333, "P12_002": "加賀フルーツランド", "P12_003": "17", "P12_004": "17206", "P12_005": "‐", "P12_006": "加賀市豊町イ59-1", "P12_007": 4 }, "geometry": { "type": "MultiPoint", "coordinates": [ [ 136.305776987817808, 36.326703767764741 ] ] } },
{ "type": "Feature", "properties": { "P12_001": 10334, "P12_002": "御菓子城加賀藩", "P12_003": "17", "P12_004": "17206", "P12_005": "‐", "P12_006": "加賀市加茂町ハ90-1", "P12_007": 5 }, "geometry": { "type": "MultiPoint", "coordinates": [ [ 136.364025000253605, 36.30849972238434 ] ] } },
{ "type": "Feature", "properties": { "P12_001": 10335, "P12_002": "ゆけむり健康村", "P12_003": "17", "P12_004": "17206", "P12_005": "‐", "P12_006": "加賀市山中温泉こおろぎ町イ19", "P12_007": 5 }, "geometry": { "type": "MultiPoint", "coordinates": [ [ 136.367469999940568, 36.237667999278813 ] ] } },
{ "type": "Feature", "properties": { "P12_001": 10336, "P12_002": "ぐず焼きまつり", "P12_003": "17", "P12_004": "17206", "P12_005": "‐", "P12_006": "加賀市動橋町（JR動橋駅前　および　振橋神社）", "P12_007": 1 }, "geometry": { "type": "MultiPoint", "coordinates": [ [ 136.314865834091052, 36.302708474216786 ] ] } },
{ "type": "Feature", "properties": { "P12_001": 10337, "P12_002": "十万石まつり", "P12_003": "17", "P12_004": "17206", "P12_005": "‐", "P12_006": "加賀市大聖寺南町ニ41（市役所前広場周辺）", "P12_007": 1 }, "geometry": { "type": "MultiPoint", "coordinates": [ [ 136.315036778124863, 36.302442291078933 ] ] } },
{ "type": "Feature", "properties": { "P12_001": 10338, "P12_002": "山代菖蒲湯まつり", "P12_003": "17", "P12_004": "17206", "P12_005": "‐", "P12_006": "加賀市山代温泉", "P12_007": 1 }, "geometry": { "type": "MultiPoint", "coordinates": [ [ 136.359833999439616, 36.296957999512131 ] ] } },
{ "type": "Feature", "properties": { "P12_001": 10339, "P12_002": "片山津湯のまつり", "P12_003": "17", "P12_004": "17206", "P12_005": "‐", "P12_006": "加賀市片山津温泉（片山津温泉温泉街）", "P12_007": 1 }, "geometry": { "type": "MultiPoint", "coordinates": [ [ 136.367191998811791, 36.344381000183091 ] ] } },
{ "type": "Feature", "properties": { "P12_001": 10340, "P12_002": "山代大田楽", "P12_003": "17", "P12_004": "17206", "P12_005": "‐", "P12_006": "加賀市山代温泉18-7（服部神社前特設会場）", "P12_007": 1 }, "geometry": { "type": "MultiPoint", "coordinates": [ [ 136.361725190065499, 36.287594431038201 ] ] } },
{ "type": "Feature", "properties": { "P12_001": 10341, "P12_002": "こいこい祭り", "P12_003": "17", "P12_004": "17206", "P12_005": "‐", "P12_006": "加賀市山中温泉薬師町ム-1（山中座・菊の湯周辺）", "P12_007": 1 }, "geometry": { "type": "MultiPoint", "coordinates": [ [ 136.372693967452733, 36.247187162157843 ] ] } },
{ "type": "Feature", "properties": { "P12_001": 10342, "P12_002": "ふるさと山中夏まつり", "P12_003": "17", "P12_004": "17206", "P12_005": "‐", "P12_006": "加賀市山中温泉南町（長谷部神社境内・参道　から　ゆげ街道　から　山中座）", "P12_007": 1 }, "geometry": { "type": "MultiPoint", "coordinates": [ [ 136.374308000513906, 36.251944001114794 ] ] } },
{ "type": "Feature", "properties": { "P12_001": 10343, "P12_002": "山中漆器まつり", "P12_003": "17", "P12_004": "17206", "P12_005": "‐", "P12_006": "加賀市山中温泉薬師町ム1（山中座・菊の湯前広場）", "P12_007": 1 }, "geometry": { "type": "MultiPoint", "coordinates": [ [ 136.372985998904824, 36.247046999219663 ] ] } },
{ "type": "Feature", "properties": { "P12_001": 10344, "P12_002": "古九谷修古祭", "P12_003": "17", "P12_004": "17206", "P12_005": "‐", "P12_006": "加賀市山中温泉本町2-86-1", "P12_007": 1 }, "geometry": { "type": "MultiPoint", "coordinates": [ [ 136.373876861028407, 36.246209134144294 ] ] } },
{ "type": "Feature", "properties": { "P12_001": 10345, "P12_002": "山中節全国コンクール", "P12_003": "17", "P12_004": "17206", "P12_005": "‐", "P12_006": "加賀市山中温泉西桂木町ト5-1（山中温泉文化会館内）", "P12_007": 1 }, "geometry": { "type": "MultiPoint", "coordinates": [ [ 136.374308000513906, 36.251944001114794 ] ] } },
{ "type": "Feature", "properties": { "P12_001": 10346, "P12_002": "邑知潟", "P12_003": "17", "P12_004": "17207", "P12_005": "‐", "P12_006": "羽咋市東潟町、西潟町、南潟町", "P12_007": 1 }, "geometry": { "type": "MultiPoint", "coordinates": [ [ 136.81299099933517, 36.924263999384095 ] ] } },
{ "type": "Feature", "properties": { "P12_001": 10347, "P12_002": "千里浜なぎさドライブウェイ", "P12_003": "17", "P12_004": "17207", "P12_005": "‐", "P12_006": "羽咋市千里浜町", "P12_007": 1 }, "geometry": { "type": "MultiPoint", "coordinates": [ [ 136.764422999821704, 36.88886600016582 ] ] } },
{ "type": "Feature", "properties": { "P12_001": 10348, "P12_002": "気多大社", "P12_003": "17", "P12_004": "17207", "P12_005": "‐", "P12_006": "羽咋市寺家町ク1", "P12_007": 2 }, "geometry": { "type": "MultiPoint", "coordinates": [ [ 136.767559514959657, 36.926055293317177 ] ] } },
{ "type": "Feature", "properties": { "P12_001": 10349, "P12_002": "妙成寺", "P12_003": "17", "P12_004": "17207", "P12_005": "‐", "P12_006": "羽咋市滝谷町ヨ1", "P12_007": 2 }, "geometry": { "type": "MultiPoint", "coordinates": [ [ 136.775990800335194, 36.95437755168274 ] ] } },
{ "type": "Feature", "properties": { "P12_001": 10350, "P12_002": "永光寺", "P12_003": "17", "P12_004": "17207", "P12_005": "‐", "P12_006": "羽咋市酒井町イ11", "P12_007": 2 }, "geometry": { "type": "MultiPoint", "coordinates": [ [ 136.851227104247528, 36.913252202027536 ] ] } },
{ "type": "Feature", "properties": { "P12_001": 10351, "P12_002": "豊財院", "P12_003": "17", "P12_004": "17207", "P12_005": "‐", "P12_006": "羽咋市白瀬町ル8", "P12_007": 2 }, "geometry": { "type": "MultiPoint", "coordinates": [ [ 136.830956446482901, 36.896864039843592 ] ] } },
{ "type": "Feature", "properties": { "P12_001": 10352, "P12_002": "コスモアイル羽咋", "P12_003": "17", "P12_004": "17207", "P12_005": "‐", "P12_006": "羽咋市鶴多町免田25", "P12_007": 2 }, "geometry": { "type": "MultiPoint", "coordinates": [ [ 136.788315000836633, 36.898184999138437 ] ] } },
{ "type": "Feature", "properties": { "P12_001": 10353, "P12_002": "羽咋市歴史民俗資料館", "P12_003": "17", "P12_004": "17207", "P12_005": "‐", "P12_006": "羽咋市鶴多町鶴多田38-1", "P12_007": 2 }, "geometry": { "type": "MultiPoint", "coordinates": [ [ 136.791127169183596, 36.897522127744026 ] ] } },
{ "type": "Feature", "properties": { "P12_001": 10354, "P12_002": "ユーフォリア千里浜", "P12_003": "17", "P12_004": "17207", "P12_005": "‐", "P12_006": "羽咋市千里浜町タ1-67　", "P12_007": 3 }, "geometry": { "type": "MultiPoint", "coordinates": [ [ 136.768024545396543, 36.889732871974502 ] ] } },
{ "type": "Feature", "properties": { "P12_001": 10355, "P12_002": "ちびっ子自然センター", "P12_003": "17", "P12_004": "17207", "P12_005": "‐", "P12_006": "羽咋市柳田町シ1", "P12_007": 4 }, "geometry": { "type": "MultiPoint", "coordinates": [ [ 136.779137000272385, 36.928147999530609 ] ] } },
{ "type": "Feature", "properties": { "P12_001": 10356, "P12_002": "千里浜海水浴場", "P12_003": "17", "P12_004": "17207", "P12_005": "‐", "P12_006": "羽咋市千里浜町", "P12_007": 4 }, "geometry": { "type": "MultiPoint", "coordinates": [ [ 136.766847999235893, 36.90025999949944 ] ] } },
{ "type": "Feature", "properties": { "P12_001": 10357, "P12_002": "千里浜レストハウス", "P12_003": "17", "P12_004": "17207", "P12_005": "‐", "P12_006": "羽咋市千里浜町タ4-1", "P12_007": 5 }, "geometry": { "type": "MultiPoint", "coordinates": [ [ 136.766382220563059, 36.893439607651828 ] ] } },
{ "type": "Feature", "properties": { "P12_001": 10358, "P12_002": "唐戸山神事相撲", "P12_003": "17", "P12_004": "17207", "P12_005": "‐", "P12_006": "羽咋市南中央町", "P12_007": 1 }, "geometry": { "type": "MultiPoint", "coordinates": [ [ 136.778897999143396, 36.889956000968709 ] ] } },
{ "type": "Feature", "properties": { "P12_001": 10359, "P12_002": "飯山納涼祭", "P12_003": "17", "P12_004": "17207", "P12_005": "‐", "P12_006": "羽咋市飯山町カ53（飯山神社）", "P12_007": 1 }, "geometry": { "type": "MultiPoint", "coordinates": [ [ 136.8283065338195, 36.900621485593149 ] ] } },
{ "type": "Feature", "properties": { "P12_001": 10360, "P12_002": "川渡し神事", "P12_003": "17", "P12_004": "17207", "P12_005": "‐", "P12_006": "羽咋市川原町", "P12_007": 1 }, "geometry": { "type": "MultiPoint", "coordinates": [ [ 136.779005809870341, 36.89362288408887 ] ] } },
{ "type": "Feature", "properties": { "P12_001": 10361, "P12_002": "千里浜砂像２０１０", "P12_003": "17", "P12_004": "17207", "P12_005": "‐", "P12_006": "羽咋市千里浜町", "P12_007": 1 }, "geometry": { "type": "MultiPoint", "coordinates": [ [ 136.779005809870341, 36.89362288408887 ] ] } },
{ "type": "Feature", "properties": { "P12_001": 10362, "P12_002": "ジェットスキーｉｎ千里浜", "P12_003": "17", "P12_004": "17207", "P12_005": "‐", "P12_006": "羽咋市千里浜町（千里浜なぎさドライブウエイ）", "P12_007": 1 }, "geometry": { "type": "MultiPoint", "coordinates": [ [ 136.764422999821704, 36.88886600016582 ] ] } },
{ "type": "Feature", "properties": { "P12_001": 10363, "P12_002": "羽咋まつり", "P12_003": "17", "P12_004": "17207", "P12_005": "‐", "P12_006": "羽咋市旭町（パセオ通り特設会場　セルフ駐車場内）", "P12_007": 1 }, "geometry": { "type": "MultiPoint", "coordinates": [ [ 136.779005809870341, 36.89362288408887 ] ] } },
{ "type": "Feature", "properties": { "P12_001": 10364, "P12_002": "千里浜ちびっ子駅伝", "P12_003": "17", "P12_004": "17207", "P12_005": "‐", "P12_006": "羽咋市千里浜町（千里浜なぎさドライブウエイ）", "P12_007": 1 }, "geometry": { "type": "MultiPoint", "coordinates": [ [ 136.764422999821704, 36.88886600016582 ] ] } },
{ "type": "Feature", "properties": { "P12_001": 10365, "P12_002": "ビーチバレージャパンチャレンジ", "P12_003": "17", "P12_004": "17207", "P12_005": "‐", "P12_006": "羽咋市千里浜町（千里浜海岸特設コート）", "P12_007": 1 }, "geometry": { "type": "MultiPoint", "coordinates": [ [ 136.766568999859487, 36.897788998863234 ] ] } },
{ "type": "Feature", "properties": { "P12_001": 10366, "P12_002": "妙成寺五重塔祭り", "P12_003": "17", "P12_004": "17207", "P12_005": "‐", "P12_006": "羽咋市滝谷町ヨ1", "P12_007": 1 }, "geometry": { "type": "MultiPoint", "coordinates": [ [ 136.775990800335194, 36.95437755168274 ] ] } },
{ "type": "Feature", "properties": { "P12_001": 10367, "P12_002": "竹森ぶどう園", "P12_003": "17", "P12_004": "17209", "P12_005": "‐", "P12_006": "かほく市中沼井2-3", "P12_007": 1 }, "geometry": { "type": "MultiPoint", "coordinates": [ [ 136.724735095048686, 36.783073325873318 ] ] } },
{ "type": "Feature", "properties": { "P12_001": 10368, "P12_002": "今本ぶどう園", "P12_003": "17", "P12_004": "17209", "P12_005": "‐", "P12_006": "かほく市高松ユ61", "P12_007": 1 }, "geometry": { "type": "MultiPoint", "coordinates": [ [ 136.717320000417772, 36.755855999754658 ] ] } },
{ "type": "Feature", "properties": { "P12_001": 10369, "P12_002": "モアイ農園", "P12_003": "17", "P12_004": "17209", "P12_005": "‐", "P12_006": "かほく市湖北286", "P12_007": 1 }, "geometry": { "type": "MultiPoint", "coordinates": [ [ 136.696326274238231, 36.696116938346051 ] ] } },
{ "type": "Feature", "properties": { "P12_001": 10370, "P12_002": "湖北果樹園", "P12_003": "17", "P12_004": "17209", "P12_005": "‐", "P12_006": "かほく市湖北260・273", "P12_007": 1 }, "geometry": { "type": "MultiPoint", "coordinates": [ [ 136.692353000190906, 36.700536999183214 ] ] } },
{ "type": "Feature", "properties": { "P12_001": 10371, "P12_002": "うみっこらんど七塚海と渚の博物館", "P12_003": "17", "P12_004": "17209", "P12_005": "‐", "P12_006": "かほく市白尾ム1-3", "P12_007": 2 }, "geometry": { "type": "MultiPoint", "coordinates": [ [ 136.683032000226717, 36.714723998713623 ] ] } },
{ "type": "Feature", "properties": { "P12_001": 10372, "P12_002": "西田幾多郎記念哲学館", "P12_003": "17", "P12_004": "17209", "P12_005": "‐", "P12_006": "かほく市内日角井1", "P12_007": 2 }, "geometry": { "type": "MultiPoint", "coordinates": [ [ 136.693729907209558, 36.714294138064076 ] ] } },
{ "type": "Feature", "properties": { "P12_001": 10373, "P12_002": "市営高松グラウンド・ゴルフ場", "P12_003": "17", "P12_004": "17209", "P12_005": "‐", "P12_006": "かほく市二ツ屋マ1", "P12_007": 4 }, "geometry": { "type": "MultiPoint", "coordinates": [ [ 136.730956683204454, 36.786757734981563 ] ] } },
{ "type": "Feature", "properties": { "P12_001": 10374, "P12_002": "金沢カントリー倶楽部", "P12_003": "17", "P12_004": "17209", "P12_005": "‐", "P12_006": "かほく市気屋亥4", "P12_007": 4 }, "geometry": { "type": "MultiPoint", "coordinates": [ [ 136.737173589489657, 36.727759979339623 ] ] } },
{ "type": "Feature", "properties": { "P12_001": 10375, "P12_002": "北陸グリーンヒルゴルフ", "P12_003": "17", "P12_004": "17209", "P12_005": "‐", "P12_006": "かほく市余地ア30", "P12_007": 4 }, "geometry": { "type": "MultiPoint", "coordinates": [ [ 136.751547000493701, 36.74475199940531 ] ] } },
{ "type": "Feature", "properties": { "P12_001": 10376, "P12_002": "うみっこらんど七塚キャンプ場", "P12_003": "17", "P12_004": "17209", "P12_005": "‐", "P12_006": "かほく市白尾ム1-3", "P12_007": 4 }, "geometry": { "type": "MultiPoint", "coordinates": [ [ 136.682873442555433, 36.713876794178759 ] ] } },
{ "type": "Feature", "properties": { "P12_001": 10377, "P12_002": "高松北部海水浴場", "P12_003": "17", "P12_004": "17209", "P12_005": "‐", "P12_006": "かほく市二ツ屋13地先", "P12_007": 4 }, "geometry": { "type": "MultiPoint", "coordinates": [ [ 136.722883999796863, 36.787571999148497 ] ] } },
{ "type": "Feature", "properties": { "P12_001": 10378, "P12_002": "白尾海水浴場", "P12_003": "17", "P12_004": "17209", "P12_005": "‐", "P12_006": "かほく市白尾", "P12_007": 4 }, "geometry": { "type": "MultiPoint", "coordinates": [ [ 136.680827999312783, 36.717228000871614 ] ] } },
{ "type": "Feature", "properties": { "P12_001": 10379, "P12_002": "大崎海浜公園", "P12_003": "17", "P12_004": "17209", "P12_005": "‐", "P12_006": "かほく市大崎レ127-5", "P12_007": 4 }, "geometry": { "type": "MultiPoint", "coordinates": [ [ 136.672958999758066, 36.704448001474134 ] ] } },
{ "type": "Feature", "properties": { "P12_001": 10380, "P12_002": "道の駅・高松", "P12_003": "17", "P12_004": "17209", "P12_005": "‐", "P12_006": "かほく市二ツ屋フ16-3", "P12_007": 6 }, "geometry": { "type": "MultiPoint", "coordinates": [ [ 136.724682758102858, 36.786277463733995 ] ] } },
{ "type": "Feature", "properties": { "P12_001": 10381, "P12_002": "桜まつり", "P12_003": "17", "P12_004": "17209", "P12_005": "‐", "P12_006": "かほく市高松（額神社周辺　中町通り）", "P12_007": 1 }, "geometry": { "type": "MultiPoint", "coordinates": [ [ 136.721365947780328, 36.769345020156607 ] ] } },
{ "type": "Feature", "properties": { "P12_001": 10382, "P12_002": "サマーフェスタ", "P12_003": "17", "P12_004": "17209", "P12_005": "‐", "P12_006": "かほく市宇野気ニ81（かほく市役所周辺）", "P12_007": 1 }, "geometry": { "type": "MultiPoint", "coordinates": [ [ 136.706857481087923, 36.719887280873365 ] ] } },
{ "type": "Feature", "properties": { "P12_001": 10383, "P12_002": "かにカニ合戦", "P12_003": "17", "P12_004": "17209", "P12_005": "‐", "P12_006": "かほく市遠塚ロ57-6（七塚生涯学習センター）", "P12_007": 1 }, "geometry": { "type": "MultiPoint", "coordinates": [ [ 136.699959780819313, 36.735529846625184 ] ] } },
{ "type": "Feature", "properties": { "P12_001": 10384, "P12_002": "冬の味くらべ", "P12_003": "17", "P12_004": "17209", "P12_005": "‐", "P12_006": "かほく市", "P12_007": 1 }, "geometry": { "type": "MultiPoint", "coordinates": [ [ 136.706857481087923, 36.719887280873365 ] ] } },
{ "type": "Feature", "properties": { "P12_001": 10385, "P12_002": "白山", "P12_003": "17", "P12_004": "17210", "P12_005": "山岳", "P12_006": "白山市", "P12_007": -1 }, "geometry": { "type": "MultiPoint", "coordinates": [ [ 136.768427999252822, 36.156957999612018 ] ] } },
{ "type": "Feature", "properties": { "P12_001": 10386, "P12_002": "白山スーパー林道", "P12_003": "17", "P12_004": "17210", "P12_005": "‐", "P12_006": "白山市中宮", "P12_007": 1 }, "geometry": { "type": "MultiPoint", "coordinates": [ [ 136.759348999656709, 36.263190000817929 ] ] } },
{ "type": "Feature", "properties": { "P12_001": 10387, "P12_002": "白山登山", "P12_003": "17", "P12_004": "17210", "P12_005": "‐", "P12_006": "白山市白峰", "P12_007": 1 }, "geometry": { "type": "MultiPoint", "coordinates": [ [ 136.768427999252822, 36.156957999612018 ] ] } },
{ "type": "Feature", "properties": { "P12_001": 10388, "P12_002": "大嵐山（水芭蕉）", "P12_003": "17", "P12_004": "17210", "P12_005": "‐", "P12_006": "白山市桑島", "P12_007": 1 }, "geometry": { "type": "MultiPoint", "coordinates": [ [ 136.651962000046296, 36.193213999726368 ] ] } },
{ "type": "Feature", "properties": { "P12_001": 10389, "P12_002": "太田の大栃観察会", "P12_003": "17", "P12_004": "17210", "P12_005": "‐", "P12_006": "白山市白峰", "P12_007": 1 }, "geometry": { "type": "MultiPoint", "coordinates": [ [ 136.613868999754573, 36.139043000833851 ] ] } },
{ "type": "Feature", "properties": { "P12_001": 10390, "P12_002": "白山一里野高原（夏季）", "P12_003": "17", "P12_004": "17210", "P12_005": "‐", "P12_006": "白山市尾添", "P12_007": 1 }, "geometry": { "type": "MultiPoint", "coordinates": [ [ 136.716279000975192, 36.268650999044439 ] ] } },
{ "type": "Feature", "properties": { "P12_001": 10391, "P12_002": "白山瀬女高原（夏季）", "P12_003": "17", "P12_004": "17210", "P12_005": "‐", "P12_006": "白山市瀬戸", "P12_007": 1 }, "geometry": { "type": "MultiPoint", "coordinates": [ [ 136.653867999808426, 36.279038000503363 ] ] } },
{ "type": "Feature", "properties": { "P12_001": 10392, "P12_002": "弘法池", "P12_003": "17", "P12_004": "17210", "P12_005": "‐", "P12_006": "白山市釜清水町ホ80", "P12_007": 1 }, "geometry": { "type": "MultiPoint", "coordinates": [ [ 136.612362999552829, 36.362616000228286 ] ] } },
{ "type": "Feature", "properties": { "P12_001": 10393, "P12_002": "河内野鳥観察舎ノミレイク", "P12_003": "17", "P12_004": "17210", "P12_005": "‐", "P12_006": "白山市河内町中直海", "P12_007": 1 }, "geometry": { "type": "MultiPoint", "coordinates": [ [ 136.636505000405464, 36.392729999489916 ] ] } },
{ "type": "Feature", "properties": { "P12_001": 10394, "P12_002": "手取峡谷", "P12_003": "17", "P12_004": "17210", "P12_005": "‐", "P12_006": "白山市釜清水町　から　河原山町地内", "P12_007": 1 }, "geometry": { "type": "MultiPoint", "coordinates": [ [ 136.614759000327695, 36.361701000300968 ] ] } },
{ "type": "Feature", "properties": { "P12_001": 10395, "P12_002": "ハーブの里おぐちミントレイノ", "P12_003": "17", "P12_004": "17210", "P12_005": "‐", "P12_006": "白山市女原甲58", "P12_007": 2 }, "geometry": { "type": "MultiPoint", "coordinates": [ [ 136.64907852535373, 36.275744421467948 ] ] } },
{ "type": "Feature", "properties": { "P12_001": 10396, "P12_002": "鳥越城跡附二曲城跡", "P12_003": "17", "P12_004": "17210", "P12_005": "‐", "P12_006": "白山市三坂町　および　別宮町　および　上野町", "P12_007": 2 }, "geometry": { "type": "MultiPoint", "coordinates": [ [ 136.60109400058775, 36.366363000352237 ] ] } },
{ "type": "Feature", "properties": { "P12_001": 10397, "P12_002": "聖興寺", "P12_003": "17", "P12_004": "17210", "P12_005": "‐", "P12_006": "白山市中町56", "P12_007": 2 }, "geometry": { "type": "MultiPoint", "coordinates": [ [ 136.564619000266703, 36.523261998942132 ] ] } },
{ "type": "Feature", "properties": { "P12_001": 10398, "P12_002": "白山比盗_社", "P12_003": "17", "P12_004": "17210", "P12_005": "‐", "P12_006": "白山市三宮町ニ105-1", "P12_007": 2 }, "geometry": { "type": "MultiPoint", "coordinates": [ [ 136.636123295753578, 36.434838958351293 ] ] } },
{ "type": "Feature", "properties": { "P12_001": 10399, "P12_002": "金剱宮", "P12_003": "17", "P12_004": "17210", "P12_005": "‐", "P12_006": "白山市鶴来日詰町巳118", "P12_007": 2 }, "geometry": { "type": "MultiPoint", "coordinates": [ [ 136.630107931136195, 36.449831502222082 ] ] } },
{ "type": "Feature", "properties": { "P12_001": 10400, "P12_002": "一閑寺", "P12_003": "17", "P12_004": "17210", "P12_005": "‐", "P12_006": "白山市鶴来本町4-チ18", "P12_007": 2 }, "geometry": { "type": "MultiPoint", "coordinates": [ [ 136.624843768425194, 36.456389756981764 ] ] } },
{ "type": "Feature", "properties": { "P12_001": 10401, "P12_002": "白山本地堂", "P12_003": "17", "P12_004": "17210", "P12_005": "‐", "P12_006": "白山市白峰イ68", "P12_007": 2 }, "geometry": { "type": "MultiPoint", "coordinates": [ [ 136.625308000264113, 36.173461999871449 ] ] } },
{ "type": "Feature", "properties": { "P12_001": 10402, "P12_002": "市立松任博物館", "P12_003": "17", "P12_004": "17210", "P12_005": "‐", "P12_006": "白山市西新町168-1", "P12_007": 2 }, "geometry": { "type": "MultiPoint", "coordinates": [ [ 136.56325147227767, 36.524386531912967 ] ] } },
{ "type": "Feature", "properties": { "P12_001": 10403, "P12_002": "市立中川一政記念美術館", "P12_003": "17", "P12_004": "17210", "P12_005": "‐", "P12_006": "白山市旭町61-1", "P12_007": 2 }, "geometry": { "type": "MultiPoint", "coordinates": [ [ 136.567910999193373, 36.526741000197035 ] ] } },
{ "type": "Feature", "properties": { "P12_001": 10404, "P12_002": "太鼓の里資料館", "P12_003": "17", "P12_004": "17210", "P12_005": "‐", "P12_006": "白山市福留町586", "P12_007": 2 }, "geometry": { "type": "MultiPoint", "coordinates": [ [ 136.524128752739784, 36.491063007851608 ] ] } },
{ "type": "Feature", "properties": { "P12_001": 10405, "P12_002": "千代女の里俳句館", "P12_003": "17", "P12_004": "17210", "P12_005": "‐", "P12_006": "白山市殿町57-1", "P12_007": 2 }, "geometry": { "type": "MultiPoint", "coordinates": [ [ 136.567022000465045, 36.525769001238473 ] ] } },
{ "type": "Feature", "properties": { "P12_001": 10406, "P12_002": "呉竹文庫", "P12_003": "17", "P12_004": "17210", "P12_005": "‐", "P12_006": "白山市湊町ヨ146", "P12_007": 2 }, "geometry": { "type": "MultiPoint", "coordinates": [ [ 136.479166999557492, 36.478852001418772 ] ] } },
{ "type": "Feature", "properties": { "P12_001": 10407, "P12_002": "石川ルーツ交流館", "P12_003": "17", "P12_004": "17210", "P12_005": "‐", "P12_006": "白山市美川南町ヌ138-1", "P12_007": 2 }, "geometry": { "type": "MultiPoint", "coordinates": [ [ 136.483499167852415, 36.485580978079724 ] ] } },
{ "type": "Feature", "properties": { "P12_001": 10408, "P12_002": "白山自然保護センター中宮展示館", "P12_003": "17", "P12_004": "17210", "P12_005": "‐", "P12_006": "白山市中宮オ9", "P12_007": 2 }, "geometry": { "type": "MultiPoint", "coordinates": [ [ 136.760577782938412, 36.263097179990893 ] ] } },
{ "type": "Feature", "properties": { "P12_001": 10409, "P12_002": "東二口歴史民俗資料館", "P12_003": "17", "P12_004": "17210", "P12_005": "‐", "P12_006": "白山市東二口106-1", "P12_007": 2 }, "geometry": { "type": "MultiPoint", "coordinates": [ [ 136.642808000588843, 36.274262000590909 ] ] } },
{ "type": "Feature", "properties": { "P12_001": 10410, "P12_002": "白山ろく民俗資料館", "P12_003": "17", "P12_004": "17210", "P12_005": "‐", "P12_006": "白山市リ30", "P12_007": 2 }, "geometry": { "type": "MultiPoint", "coordinates": [ [ 136.621808998986126, 36.179943000169374 ] ] } },
{ "type": "Feature", "properties": { "P12_001": 10411, "P12_002": "手取川総合開発記念館", "P12_003": "17", "P12_004": "17210", "P12_005": "‐", "P12_006": "白山市桑島9-24-30", "P12_007": 2 }, "geometry": { "type": "MultiPoint", "coordinates": [ [ 136.629583585014529, 36.199633171633593 ] ] } },
{ "type": "Feature", "properties": { "P12_001": 10412, "P12_002": "石川県ふれあい昆虫館", "P12_003": "17", "P12_004": "17210", "P12_005": "‐", "P12_006": "白山市八幡町戌3", "P12_007": 2 }, "geometry": { "type": "MultiPoint", "coordinates": [ [ 136.632223611430618, 36.444110831949388 ] ] } },
{ "type": "Feature", "properties": { "P12_001": 10413, "P12_002": "市民工房うるわし", "P12_003": "17", "P12_004": "17210", "P12_005": "‐", "P12_006": "白山市殿町62-5", "P12_007": 2 }, "geometry": { "type": "MultiPoint", "coordinates": [ [ 136.567072891300995, 36.52522967960607 ] ] } },
{ "type": "Feature", "properties": { "P12_001": 10414, "P12_002": "白山工房", "P12_003": "17", "P12_004": "17210", "P12_005": "‐", "P12_006": "白山市白峰ヌ17", "P12_007": 2 }, "geometry": { "type": "MultiPoint", "coordinates": [ [ 136.623225737877533, 36.176802790616364 ] ] } },
{ "type": "Feature", "properties": { "P12_001": 10415, "P12_002": "吉野工芸の里", "P12_003": "17", "P12_004": "17210", "P12_005": "‐", "P12_006": "白山市吉野春29", "P12_007": 2 }, "geometry": { "type": "MultiPoint", "coordinates": [ [ 136.619752477894622, 36.362116607595397 ] ] } },
{ "type": "Feature", "properties": { "P12_001": 10416, "P12_002": "ふるさと工房", "P12_003": "17", "P12_004": "17210", "P12_005": "‐", "P12_006": "白山市吉野春29", "P12_007": 2 }, "geometry": { "type": "MultiPoint", "coordinates": [ [ 136.619360047028636, 36.362854200960669 ] ] } },
{ "type": "Feature", "properties": { "P12_001": 10417, "P12_002": "にわか工房", "P12_003": "17", "P12_004": "17210", "P12_005": "‐", "P12_006": "白山市三ツ屋野町ト3-7", "P12_007": 2 }, "geometry": { "type": "MultiPoint", "coordinates": [ [ 136.638883000350233, 36.323632001116039 ] ] } },
{ "type": "Feature", "properties": { "P12_001": 10418, "P12_002": "松任ふるさと館", "P12_003": "17", "P12_004": "17210", "P12_005": "‐", "P12_006": "白山市殿町56", "P12_007": 2 }, "geometry": { "type": "MultiPoint", "coordinates": [ [ 136.56734785451988, 36.526263537532259 ] ] } },
{ "type": "Feature", "properties": { "P12_001": 10419, "P12_002": "多川家", "P12_003": "17", "P12_004": "17210", "P12_005": "‐", "P12_006": "白山市四ツ屋町38", "P12_007": 2 }, "geometry": { "type": "MultiPoint", "coordinates": [ [ 136.540494000198009, 36.48834299933003 ] ] } },
{ "type": "Feature", "properties": { "P12_001": 10420, "P12_002": "横町うらら館", "P12_003": "17", "P12_004": "17210", "P12_005": "‐", "P12_006": "白山市鶴来新町タ1", "P12_007": 2 }, "geometry": { "type": "MultiPoint", "coordinates": [ [ 136.628831138446344, 36.446631154104523 ] ] } },
{ "type": "Feature", "properties": { "P12_001": 10421, "P12_002": "鶉荘", "P12_003": "17", "P12_004": "17210", "P12_005": "‐", "P12_006": "白山市吉野春29", "P12_007": 2 }, "geometry": { "type": "MultiPoint", "coordinates": [ [ 136.619894854064341, 36.362975082434161 ] ] } },
{ "type": "Feature", "properties": { "P12_001": 10422, "P12_002": "松任海浜温泉", "P12_003": "17", "P12_004": "17210", "P12_005": "‐", "P12_006": "白山市徳光町2665-1", "P12_007": 3 }, "geometry": { "type": "MultiPoint", "coordinates": [ [ 136.530277556064448, 36.53602347230543 ] ] } },
{ "type": "Feature", "properties": { "P12_001": 10423, "P12_002": "美川温泉", "P12_003": "17", "P12_004": "17210", "P12_005": "‐", "P12_006": "白山市美川地区", "P12_007": 3 }, "geometry": { "type": "MultiPoint", "coordinates": [ [ 136.489113165939898, 36.494340772308874 ] ] } },
{ "type": "Feature", "properties": { "P12_001": 10424, "P12_002": "中宮温泉", "P12_003": "17", "P12_004": "17210", "P12_005": "‐", "P12_006": "白山市中宮", "P12_007": 3 }, "geometry": { "type": "MultiPoint", "coordinates": [ [ 136.763790999455068, 36.259123998573727 ] ] } },
{ "type": "Feature", "properties": { "P12_001": 10425, "P12_002": "湊健康増進センター足湯", "P12_003": "17", "P12_004": "17210", "P12_005": "‐", "P12_006": "白山市湊町カ377-1", "P12_007": 3 }, "geometry": { "type": "MultiPoint", "coordinates": [ [ 136.473721296100962, 36.469121387242296 ] ] } },
{ "type": "Feature", "properties": { "P12_001": 10426, "P12_002": "千丈温泉", "P12_003": "17", "P12_004": "17210", "P12_005": "‐", "P12_006": "白山市河内町内尾", "P12_007": 3 }, "geometry": { "type": "MultiPoint", "coordinates": [ [ 136.678659207756255, 36.347337841568162 ] ] } },
{ "type": "Feature", "properties": { "P12_001": 10427, "P12_002": "めおと岩温泉ラクヨウ", "P12_003": "17", "P12_004": "17210", "P12_005": "‐", "P12_006": "白山市河内町江津い23-1", "P12_007": 3 }, "geometry": { "type": "MultiPoint", "coordinates": [ [ 136.612869452763107, 36.384698600360196 ] ] } },
{ "type": "Feature", "properties": { "P12_001": 10428, "P12_002": "新中宮温泉センター", "P12_003": "17", "P12_004": "17210", "P12_005": "‐", "P12_006": "白山市中宮カ8", "P12_007": 3 }, "geometry": { "type": "MultiPoint", "coordinates": [ [ 136.689637895672377, 36.276643051036046 ] ] } },
{ "type": "Feature", "properties": { "P12_001": 10429, "P12_002": "大門温泉センター", "P12_003": "17", "P12_004": "17210", "P12_005": "‐", "P12_006": "白山市佐良ニ142", "P12_007": 3 }, "geometry": { "type": "MultiPoint", "coordinates": [ [ 136.646921573371969, 36.323753610141068 ] ] } },
{ "type": "Feature", "properties": { "P12_001": 10430, "P12_002": "白山里", "P12_003": "17", "P12_004": "17210", "P12_005": "‐", "P12_006": "白山市瀬波子51-5", "P12_007": 3 }, "geometry": { "type": "MultiPoint", "coordinates": [ [ 136.660043680271656, 36.317280330522863 ] ] } },
{ "type": "Feature", "properties": { "P12_001": 10431, "P12_002": "白山杉の子温泉", "P12_003": "17", "P12_004": "17210", "P12_005": "‐", "P12_006": "白山市佐良タ121", "P12_007": 3 }, "geometry": { "type": "MultiPoint", "coordinates": [ [ 136.642642128731268, 36.33211972434583 ] ] } },
{ "type": "Feature", "properties": { "P12_001": 10432, "P12_002": "手取温泉（バードハミング鳥越）", "P12_003": "17", "P12_004": "17210", "P12_005": "‐", "P12_006": "白山市上野町ヤ74", "P12_007": 3 }, "geometry": { "type": "MultiPoint", "coordinates": [ [ 136.608860591643065, 36.371608985965963 ] ] } },
{ "type": "Feature", "properties": { "P12_001": 10433, "P12_002": "白山一里野温泉", "P12_003": "17", "P12_004": "17210", "P12_005": "‐", "P12_006": "白山市尾添", "P12_007": 3 }, "geometry": { "type": "MultiPoint", "coordinates": [ [ 136.718893757341107, 36.266717875729455 ] ] } },
{ "type": "Feature", "properties": { "P12_001": 10434, "P12_002": "温泉センター天領", "P12_003": "17", "P12_004": "17210", "P12_005": "‐", "P12_006": "白山市尾添チ28", "P12_007": 3 }, "geometry": { "type": "MultiPoint", "coordinates": [ [ 136.717949904464604, 36.266270981021023 ] ] } },
{ "type": "Feature", "properties": { "P12_001": 10435, "P12_002": "瀬女温泉", "P12_003": "17", "P12_004": "17210", "P12_005": "‐", "P12_006": "白山市瀬戸卯43-3", "P12_007": 3 }, "geometry": { "type": "MultiPoint", "coordinates": [ [ 136.650778369925888, 36.289622493083641 ] ] } },
{ "type": "Feature", "properties": { "P12_001": 10436, "P12_002": "白峰温泉　御前荘", "P12_003": "17", "P12_004": "17210", "P12_005": "‐", "P12_006": "白山市白峰ツ112-3", "P12_007": 3 }, "geometry": { "type": "MultiPoint", "coordinates": [ [ 136.634562843400545, 36.164981398372902 ] ] } },
{ "type": "Feature", "properties": { "P12_001": 10437, "P12_002": "白山温泉（永井旅館）", "P12_003": "17", "P12_004": "17210", "P12_005": "‐", "P12_006": "白山市白峰ノ38", "P12_007": 3 }, "geometry": { "type": "MultiPoint", "coordinates": [ [ 136.700680999328711, 36.113885999938987 ] ] } },
{ "type": "Feature", "properties": { "P12_001": 10438, "P12_002": "白山天望の湯", "P12_003": "17", "P12_004": "17210", "P12_005": "‐", "P12_006": "白山市白峰ツ52", "P12_007": 3 }, "geometry": { "type": "MultiPoint", "coordinates": [ [ 136.634921000204031, 36.165576000432111 ] ] } },
{ "type": "Feature", "properties": { "P12_001": 10439, "P12_002": "白峰温泉白峰総湯", "P12_003": "17", "P12_004": "17210", "P12_005": "‐", "P12_006": "白山市白峰ロ9", "P12_007": 3 }, "geometry": { "type": "MultiPoint", "coordinates": [ [ 136.626590705996364, 36.17436707308201 ] ] } },
{ "type": "Feature", "properties": { "P12_001": 10440, "P12_002": "憩いの湯桑島", "P12_003": "17", "P12_004": "17210", "P12_005": "‐", "P12_006": "白山市桑島10-1-20", "P12_007": 3 }, "geometry": { "type": "MultiPoint", "coordinates": [ [ 136.628028601438814, 36.193097135524454 ] ] } },
{ "type": "Feature", "properties": { "P12_001": 10441, "P12_002": "新岩間温泉", "P12_003": "17", "P12_004": "17210", "P12_005": "‐", "P12_006": "白山市尾添ム4-1（山崎旅館）", "P12_007": 3 }, "geometry": { "type": "MultiPoint", "coordinates": [ [ 136.747755211433969, 36.249026463700375 ] ] } },
{ "type": "Feature", "properties": { "P12_001": 10442, "P12_002": "白山室堂", "P12_003": "17", "P12_004": "17210", "P12_005": "‐", "P12_006": "白山市白峰", "P12_007": 4 }, "geometry": { "type": "MultiPoint", "coordinates": [ [ 136.767717292918746, 36.149046575439172 ] ] } },
{ "type": "Feature", "properties": { "P12_001": 10443, "P12_002": "スカイ獅子吼", "P12_003": "17", "P12_004": "17210", "P12_005": "‐", "P12_006": "白山市八幡町リ110", "P12_007": 4 }, "geometry": { "type": "MultiPoint", "coordinates": [ [ 136.648124000222538, 36.446513999421597 ] ] } },
{ "type": "Feature", "properties": { "P12_001": 10444, "P12_002": "パーク獅子吼", "P12_003": "17", "P12_004": "17210", "P12_005": "‐", "P12_006": "白山市八幡町リ110", "P12_007": 4 }, "geometry": { "type": "MultiPoint", "coordinates": [ [ 136.640654283468507, 36.440086265968432 ] ] } },
{ "type": "Feature", "properties": { "P12_001": 10445, "P12_002": "まっとう車遊館", "P12_003": "17", "P12_004": "17210", "P12_005": "‐", "P12_006": "白山市徳光町2398-1", "P12_007": 4 }, "geometry": { "type": "MultiPoint", "coordinates": [ [ 136.529465464659552, 36.534205726613038 ] ] } },
{ "type": "Feature", "properties": { "P12_001": 10446, "P12_002": "バードハミング鳥越（屋外施設）", "P12_003": "17", "P12_004": "17210", "P12_005": "‐", "P12_006": "白山市上野町ヤ74", "P12_007": 4 }, "geometry": { "type": "MultiPoint", "coordinates": [ [ 136.608860591643065, 36.371608985965963 ] ] } },
{ "type": "Feature", "properties": { "P12_001": 10447, "P12_002": "松任グリーンパーク", "P12_003": "17", "P12_004": "17210", "P12_005": "‐", "P12_006": "白山市矢頃島町786-1", "P12_007": 4 }, "geometry": { "type": "MultiPoint", "coordinates": [ [ 136.582960199453737, 36.476648282891972 ] ] } },
{ "type": "Feature", "properties": { "P12_001": 10448, "P12_002": "スカイ獅子吼パラグライダースクール", "P12_003": "17", "P12_004": "17210", "P12_005": "‐", "P12_006": "白山市八幡町109", "P12_007": 4 }, "geometry": { "type": "MultiPoint", "coordinates": [ [ 136.637233980064138, 36.442351056556049 ] ] } },
{ "type": "Feature", "properties": { "P12_001": 10449, "P12_002": "獅子吼高原パラグライダースクール", "P12_003": "17", "P12_004": "17210", "P12_005": "‐", "P12_006": "白山市八幡町72", "P12_007": 4 }, "geometry": { "type": "MultiPoint", "coordinates": [ [ 136.637471642102696, 36.442091399798301 ] ] } },
{ "type": "Feature", "properties": { "P12_001": 10450, "P12_002": "河内トリムパーク", "P12_003": "17", "P12_004": "17210", "P12_005": "‐", "P12_006": "白山市河内町福岡73-1", "P12_007": 4 }, "geometry": { "type": "MultiPoint", "coordinates": [ [ 136.619727367923701, 36.397840213555071 ] ] } },
{ "type": "Feature", "properties": { "P12_001": 10451, "P12_002": "フォレストパーク", "P12_003": "17", "P12_004": "17210", "P12_005": "‐", "P12_006": "白山市河内町吉岡東100", "P12_007": 4 }, "geometry": { "type": "MultiPoint", "coordinates": [ [ 136.614255000468006, 36.382114001859748 ] ] } },
{ "type": "Feature", "properties": { "P12_001": 10452, "P12_002": "河内ウッディホール", "P12_003": "17", "P12_004": "17210", "P12_005": "‐", "P12_006": "白山市河内町江津い30", "P12_007": 4 }, "geometry": { "type": "MultiPoint", "coordinates": [ [ 136.613355861883633, 36.384527609561587 ] ] } },
{ "type": "Feature", "properties": { "P12_001": 10453, "P12_002": "河内すこやか広場", "P12_003": "17", "P12_004": "17210", "P12_005": "‐", "P12_006": "白山市河内町江津い30", "P12_007": 4 }, "geometry": { "type": "MultiPoint", "coordinates": [ [ 136.613428001001466, 36.38408599926953 ] ] } },
{ "type": "Feature", "properties": { "P12_001": 10454, "P12_002": "鳥越大日スポーツ施設（ジムカーナ使用）", "P12_003": "17", "P12_004": "17210", "P12_005": "‐", "P12_006": "白山市阿手町乙2-1", "P12_007": 4 }, "geometry": { "type": "MultiPoint", "coordinates": [ [ 136.57803200007686, 36.289146999934133 ] ] } },
{ "type": "Feature", "properties": { "P12_001": 10455, "P12_002": "手取峡谷川下り", "P12_003": "17", "P12_004": "17210", "P12_005": "‐", "P12_006": "白山市下吉谷町", "P12_007": 4 }, "geometry": { "type": "MultiPoint", "coordinates": [ [ 136.565563275824616, 36.514442756827805 ] ] } },
{ "type": "Feature", "properties": { "P12_001": 10456, "P12_002": "白山千丈温泉セイモアスキー場", "P12_003": "17", "P12_004": "17210", "P12_005": "‐", "P12_006": "白山市河内町内尾", "P12_007": 4 }, "geometry": { "type": "MultiPoint", "coordinates": [ [ 136.678543000059449, 36.347138999665162 ] ] } },
{ "type": "Feature", "properties": { "P12_001": 10457, "P12_002": "白山一里野温泉スキー場", "P12_003": "17", "P12_004": "17210", "P12_005": "‐", "P12_006": "白山市尾添リ63", "P12_007": 4 }, "geometry": { "type": "MultiPoint", "coordinates": [ [ 136.715097051687621, 36.268332049084847 ] ] } },
{ "type": "Feature", "properties": { "P12_001": 10458, "P12_002": "白峰アルペン競技場", "P12_003": "17", "P12_004": "17210", "P12_005": "‐", "P12_006": "白山市白峰", "P12_007": 4 }, "geometry": { "type": "MultiPoint", "coordinates": [ [ 136.627153617745307, 36.188820324998062 ] ] } },
{ "type": "Feature", "properties": { "P12_001": 10459, "P12_002": "小舞子キャンプ場", "P12_003": "17", "P12_004": "17210", "P12_005": "‐", "P12_006": "白山市湊町井1-3", "P12_007": 4 }, "geometry": { "type": "MultiPoint", "coordinates": [ [ 136.472634000458811, 36.480361999107004 ] ] } },
{ "type": "Feature", "properties": { "P12_001": 10460, "P12_002": "スカイ獅子吼キャンプ場", "P12_003": "17", "P12_004": "17210", "P12_005": "‐", "P12_006": "白山市八幡町リ110", "P12_007": 4 }, "geometry": { "type": "MultiPoint", "coordinates": [ [ 136.648124000222538, 36.446513999421597 ] ] } },
{ "type": "Feature", "properties": { "P12_001": 10461, "P12_002": "内尾キャンプ場", "P12_003": "17", "P12_004": "17210", "P12_005": "‐", "P12_006": "白山市河内町内尾", "P12_007": 4 }, "geometry": { "type": "MultiPoint", "coordinates": [ [ 136.67862477901042, 36.347190166592952 ] ] } },
{ "type": "Feature", "properties": { "P12_001": 10462, "P12_002": "白山ろくテーマパーク吉野園地（吉野谷オートキャンプ場）", "P12_003": "17", "P12_004": "17210", "P12_005": "‐", "P12_006": "白山市吉野ト92-5", "P12_007": 4 }, "geometry": { "type": "MultiPoint", "coordinates": [ [ 136.611577984036785, 36.365357182388095 ] ] } },
{ "type": "Feature", "properties": { "P12_001": 10463, "P12_002": "中宮温泉野営場", "P12_003": "17", "P12_004": "17210", "P12_005": "‐", "P12_006": "白山市中宮ク1-2", "P12_007": 4 }, "geometry": { "type": "MultiPoint", "coordinates": [ [ 136.750744999482208, 36.259685000162676 ] ] } },
{ "type": "Feature", "properties": { "P12_001": 10464, "P12_002": "綿ヶ滝いこいの森キャンプ場", "P12_003": "17", "P12_004": "17210", "P12_005": "‐", "P12_006": "白山市下吉谷町ﾎ1-4", "P12_007": 4 }, "geometry": { "type": "MultiPoint", "coordinates": [ [ 136.635373888893923, 36.34024277698262 ] ] } },
{ "type": "Feature", "properties": { "P12_001": 10465, "P12_002": "瀬女コテージ村", "P12_003": "17", "P12_004": "17210", "P12_005": "‐", "P12_006": "白山市瀬戸丑59-1", "P12_007": 4 }, "geometry": { "type": "MultiPoint", "coordinates": [ [ 136.652656739816734, 36.284129689433655 ] ] } },
{ "type": "Feature", "properties": { "P12_001": 10466, "P12_002": "緑の村キャンプ場", "P12_003": "17", "P12_004": "17210", "P12_005": "‐", "P12_006": "白山市白峰ツ112-3", "P12_007": 4 }, "geometry": { "type": "MultiPoint", "coordinates": [ [ 136.636117000499212, 36.165943999416072 ] ] } },
{ "type": "Feature", "properties": { "P12_001": 10467, "P12_002": "緑の村ケビン・コテージ", "P12_003": "17", "P12_004": "17210", "P12_005": "‐", "P12_006": "白山市白峰ツ112-3", "P12_007": 4 }, "geometry": { "type": "MultiPoint", "coordinates": [ [ 136.636117000499212, 36.165943999416072 ] ] } },
{ "type": "Feature", "properties": { "P12_001": 10468, "P12_002": "南竜ヶ馬場野営場", "P12_003": "17", "P12_004": "17210", "P12_005": "‐", "P12_006": "白山市白峰南竜ヶ馬場", "P12_007": 4 }, "geometry": { "type": "MultiPoint", "coordinates": [ [ 136.772765999651256, 36.136584998998558 ] ] } },
{ "type": "Feature", "properties": { "P12_001": 10469, "P12_002": "市ノ瀬野営場", "P12_003": "17", "P12_004": "17210", "P12_005": "‐", "P12_006": "白山市白峰市ノ瀬", "P12_007": 4 }, "geometry": { "type": "MultiPoint", "coordinates": [ [ 136.696802000312118, 36.114350000652053 ] ] } },
{ "type": "Feature", "properties": { "P12_001": 10470, "P12_002": "南竜山荘・ケビン", "P12_003": "17", "P12_004": "17210", "P12_005": "‐", "P12_006": "白山市白峰南竜ヶ馬場", "P12_007": 4 }, "geometry": { "type": "MultiPoint", "coordinates": [ [ 136.772765999651256, 36.136584998998558 ] ] } },
{ "type": "Feature", "properties": { "P12_001": 10471, "P12_002": "徳光海水浴場", "P12_003": "17", "P12_004": "17210", "P12_005": "‐", "P12_006": "白山市徳光町", "P12_007": 4 }, "geometry": { "type": "MultiPoint", "coordinates": [ [ 136.527651999740101, 36.536603000827881 ] ] } },
{ "type": "Feature", "properties": { "P12_001": 10472, "P12_002": "小舞子海水浴場", "P12_003": "17", "P12_004": "17210", "P12_005": "‐", "P12_006": "白山市湊町井1-3地先", "P12_007": 4 }, "geometry": { "type": "MultiPoint", "coordinates": [ [ 136.473498000732206, 36.481893999608474 ] ] } },
{ "type": "Feature", "properties": { "P12_001": 10473, "P12_002": "古宮公園", "P12_003": "17", "P12_004": "17210", "P12_005": "‐", "P12_006": "白山市白山町レ67-1", "P12_007": 4 }, "geometry": { "type": "MultiPoint", "coordinates": [ [ 136.631841999408834, 36.438455000997578 ] ] } },
{ "type": "Feature", "properties": { "P12_001": 10474, "P12_002": "十八河原公園", "P12_003": "17", "P12_004": "17210", "P12_005": "‐", "P12_006": "白山市鶴来水戸町地先", "P12_007": 4 }, "geometry": { "type": "MultiPoint", "coordinates": [ [ 136.62113199924238, 36.446247999745424 ] ] } },
{ "type": "Feature", "properties": { "P12_001": 10475, "P12_002": "松任海浜公園", "P12_003": "17", "P12_004": "17210", "P12_005": "‐", "P12_006": "白山市徳光町（徳光海岸）", "P12_007": 4 }, "geometry": { "type": "MultiPoint", "coordinates": [ [ 136.533648999301931, 36.540575999682687 ] ] } },
{ "type": "Feature", "properties": { "P12_001": 10476, "P12_002": "若宮公園", "P12_003": "17", "P12_004": "17210", "P12_005": "‐", "P12_006": "白山市徳丸町483", "P12_007": 4 }, "geometry": { "type": "MultiPoint", "coordinates": [ [ 136.575416000847781, 36.520848000934564 ] ] } },
{ "type": "Feature", "properties": { "P12_001": 10477, "P12_002": "手取公園（マレットゴルフ場）", "P12_003": "17", "P12_004": "17210", "P12_005": "‐", "P12_006": "白山市湊町　および　平加町地内", "P12_007": 4 }, "geometry": { "type": "MultiPoint", "coordinates": [ [ 136.491396409716572, 36.496642837996603 ] ] } },
{ "type": "Feature", "properties": { "P12_001": 10478, "P12_002": "手取公園（グラウンドゴルフ場）", "P12_003": "17", "P12_004": "17210", "P12_005": "‐", "P12_006": "白山市湊町　および　平加町地内", "P12_007": 4 }, "geometry": { "type": "MultiPoint", "coordinates": [ [ 136.493804860705836, 36.49854884765125 ] ] } },
{ "type": "Feature", "properties": { "P12_001": 10479, "P12_002": "手取公園（ウォーターガーデン）", "P12_003": "17", "P12_004": "17210", "P12_005": "‐", "P12_006": "白山市湊町　および　平加町地内", "P12_007": 4 }, "geometry": { "type": "MultiPoint", "coordinates": [ [ 136.495814711479852, 36.502997316273195 ] ] } },
{ "type": "Feature", "properties": { "P12_001": 10480, "P12_002": "アプリコットパーク", "P12_003": "17", "P12_004": "17210", "P12_005": "‐", "P12_006": "白山市蓮池町カ5-1", "P12_007": 4 }, "geometry": { "type": "MultiPoint", "coordinates": [ [ 136.497521998841194, 36.50230300008343 ] ] } },
{ "type": "Feature", "properties": { "P12_001": 10481, "P12_002": "樹木公園", "P12_003": "17", "P12_004": "17210", "P12_005": "‐", "P12_006": "白山市三宮町ホ1", "P12_007": 4 }, "geometry": { "type": "MultiPoint", "coordinates": [ [ 136.640897881931778, 36.430536368758453 ] ] } },
{ "type": "Feature", "properties": { "P12_001": 10482, "P12_002": "白山郷体育館", "P12_003": "17", "P12_004": "17210", "P12_005": "‐", "P12_006": "白山市鶴来大国町ロ125-2", "P12_007": 4 }, "geometry": { "type": "MultiPoint", "coordinates": [ [ 136.619609000055334, 36.455110999273245 ] ] } },
{ "type": "Feature", "properties": { "P12_001": 10483, "P12_002": "白山恐竜パーク白峰", "P12_003": "17", "P12_004": "17210", "P12_005": "‐", "P12_006": "白山市桑島4-99-1", "P12_007": 4 }, "geometry": { "type": "MultiPoint", "coordinates": [ [ 136.6257483335188, 36.203644723525201 ] ] } },
{ "type": "Feature", "properties": { "P12_001": 10484, "P12_002": "白山砂防科学館", "P12_003": "17", "P12_004": "17210", "P12_005": "‐", "P12_006": "白山市白峰ツ40-1", "P12_007": 4 }, "geometry": { "type": "MultiPoint", "coordinates": [ [ 136.63461599962875, 36.16581799990081 ] ] } },
{ "type": "Feature", "properties": { "P12_001": 10485, "P12_002": "白山ろくテーマパーク吉岡園地", "P12_003": "17", "P12_004": "17210", "P12_005": "‐", "P12_006": "白山市河内町吉岡西89", "P12_007": 4 }, "geometry": { "type": "MultiPoint", "coordinates": [ [ 136.613399999710282, 36.380863000826878 ] ] } },
{ "type": "Feature", "properties": { "P12_001": 10486, "P12_002": "白山ろく少年自然の家", "P12_003": "17", "P12_004": "17210", "P12_005": "‐", "P12_006": "白山市瀬戸ワ29", "P12_007": 4 }, "geometry": { "type": "MultiPoint", "coordinates": [ [ 136.642754484631837, 36.29277368245954 ] ] } },
{ "type": "Feature", "properties": { "P12_001": 10487, "P12_002": "松任朝市", "P12_003": "17", "P12_004": "17210", "P12_005": "‐", "P12_006": "白山市殿町62-5", "P12_007": 5 }, "geometry": { "type": "MultiPoint", "coordinates": [ [ 136.56709457755278, 36.525215420855034 ] ] } },
{ "type": "Feature", "properties": { "P12_001": 10488, "P12_002": "美川のあさ市", "P12_003": "17", "P12_004": "17210", "P12_005": "‐", "P12_006": "白山市美川中町ロ221-1（美川コミュニティプラザふれ愛）", "P12_007": 5 }, "geometry": { "type": "MultiPoint", "coordinates": [ [ 136.489104804043563, 36.486167520414767 ] ] } },
{ "type": "Feature", "properties": { "P12_001": 10489, "P12_002": "河内地場産業センター", "P12_003": "17", "P12_004": "17210", "P12_005": "‐", "P12_006": "白山市河内町福岡124", "P12_007": 5 }, "geometry": { "type": "MultiPoint", "coordinates": [ [ 136.624938497613584, 36.399739454012661 ] ] } },
{ "type": "Feature", "properties": { "P12_001": 10490, "P12_002": "パーク獅子吼ふるさと館", "P12_003": "17", "P12_004": "17210", "P12_005": "‐", "P12_006": "白山市八幡町リ110", "P12_007": 5 }, "geometry": { "type": "MultiPoint", "coordinates": [ [ 136.640652999236636, 36.438498999429328 ] ] } },
{ "type": "Feature", "properties": { "P12_001": 10491, "P12_002": "おはぎ屋", "P12_003": "17", "P12_004": "17210", "P12_005": "‐", "P12_006": "白山市白山町レ122-1", "P12_007": 5 }, "geometry": { "type": "MultiPoint", "coordinates": [ [ 136.634041999238889, 36.437174000379855 ] ] } },
{ "type": "Feature", "properties": { "P12_001": 10492, "P12_002": "雪だるまカフェ", "P12_003": "17", "P12_004": "17210", "P12_005": "‐", "P12_006": "白山市イ75", "P12_007": 5 }, "geometry": { "type": "MultiPoint", "coordinates": [ [ 136.62596872857398, 36.172293912733949 ] ] } },
{ "type": "Feature", "properties": { "P12_001": 10493, "P12_002": "くろゆりの里", "P12_003": "17", "P12_004": "17210", "P12_005": "‐", "P12_006": "白山市三宮町ニ105-1", "P12_007": 5 }, "geometry": { "type": "MultiPoint", "coordinates": [ [ 136.636123295753578, 36.434838958351293 ] ] } },
{ "type": "Feature", "properties": { "P12_001": 10494, "P12_002": "白山観光物産センター（道の駅「瀬女」）", "P12_003": "17", "P12_004": "17210", "P12_005": "‐", "P12_006": "白山市瀬戸寅163-1", "P12_007": 5 }, "geometry": { "type": "MultiPoint", "coordinates": [ [ 136.649926839652039, 36.287974389206738 ] ] } },
{ "type": "Feature", "properties": { "P12_001": 10495, "P12_002": "白峰特産品販売施設「菜さい」", "P12_003": "17", "P12_004": "17210", "P12_005": "‐", "P12_006": "白山市白峰ロ64-3", "P12_007": 5 }, "geometry": { "type": "MultiPoint", "coordinates": [ [ 136.626007000122968, 36.174729998990301 ] ] } },
{ "type": "Feature", "properties": { "P12_001": 10496, "P12_002": "道の駅「一向一揆の里」", "P12_003": "17", "P12_004": "17210", "P12_005": "‐", "P12_006": "白山市出合町甲36", "P12_007": 6 }, "geometry": { "type": "MultiPoint", "coordinates": [ [ 136.599085999719136, 36.36044099975237 ] ] } },
{ "type": "Feature", "properties": { "P12_001": 10497, "P12_002": "おかえり祭り", "P12_003": "17", "P12_004": "17210", "P12_005": "‐", "P12_006": "白山市美川地区", "P12_007": 1 }, "geometry": { "type": "MultiPoint", "coordinates": [ [ 136.492073234092572, 36.490767927697732 ] ] } },
{ "type": "Feature", "properties": { "P12_001": 10498, "P12_002": "ほうらい祭り", "P12_003": "17", "P12_004": "17210", "P12_005": "‐", "P12_006": "白山市鶴来地区一帯", "P12_007": 1 }, "geometry": { "type": "MultiPoint", "coordinates": [ [ 136.565563275824616, 36.514442756827805 ] ] } },
{ "type": "Feature", "properties": { "P12_001": 10499, "P12_002": "深瀬でくまわし（鶴来）", "P12_003": "17", "P12_004": "17210", "P12_005": "‐", "P12_006": "白山市日向町", "P12_007": 1 }, "geometry": { "type": "MultiPoint", "coordinates": [ [ 136.597744172555622, 36.488773098299873 ] ] } },
{ "type": "Feature", "properties": { "P12_001": 10500, "P12_002": "鳥越一向一揆まつり", "P12_003": "17", "P12_004": "17210", "P12_005": "‐", "P12_006": "白山市出合町甲36（道の駅一向一揆の里周辺）", "P12_007": 1 }, "geometry": { "type": "MultiPoint", "coordinates": [ [ 136.599085999719136, 36.36044099975237 ] ] } },
{ "type": "Feature", "properties": { "P12_001": 10501, "P12_002": "そばまつり（そば花まつり・新そばまつり）", "P12_003": "17", "P12_004": "17210", "P12_005": "‐", "P12_006": "白山市三ツ屋野町、出合町", "P12_007": 1 }, "geometry": { "type": "MultiPoint", "coordinates": [ [ 136.565563275824616, 36.514442756827805 ] ] } },
{ "type": "Feature", "properties": { "P12_001": 10502, "P12_002": "緑と花のフェスティバル", "P12_003": "17", "P12_004": "17210", "P12_005": "‐", "P12_006": "白山市矢頃島町786-1", "P12_007": 1 }, "geometry": { "type": "MultiPoint", "coordinates": [ [ 136.582960199453737, 36.476648282891972 ] ] } },
{ "type": "Feature", "properties": { "P12_001": 10503, "P12_002": "ＣＣＺフェスティバル", "P12_003": "17", "P12_004": "17210", "P12_005": "‐", "P12_006": "白山市徳光町（徳光海岸）", "P12_007": 1 }, "geometry": { "type": "MultiPoint", "coordinates": [ [ 136.527651999740101, 36.536603000827881 ] ] } },
{ "type": "Feature", "properties": { "P12_001": 10504, "P12_002": "松任まつり", "P12_003": "17", "P12_004": "17210", "P12_005": "‐", "P12_006": "白山市倉光2-1（松任駅前周辺、白山市役所周辺）", "P12_007": 1 }, "geometry": { "type": "MultiPoint", "coordinates": [ [ 136.565563275824616, 36.514442756827805 ] ] } },
{ "type": "Feature", "properties": { "P12_001": 10505, "P12_002": "国際太鼓エクスタジア", "P12_003": "17", "P12_004": "17210", "P12_005": "‐", "P12_006": "白山市古城町2", "P12_007": 1 }, "geometry": { "type": "MultiPoint", "coordinates": [ [ 136.565927836700325, 36.524311353985865 ] ] } },
{ "type": "Feature", "properties": { "P12_001": 10506, "P12_002": "松任ふるさと館ライトアップイベント", "P12_003": "17", "P12_004": "17210", "P12_005": "‐", "P12_006": "白山市殿町56", "P12_007": 1 }, "geometry": { "type": "MultiPoint", "coordinates": [ [ 136.56734785451988, 36.526263537532259 ] ] } },
{ "type": "Feature", "properties": { "P12_001": 10507, "P12_002": "千代女の里俳句館ライトアップイベント", "P12_003": "17", "P12_004": "17210", "P12_005": "‐", "P12_006": "白山市殿町57-1", "P12_007": 1 }, "geometry": { "type": "MultiPoint", "coordinates": [ [ 136.567022000465045, 36.525769001238473 ] ] } },
{ "type": "Feature", "properties": { "P12_001": 10508, "P12_002": "手取川夏まつり", "P12_003": "17", "P12_004": "17210", "P12_005": "‐", "P12_006": "白山市美川地区", "P12_007": 1 }, "geometry": { "type": "MultiPoint", "coordinates": [ [ 136.565563275824616, 36.514442756827805 ] ] } },
{ "type": "Feature", "properties": { "P12_001": 10509, "P12_002": "手取川サーモンフィッシング", "P12_003": "17", "P12_004": "17210", "P12_005": "‐", "P12_006": "白山市湊町手取川河川敷", "P12_007": 1 }, "geometry": { "type": "MultiPoint", "coordinates": [ [ 136.484094000138043, 36.476406000136876 ] ] } },
{ "type": "Feature", "properties": { "P12_001": 10510, "P12_002": "獅子吼高原スカイフェスタ", "P12_003": "17", "P12_004": "17210", "P12_005": "‐", "P12_006": "白山市八幡町（獅子吼高原）", "P12_007": 1 }, "geometry": { "type": "MultiPoint", "coordinates": [ [ 136.637845684530816, 36.441725548395368 ] ] } },
{ "type": "Feature", "properties": { "P12_001": 10511, "P12_002": "ラジオまつりｉｎつるぎ", "P12_003": "17", "P12_004": "17210", "P12_005": "‐", "P12_006": "白山市鶴来大国町ロ125-2（白山郷公園）", "P12_007": 1 }, "geometry": { "type": "MultiPoint", "coordinates": [ [ 136.620184000491349, 36.454625001142915 ] ] } },
{ "type": "Feature", "properties": { "P12_001": 10512, "P12_002": "つるぎ一六大市「ご当地グルメ大会」", "P12_003": "17", "P12_004": "17210", "P12_005": "‐", "P12_006": "白山市鶴来本町（鶴来本町通り商店街特設会場）", "P12_007": 1 }, "geometry": { "type": "MultiPoint", "coordinates": [ [ 136.627790000508185, 36.447680000131925 ] ] } },
{ "type": "Feature", "properties": { "P12_001": 10513, "P12_002": "ふじ祭り", "P12_003": "17", "P12_004": "17210", "P12_005": "‐", "P12_006": "白山市河内町（白山ろくテーマパーク吉岡園地、ふるさと保養センター清流前）", "P12_007": 1 }, "geometry": { "type": "MultiPoint", "coordinates": [ [ 136.631348670904458, 36.403623623231681 ] ] } },
{ "type": "Feature", "properties": { "P12_001": 10514, "P12_002": "清流祭り", "P12_003": "17", "P12_004": "17210", "P12_005": "‐", "P12_006": "白山市河内町内尾(白山千丈温泉セイモアスキー場)", "P12_007": 1 }, "geometry": { "type": "MultiPoint", "coordinates": [ [ 136.67862477901042, 36.347190166592952 ] ] } },
{ "type": "Feature", "properties": { "P12_001": 10515, "P12_002": "ふれあい市（河内）", "P12_003": "17", "P12_004": "17210", "P12_005": "‐", "P12_006": "白山市河内町福岡", "P12_007": 1 }, "geometry": { "type": "MultiPoint", "coordinates": [ [ 136.622329999629869, 36.395946999454509 ] ] } },
{ "type": "Feature", "properties": { "P12_001": 10516, "P12_002": "吉野工芸の里フェスタ", "P12_003": "17", "P12_004": "17210", "P12_005": "‐", "P12_006": "白山市吉野春29", "P12_007": 1 }, "geometry": { "type": "MultiPoint", "coordinates": [ [ 136.619752477894622, 36.362116607595397 ] ] } },
{ "type": "Feature", "properties": { "P12_001": 10517, "P12_002": "白山スーパー林道ウォーク", "P12_003": "17", "P12_004": "17210", "P12_005": "‐", "P12_006": "白山市中宮", "P12_007": 1 }, "geometry": { "type": "MultiPoint", "coordinates": [ [ 136.759348999656709, 36.263190000817929 ] ] } },
{ "type": "Feature", "properties": { "P12_001": 10518, "P12_002": "白山スーパー林道紅葉ウオーク", "P12_003": "17", "P12_004": "17210", "P12_005": "‐", "P12_006": "白山市中宮", "P12_007": 1 }, "geometry": { "type": "MultiPoint", "coordinates": [ [ 136.759348999656709, 36.263190000817929 ] ] } },
{ "type": "Feature", "properties": { "P12_001": 10519, "P12_002": "雪おくりまつり", "P12_003": "17", "P12_004": "17210", "P12_005": "‐", "P12_006": "白山市中宮（白山スーパー林道内　三方岩駐車場）", "P12_007": 1 }, "geometry": { "type": "MultiPoint", "coordinates": [ [ 136.836409000075378, 36.261594999209876 ] ] } },
{ "type": "Feature", "properties": { "P12_001": 10520, "P12_002": "ふれあい市（吉野谷）", "P12_003": "17", "P12_004": "17210", "P12_005": "‐", "P12_006": "白山市吉野春25", "P12_007": 1 }, "geometry": { "type": "MultiPoint", "coordinates": [ [ 136.619752477894622, 36.362116607595397 ] ] } },
{ "type": "Feature", "properties": { "P12_001": 10521, "P12_002": "白山手取川もみじウオーク", "P12_003": "17", "P12_004": "17210", "P12_005": "‐", "P12_006": "白山市吉野谷　および　尾口　および　白峰地域", "P12_007": 1 }, "geometry": { "type": "MultiPoint", "coordinates": [ [ 136.62560800060885, 36.452751999305349 ] ] } },
{ "type": "Feature", "properties": { "P12_001": 10522, "P12_002": "ふれあい市（鳥越）", "P12_003": "17", "P12_004": "17210", "P12_005": "‐", "P12_006": "白山市出合町", "P12_007": 1 }, "geometry": { "type": "MultiPoint", "coordinates": [ [ 136.599085999719136, 36.36044099975237 ] ] } },
{ "type": "Feature", "properties": { "P12_001": 10523, "P12_002": "一里野まんぷくりん祭", "P12_003": "17", "P12_004": "17210", "P12_005": "‐", "P12_006": "白山市尾添（白山一里野公園）", "P12_007": 1 }, "geometry": { "type": "MultiPoint", "coordinates": [ [ 136.715002275734491, 36.267794710457565 ] ] } },
{ "type": "Feature", "properties": { "P12_001": 10524, "P12_002": "白山まつり（尾口）", "P12_003": "17", "P12_004": "17210", "P12_005": "‐", "P12_006": "白山市尾添", "P12_007": 1 }, "geometry": { "type": "MultiPoint", "coordinates": [ [ 136.718893757341107, 36.266717875729455 ] ] } },
{ "type": "Feature", "properties": { "P12_001": 10525, "P12_002": "全国ソーラーラジコンコンテストｉｎ白山", "P12_003": "17", "P12_004": "17210", "P12_005": "‐", "P12_006": "白山市尾添ル55（白山一里野ＲＣプラザ）", "P12_007": 1 }, "geometry": { "type": "MultiPoint", "coordinates": [ [ 136.712074728865673, 36.271300181458287 ] ] } },
{ "type": "Feature", "properties": { "P12_001": 10526, "P12_002": "マウンテンバイク全日本選手権大会", "P12_003": "17", "P12_004": "17210", "P12_005": "‐", "P12_006": "白山市尾添", "P12_007": 1 }, "geometry": { "type": "MultiPoint", "coordinates": [ [ 136.715097051687621, 36.268332049084847 ] ] } },
{ "type": "Feature", "properties": { "P12_001": 10527, "P12_002": "文弥まつり", "P12_003": "17", "P12_004": "17210", "P12_005": "‐", "P12_006": "白山市東二口卯106-1", "P12_007": 1 }, "geometry": { "type": "MultiPoint", "coordinates": [ [ 136.642808000588843, 36.274262000590909 ] ] } },
{ "type": "Feature", "properties": { "P12_001": 10528, "P12_002": "１／１０電動オフロードカー世界選手権大会", "P12_003": "17", "P12_004": "17210", "P12_005": "‐", "P12_006": "白山市尾添", "P12_007": 1 }, "geometry": { "type": "MultiPoint", "coordinates": [ [ 136.710600999036956, 36.268789999159196 ] ] } },
{ "type": "Feature", "properties": { "P12_001": 10529, "P12_002": "ふれあい市（物産センター）", "P12_003": "17", "P12_004": "17210", "P12_005": "‐", "P12_006": "白山市瀬戸", "P12_007": 1 }, "geometry": { "type": "MultiPoint", "coordinates": [ [ 136.565563275824616, 36.514442756827805 ] ] } },
{ "type": "Feature", "properties": { "P12_001": 10530, "P12_002": "雪だるま２０１１", "P12_003": "17", "P12_004": "17210", "P12_005": "‐", "P12_006": "白山市白峰、桑島", "P12_007": 1 }, "geometry": { "type": "MultiPoint", "coordinates": [ [ 136.565563275824616, 36.514442756827805 ] ] } },
{ "type": "Feature", "properties": { "P12_001": 10531, "P12_002": "若葉まつり", "P12_003": "17", "P12_004": "17210", "P12_005": "‐", "P12_006": "白山市白峰", "P12_007": 1 }, "geometry": { "type": "MultiPoint", "coordinates": [ [ 136.683133055246344, 36.129813334218056 ] ] } },
{ "type": "Feature", "properties": { "P12_001": 10532, "P12_002": "白山まつり（白峰）", "P12_003": "17", "P12_004": "17210", "P12_005": "‐", "P12_006": "白山市白峰", "P12_007": 1 }, "geometry": { "type": "MultiPoint", "coordinates": [ [ 136.565563275824616, 36.514442756827805 ] ] } },
{ "type": "Feature", "properties": { "P12_001": 10533, "P12_002": "白山白峰温泉まつり", "P12_003": "17", "P12_004": "17210", "P12_005": "‐", "P12_006": "白山市白峰ロ9（白峰温泉総湯周辺）", "P12_007": 1 }, "geometry": { "type": "MultiPoint", "coordinates": [ [ 136.626590705996364, 36.17436707308201 ] ] } },
{ "type": "Feature", "properties": { "P12_001": 10534, "P12_002": "瀬波かまくらまつり", "P12_003": "17", "P12_004": "17210", "P12_005": "‐", "P12_006": "白山市瀬波子51-5（研修交流館白山里周辺）", "P12_007": 1 }, "geometry": { "type": "MultiPoint", "coordinates": [ [ 136.660043680271656, 36.317280330522863 ] ] } },
{ "type": "Feature", "properties": { "P12_001": 10535, "P12_002": "コスモス畑", "P12_003": "17", "P12_004": "17210", "P12_005": "‐", "P12_006": "白山市徳光町", "P12_007": 1 }, "geometry": { "type": "MultiPoint", "coordinates": [ [ 136.534081000338006, 36.537127999857375 ] ] } },
{ "type": "Feature", "properties": { "P12_001": 10536, "P12_002": "一里野音楽祭", "P12_003": "17", "P12_004": "17210", "P12_005": "‐", "P12_006": "白山市尾添（白山一里野公園）", "P12_007": 1 }, "geometry": { "type": "MultiPoint", "coordinates": [ [ 136.715002275734491, 36.267794710457565 ] ] } },
{ "type": "Feature", "properties": { "P12_001": 10537, "P12_002": "一向一揆歴史館", "P12_003": "17", "P12_004": "17210", "P12_005": "‐", "P12_006": "白山市出合町甲26", "P12_007": -1 }, "geometry": { "type": "MultiPoint", "coordinates": [ [ 136.599440157237495, 36.359888217966954 ] ] } },
{ "type": "Feature", "properties": { "P12_001": 10538, "P12_002": "農村文化伝承館", "P12_003": "17", "P12_004": "17210", "P12_005": "‐", "P12_006": "白山市出合町甲33", "P12_007": -1 }, "geometry": { "type": "MultiPoint", "coordinates": [ [ 136.599853323771981, 36.359938714000521 ] ] } },
{ "type": "Feature", "properties": { "P12_001": 10539, "P12_002": "食彩館せせらぎ", "P12_003": "17", "P12_004": "17210", "P12_005": "‐", "P12_006": "白山市出合町甲36", "P12_007": -1 }, "geometry": { "type": "MultiPoint", "coordinates": [ [ 136.599085999719136, 36.36044099975237 ] ] } },
{ "type": "Feature", "properties": { "P12_001": 10540, "P12_002": "白山高山植物園", "P12_003": "17", "P12_004": "17210", "P12_005": "‐", "P12_006": "白山市白峰地内", "P12_007": -1 }, "geometry": { "type": "MultiPoint", "coordinates": [ [ 136.607173999480551, 36.157052999496386 ] ] } },
{ "type": "Feature", "properties": { "P12_001": 10541, "P12_002": "三方岩岳トレッキング", "P12_003": "17", "P12_004": "17210", "P12_005": "‐", "P12_006": "白山市（三方岩岳山頂周辺）", "P12_007": -1 }, "geometry": { "type": "MultiPoint", "coordinates": [ [ 136.844001069593787, 36.258214318136311 ] ] } },
{ "type": "Feature", "properties": { "P12_001": 10542, "P12_002": "アート&クラフト交流館", "P12_003": "17", "P12_004": "17210", "P12_005": "‐", "P12_006": "白山市吉野春29", "P12_007": -1 }, "geometry": { "type": "MultiPoint", "coordinates": [ [ 136.619752477894622, 36.362116607595397 ] ] } },
{ "type": "Feature", "properties": { "P12_001": 10543, "P12_002": "丸山公園（ホタル観賞）", "P12_003": "17", "P12_004": "17210", "P12_005": "‐", "P12_006": "白山市瀬戸", "P12_007": -1 }, "geometry": { "type": "MultiPoint", "coordinates": [ [ 136.637856532153251, 36.296172563113373 ] ] } },
{ "type": "Feature", "properties": { "P12_001": 10544, "P12_002": "白山市白峰クロスカントリー競技場", "P12_003": "17", "P12_004": "17210", "P12_005": "‐", "P12_006": "白山市白峰6-104", "P12_007": -1 }, "geometry": { "type": "MultiPoint", "coordinates": [ [ 136.602682133173971, 36.154293737366118 ] ] } },
{ "type": "Feature", "properties": { "P12_001": 10545, "P12_002": "道の駅しらやまさん", "P12_003": "17", "P12_004": "17211", "P12_005": "‐", "P12_006": "能美市和佐谷町200", "P12_007": 6 }, "geometry": { "type": "MultiPoint", "coordinates": [ [ 136.630542222745476, 36.436733889257653 ] ] } },
{ "type": "Feature", "properties": { "P12_001": 10546, "P12_002": "能美市立九谷焼美術館", "P12_003": "17", "P12_004": "17211", "P12_005": "‐", "P12_006": "能美市泉台町南1", "P12_007": 2 }, "geometry": { "type": "MultiPoint", "coordinates": [ [ 136.520961874690784, 36.428095367707101 ] ] } },
{ "type": "Feature", "properties": { "P12_001": 10547, "P12_002": "能美市立歴史民俗資料館", "P12_003": "17", "P12_004": "17211", "P12_005": "‐", "P12_006": "能美市寺井町を20", "P12_007": 2 }, "geometry": { "type": "MultiPoint", "coordinates": [ [ 136.505079982255438, 36.442473305898375 ] ] } },
{ "type": "Feature", "properties": { "P12_001": 10548, "P12_002": "松井秀喜ベースボールミュージアム", "P12_003": "17", "P12_004": "17211", "P12_005": "‐", "P12_006": "能美市山口町タ58", "P12_007": 2 }, "geometry": { "type": "MultiPoint", "coordinates": [ [ 136.436519660653857, 36.430986429080463 ] ] } },
{ "type": "Feature", "properties": { "P12_001": 10549, "P12_002": "能美市九谷焼資料館", "P12_003": "17", "P12_004": "17211", "P12_005": "‐", "P12_006": "能美市泉台町南56", "P12_007": 2 }, "geometry": { "type": "MultiPoint", "coordinates": [ [ 136.520639678178668, 36.428960392308284 ] ] } },
{ "type": "Feature", "properties": { "P12_001": 10550, "P12_002": "根上フラワーセンター", "P12_003": "17", "P12_004": "17211", "P12_005": "‐", "P12_006": "能美市西二口町60-1", "P12_007": 2 }, "geometry": { "type": "MultiPoint", "coordinates": [ [ 136.469062193665422, 36.441874133484532 ] ] } },
{ "type": "Feature", "properties": { "P12_001": 10551, "P12_002": "いしかわ動物園", "P12_003": "17", "P12_004": "17211", "P12_005": "‐", "P12_006": "能美市徳山町600", "P12_007": 2 }, "geometry": { "type": "MultiPoint", "coordinates": [ [ 136.545520287731165, 36.433573048357573 ] ] } },
{ "type": "Feature", "properties": { "P12_001": 10552, "P12_002": "辰口温泉", "P12_003": "17", "P12_004": "17211", "P12_005": "‐", "P12_006": "能美市辰口町", "P12_007": 3 }, "geometry": { "type": "MultiPoint", "coordinates": [ [ 136.544979358110936, 36.444601172006514 ] ] } },
{ "type": "Feature", "properties": { "P12_001": 10553, "P12_002": "クアハウス九谷", "P12_003": "17", "P12_004": "17211", "P12_005": "‐", "P12_006": "能美市泉台町東10", "P12_007": 3 }, "geometry": { "type": "MultiPoint", "coordinates": [ [ 136.525833785500822, 36.432697210308049 ] ] } },
{ "type": "Feature", "properties": { "P12_001": 10554, "P12_002": "根上翠ヶ丘いこいの広場", "P12_003": "17", "P12_004": "17211", "P12_005": "‐", "P12_006": "能美市山口町", "P12_007": 4 }, "geometry": { "type": "MultiPoint", "coordinates": [ [ 136.43191500047692, 36.433163000671982 ] ] } },
{ "type": "Feature", "properties": { "P12_001": 10555, "P12_002": "根上パークゴルフ場", "P12_003": "17", "P12_004": "17211", "P12_005": "‐", "P12_006": "能美市道林町ハ23-1", "P12_007": 4 }, "geometry": { "type": "MultiPoint", "coordinates": [ [ 136.442468608539571, 36.440667826958702 ] ] } },
{ "type": "Feature", "properties": { "P12_001": 10556, "P12_002": "根上翠ヶ丘いこいの広場キャンプ場", "P12_003": "17", "P12_004": "17211", "P12_005": "‐", "P12_006": "能美市山口町", "P12_007": 4 }, "geometry": { "type": "MultiPoint", "coordinates": [ [ 136.43191500047692, 36.433163000671982 ] ] } },
{ "type": "Feature", "properties": { "P12_001": 10557, "P12_002": "ふるさと歴史の広場キャンプ場", "P12_003": "17", "P12_004": "17211", "P12_005": "‐", "P12_006": "能美市末寺町ハ62", "P12_007": 4 }, "geometry": { "type": "MultiPoint", "coordinates": [ [ 136.507822999931591, 36.442753000450637 ] ] } },
{ "type": "Feature", "properties": { "P12_001": 10558, "P12_002": "白山カントリークラブ", "P12_003": "17", "P12_004": "17211", "P12_005": "‐", "P12_006": "能美市岩内町レ27", "P12_007": 4 }, "geometry": { "type": "MultiPoint", "coordinates": [ [ 136.564364005594484, 36.448358958599101 ] ] } },
{ "type": "Feature", "properties": { "P12_001": 10559, "P12_002": "和気あいあいの里キャンプ場", "P12_003": "17", "P12_004": "17211", "P12_005": "‐", "P12_006": "能美市和気町ラ90", "P12_007": 4 }, "geometry": { "type": "MultiPoint", "coordinates": [ [ 136.549387913921123, 36.426596957783431 ] ] } },
{ "type": "Feature", "properties": { "P12_001": 10560, "P12_002": "根上グリーンビーチ", "P12_003": "17", "P12_004": "17211", "P12_005": "‐", "P12_006": "能美市山口町リ37-12", "P12_007": 4 }, "geometry": { "type": "MultiPoint", "coordinates": [ [ 136.431763999808823, 36.435696998817491 ] ] } },
{ "type": "Feature", "properties": { "P12_001": 10561, "P12_002": "辰口丘陵公園", "P12_003": "17", "P12_004": "17211", "P12_005": "‐", "P12_006": "能美市徳山町子1-1", "P12_007": 4 }, "geometry": { "type": "MultiPoint", "coordinates": [ [ 136.546614722191748, 36.437370833197463 ] ] } },
{ "type": "Feature", "properties": { "P12_001": 10562, "P12_002": "物見山運動公園", "P12_003": "17", "P12_004": "17211", "P12_005": "‐", "P12_006": "能美市来丸町ワ42", "P12_007": 4 }, "geometry": { "type": "MultiPoint", "coordinates": [ [ 136.550747701445289, 36.447632999763186 ] ] } },
{ "type": "Feature", "properties": { "P12_001": 10563, "P12_002": "手取フィッシュランド", "P12_003": "17", "P12_004": "17211", "P12_005": "‐", "P12_006": "能美市粟生町ツ58", "P12_007": 4 }, "geometry": { "type": "MultiPoint", "coordinates": [ [ 136.50960934219745, 36.459234525752834 ] ] } },
{ "type": "Feature", "properties": { "P12_001": 10564, "P12_002": "九谷陶芸村", "P12_003": "17", "P12_004": "17211", "P12_005": "‐", "P12_006": "能美市泉台町南22", "P12_007": 2 }, "geometry": { "type": "MultiPoint", "coordinates": [ [ 136.519948805493073, 36.42814734762203 ] ] } },
{ "type": "Feature", "properties": { "P12_001": 10565, "P12_002": "能美市立博物館", "P12_003": "17", "P12_004": "17211", "P12_005": "‐", "P12_006": "能美市倉重戌80", "P12_007": 2 }, "geometry": { "type": "MultiPoint", "coordinates": [ [ 136.543523999632953, 36.451390999495061 ] ] } },
{ "type": "Feature", "properties": { "P12_001": 10566, "P12_002": "根上り七夕まつり", "P12_003": "17", "P12_004": "17211", "P12_005": "‐", "P12_006": "能美市大成町ヌ118", "P12_007": 2 }, "geometry": { "type": "MultiPoint", "coordinates": [ [ 136.463633000862387, 36.447199000433557 ] ] } },
{ "type": "Feature", "properties": { "P12_001": 10567, "P12_002": "九谷茶碗まつり", "P12_003": "17", "P12_004": "17211", "P12_005": "‐", "P12_006": "能美市寺井町ク9-6", "P12_007": 2 }, "geometry": { "type": "MultiPoint", "coordinates": [ [ 136.506004000584198, 36.444460000928359 ] ] } },
{ "type": "Feature", "properties": { "P12_001": 10568, "P12_002": "九谷陶芸村まつり", "P12_003": "17", "P12_004": "17211", "P12_005": "‐", "P12_006": "能美市泉台町南22", "P12_007": 2 }, "geometry": { "type": "MultiPoint", "coordinates": [ [ 136.519948805493073, 36.42814734762203 ] ] } },
{ "type": "Feature", "properties": { "P12_001": 10569, "P12_002": "辰口まつり", "P12_003": "17", "P12_004": "17211", "P12_005": "‐", "P12_006": "能美市来丸町1110（能美市役所周辺）", "P12_007": 2 }, "geometry": { "type": "MultiPoint", "coordinates": [ [ 136.554107180102392, 36.446903491303146 ] ] } },
{ "type": "Feature", "properties": { "P12_001": 10570, "P12_002": "イージードッチボール", "P12_003": "17", "P12_004": "17211", "P12_005": "‐", "P12_006": "能美市辰口町リ1（物見山総合体育館）", "P12_007": 2 }, "geometry": { "type": "MultiPoint", "coordinates": [ [ 136.547691999386302, 36.447861000384933 ] ] } },
{ "type": "Feature", "properties": { "P12_001": 10571, "P12_002": "野々市市ふるさと歴史館", "P12_003": "17", "P12_004": "17212", "P12_005": "‐", "P12_006": "野々市町御経塚1-182", "P12_007": 2 }, "geometry": { "type": "MultiPoint", "coordinates": [ [ 136.599790999854804, 36.545882000653876 ] ] } },
{ "type": "Feature", "properties": { "P12_001": 10572, "P12_002": "野々市市郷土資料館", "P12_003": "17", "P12_004": "17212", "P12_005": "‐", "P12_006": "野々市市本町3-19-24", "P12_007": 2 }, "geometry": { "type": "MultiPoint", "coordinates": [ [ 136.614974000349889, 36.531837001376573 ] ] } },
{ "type": "Feature", "properties": { "P12_001": 10573, "P12_002": "喜多記念館", "P12_003": "17", "P12_004": "17212", "P12_005": "‐", "P12_006": "野々市町本町3-8-11", "P12_007": 2 }, "geometry": { "type": "MultiPoint", "coordinates": [ [ 136.61566704489826, 36.532195910013286 ] ] } },
{ "type": "Feature", "properties": { "P12_001": 10574, "P12_002": "野々市じょんからまつり", "P12_003": "17", "P12_004": "17212", "P12_005": "‐", "P12_006": "野々市市本町5-4-1（野々市市文化会館フォルテ）", "P12_007": 1 }, "geometry": { "type": "MultiPoint", "coordinates": [ [ 136.607834001138258, 36.531895220787874 ] ] } },
{ "type": "Feature", "properties": { "P12_001": 10575, "P12_002": "花と緑ののいち椿まつり", "P12_003": "17", "P12_004": "17212", "P12_005": "‐", "P12_006": "野々市町本町5-4-1（野々市市文化会館フォルテ）", "P12_007": 1 }, "geometry": { "type": "MultiPoint", "coordinates": [ [ 136.607834001138258, 36.531895220787874 ] ] } },
{ "type": "Feature", "properties": { "P12_001": 10576, "P12_002": "川北温泉", "P12_003": "17", "P12_004": "17324", "P12_005": "‐", "P12_006": "川北町壱ッ屋100", "P12_007": 3 }, "geometry": { "type": "MultiPoint", "coordinates": [ [ 136.541377413237115, 36.469735041439037 ] ] } },
{ "type": "Feature", "properties": { "P12_001": 10577, "P12_002": "川北まつり　〜手取の火まつり〜", "P12_003": "17", "P12_004": "17324", "P12_005": "‐", "P12_006": "川北町山田先出地先", "P12_007": 2 }, "geometry": { "type": "MultiPoint", "coordinates": [ [ 136.544884001195783, 36.464924000342421 ] ] } },
{ "type": "Feature", "properties": { "P12_001": 10578, "P12_002": "木窪大滝", "P12_003": "17", "P12_004": "17361", "P12_005": "‐", "P12_006": "津幡町字牛首", "P12_007": 1 }, "geometry": { "type": "MultiPoint", "coordinates": [ [ 136.836213999176834, 36.745767999493637 ] ] } },
{ "type": "Feature", "properties": { "P12_001": 10579, "P12_002": "倶利迦羅不動寺（山頂堂、鳳凰殿）", "P12_003": "17", "P12_004": "17361", "P12_005": "‐", "P12_006": "津幡町字（倶利伽羅リ2、竹橋ク128）", "P12_007": 2 }, "geometry": { "type": "MultiPoint", "coordinates": [ [ 136.815446013622704, 36.663472966304425 ] ] } },
{ "type": "Feature", "properties": { "P12_001": 10580, "P12_002": "石川ゴルフ倶楽部", "P12_003": "17", "P12_004": "17361", "P12_005": "‐", "P12_006": "津幡町字大坪井1", "P12_007": 4 }, "geometry": { "type": "MultiPoint", "coordinates": [ [ 136.754276267535829, 36.646209524549988 ] ] } },
{ "type": "Feature", "properties": { "P12_001": 10581, "P12_002": "三国山キャンプ場", "P12_003": "17", "P12_004": "17361", "P12_005": "‐", "P12_006": "津幡町字下河合ム123", "P12_007": 4 }, "geometry": { "type": "MultiPoint", "coordinates": [ [ 136.791517385019347, 36.730210130992816 ] ] } },
{ "type": "Feature", "properties": { "P12_001": 10582, "P12_002": "倶利伽羅公園", "P12_003": "17", "P12_004": "17361", "P12_005": "‐", "P12_006": "津幡町字倶利伽羅ヌ3", "P12_007": 4 }, "geometry": { "type": "MultiPoint", "coordinates": [ [ 136.815688999647705, 36.663506000201778 ] ] } },
{ "type": "Feature", "properties": { "P12_001": 10583, "P12_002": "石川県森林公園", "P12_003": "17", "P12_004": "17361", "P12_005": "‐", "P12_006": "津幡町字鳥越ハ2-2", "P12_007": 4 }, "geometry": { "type": "MultiPoint", "coordinates": [ [ 136.762718685618893, 36.690567508883476 ] ] } },
{ "type": "Feature", "properties": { "P12_001": 10584, "P12_002": "道の駅倶利伽羅源平の郷竹橋口", "P12_003": "17", "P12_004": "17361", "P12_005": "‐", "P12_006": "津幡町字竹橋西239-14", "P12_007": 6 }, "geometry": { "type": "MultiPoint", "coordinates": [ [ 136.767620121171717, 36.663291132379925 ] ] } },
{ "type": "Feature", "properties": { "P12_001": 10585, "P12_002": "道の駅　倶利伽羅塾", "P12_003": "17", "P12_004": "17361", "P12_005": "‐", "P12_006": "津幡町字竹橋西270", "P12_007": 6 }, "geometry": { "type": "MultiPoint", "coordinates": [ [ 136.768363999898725, 36.662632000366557 ] ] } },
{ "type": "Feature", "properties": { "P12_001": 10586, "P12_002": "河北潟干拓地ひまわり村", "P12_003": "17", "P12_004": "17361", "P12_005": "‐", "P12_006": "津幡町字湖東243", "P12_007": 1 }, "geometry": { "type": "MultiPoint", "coordinates": [ [ 136.695694000477829, 36.675952999531376 ] ] } },
{ "type": "Feature", "properties": { "P12_001": 10587, "P12_002": "つばた町民八朔まつり", "P12_003": "17", "P12_004": "17361", "P12_005": "‐", "P12_006": "津幡町字庄（津幡町住吉公園）", "P12_007": 1 }, "geometry": { "type": "MultiPoint", "coordinates": [ [ 136.725661000155128, 36.673370000025557 ] ] } },
{ "type": "Feature", "properties": { "P12_001": 10588, "P12_002": "笠野祭り", "P12_003": "17", "P12_004": "17361", "P12_005": "‐", "P12_006": "津幡町（笠野ふれあい公園）", "P12_007": 1 }, "geometry": { "type": "MultiPoint", "coordinates": [ [ 136.778467321909488, 36.693020573440776 ] ] } },
{ "type": "Feature", "properties": { "P12_001": 10589, "P12_002": "倶利伽羅さん八重桜まつり", "P12_003": "17", "P12_004": "17361", "P12_005": "‐", "P12_006": "津幡町字倶利伽羅リ2", "P12_007": 1 }, "geometry": { "type": "MultiPoint", "coordinates": [ [ 136.815446013622704, 36.663472966304425 ] ] } },
{ "type": "Feature", "properties": { "P12_001": 10590, "P12_002": "歴史民俗資料館風と砂の館", "P12_003": "17", "P12_004": "17365", "P12_005": "‐", "P12_006": "内灘町字宮坂に455", "P12_007": 2 }, "geometry": { "type": "MultiPoint", "coordinates": [ [ 136.653264135631389, 36.662628436353316 ] ] } },
{ "type": "Feature", "properties": { "P12_001": 10591, "P12_002": "内灘町サイクリングターミナル", "P12_003": "17", "P12_004": "17365", "P12_005": "‐", "P12_006": "内灘町字宮さに1-3", "P12_007": 4 }, "geometry": { "type": "MultiPoint", "coordinates": [ [ 136.652343401626695, 36.665656866471238 ] ] } },
{ "type": "Feature", "properties": { "P12_001": 10592, "P12_002": "内灘海水浴場", "P12_003": "17", "P12_004": "17365", "P12_005": "‐", "P12_006": "内灘町字千鳥台5-80地先", "P12_007": 4 }, "geometry": { "type": "MultiPoint", "coordinates": [ [ 136.624720999274814, 36.64313200044154 ] ] } },
{ "type": "Feature", "properties": { "P12_001": 10593, "P12_002": "権現森海水浴場", "P12_003": "17", "P12_004": "17365", "P12_005": "‐", "P12_006": "内灘町字宮坂ぬ365-3", "P12_007": 4 }, "geometry": { "type": "MultiPoint", "coordinates": [ [ 136.649856000054456, 36.674591999721088 ] ] } },
{ "type": "Feature", "properties": { "P12_001": 10594, "P12_002": "西荒屋海水浴場", "P12_003": "17", "P12_004": "17365", "P12_005": "‐", "P12_006": "内灘町字西荒屋へ72-3地先", "P12_007": 4 }, "geometry": { "type": "MultiPoint", "coordinates": [ [ 136.660708743313876, 36.688022513828003 ] ] } },
{ "type": "Feature", "properties": { "P12_001": 10595, "P12_002": "道の駅内灘サンセットパーク", "P12_003": "17", "P12_004": "17365", "P12_005": "‐", "P12_006": "内灘町字大学1-4-1", "P12_007": 6 }, "geometry": { "type": "MultiPoint", "coordinates": [ [ 136.649034400117557, 36.659278438349304 ] ] } },
{ "type": "Feature", "properties": { "P12_001": 10596, "P12_002": "町民夏まつり", "P12_003": "17", "P12_004": "17365", "P12_005": "‐", "P12_006": "内灘町鶴ケ丘2-743（内灘町総合グラウンド）", "P12_007": 1 }, "geometry": { "type": "MultiPoint", "coordinates": [ [ 136.645780000047012, 36.644777999904818 ] ] } },
{ "type": "Feature", "properties": { "P12_001": 10597, "P12_002": "世界の凧の祭典", "P12_003": "17", "P12_004": "17365", "P12_005": "‐", "P12_006": "内灘町千鳥台5-80地先（内灘海水浴場特設会場）", "P12_007": 1 }, "geometry": { "type": "MultiPoint", "coordinates": [ [ 136.624720999274814, 36.64313200044154 ] ] } },
{ "type": "Feature", "properties": { "P12_001": 10598, "P12_002": "巌門", "P12_003": "17", "P12_004": "17384", "P12_005": "‐", "P12_006": "志賀町富来牛下巌門", "P12_007": 1 }, "geometry": { "type": "MultiPoint", "coordinates": [ [ 136.72638200012932, 37.094007000322847 ] ] } },
{ "type": "Feature", "properties": { "P12_001": 10599, "P12_002": "旧福浦灯台", "P12_003": "17", "P12_004": "17384", "P12_005": "‐", "P12_006": "志賀町福浦港", "P12_007": 1 }, "geometry": { "type": "MultiPoint", "coordinates": [ [ 136.718855000158214, 37.077686999555453 ] ] } },
{ "type": "Feature", "properties": { "P12_001": 10600, "P12_002": "松尾神社", "P12_003": "17", "P12_004": "17384", "P12_005": "‐", "P12_006": "志賀町町居力4", "P12_007": 2 }, "geometry": { "type": "MultiPoint", "coordinates": [ [ 136.772277999630091, 37.104866001065147 ] ] } },
{ "type": "Feature", "properties": { "P12_001": 10601, "P12_002": "平家", "P12_003": "17", "P12_004": "17384", "P12_005": "‐", "P12_006": "志賀町町30-63", "P12_007": 2 }, "geometry": { "type": "MultiPoint", "coordinates": [ [ 136.759609691534138, 37.007726479393568 ] ] } },
{ "type": "Feature", "properties": { "P12_001": 10602, "P12_002": "花のミュージアム・フローリィ", "P12_003": "17", "P12_004": "17384", "P12_005": "‐", "P12_006": "志賀町赤住14-54-1", "P12_007": 2 }, "geometry": { "type": "MultiPoint", "coordinates": [ [ 136.728762999313062, 37.055849000630928 ] ] } },
{ "type": "Feature", "properties": { "P12_001": 10603, "P12_002": "能登原子力センター", "P12_003": "17", "P12_004": "17384", "P12_005": "‐", "P12_006": "志賀町安部屋亥34-1", "P12_007": 2 }, "geometry": { "type": "MultiPoint", "coordinates": [ [ 136.763096822660259, 37.026212223915081 ] ] } },
{ "type": "Feature", "properties": { "P12_001": 10604, "P12_002": "アリス館志賀", "P12_003": "17", "P12_004": "17384", "P12_005": "‐", "P12_006": "志賀町赤住ヌ21", "P12_007": 2 }, "geometry": { "type": "MultiPoint", "coordinates": [ [ 136.737438073808107, 37.059652661641053 ] ] } },
{ "type": "Feature", "properties": { "P12_001": 10605, "P12_002": "渤海温泉", "P12_003": "17", "P12_004": "17384", "P12_005": "‐", "P12_006": "志賀町富来領家町甲59", "P12_007": 3 }, "geometry": { "type": "MultiPoint", "coordinates": [ [ 136.72456491633784, 37.14093247175623 ] ] } },
{ "type": "Feature", "properties": { "P12_001": 10606, "P12_002": "アクアパーク　シ・オン", "P12_003": "17", "P12_004": "17384", "P12_005": "‐", "P12_006": "志賀町末吉新保向22-1", "P12_007": 3 }, "geometry": { "type": "MultiPoint", "coordinates": [ [ 136.779609218990345, 37.0076604790479 ] ] } },
{ "type": "Feature", "properties": { "P12_001": 10607, "P12_002": "能登ゴルフ倶楽部", "P12_003": "17", "P12_004": "17384", "P12_005": "‐", "P12_006": "志賀町大津峰山5", "P12_007": 4 }, "geometry": { "type": "MultiPoint", "coordinates": [ [ 136.768785834099049, 37.030553055379244 ] ] } },
{ "type": "Feature", "properties": { "P12_001": 10608, "P12_002": "志賀の郷スポーツセンター", "P12_003": "17", "P12_004": "17384", "P12_005": "‐", "P12_006": "志賀町", "P12_007": 4 }, "geometry": { "type": "MultiPoint", "coordinates": [ [ 136.768300000544627, 37.017871000246544 ] ] } },
{ "type": "Feature", "properties": { "P12_001": 10609, "P12_002": "能登リゾートエリア", "P12_003": "17", "P12_004": "17384", "P12_005": "‐", "P12_006": "志賀町相神イ-3-1", "P12_007": 4 }, "geometry": { "type": "MultiPoint", "coordinates": [ [ 136.707682874365219, 37.150243672707404 ] ] } },
{ "type": "Feature", "properties": { "P12_001": 10610, "P12_002": "大島キャンプ場", "P12_003": "17", "P12_004": "17384", "P12_005": "‐", "P12_006": "志賀町大島11-1-40", "P12_007": 4 }, "geometry": { "type": "MultiPoint", "coordinates": [ [ 136.773042821768854, 36.983120607330193 ] ] } },
{ "type": "Feature", "properties": { "P12_001": 10611, "P12_002": "増穂浦海水浴場", "P12_003": "17", "P12_004": "17384", "P12_005": "‐", "P12_006": "志賀町相神イ3-1", "P12_007": 4 }, "geometry": { "type": "MultiPoint", "coordinates": [ [ 136.710997999358256, 37.148962999442915 ] ] } },
{ "type": "Feature", "properties": { "P12_001": 10612, "P12_002": "大島海水浴場", "P12_003": "17", "P12_004": "17384", "P12_005": "‐", "P12_006": "志賀町大島", "P12_007": 4 }, "geometry": { "type": "MultiPoint", "coordinates": [ [ 136.768412000313674, 36.985285999449388 ] ] } },
{ "type": "Feature", "properties": { "P12_001": 10613, "P12_002": "能登金剛センター", "P12_003": "17", "P12_004": "17384", "P12_005": "‐", "P12_006": "志賀町富来牛下ル1-1", "P12_007": 5 }, "geometry": { "type": "MultiPoint", "coordinates": [ [ 136.727744823764624, 37.09448807376566 ] ] } },
{ "type": "Feature", "properties": { "P12_001": 10614, "P12_002": "レストラン巌門", "P12_003": "17", "P12_004": "17384", "P12_005": "‐", "P12_006": "志賀町富来牛下リ37", "P12_007": 5 }, "geometry": { "type": "MultiPoint", "coordinates": [ [ 136.728825052534262, 37.096399591767806 ] ] } },
{ "type": "Feature", "properties": { "P12_001": 10615, "P12_002": "道の駅　旬菜館", "P12_003": "17", "P12_004": "17384", "P12_005": "‐", "P12_006": "志賀町末吉新保向10", "P12_007": 5 }, "geometry": { "type": "MultiPoint", "coordinates": [ [ 136.779609218990345, 37.0076604790479 ] ] } },
{ "type": "Feature", "properties": { "P12_001": 10616, "P12_002": "道の駅　とぎ海街道", "P12_003": "17", "P12_004": "17384", "P12_005": "‐", "P12_006": "志賀町富来領家町タ2-11", "P12_007": 6 }, "geometry": { "type": "MultiPoint", "coordinates": [ [ 136.724855828133968, 37.140185087471878 ] ] } },
{ "type": "Feature", "properties": { "P12_001": 10617, "P12_002": "八朔祭り", "P12_003": "17", "P12_004": "17384", "P12_005": "‐", "P12_006": "志賀町", "P12_007": 1 }, "geometry": { "type": "MultiPoint", "coordinates": [ [ 136.778024131508573, 37.006227704345122 ] ] } },
{ "type": "Feature", "properties": { "P12_001": 10618, "P12_002": "西海祭り", "P12_003": "17", "P12_004": "17384", "P12_005": "‐", "P12_006": "志賀町西海風無（ほか）地内", "P12_007": 1 }, "geometry": { "type": "MultiPoint", "coordinates": [ [ 136.778024131508573, 37.006227704345122 ] ] } },
{ "type": "Feature", "properties": { "P12_001": 10619, "P12_002": "西能登やっちゃ祭り", "P12_003": "17", "P12_004": "17384", "P12_005": "‐", "P12_006": "志賀町高浜町（志賀町柴木総合公園）", "P12_007": 1 }, "geometry": { "type": "MultiPoint", "coordinates": [ [ 136.775567000216938, 37.009408000279052 ] ] } },
{ "type": "Feature", "properties": { "P12_001": 10620, "P12_002": "堀松綱引き祭り", "P12_003": "17", "P12_004": "17384", "P12_005": "‐", "P12_006": "志賀町堀松ソ（堀松住吉神社境内）", "P12_007": 1 }, "geometry": { "type": "MultiPoint", "coordinates": [ [ 136.780638413931683, 37.018659696687678 ] ] } },
{ "type": "Feature", "properties": { "P12_001": 10621, "P12_002": "志賀町を描く美術展", "P12_003": "17", "P12_004": "17384", "P12_005": "‐", "P12_006": "志賀町富来領家町甲10", "P12_007": 1 }, "geometry": { "type": "MultiPoint", "coordinates": [ [ 136.725432000386604, 37.144259999299607 ] ] } },
{ "type": "Feature", "properties": { "P12_001": 10622, "P12_002": "ふるさと夏まつりｉｎ増穂浦", "P12_003": "17", "P12_004": "17384", "P12_005": "‐", "P12_006": "志賀町", "P12_007": 1 }, "geometry": { "type": "MultiPoint", "coordinates": [ [ 136.778024131508573, 37.006227704345122 ] ] } },
{ "type": "Feature", "properties": { "P12_001": 10623, "P12_002": "志賀の太鼓", "P12_003": "17", "P12_004": "17384", "P12_005": "‐", "P12_006": "志賀町", "P12_007": 1 }, "geometry": { "type": "MultiPoint", "coordinates": [ [ 136.778024131508573, 37.006227704345122 ] ] } },
{ "type": "Feature", "properties": { "P12_001": 10624, "P12_002": "宝達山", "P12_003": "17", "P12_004": "17386", "P12_005": "‐", "P12_006": "宝達志水町上田出外、紺屋町外", "P12_007": 1 }, "geometry": { "type": "MultiPoint", "coordinates": [ [ 136.813037999703965, 36.781932000761287 ] ] } },
{ "type": "Feature", "properties": { "P12_001": 10625, "P12_002": "岡部家", "P12_003": "17", "P12_004": "17386", "P12_005": "‐", "P12_006": "宝達志水町荻谷ニ", "P12_007": 2 }, "geometry": { "type": "MultiPoint", "coordinates": [ [ 136.78901064262709, 36.855455740989726 ] ] } },
{ "type": "Feature", "properties": { "P12_001": 10626, "P12_002": "喜多家", "P12_003": "17", "P12_004": "17386", "P12_005": "‐", "P12_006": "宝達志水町北川尻ラ4", "P12_007": 2 }, "geometry": { "type": "MultiPoint", "coordinates": [ [ 136.741961797698877, 36.8044887117847 ] ] } },
{ "type": "Feature", "properties": { "P12_001": 10627, "P12_002": "志乎・桜の里温泉古墳の湯", "P12_003": "17", "P12_004": "17386", "P12_005": "‐", "P12_006": "宝達志水町石坂リ16-1", "P12_007": 3 }, "geometry": { "type": "MultiPoint", "coordinates": [ [ 136.816103939645132, 36.856126298889649 ] ] } },
{ "type": "Feature", "properties": { "P12_001": 10628, "P12_002": "能登カントリークラブ", "P12_003": "17", "P12_004": "17386", "P12_005": "‐", "P12_006": "宝達志水町米出ワ1", "P12_007": 4 }, "geometry": { "type": "MultiPoint", "coordinates": [ [ 136.747844975465341, 36.815635565728826 ] ] } },
{ "type": "Feature", "properties": { "P12_001": 10629, "P12_002": "千里浜カントリークラブ", "P12_003": "17", "P12_004": "17386", "P12_005": "‐", "P12_006": "宝達志水町宿2甲36-1", "P12_007": 4 }, "geometry": { "type": "MultiPoint", "coordinates": [ [ 136.758593470212531, 36.844212957262243 ] ] } },
{ "type": "Feature", "properties": { "P12_001": 10630, "P12_002": "旧出浜海水浴場", "P12_003": "17", "P12_004": "17386", "P12_005": "‐", "P12_006": "宝達志水町出浜", "P12_007": 4 }, "geometry": { "type": "MultiPoint", "coordinates": [ [ 136.754723000366198, 36.854127000760514 ] ] } },
{ "type": "Feature", "properties": { "P12_001": 10631, "P12_002": "今浜海水浴場", "P12_003": "17", "P12_004": "17386", "P12_005": "‐", "P12_006": "宝達志水町今浜", "P12_007": 4 }, "geometry": { "type": "MultiPoint", "coordinates": [ [ 136.748929000273165, 36.837172000387568 ] ] } },
{ "type": "Feature", "properties": { "P12_001": 10632, "P12_002": "やわらぎの郷", "P12_003": "17", "P12_004": "17386", "P12_005": "‐", "P12_006": "宝達志水町敷浪5-10", "P12_007": 4 }, "geometry": { "type": "MultiPoint", "coordinates": [ [ 136.765906000761333, 36.849912000638369 ] ] } },
{ "type": "Feature", "properties": { "P12_001": 10633, "P12_002": "モーゼパーク", "P12_003": "17", "P12_004": "17386", "P12_005": "‐", "P12_006": "宝達志水町河原", "P12_007": 4 }, "geometry": { "type": "MultiPoint", "coordinates": [ [ 136.778888000480947, 36.814611999644114 ] ] } },
{ "type": "Feature", "properties": { "P12_001": 10634, "P12_002": "蓮華山大相撲", "P12_003": "17", "P12_004": "17386", "P12_005": "‐", "P12_006": "宝達志水町子浦（蓮華山相撲場）", "P12_007": 1 }, "geometry": { "type": "MultiPoint", "coordinates": [ [ 136.797622875195543, 36.862774240338979 ] ] } },
{ "type": "Feature", "properties": { "P12_001": 10635, "P12_002": "ＹＯＳＡＫＯＩソーラン日本海大祭", "P12_003": "17", "P12_004": "17386", "P12_005": "‐", "P12_006": "宝達志水町", "P12_007": 1 }, "geometry": { "type": "MultiPoint", "coordinates": [ [ 136.797622875195543, 36.862774240338979 ] ] } },
{ "type": "Feature", "properties": { "P12_001": 10636, "P12_002": "眉丈ヶ丘", "P12_003": "17", "P12_004": "17407", "P12_005": "‐", "P12_006": "中能登町花見月地内", "P12_007": 1 }, "geometry": { "type": "MultiPoint", "coordinates": [ [ 136.851419999833183, 37.005933999254694 ] ] } },
{ "type": "Feature", "properties": { "P12_001": 10637, "P12_002": "石動山", "P12_003": "17", "P12_004": "17407", "P12_005": "‐", "P12_006": "中能登町石動山地内", "P12_007": 2 }, "geometry": { "type": "MultiPoint", "coordinates": [ [ 136.970994000272981, 36.965567000216936 ] ] } },
{ "type": "Feature", "properties": { "P12_001": 10638, "P12_002": "碁石ヶ峰県立自然公園", "P12_003": "17", "P12_004": "17407", "P12_005": "‐", "P12_006": "中能登町高畠原山", "P12_007": 1 }, "geometry": { "type": "MultiPoint", "coordinates": [ [ 136.891030999980785, 36.920344999422241 ] ] } },
{ "type": "Feature", "properties": { "P12_001": 10639, "P12_002": "雨の宮古墳群", "P12_003": "17", "P12_004": "17407", "P12_005": "‐", "P12_006": "中能登町西馬場地内、能登部上地内", "P12_007": 2 }, "geometry": { "type": "MultiPoint", "coordinates": [ [ 136.871848000285013, 36.975757000685064 ] ] } },
{ "type": "Feature", "properties": { "P12_001": 10640, "P12_002": "古墳公園「とりや」", "P12_003": "17", "P12_004": "17407", "P12_005": "‐", "P12_006": "中能登町川田ホ", "P12_007": 2 }, "geometry": { "type": "MultiPoint", "coordinates": [ [ 136.913474999871369, 37.013496999087295 ] ] } },
{ "type": "Feature", "properties": { "P12_001": 10641, "P12_002": "大宮坊", "P12_003": "17", "P12_004": "17407", "P12_005": "‐", "P12_006": "中能登町石動山地内", "P12_007": 2 }, "geometry": { "type": "MultiPoint", "coordinates": [ [ 136.975307000417843, 36.962585998545023 ] ] } },
{ "type": "Feature", "properties": { "P12_001": 10642, "P12_002": "ふるさと創修館", "P12_003": "17", "P12_004": "17407", "P12_005": "‐", "P12_006": "中能登町一青こ部19-1", "P12_007": 2 }, "geometry": { "type": "MultiPoint", "coordinates": [ [ 136.899444583101058, 36.987835801381209 ] ] } },
{ "type": "Feature", "properties": { "P12_001": 10643, "P12_002": "能登王墓の館", "P12_003": "17", "P12_004": "17407", "P12_005": "‐", "P12_006": "中能登町西馬場7-12", "P12_007": 2 }, "geometry": { "type": "MultiPoint", "coordinates": [ [ 136.871928001276274, 36.977134000333876 ] ] } },
{ "type": "Feature", "properties": { "P12_001": 10644, "P12_002": "能登上布会館", "P12_003": "17", "P12_004": "17407", "P12_005": "‐", "P12_006": "中能登町能登部下134-1", "P12_007": 2 }, "geometry": { "type": "MultiPoint", "coordinates": [ [ 136.864718077077669, 36.955046432347046 ] ] } },
{ "type": "Feature", "properties": { "P12_001": 10645, "P12_002": "中能登町織物デザインセンター", "P12_003": "17", "P12_004": "17407", "P12_005": "‐", "P12_006": "中能登町能登部下134-1", "P12_007": 2 }, "geometry": { "type": "MultiPoint", "coordinates": [ [ 136.864524538476758, 36.955258228984121 ] ] } },
{ "type": "Feature", "properties": { "P12_001": 10646, "P12_002": "スポーツセンターろくせい", "P12_003": "17", "P12_004": "17407", "P12_005": "‐", "P12_006": "中能登町能登部下134-17", "P12_007": 4 }, "geometry": { "type": "MultiPoint", "coordinates": [ [ 136.866880656117473, 36.956630797673199 ] ] } },
{ "type": "Feature", "properties": { "P12_001": 10647, "P12_002": "ラピア鹿島", "P12_003": "17", "P12_004": "17407", "P12_005": "‐", "P12_006": "中能登町井田に50", "P12_007": 4 }, "geometry": { "type": "MultiPoint", "coordinates": [ [ 136.911178999211529, 36.968627165611281 ] ] } },
{ "type": "Feature", "properties": { "P12_001": 10648, "P12_002": "織姫夏ものがたり", "P12_003": "17", "P12_004": "17407", "P12_005": "‐", "P12_006": "中能登町井田ほ-25（レクトピアパーク）", "P12_007": 1 }, "geometry": { "type": "MultiPoint", "coordinates": [ [ 136.910450944955187, 36.967651621525192 ] ] } },
{ "type": "Feature", "properties": { "P12_001": 10649, "P12_002": "来迎寺", "P12_003": "17", "P12_004": "17461", "P12_005": "‐", "P12_006": "穴水町字大町ヨ109", "P12_007": 2 }, "geometry": { "type": "MultiPoint", "coordinates": [ [ 136.896259051314246, 37.22867403577817 ] ] } },
{ "type": "Feature", "properties": { "P12_001": 10650, "P12_002": "歴史民俗資料館", "P12_003": "17", "P12_004": "17461", "P12_005": "‐", "P12_006": "穴水町字川島ウ25", "P12_007": 2 }, "geometry": { "type": "MultiPoint", "coordinates": [ [ 136.915894325462773, 37.228085488854276 ] ] } },
{ "type": "Feature", "properties": { "P12_001": 10651, "P12_002": "能登中居鋳物館", "P12_003": "17", "P12_004": "17461", "P12_005": "‐", "P12_006": "穴水町字中居ロ110", "P12_007": 2 }, "geometry": { "type": "MultiPoint", "coordinates": [ [ 136.946499460681594, 37.232361611399313 ] ] } },
{ "type": "Feature", "properties": { "P12_001": 10652, "P12_002": "能登ワインギャラリー", "P12_003": "17", "P12_004": "17461", "P12_005": "‐", "P12_006": "穴水町字旭ヶ丘リ5-1", "P12_007": 2 }, "geometry": { "type": "MultiPoint", "coordinates": [ [ 136.996477000013556, 37.231632000416539 ] ] } },
{ "type": "Feature", "properties": { "P12_001": 10653, "P12_002": "二子山温泉", "P12_003": "17", "P12_004": "17461", "P12_005": "‐", "P12_006": "穴水町前波ニ171-1", "P12_007": 3 }, "geometry": { "type": "MultiPoint", "coordinates": [ [ 137.066576999628865, 37.216318999322425 ] ] } },
{ "type": "Feature", "properties": { "P12_001": 10654, "P12_002": "ザ・カントリークラブ能登", "P12_003": "17", "P12_004": "17461", "P12_005": "‐", "P12_006": "穴水町字麦ヶ浦11-1", "P12_007": 4 }, "geometry": { "type": "MultiPoint", "coordinates": [ [ 136.92645374674305, 37.259201523531544 ] ] } },
{ "type": "Feature", "properties": { "P12_001": 10655, "P12_002": "親子ふれあいの村キャンプの森", "P12_003": "17", "P12_004": "17461", "P12_005": "‐", "P12_006": "穴水町字内浦5-28-3", "P12_007": 4 }, "geometry": { "type": "MultiPoint", "coordinates": [ [ 136.921463999564025, 37.222499000128778 ] ] } },
{ "type": "Feature", "properties": { "P12_001": 10656, "P12_002": "ぼら待ち市場", "P12_003": "17", "P12_004": "17461", "P12_005": "‐", "P12_006": "穴水町字根木ホ165", "P12_007": 5 }, "geometry": { "type": "MultiPoint", "coordinates": [ [ 136.907075388218686, 37.191980895901679 ] ] } },
{ "type": "Feature", "properties": { "P12_001": 10657, "P12_002": "とうりゅう", "P12_003": "17", "P12_004": "17461", "P12_005": "‐", "P12_006": "穴水町根木ロ160", "P12_007": 1 }, "geometry": { "type": "MultiPoint", "coordinates": [ [ 136.910956043786427, 37.192898647754419 ] ] } },
{ "type": "Feature", "properties": { "P12_001": 10658, "P12_002": "長谷部まつり", "P12_003": "17", "P12_004": "17461", "P12_005": "‐", "P12_006": "穴水町字大町、川島", "P12_007": 1 }, "geometry": { "type": "MultiPoint", "coordinates": [ [ 136.91232892993628, 37.230964523593968 ] ] } },
{ "type": "Feature", "properties": { "P12_001": 10659, "P12_002": "前波曳山祭り", "P12_003": "17", "P12_004": "17461", "P12_005": "‐", "P12_006": "穴水町字前波", "P12_007": 1 }, "geometry": { "type": "MultiPoint", "coordinates": [ [ 136.91232892993628, 37.230964523593968 ] ] } },
{ "type": "Feature", "properties": { "P12_001": 10660, "P12_002": "明千寺キリコ祭り", "P12_003": "17", "P12_004": "17461", "P12_005": "‐", "P12_006": "穴水町字明千寺", "P12_007": 1 }, "geometry": { "type": "MultiPoint", "coordinates": [ [ 136.91232892993628, 37.230964523593968 ] ] } },
{ "type": "Feature", "properties": { "P12_001": 10661, "P12_002": "中居キリコ祭り", "P12_003": "17", "P12_004": "17461", "P12_005": "‐", "P12_006": "穴水町字中居", "P12_007": 1 }, "geometry": { "type": "MultiPoint", "coordinates": [ [ 136.91232892993628, 37.230964523593968 ] ] } },
{ "type": "Feature", "properties": { "P12_001": 10662, "P12_002": "沖波大漁祭り", "P12_003": "17", "P12_004": "17461", "P12_005": "‐", "P12_006": "穴水町字沖波", "P12_007": 1 }, "geometry": { "type": "MultiPoint", "coordinates": [ [ 136.91232892993628, 37.230964523593968 ] ] } },
{ "type": "Feature", "properties": { "P12_001": 10663, "P12_002": "大町・川島祭り", "P12_003": "17", "P12_004": "17461", "P12_005": "‐", "P12_006": "穴水町字大町、川島", "P12_007": 1 }, "geometry": { "type": "MultiPoint", "coordinates": [ [ 136.91232892993628, 37.230964523593968 ] ] } },
{ "type": "Feature", "properties": { "P12_001": 10664, "P12_002": "花見だよｉｎ能登さくら駅", "P12_003": "17", "P12_004": "17461", "P12_005": "‐", "P12_006": "穴水町字曽福イ1", "P12_007": 1 }, "geometry": { "type": "MultiPoint", "coordinates": [ [ 136.898155999399933, 37.180030000384249 ] ] } },
{ "type": "Feature", "properties": { "P12_001": 10665, "P12_002": "雪中ジャンボかきまつり", "P12_003": "17", "P12_004": "17461", "P12_005": "‐", "P12_006": "穴水町字川島（あすなろ広場）", "P12_007": 1 }, "geometry": { "type": "MultiPoint", "coordinates": [ [ 136.913066000795311, 37.226490000713 ] ] } },
{ "type": "Feature", "properties": { "P12_001": 10666, "P12_002": "牛＆能登ワインまつり", "P12_003": "17", "P12_004": "17461", "P12_005": "‐", "P12_006": "穴水町字旭ヶ丘リ5-1（能登ワイン駐車場）", "P12_007": 1 }, "geometry": { "type": "MultiPoint", "coordinates": [ [ 136.996477000013556, 37.231632000416539 ] ] } },
{ "type": "Feature", "properties": { "P12_001": 10667, "P12_002": "奥能登の黒瓦の集落群", "P12_003": "17", "P12_004": "17463", "P12_005": "集落・街", "P12_006": "能登町宮地", "P12_007": -1 }, "geometry": { "type": "MultiPoint", "coordinates": [ [ 137.023435001224357, 37.305623999647935 ] ] } },
{ "type": "Feature", "properties": { "P12_001": 10668, "P12_002": "九十九湾海中公園観光遊覧船（越坂）", "P12_003": "17", "P12_004": "17463", "P12_005": "‐", "P12_006": "能登町字越坂3-63", "P12_007": 1 }, "geometry": { "type": "MultiPoint", "coordinates": [ [ 137.239445999932968, 37.303694999724485 ] ] } },
{ "type": "Feature", "properties": { "P12_001": 10669, "P12_002": "九十九湾遊覧船（市之瀬）", "P12_003": "17", "P12_004": "17463", "P12_005": "‐", "P12_006": "能登町字市之瀬1-83-12", "P12_007": 1 }, "geometry": { "type": "MultiPoint", "coordinates": [ [ 137.230210996740198, 37.311775562991897 ] ] } },
{ "type": "Feature", "properties": { "P12_001": 10670, "P12_002": "のと海洋ふれあいセンター", "P12_003": "17", "P12_004": "17463", "P12_005": "‐", "P12_006": "能登町字越坂3-47", "P12_007": 1 }, "geometry": { "type": "MultiPoint", "coordinates": [ [ 137.240938880824729, 37.304767432271262 ] ] } },
{ "type": "Feature", "properties": { "P12_001": 10671, "P12_002": "羽根万象美術館", "P12_003": "17", "P12_004": "17463", "P12_005": "‐", "P12_006": "能登町字宇出津イ112-5", "P12_007": 2 }, "geometry": { "type": "MultiPoint", "coordinates": [ [ 137.160489966039222, 37.301121850493075 ] ] } },
{ "type": "Feature", "properties": { "P12_001": 10672, "P12_002": "石川県海洋漁業科学館", "P12_003": "17", "P12_004": "17463", "P12_005": "‐", "P12_006": "能登町宇出津新港3-7", "P12_007": 2 }, "geometry": { "type": "MultiPoint", "coordinates": [ [ 137.148904722275233, 37.2970472219518 ] ] } },
{ "type": "Feature", "properties": { "P12_001": 10673, "P12_002": "真脇遺跡縄文館", "P12_003": "17", "P12_004": "17463", "P12_005": "‐", "P12_006": "能登町字真脇48-100", "P12_007": 2 }, "geometry": { "type": "MultiPoint", "coordinates": [ [ 137.209256347002906, 37.305156400747364 ] ] } },
{ "type": "Feature", "properties": { "P12_001": 10674, "P12_002": "柳田植物公園", "P12_003": "17", "P12_004": "17463", "P12_005": "‐", "P12_006": "能登町字上町ロ1-1", "P12_007": 4 }, "geometry": { "type": "MultiPoint", "coordinates": [ [ 137.136218999707125, 37.335128999603683 ] ] } },
{ "type": "Feature", "properties": { "P12_001": 10675, "P12_002": "柳田食産株式会社（喜の実館）", "P12_003": "17", "P12_004": "17463", "P12_005": "‐", "P12_006": "能登町字上町イ46-6", "P12_007": 2 }, "geometry": { "type": "MultiPoint", "coordinates": [ [ 137.134692000335576, 37.335116999949662 ] ] } },
{ "type": "Feature", "properties": { "P12_001": 10676, "P12_002": "中谷家", "P12_003": "17", "P12_004": "17463", "P12_005": "‐", "P12_006": "能登町字黒川28-130", "P12_007": 2 }, "geometry": { "type": "MultiPoint", "coordinates": [ [ 137.042051246368032, 37.36258962830874 ] ] } },
{ "type": "Feature", "properties": { "P12_001": 10677, "P12_002": "縄文真脇温泉", "P12_003": "17", "P12_004": "17463", "P12_005": "‐", "P12_006": "能登町字真脇19-39", "P12_007": 3 }, "geometry": { "type": "MultiPoint", "coordinates": [ [ 137.20800151395872, 37.307345349708157 ] ] } },
{ "type": "Feature", "properties": { "P12_001": 10678, "P12_002": "能登七見健康福祉の郷「なごみ」", "P12_003": "17", "P12_004": "17463", "P12_005": "‐", "P12_006": "能登町字七見ツ100", "P12_007": 3 }, "geometry": { "type": "MultiPoint", "coordinates": [ [ 137.093737000262422, 37.266417001043806 ] ] } },
{ "type": "Feature", "properties": { "P12_001": 10679, "P12_002": "国民宿舎やなぎだ荘（柳田温泉）", "P12_003": "17", "P12_004": "17463", "P12_005": "‐", "P12_006": "能登町柳田知部1", "P12_007": 3 }, "geometry": { "type": "MultiPoint", "coordinates": [ [ 137.090391634666275, 37.366584352985569 ] ] } },
{ "type": "Feature", "properties": { "P12_001": 10680, "P12_002": "能登町立屋内テニスコート（ＷＡＶＥのと）", "P12_003": "17", "P12_004": "17463", "P12_005": "‐", "P12_006": "能登町字藤波23-1-1", "P12_007": 4 }, "geometry": { "type": "MultiPoint", "coordinates": [ [ 137.133395000778705, 37.2948269990668 ] ] } },
{ "type": "Feature", "properties": { "P12_001": 10681, "P12_002": "能都健民テニスコート", "P12_003": "17", "P12_004": "17463", "P12_005": "‐", "P12_006": "能登町字藤波23-1-1", "P12_007": 4 }, "geometry": { "type": "MultiPoint", "coordinates": [ [ 137.133395000778705, 37.2948269990668 ] ] } },
{ "type": "Feature", "properties": { "P12_001": 10682, "P12_002": "のとスポーツピアッツァ", "P12_003": "17", "P12_004": "17463", "P12_005": "‐", "P12_006": "能登町字藤波23-1-1", "P12_007": 4 }, "geometry": { "type": "MultiPoint", "coordinates": [ [ 137.133395000778705, 37.2948269990668 ] ] } },
{ "type": "Feature", "properties": { "P12_001": 10683, "P12_002": "九十九湾園地（キャンプ場）", "P12_003": "17", "P12_004": "17463", "P12_005": "‐", "P12_006": "能登町字越坂3-63", "P12_007": 4 }, "geometry": { "type": "MultiPoint", "coordinates": [ [ 137.239445999932968, 37.303694999724485 ] ] } },
{ "type": "Feature", "properties": { "P12_001": 10684, "P12_002": "赤崎モビレージ（キャンプ場）", "P12_003": "17", "P12_004": "17463", "P12_005": "‐", "P12_006": "能登町字布浦イ64-1", "P12_007": 4 }, "geometry": { "type": "MultiPoint", "coordinates": [ [ 137.262314039161652, 37.355367003884169 ] ] } },
{ "type": "Feature", "properties": { "P12_001": 10685, "P12_002": "五色ヶ浜海水浴場", "P12_003": "17", "P12_004": "17463", "P12_005": "‐", "P12_006": "能登町字新保", "P12_007": 4 }, "geometry": { "type": "MultiPoint", "coordinates": [ [ 137.249995000768763, 37.315824998824667 ] ] } },
{ "type": "Feature", "properties": { "P12_001": 10686, "P12_002": "遠島山公園", "P12_003": "17", "P12_004": "17463", "P12_005": "‐", "P12_006": "能登町字イ112-5", "P12_007": 4 }, "geometry": { "type": "MultiPoint", "coordinates": [ [ 137.160872999889079, 37.300332999368493 ] ] } },
{ "type": "Feature", "properties": { "P12_001": 10687, "P12_002": "星の観察館「満天星」", "P12_003": "17", "P12_004": "17463", "P12_005": "‐", "P12_006": "能登町字上町ロ1-1", "P12_007": 4 }, "geometry": { "type": "MultiPoint", "coordinates": [ [ 137.136759690107624, 37.33538324424137 ] ] } },
{ "type": "Feature", "properties": { "P12_001": 10688, "P12_002": "赤崎いちご園", "P12_003": "17", "P12_004": "17463", "P12_005": "‐", "P12_006": "能登町字布浦", "P12_007": 4 }, "geometry": { "type": "MultiPoint", "coordinates": [ [ 137.265455999694723, 37.356712001157973 ] ] } },
{ "type": "Feature", "properties": { "P12_001": 10689, "P12_002": "Ｈｅａｒｔ＆Ｂｅｅｒ　日本海倶楽部", "P12_003": "17", "P12_004": "17463", "P12_005": "‐", "P12_006": "能登町字立壁92", "P12_007": 5 }, "geometry": { "type": "MultiPoint", "coordinates": [ [ 137.257473000278765, 37.336521999990339 ] ] } },
{ "type": "Feature", "properties": { "P12_001": 10690, "P12_002": "あばれ祭", "P12_003": "17", "P12_004": "17463", "P12_005": "‐", "P12_006": "能登町字宇出津地内", "P12_007": 1 }, "geometry": { "type": "MultiPoint", "coordinates": [ [ 137.150022000415106, 37.306672999459408 ] ] } },
{ "type": "Feature", "properties": { "P12_001": 10691, "P12_002": "にわか祭", "P12_003": "17", "P12_004": "17463", "P12_005": "‐", "P12_006": "能登町字鵜川", "P12_007": 1 }, "geometry": { "type": "MultiPoint", "coordinates": [ [ 137.150022000415106, 37.306672999459408 ] ] } },
{ "type": "Feature", "properties": { "P12_001": 10692, "P12_002": "柳田大祭", "P12_003": "17", "P12_004": "17463", "P12_005": "‐", "P12_006": "能登町字柳田", "P12_007": 1 }, "geometry": { "type": "MultiPoint", "coordinates": [ [ 137.150022000415106, 37.306672999459408 ] ] } },
{ "type": "Feature", "properties": { "P12_001": 10693, "P12_002": "恋路火祭り", "P12_003": "17", "P12_004": "17463", "P12_005": "‐", "P12_006": "能登町字恋路（恋路海岸）", "P12_007": 1 }, "geometry": { "type": "MultiPoint", "coordinates": [ [ 137.239945000461489, 37.371010000411218 ] ] } },
{ "type": "Feature", "properties": { "P12_001": 10694, "P12_002": "とも旗祭り", "P12_003": "17", "P12_004": "17463", "P12_005": "‐", "P12_006": "能登町字小木", "P12_007": 1 }, "geometry": { "type": "MultiPoint", "coordinates": [ [ 137.150022000415106, 37.306672999459408 ] ] } },
{ "type": "Feature", "properties": { "P12_001": 10695, "P12_002": "松波人形キリコ祭り", "P12_003": "17", "P12_004": "17463", "P12_005": "‐", "P12_006": "能登町字松波", "P12_007": 1 }, "geometry": { "type": "MultiPoint", "coordinates": [ [ 137.150022000415106, 37.306672999459408 ] ] } },
{ "type": "Feature", "properties": { "P12_001": 10696, "P12_002": "宇出津港灯りフェスティバル", "P12_003": "17", "P12_004": "17463", "P12_005": "‐", "P12_006": "能登町字宇出津", "P12_007": 1 }, "geometry": { "type": "MultiPoint", "coordinates": [ [ 137.150464000113629, 37.306410999967738 ] ] } },
{ "type": "Feature", "properties": { "P12_001": 10697, "P12_002": "JPTA能登国際女子オープンテニス", "P12_003": "17", "P12_004": "17463", "P12_005": "‐", "P12_006": "能登町字藤波23-1-1", "P12_007": 1 }, "geometry": { "type": "MultiPoint", "coordinates": [ [ 137.133395000778705, 37.2948269990668 ] ] } },
{ "type": "Feature", "properties": { "P12_001": 10698, "P12_002": "光のフェスタ２００８", "P12_003": "17", "P12_004": "17463", "P12_005": "‐", "P12_006": "能登町字上町ロ1-1（柳田植物公園）", "P12_007": 1 }, "geometry": { "type": "MultiPoint", "coordinates": [ [ 137.136720262030508, 37.335823000131427 ] ] } },
{ "type": "Feature", "properties": { "P12_001": 10699, "P12_002": "全国凧あげ能登大会", "P12_003": "17", "P12_004": "17463", "P12_005": "‐", "P12_006": "能登町字上町ロ1-1（柳田植物公園）", "P12_007": 1 }, "geometry": { "type": "MultiPoint", "coordinates": [ [ 137.136720262030508, 37.335823000131427 ] ] } },
{ "type": "Feature", "properties": { "P12_001": 10700, "P12_002": "猿鬼歩こう走ろう健康大会", "P12_003": "17", "P12_004": "17463", "P12_005": "‐", "P12_006": "能登町字柳田（柳田運動公園）", "P12_007": 1 }, "geometry": { "type": "MultiPoint", "coordinates": [ [ 137.092586000243728, 37.368281999614624 ] ] } },
{ "type": "Feature", "properties": { "P12_001": 10701, "P12_002": "夏の終わりの恋路物語一夜", "P12_003": "17", "P12_004": "17463", "P12_005": "‐", "P12_006": "能登町字恋路（恋路海岸）", "P12_007": 1 }, "geometry": { "type": "MultiPoint", "coordinates": [ [ 137.239945000461489, 37.371010000411218 ] ] } },
{ "type": "Feature", "properties": { "P12_001": 10702, "P12_002": "キリコと灯りの祭典", "P12_003": "17", "P12_004": "17463", "P12_005": "‐", "P12_006": "能登町字上町ロ1-1（柳田植物公園）", "P12_007": 1 }, "geometry": { "type": "MultiPoint", "coordinates": [ [ 137.136720262030508, 37.335823000131427 ] ] } },
{ "type": "Feature", "properties": { "P12_001": 10703, "P12_002": "あじさい花灯り回廊", "P12_003": "17", "P12_004": "17463", "P12_005": "‐", "P12_006": "能登町字寺分2-116", "P12_007": 1 }, "geometry": { "type": "MultiPoint", "coordinates": [ [ 137.08773658507539, 37.34862534318512 ] ] } },
{ "type": "Feature", "properties": { "P12_001": 10704, "P12_002": "能登きのこまつり", "P12_003": "17", "P12_004": "17463", "P12_005": "‐", "P12_006": "能登町字上町ロ1-1（柳田植物公園）", "P12_007": 1 }, "geometry": { "type": "MultiPoint", "coordinates": [ [ 137.136720262030508, 37.335823000131427 ] ] } },
{ "type": "Feature", "properties": { "P12_001": 10705, "P12_002": "寒ぶりまつり", "P12_003": "17", "P12_004": "17463", "P12_005": "‐", "P12_006": "能登町字宇出津（宇出津商店街特設会場）", "P12_007": -1 }, "geometry": { "type": "MultiPoint", "coordinates": [ [ 137.150022000415106, 37.306672999459408 ] ] } },
{ "type": "Feature", "properties": { "P12_001": 10706, "P12_002": "恋路海岸", "P12_003": "17", "P12_004": "17463", "P12_005": "‐", "P12_006": "能登町字恋路", "P12_007": 1 }, "geometry": { "type": "MultiPoint", "coordinates": [ [ 137.239945000461489, 37.371010000411218 ] ] } },
{ "type": "Feature", "properties": { "P12_001": 10707, "P12_002": "九十九湾", "P12_003": "17", "P12_004": "17463", "P12_005": "‐", "P12_006": "能登町字越坂", "P12_007": 1 }, "geometry": { "type": "MultiPoint", "coordinates": [ [ 137.236085999669172, 37.306087999461681 ] ] } },
{ "type": "Feature", "properties": { "P12_001": 10708, "P12_002": "真脇遺跡公園", "P12_003": "17", "P12_004": "17463", "P12_005": "‐", "P12_006": "能登町字真脇19-39", "P12_007": 4 }, "geometry": { "type": "MultiPoint", "coordinates": [ [ 137.210243999561044, 37.308145999938006 ] ] } },
{ "type": "Feature", "properties": { "P12_001": 10160, "P12_002": "荒俣峡", "P12_003": "17", "P12_004": "17203", "P12_005": "‐", "P12_006": "小松市赤瀬町", "P12_007": 1 }, "geometry": { "type": "LineString", "coordinates": [ [ 136.486896891033041, 36.306678909141169 ], [ 136.486768443340452, 36.306700317143012 ], [ 136.486561495649795, 36.306628957042754 ], [ 136.486169012385091, 36.306450553827283 ], [ 136.485797937015036, 36.306186518322086 ], [ 136.485598125126899, 36.306029525932118 ], [ 136.485433993225513, 36.305815442666514 ], [ 136.485398313401106, 36.305622767402753 ], [ 136.485455401282536, 36.305401548042425 ], [ 136.485541037407842, 36.305294507892043 ], [ 136.48573370878438, 36.305180330235103 ], [ 136.485933520672546, 36.305094697945378 ], [ 136.486169012385091, 36.305073289943543 ], [ 136.486568631614659, 36.305180330235103 ], [ 136.487046751004669, 36.305373004087031 ], [ 136.487660449667771, 36.305715538469691 ], [ 136.488217064833862, 36.305879666813219 ], [ 136.488716592118493, 36.305936755006364 ] ] } },
{ "type": "Feature", "properties": { "P12_001": 10394, "P12_002": "手取峡谷", "P12_003": "17", "P12_004": "17210", "P12_005": "‐", "P12_006": "白山市釜清水町　から　河原山町地内", "P12_007": 1 }, "geometry": { "type": "LineString", "coordinates": [ [ 136.638020279507032, 36.298139436185281 ], [ 136.638387500043279, 36.298583065502186 ], [ 136.638640570310997, 36.298881108744872 ], [ 136.638715569472396, 36.29896943226494 ], [ 136.63905916654673, 36.299153327075565 ], [ 136.639137209596214, 36.299375005704199 ], [ 136.639249179534801, 36.300280003981968 ], [ 136.639261942105264, 36.300382779699824 ], [ 136.6392541678089, 36.300661385855356 ], [ 136.639043336867246, 36.300845280665975 ], [ 136.638934714150054, 36.300929163839513 ], [ 136.63869166459898, 36.301117499137852 ], [ 136.638640008949523, 36.301193338833514 ], [ 136.638488607791345, 36.30141528966297 ], [ 136.638535555279134, 36.301928602673186 ], [ 136.638824429432617, 36.302891932825148 ], [ 136.639230824296959, 36.303474717330623 ], [ 136.639722496255615, 36.303968886631957 ], [ 136.640425561491668, 36.304380826859777 ], [ 136.640909718481169, 36.304862491300433 ], [ 136.641138602463997, 36.305414718722126 ], [ 136.641229992666354, 36.305635559712023 ], [ 136.641129446442164, 36.306123885590168 ], [ 136.641127503030447, 36.306133059661505 ], [ 136.641401671526523, 36.306750822114047 ], [ 136.64158693445782, 36.307029176963837 ], [ 136.642034444788578, 36.307701104556699 ], [ 136.642404991761111, 36.308308897230518 ], [ 136.643280556383672, 36.309745284460355 ], [ 136.643869449429332, 36.310711106492263 ], [ 136.64407028173855, 36.311088613174668 ], [ 136.644338057826076, 36.311591935511075 ], [ 136.644448321595974, 36.311731385207381 ], [ 136.644607498187213, 36.311933061452123 ], [ 136.644658332173634, 36.3119975075385 ], [ 136.645072220085297, 36.312295006238351 ], [ 136.645776947483967, 36.312709710546955 ], [ 136.646548338386197, 36.31316333053767 ], [ 136.646722500909618, 36.313345004539705 ], [ 136.646931107515229, 36.31356249525701 ], [ 136.647391661665552, 36.314297778721119 ], [ 136.647646935484147, 36.314844162719623 ], [ 136.647782226850438, 36.315133890424796 ], [ 136.647735279362678, 36.315431661325469 ], [ 136.64769861191877, 36.315480838752762 ], [ 136.647360284530009, 36.31593249051128 ], [ 136.647313898566097, 36.31605082812532 ], [ 136.647150835476225, 36.316466663027384 ], [ 136.647141679291991, 36.316489996059424 ], [ 136.647138051958194, 36.316631665293677 ], [ 136.647126110076471, 36.317104450170731 ], [ 136.647266670965934, 36.318055003402371 ], [ 136.647227497774537, 36.31892944459635 ], [ 136.647313057092219, 36.319696103017364 ], [ 136.647307787406646, 36.319729719960314 ], [ 136.647253325112132, 36.320071662503835 ], [ 136.647227216525437, 36.320235010528926 ], [ 136.646446389326627, 36.320893615246803 ], [ 136.646282505547987, 36.321204163208982 ], [ 136.646328890537603, 36.321736388387968 ], [ 136.646289717346207, 36.321988332133941 ], [ 136.646235276973528, 36.322338611251247 ], [ 136.646063338948494, 36.323066941452609 ], [ 136.646063900309969, 36.323126947051271 ], [ 136.646071113244886, 36.323852785655049 ], [ 136.645961670001327, 36.324285837965142 ], [ 136.645912779264222, 36.324478612339369 ], [ 136.645883604867635, 36.324594164977547 ], [ 136.645871101462006, 36.324621664884653 ], [ 136.645647787899918, 36.325111100461179 ], [ 136.64559472941508, 36.325227782422175 ], [ 136.645489994495591, 36.325321950777266 ], [ 136.644913065415892, 36.325841105798837 ], [ 136.644587220647594, 36.326134164152158 ], [ 136.643853058388373, 36.32664722585664 ], [ 136.64352501088112, 36.326995556224993 ], [ 136.643463054402616, 36.327004730296338 ], [ 136.643242787164354, 36.32703750818871 ], [ 136.643092788679184, 36.327059710627289 ], [ 136.642798602133126, 36.327103337727308 ], [ 136.642095558656536, 36.327394991733328 ], [ 136.641681670744873, 36.327800565172581 ], [ 136.641571947388911, 36.327967221538906 ], [ 136.641410568383492, 36.328211667902849 ], [ 136.641376945964367, 36.328262773042823 ], [ 136.641059716803966, 36.32867056602003 ], [ 136.641056671616809, 36.328674713270651 ], [ 136.641058615028527, 36.328694714242715 ], [ 136.641085004701893, 36.328977216484304 ], [ 136.641088070674215, 36.329010561085248 ], [ 136.641098328633859, 36.329041936183337 ], [ 136.641298879694006, 36.329650567766542 ], [ 136.641327212779089, 36.329792216105709 ], [ 136.641556680207628, 36.330943335742532 ], [ 136.641908050279284, 36.332489179610974 ], [ 136.641960828651719, 36.33269305449857 ], [ 136.642345281702831, 36.334174723069637 ], [ 136.642345281702831, 36.33458027561381 ], [ 136.642319173278565, 36.334635821241498 ], [ 136.641978061166583, 36.335359710955146 ], [ 136.641850564719448, 36.335631950322103 ], [ 136.641681390632471, 36.335993057610779 ], [ 136.641629714197848, 36.33641750128745 ], [ 136.64158693445782, 36.336732781421418 ], [ 136.641507227134724, 36.336961665889191 ], [ 136.641347770431111, 36.337185270818672 ], [ 136.64127806287712, 36.337245277829169 ], [ 136.641133052828422, 36.337369437830127 ], [ 136.640820272664854, 36.337553331370103 ], [ 136.639894435254945, 36.337797212296131 ], [ 136.63947111007235, 36.337926105880712 ], [ 136.639176944149085, 36.338065555577025 ], [ 136.639146106615556, 36.33808666765929 ], [ 136.639042214144268, 36.338158066867237 ], [ 136.638858052988439, 36.338284447817969 ], [ 136.638665836287089, 36.338432213051796 ], [ 136.638663893037773, 36.338433888188085 ], [ 136.638502211835714, 36.338558069084129 ], [ 136.638311680355542, 36.338722778254514 ], [ 136.6382322112498, 36.338791664828612 ], [ 136.637999159356838, 36.338955829456168 ], [ 136.637637509403675, 36.339159726650685 ], [ 136.637503881011924, 36.339253328297204 ], [ 136.637281669387647, 36.339408611949331 ], [ 136.636962496815528, 36.33965944472628 ], [ 136.636883070579159, 36.339721944887366 ], [ 136.636484450985478, 36.34002499250267 ], [ 136.636310007375329, 36.340213600001832 ], [ 136.636281933617511, 36.340243886155449 ], [ 136.636043050677472, 36.340497505178902 ], [ 136.635810819473249, 36.340686111266237 ], [ 136.635702780039395, 36.340773618183832 ], [ 136.635675009452484, 36.340796113718319 ], [ 136.635643890669854, 36.340809433628451 ], [ 136.635258055730901, 36.340975001332666 ], [ 136.634908606824354, 36.341134432376599 ], [ 136.634626383107587, 36.341358059612993 ], [ 136.634593602162369, 36.341398335169771 ], [ 136.634443603839571, 36.341582502181218 ], [ 136.634411665504928, 36.341621669310264 ], [ 136.634391668077711, 36.341659725329094 ], [ 136.63419083560612, 36.342039432066194 ], [ 136.634031400986686, 36.342347778561852 ], [ 136.633736933029184, 36.342720825414467 ], [ 136.633667505587596, 36.342790005084467 ], [ 136.633411929734763, 36.343044168509572 ], [ 136.632949173007859, 36.343452779501078 ], [ 136.632927491496162, 36.343471942834398 ], [ 136.632518052743734, 36.343690271190439 ], [ 136.632443053419962, 36.34373027440521 ], [ 136.631891390478756, 36.344008880701921 ], [ 136.63136138680261, 36.34425722301075 ], [ 136.631222769162463, 36.344322213498771 ], [ 136.631074174649342, 36.344377214724815 ], [ 136.630670825946453, 36.344526110693288 ], [ 136.630051397401502, 36.344859444462202 ], [ 136.630025290113906, 36.344873059021261 ], [ 136.629394999378434, 36.345202225915109 ], [ 136.62896582333795, 36.345356672210862 ], [ 136.628438605684096, 36.345605285308686 ], [ 136.62813806959889, 36.345774434825607 ], [ 136.627849712800838, 36.345843886837613 ], [ 136.627242788635812, 36.346097777920711 ], [ 136.626469993761532, 36.346460833958339 ], [ 136.626132508983346, 36.346700566221912 ], [ 136.626071114840613, 36.346744173838673 ], [ 136.625414435568445, 36.347145556684119 ], [ 136.625273895464147, 36.347231388465424 ], [ 136.624759160268354, 36.347520006331031 ], [ 136.624262218786527, 36.34778860091766 ], [ 136.623828614696748, 36.348081114728153 ], [ 136.623753335422975, 36.348131947667298 ], [ 136.623461674110501, 36.348371386693785 ], [ 136.623354434580222, 36.348459710355037 ], [ 136.62325138358284, 36.348634431094318 ], [ 136.623213614363493, 36.348698604979873 ], [ 136.62320916536666, 36.348758339789541 ], [ 136.623197504571635, 36.348920283608507 ], [ 136.623262504938225, 36.349091674970282 ], [ 136.623471111543807, 36.349245826617114 ], [ 136.623722497727073, 36.349340288209291 ], [ 136.623750829675458, 36.349357776406315 ], [ 136.623983320206946, 36.34950139438952 ], [ 136.624004721606212, 36.34951444209883 ], [ 136.624020550148998, 36.349534172281892 ], [ 136.624212787635486, 36.349773068318562 ], [ 136.624303335227268, 36.349944437373424 ], [ 136.624360000260737, 36.350051674474088 ], [ 136.624371942142488, 36.350125001535893 ], [ 136.624445839528448, 36.350583606557166 ], [ 136.62445192974036, 36.350804173934399 ], [ 136.624452209852763, 36.350817223196728 ], [ 136.624433897484323, 36.350866674095492 ], [ 136.624341665970462, 36.351114176083101 ], [ 136.624335554811012, 36.351130828194407 ], [ 136.624317781882212, 36.351170287148712 ], [ 136.624198880420181, 36.351430839669291 ], [ 136.624188320263897, 36.351454171289511 ], [ 136.624133599778816, 36.351611948233412 ], [ 136.624078057630669, 36.35177251001199 ], [ 136.624083607266272, 36.351964174546659 ], [ 136.624084168627746, 36.351981392095873 ], [ 136.624119433236274, 36.352140277326328 ], [ 136.624200565478958, 36.352329177921398 ], [ 136.624317220520709, 36.352453610123177 ], [ 136.624492506903806, 36.35258916373342 ], [ 136.624574717863425, 36.35265250153325 ], [ 136.624691394827011, 36.352861382205298 ], [ 136.62468528366756, 36.35302556772794 ], [ 136.624651380161737, 36.353132783933518 ], [ 136.624630000846679, 36.353199723170491 ], [ 136.62440917208454, 36.353493053724634 ], [ 136.624254444652536, 36.353647498467375 ], [ 136.624034996803942, 36.353866119919324 ], [ 136.623691660193543, 36.354144726216035 ], [ 136.623384991027024, 36.354482772673492 ], [ 136.623285007138634, 36.35458668039665 ], [ 136.623035282955613, 36.354845828711113 ], [ 136.622648885518487, 36.355159160096136 ], [ 136.622410003715174, 36.355288620530466 ], [ 136.622047490203897, 36.355355831968261 ], [ 136.621820008894048, 36.355369717316314 ], [ 136.621769714347266, 36.355372775763641 ], [ 136.621646948308438, 36.355411669280031 ], [ 136.621441666840013, 36.355476933521892 ], [ 136.621438601030093, 36.355478336316182 ], [ 136.621207492386446, 36.35557528964712 ], [ 136.620950836517636, 36.355687218400057 ], [ 136.62065332353535, 36.355933066287648 ], [ 136.620413339956599, 36.356228324554472 ], [ 136.620387209448069, 36.356258064894604 ], [ 136.620242502732708, 36.356422774064995 ], [ 136.620182209391118, 36.356456935268405 ], [ 136.620145822059612, 36.356477209853118 ], [ 136.620043894921906, 36.356534723713011 ], [ 136.619891671938319, 36.356589180537405 ], [ 136.619793070100144, 36.356624178108909 ], [ 136.619614177330789, 36.356724713252568 ], [ 136.619508880887423, 36.35684388836416 ], [ 136.619448609630069, 36.35691250273743 ], [ 136.619319170095991, 36.357024431490366 ], [ 136.619318327485416, 36.357024724727452 ], [ 136.619285568462033, 36.357038339286511 ], [ 136.619044720350843, 36.35713667451666 ], [ 136.619013062290975, 36.357149722225969 ], [ 136.618855830085749, 36.3572949943092 ], [ 136.618658063748853, 36.35746917064683 ], [ 136.618657222274948, 36.357469715048481 ], [ 136.618652773278114, 36.357471935998255 ], [ 136.618439437563296, 36.357576931254059 ], [ 136.618429720017588, 36.3575805551393 ], [ 136.618185826881614, 36.357668606458546 ], [ 136.618028616760625, 36.357740279279142 ], [ 136.617906950223869, 36.35784110624806 ], [ 136.617896391204255, 36.357849715022667 ], [ 136.617842490271215, 36.357916675154726 ], [ 136.617755829178094, 36.358024435761948 ], [ 136.617576678380573, 36.358165288393728 ], [ 136.617421389424692, 36.358230280293583 ], [ 136.617400011246303, 36.358239159857185 ], [ 136.617331101160147, 36.358292779042841 ], [ 136.617253899422195, 36.358406948369989 ], [ 136.616958892025025, 36.358909724892918 ], [ 136.616752228831132, 36.359146944381457 ], [ 136.616570551338555, 36.359278896413365 ], [ 136.616427225374338, 36.359401946715941 ], [ 136.616377492189031, 36.359513895093315 ], [ 136.616345553854387, 36.359555827573779 ], [ 136.616333330561162, 36.359571933871607 ], [ 136.616242784106078, 36.359608880050878 ], [ 136.616173615829354, 36.359636945254714 ], [ 136.616002497356391, 36.359712786362202 ], [ 136.615831659970098, 36.359833615715004 ], [ 136.61570748995922, 36.359967787426044 ], [ 136.61564417351471, 36.360122212685532 ], [ 136.615605000323313, 36.360150279301195 ], [ 136.615500826765327, 36.360225009298475 ], [ 136.615487502833361, 36.360250834069284 ], [ 136.615409717812071, 36.360401950846352 ], [ 136.615354716077888, 36.360623334967244 ], [ 136.615285827913567, 36.360764167974587 ], [ 136.615222209434819, 36.360815566351654 ], [ 136.615145007696839, 36.360871384180165 ], [ 136.615037507702624, 36.360938323417137 ], [ 136.614979720108551, 36.360996674915775 ], [ 136.614932772620762, 36.361056933090822 ], [ 136.614883061357318, 36.361153068407461 ], [ 136.614843608053519, 36.361299430705813 ], [ 136.61479499759119, 36.361479721255634 ], [ 136.614754442349579, 36.361566662876498 ], [ 136.614687498571271, 36.36171000851769 ], [ 136.614595287842576, 36.361989180111131 ], [ 136.614549442292628, 36.36212833657035 ], [ 136.614502776053939, 36.362204449878661 ], [ 136.614462501087104, 36.362288605253021 ], [ 136.614450277793878, 36.362314178718094 ], [ 136.614427776892541, 36.362356381987553 ], [ 136.614408881240763, 36.362392218468443 ], [ 136.614403611717592, 36.362396931156979 ], [ 136.614359450089694, 36.362436935783577 ], [ 136.614295831610946, 36.362468331776753 ], [ 136.614089729616182, 36.362567504645639 ], [ 136.613998059301423, 36.36261167755913 ], [ 136.613781678561821, 36.362733051313583 ], [ 136.613667226096624, 36.362797226610965 ], [ 136.613319159240319, 36.362954729801032 ], [ 136.6132816711077, 36.362971675149424 ], [ 136.613263336817397, 36.362980554571841 ], [ 136.612740568160376, 36.363235556906332 ], [ 136.612410274232872, 36.363421105958167 ], [ 136.612253062975185, 36.363566399077662 ], [ 136.612210003285128, 36.36359306134603 ], [ 136.612010552863751, 36.363716383849436 ], [ 136.611776119082947, 36.36382806129663 ], [ 136.611610831494659, 36.363913054168542 ], [ 136.611592497204356, 36.363924992320662 ], [ 136.61148111071148, 36.363998069488559 ], [ 136.611379161489538, 36.364103336804007 ], [ 136.611310273325216, 36.364226387106584 ], [ 136.611308891437375, 36.364230283192647 ], [ 136.61124972195546, 36.36440527472093 ], [ 136.611216400433875, 36.364508050297609 ], [ 136.611166948497669, 36.364575282771675 ], [ 136.611122505620727, 36.364616669438661 ], [ 136.611095274473456, 36.364642222008648 ], [ 136.610926942997054, 36.364731677675188 ], [ 136.610852505034785, 36.364794448625268 ], [ 136.610764441268657, 36.364919718465792 ], [ 136.610760273520924, 36.364928892537129 ], [ 136.61068721760887, 36.365089726516537 ], [ 136.610579437502224, 36.36536416438517 ], [ 136.61053000732548, 36.365489728733429 ], [ 136.61043833701072, 36.365622496097167 ], [ 136.610375560005878, 36.365713605863739 ], [ 136.610256939792947, 36.36586999949661 ], [ 136.61024333461188, 36.365888054402198 ], [ 136.61016332606647, 36.366033326626614 ], [ 136.609948327377111, 36.366317504004499 ], [ 136.609876675274705, 36.366409179208986 ], [ 136.609835558833993, 36.366507493402871 ], [ 136.60986555391932, 36.366601388145298 ], [ 136.609948327377111, 36.366802771294132 ], [ 136.609997779313318, 36.367001934763842 ], [ 136.610017214404735, 36.367136106474881 ], [ 136.610066667477639, 36.367221099346793 ], [ 136.610130285956387, 36.367265837557014 ], [ 136.610232213094093, 36.367306114525626 ], [ 136.610582223362144, 36.367350830428933 ], [ 136.610786381945218, 36.367380006884162 ], [ 136.610869435515383, 36.367411947278988 ], [ 136.610885567229104, 36.367418062902999 ], [ 136.611026387445804, 36.367511938020989 ], [ 136.611072492323018, 36.367560277950723 ], [ 136.611120001009908, 36.367610001050316 ], [ 136.611575005524656, 36.368171380377611 ], [ 136.611718611601276, 36.368328068377039 ], [ 136.611927779405988, 36.368556113794241 ], [ 136.611997228931784, 36.368640562264503 ], [ 136.612293056855293, 36.369001104256448 ], [ 136.612308065846037, 36.369019180198308 ], [ 136.612315558893329, 36.369031118209236 ], [ 136.61260583701889, 36.369495838854512 ], [ 136.612986382623831, 36.370021382971572 ], [ 136.613096667341267, 36.37026306398409 ], [ 136.613113058382226, 36.370441679397615 ], [ 136.613082220686323, 36.370575285670739 ], [ 136.613052505875771, 36.370703320721496 ], [ 136.612950275404728, 36.370855568374388 ], [ 136.612888601311994, 36.370928895436194 ], [ 136.612815286072674, 36.371016381458709 ], [ 136.612578066431979, 36.371215564552855 ], [ 136.612175559202967, 36.371410287534843 ], [ 136.611141941848814, 36.372170558131032 ], [ 136.610513336334492, 36.372597788195385 ], [ 136.610433326652412, 36.372671388728669 ], [ 136.61041138597588, 36.372754162062641 ], [ 136.61045833346364, 36.373067493588849 ], [ 136.610463883099214, 36.373306661826334 ], [ 136.610454726915009, 36.373419447701266 ], [ 136.610441662310279, 36.373584177766737 ], [ 136.610372774145958, 36.373720570286366 ], [ 136.610281946441773, 36.373930834410629 ], [ 136.610102493447613, 36.3743177873652 ], [ 136.609912501244708, 36.374541392435866 ], [ 136.609664160248627, 36.374861113057555 ], [ 136.609427220720306, 36.37519444682647 ], [ 136.60931693600287, 36.375277221572276 ], [ 136.609085286782914, 36.375411393283308 ], [ 136.608660278652565, 36.375634726011974 ], [ 136.608600007232809, 36.375666394205972 ], [ 136.607880270843395, 36.376071107699573 ], [ 136.607610550369856, 36.376223334316201 ], [ 136.607447790450891, 36.376363893710888 ], [ 136.607400821041267, 36.376491384501186 ], [ 136.607381666224626, 36.376759727782073 ], [ 136.607362209211374, 36.376907491604072 ], [ 136.607298892766863, 36.37703500328945 ], [ 136.607194179769238, 36.377216111853564 ], [ 136.607183058413824, 36.377343602502677 ], [ 136.607213334585879, 36.377571941015788 ], [ 136.607257496213748, 36.377855825297772 ], [ 136.607241666534264, 36.377928607957926 ], [ 136.60722721987932, 36.377994709556162 ], [ 136.607183058413824, 36.378128881267202 ], [ 136.607114429576768, 36.378436936078785 ], [ 136.607083895051773, 36.378573599387401 ], [ 136.607133886427647, 36.379123607412332 ], [ 136.607167509983441, 36.379489176083808 ], [ 136.607171936896066, 36.379537788214371 ], [ 136.607177788728279, 36.37956361298518 ], [ 136.607210829000735, 36.379711399114086 ], [ 136.607221388994645, 36.379759173605912 ], [ 136.607254429104756, 36.379826385043707 ], [ 136.607287491299076, 36.37989332428068 ], [ 136.60735916418659, 36.380007493607827 ], [ 136.607464180355151, 36.380114709813405 ], [ 136.607781107481344, 36.380351950197031 ], [ 136.608166381221196, 36.380727216446409 ], [ 136.608500821948923, 36.380971389197697 ], [ 136.608641383000787, 36.381154446369585 ], [ 136.608790279548117, 36.381528329307933 ], [ 136.608864717348013, 36.381789991668079 ], [ 136.608897778405662, 36.381962219256764 ], [ 136.608960835685309, 36.382114173672569 ], [ 136.609082220810592, 36.382241663051033 ], [ 136.609203606098276, 36.382360272865895 ], [ 136.609418604950037, 36.382742785332745 ], [ 136.60949805197157, 36.382881104294412 ], [ 136.609504444380121, 36.38289193260696 ], [ 136.609534439465449, 36.382944168481579 ], [ 136.609556380141981, 36.383013600869148 ], [ 136.609492782448399, 36.383231948708449 ], [ 136.609484728039604, 36.383259450027381 ], [ 136.609462787363071, 36.383371398404755 ], [ 136.609468057048645, 36.383498889053868 ], [ 136.609505566940726, 36.38360055507335 ], [ 136.609561929777584, 36.38375389011771 ], [ 136.609735553023768, 36.384133889950711 ], [ 136.609765007532758, 36.384199991690132 ], [ 136.610082215908022, 36.384915000428343 ], [ 136.6100830573819, 36.384916676976466 ], [ 136.610314727387021, 36.385496111209356 ], [ 136.610340274449811, 36.385617507270723 ], [ 136.610372494033555, 36.385771386716733 ], [ 136.610452783665664, 36.386084991714405 ], [ 136.610533613874111, 36.386401109487117 ], [ 136.610557216550916, 36.386493329093256 ], [ 136.610726931214202, 36.386874710966644 ], [ 136.610876107873935, 36.387209721283689 ], [ 136.610885005867601, 36.387229430571672 ], [ 136.610896947911726, 36.387242227116424 ], [ 136.611273885993711, 36.387647779519412 ], [ 136.611599169562908, 36.387902780442069 ], [ 136.612021112857661, 36.388126386924569 ], [ 136.612663322578726, 36.388399170551992 ], [ 136.613088051733371, 36.388634169231942 ], [ 136.613509432529924, 36.388899999737802 ], [ 136.61366945059504, 36.389061106059216 ], [ 136.614110569653974, 36.389575570699158 ], [ 136.61469222784288, 36.390235558728079 ], [ 136.615246395394934, 36.390714164580224 ], [ 136.615392506244746, 36.390881932197942 ], [ 136.615615560479597, 36.391179431038978 ], [ 136.615701118660581, 36.391364727373244 ], [ 136.615938339437974, 36.391829993690813 ], [ 136.616685565165227, 36.392769446409083 ], [ 136.616914169198054, 36.393120563023942 ], [ 136.617176114400877, 36.393601662167868 ], [ 136.617432488858242, 36.394151670051613 ], [ 136.61745028387125, 36.394184448085177 ], [ 136.617523338646635, 36.39431972949459 ], [ 136.617616931425573, 36.394491663846189 ], [ 136.617694175870525, 36.394692209497464 ], [ 136.617820549594683, 36.39501972215011 ], [ 136.617854172988103, 36.395106663770974 ], [ 136.617923060015727, 36.395415282608639 ], [ 136.617958065459391, 36.395594443835641 ], [ 136.618000564924643, 36.395813065287591 ], [ 136.618040558642377, 36.396017777672746 ], [ 136.618055285409724, 36.396092781282682 ], [ 136.618065824618469, 36.39612666901462 ], [ 136.618158056294703, 36.396419999427586 ], [ 136.618163886205082, 36.396439436514747 ], [ 136.618171098977598, 36.396461930496216 ], [ 136.618171098977598, 36.396542505328512 ], [ 136.618135273007596, 36.396623059124543 ], [ 136.618088606768907, 36.396763890720059 ], [ 136.618102211949974, 36.396886940881451 ], [ 136.618113333467733, 36.396996669720885 ], [ 136.618136676979645, 36.397139177864517 ], [ 136.618143608665463, 36.39718221877272 ], [ 136.618161662680961, 36.397288890576647 ], [ 136.61819055599085, 36.39745749428009 ], [ 136.61828693462968, 36.397761674041874 ], [ 136.618366943012717, 36.397915826959348 ], [ 136.618400005044663, 36.398003061817306 ], [ 136.618405274730208, 36.39803167283462 ], [ 136.618421945883568, 36.398119179752214 ], [ 136.618468893208956, 36.398208613111848 ], [ 136.618506662590676, 36.398231944732061 ], [ 136.618587491500051, 36.398282505470391 ], [ 136.61964860046541, 36.398631381652223 ], [ 136.620564179753245, 36.39904750979138 ], [ 136.621303049199867, 36.399514995646896 ], [ 136.621818606058696, 36.399897508254931 ], [ 136.622046388428458, 36.400043891448369 ], [ 136.622638067334037, 36.400424434412372 ], [ 136.623433320240252, 36.400926667945484 ], [ 136.624655288744606, 36.401873325091053 ], [ 136.624745274974913, 36.401943050574538 ], [ 136.625177777289252, 36.402269996659797 ], [ 136.625423893786916, 36.402349167003607 ], [ 136.625529730644217, 36.402383056147379 ], [ 136.62574222374846, 36.402383056147379 ], [ 136.625779431768706, 36.40237417517195 ], [ 136.625969445893446, 36.402329438232371 ], [ 136.626012786832575, 36.402295821430606 ], [ 136.626263611654338, 36.402101935804993 ], [ 136.626292224851824, 36.402079714024339 ], [ 136.626460837577298, 36.401788604419963 ], [ 136.626488608164209, 36.401653616106458 ], [ 136.626541386536672, 36.401396101138118 ], [ 136.626695271358102, 36.401194172175806 ], [ 136.627003063247599, 36.401057508867183 ], [ 136.627333055140866, 36.401010006576186 ], [ 136.627750570223924, 36.401081386300874 ], [ 136.627803067347287, 36.401108886207979 ], [ 136.627943607613986, 36.401183050767344 ], [ 136.628146383172549, 36.401289450370449 ], [ 136.628864995864689, 36.401657782981516 ], [ 136.629187494710663, 36.401871670849843 ], [ 136.629292769069792, 36.402001381178081 ], [ 136.629370835340183, 36.402097789966191 ], [ 136.629466112041172, 36.402329438232371 ], [ 136.629485569054452, 36.402416399477673 ], [ 136.62959056330115, 36.402888325820904 ], [ 136.629773881846432, 36.403203605954879 ], [ 136.630162222695276, 36.403506675877097 ], [ 136.630682788775744, 36.403798057682295 ], [ 136.630975831976031, 36.404047509830683 ], [ 136.631269177210584, 36.40436249686875 ], [ 136.632016943514174, 36.40530194958702 ], [ 136.632326937817851, 36.40567055439891 ], [ 136.63240722744996, 36.405890285690418 ], [ 136.632484990549415, 36.406103334649359 ], [ 136.632542779280186, 36.406321661593573 ], [ 136.632563898293682, 36.406402215389605 ], [ 136.632554158826139, 36.40666084019751 ], [ 136.632550833526579, 36.4067494359184 ], [ 136.632535825672534, 36.406843330660827 ], [ 136.632504728811767, 36.407037781583185 ], [ 136.63248583315999, 36.407120282716328 ], [ 136.63236639112165, 36.407646664472125 ], [ 136.632287225186815, 36.408090000693122 ], [ 136.632258611015004, 36.408467507516711 ], [ 136.632254443267271, 36.408522215505663 ], [ 136.632170289058337, 36.408780840313568 ], [ 136.63213111586694, 36.408901669666371 ], [ 136.632096390535708, 36.409008320434033 ], [ 136.631931665445592, 36.409553322533334 ], [ 136.631720834341564, 36.410327500784483 ], [ 136.631613615596422, 36.410726936292811 ], [ 136.631286387641211, 36.411758880959226 ], [ 136.631046943502099, 36.412276381739588 ], [ 136.630950565999939, 36.412484991622641 ], [ 136.630880275162639, 36.412694165390597 ], [ 136.630706672863994, 36.413211395381964 ], [ 136.630631393590193, 36.413540833206 ], [ 136.630575008669126, 36.413788336605442 ], [ 136.630370829138513, 36.414594435626974 ], [ 136.630193060228805, 36.415139436455625 ], [ 136.630074440015875, 36.415908608922322 ], [ 136.629965839382919, 36.416684442826515 ], [ 136.629936102325757, 36.41689638194589 ], [ 136.629765006911299, 36.417829991240971 ], [ 136.6297519411699, 36.417900552951359 ], [ 136.629749997920584, 36.417951113689682 ], [ 136.629740819814515, 36.418204711818056 ], [ 136.629725552633204, 36.4186213856295 ], [ 136.62965638435648, 36.418858898355133 ], [ 136.629563331991505, 36.419178891177651 ], [ 136.62939972848767, 36.419740271775595 ], [ 136.629364724180704, 36.420671388061258 ], [ 136.629353602825319, 36.420971400947977 ], [ 136.629249709217362, 36.421377789577882 ], [ 136.629151948853064, 36.421760553350474 ], [ 136.628940837636662, 36.422468065977299 ], [ 136.6289369509756, 36.422661384753177 ], [ 136.628931659530593, 36.422936932461376 ], [ 136.628959171926937, 36.424083613163489 ], [ 136.629069176531971, 36.424597490058609 ], [ 136.629243619167823, 36.425364170786544 ], [ 136.629206929639707, 36.426942771793463 ], [ 136.629248068164657, 36.427317492229363 ], [ 136.629316934244741, 36.427947781849497 ], [ 136.6294083233104, 36.428499716175281 ], [ 136.629518889276937, 36.429169169959614 ], [ 136.629766388961542, 36.429831672175396 ], [ 136.629799709184027, 36.429896390462595 ], [ 136.629941112684065, 36.430170828472413 ], [ 136.630023324780353, 36.430330552612254 ], [ 136.630106119023282, 36.430568611151365 ], [ 136.629986656199776, 36.431156317719768 ], [ 136.629995165446161, 36.431170916324341 ], [ 136.630005551851553, 36.431188720065371 ], [ 136.630015356110334, 36.431207904434956 ], [ 136.630024858334849, 36.431228808554671 ], [ 136.63003345315758, 36.431248202298647 ], [ 136.630041659070656, 36.431269209764316 ], [ 136.630049648688214, 36.431288793258247 ], [ 136.630085431788842, 36.43133878869984 ], [ 136.630095041673968, 36.431358288472254 ], [ 136.630100936213154, 36.431365597516162 ], [ 136.630106141107518, 36.431374185395683 ], [ 136.630112943048516, 36.431385076393489 ], [ 136.63012333075298, 36.431397872938241 ], [ 136.630128340948914, 36.431403674430079 ], [ 136.630141233264226, 36.431416870240355 ], [ 136.630149633550928, 36.431425479014962 ], [ 136.630157536293041, 36.431431385123403 ], [ 136.630166023455189, 36.431438882787802 ], [ 136.630174229530638, 36.431446276965062 ], [ 136.630180621776788, 36.43145417248315 ], [ 136.630186732773865, 36.431463262691793 ], [ 136.630191830007618, 36.431470969730576 ], [ 136.630196040624753, 36.431480374071391 ], [ 136.630200921238242, 36.431488773471607 ], [ 136.630206428166844, 36.431496375752609 ], [ 136.630212624902668, 36.43150437715795 ], [ 136.630306110020996, 36.431623740748854 ], [ 136.630311616787196, 36.431632747377151 ], [ 136.630314510307699, 36.431641858622058 ], [ 136.630316605223697, 36.431650842802263 ], [ 136.63031850560364, 36.431659849430567 ], [ 136.63038160575266, 36.431787737933369 ], [ 136.630383397335351, 36.431796639803885 ], [ 136.630385492251321, 36.431806021837787 ], [ 136.630392899559865, 36.431836119653276 ], [ 136.630396894855807, 36.431852728421397 ], [ 136.63040047932023, 36.431871809445028 ], [ 136.630401990952862, 36.431882219008799 ], [ 136.630403092728301, 36.431891811828919 ], [ 136.630451983465406, 36.431998609144536 ], [ 136.630453797132304, 36.432008704576134 ], [ 136.630456669705268, 36.432019009382124 ], [ 136.630461873300561, 36.432027595849817 ], [ 136.630467682263372, 36.432036602336936 ], [ 136.630469582805716, 36.432046802385138 ], [ 136.630467380229135, 36.43205710719112 ], [ 136.630499988722562, 36.432139294333275 ], [ 136.630503076616719, 36.432149075632701 ], [ 136.630507590404761, 36.432158877827206 ], [ 136.630513679480003, 36.432167884455509 ], [ 136.630518365882239, 36.432177371247192 ], [ 136.630520460635836, 36.432187278199486 ], [ 136.630522079929079, 36.432197373489906 ], [ 136.630557668656053, 36.432287478315885 ], [ 136.630558467260556, 36.432298453176386 ], [ 136.630559676696606, 36.432308653224588 ], [ 136.630560973008073, 36.432319062788359 ], [ 136.630562462556497, 36.432329262836561 ], [ 136.630566068942755, 36.432338855656681 ], [ 136.630570149977444, 36.432348762608974 ], [ 136.630597964570427, 36.432414150950692 ], [ 136.630603449414792, 36.432424057902985 ], [ 136.630608567433711, 36.432433650864283 ], [ 136.630613059299918, 36.432442552734798 ], [ 136.630617767461615, 36.432453443732605 ], [ 136.630632560156869, 36.432488735811845 ], [ 136.630635648050998, 36.432499249992226 ], [ 136.630637439796061, 36.432509345282639 ], [ 136.63063895126632, 36.432519733951324 ], [ 136.630641240718347, 36.432530729706919 ], [ 136.630660849235881, 36.432574838382145 ], [ 136.630664455622139, 36.432585038571524 ], [ 136.630668449943784, 36.432594024163564 ], [ 136.630672856071214, 36.432604726823243 ], [ 136.630677542311076, 36.432614110268972 ], [ 136.630682659193297, 36.432623012139487 ], [ 136.630717449315767, 36.432688316759688 ], [ 136.630724036097973, 36.432697407109508 ], [ 136.630730449129288, 36.432706706692535 ], [ 136.6307365393412, 36.43271542022493 ], [ 136.630742046269773, 36.432724802258825 ], [ 136.630746234965073, 36.43273491858551 ], [ 136.630750446556476, 36.432744406789027 ], [ 136.630754419930582, 36.432754418357916 ], [ 136.630797436913639, 36.432838196773666 ], [ 136.630800740128961, 36.432848690058961 ], [ 136.630804022559147, 36.432858785490559 ], [ 136.630807326911167, 36.432869299670934 ], [ 136.630809421664765, 36.432878787733266 ], [ 136.630812229446519, 36.432889092539256 ], [ 136.630815619537287, 36.432898999491549 ], [ 136.630858723233388, 36.432982275436999 ], [ 136.630862524155674, 36.4329919730149 ], [ 136.630867318056119, 36.433001167981324 ], [ 136.630873127018958, 36.43300916952785 ], [ 136.630881008975933, 36.433017860612146 ], [ 136.630888805031759, 36.433027160336358 ], [ 136.630895001767584, 36.433036271581265 ], [ 136.630900508696186, 36.433045780679862 ], [ 136.630944216623163, 36.433126668091319 ], [ 136.630948795202414, 36.433136365669228 ], [ 136.630956893454879, 36.433160054623613 ], [ 136.630957908517274, 36.433176558775131 ], [ 136.630963608682833, 36.433194340209248 ], [ 136.63101329916114, 36.43328454965183 ], [ 136.631025198335891, 36.433301221246381 ], [ 136.631037679657283, 36.433316929690513 ], [ 136.631048995548696, 36.433332826613949 ], [ 136.631098382693693, 36.433419119075374 ], [ 136.631109785298179, 36.433435413852507 ], [ 136.63111838012091, 36.433452001725541 ], [ 136.631159366979205, 36.433533602534695 ], [ 136.63116387979295, 36.433552306599722 ], [ 136.631166860026497, 36.433570192791628 ], [ 136.631171373814539, 36.433588708377343 ], [ 136.63120385272552, 36.433662789215191 ], [ 136.631209359491749, 36.433680990809911 ], [ 136.631234755050258, 36.4337393842399 ], [ 136.631264857796197, 36.433822576322648 ], [ 136.631270948008108, 36.433840568542983 ], [ 136.631275957229747, 36.433857658886318 ], [ 136.631303944274521, 36.433937248120088 ], [ 136.631297747538696, 36.43396114659005 ], [ 136.63129766066325, 36.433975159002799 ], [ 136.631336833854647, 36.434095234438381 ], [ 136.631342340783249, 36.434132536539998 ], [ 136.631347047970621, 36.434154529604186 ], [ 136.631351950505973, 36.434168414952239 ], [ 136.631388725772837, 36.434270918328096 ], [ 136.631395938545353, 36.434288218187 ], [ 136.631399933841294, 36.434302900654266 ], [ 136.63143232587683, 36.434415499461721 ], [ 136.63143541393336, 36.434436088178607 ], [ 136.631441115235617, 36.434458686917871 ], [ 136.631469318575881, 36.434546760544031 ], [ 136.631489920233975, 36.43460766660786 ], [ 136.631666587368215, 36.435095301395222 ], [ 136.631715262621753, 36.435271487896415 ], [ 136.631720769550355, 36.435285186176991 ], [ 136.63174126241114, 36.435362765247206 ], [ 136.631847639682405, 36.435768002247379 ], [ 136.631858739115955, 36.435791816995817 ], [ 136.631870745951289, 36.435859300634434 ], [ 136.631879729683703, 36.435933192992977 ], [ 136.631885429849262, 36.43602767548024 ], [ 136.63188532218868, 36.436186853806596 ], [ 136.631891238812102, 36.436225560255515 ], [ 136.631893031531462, 36.436292541423839 ], [ 136.631891736519037, 36.436340734664434 ], [ 136.631881737724257, 36.436403819746694 ], [ 136.631721632946068, 36.436956551191692 ], [ 136.631660929909657, 36.437084145186759 ], [ 136.631558742470389, 36.43732270619617 ], [ 136.63153943696139, 36.437361201858863 ], [ 136.631511255542961, 36.437425082648502 ], [ 136.631508340100623, 36.437441588211854 ], [ 136.631508836670889, 36.437456499536765 ], [ 136.631501343623597, 36.437480083874547 ], [ 136.631502638798366, 36.437534080018814 ], [ 136.631497844897922, 36.437551379736533 ], [ 136.631491647025427, 36.437573371388893 ], [ 136.631480849626115, 36.437601563657431 ], [ 136.631451545647082, 36.437670261752217 ], [ 136.631419153611517, 36.437727859474819 ], [ 136.631296062317546, 36.437963110731154 ], [ 136.631288267236016, 36.437976514503994 ], [ 136.631274554394366, 36.437995009194623 ], [ 136.6312559609392, 36.438018215161968 ], [ 136.631246869546203, 36.438034112085404 ], [ 136.631201153578672, 36.438089804261047 ], [ 136.63115917260555, 36.43812909704296 ], [ 136.63109916051306, 36.438195198782374 ], [ 136.631061585667368, 36.438237590531138 ], [ 136.631035175046463, 36.438268672392141 ], [ 136.631025283912237, 36.438274473883972 ], [ 136.630982072717927, 36.438314164519582 ], [ 136.630787697446095, 36.438510730222092 ], [ 136.630680413909744, 36.438602928933143 ], [ 136.630671409229791, 36.438619328326872 ], [ 136.630576110606938, 36.438752117997524 ], [ 136.630404819519782, 36.438959281601925 ], [ 136.630395835949741, 36.438970277357512 ], [ 136.630340445305876, 36.4390395617853 ], [ 136.630316431635208, 36.439069868975182 ], [ 136.63026374013819, 36.439078079896092 ], [ 136.630240244959623, 36.439112260723938 ], [ 136.630090203767452, 36.439322545743295 ] ] } },
{ "type": "Feature", "properties": { "P12_001": 10004, "P12_002": "金沢城公園", "P12_003": "17", "P12_004": "17201", "P12_005": "‐", "P12_006": "金沢市丸の内1-1", "P12_007": 2 }, "geometry": { "type": "Polygon", "coordinates": [ [ [ 136.657322315495009, 36.5674185856153 ], [ 136.657016307332242, 36.567415966533439 ], [ 136.656894305528112, 36.568559665921427 ], [ 136.656922776944612, 36.568656943701733 ], [ 136.656950805588309, 36.5687400545537 ], [ 136.656964528477715, 36.568779498902138 ], [ 136.656982249615822, 36.568823638085178 ], [ 136.657001983171682, 36.568865381910115 ], [ 136.657095789653198, 36.569025187956882 ], [ 136.657648812892887, 36.569018013657505 ], [ 136.657985846852029, 36.568639431009863 ], [ 136.65855200091309, 36.568575890099034 ], [ 136.65862197231047, 36.568591917467018 ], [ 136.658660694991255, 36.568591138639214 ], [ 136.658661639845917, 36.568622554164456 ], [ 136.658677057133815, 36.568940527859958 ], [ 136.658738417469237, 36.568993417501467 ], [ 136.660807193152209, 36.568524916407583 ], [ 136.660884249937141, 36.568473582739564 ], [ 136.661141500939749, 36.568416361604292 ], [ 136.661189277455293, 36.568405528664556 ], [ 136.661395919423455, 36.568358792267389 ], [ 136.661449056250945, 36.568347362170257 ], [ 136.661456555779324, 36.568319361376012 ], [ 136.6616551388733, 36.568070166755057 ], [ 136.661716250724226, 36.568002309489671 ], [ 136.661767045866412, 36.567933054371338 ], [ 136.661868601383389, 36.567457520277294 ], [ 136.661959916884371, 36.56691872282444 ], [ 136.661985055745248, 36.566887223192516 ], [ 136.662012082270365, 36.566837055243013 ], [ 136.662042750167245, 36.566778306730527 ], [ 136.662068166144593, 36.566702279342728 ], [ 136.662098668385113, 36.566665750131641 ], [ 136.662104027674474, 36.566662194101426 ], [ 136.662125610036895, 36.566630667555366 ], [ 136.662150860357912, 36.566580501287994 ], [ 136.662172805732695, 36.566492942875051 ], [ 136.662199443681175, 36.566501695015653 ], [ 136.662228388547589, 36.566393083019825 ], [ 136.66222902663128, 36.566293971714003 ], [ 136.662236777711882, 36.566197750313542 ], [ 136.662274749826253, 36.566108834418863 ], [ 136.662305306262994, 36.566063001327386 ], [ 136.662736576183079, 36.565726197829484 ], [ 136.66297644451825, 36.565706027366687 ], [ 136.662664193565632, 36.565594416126828 ], [ 136.662669582509523, 36.565587916362986 ], [ 136.662640389158582, 36.565574028668806 ], [ 136.662605888669361, 36.565553639528652 ], [ 136.662110889119191, 36.565276832686294 ], [ 136.661770389670295, 36.564958332483002 ], [ 136.661695790121087, 36.564871736250424 ], [ 136.661686027645288, 36.564856945250561 ], [ 136.661651860513899, 36.564805305434241 ], [ 136.661588943826928, 36.564706749232478 ], [ 136.661480583106595, 36.56454800124768 ], [ 136.66142013899389, 36.564455722768137 ], [ 136.661309250480542, 36.564290861910202 ], [ 136.661149028077517, 36.564040528484867 ], [ 136.660981221272806, 36.563789278296774 ], [ 136.660946972335779, 36.563734612322293 ], [ 136.660902527353301, 36.563663668341924 ], [ 136.660740943909616, 36.563412387875431 ], [ 136.660658534993331, 36.563285449035121 ], [ 136.660478507454542, 36.56301464404509 ], [ 136.660391443799597, 36.562875694771591 ], [ 136.660321277091327, 36.562777722270148 ], [ 136.660215722303093, 36.562651140042142 ], [ 136.660156971566323, 36.562593278014006 ], [ 136.660105750012434, 36.562546528159771 ], [ 136.659969964987283, 36.562420898019326 ], [ 136.659853193628692, 36.562300721355683 ], [ 136.659831527415548, 36.562282638420562 ], [ 136.659745278748886, 36.562280500428884 ], [ 136.659638581749959, 36.562373320555409 ], [ 136.65911798727268, 36.562687842512979 ], [ 136.658960609659403, 36.562785833517886 ], [ 136.658768778595089, 36.562906138023671 ], [ 136.658184889079962, 36.563273943241981 ], [ 136.658189527457495, 36.563280111625524 ], [ 136.658081471463021, 36.563332859967815 ], [ 136.658084756980429, 36.563348021037051 ], [ 136.658085472779419, 36.563360248465465 ], [ 136.658078028469816, 36.563367804609143 ], [ 136.658020777843234, 36.563401110852446 ], [ 136.657852221494721, 36.563517110778605 ], [ 136.657718417187652, 36.563607111649389 ], [ 136.65769588997054, 36.563618388672374 ], [ 136.65763138932266, 36.563680637704678 ], [ 136.65757997245791, 36.563742055763029 ], [ 136.657545111001468, 36.563789833400826 ], [ 136.657510278177, 36.563828943004701 ], [ 136.657492054957032, 36.56384536062766 ], [ 136.657482249533302, 36.563855889101241 ], [ 136.657470917412553, 36.563849582782751 ], [ 136.657234139283901, 36.564189331696412 ], [ 136.657212364678344, 36.564208371765496 ], [ 136.657213638800556, 36.564256860945768 ], [ 136.657223806214063, 36.564263750964585 ], [ 136.657221027891381, 36.564264692959341 ], [ 136.657071999562135, 36.564378028386038 ], [ 136.65704735971542, 36.56441022105696 ], [ 136.657060588703501, 36.564448358387672 ], [ 136.657052231238907, 36.564443925965904 ], [ 136.656833873686253, 36.564669597631998 ], [ 136.6568317549212, 36.564671284811894 ], [ 136.656825481454263, 36.564674334519928 ], [ 136.656803193518527, 36.564671720484469 ], [ 136.656734138343865, 36.5647420000221 ], [ 136.656749405313974, 36.564758138410902 ], [ 136.65675008123273, 36.564763909810942 ], [ 136.656745455126043, 36.564770604702268 ], [ 136.656636115806236, 36.564907153571269 ], [ 136.656601250259513, 36.564911165459662 ], [ 136.65656769769268, 36.56495330795024 ], [ 136.656492806711015, 36.56504994315555 ], [ 136.656474444421519, 36.565096807394859 ], [ 136.656471388982368, 36.565185583672452 ], [ 136.656469361226044, 36.56522186224565 ], [ 136.656473389129275, 36.565226972567217 ], [ 136.656470110769874, 36.565309139742297 ], [ 136.656443417602588, 36.565588249425417 ], [ 136.656426972631834, 36.565739027461689 ], [ 136.656405041573038, 36.565922164700098 ], [ 136.656389790964084, 36.566078663672407 ], [ 136.656390944423038, 36.566134251456049 ], [ 136.6563942790238, 36.566158528006717 ], [ 136.656404860578164, 36.566213027449983 ], [ 136.656422778049688, 36.566292111274358 ], [ 136.656433167360888, 36.566306027564799 ], [ 136.657094792647428, 36.566236358641632 ], [ 136.657322315495009, 36.5674185856153 ] ] ] } },
{ "type": "Feature", "properties": { "P12_001": 10006, "P12_002": "妙立寺", "P12_003": "17", "P12_004": "17201", "P12_005": "‐", "P12_006": "金沢市野町1-2-12", "P12_007": 2 }, "geometry": { "type": "Polygon", "coordinates": [ [ [ 136.648990194259881, 36.555238944934402 ], [ 136.648836750473407, 36.555309833404358 ], [ 136.648898249878329, 36.555390331902998 ], [ 136.648912749920953, 36.555384499946157 ], [ 136.648957110030125, 36.555444251010208 ], [ 136.648937500205221, 36.555454500249624 ], [ 136.648984499567575, 36.555515082287627 ], [ 136.649001416965632, 36.555509416862002 ], [ 136.649029083619553, 36.555542832443976 ], [ 136.649210138841198, 36.555454860226192 ], [ 136.64919077750082, 36.555428195045955 ], [ 136.649200778235411, 36.555423138552655 ], [ 136.649148167008917, 36.555351388830346 ], [ 136.649128582748261, 36.555359834822646 ], [ 136.649093693682431, 36.555312415479278 ], [ 136.649087556217296, 36.555315500512123 ], [ 136.649071443581818, 36.555291000237695 ], [ 136.649039583368335, 36.555307111712352 ], [ 136.648990194259881, 36.555238944934402 ] ] ] } },
{ "type": "Feature", "properties": { "P12_001": 10007, "P12_002": "天徳院", "P12_003": "17", "P12_004": "17201", "P12_005": "‐", "P12_006": "金沢市小立野4-4-4", "P12_007": 2 }, "geometry": { "type": "Polygon", "coordinates": [ [ [ 136.676605139882696, 36.551320001141313 ], [ 136.676643222434649, 36.551311612341543 ], [ 136.676647221705906, 36.551321250966502 ], [ 136.676774555190008, 36.551295943267995 ], [ 136.67682497198129, 36.551462805864794 ], [ 136.676792387788254, 36.55146938973531 ], [ 136.676818305847462, 36.551552027907768 ], [ 136.67685005562339, 36.551545750185547 ], [ 136.67689713781391, 36.551695529034518 ], [ 136.67664455586592, 36.551744554815379 ], [ 136.676479443533168, 36.551776582637217 ], [ 136.676480028443194, 36.551778722311028 ], [ 136.676445832679832, 36.551785306181543 ], [ 136.676450611149448, 36.551799806172319 ], [ 136.676461471865423, 36.551832555629424 ], [ 136.676468389551474, 36.5518534426811 ], [ 136.676492416878745, 36.551848609911552 ], [ 136.676524110413339, 36.551948749000942 ], [ 136.676643443309757, 36.551923362242157 ], [ 136.676738999408542, 36.551903057208683 ], [ 136.676725832797217, 36.551863779391454 ], [ 136.677014388757812, 36.551806914868486 ], [ 136.677004444264583, 36.551774888728779 ], [ 136.676762305823985, 36.551821609986746 ], [ 136.676757333066092, 36.551803555647886 ], [ 136.676798861678918, 36.551795695038045 ], [ 136.676792666949865, 36.551779418714297 ], [ 136.676805694491662, 36.551777166337537 ], [ 136.676799528394554, 36.551756805793659 ], [ 136.676909277764963, 36.551735277849126 ], [ 136.676914056234551, 36.551752361596947 ], [ 136.677063555968573, 36.551720971303702 ], [ 136.677034084478578, 36.551619000370934 ], [ 136.677183360269765, 36.551588610947121 ], [ 136.677104472061984, 36.551327471496187 ], [ 136.677122998985226, 36.551323942380101 ], [ 136.677086332692738, 36.5512051938478 ], [ 136.676931332554716, 36.55123572120656 ], [ 136.676897499803687, 36.551121583402185 ], [ 136.676967944650983, 36.551106943794331 ], [ 136.676949806304322, 36.551049638552392 ], [ 136.676880972004795, 36.551063778566593 ], [ 136.676876583134344, 36.551052609200148 ], [ 136.676783915795795, 36.551071084072383 ], [ 136.676794277497606, 36.551104111081521 ], [ 136.676648417090234, 36.55113425154957 ], [ 136.676615223445481, 36.551141668076177 ], [ 136.676624582006099, 36.551169557849605 ], [ 136.676602806377957, 36.551174888530667 ], [ 136.676619137843431, 36.551226277709091 ], [ 136.676584527939212, 36.551235139188371 ], [ 136.676590499748016, 36.551256332388334 ], [ 136.676584806078239, 36.551257277747361 ], [ 136.676594889641024, 36.551288417402716 ], [ 136.676605139882696, 36.551320001141313 ] ] ] } },
{ "type": "Feature", "properties": { "P12_001": 10008, "P12_002": "雨宝院", "P12_003": "17", "P12_004": "17201", "P12_005": "‐", "P12_006": "金沢市千日町1-3", "P12_007": 2 }, "geometry": { "type": "Polygon", "coordinates": [ [ [ 136.649944750061479, 36.558472806216948 ], [ 136.649921861877175, 36.558491055683291 ], [ 136.649905055939229, 36.5584780561556 ], [ 136.649892777941233, 36.558487331439721 ], [ 136.649887332755981, 36.558482389331495 ], [ 136.649811471355378, 36.558539776997982 ], [ 136.649847083378205, 36.55856877697952 ], [ 136.649821890321135, 36.558590972731054 ], [ 136.649896806867019, 36.558647694272672 ], [ 136.649914806144182, 36.558633833492635 ], [ 136.649947611212355, 36.558655638989194 ], [ 136.649999555723213, 36.558553557035616 ], [ 136.649990250336202, 36.558544666960067 ], [ 136.650009887770494, 36.558528000381351 ], [ 136.649944750061479, 36.558472806216948 ] ] ] } },
{ "type": "Feature", "properties": { "P12_001": 10009, "P12_002": "伏見寺", "P12_003": "17", "P12_004": "17201", "P12_005": "‐", "P12_006": "金沢市寺町5-5-28", "P12_007": 2 }, "geometry": { "type": "Polygon", "coordinates": [ [ [ 136.651682610844205, 36.554109888518532 ], [ 136.65175124983287, 36.554037750223387 ], [ 136.651777388767215, 36.554050998706835 ], [ 136.651801556186598, 36.55402636049746 ], [ 136.651787138972168, 36.554020890199318 ], [ 136.651833278353138, 36.553967998875677 ], [ 136.651764805020804, 36.553925277731175 ], [ 136.651752917644529, 36.553937528709454 ], [ 136.651721305915572, 36.553918860391875 ], [ 136.651716805584982, 36.553921970656717 ], [ 136.651679555405025, 36.553898055764748 ], [ 136.651617694010298, 36.553961665643051 ], [ 136.651586471880506, 36.553944834215244 ], [ 136.65151500037291, 36.554019221522886 ], [ 136.651586721387588, 36.554061776136166 ], [ 136.651564417090754, 36.554084138418915 ], [ 136.651600582323937, 36.554105055748991 ], [ 136.651630582482596, 36.554074279434474 ], [ 136.651682610844205, 36.554109888518532 ] ] ] } },
{ "type": "Feature", "properties": { "P12_001": 10001, "P12_002": "兼六園", "P12_003": "17", "P12_004": "17201", "P12_005": "庭園・公園", "P12_006": "金沢市兼六町1", "P12_007": 2 }, "geometry": { "type": "Polygon", "coordinates": [ [ [ 136.662182474132038, 36.564627014422442 ], [ 136.662823817765201, 36.563859115433296 ], [ 136.663091451943586, 36.563514434504206 ], [ 136.663525340665416, 36.563222468274745 ], [ 136.663736082116714, 36.563083221263618 ], [ 136.663748496116511, 36.563062946508538 ], [ 136.663835011673939, 36.562912289585881 ], [ 136.663885830335232, 36.562834092245865 ], [ 136.663917457402761, 36.562790101090577 ], [ 136.663961453477015, 36.562726316270385 ], [ 136.664018913730445, 36.562654379831258 ], [ 136.664032417789883, 36.562638638425966 ], [ 136.664048766639041, 36.562621127416229 ], [ 136.664098904268712, 36.562569156219617 ], [ 136.664192943896182, 36.562476721301657 ], [ 136.664221000149269, 36.562447971958008 ], [ 136.664258111259699, 36.562406278597081 ], [ 136.664260360913715, 36.562406638573648 ], [ 136.664355416975781, 36.562307110098722 ], [ 136.664467540753691, 36.562185343818918 ], [ 136.664539483666061, 36.562105900017983 ], [ 136.664560359432613, 36.562080339999447 ], [ 136.664673833002922, 36.561929861382943 ], [ 136.664869528359247, 36.561766667519308 ], [ 136.664999372252709, 36.561661466890214 ], [ 136.665120868907252, 36.561559606978257 ], [ 136.665158066936158, 36.561526783507269 ], [ 136.665166194322524, 36.561519111296377 ], [ 136.665173693850903, 36.56151100004864 ], [ 136.665180556318148, 36.561502555738471 ], [ 136.665186750024645, 36.561493776683733 ], [ 136.665192305647452, 36.561484693162832 ], [ 136.665197166945234, 36.561475387600311 ], [ 136.665201305286018, 36.5614658616783 ], [ 136.665204722714975, 36.561456138946674 ], [ 136.665207417186934, 36.561446278280094 ], [ 136.665209362115064, 36.561436276314303 ], [ 136.665210528867419, 36.561426222202371 ], [ 136.665210945053417, 36.561416110897902 ], [ 136.665210610673029, 36.561406028189708 ], [ 136.665189137725605, 36.561336584672425 ], [ 136.665157498387231, 36.561294001462876 ], [ 136.665122137916626, 36.561257443655521 ], [ 136.665058278420133, 36.561199470606574 ], [ 136.664579839391109, 36.560840816194506 ], [ 136.664588193788006, 36.560833194447618 ], [ 136.664533999623131, 36.560793248823394 ], [ 136.66424202827875, 36.560575639623167 ], [ 136.664239778624761, 36.560576944958761 ], [ 136.6639158059522, 36.560346418655385 ], [ 136.663814138975113, 36.560350417086717 ], [ 136.6635657495641, 36.560594805852261 ], [ 136.663297138831382, 36.560414472730393 ], [ 136.663210444324193, 36.560491389966813 ], [ 136.663208139451427, 36.560498639962205 ], [ 136.663183583455435, 36.560483110505729 ], [ 136.663168028120594, 36.560473278435424 ], [ 136.663118056147283, 36.560442749394532 ], [ 136.663086444418298, 36.560423250103 ], [ 136.662753306450838, 36.560209499717018 ], [ 136.662731223029112, 36.560196083020223 ], [ 136.662707357267891, 36.560184811043641 ], [ 136.662694582300873, 36.560179749503938 ], [ 136.662681556804216, 36.560175138776017 ], [ 136.662694582300873, 36.560179749503938 ], [ 136.662707357267891, 36.560184811043641 ], [ 136.662731223029112, 36.560196083020223 ], [ 136.662753306450838, 36.560209499717018 ], [ 136.663086444418298, 36.560423250103 ], [ 136.663118056147283, 36.560442749394532 ], [ 136.663168028120594, 36.560473278435424 ], [ 136.663183583455435, 36.560483110505729 ], [ 136.663208139451427, 36.560498639962205 ], [ 136.663210444324193, 36.560491389966813 ], [ 136.663183638674212, 36.560473582901587 ], [ 136.663124638430361, 36.560436084781607 ], [ 136.662760332529302, 36.560202362424576 ], [ 136.662735806187868, 36.560190306573787 ], [ 136.662711301320371, 36.560178728448903 ], [ 136.662698167431301, 36.560173527292122 ], [ 136.662671081597153, 36.560164581706168 ], [ 136.66265716748714, 36.560160918019406 ], [ 136.662643057043709, 36.560157806072432 ], [ 136.662628749244277, 36.560155220633241 ], [ 136.662614306465599, 36.560153222258641 ], [ 136.662599776768474, 36.5601517789881 ], [ 136.662585168333464, 36.560150916053615 ], [ 136.662555917718606, 36.560150889139479 ], [ 136.662541306215871, 36.560151721795563 ], [ 136.662526749931914, 36.560153111237831 ], [ 136.662512332717483, 36.560155082698294 ], [ 136.662498027985748, 36.560157610944948 ], [ 136.662483888910373, 36.560160722891922 ], [ 136.662469943100717, 36.560164361346679 ], [ 136.662442832724878, 36.560173249740096 ], [ 136.662429693722942, 36.560178472764612 ], [ 136.662416858424308, 36.560184138190237 ], [ 136.662396966370096, 36.560194474900598 ], [ 136.662360715241022, 36.560216204701149 ], [ 136.66232590593566, 36.560239431600522 ], [ 136.66228620056512, 36.560269180131463 ], [ 136.662229274093221, 36.56031891409053 ], [ 136.662188129966694, 36.560358770561677 ], [ 136.661974083569163, 36.560570389684507 ], [ 136.661544194118591, 36.560994028277953 ], [ 136.660888884224363, 36.561607248363245 ], [ 136.660872481179013, 36.561621526312393 ], [ 136.660854670054732, 36.561634613311021 ], [ 136.660835633891622, 36.56164653122687 ], [ 136.660815487217491, 36.561657224549528 ], [ 136.660794369101836, 36.561666588986725 ], [ 136.660772393049967, 36.561674570710181 ], [ 136.660749719605349, 36.56168112766656 ], [ 136.660726464318429, 36.561686237988134 ], [ 136.660678810511286, 36.561691928645764 ], [ 136.660663476051553, 36.56169239964315 ], [ 136.660594306349054, 36.561691805850018 ], [ 136.660512805474923, 36.561680143618467 ], [ 136.660378249578883, 36.561659720835642 ], [ 136.660324194483564, 36.561654082324146 ], [ 136.660098389553582, 36.561653611326768 ], [ 136.659663944553671, 36.56166336265467 ], [ 136.659668779264621, 36.561801861116393 ], [ 136.659862444819481, 36.561976111643524 ], [ 136.659924748987009, 36.562085694230383 ], [ 136.659976098362137, 36.562134430684274 ], [ 136.66028832068281, 36.562455512962487 ], [ 136.660401110153799, 36.562581139738668 ], [ 136.660448475596212, 36.562648191262113 ], [ 136.660825032908434, 36.563226137007909 ], [ 136.661044750479192, 36.563559749498566 ], [ 136.661073555253523, 36.56357577686655 ], [ 136.661094778693865, 36.563594028015025 ], [ 136.661912889912657, 36.564551860061933 ], [ 136.662073111293097, 36.564663417473518 ], [ 136.662103862018142, 36.564656083371453 ], [ 136.662171722831062, 36.564639852465312 ], [ 136.662171721808477, 36.564639887790115 ], [ 136.662171757598429, 36.564639844054646 ], [ 136.662179471866523, 36.564637998754201 ], [ 136.662182474132038, 36.564627014422442 ] ] ] } },
{ "type": "Feature", "properties": { "P12_001": 10209, "P12_002": "舳倉島", "P12_003": "17", "P12_004": "17204", "P12_005": "‐", "P12_006": "輪島市海士町舳倉島", "P12_007": 1 }, "geometry": { "type": "Polygon", "coordinates": [ [ [ 136.925000000148231, 37.851652916973109 ], [ 136.924713973003264, 37.85087897239616 ], [ 136.923767889194124, 37.850251417169183 ], [ 136.923657333015996, 37.85035227789384 ], [ 136.924599887936068, 37.850958971301154 ], [ 136.92468072311712, 37.851178916984814 ], [ 136.92472541760668, 37.851171831838514 ], [ 136.924995249288003, 37.851897028186634 ], [ 136.924435360513343, 37.852276307237545 ], [ 136.922950027482415, 37.850932916735374 ], [ 136.923215639017343, 37.850480806350312 ], [ 136.923179555589741, 37.85046297068881 ], [ 136.922920611211225, 37.850906278469267 ], [ 136.922753416925929, 37.851006861641899 ], [ 136.922873610826315, 37.851125640452601 ], [ 136.922775582153264, 37.85118952788293 ], [ 136.922654305351273, 37.851078083174286 ], [ 136.922485777634705, 37.851187332698714 ], [ 136.922327723080087, 37.851043806339959 ], [ 136.921366472512716, 37.850150250296224 ], [ 136.920128723107609, 37.850081890072921 ], [ 136.920082943671275, 37.850000000449874 ], [ 136.920081917011004, 37.84999813832809 ], [ 136.919962583092001, 37.849784556155463 ], [ 136.920565805315562, 37.849569833496318 ], [ 136.920376443757817, 37.849249027088 ], [ 136.919798444245885, 37.849458250852727 ], [ 136.919894223264919, 37.849011223875102 ], [ 136.919814111040836, 37.848997110775038 ], [ 136.919711832566861, 37.849477692951723 ], [ 136.919007277746601, 37.849594000708315 ], [ 136.918731611280862, 37.849658000841586 ], [ 136.918570723184757, 37.849520917054136 ], [ 136.918362167988136, 37.848875667464874 ], [ 136.918489500449652, 37.848605360386358 ], [ 136.918871722799679, 37.848293141269558 ], [ 136.919080250386941, 37.848287139417231 ], [ 136.919410361547193, 37.84843436142328 ], [ 136.919633222498135, 37.848555417842739 ], [ 136.919824332650563, 37.848728583393765 ], [ 136.919879332600573, 37.848678528147204 ], [ 136.919686556681626, 37.848503806622695 ], [ 136.919439111102719, 37.848367473066787 ], [ 136.919658917637094, 37.847712443553355 ], [ 136.920399332964678, 37.847867970252494 ], [ 136.920620806288156, 37.84791449974724 ], [ 136.920623555978864, 37.847901222667524 ], [ 136.920632528008042, 37.847858557033433 ], [ 136.92070077739757, 37.84786688864066 ], [ 136.92072830600452, 37.847799056607272 ], [ 136.921059943861792, 37.847909278404856 ], [ 136.92112408354248, 37.847933388424309 ], [ 136.921496055650806, 37.848149527439858 ], [ 136.92153722329644, 37.848091083393534 ], [ 136.921164306333424, 37.847874387591801 ], [ 136.921091555590777, 37.847847056286689 ], [ 136.920729443102374, 37.847726612163825 ], [ 136.92070436048283, 37.84778877877158 ], [ 136.920172806100311, 37.847675307092075 ], [ 136.920211223032624, 37.847588611613617 ], [ 136.920018749794394, 37.847523694717587 ], [ 136.919833638037574, 37.847638693774314 ], [ 136.918856082591532, 37.847576582676957 ], [ 136.918634443611751, 37.847703388628723 ], [ 136.918606943636718, 37.847719111530544 ], [ 136.918504611989135, 37.847714971800002 ], [ 136.918407528170746, 37.847679583075433 ], [ 136.918328832206129, 37.847642111869582 ], [ 136.918257972195391, 37.847602554818202 ], [ 136.918200249141478, 37.847548443947773 ], [ 136.918142528132677, 37.847458944352773 ], [ 136.918084806101319, 37.84737569388372 ], [ 136.918024805784, 37.847307362256686 ], [ 136.918027250748878, 37.847201138890426 ], [ 136.918014138333774, 37.847138693048507 ], [ 136.917993138836238, 37.847047141250634 ], [ 136.917948527174843, 37.847017973055742 ], [ 136.917873111614796, 37.847037304133927 ], [ 136.917814721845218, 37.847049222049776 ], [ 136.917701888403712, 37.847059612588403 ], [ 136.917649418291859, 37.847038806279144 ], [ 136.917519499750796, 37.846979527894604 ], [ 136.91748394396933, 37.846923416967442 ], [ 136.917494777075888, 37.846852861559917 ], [ 136.917448667349475, 37.846785360906829 ], [ 136.917445055632214, 37.846726193543105 ], [ 136.91740255660045, 37.846667029543639 ], [ 136.917320888024818, 37.846627583513062 ], [ 136.917267555886468, 37.846630360715473 ], [ 136.91719311074533, 37.846667029543639 ], [ 136.917115056954685, 37.846672583948454 ], [ 136.917061722771194, 37.846728970745509 ], [ 136.916916443183567, 37.84674591655839 ], [ 136.91685950035054, 37.846773972863033 ], [ 136.916799222916751, 37.846773972863033 ], [ 136.916717556386288, 37.8467375815869 ], [ 136.916672832242199, 37.846740278046894 ], [ 136.916671443592122, 37.846740360471436 ], [ 136.916666667167675, 37.846743834077117 ], [ 136.916632556277591, 37.846768415093955 ], [ 136.916596999473569, 37.846824805255274 ], [ 136.916305889133099, 37.846883972619004 ], [ 136.91620311164499, 37.846875361777613 ], [ 136.91607922217662, 37.84679647308073 ], [ 136.915961999864692, 37.84679647308073 ], [ 136.91589477815802, 37.846762860689132 ], [ 136.915777555846063, 37.84676008180459 ], [ 136.915688944020161, 37.846692305281614 ], [ 136.915582556859931, 37.846669805063918 ], [ 136.915539776621415, 37.846619250223704 ], [ 136.915458806461089, 37.846566056116032 ], [ 136.915364943738211, 37.846469168590701 ], [ 136.915298667908814, 37.846436193727705 ], [ 136.91524894442, 37.846399528263802 ], [ 136.915156722921978, 37.846385361335464 ], [ 136.915085611359018, 37.846283970738753 ], [ 136.915000611250349, 37.846272860246984 ], [ 136.914982832848324, 37.846253140595962 ], [ 136.91493311140465, 37.846151749999251 ], [ 136.91493311140465, 37.84603924891077 ], [ 136.914886999633069, 37.845974249590199 ], [ 136.91481949978737, 37.845926473634535 ], [ 136.91479116744037, 37.845788415891789 ], [ 136.914727277266792, 37.84571813803629 ], [ 136.914727277266792, 37.845639249339406 ], [ 136.914711472424869, 37.845543194470153 ], [ 136.914693111157931, 37.84533922232621 ], [ 136.914677389144202, 37.845266387627795 ], [ 136.914641722925154, 37.845231806327305 ], [ 136.914583610272075, 37.845188082631239 ], [ 136.914534443061314, 37.845157360144995 ], [ 136.914504667868073, 37.845101806004024 ], [ 136.914472722781255, 37.845056166357899 ], [ 136.914427193874587, 37.844964722216574 ], [ 136.914391443804817, 37.844851279133337 ], [ 136.914338887797101, 37.844752305762462 ], [ 136.914310972658654, 37.844674027680036 ], [ 136.914239193357503, 37.844635749050113 ], [ 136.91418147234873, 37.844558722475014 ], [ 136.914147361458674, 37.844498389392768 ], [ 136.914076528034769, 37.844467167312878 ], [ 136.914010917898423, 37.844446332407344 ], [ 136.913954917874946, 37.844370333615814 ], [ 136.913864056395028, 37.844301776582888 ], [ 136.913703944429557, 37.844154971745944 ], [ 136.913633082373707, 37.844148722619991 ], [ 136.913567500869334, 37.844113332213283 ], [ 136.913423944312171, 37.844249527834243 ], [ 136.913375611518546, 37.844268137277155 ], [ 136.913297555682732, 37.844324527438474 ], [ 136.913186249960802, 37.844368611111115 ], [ 136.913115388927508, 37.84442897110749 ], [ 136.913055056274942, 37.844460166273251 ], [ 136.913020943339745, 37.844572583255058 ], [ 136.912944861064034, 37.844622527480801 ], [ 136.912892388907039, 37.844695360497084 ], [ 136.912818972471342, 37.844834750489561 ], [ 136.912795361330041, 37.844899277130622 ], [ 136.912745499794255, 37.84496172129041 ], [ 136.912737638276099, 37.845157360144995 ], [ 136.912677276991559, 37.845167777597759 ], [ 136.912637917249697, 37.845217721823509 ], [ 136.912653667895398, 37.845292639003198 ], [ 136.912538389489043, 37.845290083842414 ], [ 136.912530332659998, 37.845340527661811 ], [ 136.91253297191318, 37.845419611486179 ], [ 136.912582832426381, 37.845461249336701 ], [ 136.91262391724382, 37.845487971709488 ], [ 136.912669499324153, 37.845503972163336 ], [ 136.912753500381939, 37.845502165551956 ], [ 136.912790111455649, 37.845463306585977 ], [ 136.912813721574395, 37.845415443159368 ], [ 136.912939667431004, 37.845450831883937 ], [ 136.91298163881666, 37.845494528665867 ], [ 136.912963277549721, 37.84554658396916 ], [ 136.912985888617584, 37.8456156389136 ], [ 136.913083110482887, 37.845696751390967 ], [ 136.913162722670251, 37.845729694293432 ], [ 136.913217832035258, 37.845708889666305 ], [ 136.913272916858574, 37.845721359321942 ], [ 136.913305693294802, 37.845859803955392 ], [ 136.913261111287937, 37.846007582747632 ], [ 136.913208611521554, 37.846103306236586 ], [ 136.913135138844495, 37.846188667783174 ], [ 136.913087917584448, 37.846230277037435 ], [ 136.912981722667382, 37.846289806059865 ], [ 136.912942832285154, 37.846340360900072 ], [ 136.912935611918385, 37.84642480568391 ], [ 136.912839777680546, 37.846481194163097 ], [ 136.912807832593757, 37.846534805439873 ], [ 136.912786722658666, 37.846698140602726 ], [ 136.912722832485059, 37.846802306719709 ], [ 136.912737000192408, 37.846875361777613 ], [ 136.912729777780498, 37.846957027676908 ], [ 136.912637556282505, 37.847030361968976 ], [ 136.912616443279688, 37.847072583519825 ], [ 136.912616443279688, 37.847111751998369 ], [ 136.912641167999737, 37.847153971867087 ], [ 136.912595056228156, 37.847260916868613 ], [ 136.91260922291292, 37.847350916057266 ], [ 136.912580888520807, 37.8473875832033 ], [ 136.91252394364264, 37.847407306218585 ], [ 136.912488668045341, 37.847438418959804 ], [ 136.912467277926083, 37.847522860379371 ], [ 136.91249561129564, 37.847582027743101 ], [ 136.912421167177087, 37.847649526714051 ], [ 136.91238199967836, 37.847731194295477 ], [ 136.912403388775061, 37.84781008299236 ], [ 136.912396444502178, 37.847860637832568 ], [ 136.912460055514174, 37.847953693457789 ], [ 136.912456721935968, 37.847984526964844 ], [ 136.91241755648241, 37.848010081936977 ], [ 136.912367831971011, 37.848004249980136 ], [ 136.912318388666392, 37.848018416908467 ], [ 136.912233110418669, 37.848125360227868 ], [ 136.912158667322672, 37.848164804576307 ], [ 136.912073388052363, 37.848238138868375 ], [ 136.912034499715276, 37.848294249795529 ], [ 136.912051999978246, 37.848347861072313 ], [ 136.912013111641159, 37.848449249986892 ], [ 136.912069777357715, 37.848539249175538 ], [ 136.912080611486857, 37.848609806265195 ], [ 136.912133667531293, 37.848657582220866 ], [ 136.912153666955362, 37.848715360142322 ], [ 136.912193667848612, 37.84874480588924 ], [ 136.912236443996875, 37.848767306106936 ], [ 136.912318110527337, 37.848733693715339 ], [ 136.912371167594358, 37.848739249802293 ], [ 136.912350055614155, 37.848820917383712 ], [ 136.91235699988701, 37.848852028442799 ], [ 136.912396167385708, 37.848885639152257 ], [ 136.912552278034781, 37.848958971762194 ], [ 136.912598388783778, 37.849015360241381 ], [ 136.912701167294472, 37.849051751517521 ], [ 136.912733111358705, 37.849099805025212 ], [ 136.912701167294472, 37.849232027446845 ], [ 136.912765056445522, 37.849293970330855 ], [ 136.912786443497055, 37.849353139376717 ], [ 136.912818388583872, 37.849375639594413 ], [ 136.912867832911076, 37.849400918696645 ], [ 136.912928388483891, 37.849409526173766 ], [ 136.913002831579888, 37.849387027638208 ], [ 136.913077277743611, 37.849417861145263 ], [ 136.913121443564478, 37.84941925058753 ], [ 136.913173110958866, 37.849420638347667 ], [ 136.913226443097216, 37.849403694216925 ], [ 136.913304499955615, 37.849400918696645 ], [ 136.913396722476193, 37.849358693781532 ], [ 136.913460611627215, 37.849358693781532 ], [ 136.913549222430561, 37.84941230674044 ], [ 136.913648667363077, 37.849417861145263 ], [ 136.913701723407513, 37.849448972204343 ], [ 136.913730332870983, 37.849510916770484 ], [ 136.913708943774282, 37.849555917205869 ], [ 136.913715888047165, 37.849581192943845 ], [ 136.913801167317445, 37.849643137509979 ], [ 136.913825888969768, 37.849690916829914 ], [ 136.913793943882979, 37.849797861831448 ], [ 136.913829500687001, 37.849915915642605 ], [ 136.913801167317445, 37.849958416427619 ], [ 136.913735889516374, 37.84997119559582 ], [ 136.913723833416071, 37.84999813832809 ], [ 136.91372300002152, 37.850000000449874 ], [ 136.913701361417736, 37.850048417298403 ], [ 136.913612139117532, 37.850073390252341 ], [ 136.913522943404132, 37.850090028234796 ], [ 136.913419500222943, 37.850067028423446 ], [ 136.913383111046926, 37.850092860947605 ], [ 136.913318667662963, 37.850107582980002 ], [ 136.913208666740331, 37.850217306866071 ], [ 136.913158943251517, 37.850369528172884 ], [ 136.913158222339661, 37.850439666411305 ], [ 136.91317397298539, 37.850479223462685 ], [ 136.913231693994163, 37.850537500977794 ], [ 136.913305167693807, 37.850541639026204 ], [ 136.913336639330709, 37.85059994345545 ], [ 136.913402250489611, 37.850645721036514 ], [ 136.913517693529769, 37.850614500638756 ], [ 136.913608111214302, 37.850534251095873 ], [ 136.913781055410681, 37.850571917429207 ], [ 136.913903418182031, 37.850589527684818 ], [ 136.914018861222189, 37.850574972183644 ], [ 136.914084443749118, 37.850591610166092 ], [ 136.914143000197612, 37.850673555299544 ], [ 136.914223472366331, 37.850718471628262 ], [ 136.914275999742102, 37.850735222313652 ], [ 136.914304861780352, 37.850801831435987 ], [ 136.91441244432491, 37.850793501510893 ], [ 136.914475417253215, 37.850764360230137 ], [ 136.91451738863887, 37.850676944798543 ], [ 136.91456199927768, 37.850641556073974 ], [ 136.91464858232473, 37.850656138489285 ], [ 136.914716806149983, 37.850647806882058 ], [ 136.914798472680474, 37.850587278672329 ], [ 136.914840111730854, 37.850535416814388 ], [ 136.914976611532438, 37.850489610637048 ], [ 136.91498972190243, 37.850389693589285 ], [ 136.91510533264406, 37.850404139751781 ], [ 136.915139277877785, 37.850466721846516 ], [ 136.915134026980809, 37.850547888152157 ], [ 136.915152388247748, 37.850591610166092 ], [ 136.915204889036687, 37.850610332311945 ], [ 136.915265221689253, 37.850595749896634 ], [ 136.915454500418832, 37.850670636797922 ], [ 136.91566100024977, 37.850709026448655 ], [ 136.915741721925571, 37.850727026959241 ], [ 136.915837556163382, 37.850817027830026 ], [ 136.915822999879452, 37.850905166579025 ], [ 136.915929777661404, 37.85103119370298 ], [ 136.915999832909534, 37.851068192229306 ], [ 136.915984111918362, 37.851128557272091 ], [ 136.915858944237499, 37.851239527619086 ], [ 136.915812832465946, 37.851312582676989 ], [ 136.915776831866509, 37.851365832295066 ], [ 136.915674471586954, 37.851353334043161 ], [ 136.915513722560377, 37.851397806288638 ], [ 136.91537005556566, 37.851402028443722 ], [ 136.915309778131871, 37.851434502030934 ], [ 136.915178528204649, 37.851426167059444 ], [ 136.915093610924146, 37.851412001813245 ], [ 136.915015889468719, 37.851401194105506 ], [ 136.914942000605663, 37.85142980719634 ], [ 136.914863943747292, 37.851553694646483 ], [ 136.914773389038373, 37.851606471585043 ], [ 136.914703668170631, 37.851673832621053 ], [ 136.914636249107957, 37.851720417626197 ], [ 136.914567277784016, 37.851752028278931 ], [ 136.914478666980671, 37.851828139773403 ], [ 136.914449111639954, 37.851865362023496 ], [ 136.914446721893881, 37.851903972033718 ], [ 136.914496360509389, 37.851923639538605 ], [ 136.91456719291071, 37.851913223767966 ], [ 136.914645917507301, 37.851871611149448 ], [ 136.914788167219996, 37.851820832585481 ], [ 136.914863943747292, 37.851812859272691 ], [ 136.914918806672915, 37.851840360473282 ], [ 136.914955527161624, 37.851917360134244 ], [ 136.914945056044814, 37.852140083020316 ], [ 136.915008027950563, 37.85215463852149 ], [ 136.915109973066706, 37.85209144413016 ], [ 136.915204777576548, 37.85197063834859 ], [ 136.915307137856132, 37.851969417119669 ], [ 136.915403417934471, 37.852053639861879 ], [ 136.915457082408068, 37.852159999480953 ], [ 136.91546194370585, 37.852281637918608 ], [ 136.915506526735271, 37.852310806113493 ], [ 136.915572137894202, 37.852317056921578 ], [ 136.915642972340663, 37.852287917322961 ], [ 136.915690887925734, 37.852406640623258 ], [ 136.915801083136643, 37.852442000751559 ], [ 136.915802667097552, 37.852535779694186 ], [ 136.915766918050366, 37.852583056056204 ], [ 136.915688249695108, 37.852641804568691 ], [ 136.915645888710316, 37.852776750364463 ], [ 136.915617388661843, 37.852891582889974 ], [ 136.915664611967003, 37.853012306247003 ], [ 136.915751222623442, 37.853049748856577 ], [ 136.915857777485144, 37.853033279087477 ], [ 136.915903389220006, 37.853020610940092 ], [ 136.915963750504517, 37.852949860405083 ], [ 136.915989972267027, 37.852901971746469 ], [ 136.916067832791981, 37.852892639269811 ], [ 136.916137861453279, 37.852909193145585 ], [ 136.916178889006829, 37.852889498726569 ], [ 136.916234000416978, 37.852822889604234 ], [ 136.916265944481211, 37.852763833261314 ], [ 136.91641486135029, 37.852716583813432 ], [ 136.916642833106096, 37.852683972291267 ], [ 136.916666667167675, 37.852692556218521 ], [ 136.916672832242199, 37.852694778316874 ], [ 136.916736638565055, 37.852717749531948 ], [ 136.916779832944428, 37.852760307509499 ], [ 136.916869221923548, 37.85279811177778 ], [ 136.916904973015875, 37.852870192880388 ], [ 136.917000110883549, 37.852906082880743 ], [ 136.917097193679353, 37.852866556107756 ], [ 136.917170667378969, 37.852854056173719 ], [ 136.917215278017807, 37.852885278253616 ], [ 136.917215278017807, 37.852976860329889 ], [ 136.917134777217115, 37.853028971143587 ], [ 136.917191639267116, 37.853195416571275 ], [ 136.917154917755852, 37.853268249587558 ], [ 136.91709458203556, 37.853334858709893 ], [ 136.917102443553716, 37.853424361669163 ], [ 136.917128667361368, 37.85354925167087 ], [ 136.917042082269205, 37.853665805018949 ], [ 136.917023722024851, 37.853713665081294 ], [ 136.916937137955244, 37.853734499986821 ], [ 136.916908277962108, 37.853790693338524 ], [ 136.916895167592145, 37.853855221661718 ], [ 136.916960750119102, 37.853873943807571 ], [ 136.917072276716141, 37.853835360711479 ], [ 136.917130611266941, 37.853827584208311 ], [ 136.917189027623323, 37.853761555422039 ], [ 136.917257250426019, 37.853719942803515 ], [ 136.917359556509382, 37.853740722198637 ], [ 136.917456056440273, 37.853715000695288 ], [ 136.917532027255874, 37.853697279418867 ], [ 136.917585193737864, 37.853632498775646 ], [ 136.917614056798698, 37.853518027908841 ], [ 136.917767389125061, 37.853477500266422 ], [ 136.91786699971388, 37.853449805620478 ], [ 136.917927277147669, 37.85351175018662 ], [ 136.917959222234487, 37.853520083475978 ], [ 136.918086999513974, 37.853492028853466 ], [ 136.91814727797032, 37.853492028853466 ], [ 136.91817561031732, 37.853525639562925 ], [ 136.918136721980233, 37.853598972172861 ], [ 136.918136721980233, 37.853683416956692 ], [ 136.918157831915295, 37.853708694376799 ], [ 136.918221722088902, 37.853714528015779 ], [ 136.918402832529324, 37.853652305897612 ], [ 136.91848452769176, 37.853669250028354 ], [ 136.918583777313387, 37.853598028495966 ], [ 136.918634722773362, 37.85356585937491 ], [ 136.918702943530889, 37.853582499039497 ], [ 136.918722278284463, 37.853679583374451 ], [ 136.918658417765386, 37.853787581391551 ], [ 136.918670138462744, 37.853880472167688 ], [ 136.918701417856454, 37.85392772161557 ], [ 136.918731806591722, 37.853955084881214 ], [ 136.918945638249568, 37.853922860249753 ], [ 136.919012556252937, 37.853921750041643 ], [ 136.919049305373591, 37.853961278496755 ], [ 136.919036473142654, 37.854020361753811 ], [ 136.918988943066495, 37.854065362189203 ], [ 136.919002083090987, 37.854179833056016 ], [ 136.919128027925041, 37.854184001382826 ], [ 136.919251332483356, 37.854225639233348 ], [ 136.919246082608964, 37.85426308184293 ], [ 136.919190973243957, 37.854313027750813 ], [ 136.919044806065585, 37.854322583951223 ], [ 136.918912860790783, 37.854358807014009 ], [ 136.918826250134344, 37.854362971976556 ], [ 136.918722027754825, 37.854300083733527 ], [ 136.91864783212074, 37.854313000836676 ], [ 136.918613722253269, 37.854360887813151 ], [ 136.918637332371986, 37.85443163834816 ], [ 136.918701388201924, 37.854523306213245 ], [ 136.918784276703548, 37.854602305930939 ], [ 136.91886563850818, 37.854602305930939 ], [ 136.918902361042029, 37.854427471703481 ], [ 136.918999443837833, 37.854410805124765 ], [ 136.919107027404948, 37.85448574921859 ], [ 136.919256582357718, 37.854496139757217 ], [ 136.919288056039761, 37.854539860089019 ], [ 136.91934286067891, 37.854545083113535 ], [ 136.919442888476311, 37.854548195060509 ], [ 136.919484860884523, 37.854602305930939 ], [ 136.919462306058051, 37.854662305950747 ], [ 136.919377305949354, 37.854758138778379 ], [ 136.919400889481267, 37.854812527200835 ], [ 136.919477000388952, 37.854856222300633 ], [ 136.919589831785316, 37.85486244283031 ], [ 136.919655082999583, 37.854846472654863 ], [ 136.919753418443634, 37.85484258356221 ], [ 136.919808222060226, 37.854920390647251 ], [ 136.919836527820394, 37.854975943106091 ], [ 136.91985783204376, 37.855018305956158 ], [ 136.919910306245896, 37.855030805890195 ], [ 136.919987001041022, 37.854988942633781 ], [ 136.920027194177436, 37.854912138100303 ], [ 136.920070361970005, 37.854837220920615 ], [ 136.920040611318399, 37.8547762217135 ], [ 136.91998377790037, 37.854751887970295 ], [ 136.919884193898355, 37.854798693334928 ], [ 136.91985783204376, 37.854822667101573 ], [ 136.919781749768049, 37.85477508459126 ], [ 136.919729527118164, 37.854680360289606 ], [ 136.919662305411492, 37.854618417405604 ], [ 136.919585639248311, 37.854598973624476 ], [ 136.919598056315834, 37.85451877790986 ], [ 136.919661027198998, 37.854475055895932 ], [ 136.919737111519851, 37.854452167105393 ], [ 136.919873973311212, 37.854487860296132 ], [ 136.9199389719507, 37.854471750503599 ], [ 136.919988693394373, 37.854562028926416 ], [ 136.920080916937536, 37.854595639635875 ], [ 136.920148417805791, 37.85457591662059 ], [ 136.920251193248788, 37.85458175025957 ], [ 136.920337918433063, 37.854522942872407 ], [ 136.920556472319163, 37.854553416402894 ], [ 136.920605916646366, 37.854550637518351 ], [ 136.920627306765624, 37.854567583331232 ], [ 136.920521582230748, 37.85465822173061 ], [ 136.920521582230748, 37.854710278716034 ], [ 136.920589806056029, 37.854739416632526 ], [ 136.920765611403283, 37.854762305423058 ], [ 136.920784000279582, 37.854724279113157 ], [ 136.920860082555294, 37.854672807510191 ], [ 136.9209076381957, 37.854587193643574 ], [ 136.921010638604088, 37.854595639635875 ], [ 136.921053138658436, 37.854621194608008 ], [ 136.92116674925316, 37.854601471592723 ], [ 136.921254721972815, 37.854517470892134 ], [ 136.921282500086875, 37.85456872213561 ], [ 136.921261500589338, 37.854662388375289 ], [ 136.921290916860528, 37.854708416594249 ], [ 136.921227388676726, 37.854766472067737 ], [ 136.921224750446129, 37.85479977831104 ], [ 136.921348081591248, 37.854818500456894 ], [ 136.921399806249553, 37.854853971606005 ], [ 136.92145397280504, 37.85484369377032 ], [ 136.921539250030179, 37.854758973116596 ], [ 136.921663417637575, 37.854770361160391 ], [ 136.9217071386405, 37.854844943595509 ], [ 136.921734250038895, 37.854911192741277 ], [ 136.921702305974662, 37.854961749263616 ], [ 136.921666750193197, 37.854987305917881 ], [ 136.921620638421615, 37.855091472034871 ], [ 136.921588972496437, 37.85511675113711 ], [ 136.92155011176871, 37.855166084748397 ], [ 136.921510749981707, 37.855191056020203 ], [ 136.921461750472446, 37.855196972083725 ], [ 136.921397307088483, 37.855206748643624 ], [ 136.921348081591248, 37.85524933185318 ], [ 136.921361944572737, 37.85528438919745 ], [ 136.921382806023303, 37.855319862028701 ], [ 136.921408443898343, 37.855353388631492 ], [ 136.921466166952285, 37.855355471112759 ], [ 136.921652582485848, 37.855257582717996 ], [ 136.921762638627229, 37.855307611050421 ], [ 136.921702361193439, 37.855486638836695 ], [ 136.921723916969057, 37.85553611206506 ], [ 136.921783694366098, 37.855526168973938 ], [ 136.921872582285943, 37.855437582777434 ], [ 136.92194702742708, 37.855406750952511 ], [ 136.921957582394612, 37.855325081688953 ], [ 136.92194702742708, 37.85524341747179 ], [ 136.921985722498448, 37.855226471658916 ], [ 136.922056556944909, 37.855236860515411 ], [ 136.922095917709356, 37.855216057570416 ], [ 136.922095917709356, 37.855161943335723 ], [ 136.92214052732561, 37.855145307035407 ], [ 136.922214000002668, 37.855143221189863 ], [ 136.922248082260779, 37.855103667502746 ], [ 136.922248306203613, 37.855012610252125 ], [ 136.922221831866295, 37.854985056905392 ], [ 136.922227082763243, 37.854922611063472 ], [ 136.922179860480639, 37.854872638241453 ], [ 136.922222999641235, 37.854828250102656 ], [ 136.922195611126369, 37.854762332337195 ], [ 136.922081750002008, 37.854722581840456 ], [ 136.922046472359568, 37.854671749448215 ], [ 136.921993139198662, 37.854638140420889 ], [ 136.92194702742708, 37.854621194608008 ], [ 136.921868972613822, 37.854604250477266 ], [ 136.921844249938943, 37.854578971375027 ], [ 136.921862027318383, 37.854455082242751 ], [ 136.921798139189946, 37.854364807184204 ], [ 136.921805361601855, 37.854300083733527 ], [ 136.921837306688644, 37.854249527211188 ], [ 136.921933138881343, 37.854252306095724 ], [ 136.921993418360273, 37.854215638949697 ], [ 136.922149249847706, 37.85418452789061 ], [ 136.922247972845781, 37.854227361738054 ], [ 136.922313582982127, 37.854271055155721 ], [ 136.922347693872183, 37.854354305624767 ], [ 136.922494639226329, 37.854504193812417 ], [ 136.922568583308163, 37.854519721586755 ], [ 136.922649526881656, 37.854407028735054 ], [ 136.922727306623557, 37.854386748933578 ], [ 136.922785888636298, 37.854323112141145 ], [ 136.922847138534138, 37.854296416682494 ], [ 136.922851472185812, 37.854331416834235 ], [ 136.922804223316405, 37.854426776982343 ], [ 136.922694056737441, 37.854443833816035 ], [ 136.922683555966103, 37.854512500187639 ], [ 136.922748806157813, 37.854594194683202 ], [ 136.922825249400745, 37.854672777231784 ], [ 136.922954389766034, 37.854681638711064 ], [ 136.92306480585205, 37.854708416594249 ], [ 136.923129556007041, 37.854720638976261 ], [ 136.923137444112001, 37.854760192663385 ], [ 136.923098082324998, 37.854801805281902 ], [ 136.923003416884683, 37.854831471388309 ], [ 136.922948527372228, 37.854880916020413 ], [ 136.922988611093643, 37.854935721611973 ], [ 136.923039277392007, 37.854981832255476 ], [ 136.92312119342958, 37.855027917666973 ], [ 136.923205639305309, 37.855068221585633 ], [ 136.923286972477968, 37.855197251317882 ], [ 136.923344694509325, 37.85523888748628 ], [ 136.923397193253123, 37.85523888748628 ], [ 136.923428610693804, 37.855199305202888 ], [ 136.923348693780611, 37.855142028557211 ], [ 136.923365638788084, 37.855047361448101 ], [ 136.923433860568196, 37.855011971041392 ], [ 136.923488944368955, 37.855020306012889 ], [ 136.923507305635866, 37.855086918499488 ], [ 136.923630638826154, 37.855147276813732 ], [ 136.923614889203009, 37.855265917689486 ], [ 136.923583417566107, 37.855317944396511 ], [ 136.923512556532813, 37.855342917350448 ], [ 136.923528693709983, 37.855400082975315 ], [ 136.923635888700517, 37.855428248618637 ], [ 136.923717194263787, 37.85533636039407 ], [ 136.923677862131314, 37.855270054055765 ], [ 136.923691000110665, 37.855203471847567 ], [ 136.923743473290216, 37.855174305334813 ], [ 136.923805361271775, 37.855214249276905 ], [ 136.923785443653315, 37.855263833526081 ], [ 136.923879888218494, 37.855359557015035 ], [ 136.923940249503033, 37.855359557015035 ], [ 136.923998611663222, 37.85531030582829 ], [ 136.924043306152782, 37.855283139372261 ], [ 136.924104389371735, 37.855254776919317 ], [ 136.924158000671696, 37.85519097191353 ], [ 136.924315918201927, 37.855166138576671 ], [ 136.924331111546991, 37.855124361109063 ], [ 136.924315388510649, 37.855076499364586 ], [ 136.92429074968652, 37.855043221717558 ], [ 136.924212055767015, 37.855039056755011 ], [ 136.924159582587464, 37.855047388362237 ], [ 136.924080861058599, 37.854968306220002 ], [ 136.924090360733885, 37.854897305047103 ], [ 136.924031000545398, 37.854885028836819 ], [ 136.923991638758395, 37.854932917495425 ], [ 136.923944417498348, 37.854897528770856 ], [ 136.923941777222609, 37.854841333737021 ], [ 136.923849999519973, 37.854776807095959 ], [ 136.923748306978609, 37.854694665152891 ], [ 136.923692556462214, 37.854643612401162 ], [ 136.923703418200745, 37.854607029361809 ], [ 136.923741749237195, 37.854566748993015 ], [ 136.923828749492799, 37.854561110481526 ], [ 136.923937472202908, 37.854551666984051 ], [ 136.924038917282331, 37.854529138170086 ], [ 136.924057277526686, 37.854479195626475 ], [ 136.924041777410622, 37.854407499732439 ], [ 136.923947055728945, 37.854393859311884 ], [ 136.923849999519973, 37.854331443748364 ], [ 136.923810861675804, 37.854263332480819 ], [ 136.923737860403492, 37.854154611146313 ], [ 136.923699805460956, 37.854077860441109 ], [ 136.923703418200745, 37.853990640136999 ], [ 136.923632582731699, 37.853920362281507 ], [ 136.923639528027138, 37.853849805191849 ], [ 136.923589806583465, 37.853757027118654 ], [ 136.923618418092076, 37.853692027798083 ], [ 136.923618418092076, 37.853624528827126 ], [ 136.923631611290205, 37.853576110296459 ], [ 136.923646611369549, 37.853544916812837 ], [ 136.923571417707166, 37.852927639421544 ], [ 136.925000000148231, 37.851989860088096 ], [ 136.925006193854728, 37.851985807828491 ], [ 136.925100222233937, 37.851924081939714 ], [ 136.925006193854728, 37.851669665976374 ], [ 136.925000000148231, 37.851652916973109 ] ] ] } },
{ "type": "Feature", "properties": { "P12_001": 10211, "P12_002": "総持寺祖院", "P12_003": "17", "P12_004": "17204", "P12_005": "‐", "P12_006": "輪島市門前町1-18甲", "P12_007": 2 }, "geometry": { "type": "Polygon", "coordinates": [ [ [ 136.770522167355125, 37.286990722059684 ], [ 136.770522167355125, 37.286581834094903 ], [ 136.770629388932463, 37.286574055909604 ], [ 136.770629388932463, 37.286196834107962 ], [ 136.770483000878983, 37.286172944447991 ], [ 136.770469944705212, 37.28608849966416 ], [ 136.770180500131289, 37.2860673872066 ], [ 136.770180500131289, 37.286006833764866 ], [ 136.769884388400982, 37.285998778027533 ], [ 136.769871333249796, 37.285919611778624 ], [ 136.769624111613751, 37.285919611778624 ], [ 136.769624111613751, 37.286294333929888 ], [ 136.769770499667231, 37.286302112115187 ], [ 136.769760778094252, 37.286600443537814 ], [ 136.76972161161811, 37.286605722072736 ], [ 136.769728278774494, 37.286842665715412 ], [ 136.769784666352024, 37.286853779571452 ], [ 136.769789943835775, 37.287011556965219 ], [ 136.769945499229323, 37.287010722627002 ], [ 136.769945499229323, 37.287095444962858 ], [ 136.770343277936746, 37.287082943346689 ], [ 136.770346333375898, 37.287006276748158 ], [ 136.770522167355125, 37.286990722059684 ] ] ] } },
{ "type": "Feature", "properties": { "P12_001": 10212, "P12_002": "阿岸本誓寺", "P12_003": "17", "P12_004": "17204", "P12_005": "‐", "P12_006": "輪島市南カ26乙", "P12_007": 2 }, "geometry": { "type": "Polygon", "coordinates": [ [ [ 136.730664132236967, 37.253552109992434 ], [ 136.730664132236967, 37.253980275207127 ], [ 136.731138683454873, 37.253980275207127 ], [ 136.731138683454873, 37.253552109992434 ], [ 136.730664132236967, 37.253552109992434 ] ] ] } },
{ "type": "Feature", "properties": { "P12_001": 10231, "P12_002": "モータースポーツ公園", "P12_003": "17", "P12_004": "17204", "P12_005": "‐", "P12_006": "輪島市門前町道下118-48-1", "P12_007": 4 }, "geometry": { "type": "Polygon", "coordinates": [ [ [ 136.739235778223758, 37.302917666677736 ], [ 136.739983093853709, 37.302988067328975 ], [ 136.74042553330591, 37.302902429912493 ], [ 136.740867972758082, 37.30267407860773 ], [ 136.74128186001073, 37.302302999957632 ], [ 136.741824211709883, 37.301789200690727 ], [ 136.742295185977923, 37.301175497833121 ], [ 136.742713972363418, 37.300537415814695 ], [ 136.742418499739358, 37.300379833548419 ], [ 136.742325278167868, 37.300317222857416 ], [ 136.742159806913065, 37.300220806329463 ], [ 136.742109444317975, 37.300184083673024 ], [ 136.741898888974418, 37.299999999393449 ], [ 136.741789250041592, 37.299904166565824 ], [ 136.741362500903477, 37.299680750640754 ], [ 136.740658888892739, 37.299495944725912 ], [ 136.740551583464651, 37.299467804314588 ], [ 136.740067833207064, 37.299341694766092 ], [ 136.739527056265672, 37.299183582627762 ], [ 136.739446416395481, 37.299129693798953 ], [ 136.739404805977045, 37.299081221440019 ], [ 136.739362193440002, 37.299013500427442 ], [ 136.739344750440949, 37.298921334650842 ], [ 136.739371221710542, 37.298824805419947 ], [ 136.739137443802264, 37.298805999167413 ], [ 136.738492722620407, 37.298676555630323 ], [ 136.738361332601102, 37.298620167151135 ], [ 136.738242721639097, 37.298558220902862 ], [ 136.737631333171521, 37.298310442638318 ], [ 136.737556825653598, 37.298549418298258 ], [ 136.73752828163461, 37.299234480623205 ], [ 136.737214298448407, 37.299662647520023 ], [ 136.736985938116021, 37.300076543196234 ], [ 136.73705729816345, 37.300247806254269 ], [ 136.737314202514852, 37.300433345579322 ], [ 136.737585369672587, 37.300547522072769 ], [ 136.737770913976505, 37.300775878423927 ], [ 136.737799457995493, 37.300947144846226 ], [ 136.737942177067822, 37.301318218449929 ], [ 136.73834180151411, 37.301860560158062 ], [ 136.738784231763162, 37.30255990211429 ], [ 136.739235778223758, 37.302917666677736 ] ] ] } },
{ "type": "Feature", "properties": { "P12_001": 10046, "P12_002": "成巽閣", "P12_003": "17", "P12_004": "17201", "P12_005": "‐", "P12_006": "金沢市兼六町1-2", "P12_007": 2 }, "geometry": { "type": "Polygon", "coordinates": [ [ [ 136.663179000296708, 36.561187138885884 ], [ 136.663299833303313, 36.561264249567657 ], [ 136.663384278156485, 36.561181668587743 ], [ 136.663401944075815, 36.561192222293322 ], [ 136.663420944448973, 36.561173251191711 ], [ 136.663406861614931, 36.561158889135889 ], [ 136.66346397214943, 36.561101916956375 ], [ 136.663312194129475, 36.560999278216606 ], [ 136.663371638168712, 36.560942332951228 ], [ 136.663464611255705, 36.561001835059528 ], [ 136.663446778657459, 36.561019889398381 ], [ 136.663523278141724, 36.561066916804641 ], [ 136.66358033243489, 36.561012805934212 ], [ 136.663508610397656, 36.560961026500813 ], [ 136.663495527637082, 36.560970500276689 ], [ 136.663410804644855, 36.560914862029044 ], [ 136.663456000193719, 36.560871193843383 ], [ 136.663390110895762, 36.560827083256612 ], [ 136.663344943978871, 36.560868833810083 ], [ 136.663264943214926, 36.560817027462548 ], [ 136.66319897211136, 36.560882916631741 ], [ 136.663295222535197, 36.560948028655261 ], [ 136.663247083007292, 36.560996501014195 ], [ 136.663180528016284, 36.56095419367454 ], [ 136.663139390025179, 36.560928083598348 ], [ 136.663147889627027, 36.56091805640056 ], [ 136.663060918003367, 36.560860192690292 ], [ 136.663004833106584, 36.560916359127859 ], [ 136.66303094443154, 36.560933555578629 ], [ 136.663001056755576, 36.560965416869251 ], [ 136.662985055580208, 36.560954526736971 ], [ 136.662918750096281, 36.561021056799028 ], [ 136.663179000296708, 36.561187138885884 ] ] ] } },
{ "type": "Feature", "properties": { "P12_001": 10062, "P12_002": "健民海浜公園", "P12_003": "17", "P12_004": "17201", "P12_005": "‐", "P12_006": "金沢市普正寺町11-1-1", "P12_007": 4 }, "geometry": { "type": "Polygon", "coordinates": [ [ [ 136.588005999966128, 36.58882825093125 ], [ 136.5873024994155, 36.588673471099376 ], [ 136.587007166883524, 36.58882186050608 ], [ 136.587005667795921, 36.588822583823486 ], [ 136.58674463941972, 36.58895211146725 ], [ 136.586683250452353, 36.588980889407168 ], [ 136.586625277891329, 36.589005862361113 ], [ 136.586567638688138, 36.589028249875867 ], [ 136.586484692922596, 36.589059194403731 ], [ 136.586419360925305, 36.589082167300937 ], [ 136.585979943167473, 36.58923594458124 ], [ 136.585915749290564, 36.589257361504963 ], [ 136.585785970841584, 36.589298139785271 ], [ 136.585531777323268, 36.589378000755318 ], [ 136.584312776739125, 36.589730056157663 ], [ 136.584285221545343, 36.589737693043759 ], [ 136.58421983330669, 36.589755557301523 ], [ 136.584159692897288, 36.589791221895993 ], [ 136.584022639885319, 36.58980652762871 ], [ 136.583867694966074, 36.589846944250311 ], [ 136.583712332838275, 36.589888694803783 ], [ 136.583501110779054, 36.589945054686702 ], [ 136.583188806652799, 36.59005591737715 ], [ 136.582959638490081, 36.590141388262417 ], [ 136.582726638757606, 36.590229639714366 ], [ 136.582524361118203, 36.590304639318596 ], [ 136.582496972603309, 36.590315307409256 ], [ 136.582214583762379, 36.590420526541813 ], [ 136.581893972277442, 36.590539165735436 ], [ 136.581588666620263, 36.590651917461805 ], [ 136.581099000795177, 36.590837667053542 ], [ 136.581105777366588, 36.59087022138317 ], [ 136.580831582379062, 36.591052583158039 ], [ 136.580667472164919, 36.591054223238196 ], [ 136.580668111271166, 36.591059639708071 ], [ 136.580667556015641, 36.591064055308507 ], [ 136.58066427765624, 36.591068612208154 ], [ 136.580659944004566, 36.591073554316381 ], [ 136.580653389330877, 36.591078777340897 ], [ 136.580526499642133, 36.591121722209152 ], [ 136.580105610852712, 36.591197112068357 ], [ 136.580044167689124, 36.591119333579584 ], [ 136.580022749960477, 36.591093832435725 ], [ 136.579904694253969, 36.590947666809505 ], [ 136.579727500256666, 36.590732555577524 ], [ 136.579607638691527, 36.590596999167296 ], [ 136.579568806595802, 36.590558557370422 ], [ 136.579508499507483, 36.590527278097987 ], [ 136.579458666603671, 36.590503807289259 ], [ 136.579408277421777, 36.590479889033027 ], [ 136.57935602818506, 36.590462749774794 ], [ 136.579302999749984, 36.590451250710188 ], [ 136.579250971388404, 36.590450555989051 ], [ 136.579212749766924, 36.590459220658708 ], [ 136.579177416905708, 36.590473500289995 ], [ 136.579077832903693, 36.590537221189109 ], [ 136.579021276602134, 36.590576916175436 ], [ 136.578952389128943, 36.590634056568298 ], [ 136.578904443889371, 36.590680806422533 ], [ 136.578897307373325, 36.590690305430407 ], [ 136.578879416488604, 36.590714166494102 ], [ 136.578859860859922, 36.590758973484142 ], [ 136.578850305965858, 36.590797610408508 ], [ 136.578851110728436, 36.590837722563947 ], [ 136.578869832962567, 36.590878581586665 ], [ 136.578910500571482, 36.590929637702651 ], [ 136.578975443992164, 36.590996694272498 ], [ 136.579021971949743, 36.591046360946216 ], [ 136.579589638391838, 36.591666666177815 ], [ 136.579894999267793, 36.591999582265196 ], [ 136.579907305897763, 36.592009056041071 ], [ 136.580470083432658, 36.592622082681011 ], [ 136.580563889914202, 36.592723249553963 ], [ 136.580612582652464, 36.592773944011256 ], [ 136.580656277068556, 36.592810220902315 ], [ 136.580701056431423, 36.592844692864134 ], [ 136.580758693589473, 36.592891777462931 ], [ 136.58076963815617, 36.592901473280428 ], [ 136.580796806818512, 36.592926222510613 ], [ 136.580813000237043, 36.592942027836976 ], [ 136.580825306866984, 36.59296208223256 ], [ 136.580869583125406, 36.593012998731474 ], [ 136.580913360369692, 36.593125055736714 ], [ 136.580963611504615, 36.593224639722045 ], [ 136.581006777252043, 36.593309945758229 ], [ 136.581033362026886, 36.593354666959463 ], [ 136.581091555463018, 36.593432973638151 ], [ 136.581137917764238, 36.593485499938822 ], [ 136.581453055431979, 36.593812306517336 ], [ 136.581773028833254, 36.594135721914718 ], [ 136.582033582736983, 36.59440158311439 ], [ 136.582259471517688, 36.59464602739034 ], [ 136.582401109733524, 36.594812916901276 ], [ 136.582489499661762, 36.594917029189993 ], [ 136.582533638895796, 36.594961667966686 ], [ 136.582650917449115, 36.595083861508392 ], [ 136.582768833063511, 36.595211387413293 ], [ 136.582816027736726, 36.595263499909123 ], [ 136.582905500566568, 36.595363248743539 ], [ 136.582956000186044, 36.595424362335727 ], [ 136.582970388768501, 36.595439333323874 ], [ 136.582982333408665, 36.595451083026376 ], [ 136.582999166956, 36.595467917818439 ], [ 136.583012889845406, 36.59548180551262 ], [ 136.583027777442055, 36.595496916117852 ], [ 136.583043471846395, 36.595512667615942 ], [ 136.583083221187451, 36.595550722522113 ], [ 136.583124278395502, 36.595589889318525 ], [ 136.583146360794672, 36.595610806648601 ], [ 136.583215972247416, 36.595674862292277 ], [ 136.583249721147695, 36.595708193767585 ], [ 136.583285472240021, 36.595746028314267 ], [ 136.58329530527314, 36.595754918389815 ], [ 136.583413721946869, 36.595862083750831 ], [ 136.583503971929929, 36.595919362078639 ], [ 136.583503331801097, 36.595922278898129 ], [ 136.583503331801097, 36.595924527910618 ], [ 136.583535333129248, 36.595958890533758 ], [ 136.583670083313564, 36.596096221594827 ], [ 136.58369388874317, 36.596121194548772 ], [ 136.583729139798777, 36.596158139246832 ], [ 136.583757028350391, 36.596186166955206 ], [ 136.583813666457559, 36.596237971620603 ], [ 136.583969193219133, 36.596373166372132 ], [ 136.584034277754483, 36.596432527181214 ], [ 136.584070139284393, 36.596464862833486 ], [ 136.584097333510982, 36.596490888802997 ], [ 136.584125249671985, 36.596517555665372 ], [ 136.584150694281277, 36.596546638071459 ], [ 136.584238806070459, 36.59663477850259 ], [ 136.584290472442291, 36.59670169377322 ], [ 136.584387472409929, 36.596840027385859 ], [ 136.584456305686899, 36.59695072186296 ], [ 136.584573971794242, 36.5971119728624 ], [ 136.584646416788445, 36.597211000061549 ], [ 136.584781499308008, 36.597390222975307 ], [ 136.584986666730259, 36.597623166504519 ], [ 136.585103721340715, 36.597749832839206 ], [ 136.585215860457197, 36.59787669430137 ], [ 136.58531008312471, 36.597986389591171 ], [ 136.585631499372255, 36.598394640027358 ], [ 136.585734999817362, 36.598524472137285 ], [ 136.585841416632121, 36.598651861789378 ], [ 136.585975166742998, 36.598811777174824 ], [ 136.585997082463223, 36.598836110918029 ], [ 136.586041943631699, 36.598885888612564 ], [ 136.586100971484939, 36.598960137985252 ], [ 136.586146249861969, 36.599015528959278 ], [ 136.58619541707273, 36.599078861285548 ], [ 136.586261638705935, 36.599151665705563 ], [ 136.586319917015373, 36.599218083064677 ], [ 136.586357444311801, 36.599260999336664 ], [ 136.58647869452696, 36.599409556956715 ], [ 136.586738417081278, 36.599729221196391 ], [ 136.586922221993632, 36.599955749068435 ], [ 136.586979610667157, 36.600032471177364 ], [ 136.587048443944155, 36.600125222336423 ], [ 136.587079249887978, 36.600164331940299 ], [ 136.587111417895045, 36.600200637427626 ], [ 136.58714783263531, 36.600232638335335 ], [ 136.587189861284884, 36.600261693827278 ], [ 136.587234138565861, 36.600290666894686 ], [ 136.587290443315197, 36.600320888105145 ], [ 136.587341332533839, 36.600345470804115 ], [ 136.587388470965692, 36.600362889296505 ], [ 136.587409278220065, 36.600370112377753 ], [ 136.587444499621142, 36.600379638299763 ], [ 136.587473277808641, 36.600380528148385 ], [ 136.58750624955573, 36.600378834239955 ], [ 136.587546221817007, 36.600371917307001 ], [ 136.587568916735592, 36.600360832047237 ], [ 136.587584277782128, 36.600352668653358 ], [ 136.58761927728554, 36.600327749527693 ], [ 136.587631917273313, 36.600315057830436 ], [ 136.587655249253004, 36.600291639167843 ], [ 136.587687583938958, 36.600252110712731 ], [ 136.587713860920246, 36.600216277904913 ], [ 136.587736333941137, 36.600178778102794 ], [ 136.587773971675119, 36.600114555927902 ], [ 136.587807333021374, 36.600053472614114 ], [ 136.587932278804544, 36.599899693651679 ], [ 136.587972082341793, 36.599853443391098 ], [ 136.588004444637164, 36.599809805483837 ], [ 136.588024500302566, 36.599782332879514 ], [ 136.588060111302809, 36.599736082618932 ], [ 136.588114582584154, 36.599646638534338 ], [ 136.588162472604949, 36.599566138353566 ], [ 136.588214667645474, 36.59947033244007 ], [ 136.588288332565696, 36.599325500745721 ], [ 136.588308638760765, 36.599270471430401 ], [ 136.58833266711062, 36.599203500649367 ], [ 136.588348861551708, 36.59913800005301 ], [ 136.588377499647123, 36.599048722499631 ], [ 136.588445722449819, 36.598868555908979 ], [ 136.588475860655421, 36.598801918190375 ], [ 136.58849722112015, 36.598732195438934 ], [ 136.588538888802503, 36.598617081997133 ], [ 136.588608693520996, 36.59841438995678 ], [ 136.588634443878732, 36.5983193881031 ], [ 136.58865099928704, 36.59823944302638 ], [ 136.5886903620966, 36.598117584229243 ], [ 136.588762000283111, 36.597947860323359 ], [ 136.588815722020627, 36.597846277963427 ], [ 136.588832443085266, 36.597803388605577 ], [ 136.588846610792615, 36.59777236165317 ], [ 136.588854166562328, 36.597734278150725 ], [ 136.588865528337607, 36.597673721344727 ], [ 136.58887333361443, 36.597637388943262 ], [ 136.58887286118707, 36.597607083626123 ], [ 136.588871693412131, 36.597582971924538 ], [ 136.588865055910276, 36.597554306687563 ], [ 136.588938860922582, 36.597394250002907 ], [ 136.588815249593267, 36.597072444407289 ], [ 136.58877980527194, 36.596957499178828 ], [ 136.588752443343878, 36.596840165320806 ], [ 136.588745694381885, 36.5968057791478 ], [ 136.588720193531231, 36.596568916247527 ], [ 136.588716555227165, 36.596542945788421 ], [ 136.588713055992628, 36.596512776724104 ], [ 136.588704750679085, 36.596458945087832 ], [ 136.588691945034981, 36.596394918040424 ], [ 136.588677833568966, 36.596343500265732 ], [ 136.588645138938375, 36.596170444053385 ], [ 136.588590749462639, 36.595843333008709 ], [ 136.588587527344572, 36.595773805384752 ], [ 136.588586860628908, 36.59575138927373 ], [ 136.588585693876553, 36.595738638701796 ], [ 136.58858258219604, 36.595709971782689 ], [ 136.588581444075629, 36.5956979159319 ], [ 136.588575779037825, 36.595676778242336 ], [ 136.58856730602281, 36.595644582207143 ], [ 136.588560138829678, 36.595611889942575 ], [ 136.588556083317059, 36.595596473189048 ], [ 136.588553722202931, 36.59558138781582 ], [ 136.588554221217095, 36.595571999828756 ], [ 136.588552584082521, 36.595564971874992 ], [ 136.588550556326197, 36.595505750682989 ], [ 136.588549862001173, 36.595484971287867 ], [ 136.588547056069103, 36.595474917175935 ], [ 136.58853336181167, 36.595420082988106 ], [ 136.588515971986254, 36.595355110581664 ], [ 136.588495249605188, 36.595298890315831 ], [ 136.588444333799742, 36.595168832800006 ], [ 136.588407195079924, 36.595087055879908 ], [ 136.588369278184331, 36.59500227803364 ], [ 136.588326417162762, 36.594907113013008 ], [ 136.588282778988031, 36.594805944457917 ], [ 136.588266444454831, 36.594768999759857 ], [ 136.588216695401769, 36.594657750178705 ], [ 136.588200778077152, 36.594620139355776 ], [ 136.588189361083096, 36.594590942564615 ], [ 136.588165306146408, 36.594542860460656 ], [ 136.588155888276731, 36.594525418418392 ], [ 136.588147693400742, 36.594508279160159 ], [ 136.588139555788672, 36.594489834566332 ], [ 136.58811133285667, 36.594431388837876 ], [ 136.588085611130907, 36.594384250410805 ], [ 136.588034082806018, 36.594276138008624 ], [ 136.588020999022888, 36.594249612445466 ], [ 136.588016555956244, 36.594234777710128 ], [ 136.588013332815592, 36.594221694075763 ], [ 136.587989805525041, 36.594103916134493 ], [ 136.587972999587095, 36.594016556213305 ], [ 136.587944139593958, 36.593861557704081 ], [ 136.587943193716711, 36.593856499528648 ], [ 136.587942831726934, 36.593849444660748 ], [ 136.587934361779645, 36.593784443658045 ], [ 136.58792369432939, 36.593715999328062 ], [ 136.587915693741706, 36.59366775069288 ], [ 136.587902890142743, 36.593584695351318 ], [ 136.587899667002091, 36.593552359699046 ], [ 136.587882640189036, 36.592703250668784 ], [ 136.587858778518068, 36.592599723762525 ], [ 136.587850166433554, 36.592553777968106 ], [ 136.587836750315148, 36.592469388694681 ], [ 136.587825361953065, 36.592359944042769 ], [ 136.587812555286376, 36.592278360568017 ], [ 136.587803084243035, 36.592208444371224 ], [ 136.58780288995473, 36.592154000438363 ], [ 136.587807693988594, 36.592112027843271 ], [ 136.587815139320753, 36.592063972653442 ], [ 136.587823221714046, 36.592019888980808 ], [ 136.587835917943153, 36.591955029277315 ], [ 136.587845861413854, 36.59190422211708 ], [ 136.587852859882929, 36.591866888846184 ], [ 136.587853000997569, 36.591847860552029 ], [ 136.58784794336637, 36.591819943864465 ], [ 136.587834972065906, 36.591758556084514 ], [ 136.587816306073137, 36.591638221300329 ], [ 136.587817138445104, 36.591585415765493 ], [ 136.587821972133497, 36.591535082966907 ], [ 136.587827389709361, 36.591491332356703 ], [ 136.587834943433961, 36.591459055579108 ], [ 136.587847416742818, 36.591425665229131 ], [ 136.587858832714289, 36.591397331372463 ], [ 136.587877611189782, 36.59136102756726 ], [ 136.587892249279321, 36.591338138776727 ], [ 136.58790869322749, 36.591314750392542 ], [ 136.58793580564847, 36.591282887419787 ], [ 136.587981417383332, 36.591225888326143 ], [ 136.58800463892544, 36.591193527441867 ], [ 136.588019999972005, 36.591162529085729 ], [ 136.588020721906418, 36.591158360758918 ], [ 136.588031999830946, 36.591092222633961 ], [ 136.588049361024389, 36.5909489721451 ], [ 136.588058305444179, 36.590815693343629 ], [ 136.588082471841005, 36.590416332982997 ], [ 136.588100028345337, 36.59024619359014 ], [ 136.588109249881597, 36.590130972491785 ], [ 136.58811497218332, 36.590101220596573 ], [ 136.588117306710615, 36.590089166427916 ], [ 136.588130637955715, 36.590020222504279 ], [ 136.588136027922189, 36.589978749502841 ], [ 136.588141667395718, 36.589907279014689 ], [ 136.588154777765709, 36.589732056214395 ], [ 136.588153971980546, 36.589677582003134 ], [ 136.588144640006732, 36.589615417077503 ], [ 136.588118028645027, 36.589554443102401 ], [ 136.588091556352879, 36.58950250050205 ], [ 136.588086555985569, 36.589489832354666 ], [ 136.588066416469445, 36.589431193180857 ], [ 136.588048083834479, 36.589323859606488 ], [ 136.588035194339625, 36.58925130414223 ], [ 136.588017472178961, 36.589171029367343 ], [ 136.587998611897859, 36.589051221090941 ], [ 136.58799088944923, 36.58896872085343 ], [ 136.588005999966128, 36.58882825093125 ] ] ] } },
{ "type": "Feature", "properties": { "P12_001": 10063, "P12_002": "奥卯辰山健民公園", "P12_003": "17", "P12_004": "17201", "P12_005": "‐", "P12_006": "金沢市若松町ア32", "P12_007": 4 }, "geometry": { "type": "Polygon", "coordinates": [ [ [ 136.695475857312118, 36.561232156142609 ], [ 136.694783658205154, 36.561653185746991 ], [ 136.694043028137855, 36.562531444468682 ], [ 136.693902666089372, 36.562646332504599 ], [ 136.693884581938903, 36.562663389338283 ], [ 136.693872194525937, 36.562681361252601 ], [ 136.693858778407531, 36.562701028757481 ], [ 136.693774917441829, 36.562878249932375 ], [ 136.693606204640105, 36.562909135585571 ], [ 136.693449212535711, 36.562987634027479 ], [ 136.693327896876042, 36.563208851404063 ], [ 136.693306488350544, 36.563472884124621 ], [ 136.693178041287695, 36.563722650670968 ], [ 136.693067430913374, 36.563833261041395 ], [ 136.692889027215728, 36.564432692678388 ], [ 136.692746306098257, 36.565124893977909 ], [ 136.692525088417312, 36.566002631238206 ], [ 136.692696353553771, 36.566973141525295 ], [ 136.692789124171895, 36.567244311538296 ], [ 136.693038884849244, 36.567387032155104 ], [ 136.693381416144717, 36.567372760934489 ], [ 136.693766768581497, 36.567208631804633 ], [ 136.694009395810554, 36.5670801807263 ], [ 136.694073619341964, 36.567501212012822 ], [ 136.694273431565108, 36.568478851181688 ], [ 136.694437559162964, 36.568571619162078 ], [ 136.694922814643604, 36.568607305624276 ], [ 136.695008446700541, 36.568578756454514 ], [ 136.695001310184523, 36.56830045083121 ], [ 136.694872863121674, 36.567929372181112 ], [ 136.694894270624616, 36.567779519318265 ], [ 136.694958494156054, 36.567743839584594 ], [ 136.695179713882141, 36.568214818461122 ], [ 136.695829101050919, 36.569684850065975 ], [ 136.696107404724671, 36.569770487482458 ], [ 136.696257260313047, 36.569713394189336 ], [ 136.696435668100946, 36.569606353306199 ], [ 136.696357172560027, 36.569413681735107 ], [ 136.696107404724671, 36.569156779578456 ], [ 136.695807693547948, 36.568764297461698 ], [ 136.695529381693632, 36.568386083201297 ], [ 136.695450886152713, 36.568164867506844 ], [ 136.695308161967546, 36.567501212012822 ], [ 136.695222529910609, 36.566930324499189 ], [ 136.694951358662593, 36.56639511840136 ], [ 136.694637371386079, 36.565981222725149 ], [ 136.694530330803644, 36.565588738926266 ], [ 136.694366199115507, 36.565146302490959 ], [ 136.694323383087038, 36.564261426256088 ], [ 136.694462539525489, 36.563722650670968 ], [ 136.694783658205154, 36.563265943015054 ], [ 136.695211825647846, 36.562830638825787 ], [ 136.695911161270828, 36.562009989812211 ], [ 136.696543572755047, 36.5616757868927 ], [ 136.697607922920099, 36.561139553011301 ], [ 136.698160399084855, 36.560725194748379 ], [ 136.698655998883623, 36.560424577306328 ], [ 136.69967971313946, 36.560075214999713 ], [ 136.701320917538055, 36.559807096376886 ], [ 136.702035886211206, 36.559855846287846 ], [ 136.702401509182408, 36.559937095018029 ], [ 136.702604620216391, 36.559920843926285 ], [ 136.702726494199254, 36.559758351512322 ], [ 136.703140873308058, 36.559311489383781 ], [ 136.703571458106239, 36.558889003051782 ], [ 136.70382332630038, 36.558685885431657 ], [ 136.70382332630038, 36.558507140243819 ], [ 136.703652730947283, 36.558328396738105 ], [ 136.703384621273841, 36.558206526166032 ], [ 136.702991278475054, 36.558253220509854 ], [ 136.702783371587799, 36.558474641424596 ], [ 136.702547743850403, 36.55861276140628 ], [ 136.702060282686261, 36.558645260225504 ], [ 136.701792173012819, 36.558710257863943 ], [ 136.701540304818707, 36.558897127756588 ], [ 136.701418430835815, 36.558978374804639 ], [ 136.701101565024771, 36.559018998328668 ], [ 136.700776578985369, 36.558929626575811 ], [ 136.700727822847767, 36.558799631298932 ], [ 136.700695306144354, 36.558515266630756 ], [ 136.700362200899121, 36.558417768490962 ], [ 136.69980970735071, 36.558320272033299 ], [ 136.699362847328416, 36.558157776255065 ], [ 136.698712875249583, 36.55788965931437 ], [ 136.698574760809976, 36.557962783339747 ], [ 136.698331012844221, 36.558011531568575 ], [ 136.697648542468215, 36.557857160495146 ], [ 136.696299842172976, 36.557589045236583 ], [ 136.69560111395657, 36.557459048277572 ], [ 136.695276110533456, 36.557580920531777 ], [ 136.694999880631656, 36.558003406863776 ], [ 136.694585519929092, 36.558442142605379 ], [ 136.694252396277619, 36.55861276140628 ], [ 136.693643042724347, 36.558710257863943 ], [ 136.692863068253729, 36.558547765449973 ], [ 136.692123721511763, 36.558239024985248 ], [ 136.691611863872566, 36.558044030387798 ], [ 136.691262499764349, 36.557938409225329 ], [ 136.691132501462818, 36.55799528215897 ], [ 136.691043129867381, 36.558165900959871 ], [ 136.691108127484313, 36.558279646827145 ], [ 136.6912868696526, 36.558287773214083 ], [ 136.691522488186848, 36.558385269671739 ], [ 136.691782477631932, 36.558620886111086 ], [ 136.692009975937822, 36.558864628937371 ], [ 136.692481205848338, 36.558856504232565 ], [ 136.693001191896485, 36.558897127756588 ], [ 136.694471766174587, 36.558880878346976 ], [ 136.695406122128389, 36.558645260225504 ], [ 136.69569047123602, 36.558750883070097 ], [ 136.69573110816782, 36.559246493427473 ], [ 136.694878006648764, 36.559742100420578 ], [ 136.694179278432358, 36.560026465088754 ], [ 136.692895566550902, 36.560164588434702 ], [ 136.692091222192033, 36.560270209597171 ], [ 136.691879972523424, 36.560424577306328 ], [ 136.691903860781196, 36.561094529026043 ], [ 136.691937638313448, 36.561096387783557 ], [ 136.691957083504548, 36.561097777225832 ], [ 136.69197422177777, 36.561100140623395 ], [ 136.691989389558557, 36.561102667187917 ], [ 136.692024138532304, 36.56111230581287 ], [ 136.692034667935587, 36.561116248733796 ], [ 136.692065528075631, 36.561128832774507 ], [ 136.692196721761491, 36.561180973866605 ], [ 136.692242943970626, 36.561198944098791 ], [ 136.692267722886868, 36.561208944382443 ], [ 136.692335166491233, 36.561235611244818 ], [ 136.692353582976921, 36.561241555904608 ], [ 136.69237111084928, 36.561246166632536 ], [ 136.692386889104398, 36.561249890876105 ], [ 136.692407942798127, 36.561254002010379 ], [ 136.692425278427322, 36.561256610999436 ], [ 136.692447666574907, 36.561258333504142 ], [ 136.692470806311434, 36.561259971902167 ], [ 136.692495221192758, 36.561260417667548 ], [ 136.692614917101537, 36.5612616103002 ], [ 136.692644139084422, 36.561263416911579 ], [ 136.692702556463388, 36.561266360645199 ], [ 136.692723222603092, 36.561271750200937 ], [ 136.692749498561824, 36.561278973282185 ], [ 136.692776055727279, 36.561286833892026 ], [ 136.692804555775751, 36.561295861902522 ], [ 136.692835305478212, 36.561306667928129 ], [ 136.692861555872696, 36.561317916354845 ], [ 136.692880861994297, 36.561326720641581 ], [ 136.692897056435385, 36.56133730462556 ], [ 136.692910472553791, 36.561345861638678 ], [ 136.692921388488543, 36.561357110065394 ], [ 136.692938442910986, 36.561376055935 ], [ 136.69294991716896, 36.561392249834206 ], [ 136.69305305562429, 36.561551970092168 ], [ 136.693217971623625, 36.561569972284886 ], [ 136.693239472180437, 36.561568611438879 ], [ 136.693257639159071, 36.561564806452907 ], [ 136.693276362415759, 36.561560056107901 ], [ 136.693293417860787, 36.56155352774779 ], [ 136.693329192472248, 36.561534834198198 ], [ 136.693332056690821, 36.561532861055603 ], [ 136.693533443671754, 36.561392915959075 ], [ 136.693553833717544, 36.561378944158221 ], [ 136.693602721766695, 36.561336389544941 ], [ 136.69369883209842, 36.561253500734594 ], [ 136.693748555587234, 36.561211137884527 ], [ 136.693762806122749, 36.561198306570191 ], [ 136.693798556192519, 36.561175779438358 ], [ 136.69381561061499, 36.561166110534998 ], [ 136.693827888612958, 36.56116069406513 ], [ 136.693846888986144, 36.561151221971393 ], [ 136.693862528171735, 36.561144917335035 ], [ 136.693886556521591, 36.561135916238676 ], [ 136.693923999967268, 36.561124193450318 ], [ 136.693946917806102, 36.56111836149347 ], [ 136.693972083253811, 36.561113611148464 ], [ 136.693994166675537, 36.561111362135975 ], [ 136.694033000816432, 36.561104610052105 ], [ 136.694063167653979, 36.561103028846617 ], [ 136.694093057375085, 36.561100557792507 ], [ 136.694127444359054, 36.561099417305996 ], [ 136.694201416050277, 36.561090666847527 ], [ 136.694277221209518, 36.561072166743294 ], [ 136.694310750257245, 36.561062943605315 ], [ 136.69434936147789, 36.561049417569841 ], [ 136.69438099979368, 36.561032222801202 ], [ 136.694415083074347, 36.561012000192264 ], [ 136.694460889097513, 36.560982556127485 ], [ 136.694518722588981, 36.560943638286822 ], [ 136.694588834078473, 36.560896109604784 ], [ 136.694631305500849, 36.560867666409429 ], [ 136.694750777466794, 36.560768166530771 ], [ 136.694783305418497, 36.560749666426538 ], [ 136.694883805643229, 36.560699833221605 ], [ 136.694966332155104, 36.560662917119814 ], [ 136.695033806436555, 36.560634500838596 ], [ 136.695117193952342, 36.560606306599006 ], [ 136.695391332698478, 36.560532916796532 ], [ 136.695462249973133, 36.560567166716723 ], [ 136.695513361089439, 36.560562416371724 ], [ 136.695625749713003, 36.560549721310196 ], [ 136.69569413817203, 36.560540138195648 ], [ 136.69574019370225, 36.560532137968721 ], [ 136.69586110237907, 36.560765816590276 ], [ 136.695869222607428, 36.56099331000695 ], [ 136.695475857312118, 36.561232156142609 ] ] ] } },
{ "type": "Feature", "properties": { "P12_001": 10093, "P12_002": "田鶴浜野鳥公園", "P12_003": "17", "P12_004": "17202", "P12_005": "‐", "P12_006": "七尾市七尾市田鶴浜町2-1", "P12_007": 2 }, "geometry": { "type": "Polygon", "coordinates": [ [ [ 136.884048917460547, 37.06815230445919 ], [ 136.884283081900264, 37.068222888462984 ], [ 136.884320193010694, 37.068365028743735 ], [ 136.884566167111359, 37.068370749679772 ], [ 136.884784056326964, 37.068359583677598 ], [ 136.88485383343604, 37.06833597156966 ], [ 136.884919918044858, 37.068337833691444 ], [ 136.884980943999892, 37.068384640738216 ], [ 136.88502705679403, 37.068455749567661 ], [ 136.885150667100788, 37.068535195050728 ], [ 136.885449556131221, 37.068556028274131 ], [ 136.885660667752859, 37.0685685298903 ], [ 136.886087611179249, 37.068769083938967 ], [ 136.88634497261944, 37.068710140298997 ], [ 136.887341777945721, 37.068461028102583 ], [ 136.887849056516444, 37.068324832481622 ], [ 136.887856039646977, 37.068328092456341 ], [ 136.88785708369096, 37.068316667405611 ], [ 136.887648666541253, 37.068220861492122 ], [ 136.887282471953426, 37.068099889179329 ], [ 136.886933832847348, 37.068010138946441 ], [ 136.88656605532114, 37.067961972735802 ], [ 136.885838472224464, 37.067957664791905 ], [ 136.885329277357528, 37.068018055066695 ], [ 136.884960028353106, 37.06805977702389 ], [ 136.884048917460547, 37.06815230445919 ] ] ] } },
{ "type": "Feature", "properties": { "P12_001": 10095, "P12_002": "七尾城址", "P12_003": "17", "P12_004": "17202", "P12_005": "‐", "P12_006": "七尾市古城町　および　古屋敷町　および　竹町入会地字大塚14-1／2-4／15-2", "P12_007": 2 }, "geometry": { "type": "Polygon", "coordinates": [ [ [ 136.987775338279704, 37.008737712523299 ], [ 136.987767606627926, 37.008615264979433 ], [ 136.98774444643999, 37.008493291797215 ], [ 136.987705944634371, 37.008372263974024 ], [ 136.987652250506244, 37.008252650825106 ], [ 136.987583571637316, 37.008134913255041 ], [ 136.987500174918409, 37.008019507122 ], [ 136.98740238245901, 37.007906881555641 ], [ 136.987290570564937, 37.007797468864268 ], [ 136.987165174850986, 37.00769169462766 ], [ 136.987026678992748, 37.007589967604247 ], [ 136.986875618816924, 37.007492679731136 ], [ 136.986712579233568, 37.007400209488374 ], [ 136.986538190145751, 37.007312913488263 ], [ 136.986353128494869, 37.007231129839624 ], [ 136.986158107012187, 37.007155174783563 ], [ 136.985953881376929, 37.007085341011312 ], [ 136.985741243058271, 37.007021901028494 ], [ 136.985521013179948, 37.006965100426598 ], [ 136.985294044565308, 37.006915157882986 ], [ 136.985061215602002, 37.006872263478733 ], [ 136.984823425129065, 37.006836588791465 ], [ 136.984581595504636, 37.006808268391858 ], [ 136.984336660335089, 37.006787411618596 ], [ 136.984089568565452, 37.006774100896209 ], [ 136.983841275276035, 37.006768386688705 ], [ 136.983592742705241, 37.006770292545966 ], [ 136.983344931046304, 37.006779808375171 ], [ 136.983098798447315, 37.006796900533665 ], [ 136.982855298966058, 37.006821501736106 ], [ 136.982615372344384, 37.006853514418744 ], [ 136.982379949120997, 37.006892817467971 ], [ 136.982149938360607, 37.006939257809641 ], [ 136.981926230721712, 37.006992657137594 ], [ 136.98170969232109, 37.007052806867286 ], [ 136.981501158598405, 37.007119476546428 ], [ 136.981301439429132, 37.00719240376219 ], [ 136.981111305831064, 37.007271310962537 ], [ 136.980931492009404, 37.007355891999183 ], [ 136.980762697402071, 37.007445818856098 ], [ 136.980605570318431, 37.007540743331631 ], [ 136.980460723277929, 37.007640300402834 ], [ 136.980328712558645, 37.007744101496847 ], [ 136.980210051490701, 37.007851746265914 ], [ 136.980105199208055, 37.007962819223053 ], [ 136.980014560648385, 37.008076891424224 ], [ 136.979938485530681, 37.008193518786179 ], [ 136.979877270400181, 37.008312252179273 ], [ 136.979831149425479, 37.008432630698934 ], [ 136.979800303601422, 37.00855419007631 ], [ 136.9797848505236, 37.008676459314032 ], [ 136.9797848505236, 37.008798965732566 ], [ 136.979800303601422, 37.008921234970281 ], [ 136.979831149425479, 37.009042794347657 ], [ 136.979877270400181, 37.009163172867318 ], [ 136.979938485530681, 37.009281906260419 ], [ 136.980014560648385, 37.009398533622374 ], [ 136.980105199208055, 37.009512604141406 ], [ 136.980210051490701, 37.009623677098546 ], [ 136.980328712558645, 37.009731321867612 ], [ 136.980460723277929, 37.009835124643764 ], [ 136.980605570318431, 37.009934680032828 ], [ 136.980762697402071, 37.0100296061905 ], [ 136.980931492009404, 37.010119531365277 ], [ 136.981111305831064, 37.010204112401922 ], [ 136.981301439429132, 37.010283021284408 ], [ 136.981501158598405, 37.01035594850017 ], [ 136.98170969232109, 37.010422616497173 ], [ 136.981926230721712, 37.010482767908996 ], [ 136.982149938360607, 37.010536167236957 ], [ 136.982379949120997, 37.010582605896488 ], [ 136.982615372344384, 37.010621910627854 ], [ 136.982855298966058, 37.010653923310493 ], [ 136.983098798447315, 37.010678524512926 ], [ 136.983344931046304, 37.010695614989288 ], [ 136.983592742705241, 37.010705132500632 ], [ 136.983841275276035, 37.010707036675754 ], [ 136.984089568565452, 37.010701324150389 ], [ 136.984336660335089, 37.01068801174587 ], [ 136.984581595504636, 37.010667156654733 ], [ 136.984823425129065, 37.010638836255126 ], [ 136.985061215602002, 37.010603159885726 ], [ 136.985294044565308, 37.010560267163612 ], [ 136.985521013179948, 37.010510322937861 ], [ 136.985741243058271, 37.010453522335965 ], [ 136.985953881376929, 37.010390084035279 ], [ 136.986158107012187, 37.010320250263028 ], [ 136.986353128494869, 37.010244295206974 ], [ 136.986538190145751, 37.010162511558335 ], [ 136.986712579233568, 37.010075215558217 ], [ 136.986875618816924, 37.009982743633323 ], [ 136.987026678992748, 37.009885457442351 ], [ 136.987165174850986, 37.009783730418938 ], [ 136.987290570564937, 37.009677956182323 ], [ 136.98740238245901, 37.009568541808818 ], [ 136.987500174918409, 37.009455916242459 ], [ 136.987583571637316, 37.009340511791557 ], [ 136.987652250506244, 37.009222774221492 ], [ 136.987705944634371, 37.009103161072574 ], [ 136.98774444643999, 37.008982133249383 ], [ 136.987767606627926, 37.008860158385026 ], [ 136.987775338279704, 37.008737712523299 ] ] ] } },
{ "type": "Feature", "properties": { "P12_001": 10129, "P12_002": "小丸山公園", "P12_003": "17", "P12_004": "17202", "P12_005": "‐", "P12_006": "七尾市七尾市馬出町", "P12_007": 4 }, "geometry": { "type": "Polygon", "coordinates": [ [ [ 136.957944360758489, 37.04714399956061 ], [ 136.958045442825551, 37.047207501782374 ], [ 136.958134643651789, 37.047221773002988 ], [ 136.958291637801324, 37.047189661074469 ], [ 136.958477175969847, 37.047114733801976 ], [ 136.958648443151418, 37.047043369288239 ], [ 136.958701962420093, 37.047043369288239 ], [ 136.958823277057178, 37.047061209996144 ], [ 136.959019519488464, 37.047043369288239 ], [ 136.959187216878178, 37.046986282723651 ], [ 136.959297827252499, 37.046936331769366 ], [ 136.959329939018204, 37.046982714918499 ], [ 136.95952261472533, 37.046818585788635 ], [ 136.959693880884345, 37.046647319366336 ], [ 136.959786500162096, 37.046622221934513 ], [ 136.959823029430197, 37.046626055516761 ], [ 136.959859472802435, 37.046626139623434 ], [ 136.959946611104982, 37.046615833191481 ], [ 136.960012528012328, 37.046608916258528 ], [ 136.960040971819438, 37.046607804368286 ], [ 136.960065472596654, 37.04660361080947 ], [ 136.960127693935988, 37.046593248867111 ], [ 136.960172557149605, 37.04658766754816 ], [ 136.960205944060107, 37.046585110705237 ], [ 136.960248222216762, 37.046586082978401 ], [ 136.960273389709613, 37.046594222822407 ], [ 136.96029199946102, 37.046608499089423 ], [ 136.960313306752113, 37.046631249945008 ], [ 136.960421761548901, 37.046636614268742 ], [ 136.960535936602241, 37.046618773560837 ], [ 136.960638916559219, 37.046581805312911 ], [ 136.960769943566191, 37.046553917221615 ], [ 136.960881082609205, 37.046489222367207 ], [ 136.961335415573046, 37.046563360719084 ], [ 136.961632305479128, 37.046368862351009 ], [ 136.961427952022632, 37.046190608346151 ], [ 136.961221004306026, 37.046183472735841 ], [ 136.960953942766849, 37.046156918576415 ], [ 136.960771428337836, 37.04609427087847 ], [ 136.960625141518761, 37.045919438333151 ], [ 136.960478849586849, 37.045669673468936 ], [ 136.960290916559416, 37.045388583914686 ], [ 136.960126056801442, 37.045450582309094 ], [ 136.960009665838896, 37.045499305305924 ], [ 136.95999105608746, 37.045523888004894 ], [ 136.959920138812834, 37.045560528236784 ], [ 136.9598484167756, 37.045601501644583 ], [ 136.959764055773149, 37.045659277883907 ], [ 136.959628777942726, 37.045751139194337 ], [ 136.959480639249392, 37.045860028742197 ], [ 136.959378583695695, 37.045938777821995 ], [ 136.959206221341617, 37.046063748566112 ], [ 136.959137582352952, 37.046092832654331 ], [ 136.958501138875221, 37.046632777322223 ], [ 136.958338166781459, 37.046769193302673 ], [ 136.958217833811574, 37.04686991609239 ], [ 136.958056444656194, 37.047022833802473 ], [ 136.957944360758489, 37.04714399956061 ] ] ] } },
{ "type": "Feature", "properties": { "P12_001": 10130, "P12_002": "藤瀬霊水公園", "P12_003": "17", "P12_004": "17202", "P12_005": "‐", "P12_006": "七尾市中島町藤瀬19-38", "P12_007": 4 }, "geometry": { "type": "Polygon", "coordinates": [ [ [ 136.829513073105886, 37.145269994000856 ], [ 136.829512285726992, 37.145254688268139 ], [ 136.829509928703118, 37.145239441410091 ], [ 136.829506010214885, 37.145224312301394 ], [ 136.829500544578252, 37.145209359816711 ], [ 136.829493554289712, 37.145194642830724 ], [ 136.829485065936154, 37.145180218535955 ], [ 136.829475112239777, 37.145166139078562 ], [ 136.829463730013089, 37.145152463333211 ], [ 136.829450967316944, 37.1451392417639 ], [ 136.829436870166916, 37.145126526516769 ], [ 136.829421494804393, 37.145114364691565 ], [ 136.829404899515851, 37.145102806752291 ], [ 136.829387148723242, 37.145091894752277 ], [ 136.829368312983831, 37.145081670744858 ], [ 136.829348462854995, 37.145072176783387 ], [ 136.829327675029475, 37.145063448192658 ], [ 136.829306031312854, 37.145055516933205 ], [ 136.829283614533296, 37.145048418329836 ], [ 136.829260512631862, 37.145042174250278 ], [ 136.829236814572113, 37.145036813290815 ], [ 136.829212611362777, 37.14503235395491 ], [ 136.829187996057755, 37.145028813063888 ], [ 136.82916306580114, 37.145026205756963 ], [ 136.829137914669417, 37.145024542126933 ], [ 136.829112642874435, 37.145023828902332 ], [ 136.829087345515205, 37.145024066083153 ], [ 136.829062121781021, 37.145025257033673 ], [ 136.829037068816035, 37.145027391661081 ], [ 136.829012283764371, 37.145030468283252 ], [ 136.828987862747624, 37.145034470078855 ], [ 136.828963900864807, 37.145039381908674 ], [ 136.828940489124648, 37.145045186951378 ], [ 136.828917718535905, 37.145051861657109 ], [ 136.828895678062111, 37.145059380793853 ], [ 136.828874452576628, 37.145067714083211 ], [ 136.828854123885037, 37.145076831246783 ], [ 136.828834770725223, 37.145086693595495 ], [ 136.828816468767343, 37.145097265804537 ], [ 136.828799287546218, 37.145108507502719 ], [ 136.828783294551414, 37.145120373272427 ], [ 136.828768551137159, 37.145132817696066 ], [ 136.828755113544787, 37.145145791991744 ], [ 136.828743036993075, 37.145159247377613 ], [ 136.828732363407426, 37.145173131707523 ], [ 136.82872313880344, 37.1451873911532 ], [ 136.828715394880845, 37.145201968522116 ], [ 136.82870916436184, 37.145216809985982 ], [ 136.828704469742974, 37.145231858352275 ], [ 136.828701329430487, 37.145247053064182 ], [ 136.828699757740395, 37.145262336929164 ], [ 136.828699757740395, 37.145277649390415 ], [ 136.828701329430487, 37.145292933255391 ], [ 136.828704469742974, 37.145308127967297 ], [ 136.82870916436184, 37.145323176333591 ], [ 136.828715394880845, 37.145338017797464 ], [ 136.82872313880344, 37.145352596848504 ], [ 136.828732363407426, 37.145366856294181 ], [ 136.828743036993075, 37.145380738941959 ], [ 136.828755113544787, 37.145394194327828 ], [ 136.828768551137159, 37.145407170305646 ], [ 136.828783294551414, 37.145419614729278 ], [ 136.828799287546218, 37.145431480498985 ], [ 136.828816468767343, 37.145442722197167 ], [ 136.828834770725223, 37.145453292724085 ], [ 136.828854123885037, 37.145463156754928 ], [ 136.828874452576628, 37.145472273918493 ], [ 136.828895678062111, 37.145480607207858 ], [ 136.828917718535905, 37.145488126344603 ], [ 136.828940489124648, 37.145494799368194 ], [ 136.828963900864807, 37.145500606093037 ], [ 136.828987862747624, 37.145505517922857 ], [ 136.829012283764371, 37.145509519718452 ], [ 136.829037068816035, 37.145512594658491 ], [ 136.829062121781021, 37.145514730968038 ], [ 136.829087345515205, 37.145515921918552 ], [ 136.829112642874435, 37.14551615909938 ], [ 136.829137914669417, 37.145515445874771 ], [ 136.82916306580114, 37.145513782244741 ], [ 136.829187996057755, 37.145511174937816 ], [ 136.829212611362777, 37.145507634046801 ], [ 136.829236814572113, 37.145503174710889 ], [ 136.829260512631862, 37.145497813751426 ], [ 136.829283614533296, 37.145491569671876 ], [ 136.829306031312854, 37.145484469386368 ], [ 136.829327675029475, 37.145476539809053 ], [ 136.829348462854995, 37.145467811218317 ], [ 136.829368312983831, 37.145458317256846 ], [ 136.829387148723242, 37.145448093249435 ], [ 136.829404899515851, 37.14543718124942 ], [ 136.829421494804393, 37.145425623310139 ], [ 136.829436870166916, 37.145413461484935 ], [ 136.829450967316944, 37.145400746237812 ], [ 136.829463730013089, 37.145387522986368 ], [ 136.829475112239777, 37.145373847241011 ], [ 136.829485065936154, 37.145359769465749 ], [ 136.829493554289712, 37.145345343488856 ], [ 136.829500544578252, 37.145330626502862 ], [ 136.829506010214885, 37.14531567570031 ], [ 136.829509928703118, 37.145300546591614 ], [ 136.829512285726992, 37.145285299733573 ], [ 136.829513073105886, 37.145269994000856 ] ] ] } },
{ "type": "Feature", "properties": { "P12_001": 10131, "P12_002": "長浦うるおい公園", "P12_003": "17", "P12_004": "17202", "P12_005": "‐", "P12_006": "七尾市中島町長浦ナ-111", "P12_007": 4 }, "geometry": { "type": "Polygon", "coordinates": [ [ [ 136.900296294954302, 37.136398031666879 ], [ 136.900293864305411, 37.13632882196616 ], [ 136.90028658565214, 37.136259881406794 ], [ 136.900274484558764, 37.136191474083752 ], [ 136.900257609086054, 37.136123865774117 ], [ 136.900236024678492, 37.136057318890721 ], [ 136.900209815186827, 37.135992090799995 ], [ 136.900179079800353, 37.135928432139821 ], [ 136.9001439391823, 37.135866590183824 ], [ 136.900104528311914, 37.135806805477102 ], [ 136.900061001597294, 37.135749306789805 ], [ 136.900013524694771, 37.13569431784569 ], [ 136.899962284734642, 37.135642052275713 ], [ 136.899907476005211, 37.135592711935892 ], [ 136.899849314268749, 37.135546485225177 ], [ 136.899788020400393, 37.135503555496122 ], [ 136.899723836749189, 37.135464084233547 ], [ 136.899657006686851, 37.135428227875863 ], [ 136.899587791991252, 37.135396120993747 ], [ 136.899516459553183, 37.135367893111479 ], [ 136.899443283421419, 37.135343650203481 ], [ 136.89936854991555, 37.135323484787079 ], [ 136.899292546377723, 37.135307477604698 ], [ 136.899215566285562, 37.13529568921313 ], [ 136.899137909252033, 37.135288165029984 ], [ 136.899059873867628, 37.135284937015797 ], [ 136.898981763835621, 37.135286011899105 ], [ 136.898903879791561, 37.13529139304417 ], [ 136.898826524416194, 37.135301051854725 ], [ 136.898749995277399, 37.135314958052369 ], [ 136.898674590965612, 37.135333051080295 ], [ 136.898600599845537, 37.135355267017431 ], [ 136.898528310281961, 37.135381515028563 ], [ 136.898458002459051, 37.135411697549955 ], [ 136.898389947357828, 37.135445695150125 ], [ 136.898324408801386, 37.135483376622659 ], [ 136.898261639364506, 37.135524597304077 ], [ 136.89820188344143, 37.135569197391696 ], [ 136.898145370087803, 37.135617003625761 ], [ 136.898092320178762, 37.135667832653731 ], [ 136.898042938228343, 37.135721485983851 ], [ 136.897997414434514, 37.135777755031555 ], [ 136.897955924679309, 37.135836426165902 ], [ 136.897918632574005, 37.135897268934599 ], [ 136.897885678210599, 37.135960049521088 ], [ 136.897857192478114, 37.136024524016008 ], [ 136.897833282746376, 37.136090443463608 ], [ 136.897814044114398, 37.136157553861722 ], [ 136.89779954918464, 37.136225594479662 ], [ 136.897789854198464, 37.13629430122247 ], [ 136.897784998013549, 37.136363409995184 ], [ 136.897784998013549, 37.136432653338581 ], [ 136.897789854198464, 37.136501762111294 ], [ 136.89779954918464, 37.136570468854103 ], [ 136.897814044114398, 37.136638507789911 ], [ 136.897833282746376, 37.136705619870156 ], [ 136.897857192478114, 37.136771537635624 ], [ 136.897885678210599, 37.136836013812676 ], [ 136.897918632574005, 37.136898794399166 ], [ 136.897955924679309, 37.136959635485724 ], [ 136.897997414434514, 37.137018306620071 ], [ 136.898042938228343, 37.137074577349914 ], [ 136.898092320178762, 37.137128230680034 ], [ 136.898145370087803, 37.137179059707996 ], [ 136.89820188344143, 37.137226865942068 ], [ 136.898261639364506, 37.137271466029688 ], [ 136.898324408801386, 37.137312686711105 ], [ 136.898389947357828, 37.13735036818364 ], [ 136.898458002459051, 37.137384365783809 ], [ 136.898528310281961, 37.137414548305202 ], [ 136.898600599845537, 37.137440796316334 ], [ 136.898674590965612, 37.13746301225347 ], [ 136.898749995277399, 37.137481105281395 ], [ 136.898826524416194, 37.137495009796908 ], [ 136.898903879791561, 37.137504670289594 ], [ 136.898981763835621, 37.137510049752528 ], [ 136.899059873867628, 37.137511126317968 ], [ 136.899137909252033, 37.137507898303781 ], [ 136.899215566285562, 37.137500374120634 ], [ 136.899292546377723, 37.137488585729066 ], [ 136.89936854991555, 37.137472578546685 ], [ 136.899443283421419, 37.137452413130283 ], [ 136.899516459553183, 37.137428170222279 ], [ 136.899587791991252, 37.137399942340018 ], [ 136.899657006686851, 37.137367835457901 ], [ 136.899723836749189, 37.137331979100217 ], [ 136.899788020400393, 37.137292507837643 ], [ 136.899849314268749, 37.137249578108587 ], [ 136.899907476005211, 37.137203351397872 ], [ 136.899962284734642, 37.137154011058051 ], [ 136.900013524694771, 37.137101745488074 ], [ 136.900061001597294, 37.13704675654396 ], [ 136.900104528311914, 37.136989257856662 ], [ 136.9001439391823, 37.136929473149941 ], [ 136.900179079800353, 37.136867631193944 ], [ 136.900209815186827, 37.13680397253377 ], [ 136.900236024678492, 37.136738742760905 ], [ 136.900257609086054, 37.136672195877516 ], [ 136.900274484558764, 37.136604589250013 ], [ 136.90028658565214, 37.136536181926971 ], [ 136.900293864305411, 37.136467241367605 ], [ 136.900296294954302, 37.136398031666879 ] ] ] } },
{ "type": "Feature", "properties": { "P12_001": 10158, "P12_002": "那谷寺", "P12_003": "17", "P12_004": "17203", "P12_005": "神社・寺院・教会", "P12_006": "小松市那谷町ユ122", "P12_007": 2 }, "geometry": { "type": "Polygon", "coordinates": [ [ [ 136.420325333355891, 36.312850808043791 ], [ 136.420316416545489, 36.313098416412856 ], [ 136.420415055692843, 36.313100749532019 ], [ 136.420413832699126, 36.313135610066674 ], [ 136.420481639315824, 36.313137223232701 ], [ 136.420483139426011, 36.313096666994021 ], [ 136.420548278157582, 36.313098251563773 ], [ 136.420544667462906, 36.313195388044868 ], [ 136.420500582425063, 36.313194277836757 ], [ 136.420495417424007, 36.313337832791781 ], [ 136.420536945014277, 36.313338805064944 ], [ 136.420536055378363, 36.313363582891398 ], [ 136.420260361303235, 36.313347168632703 ], [ 136.420252277887386, 36.313437248563766 ], [ 136.420372249890079, 36.313444389220471 ], [ 136.420367778191462, 36.313493943191247 ], [ 136.420516110150515, 36.313502806352659 ], [ 136.420524278439672, 36.313407220798652 ], [ 136.420581917642863, 36.313410472362712 ], [ 136.420587582680668, 36.313343166837107 ], [ 136.420690860205525, 36.313348971879819 ], [ 136.420703139226077, 36.313205556541874 ], [ 136.420602639001345, 36.313199889434109 ], [ 136.420607306010822, 36.31307219363373 ], [ 136.420549081897605, 36.313070748681049 ], [ 136.42055150027565, 36.313005443212177 ], [ 136.420507278213421, 36.313004359918203 ], [ 136.420512722376117, 36.312855306068769 ], [ 136.420325333355891, 36.312850808043791 ] ] ] } },
{ "type": "Feature", "properties": { "P12_001": 10162, "P12_002": "那殿観音", "P12_003": "17", "P12_004": "17203", "P12_005": "‐", "P12_006": "小松市赤瀬町", "P12_007": 2 }, "geometry": { "type": "Polygon", "coordinates": [ [ [ 136.475102837588395, 36.298868000993302 ], [ 136.475102837588395, 36.299026779256501 ], [ 136.475324056291896, 36.299026779256501 ], [ 136.475324056291896, 36.298868000993302 ], [ 136.475102837588395, 36.298868000993302 ] ] ] } },
{ "type": "Feature", "properties": { "P12_001": 10163, "P12_002": "ハニベ巌窟院", "P12_003": "17", "P12_004": "17203", "P12_005": "‐", "P12_006": "小松市立明寺町イ1", "P12_007": 2 }, "geometry": { "type": "Polygon", "coordinates": [ [ [ 136.526438582872856, 36.402565028140188 ], [ 136.526257806812822, 36.402602721387659 ], [ 136.526261165955276, 36.402613276775369 ], [ 136.526230777220007, 36.402619610007996 ], [ 136.526245778321908, 36.402666748435067 ], [ 136.526289778486444, 36.402657609403761 ], [ 136.526297167577269, 36.402680888449268 ], [ 136.526455722168635, 36.40264786144013 ], [ 136.526448666435613, 36.402625916326492 ], [ 136.526484193585134, 36.402618556992429 ], [ 136.526468971608125, 36.402570417695927 ], [ 136.526442055520562, 36.402576054525284 ], [ 136.526438582872856, 36.402565028140188 ] ] ] } },
{ "type": "Feature", "properties": { "P12_001": 10164, "P12_002": "小松天満宮", "P12_003": "17", "P12_004": "17203", "P12_005": "‐", "P12_006": "小松市天神町1", "P12_007": 2 }, "geometry": { "type": "Polygon", "coordinates": [ [ [ 136.448576832893991, 36.416180945052993 ], [ 136.448669445013763, 36.416174472203288 ], [ 136.44866375032143, 36.416138832840822 ], [ 136.448681721989175, 36.416137583015633 ], [ 136.448679860911767, 36.416110276942526 ], [ 136.448730500623299, 36.416108418185011 ], [ 136.448748027473101, 36.416273083915456 ], [ 136.448826472908081, 36.416267443721836 ], [ 136.448829999752007, 36.416298194804348 ], [ 136.449033168049908, 36.416285807573253 ], [ 136.449027305656102, 36.416217999089731 ], [ 136.448778277138842, 36.416235861665371 ], [ 136.448765667828184, 36.416126194971838 ], [ 136.448811971842929, 36.416122972004054 ], [ 136.448808360125668, 36.416103556819195 ], [ 136.448824083162009, 36.416103223756764 ], [ 136.448818083743816, 36.416053528486771 ], [ 136.448802250269921, 36.416053777442528 ], [ 136.448801806474563, 36.416041526464248 ], [ 136.448720694177013, 36.416046720892496 ], [ 136.448725221094406, 36.416085944881452 ], [ 136.448705028404618, 36.416087529451204 ], [ 136.44869863938726, 36.416019722649821 ], [ 136.448647417833371, 36.416022942253342 ], [ 136.448646417759932, 36.416010221959816 ], [ 136.448667639155133, 36.416008556647647 ], [ 136.448664137875454, 36.415975972039618 ], [ 136.448600971681401, 36.415980833405435 ], [ 136.448602889000171, 36.416003749110104 ], [ 136.44855502761132, 36.416007417843268 ], [ 136.448556917320673, 36.416029860868427 ], [ 136.448512860914803, 36.41603311243248 ], [ 136.448521999622869, 36.416104110241115 ], [ 136.448549777736929, 36.416102471843089 ], [ 136.448554693230932, 36.416150442926238 ], [ 136.448573778477396, 36.416150111545939 ], [ 136.448576832893991, 36.416180945052993 ] ] ] } },
{ "type": "Feature", "properties": { "P12_001": 10165, "P12_002": "多太神社", "P12_003": "17", "P12_004": "17203", "P12_005": "‐", "P12_006": "小松市上本折町72", "P12_007": 2 }, "geometry": { "type": "Polygon", "coordinates": [ [ [ 136.448983057007041, 36.394830110674079 ], [ 136.448983499779871, 36.394829140083047 ], [ 136.449121637738585, 36.394828250234426 ], [ 136.449121471059669, 36.394810387658787 ], [ 136.449173638490805, 36.394810081510492 ], [ 136.449172693636115, 36.394707972642777 ], [ 136.4492842774971, 36.39470727792164 ], [ 136.449285194742373, 36.394801388244566 ], [ 136.449354305135842, 36.394800971075455 ], [ 136.449353888949844, 36.394749528068758 ], [ 136.449335610511099, 36.394749583579163 ], [ 136.449334860967269, 36.394673887571663 ], [ 136.449062278572654, 36.394675583162233 ], [ 136.449062721345484, 36.394714415214082 ], [ 136.448984667554811, 36.394714860979455 ], [ 136.448984917061892, 36.394737944897479 ], [ 136.448960833493231, 36.394738140024963 ], [ 136.448961556450229, 36.394817111146388 ], [ 136.44898294350179, 36.394816944615172 ], [ 136.448983057007041, 36.394830110674079 ] ] ] } },
{ "type": "Feature", "properties": { "P12_001": 10166, "P12_002": "安宅住吉神社", "P12_003": "17", "P12_004": "17203", "P12_005": "‐", "P12_006": "小松市安宅町タ17", "P12_007": 2 }, "geometry": { "type": "Polygon", "coordinates": [ [ [ 136.418516361010262, 36.419629278356794 ], [ 136.418616111691193, 36.419438389847208 ], [ 136.418663222513658, 36.419454442447204 ], [ 136.418672082060141, 36.419437748954344 ], [ 136.418687749877677, 36.419443082999678 ], [ 136.418721833158344, 36.419377859955347 ], [ 136.418706612203891, 36.419372610016694 ], [ 136.418722277976286, 36.419342610847856 ], [ 136.418627138063499, 36.419310194453175 ], [ 136.418625110307175, 36.419314250077043 ], [ 136.418585971440422, 36.419300861976517 ], [ 136.418581666420721, 36.419308942945854 ], [ 136.41845972188051, 36.419267332009461 ], [ 136.418422139365305, 36.419339110328039 ], [ 136.418551943378532, 36.419383444638569 ], [ 136.418533333627124, 36.419419112597303 ], [ 136.418504528852793, 36.419409305758997 ], [ 136.41851180648348, 36.419395360872279 ], [ 136.418484138806974, 36.419385917374811 ], [ 136.418471528473731, 36.419410249435892 ], [ 136.418386833090921, 36.419381333561027 ], [ 136.418349221943743, 36.419453387749499 ], [ 136.418526834172184, 36.419514080808312 ], [ 136.41849094401033, 36.419582779140448 ], [ 136.418422250825444, 36.41955927805332 ], [ 136.418405442842356, 36.419591359703432 ], [ 136.418516361010262, 36.419629278356794 ] ] ] } },
{ "type": "Feature", "properties": { "P12_001": 10194, "P12_002": "木場潟公園", "P12_003": "17", "P12_004": "17203", "P12_005": "‐", "P12_006": "小松市三谷町", "P12_007": 4 }, "geometry": { "type": "Polygon", "coordinates": [ [ [ 136.449904499946911, 36.368642222355632 ], [ 136.450046111575915, 36.368559082907396 ], [ 136.45045922269793, 36.368315861542499 ], [ 136.450618416395542, 36.368222555279388 ], [ 136.45089050079855, 36.368059443840295 ], [ 136.450994693523569, 36.367996888659697 ], [ 136.451136360371379, 36.367910030014286 ], [ 136.451267305572713, 36.367835027045793 ], [ 136.45168469410504, 36.367585277320778 ], [ 136.451869610551, 36.367472360745325 ], [ 136.452175221956622, 36.367526750849912 ], [ 136.452413917403987, 36.36761288954218 ], [ 136.452626500503868, 36.367690222265573 ], [ 136.452664862217432, 36.367700804567427 ], [ 136.452735583158614, 36.367718360994765 ], [ 136.452785305624872, 36.36772775066396 ], [ 136.452940166693395, 36.367744639284304 ], [ 136.452985806037617, 36.367748250824924 ], [ 136.453990916677441, 36.367852832428888 ], [ 136.454036443538968, 36.367820749096644 ], [ 136.454038194178821, 36.367301027037684 ], [ 136.454035666385778, 36.36716186076896 ], [ 136.454019000539915, 36.366923556280284 ], [ 136.453977444317701, 36.36660452788707 ], [ 136.453964693892374, 36.36652569301846 ], [ 136.453953805567011, 36.366484083764206 ], [ 136.453924083547378, 36.366430805549861 ], [ 136.453895055852797, 36.366387916192011 ], [ 136.453835471721447, 36.366312499418669 ], [ 136.453710417545892, 36.366179360234277 ], [ 136.453712916706962, 36.366175138079193 ], [ 136.453712389060854, 36.366171528220704 ], [ 136.453642582297221, 36.36609008436303 ], [ 136.453644222499491, 36.366082168242784 ], [ 136.453707860098319, 36.366044777779344 ], [ 136.453722610670553, 36.366028834518033 ], [ 136.453636666729778, 36.365922251175206 ], [ 136.453617888254286, 36.365928693746511 ], [ 136.453436943470223, 36.365729445033438 ], [ 136.453455778187049, 36.365716834078583 ], [ 136.453403138328582, 36.365659582664911 ], [ 136.453384805693645, 36.36566811108176 ], [ 136.453231639023613, 36.365478028314122 ], [ 136.453249472644416, 36.365464248276488 ], [ 136.453208944105029, 36.365414445349955 ], [ 136.453189111359876, 36.365424499461888 ], [ 136.453030666183508, 36.365204555460359 ], [ 136.453399110425352, 36.365114667292524 ], [ 136.453432528012968, 36.365102695548401 ], [ 136.45346911147729, 36.365098138648747 ], [ 136.453507833135461, 36.365104942878759 ], [ 136.453542000266879, 36.365120918100608 ], [ 136.453596778319223, 36.365174944864357 ], [ 136.453760666635674, 36.365352028104304 ], [ 136.45376852815383, 36.365355417603311 ], [ 136.453780027976052, 36.365354305713062 ], [ 136.453826167357022, 36.365328278061419 ], [ 136.453896527331011, 36.365297972744287 ], [ 136.454593897574483, 36.365078297884118 ], [ 136.454683254853933, 36.365094548975861 ], [ 136.454868805293273, 36.365834943400152 ], [ 136.454885556012442, 36.365881193660734 ], [ 136.454920278399385, 36.365936027848569 ], [ 136.454953221514501, 36.365977056766766 ], [ 136.455001167776658, 36.366022222051242 ], [ 136.455022528241386, 36.366036666531606 ], [ 136.455069333315407, 36.366073362273909 ], [ 136.455139917232231, 36.366119111258712 ], [ 136.455547499318271, 36.366392195539632 ], [ 136.455698694473313, 36.366494472620701 ], [ 136.455739221990143, 36.36652111256894 ], [ 136.455790527394754, 36.366552528094182 ], [ 136.455827554654434, 36.366573388231721 ], [ 136.456063639480618, 36.366764666996268 ], [ 136.457128860875315, 36.366884998416197 ], [ 136.45716458231314, 36.366853695593889 ], [ 136.457345639579898, 36.36696830607778 ], [ 136.457355305934101, 36.36697233310538 ], [ 136.457372779610267, 36.366972805784897 ], [ 136.457426723245476, 36.366973582930569 ], [ 136.457502167437525, 36.366961860142212 ], [ 136.457636583241452, 36.366935082259026 ], [ 136.457750028179817, 36.366908692948677 ], [ 136.457829417446902, 36.36687961054259 ], [ 136.457857721161929, 36.366867971860906 ], [ 136.457888944314305, 36.366852028599595 ], [ 136.458035000032538, 36.366771610843358 ], [ 136.458171667535623, 36.36669311240145 ], [ 136.45817663927096, 36.366684943961175 ], [ 136.458234778510871, 36.366661389045774 ], [ 136.458698056917086, 36.366398999769643 ], [ 136.458747639291261, 36.366352056470056 ], [ 136.458796111154385, 36.366301610968527 ], [ 136.459017388144389, 36.366060472084897 ], [ 136.459197277636235, 36.365848139737459 ], [ 136.459809982151398, 36.364745184987115 ], [ 136.45993219460496, 36.364381556506288 ], [ 136.459939417016869, 36.364322833225799 ], [ 136.45997122098899, 36.364279501466839 ], [ 136.460014471609725, 36.364237500275479 ], [ 136.459961693704315, 36.364158722599406 ], [ 136.459846501193823, 36.364010111151082 ], [ 136.459830500018455, 36.364017389742735 ], [ 136.459736083062637, 36.363900584074628 ], [ 136.459446555660548, 36.363568276919572 ], [ 136.459286999973159, 36.363407360664695 ], [ 136.459014083198156, 36.363153222253381 ], [ 136.45864347213049, 36.362830806043299 ], [ 136.458336471052235, 36.362616638488213 ], [ 136.457795389385012, 36.362251334602419 ], [ 136.457714417179574, 36.362198667002538 ], [ 136.457598833024747, 36.362127223428523 ], [ 136.45725419421251, 36.361917278028521 ], [ 136.455754556449847, 36.362730111849856 ], [ 136.455741332574604, 36.362749944203827 ], [ 136.455706861739912, 36.36277958339609 ], [ 136.455666721777135, 36.362805833089361 ], [ 136.455816583500905, 36.362830610915815 ], [ 136.455856222404378, 36.362847166473721 ], [ 136.45587249967366, 36.362859499876542 ], [ 136.455894888843801, 36.362897499272307 ], [ 136.455899973061832, 36.36296133287437 ], [ 136.455937333679373, 36.363019694496153 ], [ 136.456012944550309, 36.363099721997415 ], [ 136.456153829132063, 36.363144611411997 ], [ 136.456275703114926, 36.363282731393682 ], [ 136.456267582886568, 36.363599596563205 ], [ 136.455918201394667, 36.363770217046245 ], [ 136.455601335583623, 36.363697093020868 ], [ 136.455365743636179, 36.36373771654489 ], [ 136.455219473178232, 36.363705217725673 ], [ 136.455089478966983, 36.363453350194582 ], [ 136.454961389803657, 36.363194389106525 ], [ 136.454885416942943, 36.363265137959402 ], [ 136.454856193937474, 36.36328119224153 ], [ 136.454803749389868, 36.363300250814085 ], [ 136.454740306079373, 36.363306444429625 ], [ 136.454669694553161, 36.36330008260073 ], [ 136.454607110201465, 36.363283942529797 ], [ 136.454556001130271, 36.363256611224692 ], [ 136.454527028654468, 36.36323227748148 ], [ 136.454508556950003, 36.363206221233568 ], [ 136.4545006381679, 36.363167666733744 ], [ 136.454507693900922, 36.363017749949826 ], [ 136.454507555853951, 36.362984583323602 ], [ 136.454502056472506, 36.362976721031629 ], [ 136.454494917911319, 36.362976027992623 ], [ 136.454484277047925, 36.362862248482685 ], [ 136.454476388942936, 36.362821722522405 ], [ 136.454452138695387, 36.362780473244712 ], [ 136.45442699983451, 36.362750778542036 ], [ 136.454381833940175, 36.362719776821635 ], [ 136.454317833329014, 36.362697666858914 ], [ 136.454219611390243, 36.362680860663112 ], [ 136.454107082674568, 36.362666861948128 ], [ 136.45403513873967, 36.362661361371579 ], [ 136.453991056769524, 36.362667777028747 ], [ 136.453947610837929, 36.362679612520054 ], [ 136.453907915693122, 36.362705944637867 ], [ 136.453858917206418, 36.362751528773579 ], [ 136.453791722086578, 36.362838722163552 ], [ 136.45370863929665, 36.362967667789128 ], [ 136.453689749361047, 36.362997111853915 ], [ 136.45366558296422, 36.363020582662635 ], [ 136.453639332569765, 36.363040334274196 ], [ 136.453609333433661, 36.363055194241532 ], [ 136.453532777708062, 36.363079250432719 ], [ 136.453043167101782, 36.363213333294006 ], [ 136.452989999597179, 36.363226250397148 ], [ 136.452960110898658, 36.363229138620369 ], [ 136.452905721422923, 36.363230610487179 ], [ 136.452674056144303, 36.363218332594762 ], [ 136.452583083204246, 36.363211222216464 ], [ 136.452553195528282, 36.363214001100999 ], [ 136.452517306388984, 36.363227666753559 ], [ 136.452145057164188, 36.363417221331268 ], [ 136.451974555887517, 36.363418279393244 ], [ 136.451950721825966, 36.363417332352086 ], [ 136.451913500277954, 36.363439999100997 ], [ 136.451898527808027, 36.363469027678804 ], [ 136.451748471795952, 36.363719833783655 ], [ 136.451694360459243, 36.363788195689096 ], [ 136.451660666777741, 36.363817471540528 ], [ 136.451628054975316, 36.363838528487683 ], [ 136.451391721664635, 36.363995193991201 ], [ 136.451287888884252, 36.364078833033091 ], [ 136.45125772102412, 36.364110194730067 ], [ 136.451239222732823, 36.364134693322356 ], [ 136.451225305555113, 36.364157499688353 ], [ 136.451209306424886, 36.36419022054919 ], [ 136.451189193495566, 36.36424344325313 ], [ 136.451009056541778, 36.364678582593314 ], [ 136.450838442782441, 36.365079418185026 ], [ 136.45077891796015, 36.3651797221235 ], [ 136.450573361961318, 36.365308916704834 ], [ 136.450436778309012, 36.365901387673404 ], [ 136.448940638758302, 36.36609536121582 ], [ 136.448911554822359, 36.36632752759936 ], [ 136.448814221496917, 36.366695388328075 ], [ 136.448772889217508, 36.366841306680662 ], [ 136.448761582661035, 36.36688252736208 ], [ 136.448731694985071, 36.366983722831307 ], [ 136.448720417060542, 36.367021693630804 ], [ 136.448711971654916, 36.367066167558413 ], [ 136.448709471471261, 36.36712122210573 ], [ 136.448712832658856, 36.367190917943034 ], [ 136.44872227813795, 36.367244054858169 ], [ 136.448735779129663, 36.367301639334272 ], [ 136.44875419357021, 36.367359943763518 ], [ 136.44878158310766, 36.367423750451437 ], [ 136.448803250343389, 36.367465250367019 ], [ 136.448822887777681, 36.367498528014046 ], [ 136.448834666761513, 36.367515278699443 ], [ 136.448874082744709, 36.367578693450255 ], [ 136.448889943827993, 36.367601415709579 ], [ 136.448902056169629, 36.367615278171748 ], [ 136.448949139382734, 36.367670971929805 ], [ 136.448979777625055, 36.367708471731916 ], [ 136.449081832156196, 36.36782002746137 ], [ 136.449231055796304, 36.36798899945358 ], [ 136.449465333741301, 36.368262581646022 ], [ 136.449692667413416, 36.368532168771395 ], [ 136.449750860849548, 36.368602443262624 ], [ 136.449783584112112, 36.368630943650516 ], [ 136.44981444322957, 36.368642501589797 ], [ 136.449839361215339, 36.368648306632501 ], [ 136.449868444128697, 36.368648500077853 ], [ 136.449904499946911, 36.368642222355632 ] ] ] } },
{ "type": "Feature", "properties": { "P12_001": 10195, "P12_002": "粟津公園", "P12_003": "17", "P12_004": "17203", "P12_005": "‐", "P12_006": "小松市符津町念仏ケ3-1", "P12_007": 4 }, "geometry": { "type": "Polygon", "coordinates": [ [ [ 136.421298495841199, 36.355101922390055 ], [ 136.421297282050631, 36.355070424440264 ], [ 136.421293642723981, 36.355039047604087 ], [ 136.421287592177293, 36.355007912995141 ], [ 136.421279154952231, 36.354977143409158 ], [ 136.421268362748464, 36.354946854913358 ], [ 136.421255257491339, 36.354917168621348 ], [ 136.421239889286795, 36.354888195553947 ], [ 136.421222319489061, 36.354860050096221 ], [ 136.421202614565175, 36.354832839904724 ], [ 136.421180850185294, 36.354806670953863 ], [ 136.421157112245311, 36.354781644171652 ], [ 136.421131491753954, 36.354757857121832 ], [ 136.421104087900517, 36.354735400639605 ], [ 136.4210750070323, 36.354714360513789 ], [ 136.421044360609386, 36.354694822533183 ], [ 136.421012268272506, 36.354676857347407 ], [ 136.420978853752615, 36.354660538970322 ], [ 136.420944245893537, 36.354645926276604 ], [ 136.420908579674517, 36.354633078140935 ], [ 136.420871992119913, 36.354622045027305 ], [ 136.420834625366979, 36.354612868989065 ], [ 136.420796623598051, 36.354605581986739 ], [ 136.420758133040692, 36.354600215980881 ], [ 136.42071930503522, 36.354596792839203 ], [ 136.42068028785431, 36.354595322654525 ], [ 136.420641232838278, 36.354595812155374 ], [ 136.420602291327555, 36.354598261341749 ], [ 136.420563613639871, 36.354602658438722 ], [ 136.420525348047903, 36.354608986624946 ], [ 136.420487645891995, 36.354617222350562 ], [ 136.420450651354543, 36.354627333655031 ], [ 136.42041450657274, 36.354639278485017 ], [ 136.420379351638729, 36.354653014787175 ], [ 136.42034532562198, 36.354668488733239 ], [ 136.420312555321175, 36.354685639766409 ], [ 136.420281170602749, 36.354704398919203 ], [ 136.420251293152489, 36.354724697224142 ], [ 136.420223037498232, 36.354746455620969 ], [ 136.420196511009863, 36.354769590002995 ], [ 136.42017182105721, 36.354794009535013 ], [ 136.420149058649031, 36.354819618335419 ], [ 136.420128313771443, 36.354846322204729 ], [ 136.420109668230054, 36.35487401180427 ], [ 136.42009319155963, 36.354902586206038 ], [ 136.420078948182123, 36.354931929342811 ], [ 136.420066993316254, 36.35496193187592 ], [ 136.420057374000237, 36.354992476056012 ], [ 136.42005012602408, 36.355023442451611 ], [ 136.420045279042284, 36.355054713313379 ], [ 136.420042850438534, 36.355086167527695 ], [ 136.420042850438534, 36.355117680616679 ], [ 136.420045279042284, 36.355149133148863 ], [ 136.42005012602408, 36.355180405692764 ], [ 136.420057374000237, 36.355211370406231 ], [ 136.420066993316254, 36.355241914586323 ], [ 136.420078948182123, 36.355271917119431 ], [ 136.42009319155963, 36.355301260256205 ], [ 136.420109668230054, 36.355329834657965 ], [ 136.420128313771443, 36.355357525939645 ], [ 136.420149058649031, 36.355384228126823 ], [ 136.42017182105721, 36.355409838609361 ], [ 136.420196511009863, 36.355434256459247 ], [ 136.420223037498232, 36.355457390841273 ], [ 136.420251293152489, 36.355479149238093 ], [ 136.420281170602749, 36.355499447543039 ], [ 136.420312555321175, 36.355518206695834 ], [ 136.42034532562198, 36.355535357728996 ], [ 136.420379351638729, 36.355550831675068 ], [ 136.42041450657274, 36.355564567977225 ], [ 136.420450651354543, 36.355576514489343 ], [ 136.420487645891995, 36.35558662411168 ], [ 136.420525348047903, 36.355594859837296 ], [ 136.420563613639871, 36.35560118802352 ], [ 136.420602291327555, 36.355605585120493 ], [ 136.420641232838278, 36.355608034306869 ], [ 136.42068028785431, 36.355608523807717 ], [ 136.42071930503522, 36.355607053623032 ], [ 136.420758133040692, 36.355603630481362 ], [ 136.420796623598051, 36.355598264475496 ], [ 136.420834625366979, 36.355590979155309 ], [ 136.420871992119913, 36.355581801434937 ], [ 136.420908579674517, 36.355570768321307 ], [ 136.420944245893537, 36.355557920185632 ], [ 136.420978853752615, 36.355543307491921 ], [ 136.421012268272506, 36.355526989114836 ], [ 136.421044360609386, 36.355509023929059 ], [ 136.4210750070323, 36.355489485948453 ], [ 136.421104087900517, 36.355468445822638 ], [ 136.421131491753954, 36.35544598934041 ], [ 136.421157112245311, 36.35542220229059 ], [ 136.421180850185294, 36.355397175508372 ], [ 136.421202614565175, 36.355371006557512 ], [ 136.421222319489061, 36.355343796366022 ], [ 136.421239889286795, 36.355315650908295 ], [ 136.421255257491339, 36.355286679523026 ], [ 136.421268362748464, 36.355256991548885 ], [ 136.421279154952231, 36.355226703053084 ], [ 136.421287592177293, 36.355195933467101 ], [ 136.421293642723981, 36.355164800540287 ], [ 136.421297282050631, 36.355133422021972 ], [ 136.421298495841199, 36.355101922390055 ] ] ] } },
{ "type": "Feature", "properties": { "P12_001": 10240, "P12_002": "曽々木海岸", "P12_003": "17", "P12_004": "17204", "P12_005": "‐", "P12_006": "輪島市町野町曽々木", "P12_007": 1 }, "geometry": { "type": "Polygon", "coordinates": [ [ [ 137.069028954993712, 37.453293451002111 ], [ 137.068443795446626, 37.453222089852645 ], [ 137.068301076374297, 37.45332199680761 ], [ 137.068329620393285, 37.453464717424417 ], [ 137.06882914686085, 37.453664529652215 ], [ 137.070541806405913, 37.454478041373349 ], [ 137.072268742050738, 37.455577001056632 ], [ 137.073039438743763, 37.456062254518045 ], [ 137.073282066995375, 37.456890040824064 ], [ 137.073353428065388, 37.457503745363802 ], [ 137.073681688373938, 37.457860551111153 ], [ 137.073710232392898, 37.458488523507242 ], [ 137.073681688373938, 37.458916690404067 ], [ 137.073867225519876, 37.459073685605752 ], [ 137.074666470322143, 37.459045141482392 ], [ 137.07516599372201, 37.458816786813365 ], [ 137.075451436979534, 37.458902419183453 ], [ 137.075865332412718, 37.459259221566541 ], [ 137.076207864730776, 37.459958560158498 ], [ 137.076650304182948, 37.46025827597699 ], [ 137.077563717903161, 37.460657898750455 ], [ 137.078705501158879, 37.46117169801736 ], [ 137.079561826841143, 37.461414322224869 ], [ 137.080389618730123, 37.461913848589028 ], [ 137.080774960941199, 37.462556095569994 ], [ 137.08110321613691, 37.463498061733723 ], [ 137.081402944697317, 37.464197390232883 ], [ 137.081931008025862, 37.464625562176103 ], [ 137.082972878012043, 37.464968091656445 ], [ 137.083686493825098, 37.46528207701342 ], [ 137.084343004216493, 37.465753064300621 ], [ 137.085042346997483, 37.466067049657596 ], [ 137.085527594297588, 37.466009961410869 ], [ 137.085684602763081, 37.466095593780956 ], [ 137.085798778839006, 37.466395306235185 ], [ 137.085755962810538, 37.466809195182861 ], [ 137.085855866876983, 37.467180278879361 ], [ 137.08561322533194, 37.467237367126081 ], [ 137.085342058174206, 37.467380087742889 ], [ 137.085342058174206, 37.467636984853144 ], [ 137.085484778269119, 37.467822520813925 ], [ 137.085755962810538, 37.467765432567205 ], [ 137.086141306044198, 37.467665528976504 ], [ 137.086369657173464, 37.467308728275555 ], [ 137.086383929182972, 37.466937654671852 ], [ 137.086298297126035, 37.466295402644484 ], [ 137.086098490015729, 37.465952873164149 ], [ 137.085770234820046, 37.465624604811623 ], [ 137.085085163025951, 37.465567516564903 ], [ 137.084157468093139, 37.465110812273252 ], [ 137.083101326097449, 37.464525646810472 ], [ 137.082002367050762, 37.463926226948416 ], [ 137.081602752830179, 37.463155527206986 ], [ 137.080974769074061, 37.461970936835748 ], [ 137.080261162464154, 37.461143153894 ], [ 137.079205019445908, 37.460871978834597 ], [ 137.077849166273523, 37.460358179567692 ], [ 137.076992830365555, 37.459930016035131 ], [ 137.076222136740256, 37.459073685605752 ], [ 137.075537073126753, 37.45836007579318 ], [ 137.07475210237908, 37.458388619916548 ], [ 137.074438115102595, 37.458417164039908 ], [ 137.074381022974364, 37.458231628079126 ], [ 137.074452387112103, 37.457903366455135 ], [ 137.074252574888959, 37.457518016584416 ], [ 137.073981403640943, 37.45714693961645 ], [ 137.073695960383418, 37.455976622147965 ], [ 137.073424788112845, 37.455448551660439 ], [ 137.072497097270286, 37.454820574217955 ], [ 137.071398138223572, 37.454263959607069 ], [ 137.069028954993712, 37.453293451002111 ] ] ] } },
{ "type": "Feature", "properties": { "P12_001": 10261, "P12_002": "禄剛崎", "P12_003": "17", "P12_004": "17205", "P12_005": "‐", "P12_006": "珠洲市狼煙町", "P12_007": 1 }, "geometry": { "type": "MultiPolygon", "coordinates": [ [ [ [ 137.328521082347322, 37.525000001354833 ], [ 137.328370138744503, 37.525144777538777 ], [ 137.328552250280921, 37.526168666968225 ], [ 137.327430472584666, 37.526825778962937 ], [ 137.327385056160693, 37.526756000701084 ], [ 137.327323027064494, 37.526681667221723 ], [ 137.326914722021485, 37.526167970564956 ], [ 137.326572499542152, 37.525744083015759 ], [ 137.326420556888422, 37.525808527232279 ], [ 137.326325277906108, 37.525568806387192 ], [ 137.326184167336379, 37.525074918534528 ], [ 137.32616913862509, 37.525000001354833 ], [ 137.326168831854091, 37.524998527805892 ], [ 137.326145638943927, 37.524883029155511 ], [ 137.327713722429536, 37.524777860486957 ], [ 137.327705417115993, 37.524733277220676 ], [ 137.326136667937305, 37.524841029646282 ], [ 137.326028889059302, 37.524771029342816 ], [ 137.326045832021634, 37.524698527706832 ], [ 137.326069444185521, 37.524596306136168 ], [ 137.327044528079853, 37.52454133233126 ], [ 137.327039110503989, 37.524511970691016 ], [ 137.326774111488504, 37.524521666508505 ], [ 137.326925556150627, 37.524049639662806 ], [ 137.327177778153981, 37.52407047120407 ], [ 137.327435056765978, 37.52320502697539 ], [ 137.328581472263835, 37.523367278844262 ], [ 137.328592972086057, 37.523300333295232 ], [ 137.32746288907623, 37.523140750972217 ], [ 137.327489167080103, 37.523048250451055 ], [ 137.327496666608482, 37.522964917557466 ], [ 137.327509999898723, 37.522809639814078 ], [ 137.327481111273642, 37.522574639035597 ], [ 137.327423055884452, 37.521973528629374 ], [ 137.32742749997368, 37.521875889190362 ], [ 137.329085249554879, 37.522151055952563 ], [ 137.32957533258849, 37.52250183293345 ], [ 137.329622999689064, 37.522446889406936 ], [ 137.329121972088728, 37.522088223219932 ], [ 137.327430138204278, 37.52180763998787 ], [ 137.327431388807383, 37.521778528985514 ], [ 137.327485000107345, 37.521560470655643 ], [ 137.327555556414779, 37.521389083119729 ], [ 137.327601110885723, 37.521053529447016 ], [ 137.327683888949792, 37.520838529235846 ], [ 137.327890832576117, 37.520509360941901 ], [ 137.328130831800252, 37.520086306048782 ], [ 137.328346111417204, 37.519797416441492 ], [ 137.328751943885948, 37.519377693854842 ], [ 137.32901469631517, 37.519190440435757 ], [ 137.328747590805449, 37.519158826418753 ], [ 137.327963000453849, 37.519127999640233 ], [ 137.327178408057108, 37.519158826418753 ], [ 137.326398655484155, 37.5192511149911 ], [ 137.325628546768883, 37.51940430016041 ], [ 137.324872830726378, 37.519617433203393 ], [ 137.32413616516294, 37.519889203738053 ], [ 137.323423095402291, 37.520217934677291 ], [ 137.322738014405076, 37.520601597368106 ], [ 137.322085147430585, 37.521037830095061 ], [ 137.321468520336907, 37.521523939762425 ], [ 137.32089193299413, 37.522056930490436 ], [ 137.32035894087818, 37.522633517072364 ], [ 137.319872829506437, 37.523250146842258 ], [ 137.31943659807672, 37.523903013132013 ], [ 137.319052934925566, 37.524588093960425 ], [ 137.318724205257382, 37.525301165490276 ], [ 137.318452434783353, 37.526037828942464 ], [ 137.318239301540814, 37.526793544238672 ], [ 137.318086117487098, 37.52756365355124 ], [ 137.3180650770868, 37.527741418055257 ], [ 137.318067222438657, 37.527742417242557 ], [ 137.318176944199649, 37.527725473111808 ], [ 137.318247499484499, 37.527770471865068 ], [ 137.31832888889852, 37.527798805721744 ], [ 137.318441667121249, 37.527790193198221 ], [ 137.318522777373659, 37.527832418113341 ], [ 137.318583056852589, 37.52784658335954 ], [ 137.318643056147323, 37.527843807839268 ], [ 137.318710276831411, 37.527812693415918 ], [ 137.318837499877986, 37.527871860779648 ], [ 137.318943331782691, 37.527857695533442 ], [ 137.318978889609298, 37.527919640099583 ], [ 137.319038888904061, 37.527961861650432 ], [ 137.31909888922138, 37.527984360185997 ], [ 137.319137777558467, 37.528046306434263 ], [ 137.31924027690755, 37.528114082957245 ], [ 137.319289723279923, 37.528189916899692 ], [ 137.319349999691127, 37.528237972089521 ], [ 137.319363056887454, 37.52824324894231 ], [ 137.319424167715795, 37.528268805596575 ], [ 137.319452500062795, 37.528319637988815 ], [ 137.319498332672765, 37.528356029264955 ], [ 137.319579723109342, 37.528384359757361 ], [ 137.319675000046516, 37.528392694728851 ], [ 137.319738612081096, 37.528451860410449 ], [ 137.319834167157296, 37.528496860845841 ], [ 137.319971944148818, 37.528488527556483 ], [ 137.320028332748905, 37.528541861281234 ], [ 137.320077777076108, 37.528564359816791 ], [ 137.320127499542366, 37.528575751224857 ], [ 137.320247499154419, 37.528561582614387 ], [ 137.320310832027388, 37.528609639486348 ], [ 137.320385000052056, 37.528632138021912 ], [ 137.320466388443492, 37.528626306065064 ], [ 137.320522777043578, 37.528598251442553 ], [ 137.320589999772807, 37.528643250195813 ], [ 137.320657222502035, 37.528660192644423 ], [ 137.320745556188911, 37.528660192644423 ], [ 137.32083388885323, 37.528629359137369 ], [ 137.320890555592342, 37.528654638239608 ], [ 137.320961111899777, 37.528665750413509 ], [ 137.321028332583865, 37.528665750413509 ], [ 137.321095556335649, 37.528640472993402 ], [ 137.321226110915262, 37.528699638675 ], [ 137.321296943316611, 37.528699638675 ], [ 137.321424167385715, 37.528651862719329 ], [ 137.321501943037362, 37.52867158237035 ], [ 137.321597222019676, 37.528665750413509 ], [ 137.321710277358875, 37.528620749978117 ], [ 137.321812776707958, 37.528643250195813 ], [ 137.321894167144535, 37.528637692426727 ], [ 137.321978888091621, 37.52859547255801 ], [ 137.322081389485845, 37.528637692426727 ], [ 137.322173332844812, 37.528637692426727 ], [ 137.322289721762218, 37.528601026962825 ], [ 137.322360278069652, 37.528637692426727 ], [ 137.322427499776325, 37.528654638239608 ], [ 137.322466389135997, 37.528651862719329 ], [ 137.322558332494964, 37.528615193891163 ], [ 137.322703056827066, 37.528657417124144 ], [ 137.322777499923063, 37.528649082152654 ], [ 137.322862222915262, 37.528617971093574 ], [ 137.322943611306727, 37.528654638239608 ], [ 137.323014167614133, 37.528665750413509 ], [ 137.323137777920891, 37.528637692426727 ], [ 137.323311110693879, 37.52871380728547 ], [ 137.32334638833629, 37.528716584487874 ], [ 137.323420556360986, 37.528696861472589 ], [ 137.323544166667716, 37.528758806038724 ], [ 137.323696111366587, 37.528753249951777 ], [ 137.323752777083143, 37.528798248705037 ], [ 137.32383416751972, 37.528834915851064 ], [ 137.323933056174127, 37.528837694735607 ], [ 137.324003611459005, 37.528902414822021 ], [ 137.324102777229882, 37.528952971344367 ], [ 137.324169721820084, 37.528964361070294 ], [ 137.324219167169844, 37.529017694795044 ], [ 137.324296943844047, 37.529059916345894 ], [ 137.324357222300421, 37.529068527187277 ], [ 137.32441000020583, 37.529059916345894 ], [ 137.324466500266027, 37.529116693397917 ], [ 137.324495388891108, 37.529143666408594 ], [ 137.324579722284142, 37.529178249391215 ], [ 137.324660832536551, 37.529189639117149 ], [ 137.324727777126725, 37.529175472188811 ], [ 137.324791388138721, 37.529223249826607 ], [ 137.324890555954767, 37.529262694175053 ], [ 137.325000000599289, 37.529254889075609 ], [ 137.325005556222095, 37.529254471906505 ], [ 137.325007221988614, 37.529254359203563 ], [ 137.325059999894023, 37.529302138523491 ], [ 137.325134444012605, 37.529330194828141 ], [ 137.32527555560489, 37.529316307133961 ], [ 137.325360555713559, 37.529364083089632 ], [ 137.325445277683201, 37.529386583307328 ], [ 137.325639722436421, 37.529364083089632 ], [ 137.32571750013318, 37.529417694366408 ], [ 137.325777500450499, 37.5294374173817 ], [ 137.32594000011693, 37.529406306322613 ], [ 137.325993056161366, 37.529448527873463 ], [ 137.326060277868038, 37.52946547032208 ], [ 137.326141668304615, 37.529459915917258 ], [ 137.326229999946349, 37.52942352968752 ], [ 137.326325277906108, 37.52948269368698 ], [ 137.326392499612751, 37.529496583063292 ], [ 137.32648777757251, 37.529488251456065 ], [ 137.326558610996415, 37.529465749556238 ], [ 137.326653888956173, 37.529499639499861 ], [ 137.32669999970517, 37.529499639499861 ], [ 137.326760000022489, 37.52948269368698 ], [ 137.326830556329924, 37.52944047213613 ], [ 137.326943888785593, 37.529457417949011 ], [ 137.327000277385679, 37.529437693251595 ], [ 137.327145000695197, 37.529344639308505 ], [ 137.327272221696603, 37.52935019371332 ], [ 137.327371110351038, 37.529307970480339 ], [ 137.32750527767044, 37.529339081539419 ], [ 137.327618611148694, 37.529282694742363 ], [ 137.327742222478008, 37.52930519496006 ], [ 137.327795277499888, 37.529299640555244 ], [ 137.327858888511884, 37.529260194524674 ], [ 137.327911943533763, 37.529195472756122 ], [ 137.328042500158489, 37.529172972538426 ], [ 137.328116668183185, 37.529136307074531 ], [ 137.32816972218248, 37.529091304957007 ], [ 137.328191111279182, 37.529049083406157 ], [ 137.328194443834803, 37.52898158107093 ], [ 137.328243888162007, 37.528950473376113 ], [ 137.328261667586617, 37.528899916853774 ], [ 137.328240556628941, 37.528806861228553 ], [ 137.328187500584505, 37.528776027721499 ], [ 137.328205277963946, 37.528742137777876 ], [ 137.328205277963946, 37.52868575098082 ], [ 137.328148611224833, 37.52862658361709 ], [ 137.328187500584505, 37.528553526877054 ], [ 137.328191111279182, 37.52850575092139 ], [ 137.328152222942066, 37.528432416629322 ], [ 137.328081388495605, 37.528392972280876 ], [ 137.328102777592306, 37.528305750294635 ], [ 137.328095556202953, 37.528241028526089 ], [ 137.32807611203441, 37.528217138866125 ], [ 137.328108611354139, 37.528124915896989 ], [ 137.328052499870523, 37.527941583531089 ], [ 137.327978611007467, 37.527709637507044 ], [ 137.32787069408252, 37.527502307824633 ], [ 137.327470277144499, 37.526886971615397 ], [ 137.328640527726463, 37.526199500475279 ], [ 137.328456527503221, 37.525165055658121 ], [ 137.328628499235549, 37.525000001354833 ], [ 137.328630027977709, 37.524998527805892 ], [ 137.330713082828169, 37.522999027860578 ], [ 137.330656361892835, 37.522950249353343 ], [ 137.329587888725541, 37.52397730624017 ], [ 137.32936205618617, 37.523816805472272 ], [ 137.329314612005874, 37.523871918894265 ], [ 137.329534138356053, 37.52402824965322 ], [ 137.328522611089483, 37.524998527805892 ], [ 137.328521082347322, 37.525000001354833 ] ] ], [ [ [ 137.329447777206695, 37.529617972545189 ], [ 137.32947777838794, 37.529602693726609 ], [ 137.329490000144574, 37.529586028830025 ], [ 137.329493888978277, 37.52956408371638 ], [ 137.329492500328229, 37.529524361815909 ], [ 137.32948027754901, 37.529506585029083 ], [ 137.329459999985914, 37.529482416134954 ], [ 137.32943277712738, 37.529470193752942 ], [ 137.32940972226416, 37.529449362211679 ], [ 137.329412499564285, 37.52939408225847 ], [ 137.329406942918894, 37.529384083656943 ], [ 137.329385276705722, 37.529375195263533 ], [ 137.329345833113109, 37.529371028618854 ], [ 137.329323888760911, 37.52936658274001 ], [ 137.329313055654353, 37.529354360357999 ], [ 137.329310278354228, 37.52931908265424 ], [ 137.329272222389108, 37.529295751462591 ], [ 137.329231389123862, 37.529288250829318 ], [ 137.329198888781548, 37.529301305867413 ], [ 137.329163611139109, 37.529324638741187 ], [ 137.329121389223815, 37.52932797104765 ], [ 137.329091389065155, 37.529364360641658 ], [ 137.329083332236138, 37.529398528137314 ], [ 137.329094167387865, 37.529424915765524 ], [ 137.329133610980449, 37.529451305075874 ], [ 137.329170277272965, 37.529477971938249 ], [ 137.329177222568404, 37.529527694122372 ], [ 137.329219168389784, 37.529568529595224 ], [ 137.329241110696842, 37.529579360852829 ], [ 137.329276388339281, 37.529583806731665 ], [ 137.329307778170573, 37.52959047302673 ], [ 137.329387776889376, 37.5296190827533 ], [ 137.329447777206695, 37.529617972545189 ] ] ], [ [ [ 137.32833638882164, 37.528575192756534 ], [ 137.328341667327976, 37.528621582634194 ], [ 137.328369168325565, 37.528644917190107 ], [ 137.32840999954567, 37.528654915791634 ], [ 137.328465277634734, 37.528671306500456 ], [ 137.3285052775054, 37.528669639506155 ], [ 137.328526666602102, 37.528652417823388 ], [ 137.328545277376094, 37.528625749278874 ], [ 137.328549168254966, 37.528598251442553 ], [ 137.328549168254966, 37.528552692538838 ], [ 137.328566667495352, 37.528488805108509 ], [ 137.328561668150627, 37.528464639578644 ], [ 137.328535000547589, 37.528442137678816 ], [ 137.328491944215187, 37.528418251383115 ], [ 137.328469443584908, 37.528415750050605 ], [ 137.32843472222055, 37.528420749351362 ], [ 137.328397777789036, 37.528438805372353 ], [ 137.328380556687648, 37.528457971601455 ], [ 137.328366110841273, 37.528508528123794 ], [ 137.32833638882164, 37.528575192756534 ] ] ], [ [ [ 137.328370277814003, 37.528107692532082 ], [ 137.328330276920752, 37.528129082541668 ], [ 137.328305832384899, 37.528164082693401 ], [ 137.328287222633463, 37.528195750538671 ], [ 137.328289443655507, 37.52822047285472 ], [ 137.328302499829277, 37.528241306078122 ], [ 137.328328333015179, 37.528252971673943 ], [ 137.328357777918342, 37.528262137619386 ], [ 137.328403888667339, 37.528264638951896 ], [ 137.328445832443606, 37.528281860634671 ], [ 137.328493888120761, 37.528286861617566 ], [ 137.328532777480433, 37.528278528328208 ], [ 137.328557500155313, 37.528267138602281 ], [ 137.328576944323856, 37.528236305095227 ], [ 137.328575832790278, 37.528179083959955 ], [ 137.328558610666335, 37.528154082409742 ], [ 137.328510276850153, 37.528118528836089 ], [ 137.328462222195554, 37.528106027219913 ], [ 137.328416111446558, 37.528101860575234 ], [ 137.328370277814003, 37.528107692532082 ] ] ], [ [ [ 137.327346111582244, 37.530536027181213 ], [ 137.32735666757236, 37.530537139071455 ], [ 137.327373888673719, 37.530550471661577 ], [ 137.327397500837606, 37.530557417190799 ], [ 137.327419443144663, 37.530557970612719 ], [ 137.327444443958569, 37.530548249563225 ], [ 137.327468056122456, 37.53051047220908 ], [ 137.327472223095214, 37.530465471773688 ], [ 137.327465833055271, 37.530444638550293 ], [ 137.327447222281279, 37.530415751271697 ], [ 137.327427221834654, 37.530406306092097 ], [ 137.327395833025918, 37.530405192519716 ], [ 137.327373888673719, 37.530412693152996 ], [ 137.327346667860326, 37.530422138332597 ], [ 137.327330278108349, 37.530417971687918 ], [ 137.327292499259698, 37.530400193218959 ], [ 137.327255556873325, 37.530399360562875 ], [ 137.3272355564267, 37.530408250638423 ], [ 137.327214167329998, 37.530433528058524 ], [ 137.327199167250683, 37.530471305412668 ], [ 137.327198332833547, 37.530493248844174 ], [ 137.327208332545581, 37.530508806896918 ], [ 137.327239167121348, 37.530529640120314 ], [ 137.327272499835658, 37.530547694459173 ], [ 137.327305277294442, 37.530551026765636 ], [ 137.327323889090991, 37.530546582568924 ], [ 137.327346111582244, 37.530536027181213 ] ] ], [ [ [ 137.327879999469531, 37.531147417105259 ], [ 137.327902499077226, 37.531156307180808 ], [ 137.327921667151884, 37.53115797249297 ], [ 137.327946388804207, 37.531154083400317 ], [ 137.327981943563088, 37.531124639335538 ], [ 137.32798583239682, 37.531097972473162 ], [ 137.327973610640186, 37.531039082661458 ], [ 137.32795777716629, 37.531022971186793 ], [ 137.327931111608393, 37.531012415799083 ], [ 137.327905832655432, 37.531009917830836 ], [ 137.327890832576117, 37.531015749787677 ], [ 137.327860832417429, 37.531031861262342 ], [ 137.327842222666021, 37.531031861262342 ], [ 137.327800556006224, 37.531033528256643 ], [ 137.327771943475057, 37.531057416234475 ], [ 137.32776833278038, 37.531088527293555 ], [ 137.327772499753138, 37.531102418351999 ], [ 137.327792222060737, 37.531129638636294 ], [ 137.32780805655716, 37.531143528012606 ], [ 137.327827776819618, 37.531147972209311 ], [ 137.327879999469531, 37.531147417105259 ] ] ], [ [ [ 137.328293417362545, 37.527972499462685 ], [ 137.328332501010493, 37.527964638852843 ], [ 137.32838444347621, 37.527955750459427 ], [ 137.32840499917836, 37.527932972689705 ], [ 137.328408056662653, 37.527912417018335 ], [ 137.328389167749634, 37.527884362395817 ], [ 137.328360832334909, 37.527869083577237 ], [ 137.328310556658295, 37.527858805741552 ], [ 137.328247500901824, 37.527852415316389 ], [ 137.328225556549626, 37.52786519448459 ], [ 137.328206667636579, 37.527897139881887 ], [ 137.328208332380541, 37.527931581565298 ], [ 137.328234999983579, 37.527954640251316 ], [ 137.328266388792287, 37.527972417038143 ], [ 137.328293417362545, 37.527972499462685 ] ] ], [ [ [ 137.328732222600934, 37.527771028651259 ], [ 137.328702222442274, 37.52775047129775 ], [ 137.32866750005536, 37.527732692828792 ], [ 137.328649444536865, 37.527731306750788 ], [ 137.328625832373007, 37.527741860456366 ], [ 137.328591943380616, 37.527747140673426 ], [ 137.328571943956575, 37.527746861439262 ], [ 137.328536943430606, 37.527752138292051 ], [ 137.328518332656614, 37.52776324878382 ], [ 137.328517777401089, 37.52777741739429 ], [ 137.328526111346605, 37.527788805438085 ], [ 137.32854805672136, 37.527804084256665 ], [ 137.32857638906836, 37.527811860759833 ], [ 137.328599193401914, 37.527821556577329 ], [ 137.328624082755709, 37.527824555821361 ], [ 137.328635805498209, 37.52782758197953 ], [ 137.328657332641853, 37.527832083368772 ], [ 137.328677276847117, 37.527834083425503 ], [ 137.328697832549267, 37.527832334006668 ], [ 137.328727500372679, 37.527823250485767 ], [ 137.328735278040085, 37.527796583623392 ], [ 137.328732222600934, 37.527771028651259 ] ] ], [ [ [ 137.327416388728068, 37.530833529312027 ], [ 137.327381112108213, 37.530836027280273 ], [ 137.327355832132668, 37.530848528896442 ], [ 137.32734138935399, 37.530861582252406 ], [ 137.327337500520287, 37.530880470929475 ], [ 137.327343611398589, 37.530893527649702 ], [ 137.32735666757236, 37.530918251647883 ], [ 137.32736888830641, 37.530927415911194 ], [ 137.327394167259399, 37.530929082905494 ], [ 137.327412499894365, 37.530936305986742 ], [ 137.327425557090692, 37.53095685997598 ], [ 137.327437777824741, 37.530965193265338 ], [ 137.327451111114982, 37.530969359910017 ], [ 137.327469167656034, 37.530967692915716 ], [ 137.327492500658309, 37.530949638576864 ], [ 137.327498611536612, 37.53092825024941 ], [ 137.327494443541298, 37.530888805900965 ], [ 137.327488611824606, 37.530864081902784 ], [ 137.327466112216882, 37.530853248963048 ], [ 137.327443888703073, 37.530839361268868 ], [ 137.327416388728068, 37.530833529312027 ] ] ], [ [ [ 137.329155556355232, 37.527919084995524 ], [ 137.329157500260806, 37.527905471489113 ], [ 137.329153611427103, 37.527879638964954 ], [ 137.329154167705184, 37.52786824923902 ], [ 137.329195000970401, 37.527846028255489 ], [ 137.3291975001315, 37.527837415731966 ], [ 137.329188888046957, 37.52782074915325 ], [ 137.329164999789185, 37.527813526072002 ], [ 137.329131667074904, 37.527815194748435 ], [ 137.329099723010671, 37.527823250485767 ], [ 137.329074167963796, 37.527823805589819 ], [ 137.32904638882718, 37.527819083841088 ], [ 137.329023612102986, 37.527806583907044 ], [ 137.329010277790189, 37.527806583907044 ], [ 137.328991668038753, 37.527823250485767 ], [ 137.328989722088039, 37.527831028671066 ], [ 137.329005556584491, 37.527852692868414 ], [ 137.329049722405387, 37.527889916800639 ], [ 137.329090277531577, 37.527919084995524 ], [ 137.329104167099871, 37.527923529192236 ], [ 137.329144167993149, 37.527922415619855 ], [ 137.329155556355232, 37.527919084995524 ] ] ], [ [ [ 137.328509443455602, 37.529712693482573 ], [ 137.328536389197666, 37.52972519341661 ], [ 137.328563331872033, 37.529737970902673 ], [ 137.328580556041089, 37.529746026640005 ], [ 137.328595000864937, 37.529744361327843 ], [ 137.328600832581628, 37.529735750486459 ], [ 137.32861472214995, 37.529713807054947 ], [ 137.3286113895943, 37.529703248302972 ], [ 137.32859166728673, 37.52968880550474 ], [ 137.328551389276981, 37.529664917526901 ], [ 137.328527222880183, 37.529660469965933 ], [ 137.328486388592381, 37.529653529483106 ], [ 137.328448888905342, 37.529656306685517 ], [ 137.328431666781398, 37.529665193396795 ], [ 137.328423888091407, 37.529686026620197 ], [ 137.328431111525873, 37.529699359210319 ], [ 137.328445556349692, 37.529707971733835 ], [ 137.328472500046644, 37.529712138378514 ], [ 137.328509443455602, 37.529712693482573 ] ] ] ] } },
{ "type": "Feature", "properties": { "P12_001": 10241, "P12_002": "猿山岬", "P12_003": "17", "P12_004": "17204", "P12_005": "‐", "P12_006": "輪島市門前町吉浦町", "P12_007": 1 }, "geometry": { "type": "Polygon", "coordinates": [ [ [ 136.725000000433994, 37.327092471822851 ], [ 136.725004973191915, 37.327095945428532 ], [ 136.725019694109619, 37.327106251860485 ], [ 136.72518886195499, 37.3271118062653 ], [ 136.725146360878085, 37.327179305236257 ], [ 136.725139417627787, 37.327303471920558 ], [ 136.725104138962791, 37.327354028442905 ], [ 136.725125249920438, 37.327460971762299 ], [ 136.725195806227873, 37.327489307301107 ], [ 136.725224971969425, 37.327539276758856 ], [ 136.72526544426745, 37.327613388196596 ], [ 136.725393027258633, 37.327658191822373 ], [ 136.725348693736294, 37.327774612281907 ], [ 136.725371918346127, 37.327855415246717 ], [ 136.725442472608421, 37.327917361494983 ], [ 136.725344027749372, 37.327982138773933 ], [ 136.725343862093041, 37.328069027697744 ], [ 136.725392582440691, 37.32815719336088 ], [ 136.72551997318871, 37.328176250251303 ], [ 136.72554802841924, 37.328221250686695 ], [ 136.725620278102582, 37.328240556532876 ], [ 136.725689137966384, 37.328232361178458 ], [ 136.725759417157349, 37.328170416612323 ], [ 136.725776305923461, 37.328171055823056 ], [ 136.725798250275659, 37.328248889822234 ], [ 136.725872193334936, 37.328305695470526 ], [ 136.725926581788087, 37.328418418600627 ], [ 136.726020249200104, 37.328469027269108 ], [ 136.726139972718272, 37.328463472864293 ], [ 136.726139972718272, 37.32850291889487 ], [ 136.726196360295774, 37.328609858849994 ], [ 136.726252749918416, 37.328660694606498 ], [ 136.726294111852354, 37.328745390028224 ], [ 136.726330250498734, 37.328790139825728 ], [ 136.726443027698878, 37.328818194448239 ], [ 136.726469580774079, 37.328878863957186 ], [ 136.726977119077588, 37.328539737432919 ], [ 136.727593746171294, 37.328053627765556 ], [ 136.728170333514043, 37.327520635355413 ], [ 136.728703324607437, 37.326944048773484 ], [ 136.72918943597918, 37.326327420685722 ], [ 136.729625668431453, 37.325674554395967 ], [ 136.730009331582608, 37.324989473567555 ], [ 136.730338061250791, 37.324276402037704 ], [ 136.730609830702264, 37.323539736903378 ], [ 136.730822964967359, 37.32278402160717 ], [ 136.730976149021075, 37.322013912294601 ], [ 136.731068439031276, 37.321234159310677 ], [ 136.731099265426508, 37.320449568510803 ], [ 136.731068439031276, 37.319664976028797 ], [ 136.730976149021075, 37.318885223044873 ], [ 136.730822964967359, 37.318115113732304 ], [ 136.730609830702264, 37.317359398436096 ], [ 136.730338061250791, 37.316622734983909 ], [ 136.730009331582608, 37.315909663454057 ], [ 136.729625668431453, 37.315224580943507 ], [ 136.72918943597918, 37.314571716335891 ], [ 136.728703324607437, 37.313955086565997 ], [ 136.728170333514043, 37.313378499984069 ], [ 136.727593746171294, 37.312845509256057 ], [ 136.726977119077588, 37.312359397906562 ], [ 136.726324251080541, 37.311923165179607 ], [ 136.725639171105911, 37.311539502488792 ], [ 136.725000000433994, 37.311244841481461 ], [ 136.725000000433994, 37.311769278560625 ], [ 136.724994193258965, 37.311805582365821 ], [ 136.725000000433994, 37.311847443940103 ], [ 136.725000000433994, 37.312340083649715 ], [ 136.724957168044398, 37.312371807005391 ], [ 136.724891250114496, 37.312490193878986 ], [ 136.724886610714407, 37.312619861139837 ], [ 136.724804526975362, 37.312667139183986 ], [ 136.724742111347695, 37.312759806236365 ], [ 136.72476688924138, 37.312861805765408 ], [ 136.724633000061004, 37.312952082506087 ], [ 136.724618417190214, 37.313008057180426 ], [ 136.72450605617604, 37.313137916204496 ], [ 136.724513000448923, 37.313250693162871 ], [ 136.724379111268547, 37.313273193380567 ], [ 136.724273555457728, 37.313408193004605 ], [ 136.724245500227198, 37.313504029196501 ], [ 136.724153832962116, 37.313504029196501 ], [ 136.724041056784529, 37.313549027949762 ], [ 136.724012722392388, 37.313611250067929 ], [ 136.723878833212012, 37.31363930469044 ], [ 136.723801332631723, 37.313701249256574 ], [ 136.723773277401193, 37.313757639417901 ], [ 136.72369577784346, 37.313780137953458 ], [ 136.723622028049931, 37.313891833299991 ], [ 136.723650917697569, 37.313953890569074 ], [ 136.723723750245824, 37.313970584061927 ], [ 136.723773277401193, 37.314022360131062 ], [ 136.723857722254365, 37.314056248392554 ], [ 136.723973417869303, 37.314041889700995 ], [ 136.724132723027054, 37.314078750292381 ], [ 136.724217167880198, 37.314056248392554 ], [ 136.724238276792732, 37.314078750292381 ], [ 136.724160777234999, 37.314180139206961 ], [ 136.724152555772179, 37.314253110158191 ], [ 136.724061221864929, 37.314254970597844 ], [ 136.72395488890092, 37.314264249246229 ], [ 136.723764167325072, 37.314410583085795 ], [ 136.723750306388723, 37.314447637122527 ], [ 136.723813888768746, 37.314501361102252 ], [ 136.723984667161886, 37.314484028398667 ], [ 136.72404716766286, 37.314507361272447 ], [ 136.723998832824094, 37.314596527805016 ], [ 136.724004666585955, 37.314687361331885 ], [ 136.723836611296719, 37.314726250576271 ], [ 136.723766473220422, 37.314794139802196 ], [ 136.723801167997948, 37.314834889486235 ], [ 136.723976860862507, 37.314857139066035 ], [ 136.723990722821412, 37.314927556538613 ], [ 136.72404619315364, 37.315017389196051 ], [ 136.724139667299909, 37.315052917537699 ], [ 136.724097443339474, 37.315210693249334 ], [ 136.724160777234999, 37.31531763825086 ], [ 136.724123638515152, 37.315461110781342 ], [ 136.724169888333705, 37.315493528858156 ], [ 136.724203000172849, 37.315616250589784 ], [ 136.724287442980881, 37.315672361516945 ], [ 136.724224667408578, 37.315775694977852 ], [ 136.724254277968072, 37.315892860622526 ], [ 136.724336611214198, 37.315982360217525 ], [ 136.724266332023234, 37.316123193480543 ], [ 136.72430283265939, 37.316180029407242 ], [ 136.724301331526618, 37.316303471092006 ], [ 136.724428277456724, 37.316370973427226 ], [ 136.724414111794488, 37.316477916746628 ], [ 136.724470499372018, 37.316568193487299 ], [ 136.724353667681811, 37.31661916717875 ], [ 136.724302167988895, 37.3166654157572 ], [ 136.724300805925651, 37.316666667264528 ], [ 136.724286638218302, 37.316679360643917 ], [ 136.72429438827632, 37.316770971316458 ], [ 136.724252167383611, 37.316844028056501 ], [ 136.724280860697803, 37.316940612797801 ], [ 136.724406860750634, 37.316984166598381 ], [ 136.724406860750634, 37.317112000333715 ], [ 136.724464639023353, 37.317199082702878 ], [ 136.724555222364216, 37.317266527845561 ], [ 136.72445661082628, 37.317350972629391 ], [ 136.724419555957184, 37.317423279137891 ], [ 136.724407167521633, 37.317520138066953 ], [ 136.724245223110728, 37.317525418284013 ], [ 136.724188832465501, 37.317559304863366 ], [ 136.724146332411181, 37.317638193560249 ], [ 136.724280222614112, 37.317717082257133 ], [ 136.724209944445732, 37.317767637097347 ], [ 136.724172193206471, 37.317849417381716 ], [ 136.724167443368827, 37.317930973942325 ], [ 136.724202722033823, 37.317998472913281 ], [ 136.7241594438037, 37.318022638443146 ], [ 136.724097168268145, 37.318060695031448 ], [ 136.724069306303363, 37.31811433154023 ], [ 136.723949111380421, 37.318218194873182 ], [ 136.723963277042628, 37.31831958210563 ], [ 136.72382244358937, 37.318443472920038 ], [ 136.723829388884809, 37.318528195255901 ], [ 136.723758832577374, 37.318640692980111 ], [ 136.723766057034425, 37.318759027707571 ], [ 136.723626555989881, 37.31876658385125 ], [ 136.723482056623197, 37.318875888886083 ], [ 136.723434667661678, 37.318956249449776 ], [ 136.723434667661678, 37.319052083959541 ], [ 136.72335022178595, 37.319057638364356 ], [ 136.723283193345026, 37.319087055515006 ], [ 136.723209388332691, 37.319147640917272 ], [ 136.723181055985691, 37.319220971845077 ], [ 136.723103556427958, 37.319198471627381 ], [ 136.722962722974728, 37.319215417440255 ], [ 136.722906332329501, 37.319170139452837 ], [ 136.722807722836706, 37.319147640917272 ], [ 136.722697110417215, 37.319218583215502 ], [ 136.722684388623861, 37.31928527812665 ], [ 136.722705193833065, 37.319331610811773 ], [ 136.722694943591392, 37.319389859730606 ], [ 136.722589110664103, 37.319423749674236 ], [ 136.72253411173665, 37.319484417501045 ], [ 136.722525776768578, 37.319547638806505 ], [ 136.722476611602985, 37.319654307938144 ], [ 136.722518832495723, 37.319750139083638 ], [ 136.722511612128955, 37.319778193706149 ], [ 136.722455222506284, 37.319778193706149 ], [ 136.722405806811054, 37.319801195199631 ], [ 136.722236888472736, 37.319975417130493 ], [ 136.722241722161129, 37.320039220454149 ], [ 136.722229944199881, 37.320059860232192 ], [ 136.722096056042062, 37.320026249522726 ], [ 136.72203244400751, 37.320043195335607 ], [ 136.721962167884243, 37.320099304580637 ], [ 136.721877442846903, 37.320071249958119 ], [ 136.721778832331523, 37.320071249958119 ], [ 136.721623832193501, 37.320099304580637 ], [ 136.721559750799315, 37.320178193277513 ], [ 136.721597888570017, 37.320228193013669 ], [ 136.721595776962971, 37.320262639743483 ], [ 136.721451082285398, 37.320268027617082 ], [ 136.721334943897659, 37.320341526758234 ], [ 136.721177111240735, 37.320368084281931 ], [ 136.721107777927017, 37.320407917203212 ], [ 136.721100831608993, 37.320454222974199 ], [ 136.721201331833754, 37.320493749747179 ], [ 136.721334943897659, 37.320459861485688 ], [ 136.721398277793185, 37.320476805616437 ], [ 136.721597832328683, 37.320478277483247 ], [ 136.721701331751234, 37.320442917354946 ], [ 136.721807167746221, 37.320516249964875 ], [ 136.721898832966161, 37.320544304587393 ], [ 136.722053832081627, 37.320550139908505 ], [ 136.722050972975893, 37.320661722552089 ], [ 136.722159388915003, 37.320775417955353 ], [ 136.722088832607568, 37.320848473013264 ], [ 136.722067721649921, 37.320938749753942 ], [ 136.721926888196691, 37.320944305840889 ], [ 136.721863555323722, 37.320978195784512 ], [ 136.72183522297675, 37.321051249160284 ], [ 136.721912722534483, 37.321119027365398 ], [ 136.721800138600031, 37.321210167040562 ], [ 136.721786082352821, 37.32129347302002 ], [ 136.72182108287879, 37.32136680562995 ], [ 136.721807194333053, 37.321451250413787 ], [ 136.721870527205994, 37.321479582588324 ], [ 136.72198738855073, 37.321475111477483 ], [ 136.722088861239541, 37.321406249978395 ], [ 136.722109972197188, 37.321411806065342 ], [ 136.722103026901749, 37.321462640139714 ], [ 136.722015110423428, 37.321600194924542 ], [ 136.722015110423428, 37.321658527950056 ], [ 136.722096082628894, 37.321715971126949 ], [ 136.722091417664529, 37.321778055310162 ], [ 136.722096056042062, 37.321820667115986 ], [ 136.722218582424603, 37.321906832722391 ], [ 136.722328583347206, 37.32191875063824 ], [ 136.722335527620089, 37.322014581783733 ], [ 136.722399138632085, 37.322070973627184 ], [ 136.722420249589732, 37.322132638959161 ], [ 136.722525806423107, 37.322200139612249 ], [ 136.722377750557939, 37.322228471786794 ], [ 136.72226247317414, 37.32234036226081 ], [ 136.722263611294551, 37.322402417847762 ], [ 136.722236917104709, 37.322425417659105 ], [ 136.722152473274093, 37.322346527280089 ], [ 136.722018582048577, 37.32233541678832 ], [ 136.721976361155839, 37.322380417223712 ], [ 136.721990249701605, 37.322481806138292 ], [ 136.722025528366601, 37.322532638530532 ], [ 136.722004417408954, 37.322617081632231 ], [ 136.722065861595098, 37.322701612204874 ], [ 136.722175693793673, 37.3227321933919 ], [ 136.722187749893948, 37.322769028751281 ], [ 136.722153722854642, 37.322832248374617 ], [ 136.722151416959292, 37.322909111782764 ], [ 136.722197666777816, 37.322945249056744 ], [ 136.72222997180927, 37.32298875071119 ], [ 136.722159500375142, 37.32302769378385 ], [ 136.722106332870567, 37.323088834290168 ], [ 136.722109972197188, 37.323202916584144 ], [ 136.722060806009011, 37.323275973324179 ], [ 136.722088861239541, 37.323377360556627 ], [ 136.722145249839627, 37.323411248818118 ], [ 136.722236917104709, 37.323428194630992 ], [ 136.722194693144274, 37.32351263941483 ], [ 136.722180527482038, 37.323614030011541 ], [ 136.722074972693804, 37.323687360939338 ], [ 136.72206774925931, 37.323732361374731 ], [ 136.722096082628894, 37.323782917897077 ], [ 136.722095944581923, 37.323867027936345 ], [ 136.722156111578158, 37.323947639137927 ], [ 136.722258027039771, 37.323963193826401 ], [ 136.722279139020003, 37.324059030018297 ], [ 136.722349693282297, 37.324160415568613 ], [ 136.722306360855981, 37.324231081996949 ], [ 136.722287860519543, 37.324320001255892 ], [ 136.722328306230736, 37.324391528936573 ], [ 136.722426917768701, 37.324436527689834 ], [ 136.722546639241727, 37.324425137963907 ], [ 136.722610250253723, 37.324509584429876 ], [ 136.72270163937975, 37.324537916604413 ], [ 136.722708861791659, 37.324560416822109 ], [ 136.722678499643223, 37.32459150096706 ], [ 136.722659417464456, 37.324678472315405 ], [ 136.722565222406331, 37.324735999598971 ], [ 136.722519000197195, 37.324771193196057 ], [ 136.722511361599288, 37.324864306013822 ], [ 136.722577943177129, 37.324925888921257 ], [ 136.722666360714754, 37.324931804984772 ], [ 136.72272997172675, 37.324875418187723 ], [ 136.72280024989513, 37.324875418187723 ], [ 136.72285877771165, 37.32482772129233 ], [ 136.722906081799863, 37.32481930557843 ], [ 136.722920249507212, 37.32490375036226 ], [ 136.723004694360384, 37.324971251015349 ], [ 136.723004694360384, 37.324998748851677 ], [ 136.723004694360384, 37.325000000358997 ], [ 136.723004694360384, 37.325022083407582 ], [ 136.722894583000198, 37.325095442931655 ], [ 136.722907305816136, 37.325186222630251 ], [ 136.722983582380152, 37.32523597172851 ], [ 136.723061081937885, 37.32523597172851 ], [ 136.723089943976134, 37.325269584120107 ], [ 136.72317386118317, 37.325303749933624 ], [ 136.723258306036342, 37.325297916294652 ], [ 136.723349973301424, 37.325213471510814 ], [ 136.72343441713204, 37.325303749933624 ], [ 136.723526083374537, 37.325359860860786 ], [ 136.723469693751895, 37.3254276390659 ], [ 136.72349797292523, 37.325561388864756 ], [ 136.723540249036745, 37.325596528633568 ], [ 136.723631917324411, 37.325602083038383 ], [ 136.723730526817207, 37.325686807056378 ], [ 136.723885526955229, 37.325697915866016 ], [ 136.723863250267783, 37.325771692559194 ], [ 136.723920805620253, 37.325906251464254 ], [ 136.724047472388719, 37.325945694130567 ], [ 136.724026361431072, 37.326002082609747 ], [ 136.724026361431072, 37.326064028858021 ], [ 136.724093278411857, 37.326181194502695 ], [ 136.724188581935863, 37.326210694077886 ], [ 136.724137193703086, 37.326323861291236 ], [ 136.724149917541581, 37.326375721467038 ], [ 136.724209693916094, 37.326424582398815 ], [ 136.724322473161379, 37.326441528211689 ], [ 136.724342943990223, 37.326523944342526 ], [ 136.724437750545178, 37.326586943606365 ], [ 136.72437830650594, 37.326672360663359 ], [ 136.724381082783509, 37.326718528499406 ], [ 136.724438888665588, 37.326845443789843 ], [ 136.724505250390905, 37.326892082623267 ], [ 136.724589693198908, 37.326903470667062 ], [ 136.724605388625861, 37.326993668347463 ], [ 136.724653306256045, 37.327032917568417 ], [ 136.724859667017483, 37.327090944445636 ], [ 136.724963306532118, 37.327066805829908 ], [ 136.725000000433994, 37.327092471822851 ] ] ] } },
{ "type": "Feature", "properties": { "P12_001": 10262, "P12_002": "見付海岸", "P12_003": "17", "P12_004": "17205", "P12_005": "‐", "P12_006": "珠洲市宝立町鵜飼", "P12_007": 1 }, "geometry": { "type": "Polygon", "coordinates": [ [ [ 137.243838624812128, 37.399492599460295 ], [ 137.243824352802648, 37.399735228714199 ], [ 137.243938528878573, 37.399806589863672 ], [ 137.244009897106565, 37.399792316960927 ], [ 137.244366696321265, 37.399492599460295 ], [ 137.244623600672639, 37.39852209590174 ], [ 137.245037486902703, 37.397708577452065 ], [ 137.245537014392852, 37.397166235743931 ], [ 137.246507534557281, 37.396895067413062 ], [ 137.246593165591634, 37.396652436477027 ], [ 137.246321981050215, 37.396566804106939 ], [ 137.245665470658821, 37.396823701217194 ], [ 137.244923311849362, 37.39692361153643 ], [ 137.243852896821636, 37.396466900516245 ], [ 137.242753938797478, 37.395838924755886 ], [ 137.241526532687942, 37.394768509195963 ], [ 137.240627385864371, 37.393826546396504 ], [ 137.23959978788767, 37.392841764888793 ], [ 137.239057446414193, 37.392071066829502 ], [ 137.238800547175686, 37.391971161556668 ], [ 137.238629281016642, 37.392013978582774 ], [ 137.238672097045111, 37.39232796730402 ], [ 137.23917162453526, 37.393312747129592 ], [ 137.240156402393211, 37.394383161007383 ], [ 137.240870014115984, 37.395011135085603 ], [ 137.242596947715668, 37.396352720658527 ], [ 137.243553185644913, 37.396909338633677 ], [ 137.243924256869064, 37.397209051087906 ], [ 137.244081257154022, 37.39766576210809 ], [ 137.244081257154022, 37.398236649621722 ], [ 137.243881440840596, 37.39903588844011 ], [ 137.243781537796735, 37.399578231830382 ], [ 137.243810081815724, 37.399749501616952 ], [ 137.243838624812128, 37.399492599460295 ] ] ] } },
{ "type": "Feature", "properties": { "P12_001": 10263, "P12_002": "真浦海岸", "P12_003": "17", "P12_004": "17205", "P12_005": "‐", "P12_006": "珠洲市真浦町", "P12_007": 1 }, "geometry": { "type": "Polygon", "coordinates": [ [ [ 137.089369830515238, 37.471529991829797 ], [ 137.089969261049248, 37.471672712446605 ], [ 137.090340349657112, 37.471529991829797 ], [ 137.09039743769506, 37.471273094719542 ], [ 137.090226156197502, 37.471116097835726 ], [ 137.090214586840517, 37.471083590605836 ], [ 137.089969261049248, 37.471016192562892 ], [ 137.089384102524747, 37.470659386815541 ], [ 137.089027303310075, 37.470245497867865 ], [ 137.088356512728609, 37.469217899334048 ], [ 137.087414545786288, 37.468204573702984 ], [ 137.086758026191774, 37.467605143748123 ], [ 137.086472578843967, 37.46756232672201 ], [ 137.086044411401275, 37.46756232672201 ], [ 137.085573436110678, 37.467662231994844 ], [ 137.085473523863698, 37.467776408488291 ], [ 137.08554489209169, 37.46791913078723 ], [ 137.08590169130639, 37.467990490254572 ], [ 137.08638694678703, 37.467976219033957 ], [ 137.086829386239202, 37.468204573702984 ], [ 137.087229009662934, 37.468647013502554 ], [ 137.087871257247969, 37.469332075827495 ], [ 137.088299415487512, 37.470002866931821 ], [ 137.088684766901736, 37.470787841258129 ], [ 137.089369830515238, 37.471529991829797 ] ] ] } },
{ "type": "Feature", "properties": { "P12_001": 10302, "P12_002": "実性院", "P12_003": "17", "P12_004": "17206", "P12_005": "‐", "P12_006": "加賀市大聖寺下屋敷町29", "P12_007": 2 }, "geometry": { "type": "Polygon", "coordinates": [ [ [ 136.308243442960816, 36.298307389633223 ], [ 136.308143082828167, 36.298355192503024 ], [ 136.308197278015598, 36.298421638458407 ], [ 136.308282556263322, 36.298383168065264 ], [ 136.308502082613472, 36.298697444431333 ], [ 136.308707667244278, 36.298616693612665 ], [ 136.308691306124274, 36.298589611263317 ], [ 136.308781611326111, 36.298549832170309 ], [ 136.308716055385986, 36.298459055835984 ], [ 136.308971917738518, 36.298344971859876 ], [ 136.308945721540283, 36.298305694042654 ], [ 136.308587833288527, 36.298466223406827 ], [ 136.308553417672613, 36.298417471813728 ], [ 136.308605304919553, 36.298390889058027 ], [ 136.308557806543064, 36.298320444671312 ], [ 136.308504305680657, 36.298342973485283 ], [ 136.30845025058531, 36.298265750100562 ], [ 136.308635832724349, 36.298186222192946 ], [ 136.308578444050795, 36.298108971894095 ], [ 136.308294360811402, 36.298216110340981 ], [ 136.308359972992861, 36.298304193579568 ], [ 136.308418471154852, 36.298280361112141 ], [ 136.308444721549336, 36.298314251055771 ], [ 136.308346083424567, 36.298356666051973 ], [ 136.308331332852305, 36.298336334104356 ], [ 136.308281194200077, 36.298356193372456 ], [ 136.308243442960816, 36.298307389633223 ] ] ] } },
{ "type": "Feature", "properties": { "P12_001": 10303, "P12_002": "全昌寺", "P12_003": "17", "P12_004": "17206", "P12_005": "‐", "P12_006": "加賀市大聖寺神明町1", "P12_007": 2 }, "geometry": { "type": "Polygon", "coordinates": [ [ [ 136.308618944980793, 36.301651528223758 ], [ 136.308679167195805, 36.301633137458204 ], [ 136.308629805696768, 36.301543442735721 ], [ 136.308660916366449, 36.301532693902651 ], [ 136.308605833588246, 36.301436692861671 ], [ 136.308702971602827, 36.30140288870686 ], [ 136.308723889294754, 36.301437528882026 ], [ 136.30881125051755, 36.301411499548244 ], [ 136.308796111368707, 36.301380055426726 ], [ 136.308869916381042, 36.301357057297515 ], [ 136.308790500527124, 36.301187193774552 ], [ 136.308533999068317, 36.301279418425828 ], [ 136.308577611678828, 36.301361249174199 ], [ 136.308470139571824, 36.30139472363085 ], [ 136.30844330528987, 36.301327416423113 ], [ 136.308379778128625, 36.301346056144425 ], [ 136.308415777705477, 36.301420221410446 ], [ 136.308434888516217, 36.301416278489519 ], [ 136.308553306212502, 36.301636942444183 ], [ 136.308605749737524, 36.301621638393598 ], [ 136.308618944980793, 36.301651528223758 ] ] ] } },
{ "type": "Feature", "properties": { "P12_001": 10330, "P12_002": "加賀市中央公園", "P12_003": "17", "P12_004": "17206", "P12_005": "‐", "P12_006": "加賀市山田町", "P12_007": 4 }, "geometry": { "type": "Polygon", "coordinates": [ [ [ 136.328471221217796, 36.326466306105353 ], [ 136.328466860979319, 36.326467942821253 ], [ 136.328385888773852, 36.326519389192214 ], [ 136.328382500999453, 36.326523362391541 ], [ 136.328380082621408, 36.326532748696472 ], [ 136.328383221911309, 36.326608888787213 ], [ 136.328385917405825, 36.326635582563725 ], [ 136.328392306423183, 36.326658944033774 ], [ 136.328402722321215, 36.32667841641117 ], [ 136.328414110683298, 36.326693777654292 ], [ 136.32846069488221, 36.326748638756264 ], [ 136.328561249303164, 36.32678394337416 ], [ 136.328637277382654, 36.326796887391446 ], [ 136.328695443209398, 36.326809471432156 ], [ 136.328780054741486, 36.326832943923016 ], [ 136.328810805466532, 36.326846444726485 ], [ 136.328860917531955, 36.326875276494675 ], [ 136.328897860940913, 36.326904917369077 ], [ 136.328982582910527, 36.326991555654999 ], [ 136.329026305958593, 36.327056859441733 ], [ 136.329107667763225, 36.327218334164932 ], [ 136.32915849971792, 36.327334556132712 ], [ 136.329232388580976, 36.327486109632531 ], [ 136.329277139311898, 36.327578694260374 ], [ 136.329381806509389, 36.327829971362604 ], [ 136.329458778420985, 36.328006388477682 ], [ 136.329501639442555, 36.328083778393612 ], [ 136.329533499656037, 36.328124388460573 ], [ 136.329587167197332, 36.328194417360308 ], [ 136.329634527526878, 36.328240639024621 ], [ 136.329723167984781, 36.328294998850808 ], [ 136.329785527371087, 36.328318082768831 ], [ 136.329867167314745, 36.32833852741939 ], [ 136.330046138538705, 36.328366472703223 ], [ 136.3303744724723, 36.328408917977832 ], [ 136.330723860099624, 36.328450305190465 ], [ 136.330873332224229, 36.328462916145313 ], [ 136.331196028729408, 36.328492195361015 ], [ 136.331341750067253, 36.328506000630647 ], [ 136.331495277704477, 36.328516138849253 ], [ 136.331528333302316, 36.328514167388789 ], [ 136.331559443971997, 36.328494471287641 ], [ 136.331661694836583, 36.328421611357221 ], [ 136.331772916707763, 36.328345138204043 ], [ 136.331829833976542, 36.328313443444635 ], [ 136.3318817784874, 36.328286194564072 ], [ 136.331928722630948, 36.328281641028688 ], [ 136.331952055633224, 36.328287193751372 ], [ 136.331974194273698, 36.328306721639173 ], [ 136.332417639934761, 36.328098727514032 ], [ 136.332724786217966, 36.327784441055158 ], [ 136.332846212315189, 36.327327299408793 ], [ 136.332846212315189, 36.326370163765162 ], [ 136.332831922921997, 36.32577731095229 ], [ 136.333038278570569, 36.325010027623996 ], [ 136.333520110486859, 36.3248751407029 ], [ 136.33353469335762, 36.324863611359895 ], [ 136.333643944736423, 36.324748667813573 ], [ 136.333655666456337, 36.324731027279554 ], [ 136.333660278247038, 36.324719000025034 ], [ 136.333660362097788, 36.324714221083759 ], [ 136.333661555436976, 36.324654278256482 ], [ 136.333659527680652, 36.324540917597787 ], [ 136.333654306438234, 36.324476528891672 ], [ 136.333631916245508, 36.324335720860653 ], [ 136.333626194966371, 36.324211138689378 ], [ 136.333623889071021, 36.324207582659163 ], [ 136.333618055309159, 36.324204250352693 ], [ 136.333599360684417, 36.324203861779857 ], [ 136.333599167418697, 36.324144389949964 ], [ 136.333616361933252, 36.324145056074833 ], [ 136.333622249891306, 36.324142944997291 ], [ 136.333624860512515, 36.324138359501369 ], [ 136.333644971396723, 36.323704027585265 ], [ 136.3336439999552, 36.323697611928097 ], [ 136.333639972051969, 36.323694612684065 ], [ 136.333615110307562, 36.323685582991438 ], [ 136.333617972480994, 36.323626999328035 ], [ 136.333642749352094, 36.323617917489265 ], [ 136.333647278314629, 36.323614750031886 ], [ 136.333650360340613, 36.323609111520398 ], [ 136.333683221650119, 36.323167583437183 ], [ 136.333694166216844, 36.322997945320111 ], [ 136.333766694039241, 36.3228316950199 ], [ 136.333963861896365, 36.322385332485013 ], [ 136.334026471812308, 36.322242443654851 ], [ 136.334080472711435, 36.322092111383959 ], [ 136.33411091666548, 36.32199813899598 ], [ 136.334128055961258, 36.321911943111175 ], [ 136.334137971822543, 36.321793805193337 ], [ 136.334138970873425, 36.321699388722116 ], [ 136.334112611063972, 36.321493583052657 ], [ 136.334104417210568, 36.321448305065239 ], [ 136.334085693953853, 36.321314890010953 ], [ 136.334069333856434, 36.321214056200425 ], [ 136.334041055705654, 36.320983777170675 ], [ 136.334020694291809, 36.320796777753749 ], [ 136.334005666603105, 36.320667748021499 ], [ 136.334003667478754, 36.320621526357186 ], [ 136.333995388752015, 36.320583278005664 ], [ 136.333969778486363, 36.320539917650429 ], [ 136.333937360972243, 36.320491388098958 ], [ 136.333884666917555, 36.320413332058159 ], [ 136.333827611601833, 36.320328083214513 ], [ 136.333792889214919, 36.320271306162482 ], [ 136.333769028566536, 36.320232721384265 ], [ 136.333754360822468, 36.320210749356484 ], [ 136.333712528506339, 36.320137389832418 ], [ 136.333672333324785, 36.320076833026413 ], [ 136.333644721889641, 36.320028999878211 ], [ 136.333616499980195, 36.319981943875682 ], [ 136.333573557153045, 36.31991125053321 ], [ 136.333523056511041, 36.319832442578736 ], [ 136.33345963978735, 36.319725889514309 ], [ 136.333418388290966, 36.319661749763959 ], [ 136.333390112185327, 36.319609945098556 ], [ 136.333371249859113, 36.319568278651758 ], [ 136.33333619309181, 36.319513333443119 ], [ 136.333248778695349, 36.319398499235476 ], [ 136.333205109843504, 36.31935311022724 ], [ 136.333148306080005, 36.319299720992085 ], [ 136.333096943411476, 36.319251583377714 ], [ 136.333060806810238, 36.319213695002766 ], [ 136.333039555760507, 36.319188526921337 ], [ 136.333011860474613, 36.319146804964134 ], [ 136.332984054751194, 36.319116693092354 ], [ 136.332951417384493, 36.319071832274041 ], [ 136.332924193503374, 36.319036361124923 ], [ 136.332900666212822, 36.319007028080954 ], [ 136.332870278500138, 36.318959055315666 ], [ 136.332845861573674, 36.318920472219574 ], [ 136.332174788762899, 36.31877019714122 ], [ 136.331896217175796, 36.318820195195244 ], [ 136.331596220702039, 36.319077337896985 ], [ 136.331346219720729, 36.319463051108535 ], [ 136.330889081847374, 36.319920191072761 ], [ 136.330346223976051, 36.320163047414688 ], [ 136.32903908808359, 36.320684473474891 ], [ 136.328488251098577, 36.320933499882493 ], [ 136.328417055684895, 36.3212501682424 ], [ 136.328340027531937, 36.321564360501803 ], [ 136.328335192820958, 36.321604861230078 ], [ 136.328328778239353, 36.32199905744087 ], [ 136.328324000792321, 36.322004359525664 ], [ 136.328274832559003, 36.322425917319961 ], [ 136.32828277792791, 36.322508220747849 ], [ 136.328301332460569, 36.322563223149032 ], [ 136.328324416978319, 36.322611056297241 ], [ 136.328488306317354, 36.322851860436302 ], [ 136.328533195095218, 36.322926082894853 ], [ 136.328545889279184, 36.322978639473931 ], [ 136.328547499826954, 36.323035889205471 ], [ 136.328541277488483, 36.323270723452737 ], [ 136.328551082912213, 36.323319666809049 ], [ 136.328581472670038, 36.323371140094153 ], [ 136.328626556758792, 36.32342630734442 ], [ 136.328814332310458, 36.32363983232451 ], [ 136.328917499397761, 36.323775306310196 ], [ 136.329055444090756, 36.323967027475859 ], [ 136.329165332530664, 36.324162138140522 ], [ 136.329230166536377, 36.324300888922274 ], [ 136.329286944735628, 36.324362110171002 ], [ 136.329327860829039, 36.324395778073004 ], [ 136.32937180577477, 36.324419916688733 ], [ 136.329411389459494, 36.324436889415743 ], [ 136.329484889745942, 36.324455278499165 ], [ 136.329532139637934, 36.324572333123029 ], [ 136.329519250143079, 36.324704027354748 ], [ 136.32950097068175, 36.324835055461598 ], [ 136.329491888215017, 36.324850944894635 ], [ 136.329475471876236, 36.324870777248606 ], [ 136.329457667909963, 36.324887751657748 ], [ 136.32943569492582, 36.324901859711417 ], [ 136.328731001036004, 36.325313388625787 ], [ 136.328690333427119, 36.325339332170763 ], [ 136.328670944477352, 36.325354166906095 ], [ 136.328660250440294, 36.325363470786485 ], [ 136.32863630594116, 36.325387249425638 ], [ 136.328627055772927, 36.325399693849278 ], [ 136.328617638925806, 36.325413860777608 ], [ 136.328611056642728, 36.325428779619621 ], [ 136.328606083884807, 36.325444581581721 ], [ 136.328598666162037, 36.325483331209028 ], [ 136.328595722182996, 36.325514361525705 ], [ 136.328594639281363, 36.325551084182138 ], [ 136.32859861094326, 36.325572832486159 ], [ 136.32859361057595, 36.325687501844726 ], [ 136.32857363876127, 36.326053889024493 ], [ 136.328570249964287, 36.326101693576426 ], [ 136.328564472443787, 36.326155723704446 ], [ 136.328535720843121, 36.326391444436069 ], [ 136.328537139147699, 36.326401639847212 ], [ 136.328541749915843, 36.326410693089713 ], [ 136.328471221217796, 36.326466306105353 ] ] ] } },
{ "type": "Feature", "properties": { "P12_001": 10348, "P12_002": "気多大社", "P12_003": "17", "P12_004": "17207", "P12_005": "‐", "P12_006": "羽咋市寺家町ク1", "P12_007": 2 }, "geometry": { "type": "Polygon", "coordinates": [ [ [ 136.767667221449869, 36.926109917150356 ], [ 136.767667388128785, 36.926081028189628 ], [ 136.767718777384147, 36.926079139153707 ], [ 136.767714194225391, 36.925975888117343 ], [ 136.767616499932728, 36.925979721699591 ], [ 136.767616417104563, 36.925998278996367 ], [ 136.767544443515135, 36.926002168089013 ], [ 136.767544528388441, 36.925983583878107 ], [ 136.767444221429429, 36.925995638046771 ], [ 136.767459000633636, 36.926119527179047 ], [ 136.767667221449869, 36.926109917150356 ] ] ] } },
{ "type": "Feature", "properties": { "P12_001": 10349, "P12_002": "妙成寺", "P12_003": "17", "P12_004": "17207", "P12_005": "‐", "P12_006": "羽咋市滝谷町ヨ1", "P12_007": 2 }, "geometry": { "type": "Polygon", "coordinates": [ [ [ 136.775811336032518, 36.95423915910542 ], [ 136.775811336032518, 36.954499871294452 ], [ 136.776175620459583, 36.954499871294452 ], [ 136.776175620459583, 36.95423915910542 ], [ 136.775811336032518, 36.95423915910542 ] ] ] } },
{ "type": "Feature", "properties": { "P12_001": 10350, "P12_002": "永光寺", "P12_003": "17", "P12_004": "17207", "P12_005": "‐", "P12_006": "羽咋市酒井町イ11", "P12_007": 2 }, "geometry": { "type": "Polygon", "coordinates": [ [ [ 136.851064606062948, 36.913143275172281 ], [ 136.851064606062948, 36.913371845154394 ], [ 136.851393175187638, 36.913371845154394 ], [ 136.851393175187638, 36.913143275172281 ], [ 136.851064606062948, 36.913143275172281 ] ] ] } },
{ "type": "Feature", "properties": { "P12_001": 10351, "P12_002": "豊財院", "P12_003": "17", "P12_004": "17207", "P12_005": "‐", "P12_006": "羽咋市白瀬町ル8", "P12_007": 2 }, "geometry": { "type": "Polygon", "coordinates": [ [ [ 136.830811803472926, 36.89672296920935 ], [ 136.830811803472926, 36.896976539059544 ], [ 136.831101089548497, 36.896976539059544 ], [ 136.831101089548497, 36.89672296920935 ], [ 136.830811803472926, 36.89672296920935 ] ] ] } },
{ "type": "Feature", "properties": { "P12_001": 10379, "P12_002": "大崎海浜公園", "P12_003": "17", "P12_004": "17209", "P12_005": "‐", "P12_006": "かほく市大崎レ127-5", "P12_007": 4 }, "geometry": { "type": "Polygon", "coordinates": [ [ [ 136.675189343656911, 36.704088876053731 ], [ 136.675185059088619, 36.703852617039388 ], [ 136.675172222767401, 36.7036172697414 ], [ 136.675150883776638, 36.703383749240402 ], [ 136.675121124944496, 36.703152955477798 ], [ 136.675083061821397, 36.702925785030757 ], [ 136.675036841657402, 36.702703112608695 ], [ 136.674982641357104, 36.702485799463965 ], [ 136.674920671569964, 36.702274691709711 ], [ 136.6748511736225, 36.70207059845216 ], [ 136.674774416450589, 36.701874317022579 ], [ 136.674690694554414, 36.701686602698913 ], [ 136.674600334133771, 36.701508182162833 ], [ 136.674503681839951, 36.701339745089079 ], [ 136.674401115001245, 36.701181944145446 ], [ 136.674293028329657, 36.701035389946391 ], [ 136.674179842101523, 36.700900649370908 ], [ 136.674061990909024, 36.700778242198247 ], [ 136.673939933886089, 36.700668644472188 ], [ 136.673814141414994, 36.700572278408238 ], [ 136.673685101261555, 36.700489519122172 ], [ 136.673553310394794, 36.700420682855082 ], [ 136.673419282144891, 36.700366038748335 ], [ 136.673283531887108, 36.700325797068615 ], [ 136.673146586245025, 36.700300115936471 ], [ 136.67300897593239, 36.700289089551376 ], [ 136.672871231663123, 36.700292765013074 ], [ 136.672733887218698, 36.700311128864499 ], [ 136.672597474335561, 36.700344105409627 ], [ 136.67246252065982, 36.700391571852734 ], [ 136.672329545657021, 36.700453341476987 ], [ 136.672199067770151, 36.700529177101565 ], [ 136.672071589081099, 36.700618782670979 ], [ 136.671947603491191, 36.700721815029986 ], [ 136.671827592630848, 36.700837873830821 ], [ 136.67171201767917, 36.700966509943832 ], [ 136.671601326521795, 36.701107225457505 ], [ 136.671495949660738, 36.701259475360594 ], [ 136.671396293056233, 36.701422674270631 ], [ 136.671302741194665, 36.701596186341156 ], [ 136.671215657088311, 36.701779343765168 ], [ 136.671135378185312, 36.701971433318064 ], [ 136.67106221534695, 36.702171718225379 ], [ 136.670996449779977, 36.702379417977156 ], [ 136.67093833712687, 36.702593731877855 ], [ 136.670888103375631, 36.702813830635662 ], [ 136.670845939746812, 36.703038861408892 ], [ 136.670812012919356, 36.703267956216663 ], [ 136.670786451737058, 36.703500225210341 ], [ 136.67076935538924, 36.703734773494915 ], [ 136.670760791365495, 36.703970689354023 ], [ 136.670760791365495, 36.704207064435572 ], [ 136.67076935538924, 36.704442980294679 ], [ 136.670786451737058, 36.704677528579253 ], [ 136.670812012919356, 36.704909797572938 ], [ 136.670845939746812, 36.705138892380702 ], [ 136.670888103375631, 36.705363923153932 ], [ 136.67093833712687, 36.70558402191174 ], [ 136.670996449779977, 36.705798335812439 ], [ 136.67106221534695, 36.706006035564215 ], [ 136.671135378185312, 36.70620632047153 ], [ 136.671215657088311, 36.706398410024427 ], [ 136.671302741194665, 36.706581567448438 ], [ 136.671396293056233, 36.706755079518963 ], [ 136.671495949660738, 36.706918278429001 ], [ 136.671601326521795, 36.707070528332089 ], [ 136.67171201767917, 36.707211243845762 ], [ 136.671827592630848, 36.707339879958774 ], [ 136.671947603491191, 36.707455938759608 ], [ 136.672071589081099, 36.707558971118615 ], [ 136.672199067770151, 36.70764857668803 ], [ 136.672329545657021, 36.707724412312608 ], [ 136.67246252065982, 36.707786181936861 ], [ 136.672597474335561, 36.707833648379967 ], [ 136.672733887218698, 36.707866624925096 ], [ 136.672871231663123, 36.70788498877652 ], [ 136.67300897593239, 36.707888664238219 ], [ 136.673146586245025, 36.707877637853123 ], [ 136.673283531887108, 36.707851958403111 ], [ 136.673419282144891, 36.70781171504126 ], [ 136.673553310394794, 36.707757070934512 ], [ 136.673685101261555, 36.707688234667422 ], [ 136.673814141414994, 36.707605475381357 ], [ 136.673939933886089, 36.707509109317407 ], [ 136.674061990909024, 36.707399511591348 ], [ 136.674179842101523, 36.707277104418687 ], [ 136.674293028329657, 36.707142363843204 ], [ 136.674401115001245, 36.706995809644148 ], [ 136.674503681839951, 36.706838008700515 ], [ 136.674600334133771, 36.706669571626762 ], [ 136.674690694554414, 36.706491151090681 ], [ 136.674774416450589, 36.706303438449147 ], [ 136.6748511736225, 36.706107155337435 ], [ 136.674920671569964, 36.705903062079884 ], [ 136.674982641357104, 36.70569195432563 ], [ 136.675036841657402, 36.705474642863031 ], [ 136.675083061821397, 36.705251968758837 ], [ 136.675121124944496, 36.705024798311797 ], [ 136.675150883776638, 36.704794004549193 ], [ 136.675172222767401, 36.704560484048194 ], [ 136.675185059088619, 36.704325136750207 ], [ 136.675189343656911, 36.704088876053731 ] ] ] } },
{ "type": "Feature", "properties": { "P12_001": 10396, "P12_002": "鳥越城跡附二曲城跡", "P12_003": "17", "P12_004": "17210", "P12_005": "‐", "P12_006": "白山市三坂町　および　別宮町　および　上野町", "P12_007": 2 }, "geometry": { "type": "Polygon", "coordinates": [ [ [ 136.608308263244481, 36.36023444139672 ], [ 136.608294778613867, 36.359410253174261 ], [ 136.60825437482805, 36.358589254276914 ], [ 136.608187208340155, 36.357774620572734 ], [ 136.608093538883026, 36.356969502697758 ], [ 136.60797372844641, 36.356177017645372 ], [ 136.607828242299661, 36.355400226898546 ], [ 136.607657641833697, 36.354642141476234 ], [ 136.60746258762876, 36.353905689972862 ], [ 136.607243835364102, 36.353193723604718 ], [ 136.607002228659923, 36.352508996024348 ], [ 136.606738704190349, 36.351854158274129 ], [ 136.606454281457701, 36.351231741964995 ], [ 136.606150059724712, 36.350644154229975 ], [ 136.605827218014582, 36.350093669313566 ], [ 136.605487001817608, 36.34958241847891 ], [ 136.605130731271601, 36.349112376550742 ], [ 136.604759782755849, 36.348685365279628 ], [ 136.604375591958558, 36.348303034838551 ], [ 136.603979643651428, 36.34796686382284 ], [ 136.603573471689458, 36.347678154203834 ], [ 136.603158646740127, 36.347438021236044 ], [ 136.602736775260922, 36.347247396821423 ], [ 136.602309485183298, 36.347107016052313 ], [ 136.601878434093209, 36.347017423939974 ], [ 136.601445286734617, 36.346978963639629 ], [ 136.60101172012233, 36.346991788225431 ], [ 136.600579412293712, 36.347055845551246 ], [ 136.60015003412812, 36.34717088666131 ], [ 136.599725248324432, 36.347336470836652 ], [ 136.599306697130032, 36.34755195382013 ], [ 136.598895999273225, 36.347816501273542 ], [ 136.598494745872927, 36.348129093823985 ], [ 136.598104487145264, 36.348488518653191 ], [ 136.597726735471298, 36.348893384636774 ], [ 136.597362949035812, 36.349342127390571 ], [ 136.597014537962821, 36.349833012634939 ], [ 136.596682848977082, 36.350364137876895 ], [ 136.596369164381315, 36.350933449231441 ], [ 136.596074700011258, 36.351538744785813 ], [ 136.59580059398732, 36.352177679645919 ], [ 136.595547906714643, 36.352847787804045 ], [ 136.595317614747501, 36.353546472046069 ], [ 136.595110611812117, 36.354271030865597 ], [ 136.594927695513093, 36.355018660146072 ], [ 136.594769576536549, 36.355786469982142 ], [ 136.594636864334262, 36.356571486361794 ], [ 136.594530072236296, 36.357370676398311 ], [ 136.594449616428705, 36.358180944966058 ], [ 136.594395804705016, 36.358999156568196 ], [ 136.594368846692106, 36.359822148793739 ], [ 136.594368846692106, 36.36064673568184 ], [ 136.594395804705016, 36.361469727907377 ], [ 136.594449616428705, 36.362287939509514 ], [ 136.594530072236296, 36.363098208077261 ], [ 136.594636864334262, 36.363897398113778 ], [ 136.594769576536549, 36.36468241449343 ], [ 136.594927695513093, 36.3654502243295 ], [ 136.595110611812117, 36.366197853609975 ], [ 136.595317614747501, 36.366922412429503 ], [ 136.595547906714643, 36.367621096671527 ], [ 136.59580059398732, 36.368291204829653 ], [ 136.596074700011258, 36.368930141371891 ], [ 136.596369164381315, 36.369535435244131 ], [ 136.596682848977082, 36.370104746598678 ], [ 136.597014537962821, 36.370635871840634 ], [ 136.597362949035812, 36.371126757085001 ], [ 136.597726735471298, 36.371575499838798 ], [ 136.598104487145264, 36.371980365822381 ], [ 136.598494745872927, 36.372339792333726 ], [ 136.598895999273225, 36.372652383202031 ], [ 136.599306697130032, 36.372916930655443 ], [ 136.599725248324432, 36.373132413638928 ], [ 136.60015003412812, 36.373297997814262 ], [ 136.600579412293712, 36.373413038924326 ], [ 136.60101172012233, 36.373477096250141 ], [ 136.601445286734617, 36.373489920835944 ], [ 136.601878434093209, 36.373451460535605 ], [ 136.602309485183298, 36.37336186842326 ], [ 136.602736775260922, 36.373221487654149 ], [ 136.603158646740127, 36.373030863239528 ], [ 136.603573471689458, 36.372790730271738 ], [ 136.603979643651428, 36.372502020652732 ], [ 136.604375591958558, 36.372165849637021 ], [ 136.604759782755849, 36.371783519195944 ], [ 136.605130731271601, 36.37135650792483 ], [ 136.605487001817608, 36.370886465996662 ], [ 136.605827218014582, 36.370375215162007 ], [ 136.606150059724712, 36.369824730245597 ], [ 136.606454281457701, 36.369237142510578 ], [ 136.606738704190349, 36.368614726201443 ], [ 136.607002228659923, 36.367959888451225 ], [ 136.607243835364102, 36.367275160870854 ], [ 136.60746258762876, 36.36656319450271 ], [ 136.607657641833697, 36.365826742999339 ], [ 136.607828242299661, 36.365068657577027 ], [ 136.60797372844641, 36.3642918668302 ], [ 136.608093538883026, 36.363499381777814 ], [ 136.608187208340155, 36.362694263902839 ], [ 136.60825437482805, 36.361879630198658 ], [ 136.608294778613867, 36.361058631301312 ], [ 136.608308263244481, 36.36023444139672 ] ] ] } },
{ "type": "Feature", "properties": { "P12_001": 10397, "P12_002": "聖興寺", "P12_003": "17", "P12_004": "17210", "P12_005": "‐", "P12_006": "白山市中町56", "P12_007": 2 }, "geometry": { "type": "Polygon", "coordinates": [ [ [ 136.56465325085685, 36.523118220543331 ], [ 136.564525195438307, 36.523129304120964 ], [ 136.564528888961149, 36.523157166980255 ], [ 136.56443402923253, 36.523165332056266 ], [ 136.564458916541213, 36.52335247109027 ], [ 136.564388082094723, 36.523358612559683 ], [ 136.564395360747994, 36.52341308340668 ], [ 136.564521638939851, 36.523402166360263 ], [ 136.564522889542985, 36.523411722560674 ], [ 136.564671055845679, 36.523398860967937 ], [ 136.564674333182552, 36.523422944073253 ], [ 136.56479344315872, 36.523412639323432 ], [ 136.564756611209873, 36.523136138629368 ], [ 136.564656721459443, 36.52314474947076 ], [ 136.56465325085685, 36.523118220543331 ] ] ] } },
{ "type": "Feature", "properties": { "P12_001": 10398, "P12_002": "白山比盗_社", "P12_003": "17", "P12_004": "17210", "P12_005": "‐", "P12_006": "白山市三宮町ニ105-1", "P12_007": 2 }, "geometry": { "type": "Polygon", "coordinates": [ [ [ 136.63593838891893, 36.435021499649331 ], [ 136.635773277608735, 36.435029777428284 ], [ 136.635782889766745, 36.435155027406559 ], [ 136.635815694834918, 36.435153360412258 ], [ 136.635819082609316, 36.435198083295624 ], [ 136.635988111385188, 36.435189638985456 ], [ 136.635985750271061, 36.435158082160996 ], [ 136.636046111555572, 36.435155111513232 ], [ 136.63604991756111, 36.435204611655735 ], [ 136.636014777965642, 36.435206332478309 ], [ 136.636018557384375, 36.435256194279518 ], [ 136.636058389553568, 36.435254194222786 ], [ 136.636061777327996, 36.435298193788739 ], [ 136.636042250331258, 36.435299194658178 ], [ 136.63604961079011, 36.435395584271994 ], [ 136.636175916591384, 36.435389193846824 ], [ 136.636167612300397, 36.435280750064351 ], [ 136.636228416357739, 36.435277668395777 ], [ 136.636226277141304, 36.435249445559911 ], [ 136.63628038950057, 36.435246804610316 ], [ 136.63628469452027, 36.435303055154556 ], [ 136.636460861857302, 36.435294191993144 ], [ 136.636450722053183, 36.435163027633486 ], [ 136.636287805178199, 36.435171221305765 ], [ 136.636219250040284, 36.435117305562819 ], [ 136.636212499033121, 36.435028943090067 ], [ 136.636147110794468, 36.435032277078662 ], [ 136.636144333494371, 36.434997194502387 ], [ 136.636359999642792, 36.434986443987185 ], [ 136.636352638161355, 36.434889970266696 ], [ 136.636478833525047, 36.434883667312469 ], [ 136.636480555532927, 36.434906389571786 ], [ 136.636620139405636, 36.434899361618022 ], [ 136.636611139767069, 36.434781528166347 ], [ 136.636471556916945, 36.434788556120111 ], [ 136.636473694088238, 36.434817583015793 ], [ 136.636352638161355, 36.434823640378525 ], [ 136.636345471990779, 36.434730140670062 ], [ 136.636206889214122, 36.43473710974915 ], [ 136.636197667677862, 36.43461674973296 ], [ 136.636295082808914, 36.434611859770875 ], [ 136.636285249775767, 36.434484111824347 ], [ 136.636225999002278, 36.434487000047568 ], [ 136.636215055458138, 36.434342943816759 ], [ 136.63635072186517, 36.434336222011297 ], [ 136.636338639178064, 36.434178639745014 ], [ 136.635878056266364, 36.434201639556363 ], [ 136.635890971325466, 36.434369610679134 ], [ 136.635855388957168, 36.434371331501708 ], [ 136.635862138941746, 36.434459971526493 ], [ 136.635906082864921, 36.434457722514004 ], [ 136.635918805680859, 36.43462416625956 ], [ 136.635998667375304, 36.434620193060233 ], [ 136.636011167270965, 36.434783084139838 ], [ 136.635973360812926, 36.434784998407764 ], [ 136.635974778094948, 36.434804112490724 ], [ 136.63593127796716, 36.434806361503213 ], [ 136.635934250578146, 36.434845750341246 ], [ 136.635907805895386, 36.434847000166435 ], [ 136.635913332886219, 36.434919471524019 ], [ 136.635950583066176, 36.434917557256092 ], [ 136.635952943157747, 36.434949026609615 ], [ 136.636054028292534, 36.434943971798447 ], [ 136.636055972198079, 36.434969499856443 ], [ 136.636008888985003, 36.434971806061469 ], [ 136.636014305538311, 36.435042581828483 ], [ 136.635940221364365, 36.435046221965379 ], [ 136.63593838891893, 36.435021499649331 ] ] ] } },
{ "type": "Feature", "properties": { "P12_001": 10399, "P12_002": "金剱宮", "P12_003": "17", "P12_004": "17210", "P12_005": "‐", "P12_006": "白山市鶴来日詰町巳118", "P12_007": 2 }, "geometry": { "type": "Polygon", "coordinates": [ [ [ 136.630184582839803, 36.449622472257602 ], [ 136.630027611186819, 36.449832750720034 ], [ 136.63005930574397, 36.449848194387698 ], [ 136.630005249626038, 36.449920610234869 ], [ 136.629977362097009, 36.449907057285266 ], [ 136.629968916691382, 36.449918194691165 ], [ 136.629909749768615, 36.449889361240842 ], [ 136.629890277990683, 36.449915499913303 ], [ 136.62987216725341, 36.449906667030291 ], [ 136.629830168258366, 36.449962890660395 ], [ 136.629844278701796, 36.449969807593348 ], [ 136.629822888582538, 36.449998361809506 ], [ 136.629960860884921, 36.450065581546305 ], [ 136.629979888867467, 36.450040082084577 ], [ 136.630099638972467, 36.450098388195954 ], [ 136.630093000448028, 36.450107278271503 ], [ 136.630151692898323, 36.450135943508471 ], [ 136.630204971863037, 36.450064721976084 ], [ 136.630072056169297, 36.450000000207538 ], [ 136.630070472208359, 36.449999223061859 ], [ 136.630029166515783, 36.449979111473738 ], [ 136.63004652873181, 36.449955943449041 ], [ 136.630032610531543, 36.449949194729435 ], [ 136.630071583741938, 36.44989691906666 ], [ 136.6300838054986, 36.449902942786721 ], [ 136.630068611130952, 36.449923333609007 ], [ 136.630141333241653, 36.449958693737315 ], [ 136.630193221511149, 36.449889193027495 ], [ 136.630125749274839, 36.449856359463709 ], [ 136.630133610793024, 36.449845750247725 ], [ 136.630126389403671, 36.449842276642045 ], [ 136.630140583697852, 36.449823167605487 ], [ 136.630200832499668, 36.449852529245724 ], [ 136.630301388965762, 36.449717723067039 ], [ 136.630316389045078, 36.449725082401102 ], [ 136.630308528549506, 36.449735668067213 ], [ 136.630332306369723, 36.449747220960091 ], [ 136.630326917425805, 36.449754417127203 ], [ 136.630400389080307, 36.44979024993502 ], [ 136.630436083931301, 36.44974238819055 ], [ 136.630335250348736, 36.449693249706748 ], [ 136.630343807214501, 36.449681779238411 ], [ 136.630222389297842, 36.449622558046407 ], [ 136.630212360953863, 36.449635944464802 ], [ 136.630184582839803, 36.449622472257602 ] ] ] } },
{ "type": "Feature", "properties": { "P12_001": 10400, "P12_002": "一閑寺", "P12_003": "17", "P12_004": "17210", "P12_005": "‐", "P12_006": "白山市鶴来本町4-チ18", "P12_007": 2 }, "geometry": { "type": "Polygon", "coordinates": [ [ [ 136.624660111602282, 36.456454444010781 ], [ 136.624735639645053, 36.456599807259316 ], [ 136.624904612179563, 36.456542443142702 ], [ 136.624854278216446, 36.45644558421364 ], [ 136.624873749994379, 36.456439000343117 ], [ 136.624858222268955, 36.456409110512958 ], [ 136.624876472075726, 36.456386305829099 ], [ 136.624914668132931, 36.456379528513224 ], [ 136.624883001185168, 36.456248165661812 ], [ 136.624911000174365, 36.45621666771202 ], [ 136.624924193372493, 36.456164888278629 ], [ 136.624808749309778, 36.456142916250847 ], [ 136.624792749156995, 36.456197750438683 ], [ 136.624859167123617, 36.456210305883125 ], [ 136.624746832696275, 36.456225192764599 ], [ 136.624759556534769, 36.45628852845514 ], [ 136.624741111417109, 36.45629097259512 ], [ 136.624749000544682, 36.456329582605342 ], [ 136.624760721242012, 36.456328082142264 ], [ 136.624774750902418, 36.456396999151757 ], [ 136.62481863858423, 36.456391278215726 ], [ 136.624820138694417, 36.456398750252731 ], [ 136.624660111602282, 36.456454444010781 ] ] ] } },
{ "type": "Feature", "properties": { "P12_001": 10401, "P12_002": "白山本地堂", "P12_003": "17", "P12_004": "17210", "P12_005": "‐", "P12_006": "白山市白峰イ68", "P12_007": 2 }, "geometry": { "type": "Polygon", "coordinates": [ [ [ 136.625240167502483, 36.173514758223369 ], [ 136.625389231621682, 36.173514758223369 ], [ 136.625389231621682, 36.173402541415449 ], [ 136.625240167502483, 36.173402541415449 ], [ 136.625240167502483, 36.173514758223369 ] ] ] } },
{ "type": "Feature", "properties": { "P12_001": 10473, "P12_002": "古宮公園", "P12_003": "17", "P12_004": "17210", "P12_005": "‐", "P12_006": "白山市白山町レ67-1", "P12_007": 4 }, "geometry": { "type": "Polygon", "coordinates": [ [ [ 136.631959955580385, 36.438530663946885 ], [ 136.631959583364903, 36.438520877294181 ], [ 136.631958466718459, 36.438511125966279 ], [ 136.631956611776502, 36.438501452016524 ], [ 136.631954023651815, 36.438491890769711 ], [ 136.631950713592744, 36.438482479232775 ], [ 136.631946693870049, 36.438473254412663 ], [ 136.631941980844942, 36.438464253316305 ], [ 136.631936590878468, 36.438455506222105 ], [ 136.631930547489759, 36.438447050137 ], [ 136.631923872152811, 36.43843891870366 ], [ 136.631916591454399, 36.438431142200493 ], [ 136.631908733003939, 36.438423750905891 ], [ 136.631900327478547, 36.43841677341613 ], [ 136.631891407600449, 36.438410234963222 ], [ 136.631882009159568, 36.438404164143414 ], [ 136.631872164878189, 36.438398582824462 ], [ 136.631861915659073, 36.438393511191961 ], [ 136.631851302405039, 36.438388971113646 ], [ 136.631840361928624, 36.438384979410849 ], [ 136.631829140245429, 36.438381549540644 ], [ 136.631817680303442, 36.438378698324357 ], [ 136.631806023005453, 36.438376434172667 ], [ 136.631794218457372, 36.438374767178374 ], [ 136.631782308584576, 36.438373702387864 ], [ 136.631770341447861, 36.438373246529686 ], [ 136.631758363062886, 36.438373397921701 ], [ 136.631746418422722, 36.438374158246042 ], [ 136.631734555588139, 36.438375525820582 ], [ 136.631722819552238, 36.438377492234643 ], [ 136.631711255308119, 36.438380050759697 ], [ 136.631699908871411, 36.43838319130294 ], [ 136.631688822167462, 36.438386905453704 ], [ 136.631678040189371, 36.438391173026396 ], [ 136.631667603839958, 36.438395982246071 ], [ 136.631657551976872, 36.43840130956287 ], [ 136.63164792652546, 36.438407141519711 ], [ 136.631638762253118, 36.438413447838201 ], [ 136.631630095972355, 36.438420208332737 ], [ 136.631621960405454, 36.438427397771321 ], [ 136.631614387252029, 36.438434985875539 ], [ 136.631607406166637, 36.43844294236699 ], [ 136.631601042713527, 36.438451240331545 ], [ 136.631595323479502, 36.438459846126534 ], [ 136.631590269938584, 36.438468724427146 ], [ 136.631585901519543, 36.438477841590718 ], [ 136.631582234583504, 36.438487163974571 ], [ 136.631579283446484, 36.438496654571779 ], [ 136.631577061401885, 36.438506278057531 ], [ 136.631575573562543, 36.43851599406063 ], [ 136.63157482913158, 36.438525768938398 ], [ 136.63157482913158, 36.438535560637504 ], [ 136.631575573562543, 36.438545335515272 ], [ 136.631577061401885, 36.438555051518364 ], [ 136.631579283446484, 36.438564675004123 ], [ 136.631582234583504, 36.438574165601324 ], [ 136.631585901519543, 36.438583487985184 ], [ 136.631590269938584, 36.438592605148756 ], [ 136.631595323479502, 36.438601483449368 ], [ 136.631601042713527, 36.438610089244357 ], [ 136.631607406166637, 36.438618387208912 ], [ 136.631614387252029, 36.438626343700363 ], [ 136.631621960405454, 36.438633931804581 ], [ 136.631630095972355, 36.438641121243158 ], [ 136.631638762253118, 36.438647881737701 ], [ 136.63164792652546, 36.438654189738322 ], [ 136.631657551976872, 36.438660020013032 ], [ 136.631667603839958, 36.438665347329831 ], [ 136.631678040189371, 36.438670156549506 ], [ 136.631688822167462, 36.438674424122198 ], [ 136.631699908871411, 36.438678138272962 ], [ 136.631711255308119, 36.438681278816205 ], [ 136.631722819552238, 36.438683837341259 ], [ 136.631734555588139, 36.43868580375532 ], [ 136.631746418422722, 36.43868717132986 ], [ 136.631758363062886, 36.438687931654201 ], [ 136.631770341447861, 36.438688083046216 ], [ 136.631782308584576, 36.438687627188038 ], [ 136.631794218457372, 36.438686562397528 ], [ 136.631806023005453, 36.438684895403235 ], [ 136.631817680303442, 36.438682631251538 ], [ 136.631829140245429, 36.438679780035258 ], [ 136.631840361928624, 36.438676350165053 ], [ 136.631851302405039, 36.438672358462256 ], [ 136.631861915659073, 36.438667818383941 ], [ 136.631872164878189, 36.43866274675144 ], [ 136.631882009159568, 36.438657165432481 ], [ 136.631891407600449, 36.43865109461268 ], [ 136.631900327478547, 36.438644557841904 ], [ 136.631908733003939, 36.438637578670011 ], [ 136.631916591454399, 36.438630187375409 ], [ 136.631923872152811, 36.438622410872242 ], [ 136.631930547489759, 36.438614279438902 ], [ 136.631936590878468, 36.438605823353797 ], [ 136.631941980844942, 36.438597077941729 ], [ 136.631946693870049, 36.438588075163238 ], [ 136.631950713592744, 36.438578850343127 ], [ 136.631954023651815, 36.438569438806191 ], [ 136.631956611776502, 36.438559877559378 ], [ 136.631958466718459, 36.438550203609623 ], [ 136.631959583364903, 36.438540452281721 ], [ 136.631959955580385, 36.438530663946885 ] ] ] } },
{ "type": "Feature", "properties": { "P12_001": 10474, "P12_002": "十八河原公園", "P12_003": "17", "P12_004": "17210", "P12_005": "‐", "P12_006": "白山市鶴来水戸町地先", "P12_007": 4 }, "geometry": { "type": "Polygon", "coordinates": [ [ [ 136.62249952753956, 36.446260560244497 ], [ 136.622496936347176, 36.446191838362488 ], [ 136.622489170950615, 36.446123380575443 ], [ 136.622476261004351, 36.446055454342577 ], [ 136.622458258659492, 36.445988322076722 ], [ 136.62243523140566, 36.445922242826448 ], [ 136.622407268206445, 36.445857470593893 ], [ 136.622374478476843, 36.445794259381231 ], [ 136.622336990038065, 36.445732851415677 ], [ 136.622294946049948, 36.445673487242331 ], [ 136.622248509101098, 36.445616390584938 ], [ 136.622197860186418, 36.445561790213667 ], [ 136.622143194616797, 36.445509889666653 ], [ 136.622084723041638, 36.445460895846338 ], [ 136.62202267349403, 36.445414993787388 ], [ 136.62195728423282, 36.445372365160232 ], [ 136.621888809877902, 36.445333171449683 ], [ 136.621817514252371, 36.445297565729888 ], [ 136.621743672427527, 36.445265685935794 ], [ 136.621667571745547, 36.445237654863149 ], [ 136.621589506706613, 36.445213581850631 ], [ 136.621509776923716, 36.445193559415578 ], [ 136.621428694280695, 36.445177663254007 ], [ 136.62134656963886, 36.445165958969113 ], [ 136.621263722040027, 36.44515848861424 ], [ 136.621180470526042, 36.445155280785656 ], [ 136.621097140274173, 36.445156350622561 ], [ 136.621014050326266, 36.445161691396422 ], [ 136.620931525859561, 36.445171282921642 ], [ 136.62084988182562, 36.445185091555544 ], [ 136.62076943726629, 36.445203058423452 ], [ 136.620690500997711, 36.44522511792217 ], [ 136.620613379790882, 36.445251182580755 ], [ 136.620538373258796, 36.445281151471193 ], [ 136.620465769766241, 36.445314911890534 ], [ 136.620395850519913, 36.445352327585979 ], [ 136.62032888547833, 36.445393258940435 ], [ 136.620265136419391, 36.445437547833357 ], [ 136.620204846714756, 36.445485017640728 ], [ 136.620148250532964, 36.445535488374261 ], [ 136.620095567726565, 36.445588766588607 ], [ 136.620047001786986, 36.44564464033494 ], [ 136.620002739844523, 36.445702899346578 ], [ 136.619962953690958, 36.445763314853366 ], [ 136.619927797734363, 36.445825654720878 ], [ 136.619897406953982, 36.445889676721883 ], [ 136.619871899967904, 36.445955133582771 ], [ 136.61985137494284, 36.446021772983507 ], [ 136.619835911639314, 36.446089335875534 ], [ 136.619825568343771, 36.446157559846029 ], [ 136.619820388004143, 36.446226182482157 ], [ 136.619820388004143, 36.446294939688975 ], [ 136.619825568343771, 36.446363562325104 ], [ 136.619835911639314, 36.44643178797773 ], [ 136.61985137494284, 36.446499350869757 ], [ 136.619871899967904, 36.446565990270493 ], [ 136.619897406953982, 36.446631447131381 ], [ 136.619927797734363, 36.446695467450255 ], [ 136.619962953690958, 36.446757807317766 ], [ 136.620002739844523, 36.446818224506686 ], [ 136.620047001786986, 36.446876481836192 ], [ 136.620095567726565, 36.446932357264664 ], [ 136.620148250532964, 36.446985633796871 ], [ 136.620204846714756, 36.447036106212543 ], [ 136.620265136419391, 36.447083576019914 ], [ 136.62032888547833, 36.447127863230698 ], [ 136.620395850519913, 36.447168794585153 ], [ 136.620465769766241, 36.44720621196273 ], [ 136.620538373258796, 36.44723997069994 ], [ 136.620613379790882, 36.447269939590377 ], [ 136.620690500997711, 36.447296004248962 ], [ 136.62076943726629, 36.447318065429812 ], [ 136.62084988182562, 36.447336032297727 ], [ 136.620931525859561, 36.44734983924949 ], [ 136.621014050326266, 36.447359430774711 ], [ 136.621097140274173, 36.447364773230703 ], [ 136.621180470526042, 36.447365841385476 ], [ 136.621263722040027, 36.447362633556892 ], [ 136.62134656963886, 36.447355164884151 ], [ 136.621428694280695, 36.447343458917125 ], [ 136.621509776923716, 36.447327564437686 ], [ 136.621589506706613, 36.447307540320502 ], [ 136.621667571745547, 36.447283467307983 ], [ 136.621743672427527, 36.44725543791747 ], [ 136.621817514252371, 36.447223558123383 ], [ 136.621888809877902, 36.44718795072145 ], [ 136.62195728423282, 36.447148757010901 ], [ 136.62202267349403, 36.447106128383744 ], [ 136.622084723041638, 36.447060228006933 ], [ 136.622143194616797, 36.447011232504479 ], [ 136.622197860186418, 36.446959333639597 ], [ 136.622248509101098, 36.446904731586194 ], [ 136.622294946049948, 36.446847636610933 ], [ 136.622336990038065, 36.446788270755455 ], [ 136.622374478476843, 36.446726864472033 ], [ 136.622407268206445, 36.446663651577239 ], [ 136.62243523140566, 36.446598881026823 ], [ 136.622458258659492, 36.446532801776542 ], [ 136.622476261004351, 36.446465667828555 ], [ 136.622489170950615, 36.446397741595689 ], [ 136.622496936347176, 36.446329283808645 ], [ 136.62249952753956, 36.446260560244497 ] ] ] } },
{ "type": "Feature", "properties": { "P12_001": 10475, "P12_002": "松任海浜公園", "P12_003": "17", "P12_004": "17210", "P12_005": "‐", "P12_006": "白山市徳光町（徳光海岸）", "P12_007": 4 }, "geometry": { "type": "Polygon", "coordinates": [ [ [ 136.531901167151403, 36.538216778333705 ], [ 136.532098472032914, 36.538043500079738 ], [ 136.532081861405828, 36.537863971017678 ], [ 136.532039222281952, 36.537833554679736 ], [ 136.53197225008239, 36.537420000476622 ], [ 136.531888306288522, 36.536920889599436 ], [ 136.531816806148981, 36.53648674944656 ], [ 136.531722500653302, 36.535920723298744 ], [ 136.531702832541924, 36.53579986032463 ], [ 136.531652972028724, 36.535749667143129 ], [ 136.531639277771262, 36.535745000904797 ], [ 136.531415000560884, 36.53566702728854 ], [ 136.53127847110477, 36.535619609627304 ], [ 136.53117833389237, 36.535585472410055 ], [ 136.531146055447749, 36.535574390514562 ], [ 136.53111152734914, 36.535561944408791 ], [ 136.531076999250502, 36.535549331771811 ], [ 136.531042499783865, 36.535536443264931 ], [ 136.531008083145366, 36.535523361312706 ], [ 136.530974138934198, 36.535510222167936 ], [ 136.530869389931127, 36.53546908391106 ], [ 136.530812833629568, 36.535446082417579 ], [ 136.530752667655889, 36.535417916774257 ], [ 136.530695360787973, 36.535389831873339 ], [ 136.530649332867114, 36.535365082643153 ], [ 136.530594750125658, 36.535334417349453 ], [ 136.530532750683989, 36.535296860354798 ], [ 136.530476082922291, 36.535261861885196 ], [ 136.530432221827283, 36.535231807205953 ], [ 136.530243777514841, 36.535250527669675 ], [ 136.530115417370439, 36.535405418522352 ], [ 136.529995167228719, 36.535511998500915 ], [ 136.529953638615893, 36.535561971322927 ], [ 136.529927277783855, 36.535604472107941 ], [ 136.529631194685493, 36.535976361546389 ], [ 136.529602971753491, 36.536012332289154 ], [ 136.529380890000908, 36.536296915634679 ], [ 136.529332306677645, 36.536238360567545 ], [ 136.528789860902009, 36.535805665367342 ], [ 136.528252639436545, 36.536244666886041 ], [ 136.528173555917874, 36.536356638102468 ], [ 136.528213082338652, 36.536398028679365 ], [ 136.528201611148404, 36.536407694218461 ], [ 136.528215693982446, 36.536459500565989 ], [ 136.528310306249125, 36.536567000671575 ], [ 136.528467138832582, 36.536740223415137 ], [ 136.528674777806515, 36.536967721878213 ], [ 136.528848305890364, 36.537158998960628 ], [ 136.528975610742521, 36.537297307341269 ], [ 136.529008250154362, 36.537306666732064 ], [ 136.529043610624939, 36.53732650076816 ], [ 136.529113333537822, 36.537403470150721 ], [ 136.529394529039564, 36.537761582915799 ], [ 136.529457805671171, 36.537832779216188 ], [ 136.529654388618241, 36.538048416955952 ], [ 136.529825082138075, 36.538235332266211 ], [ 136.530001833362547, 36.538428331853332 ], [ 136.530147944299586, 36.538589693873583 ], [ 136.530323971544533, 36.538779637024135 ], [ 136.53067422222091, 36.539158749543837 ], [ 136.53090036153128, 36.539406082043008 ], [ 136.531125638815126, 36.539651890529228 ], [ 136.531364443677518, 36.539922527305912 ], [ 136.53142524978, 36.539983582023424 ], [ 136.531428167172209, 36.539994611772784 ], [ 136.531451750704122, 36.540021221442622 ], [ 136.531636778610192, 36.540231111332218 ], [ 136.531900889012348, 36.540532443681009 ], [ 136.532063417310724, 36.540719860267046 ], [ 136.532282972292847, 36.540969583077917 ], [ 136.532481610605629, 36.541194610486883 ], [ 136.532641638720349, 36.541375527309071 ], [ 136.532797778001367, 36.541539195534355 ], [ 136.533066972621583, 36.541809749886497 ], [ 136.53328769435609, 36.542026667729857 ], [ 136.533394055952073, 36.542091110264238 ], [ 136.533453305703006, 36.54211486030713 ], [ 136.533499528934698, 36.542129528511246 ], [ 136.533597083135277, 36.542124389593404 ], [ 136.533623250701595, 36.542161361205601 ], [ 136.533730028483546, 36.542282611070412 ], [ 136.533761610558003, 36.542313331874524 ], [ 136.533743416992564, 36.542394000268651 ], [ 136.533745971372412, 36.542423831224141 ], [ 136.53376261063147, 36.542491333559362 ], [ 136.533790056410254, 36.542550611943902 ], [ 136.533817749651007, 36.54259194364613 ], [ 136.533851471964454, 36.542634473027412 ], [ 136.533976639645317, 36.542775444225377 ], [ 136.534271472140574, 36.543107223190518 ], [ 136.534560583356665, 36.543430418228404 ], [ 136.534870694070293, 36.543779472704593 ], [ 136.534926638874992, 36.543835026845564 ], [ 136.535300611130253, 36.544256527447324 ], [ 136.535617972887735, 36.544609945377807 ], [ 136.535836916373, 36.544839916577125 ], [ 136.535962111663252, 36.544971859764601 ], [ 136.536045028796821, 36.544917555448819 ], [ 136.536113305795737, 36.544872748458779 ], [ 136.536129111660216, 36.544867054436885 ], [ 136.536193111248821, 36.544823249998409 ], [ 136.536268887776089, 36.54477147056501 ], [ 136.53602119678041, 36.544263960795263 ], [ 136.535883890171078, 36.544317353394682 ], [ 136.535443805697611, 36.54333613969213 ], [ 136.535471581766529, 36.543313308094135 ], [ 136.535512249375444, 36.543284666407033 ], [ 136.535584916267339, 36.543234779373826 ], [ 136.535724527749437, 36.543109250161386 ], [ 136.535783639453427, 36.543065861209882 ], [ 136.535819721858445, 36.543037389418267 ], [ 136.535848693311692, 36.5430041100891 ], [ 136.535853527000086, 36.542959331695329 ], [ 136.535854277566472, 36.542949057223915 ], [ 136.535855056764802, 36.542893915205653 ], [ 136.53584441590138, 36.542789861791604 ], [ 136.53582366693351, 36.542676639067857 ], [ 136.535824861295282, 36.542613027507421 ], [ 136.535830971151029, 36.542559417912777 ], [ 136.535845527434958, 36.542501917543341 ], [ 136.535868028065238, 36.542453721054301 ], [ 136.535918805823741, 36.54236333161068 ], [ 136.535933693420361, 36.542331776468352 ], [ 136.535944056144757, 36.542293001609046 ], [ 136.535934193457109, 36.54225635969501 ], [ 136.535876261798904, 36.542189245932633 ], [ 136.535853377704854, 36.54188413887627 ], [ 136.535718860666492, 36.541154000419922 ], [ 136.535727306072118, 36.541121166856136 ], [ 136.535724917348603, 36.541084471113834 ], [ 136.535657888907679, 36.540889806214551 ], [ 136.535649443502052, 36.540843609782236 ], [ 136.535135195094199, 36.540534305802794 ], [ 136.535057472616188, 36.540476749922952 ], [ 136.53485199944555, 36.540350472161109 ], [ 136.534580443711206, 36.540178166180304 ], [ 136.534291860141224, 36.539996943209815 ], [ 136.534069221087975, 36.539853278916112 ], [ 136.533817833501729, 36.539686638360941 ], [ 136.533666109677995, 36.539585722125871 ], [ 136.533546959821592, 36.539497188075501 ], [ 136.53406702767532, 36.5392721387988 ], [ 136.534146361723629, 36.539239749318263 ], [ 136.534298749195301, 36.539178388452449 ], [ 136.534504611965133, 36.53909349958537 ], [ 136.534615221316898, 36.539047942363787 ], [ 136.535166220890574, 36.538819695351307 ], [ 136.535510250251093, 36.53867605628961 ], [ 136.535568859873194, 36.538637611128465 ], [ 136.535659444236643, 36.538594583835668 ], [ 136.53615836125249, 36.538331970835785 ], [ 136.536046388814924, 36.538159444495491 ], [ 136.53592738927631, 36.537975861491702 ], [ 136.53577175003204, 36.53773619279275 ], [ 136.53561266677201, 36.537575471665363 ], [ 136.534530056574454, 36.537887167638644 ], [ 136.53300638943935, 36.538203694699341 ], [ 136.532985278481704, 36.538105888729113 ], [ 136.532437555222344, 36.538165249538196 ], [ 136.531901167151403, 36.538216778333705 ] ] ] } },
{ "type": "Feature", "properties": { "P12_001": 10476, "P12_002": "若宮公園", "P12_003": "17", "P12_004": "17210", "P12_005": "‐", "P12_006": "白山市徳丸町483", "P12_007": 4 }, "geometry": { "type": "Polygon", "coordinates": [ [ [ 136.574230666018536, 36.522296944093959 ], [ 136.574433278038327, 36.522287056513242 ], [ 136.574655888459631, 36.522261831239277 ], [ 136.57513516701863, 36.522242666692314 ], [ 136.575213832306162, 36.522238193899334 ], [ 136.575915110812161, 36.522200223099844 ], [ 136.575982471588333, 36.522196498856275 ], [ 136.576019778009652, 36.522194416375001 ], [ 136.576231140160928, 36.522179971894637 ], [ 136.576380389365283, 36.522169529209869 ], [ 136.576463082556046, 36.522163722485026 ], [ 136.576644473180636, 36.519885417322755 ], [ 136.576642555861895, 36.519832583191651 ], [ 136.576636583030506, 36.519793640118998 ], [ 136.576634499032849, 36.519772971744679 ], [ 136.576607471485175, 36.51965866740909 ], [ 136.575979499999903, 36.51965844368533 ], [ 136.575968442950511, 36.519659555575579 ], [ 136.575647361083355, 36.51963958360453 ], [ 136.575648443984988, 36.519617054790565 ], [ 136.575484778588759, 36.519612277531429 ], [ 136.575338667651749, 36.519608306014234 ], [ 136.575276193737608, 36.519599693490711 ], [ 136.575003499882854, 36.519502166754648 ], [ 136.574483222402279, 36.519482221697743 ], [ 136.574235215432452, 36.519456183953295 ], [ 136.57415352845058, 36.519259222941777 ], [ 136.57414047227681, 36.519257360819992 ], [ 136.574013473173096, 36.519541972761793 ], [ 136.57397330560093, 36.519625332569518 ], [ 136.573934333413092, 36.519715777523544 ], [ 136.573858082413324, 36.520049139376312 ], [ 136.573822139077834, 36.520120971523163 ], [ 136.573783332546327, 36.520158361986596 ], [ 136.573755750765713, 36.520174720734886 ], [ 136.573602750774597, 36.520222890309789 ], [ 136.573485332129223, 36.520257890461529 ], [ 136.572995193876835, 36.520256443826717 ], [ 136.573043278185935, 36.520422805147732 ], [ 136.573091583370172, 36.52050063914691 ], [ 136.572956443586662, 36.520561417994536 ], [ 136.572835222003448, 36.520614721440879 ], [ 136.572777250465009, 36.520632639526923 ], [ 136.57271427855926, 36.520649610571809 ], [ 136.57264697197931, 36.520659917003762 ], [ 136.572578693957837, 36.520665082835741 ], [ 136.572448556586778, 36.520672805510635 ], [ 136.572392471689994, 36.520678304405045 ], [ 136.57235594344445, 36.520681000865046 ], [ 136.572310528043033, 36.5206923064843 ], [ 136.572264888698811, 36.520716860587001 ], [ 136.572228638592293, 36.520740916778188 ], [ 136.572218278935622, 36.520780443551168 ], [ 136.572119610133768, 36.520921722579565 ], [ 136.572171000411686, 36.521079582397874 ], [ 136.572204415954133, 36.521176555712017 ], [ 136.572218673647654, 36.521425829393245 ], [ 136.572889443777711, 36.521467361269359 ], [ 136.572922416547357, 36.521448777058453 ], [ 136.572961500195333, 36.521436361231089 ], [ 136.573017944014168, 36.52142680671281 ], [ 136.573092332913973, 36.521423388617535 ], [ 136.573270306109634, 36.521427166689378 ], [ 136.573519556524559, 36.52143769348082 ], [ 136.573563249918095, 36.521432694180064 ], [ 136.573600361028525, 36.521425916864189 ], [ 136.573629000146525, 36.521418333806373 ], [ 136.573658167933189, 36.521402333352519 ], [ 136.57371052760746, 36.521372860691464 ], [ 136.573817555919078, 36.521293805463365 ], [ 136.573941277685975, 36.521188889114839 ], [ 136.574070917065427, 36.521057139372715 ], [ 136.574132332619627, 36.521319528648846 ], [ 136.574230666018536, 36.522296944093959 ] ] ] } },
{ "type": "Feature", "properties": { "P12_001": 10477, "P12_002": "手取公園（マレットゴルフ場）", "P12_003": "17", "P12_004": "17210", "P12_005": "‐", "P12_006": "白山市湊町　および　平加町地内", "P12_007": 4 }, "geometry": { "type": "Polygon", "coordinates": [ [ [ 136.494193428019202, 36.496632794769276 ], [ 136.494150273520063, 36.496200027237329 ], [ 136.494022119934812, 36.495780408942949 ], [ 136.493812862232573, 36.495386690458076 ], [ 136.493528858753621, 36.495030835116147 ], [ 136.493178738966179, 36.494723653989183 ], [ 136.49277313964339, 36.49447447955383 ], [ 136.492324385821462, 36.494290886457236 ], [ 136.491846112448769, 36.494178449289826 ], [ 136.491352851267607, 36.494140587829008 ], [ 136.490859590086416, 36.494178449289826 ], [ 136.490381316713723, 36.494290886457236 ], [ 136.489932562891795, 36.49447447955383 ], [ 136.489526963569006, 36.494723653989183 ], [ 136.489176842759008, 36.495030835116147 ], [ 136.488892839280055, 36.495386690458076 ], [ 136.488683581577817, 36.495780408942949 ], [ 136.48855542901515, 36.496200027237329 ], [ 136.488512274516012, 36.496632794769276 ], [ 136.48855542901515, 36.497065560619085 ], [ 136.488683581577817, 36.497485178913465 ], [ 136.488892839280055, 36.497878897398337 ], [ 136.489176842759008, 36.498234754422398 ], [ 136.489526963569006, 36.498541935549362 ], [ 136.489932562891795, 36.498791108302584 ], [ 136.490381316713723, 36.498974703081309 ], [ 136.490859590086416, 36.499087138566587 ], [ 136.491352851267607, 36.499125000027405 ], [ 136.491846112448769, 36.499087138566587 ], [ 136.492324385821462, 36.498974703081309 ], [ 136.49277313964339, 36.498791108302584 ], [ 136.493178738966179, 36.498541935549362 ], [ 136.493528858753621, 36.498234754422398 ], [ 136.493812862232573, 36.497878897398337 ], [ 136.494022119934812, 36.497485178913465 ], [ 136.494150273520063, 36.497065560619085 ], [ 136.494193428019202, 36.496632794769276 ] ] ] } },
{ "type": "Feature", "properties": { "P12_001": 10478, "P12_002": "手取公園（グラウンドゴルフ場）", "P12_003": "17", "P12_004": "17210", "P12_005": "‐", "P12_006": "白山市湊町　および　平加町地内", "P12_007": 4 }, "geometry": { "type": "Polygon", "coordinates": [ [ [ 136.497141184422787, 36.499258988689213 ], [ 136.497135897735888, 36.499102383742496 ], [ 136.497120056081428, 36.49894638436384 ], [ 136.497093720813666, 36.498791592757037 ], [ 136.497056994189535, 36.498638611125877 ], [ 136.497010019368872, 36.498488029899221 ], [ 136.49695297530144, 36.498340431095265 ], [ 136.4968860869526, 36.498196384957261 ], [ 136.4968096089423, 36.49805644995353 ], [ 136.496723838838392, 36.497921169413196 ], [ 136.496629107953595, 36.4977910631155 ], [ 136.49652578441308, 36.497666635700504 ], [ 136.496414265996606, 36.497548368258386 ], [ 136.496294986273824, 36.497436720011592 ], [ 136.496168404378665, 36.497332121586297 ], [ 136.496035011144727, 36.497234978376675 ], [ 136.495895322969858, 36.497145665498486 ], [ 136.495749879771068, 36.497064527789114 ], [ 136.495599243961777, 36.496991879807517 ], [ 136.495443998406955, 36.496928004152124 ], [ 136.495284745400312, 36.496873144732284 ], [ 136.495122098483819, 36.496827516861103 ], [ 136.494956688583187, 36.496791295480442 ], [ 136.494789154804664, 36.496764621889533 ], [ 136.494620146480202, 36.496747598698512 ], [ 136.494450314986892, 36.496740291510591 ], [ 136.494280320904949, 36.496742727239898 ], [ 136.494110818679189, 36.496754899157906 ], [ 136.493942466844658, 36.496776758482739 ], [ 136.493775913710778, 36.49680822110772 ], [ 136.493611805541747, 36.496849165919244 ], [ 136.493450778376143, 36.496899433114628 ], [ 136.493293452913917, 36.496958829248513 ], [ 136.493140437584259, 36.497027123868612 ], [ 136.492992326500342, 36.497104052879969 ], [ 136.49284969230132, 36.497189320227079 ], [ 136.492713085129878, 36.497282592847519 ], [ 136.492583035699852, 36.497383514128991 ], [ 136.492460045070516, 36.497491688770104 ], [ 136.49234458975954, 36.497606702966038 ], [ 136.492237115607395, 36.497728109269268 ], [ 136.492138041867804, 36.497855436682414 ], [ 136.492047747914228, 36.497988195704636 ], [ 136.491966584488182, 36.498125869920941 ], [ 136.491894865518674, 36.498267929459281 ], [ 136.491832870167286, 36.498413820897738 ], [ 136.491780834647699, 36.498562984085851 ], [ 136.491738963473892, 36.498714838687562 ], [ 136.491707418211973, 36.498868799320419 ], [ 136.491686319525172, 36.499024270509153 ], [ 136.49167574921907, 36.499180648367847 ], [ 136.49167574921907, 36.499337329010572 ], [ 136.491686319525172, 36.499493706869266 ], [ 136.491707418211973, 36.499649178058007 ], [ 136.491738963473892, 36.499803138690858 ], [ 136.491780834647699, 36.499954994974708 ], [ 136.491832870167286, 36.500104156480681 ], [ 136.491894865518674, 36.500250047919138 ], [ 136.491966584488182, 36.500392107457479 ], [ 136.492047747914228, 36.500529783355923 ], [ 136.492138041867804, 36.500662542378144 ], [ 136.492237115607395, 36.500789869791291 ], [ 136.49234458975954, 36.500911274412388 ], [ 136.492460045070516, 36.501026288608315 ], [ 136.492583035699852, 36.501134463249436 ], [ 136.492713085129878, 36.501235384530901 ], [ 136.49284969230132, 36.50132865715134 ], [ 136.492992326500342, 36.501413924498458 ], [ 136.493140437584259, 36.501490855191946 ], [ 136.493293452913917, 36.501559149812046 ], [ 136.493450778376143, 36.501618544263799 ], [ 136.493611805541747, 36.501668811459176 ], [ 136.493775913710778, 36.501709756270699 ], [ 136.493942466844658, 36.501741218895688 ], [ 136.494110818679189, 36.50176307822052 ], [ 136.494280320904949, 36.501775250138522 ], [ 136.494450314986892, 36.501777687549968 ], [ 136.494620146480202, 36.501770378679907 ], [ 136.494789154804664, 36.501753355488887 ], [ 136.494956688583187, 36.501726681897978 ], [ 136.495122098483819, 36.501690460517324 ], [ 136.495284745400312, 36.501644832646136 ], [ 136.495443998406955, 36.501589974908434 ], [ 136.495599243961777, 36.501526097570903 ], [ 136.495749879771068, 36.501453449589306 ], [ 136.495895322969858, 36.501372313562065 ], [ 136.496035011144727, 36.501282999001752 ], [ 136.496168404378665, 36.501185857474262 ], [ 136.496294986273824, 36.501081257366828 ], [ 136.496414265996606, 36.500969609120034 ], [ 136.49652578441308, 36.500851341677915 ], [ 136.496629107953595, 36.500726915945052 ], [ 136.496723838838392, 36.500596807965231 ], [ 136.4968096089423, 36.500461527424896 ], [ 136.4968860869526, 36.500321592421159 ], [ 136.49695297530144, 36.500177546283155 ], [ 136.497010019368872, 36.500029947479199 ], [ 136.497056994189535, 36.499879366252543 ], [ 136.497093720813666, 36.49972638462139 ], [ 136.497120056081428, 36.499571593014586 ], [ 136.497135897735888, 36.499415593635931 ], [ 136.497141184422787, 36.499258988689213 ] ] ] } },
{ "type": "Feature", "properties": { "P12_001": 10479, "P12_002": "手取公園（ウォーターガーデン）", "P12_003": "17", "P12_004": "17210", "P12_005": "‐", "P12_006": "白山市湊町　および　平加町地内", "P12_007": 4 }, "geometry": { "type": "Polygon", "coordinates": [ [ [ 136.49840066753066, 36.502769528971967 ], [ 136.498395743856122, 36.502634583176203 ], [ 136.498380989193578, 36.50250015715968 ], [ 136.498356460807003, 36.502366774065933 ], [ 136.498322255840492, 36.502234948627802 ], [ 136.498278503137897, 36.502105190531751 ], [ 136.498225375513556, 36.501978004417815 ], [ 136.498163076458866, 36.501853881468982 ], [ 136.498091847300373, 36.501733299411164 ], [ 136.49801196413199, 36.501616725877483 ], [ 136.497923734747246, 36.501504613361845 ], [ 136.497827501707121, 36.50139739417255 ], [ 136.497723638249653, 36.501295482114458 ], [ 136.497612544199711, 36.501199274171057 ], [ 136.497494649036696, 36.50110914209386 ], [ 136.49737041087198, 36.501025432402365 ], [ 136.497240308268289, 36.500948471430476 ], [ 136.497104848420406, 36.500878553551544 ], [ 136.496964549771263, 36.500815952953346 ], [ 136.496819959395822, 36.50076091186309 ], [ 136.496671634594748, 36.500713640547474 ], [ 136.496520151074975, 36.500674322359046 ], [ 136.496366092723889, 36.500643110371954 ], [ 136.496210056722475, 36.500620125699804 ], [ 136.496052648432084, 36.500605455813556 ], [ 136.495894472191623, 36.500599159587864 ], [ 136.495736144610817, 36.50060125889047 ], [ 136.49557827616394, 36.500611746992845 ], [ 136.495421477325294, 36.50063058352378 ], [ 136.495266355501428, 36.500657694469396 ], [ 136.495113510940939, 36.500692975537426 ], [ 136.494963533666748, 36.500736292157185 ], [ 136.494817005521185, 36.500787474433189 ], [ 136.494674491985421, 36.500846323873688 ], [ 136.494536546269842, 36.500912613390653 ], [ 136.49440370113345, 36.500986088981932 ], [ 136.494276468883754, 36.501066463002694 ], [ 136.494155344444692, 36.50115342594038 ], [ 136.494040794108145, 36.501246641368283 ], [ 136.493933262692082, 36.501345749309834 ], [ 136.493833165359945, 36.501450364556469 ], [ 136.493740890688258, 36.501560085078275 ], [ 136.493656793508904, 36.501674481931204 ], [ 136.493581200021652, 36.501793117760563 ], [ 136.493514404726682, 36.50191552997962 ], [ 136.493456662243915, 36.502041245908877 ], [ 136.493408199583911, 36.502169779411744 ], [ 136.493369200809241, 36.502300634258845 ], [ 136.493339820328003, 36.502433302445858 ], [ 136.49332016960031, 36.502567272604196 ], [ 136.493310326341515, 36.502702023272484 ], [ 136.493310326341515, 36.50283703635359 ], [ 136.49332016960031, 36.502971787021878 ], [ 136.493339820328003, 36.503105757180215 ], [ 136.493369200809241, 36.503238425367229 ], [ 136.493408199583911, 36.503369280214329 ], [ 136.493456662243915, 36.503497813717196 ], [ 136.493514404726682, 36.503623529646454 ], [ 136.493581200021652, 36.503745941865517 ], [ 136.493656793508904, 36.503864576012738 ], [ 136.493740890688258, 36.503978974547806 ], [ 136.493833165359945, 36.504088693387473 ], [ 136.493933262692082, 36.504193310316239 ], [ 136.494040794108145, 36.504292418257791 ], [ 136.494155344444692, 36.504385633685693 ], [ 136.494276468883754, 36.504472594941248 ], [ 136.49440370113345, 36.504552970644141 ], [ 136.494536546269842, 36.50462644623542 ], [ 136.494674491985421, 36.504692735752393 ], [ 136.494817005521185, 36.504751585192885 ], [ 136.494963533666748, 36.504802767468895 ], [ 136.495113510940939, 36.504846084088648 ], [ 136.495266355501428, 36.504881363474546 ], [ 136.495421477325294, 36.504908476102301 ], [ 136.49557827616394, 36.504927312633235 ], [ 136.495736144610817, 36.504937800735604 ], [ 136.495894472191623, 36.50493990003821 ], [ 136.496052648432084, 36.504933602130386 ], [ 136.496210056722475, 36.50491893392627 ], [ 136.496366092723889, 36.504895949254127 ], [ 136.496520151074975, 36.504864737267035 ], [ 136.496671634594748, 36.5048254190786 ], [ 136.496819959395822, 36.504778147762984 ], [ 136.496964549771263, 36.504723104990596 ], [ 136.497104848420406, 36.504660504392398 ], [ 136.497240308268289, 36.504590588195605 ], [ 136.49737041087198, 36.504513627223709 ], [ 136.497494649036696, 36.504429917532214 ], [ 136.497612544199711, 36.504339785455016 ], [ 136.497723638249653, 36.504243577511623 ], [ 136.497827501707121, 36.504141665453524 ], [ 136.497923734747246, 36.504034446264235 ], [ 136.49801196413199, 36.503922333748591 ], [ 136.498091847300373, 36.50380576021491 ], [ 136.498163076458866, 36.503685178157092 ], [ 136.498225375513556, 36.503561055208259 ], [ 136.498278503137897, 36.503433867412191 ], [ 136.498322255840492, 36.503304110998272 ], [ 136.498356460807003, 36.50317228556014 ], [ 136.498380989193578, 36.503038902466393 ], [ 136.498395743856122, 36.502904476449878 ], [ 136.49840066753066, 36.502769528971967 ] ] ] } },
{ "type": "Feature", "properties": { "P12_001": 10481, "P12_002": "樹木公園", "P12_003": "17", "P12_004": "17210", "P12_005": "‐", "P12_006": "白山市三宮町ホ1", "P12_007": 4 }, "geometry": { "type": "Polygon", "coordinates": [ [ [ 136.64173196785822, 36.430533019095805 ], [ 136.641730321520498, 36.430483872201336 ], [ 136.641725390687981, 36.430434915387956 ], [ 136.641717193766851, 36.430386337054607 ], [ 136.641705761434253, 36.430338327282385 ], [ 136.641691138683257, 36.430291069423831 ], [ 136.641673383800338, 36.430244748513644 ], [ 136.641652562230007, 36.430199542857963 ], [ 136.641628755777845, 36.430155627398683 ], [ 136.641602057497693, 36.430113172031277 ], [ 136.641572571691739, 36.430072341604827 ], [ 136.641540408797539, 36.430033290875627 ], [ 136.641505695613745, 36.429996176282081 ], [ 136.641468567119631, 36.429961137441275 ], [ 136.641429165452394, 36.429928310606023 ], [ 136.641387642974962, 36.429897823618468 ], [ 136.641344162275999, 36.429869795910093 ], [ 136.641298889011807, 36.429844331773168 ], [ 136.641251999064451, 36.429821532135712 ], [ 136.641203675473974, 36.429801486150794 ], [ 136.641154103325505, 36.429784271196553 ], [ 136.641103475884819, 36.429769951194068 ], [ 136.641051987440164, 36.429758583335875 ], [ 136.640999838415325, 36.429750213039576 ], [ 136.640947230256529, 36.429744870583583 ], [ 136.640894366455228, 36.429742576153487 ], [ 136.640841450502876, 36.42974334152423 ], [ 136.640788688958594, 36.429747161649409 ], [ 136.640736285313778, 36.429754021389826 ], [ 136.640684442037355, 36.429763895513467 ], [ 136.640633359553021, 36.429776745331274 ], [ 136.640583235216752, 36.429792520379237 ], [ 136.64053426331688, 36.429811160100549 ], [ 136.640486634051427, 36.42983259384561 ], [ 136.64044053046041, 36.429856735825602 ], [ 136.640396132516145, 36.429883495205317 ], [ 136.640353609965274, 36.429912767692485 ], [ 136.640313128464101, 36.429944440584158 ], [ 136.640274843443308, 36.429978387720318 ], [ 136.640238905220656, 36.430014482940962 ], [ 136.640205452865672, 36.430052583264739 ], [ 136.640174612154482, 36.430092542346031 ], [ 136.640146505795457, 36.430134205428558 ], [ 136.640121242181038, 36.430177412709639 ], [ 136.640098918455351, 36.430221994293788 ], [ 136.640079620514314, 36.430267780285526 ], [ 136.640063423005529, 36.4303145923787 ], [ 136.640050389328309, 36.430362248902888 ], [ 136.640040570611148, 36.430410566505543 ], [ 136.640034001621473, 36.43045935846984 ], [ 136.640030712013782, 36.430508433032571 ], [ 136.640030712013782, 36.430557605159045 ], [ 136.640034001621473, 36.430606681403901 ], [ 136.640040570611148, 36.430655473368205 ], [ 136.640050389328309, 36.43070379097086 ], [ 136.640063423005529, 36.430751445812916 ], [ 136.640079620514314, 36.430798259588222 ], [ 136.640098918455351, 36.430844043897821 ], [ 136.640121242181038, 36.43088862548197 ], [ 136.640146505795457, 36.430931832763051 ], [ 136.640174612154482, 36.430973495845585 ], [ 136.640205452865672, 36.431013456609008 ], [ 136.640238905220656, 36.431051556932786 ], [ 136.640274843443308, 36.43108765215343 ], [ 136.640313128464101, 36.43112159928959 ], [ 136.640353609965274, 36.431153272181263 ], [ 136.640396132516145, 36.431182544668431 ], [ 136.64044053046041, 36.431209302366014 ], [ 136.640486634051427, 36.431233446028138 ], [ 136.64053426331688, 36.431254879773192 ], [ 136.640583235216752, 36.431273519494511 ], [ 136.640633359553021, 36.431289294542474 ], [ 136.640684442037355, 36.431302144360281 ], [ 136.640736285313778, 36.43131201680179 ], [ 136.640788688958594, 36.431318878224339 ], [ 136.640841450502876, 36.431322698349511 ], [ 136.640894366455228, 36.431323462038122 ], [ 136.640947230256529, 36.431321169290165 ], [ 136.640999838415325, 36.431315826834165 ], [ 136.641051987440164, 36.431307454855741 ], [ 136.641103475884819, 36.43129608867968 ], [ 136.641154103325505, 36.431281768677195 ], [ 136.641203675473974, 36.431264552040822 ], [ 136.641251999064451, 36.431244507738036 ], [ 136.641298889011807, 36.431221708100573 ], [ 136.641344162275999, 36.431196243963655 ], [ 136.641387642974962, 36.431168214573141 ], [ 136.641429165452394, 36.431137727585586 ], [ 136.641468567119631, 36.431104902432466 ], [ 136.641505695613745, 36.431069863591667 ], [ 136.641540408797539, 36.43103274899812 ], [ 136.641572571691739, 36.430993698268914 ], [ 136.641602057497693, 36.430952867842471 ], [ 136.641628755777845, 36.430910412475065 ], [ 136.641652562230007, 36.430866497015778 ], [ 136.641673383800338, 36.430821291360104 ], [ 136.641691138683257, 36.430774968767778 ], [ 136.641705761434253, 36.430727712591363 ], [ 136.641717193766851, 36.430679702819141 ], [ 136.641725390687981, 36.430631124485792 ], [ 136.641730321520498, 36.430582167672412 ], [ 136.64173196785822, 36.430533019095805 ] ] ] } },
{ "type": "Feature", "properties": { "P12_001": 10543, "P12_002": "丸山公園（ホタル観賞）", "P12_003": "17", "P12_004": "17210", "P12_005": "‐", "P12_006": "白山市瀬戸", "P12_007": -1 }, "geometry": { "type": "Polygon", "coordinates": [ [ [ 136.640040563453169, 36.296172562047836 ], [ 136.640036261501194, 36.296052609107953 ], [ 136.640023370983755, 36.295933120436914 ], [ 136.640001940984263, 36.295814556939298 ], [ 136.639972055353439, 36.295697379519687 ], [ 136.63993383066429, 36.295582040671995 ], [ 136.639887413144265, 36.295468986161588 ], [ 136.639832982765739, 36.295358653343193 ], [ 136.639770751200672, 36.295251469478707 ], [ 136.639700957730469, 36.295147850055109 ], [ 136.639623873336149, 36.295048193738033 ], [ 136.63953979558562, 36.294952887418191 ], [ 136.639449050678678, 36.294862301164947 ], [ 136.639351988334283, 36.294776781497809 ], [ 136.639248985880755, 36.294696664843471 ], [ 136.639140440075238, 36.294622255668095 ], [ 136.639026772216624, 36.294553844980783 ], [ 136.638908420987377, 36.29449169855863 ], [ 136.638785845521483, 36.294436053582444 ], [ 136.638659517223687, 36.294387128729603 ], [ 136.63852992897273, 36.294345109034772 ], [ 136.638397578760191, 36.294310159347042 ], [ 136.638262979916249, 36.294282415919227 ], [ 136.638126653951559, 36.294261983043597 ], [ 136.637989126467119, 36.29424894482684 ], [ 136.637850930221902, 36.294243348368688 ], [ 136.63771260104258, 36.294245213854737 ], [ 136.637574672710684, 36.294254536238597 ], [ 136.637437680030359, 36.294271280195453 ], [ 136.637302152692854, 36.294295378439976 ], [ 136.63716861323141, 36.294326741819084 ], [ 136.637037581111599, 36.294365244172766 ], [ 136.636909560460452, 36.294410739155403 ], [ 136.636785048246963, 36.294463050142987 ], [ 136.636664527124196, 36.294521973597362 ], [ 136.636548460316362, 36.294587285794762 ], [ 136.636437299799354, 36.294658727686645 ], [ 136.636331475052629, 36.294736028449499 ], [ 136.636231394081591, 36.294818886981446 ], [ 136.636137444440266, 36.294906981994977 ], [ 136.636049991186155, 36.29499997369912 ], [ 136.635969370744789, 36.295097502117315 ], [ 136.635895896022589, 36.295199188769523 ], [ 136.635829852316562, 36.295304641718644 ], [ 136.635771492201513, 36.295413452206219 ], [ 136.635721044733145, 36.295525199698893 ], [ 136.635678703177149, 36.29563945357048 ], [ 136.635644631144743, 36.295755768055606 ], [ 136.635618960547475, 36.295873695706753 ], [ 136.635601792619752, 36.295992777301485 ], [ 136.635593191783471, 36.296112556981626 ], [ 136.635593191783471, 36.296232567114046 ], [ 136.635601792619752, 36.29635234679418 ], [ 136.635618960547475, 36.296471430071044 ], [ 136.635644631144743, 36.296589357722198 ], [ 136.635678703177149, 36.296705672207324 ], [ 136.635721044733145, 36.296819924396779 ], [ 136.635771492201513, 36.296931671889446 ], [ 136.635829852316562, 36.297040482377028 ], [ 136.635895896022589, 36.297145935326142 ], [ 136.635969370744789, 36.29724762197835 ], [ 136.636049991186155, 36.297345150396552 ], [ 136.636137444440266, 36.297438142100695 ], [ 136.636231394081591, 36.297526238796358 ], [ 136.636331475052629, 36.297609095646166 ], [ 136.636437299799354, 36.297686396409027 ], [ 136.636548460316362, 36.297757839983035 ], [ 136.636664527124196, 36.29782315049831 ], [ 136.636785048246963, 36.297882073952678 ], [ 136.636909560460452, 36.297934386622394 ], [ 136.637037581111599, 36.297979881605038 ], [ 136.63716861323141, 36.29801838395872 ], [ 136.637302152692854, 36.298049745655696 ], [ 136.637437680030359, 36.298073843900212 ], [ 136.637574672710684, 36.298090587857075 ], [ 136.63771260104258, 36.298099910240929 ], [ 136.637850930221902, 36.298101777409116 ], [ 136.637989126467119, 36.298096180950964 ], [ 136.638126653951559, 36.298083141052068 ], [ 136.638262979916249, 36.298062708176445 ], [ 136.638397578760191, 36.298034966430762 ], [ 136.63852992897273, 36.2980000150609 ], [ 136.638659517223687, 36.297957997048201 ], [ 136.638785845521483, 36.297909070513221 ], [ 136.638908420987377, 36.297853425537042 ], [ 136.639026772216624, 36.297791279114882 ], [ 136.639140440075238, 36.29772286842757 ], [ 136.639248985880755, 36.297648459252201 ], [ 136.639351988334283, 36.297568342597863 ], [ 136.639449050678678, 36.297482822930725 ], [ 136.63953979558562, 36.297392236677481 ], [ 136.639623873336149, 36.297296930357639 ], [ 136.639700957730469, 36.297197275722695 ], [ 136.639770751200672, 36.297093654616965 ], [ 136.639832982765739, 36.296986470752479 ], [ 136.639887413144265, 36.296876139616209 ], [ 136.63993383066429, 36.296763083423677 ], [ 136.639972055353439, 36.296647744575985 ], [ 136.640001940984263, 36.296530567156374 ], [ 136.640023370983755, 36.296412005340891 ], [ 136.640036261501194, 36.296292514987719 ], [ 136.640040563453169, 36.296172562047836 ] ] ] } },
{ "type": "Feature", "properties": { "P12_001": 10562, "P12_002": "辰口丘陵公園", "P12_003": "17", "P12_004": "17211", "P12_005": "‐", "P12_006": "能美市徳山町子1-1", "P12_007": 4 }, "geometry": { "type": "Polygon", "coordinates": [ [ [ 136.546673277793303, 36.441658971352304 ], [ 136.546842443593562, 36.44163463929123 ], [ 136.547743888131919, 36.44150205521089 ], [ 136.548413276769878, 36.44144333361254 ], [ 136.548722222776291, 36.441417972085759 ], [ 136.549020471677892, 36.441392026858658 ], [ 136.54933980597292, 36.441365111040525 ], [ 136.550097611125949, 36.441283138992937 ], [ 136.550125500700119, 36.44126841696054 ], [ 136.550178222364195, 36.441233193085054 ], [ 136.550253359785216, 36.441179945149109 ], [ 136.550269777146582, 36.441164890054281 ], [ 136.550262306250147, 36.441166027176529 ], [ 136.5502548333086, 36.44115075004008 ], [ 136.550261861432205, 36.441121501102785 ], [ 136.550514667323029, 36.440919749375063 ], [ 136.550744417328048, 36.440739527274005 ], [ 136.550827471486031, 36.440674248719269 ], [ 136.550867750518307, 36.440642639748674 ], [ 136.550916249990848, 36.440604139077124 ], [ 136.550925000122334, 36.440597249058307 ], [ 136.551042750080398, 36.44050402690187 ], [ 136.551074499856355, 36.440478973205522 ], [ 136.551107167900142, 36.44045236017142 ], [ 136.55114200072461, 36.440421723473982 ], [ 136.551190249667485, 36.440372778435538 ], [ 136.551218471576931, 36.440341721204724 ], [ 136.551244472464305, 36.44031158410094 ], [ 136.551281582552178, 36.440260139412111 ], [ 136.551302249714439, 36.440228249525212 ], [ 136.55132452742447, 36.440189526812041 ], [ 136.551346749915723, 36.440144472548383 ], [ 136.551358694555887, 36.440114362358727 ], [ 136.551371110600826, 36.440080694456725 ], [ 136.551381999948745, 36.440043998714422 ], [ 136.55140633302446, 36.439943526562601 ], [ 136.551426167814753, 36.439860193669013 ], [ 136.551443500376251, 36.439786194934214 ], [ 136.551479859897739, 36.439630193873427 ], [ 136.551511361189171, 36.439497695581899 ], [ 136.551533860796894, 36.439401914900408 ], [ 136.551574833131639, 36.439228833456056 ], [ 136.551605528637907, 36.439098306624992 ], [ 136.551627167241662, 36.439011806274024 ], [ 136.551649610608024, 36.438924054415729 ], [ 136.551663527785735, 36.438870582756032 ], [ 136.551683749107468, 36.438795527641396 ], [ 136.551694223292003, 36.438756471865787 ], [ 136.551700111250057, 36.438729556047655 ], [ 136.551706361197887, 36.438672805909768 ], [ 136.551710083352702, 36.438610080833683 ], [ 136.551709748972314, 36.438569361428051 ], [ 136.551704417292314, 36.438509470746915 ], [ 136.551697693894567, 36.438470167697687 ], [ 136.551688139000504, 36.438425944407975 ], [ 136.551666917605274, 36.438358331051944 ], [ 136.551642944474196, 36.438300443791803 ], [ 136.55162680627447, 36.438268278035018 ], [ 136.551593694435297, 36.438208528653099 ], [ 136.551530806380299, 36.438105999252009 ], [ 136.551423028524852, 36.437928443332545 ], [ 136.551364222569305, 36.437831527210946 ], [ 136.551334610987254, 36.43778252666209 ], [ 136.551327166677652, 36.437749333121737 ], [ 136.551047556159403, 36.437280583072095 ], [ 136.550935721768781, 36.437092750999078 ], [ 136.550899944089622, 36.437032722383002 ], [ 136.550850055967032, 36.436952499754248 ], [ 136.550806583448633, 36.436879387503808 ], [ 136.550780806504065, 36.436839581496663 ], [ 136.550737831977244, 36.436772222142793 ], [ 136.550718749798477, 36.436745082600901 ], [ 136.550703055394109, 36.436724917184506 ], [ 136.550677194598819, 36.43669502735434 ], [ 136.55063630509224, 36.436648861200432 ], [ 136.55059527753869, 36.436601527645877 ], [ 136.550516582596629, 36.436510527587792 ], [ 136.550429917743998, 36.43641311187254 ], [ 136.550218250866834, 36.436169861911374 ], [ 136.550005917274063, 36.435925693505318 ], [ 136.549999999661452, 36.435919000296117 ], [ 136.549930305380542, 36.435840056088828 ], [ 136.549858028087812, 36.435757471744651 ], [ 136.549846750163283, 36.435744640430308 ], [ 136.549711222825749, 36.435589278580252 ], [ 136.54968130651784, 36.435551723267729 ], [ 136.549649750007632, 36.435508556357853 ], [ 136.549625055964697, 36.435473028016197 ], [ 136.549596721572584, 36.435429083960642 ], [ 136.549567890211421, 36.435381526682335 ], [ 136.549541389287299, 36.435331444521637 ], [ 136.54944830576278, 36.435141972368463 ], [ 136.549321082716233, 36.434883916268227 ], [ 136.549289416791026, 36.434869443191594 ], [ 136.549288750075391, 36.4348691673217 ], [ 136.54922005586792, 36.434670083457711 ], [ 136.549209222761363, 36.434645416652067 ], [ 136.549207639822981, 36.434645778310767 ], [ 136.549205250076909, 36.434639638523493 ], [ 136.549196082736842, 36.434613694978523 ], [ 136.549192471019609, 36.434603528163649 ], [ 136.54910919291882, 36.434629389284076 ], [ 136.54910133242322, 36.434632889803893 ], [ 136.549084888475051, 36.434641250007388 ], [ 136.549062138337689, 36.434653862644367 ], [ 136.549013361748678, 36.434688667668617 ], [ 136.548972418045878, 36.434718083137135 ], [ 136.548944943635121, 36.434735610968204 ], [ 136.548908083054329, 36.434755609853383 ], [ 136.548878750633889, 36.434769694357179 ], [ 136.54884586069241, 36.434783415520137 ], [ 136.548820472324451, 36.434792472126901 ], [ 136.548787138587585, 36.434803473279992 ], [ 136.548759971970412, 36.434811527335192 ], [ 136.548643278327148, 36.43484255596973 ], [ 136.548470499787101, 36.434889167889018 ], [ 136.548370889198253, 36.434916332662908 ], [ 136.548256528037172, 36.43494933275791 ], [ 136.548175583441093, 36.434974887730043 ], [ 136.548096056127065, 36.435001500764145 ], [ 136.54797627739012, 36.435045417905563 ], [ 136.547879165962343, 36.435082833601001 ], [ 136.547820416248129, 36.435106777089246 ], [ 136.547783471816615, 36.435122557183604 ], [ 136.54773099965962, 36.43514524916452 ], [ 136.547661360597488, 36.435177889282954 ], [ 136.547587471734431, 36.435212359562641 ], [ 136.547526333296702, 36.435240888546801 ], [ 136.547495555984852, 36.435255333027165 ], [ 136.5474740830374, 36.435263970782685 ], [ 136.547460193469107, 36.435269306510143 ], [ 136.547441860834141, 36.435275693571043 ], [ 136.547410777773848, 36.435285806557651 ], [ 136.547377807049344, 36.435294639440656 ], [ 136.547341166321104, 36.435302109795529 ], [ 136.547306416324801, 36.435308693666052 ], [ 136.547274499869957, 36.435312416227482 ], [ 136.547240332738539, 36.435315556770732 ], [ 136.547199499473294, 36.43531716825462 ], [ 136.54702963934804, 36.435316194299325 ], [ 136.546702305487912, 36.435313943604704 ], [ 136.546547722558444, 36.435312416227482 ], [ 136.546492971092931, 36.435311861123431 ], [ 136.546392248970477, 36.435311083977751 ], [ 136.546312805507199, 36.435316165703057 ], [ 136.546266583298063, 36.435321417323841 ], [ 136.546218028606745, 36.435328554616284 ], [ 136.54616083319894, 36.435339972938479 ], [ 136.546125944133109, 36.435348889928164 ], [ 136.546069609729244, 36.435365805462638 ], [ 136.546041971707268, 36.43537530615265 ], [ 136.546021944673811, 36.43538349982493 ], [ 136.545994860884804, 36.435395609503992 ], [ 136.545965082623837, 36.435409251606679 ], [ 136.545934972027624, 36.435423889532395 ], [ 136.545904387981494, 36.435440916087686 ], [ 136.545880527333111, 36.435454221763671 ], [ 136.545852277814276, 36.435472111253439 ], [ 136.545829389629972, 36.43548713943413 ], [ 136.545789028792058, 36.435514860994211 ], [ 136.545766832887665, 36.435529083432954 ], [ 136.545759527647562, 36.435533806863823 ], [ 136.545727472123218, 36.435553028603323 ], [ 136.545698111070806, 36.435570359624776 ], [ 136.545673694144341, 36.435584388618167 ], [ 136.545650057438792, 36.435597334317585 ], [ 136.545651916471058, 36.435600944176073 ], [ 136.545563832291265, 36.435669055443618 ], [ 136.545423943692668, 36.43572808319027 ], [ 136.545402582205384, 36.435734751167466 ], [ 136.545032610243965, 36.435891250139768 ], [ 136.544940361136554, 36.435931695357645 ], [ 136.544796443612171, 36.436007806852118 ], [ 136.54479358348388, 36.436003916077333 ], [ 136.544778083367845, 36.435986721308694 ], [ 136.544770471356742, 36.435990998974184 ], [ 136.544731138201712, 36.436013971871397 ], [ 136.544715110439512, 36.436022972967756 ], [ 136.544714333286322, 36.436023417050997 ], [ 136.544686221814459, 36.436038054976713 ], [ 136.544673806792076, 36.436043779277014 ], [ 136.544657916054291, 36.436051083100672 ], [ 136.544629693122289, 36.436062637675683 ], [ 136.544605223022188, 36.436071250199205 ], [ 136.544582970876405, 36.436078167132159 ], [ 136.544554583310628, 36.436085333020863 ], [ 136.544533556203731, 36.436090167472543 ], [ 136.544513806286744, 36.436094027968927 ], [ 136.54449502781128, 36.436097277850848 ], [ 136.544478943807746, 36.436099806097502 ], [ 136.544457277594574, 36.43610219472707 ], [ 136.544429499480543, 36.43610477680199 ], [ 136.544397805945948, 36.436105693564748 ], [ 136.544360555765991, 36.436105500119396 ], [ 136.544334805408255, 36.43610400133845 ], [ 136.544313749669385, 36.436102443682827 ], [ 136.544283555222421, 36.436098971759286 ], [ 136.544257471506853, 36.436094583072979 ], [ 136.544226082698145, 36.436088194329947 ], [ 136.5441874714775, 36.436077472411021 ], [ 136.54408452833303, 36.436048887916456 ], [ 136.543964778228059, 36.436014750699208 ], [ 136.543846916809855, 36.435981333435095 ], [ 136.543779721690015, 36.435962054503051 ], [ 136.543737082566139, 36.435949833803171 ], [ 136.54366844460003, 36.435930556553267 ], [ 136.54364727740105, 36.435924583297208 ], [ 136.543573055180161, 36.435903834180486 ], [ 136.543571472241808, 36.435907888122216 ], [ 136.543558333239872, 36.435904557497885 ], [ 136.543559805740671, 36.43590077774391 ], [ 136.543515083641722, 36.43588830472401 ], [ 136.543497138560781, 36.43588449973803 ], [ 136.543474860850779, 36.435880610645384 ], [ 136.543460056082324, 36.435878918419078 ], [ 136.543448471386768, 36.435877416273868 ], [ 136.543410222155927, 36.435876112620406 ], [ 136.543385110904438, 36.435875999917457 ], [ 136.543352971529345, 36.43587797137792 ], [ 136.543325057413483, 36.4358818066423 ], [ 136.543288305225104, 36.435889194572631 ], [ 136.543248639734799, 36.435899527918721 ], [ 136.543192443377905, 36.435923111430391 ], [ 136.543192888195847, 36.435923831383533 ], [ 136.543183389543117, 36.435928194837828 ], [ 136.54318227800951, 36.435926581671801 ], [ 136.543066277668714, 36.435982194687448 ], [ 136.543066389128853, 36.435982470557342 ], [ 136.543056305566068, 36.435986832329505 ], [ 136.54304280559694, 36.435990640679748 ], [ 136.543018193359615, 36.435998000013811 ], [ 136.543008027991249, 36.436000388643386 ], [ 136.543002443736469, 36.436001416426954 ], [ 136.542995971890946, 36.436002471124652 ], [ 136.542987917107041, 36.436003416483686 ], [ 136.542979556574721, 36.436003833652791 ], [ 136.542968055729943, 36.436004222225627 ], [ 136.54295680643736, 36.436004082608548 ], [ 136.542945083694889, 36.436003389569549 ], [ 136.542935500168852, 36.436002417296386 ], [ 136.542925138467041, 36.436001471937359 ], [ 136.54291411107215, 36.435999443284359 ], [ 136.542905444791415, 36.43599766695138 ], [ 136.542896527981014, 36.435995471767164 ], [ 136.542887860677695, 36.435992888010105 ], [ 136.542879943940761, 36.435990166318106 ], [ 136.542870721381917, 36.435986581691616 ], [ 136.542860167436942, 36.435982305708258 ], [ 136.542849388526577, 36.435976667196769 ], [ 136.542838194452798, 36.435969667839274 ], [ 136.542826971747047, 36.435961390060321 ], [ 136.542815777673241, 36.435952942385882 ], [ 136.542812028931621, 36.435949971738118 ], [ 136.542809581921631, 36.435947334152793 ], [ 136.542807472359698, 36.435945249989388 ], [ 136.54280527690193, 36.43594308340144 ], [ 136.542801612011033, 36.435939722498702 ], [ 136.542796082975059, 36.435934193325892 ], [ 136.542776722657237, 36.435910110220568 ], [ 136.542731806269984, 36.435924749828423 ], [ 136.542729609789632, 36.435920416652529 ], [ 136.542639361851712, 36.436075500950558 ], [ 136.542750083686173, 36.43632977729682 ], [ 136.542852833564922, 36.436563471057575 ], [ 136.542882306077445, 36.436631943983826 ], [ 136.542907722054792, 36.436702918242588 ], [ 136.542951027894304, 36.436822639048053 ], [ 136.543003139084078, 36.436932499186938 ], [ 136.543225889597437, 36.437445750078325 ], [ 136.543312806002319, 36.437637444329852 ], [ 136.543410917503536, 36.437852111478584 ], [ 136.543496249947452, 36.438032528707126 ], [ 136.54357711069278, 36.438202388865825 ], [ 136.543644916286922, 36.438342611514386 ], [ 136.543716667978657, 36.438480139385078 ], [ 136.54383230530712, 36.43869219418049 ], [ 136.543916083444657, 36.438844667807331 ], [ 136.5440324161207, 36.439040389086458 ], [ 136.544100221714842, 36.439152138261257 ], [ 136.54414727731853, 36.439225470871193 ], [ 136.544272388758031, 36.439412221332361 ], [ 136.544403861605502, 36.439596056656178 ], [ 136.544503111227129, 36.439726055297321 ], [ 136.544579749780922, 36.43982083510938 ], [ 136.544612889229484, 36.439863277019718 ], [ 136.544636832706033, 36.439893779146473 ], [ 136.544662667937075, 36.439926888580153 ], [ 136.544720582211596, 36.439994056170811 ], [ 136.544823389354264, 36.440110668393565 ], [ 136.54490266716121, 36.44019741770029 ], [ 136.545011222169848, 36.440308026388585 ], [ 136.545160556247509, 36.440448863015874 ], [ 136.545316194469223, 36.440597306250851 ], [ 136.545417528088507, 36.440704165463572 ], [ 136.545444667096291, 36.440729555586614 ], [ 136.545454165749021, 36.440738331277089 ], [ 136.545449582590294, 36.440741555927005 ], [ 136.545531528282368, 36.440761278942297 ], [ 136.545555083182336, 36.44078427875364 ], [ 136.545701721765482, 36.440931778311722 ], [ 136.545763777448485, 36.440983027873067 ], [ 136.545762083049993, 36.440984528336145 ], [ 136.545827137930843, 36.441037417977654 ], [ 136.54593380527524, 36.441116999713536 ], [ 136.545980278014042, 36.44114960955357 ], [ 136.546103888320772, 36.441259750608751 ], [ 136.546219000048239, 36.441359305997814 ], [ 136.546271860781815, 36.441402557014364 ], [ 136.546423389294688, 36.441508083977354 ], [ 136.546578834250681, 36.441609999399716 ], [ 136.546600832799101, 36.441620305831677 ], [ 136.546624332480263, 36.441626193298923 ], [ 136.546645833037076, 36.441628277462328 ], [ 136.546666472589948, 36.441628026824439 ], [ 136.546673277793303, 36.441658971352304 ] ] ] } },
{ "type": "Feature", "properties": { "P12_001": 10563, "P12_002": "物見山運動公園", "P12_003": "17", "P12_004": "17211", "P12_005": "‐", "P12_006": "能美市来丸町ワ42", "P12_007": 4 }, "geometry": { "type": "Polygon", "coordinates": [ [ [ 136.548068971315473, 36.449592082833789 ], [ 136.548716681469443, 36.449913930482744 ], [ 136.548743467690599, 36.44983353627638 ], [ 136.549368000272949, 36.450073137689984 ], [ 136.54970333267562, 36.450018276588018 ], [ 136.549724695185489, 36.450026667069913 ], [ 136.549741055282936, 36.450031721881082 ], [ 136.549750193991031, 36.450033306450841 ], [ 136.549778806522198, 36.450038778431114 ], [ 136.549809473396493, 36.450040916422793 ], [ 136.549842388902221, 36.450039806214683 ], [ 136.549896222099875, 36.45003252762303 ], [ 136.549999999661452, 36.450017221890313 ], [ 136.550305638676463, 36.45000119284019 ], [ 136.550327027773164, 36.450006528567648 ], [ 136.550360639649057, 36.450017332911123 ], [ 136.550419695111714, 36.450039278024761 ], [ 136.550550054380437, 36.450088360998159 ], [ 136.550717666896844, 36.450152221514351 ], [ 136.550838222787007, 36.450197528098045 ], [ 136.550863361647885, 36.450207943868676 ], [ 136.55090247290525, 36.450226694610798 ], [ 136.550929917661477, 36.450242528533437 ], [ 136.551002278804958, 36.450301832149975 ], [ 136.551002722600344, 36.450303749782165 ], [ 136.551113610091136, 36.450289443236748 ], [ 136.551269249335405, 36.450270943132516 ], [ 136.55135133307445, 36.450260751085644 ], [ 136.551400361215684, 36.450253248770231 ], [ 136.551462360657354, 36.450241500749868 ], [ 136.551526971742788, 36.45022622361342 ], [ 136.551525972691906, 36.450223888812118 ], [ 136.551536500050048, 36.450220971992636 ], [ 136.551537582951681, 36.450223666770498 ], [ 136.551545528320588, 36.450221109927583 ], [ 136.551636333559145, 36.450192194052711 ], [ 136.551658499809037, 36.450184637909032 ], [ 136.551806807226427, 36.450133943451746 ], [ 136.551924388460435, 36.450093444405596 ], [ 136.551975693865046, 36.450077665993369 ], [ 136.552042139441085, 36.450057278535347 ], [ 136.55229819403678, 36.449996417263186 ], [ 136.552403972767877, 36.44997930491909 ], [ 136.552470972576828, 36.449968389554805 ], [ 136.552548832079225, 36.449956806383526 ], [ 136.552583222130892, 36.449951554762741 ], [ 136.552582472587062, 36.449948306562952 ], [ 136.552585305105964, 36.44994283290054 ], [ 136.552605138873702, 36.449902638320559 ], [ 136.552608417233103, 36.44989644302288 ], [ 136.552642971918544, 36.449829470559706 ], [ 136.552584277423108, 36.449577027738961 ], [ 136.552544666129023, 36.449407749598457 ], [ 136.552510278122497, 36.449257417327566 ], [ 136.552492554939249, 36.449183139358603 ], [ 136.552481888511579, 36.449138305454426 ], [ 136.552451999813059, 36.449007472475067 ], [ 136.552421277719986, 36.448856887884148 ], [ 136.552400500120143, 36.448734665746166 ], [ 136.552383221754866, 36.448605610781918 ], [ 136.552375807099793, 36.448528442907602 ], [ 136.552371471402978, 36.448455667083856 ], [ 136.552369056092658, 36.44836319347683 ], [ 136.552371278137258, 36.448252445171455 ], [ 136.5523749716601, 36.448194610057456 ], [ 136.552382389382871, 36.44811552791522 ], [ 136.552389499312085, 36.448050668211728 ], [ 136.552402777383548, 36.447964221689034 ], [ 136.552419167135497, 36.447880029225225 ], [ 136.552441332362832, 36.447787304980302 ], [ 136.552462332882925, 36.447711723357884 ], [ 136.552470083963499, 36.447689139033507 ], [ 136.552495972368206, 36.447602832127892 ], [ 136.552541249722651, 36.447463916497064 ], [ 136.552578943697995, 36.44736652937808 ], [ 136.552616944444338, 36.447172860301826 ], [ 136.552600139528948, 36.447153833689804 ], [ 136.55259277804754, 36.44714038839674 ], [ 136.552584471711413, 36.447118083306528 ], [ 136.552627555653231, 36.447015111504328 ], [ 136.55274011095571, 36.446971971508589 ], [ 136.552752500413817, 36.446958778535546 ], [ 136.5527638887759, 36.446942611550476 ], [ 136.552768582372209, 36.446926249437922 ], [ 136.552769278742375, 36.446910111049121 ], [ 136.552766528029082, 36.44689269255673 ], [ 136.552765111769645, 36.44687394349674 ], [ 136.552767471861188, 36.446856390433666 ], [ 136.552776749638809, 36.446840221766465 ], [ 136.552794722329111, 36.446822917659148 ], [ 136.552817249546223, 36.446810140173085 ], [ 136.552838943368783, 36.446803499110025 ], [ 136.55286149921784, 36.446801640352511 ], [ 136.552878667145563, 36.446802806071027 ], [ 136.552900056242265, 36.446807221671463 ], [ 136.552908499602751, 36.44680916621779 ], [ 136.553234249501941, 36.446312279121088 ], [ 136.552567195391276, 36.446010998918439 ], [ 136.552118999892571, 36.44570019279378 ], [ 136.551942249690626, 36.445591942456652 ], [ 136.551523888694248, 36.445414667453491 ], [ 136.551052056489993, 36.445328056081706 ], [ 136.55043869343973, 36.445349138260859 ], [ 136.550112443503792, 36.445401444202041 ], [ 136.54972819339747, 36.445552943873587 ], [ 136.549692971996393, 36.445618557172892 ], [ 136.549601862031949, 36.445787334037611 ], [ 136.549558832286351, 36.445868025981603 ], [ 136.549442332931392, 36.446083110299448 ], [ 136.549410971732073, 36.4461418066658 ], [ 136.549348805611487, 36.446256999167879 ], [ 136.549320056055933, 36.446309944319793 ], [ 136.549002501032732, 36.446968916754152 ], [ 136.548850360000415, 36.447348443078688 ], [ 136.54875561070935, 36.447618417094773 ], [ 136.548675916716405, 36.447849888757169 ], [ 136.548662444356637, 36.447888221215372 ], [ 136.548583582735688, 36.4481143066863 ], [ 136.54851791635798, 36.448305111089205 ], [ 136.548475222015355, 36.448429444304729 ], [ 136.548416638980058, 36.448598389382802 ], [ 136.548336388709032, 36.448831026763713 ], [ 136.548260028294266, 36.449049805046727 ], [ 136.548189888172828, 36.449256276841048 ], [ 136.548115971700383, 36.449462027000102 ], [ 136.548068971315473, 36.449592082833789 ] ] ] } },
{ "type": "Feature", "properties": { "P12_001": 10580, "P12_002": "倶利迦羅不動寺（山頂堂、鳳凰殿）", "P12_003": "17", "P12_004": "17361", "P12_005": "‐", "P12_006": "津幡町字（倶利伽羅リ2、竹橋ク128）", "P12_007": 2 }, "geometry": { "type": "Polygon", "coordinates": [ [ [ 136.815260939308985, 36.663356561726751 ], [ 136.815260939308985, 36.663591044408115 ], [ 136.815619362364799, 36.663591044408115 ], [ 136.815619362364799, 36.663356561726751 ], [ 136.815260939308985, 36.663356561726751 ] ] ] } },
{ "type": "Feature", "properties": { "P12_001": 10583, "P12_002": "倶利伽羅公園", "P12_003": "17", "P12_004": "17361", "P12_005": "‐", "P12_006": "津幡町字倶利伽羅ヌ3", "P12_007": 4 }, "geometry": { "type": "Polygon", "coordinates": [ [ [ 136.816713750523633, 36.663502749220704 ], [ 136.81671178616665, 36.663445898154805 ], [ 136.816705904344019, 36.663389264084124 ], [ 136.816696125507093, 36.663333070732421 ], [ 136.816682487491022, 36.663277533412789 ], [ 136.816665044491941, 36.663222867438307 ], [ 136.816643862976974, 36.663169284757799 ], [ 136.81661902577423, 36.663116992273679 ], [ 136.816590627982777, 36.663066191841985 ], [ 136.816558779017555, 36.66301707859018 ], [ 136.816523603632135, 36.662969845963637 ], [ 136.816485236805732, 36.662924675632759 ], [ 136.816443826810996, 36.662881740857308 ], [ 136.816399536236588, 36.662841209850626 ], [ 136.816352532783981, 36.662803235686859 ], [ 136.816303000515745, 36.662767969758036 ], [ 136.816251130652489, 36.662735546634821 ], [ 136.81619712361794, 36.662706090795105 ], [ 136.816141189038945, 36.662679718306087 ], [ 136.816083542677774, 36.662656528413656 ], [ 136.816024408477233, 36.662636613635151 ], [ 136.815964013447882, 36.662620049666579 ], [ 136.81590259175826, 36.662606898746873 ], [ 136.815840382689743, 36.662597216386452 ], [ 136.815777625523708, 36.662591036227973 ], [ 136.815714564654371, 36.66258838350344 ], [ 136.815651440385722, 36.662589266623527 ], [ 136.815588500179643, 36.662593687270366 ], [ 136.815525987407824, 36.662601621894083 ], [ 136.815464141351669, 36.662613043580549 ], [ 136.815403204360223, 36.662627908594288 ], [ 136.815343410602054, 36.6626461563785 ], [ 136.815284991177947, 36.662667719647835 ], [ 136.815228174121017, 36.662692512613489 ], [ 136.815173176216149, 36.66272044107599 ], [ 136.815120213225583, 36.66275139569666 ], [ 136.81506948761816, 36.662785257044014 ], [ 136.81502119674991, 36.662821893911641 ], [ 136.814975526728574, 36.662861165000336 ], [ 136.8149326554813, 36.662902918918071 ], [ 136.81489274764192, 36.662946992497908 ], [ 136.814855959663589, 36.662993217526484 ], [ 136.814822430615862, 36.663041412333392 ], [ 136.81479229241026, 36.663091391883945 ], [ 136.814765662642316, 36.663142964414924 ], [ 136.814742641523907, 36.663195928070301 ], [ 136.814723320063763, 36.663250079311936 ], [ 136.814707771886901, 36.66330520787313 ], [ 136.81469605834755, 36.663361100122934 ], [ 136.814688223416226, 36.663417540748263 ], [ 136.814684298792571, 36.663474311071752 ], [ 136.814684298792571, 36.66353119073392 ], [ 136.814688223416226, 36.663587961057409 ], [ 136.81469605834755, 36.663644401682738 ], [ 136.814707771886901, 36.663700293932543 ], [ 136.814723320063763, 36.663755422493736 ], [ 136.814742641523907, 36.663809573735371 ], [ 136.814765662642316, 36.663862537390749 ], [ 136.81479229241026, 36.663914109921727 ], [ 136.814822430615862, 36.66396408947228 ], [ 136.814855959663589, 36.664012284279188 ], [ 136.81489274764192, 36.664058509307765 ], [ 136.8149326554813, 36.664102582887601 ], [ 136.814975526728574, 36.664144336805336 ], [ 136.81502119674991, 36.664183607894032 ], [ 136.81506948761816, 36.664220244761658 ], [ 136.815120213225583, 36.664254106109013 ], [ 136.815173176216149, 36.664285060729682 ], [ 136.815228174121017, 36.664312987510051 ], [ 136.815284991177947, 36.664337780475705 ], [ 136.815343410602054, 36.664359343745041 ], [ 136.815403204360223, 36.664377593211384 ], [ 136.815464141351669, 36.664392456542991 ], [ 136.815525987407824, 36.66440387822945 ], [ 136.815588500179643, 36.664411814535306 ], [ 136.815651440385722, 36.664416233500013 ], [ 136.815714564654371, 36.664417118302232 ], [ 136.815777625523708, 36.6644144655777 ], [ 136.815840382689743, 36.664408285419221 ], [ 136.81590259175826, 36.664398601376661 ], [ 136.815964013447882, 36.664385452139094 ], [ 136.816024408477233, 36.664368888170522 ], [ 136.816083542677774, 36.664348971709877 ], [ 136.816141189038945, 36.664325783499585 ], [ 136.81619712361794, 36.664299409328436 ], [ 136.816251130652489, 36.66426995348872 ], [ 136.816303000515745, 36.664237530365504 ], [ 136.816352532783981, 36.664202266118814 ], [ 136.816399536236588, 36.664164291955046 ], [ 136.816443826810996, 36.664123760948364 ], [ 136.816485236805732, 36.664080826172913 ], [ 136.816523603632135, 36.664035654159903 ], [ 136.816558779017555, 36.663988421533354 ], [ 136.816590627982777, 36.663939309963688 ], [ 136.81661902577423, 36.663888509531994 ], [ 136.816643862976974, 36.663836217047873 ], [ 136.816665044491941, 36.663782632685233 ], [ 136.816682487491022, 36.663727966710752 ], [ 136.816696125507093, 36.663672429391113 ], [ 136.816705904344019, 36.663616236039417 ], [ 136.81671178616665, 36.663559603650867 ], [ 136.816713750523633, 36.663502749220704 ] ] ] } },
{ "type": "Feature", "properties": { "P12_001": 10584, "P12_002": "石川県森林公園", "P12_003": "17", "P12_004": "17361", "P12_005": "‐", "P12_006": "津幡町字鳥越ハ2-2", "P12_007": 4 }, "geometry": { "type": "Polygon", "coordinates": [ [ [ 136.775094207691524, 36.69049602287334 ], [ 136.774876351198145, 36.688482744572532 ], [ 136.774229402858822, 36.68653064042072 ], [ 136.773173019536642, 36.68469902076297 ], [ 136.77173929765874, 36.683043538986148 ], [ 136.769971801774858, 36.681614499292557 ], [ 136.767924235216242, 36.680455319229971 ], [ 136.76565881318686, 36.679601220991749 ], [ 136.763244368963655, 36.679078156533521 ], [ 136.760754263763573, 36.678902016970468 ], [ 136.758264158563492, 36.679078156533521 ], [ 136.755849714340258, 36.679601220991749 ], [ 136.753584291288291, 36.680455319229971 ], [ 136.751536724729704, 36.681614499292557 ], [ 136.749769228845821, 36.683043538986148 ], [ 136.748335507990504, 36.68469902076297 ], [ 136.74727912364574, 36.68653064042072 ], [ 136.746632175306388, 36.688482744572532 ], [ 136.746414319835623, 36.69049602287334 ], [ 136.746632175306388, 36.692509301174155 ], [ 136.74727912364574, 36.694461407008106 ], [ 136.748335507990504, 36.696293026665849 ], [ 136.749769228845821, 36.69794850676054 ], [ 136.751536724729704, 36.699377548136262 ], [ 136.753584291288291, 36.700536728198848 ], [ 136.755849714340258, 36.70139082643707 ], [ 136.758264158563492, 36.701913890895298 ], [ 136.760754263763573, 36.702090030458351 ], [ 136.763244368963655, 36.701913890895298 ], [ 136.76565881318686, 36.70139082643707 ], [ 136.767924235216242, 36.700536728198848 ], [ 136.769971801774858, 36.699377548136262 ], [ 136.77173929765874, 36.69794850676054 ], [ 136.773173019536642, 36.696293026665849 ], [ 136.774229402858822, 36.694461407008106 ], [ 136.774876351198145, 36.692509301174155 ], [ 136.775094207691524, 36.69049602287334 ] ] ] } },
{ "type": "Feature", "properties": { "P12_001": 10601, "P12_002": "松尾神社", "P12_003": "17", "P12_004": "17384", "P12_005": "‐", "P12_006": "志賀町町居力4", "P12_007": 2 }, "geometry": { "type": "Polygon", "coordinates": [ [ [ 136.771959774999004, 37.10462147010778 ], [ 136.771959774999004, 37.105070335657317 ], [ 136.77263642286141, 37.105070335657317 ], [ 136.77263642286141, 37.10462147010778 ], [ 136.771959774999004, 37.10462147010778 ] ] ] } },
{ "type": "Feature", "properties": { "P12_001": 10639, "P12_002": "碁石ヶ峰県立自然公園", "P12_003": "17", "P12_004": "17407", "P12_005": "‐", "P12_006": "中能登町高畠原山", "P12_007": 1 }, "geometry": { "type": "Polygon", "coordinates": [ [ [ 136.892749411357613, 36.920328252733242 ], [ 136.89274604096687, 36.920230372749145 ], [ 136.892735945133268, 36.920132872927219 ], [ 136.892719162714428, 36.920036128383231 ], [ 136.892695759154833, 36.919940515915094 ], [ 136.892665823418099, 36.919846402227897 ], [ 136.892629472077175, 36.919754152344623 ], [ 136.892586846246701, 36.91966412287757 ], [ 136.892538110560508, 36.919576663710508 ], [ 136.892483454194007, 36.919492112952263 ], [ 136.892423085751489, 36.919410796936738 ], [ 136.892357242469188, 36.91933302854077 ], [ 136.892286175899329, 36.919259112230513 ], [ 136.892210164180938, 36.919189332286528 ], [ 136.892129499769084, 36.919123957850189 ], [ 136.892044494547548, 36.919063242923635 ], [ 136.891955476761325, 36.919007423005574 ], [ 136.891862792039092, 36.918956711726949 ], [ 136.891766799302928, 36.918911307579513 ], [ 136.891667868723118, 36.918871383823024 ], [ 136.891566382740905, 36.918837098578031 ], [ 136.891462735045707, 36.918808579686669 ], [ 136.891357325462394, 36.918785943216164 ], [ 136.891250564041542, 36.918769271591046 ], [ 136.891142862878866, 36.918758630414523 ], [ 136.891034637137778, 36.918754063422071 ], [ 136.890926306071975, 36.918755587435022 ], [ 136.89081829098032, 36.918763192360572 ], [ 136.890711007026198, 36.918776856330993 ], [ 136.890604871418191, 36.918796518789478 ], [ 136.890500292161704, 36.918822109086413 ], [ 136.890397676239644, 36.918853526293795 ], [ 136.89029741938657, 36.918890650980138 ], [ 136.890199910179064, 36.918933333435568 ], [ 136.890105524922944, 36.918981415539527 ], [ 136.890014630720771, 36.91903470721094 ], [ 136.88992757729153, 36.91909300322952 ], [ 136.889844701060753, 36.919156078189367 ], [ 136.889766325160508, 36.919223688181134 ], [ 136.889692751249015, 36.91929557247412 ], [ 136.889624262578138, 36.919371450152042 ], [ 136.889561126038615, 36.919451030205792 ], [ 136.889503586024716, 36.919534004804945 ], [ 136.889451864434108, 36.919620050979873 ], [ 136.889406161690545, 36.919708839032403 ], [ 136.889366654698591, 36.919800020760903 ], [ 136.88933349479862, 36.919893247963742 ], [ 136.889306812879624, 36.919988157300075 ], [ 136.88928671017598, 36.920084383746946 ], [ 136.889273264403073, 36.920181552188573 ], [ 136.889266528734481, 36.920279287509189 ], [ 136.889266528734481, 36.920377214593024 ], [ 136.889273264403073, 36.920474951595779 ], [ 136.88928671017598, 36.920572118355274 ], [ 136.889306812879624, 36.920668344802138 ], [ 136.88933349479862, 36.920763254138478 ], [ 136.889366654698591, 36.92085648134131 ], [ 136.889406161690545, 36.920947664751949 ], [ 136.889451864434108, 36.92103645112234 ], [ 136.889503586024716, 36.9211224989794 ], [ 136.889561126038615, 36.921205471896421 ], [ 136.889624262578138, 36.921285051950179 ], [ 136.889692751249015, 36.921360931310225 ], [ 136.889766325160508, 36.921432813921079 ], [ 136.889844701060753, 36.921500423912846 ], [ 136.88992757729153, 36.9215634988727 ], [ 136.890014630720771, 36.921621796573405 ], [ 136.890105524922944, 36.921675086562686 ], [ 136.890199910179064, 36.921723168666652 ], [ 136.89029741938657, 36.921765852804214 ], [ 136.890397676239644, 36.921802975808426 ], [ 136.890500292161704, 36.921834393015807 ], [ 136.890604871418191, 36.921859983312743 ], [ 136.890711007026198, 36.92187964577122 ], [ 136.89081829098032, 36.921893309741641 ], [ 136.890926306071975, 36.92190091634933 ], [ 136.891034637137778, 36.921902438680149 ], [ 136.891142862878866, 36.92189787168769 ], [ 136.891250564041542, 36.921887232193306 ], [ 136.891357325462394, 36.921870560568188 ], [ 136.891462735045707, 36.921847922415544 ], [ 136.891566382740905, 36.921819405206321 ], [ 136.891667868723118, 36.921785118279189 ], [ 136.891766799302928, 36.9217451945227 ], [ 136.891862792039092, 36.921699790375264 ], [ 136.891955476761325, 36.921649079096646 ], [ 136.892044494547548, 36.921593259178579 ], [ 136.892129499769084, 36.921532544252031 ], [ 136.892210164180938, 36.921467169815685 ], [ 136.892286175899329, 36.921397389871707 ], [ 136.892357242469188, 36.921323473561451 ], [ 136.892423085751489, 36.921245706847607 ], [ 136.892483454194007, 36.921164390832089 ], [ 136.892538110560508, 36.921079838391712 ], [ 136.892586846246701, 36.920992379224643 ], [ 136.892629472077175, 36.920902351439722 ], [ 136.892665823418099, 36.920810099874316 ], [ 136.892695759154833, 36.920715986187126 ], [ 136.892719162714428, 36.920620373718982 ], [ 136.892735945133268, 36.920523629175001 ], [ 136.89274604096687, 36.920426129353075 ], [ 136.892749411357613, 36.920328252733242 ] ] ] } },
{ "type": "Feature", "properties": { "P12_001": 10650, "P12_002": "来迎寺", "P12_003": "17", "P12_004": "17461", "P12_005": "‐", "P12_006": "穴水町字大町ヨ109", "P12_007": 2 }, "geometry": { "type": "Polygon", "coordinates": [ [ [ 136.896032417335675, 37.228544862395772 ], [ 136.895986721750091, 37.228585223506968 ], [ 136.896080139654998, 37.228640056012672 ], [ 136.896067444448448, 37.228650138720866 ], [ 136.896077528011233, 37.228660278621604 ], [ 136.896069917022714, 37.228666332620072 ], [ 136.896148193733666, 37.228713057242302 ], [ 136.896165944526274, 37.228698917228101 ], [ 136.896201278410075, 37.22872327788545 ], [ 136.896186056433038, 37.228741443245113 ], [ 136.896231500466399, 37.228767859469599 ], [ 136.896244194650393, 37.22875574979053 ], [ 136.89631230599295, 37.228810530150092 ], [ 136.8964011110846, 37.228737887214898 ], [ 136.896590472642345, 37.228853638185299 ], [ 136.896636166182788, 37.228807223075634 ], [ 136.896446805647628, 37.228697527785833 ], [ 136.896456944429161, 37.228685418106764 ], [ 136.896431722740118, 37.228667166958289 ], [ 136.896454610924422, 37.228636861641156 ], [ 136.896411667074716, 37.228616528011408 ], [ 136.896378666695682, 37.228648833385272 ], [ 136.89628527742272, 37.228581859239974 ], [ 136.896313222215667, 37.228551555604966 ], [ 136.89621474974723, 37.228500750126869 ], [ 136.896120778631939, 37.228601694958201 ], [ 136.896032417335675, 37.228544862395772 ] ] ] } },
{ "type": "Feature", "properties": { "P12_001": 10675, "P12_002": "柳田植物公園", "P12_003": "17", "P12_004": "17463", "P12_005": "‐", "P12_006": "能登町字上町ロ1-1", "P12_007": 4 }, "geometry": { "type": "Polygon", "coordinates": [ [ [ 137.137107516004647, 37.335134861425033 ], [ 137.137105785816203, 37.335089045154895 ], [ 137.137100601386294, 37.33504340550877 ], [ 137.13709198521147, 37.33499812247495 ], [ 137.13707996694626, 37.334953367631051 ], [ 137.137064596696604, 37.334909314236818 ], [ 137.137045931726391, 37.334866133869873 ], [ 137.13702404463811, 37.334823991379295 ], [ 137.136999021327654, 37.334783054978438 ], [ 137.136970956894004, 37.334743477741455 ], [ 137.136939960752159, 37.334705414424612 ], [ 137.136906151520236, 37.334669013055674 ], [ 137.136869662132369, 37.334634413251713 ], [ 137.136830632680613, 37.334601751265545 ], [ 137.136789215527898, 37.334571148210777 ], [ 137.136745568150019, 37.334542728565296 ], [ 137.136699860293589, 37.334516601667772 ], [ 137.136652270908343, 37.334492863399824 ], [ 137.136602982011794, 37.334471611325185 ], [ 137.136552184824467, 37.334452922821995 ], [ 137.13650007670239, 37.334436873586277 ], [ 137.136446856024179, 37.334423525856948 ], [ 137.136392733439209, 37.334412930098033 ], [ 137.136337915506658, 37.334405126680728 ], [ 137.136282614921072, 37.334400145883436 ], [ 137.136227045399551, 37.334398007891757 ], [ 137.136171421681837, 37.334398721116358 ], [ 137.136115959530173, 37.334402282192983 ], [ 137.136060873684272, 37.334408675982417 ], [ 137.136006376838679, 37.334417880616925 ], [ 137.135952679642855, 37.334429859089582 ], [ 137.135899990701034, 37.334444565982771 ], [ 137.135848512482085, 37.334461940739693 ], [ 137.135798444387177, 37.334481921121402 ], [ 137.135749982749729, 37.334504428067632 ], [ 137.135703310609813, 37.334529372425308 ], [ 137.135658613052527, 37.334556659994945 ], [ 137.135616059824542, 37.334586184802134 ], [ 137.135575815559633, 37.334617832461802 ], [ 137.135538038756124, 37.334651480178202 ], [ 137.135502872573824, 37.334686996744921 ], [ 137.135470454037119, 37.334724247591282 ], [ 137.135440909944663, 37.334763086371659 ], [ 137.135414352779208, 37.334803363376189 ], [ 137.135390885820271, 37.33484492216644 ], [ 137.135370600076612, 37.334887604621869 ], [ 137.135353574286114, 37.334931240846991 ], [ 137.135339872870674, 37.334975667674861 ], [ 137.135329552071681, 37.33502071016359 ], [ 137.135322648701589, 37.335066191689158 ], [ 137.135319189347285, 37.335111940673961 ], [ 137.135319189347285, 37.335157778811833 ], [ 137.135322648701589, 37.335203527796637 ], [ 137.135329552071681, 37.335249011004343 ], [ 137.135339872870674, 37.335294053493072 ], [ 137.135353574286114, 37.335338478638803 ], [ 137.135370600076612, 37.335382116546064 ], [ 137.135390885820271, 37.335424797319355 ], [ 137.135414352779208, 37.335466357791745 ], [ 137.135440909944663, 37.335506634796268 ], [ 137.135470454037119, 37.335545473576651 ], [ 137.135502872573824, 37.335582724423006 ], [ 137.135538038756124, 37.335618240989724 ], [ 137.135575815559633, 37.335651888706124 ], [ 137.135616059824542, 37.335683536365792 ], [ 137.135658613052527, 37.335713061172989 ], [ 137.135703310609813, 37.335740347060486 ], [ 137.135749982749729, 37.335765293100295 ], [ 137.135798444387177, 37.335787800046525 ], [ 137.135848512482085, 37.335807778746101 ], [ 137.135899990701034, 37.335825155185162 ], [ 137.135952679642855, 37.335839860396213 ], [ 137.136006376838679, 37.335851838868869 ], [ 137.136060873684272, 37.335861043503378 ], [ 137.136115959530173, 37.335867438974951 ], [ 137.136171421681837, 37.335871000051569 ], [ 137.136227045399551, 37.33587171327617 ], [ 137.136282614921072, 37.335869575284491 ], [ 137.136337915506658, 37.335864594487198 ], [ 137.136392733439209, 37.335856791069894 ], [ 137.136446856024179, 37.335846193628846 ], [ 137.13650007670239, 37.335832845899525 ], [ 137.136552184824467, 37.335816796663799 ], [ 137.136602982011794, 37.335798109842749 ], [ 137.136652270908343, 37.335776856085971 ], [ 137.136699860293589, 37.335753119500154 ], [ 137.136745568150019, 37.335726990920499 ], [ 137.136789215527898, 37.335698571275017 ], [ 137.136830632680613, 37.335667969902389 ], [ 137.136869662132369, 37.335635307916213 ], [ 137.136906151520236, 37.335600708112253 ], [ 137.136939960752159, 37.335564306743315 ], [ 137.136970956894004, 37.335526243426479 ], [ 137.136999021327654, 37.335486666189489 ], [ 137.13702404463811, 37.3354457281065 ], [ 137.137045931726391, 37.335403587298053 ], [ 137.137064596696604, 37.335360406931109 ], [ 137.13707996694626, 37.335316353536882 ], [ 137.13709198521147, 37.335271598692977 ], [ 137.137100601386294, 37.335226313977024 ], [ 137.137105785816203, 37.335180676013039 ], [ 137.137107516004647, 37.335134861425033 ] ] ] } },
{ "type": "Feature", "properties": { "P12_001": 10687, "P12_002": "遠島山公園", "P12_003": "17", "P12_004": "17463", "P12_005": "‐", "P12_006": "能登町字イ112-5", "P12_007": 4 }, "geometry": { "type": "Polygon", "coordinates": [ [ [ 137.163630860994459, 37.299999999393449 ], [ 137.163630943822625, 37.299998583037045 ], [ 137.163633666926529, 37.299952305862327 ], [ 137.163704082119324, 37.299897971268145 ], [ 137.163941861343972, 37.299752971360441 ], [ 137.164258693410204, 37.299398054649011 ], [ 137.164315807012429, 37.299348139019529 ], [ 137.164373082180703, 37.299332000630734 ], [ 137.164429331711261, 37.299343222143307 ], [ 137.164495193399802, 37.299362721434839 ], [ 137.164569611954136, 37.299363693708003 ], [ 137.164611083303043, 37.299339333050661 ], [ 137.164685499812236, 37.2992818612775 ], [ 137.164732166839315, 37.299210444617621 ], [ 137.164737055746485, 37.299124721412326 ], [ 137.164757777104967, 37.299062388273349 ], [ 137.164790722265224, 37.299054611770181 ], [ 137.164846832726283, 37.299058499180703 ], [ 137.164893194004918, 37.299042915895953 ], [ 137.164895638969796, 37.29902149897223 ], [ 137.164894389389275, 37.298960109510148 ], [ 137.164834638579009, 37.298852972745401 ], [ 137.164737055746485, 37.298805223703873 ], [ 137.164610806186573, 37.298854611143433 ], [ 137.164526361333401, 37.298861639097197 ], [ 137.164502889261627, 37.298836417187495 ], [ 137.164466943880996, 37.298807111057656 ], [ 137.164433168393884, 37.298813583907368 ], [ 137.164422889520239, 37.298880970175375 ], [ 137.164327111523761, 37.298932221418852 ], [ 137.164191638382476, 37.298953081556391 ], [ 137.164022861158827, 37.298918917425006 ], [ 137.163911110618955, 37.298892359901302 ], [ 137.163735193811561, 37.298930305468801 ], [ 137.163626276813147, 37.298952694665687 ], [ 137.163598582549838, 37.298953444897222 ], [ 137.163548417310778, 37.298954777146953 ], [ 137.163455028037816, 37.298943611144786 ], [ 137.163366332361164, 37.298940918049048 ], [ 137.163325443877142, 37.298947332024085 ], [ 137.1632851116712, 37.298957749476848 ], [ 137.163220693851486, 37.29898544244066 ], [ 137.16314980623136, 37.299013000833789 ], [ 137.163093444218106, 37.299011140394143 ], [ 137.163039110983732, 37.298991028806014 ], [ 137.162975388511626, 37.298977223536383 ], [ 137.16295091738894, 37.298971943319323 ], [ 137.16287044317508, 37.298948583531406 ], [ 137.162829332793365, 37.298948583531406 ], [ 137.162752250444214, 37.29895683271409 ], [ 137.162669749496615, 37.298954137936228 ], [ 137.16257741756101, 37.298948556617276 ], [ 137.162531888654343, 37.298951862009602 ], [ 137.162449861156659, 37.298968192161617 ], [ 137.16238986083934, 37.298980666863656 ], [ 137.162327528039839, 37.29898397057385 ], [ 137.162278888475214, 37.298984611466715 ], [ 137.162231027086364, 37.299017056457657 ], [ 137.162212138173345, 37.29902227611791 ], [ 137.16214102763297, 37.299021889227205 ], [ 137.16211980623774, 37.299032417700779 ], [ 137.162083081658778, 37.299058250224938 ], [ 137.161990222077065, 37.299082917030589 ], [ 137.161876167686984, 37.299111471246746 ], [ 137.161797500354311, 37.299118694327994 ], [ 137.161734138849397, 37.2991338587615 ], [ 137.161684999248052, 37.29914008433758 ], [ 137.161627806907944, 37.29914152929026 ], [ 137.161608668487844, 37.299135942924906 ], [ 137.161600639268187, 37.299129473439464 ], [ 137.161599332423719, 37.2991160281464 ], [ 137.161635306436324, 37.299090389067594 ], [ 137.161670500228013, 37.299063111590755 ], [ 137.161680332238575, 37.299043805744574 ], [ 137.161681917222069, 37.299019360980552 ], [ 137.161673638495358, 37.299015833546605 ], [ 137.161648805382896, 37.299020583891611 ], [ 137.161623721740796, 37.29902574972359 ], [ 137.161587249736613, 37.299025139109126 ], [ 137.161583610409991, 37.299016667884821 ], [ 137.16161491741309, 37.298997637908535 ], [ 137.161620361575785, 37.298984638380851 ], [ 137.161619056776459, 37.298976777771003 ], [ 137.161604306204225, 37.298972029108135 ], [ 137.161584139078684, 37.29897510909457 ], [ 137.161567056024239, 37.298990278574472 ], [ 137.161546888898698, 37.299006751707836 ], [ 137.161508860542995, 37.299016249033578 ], [ 137.161460750669619, 37.29902969264451 ], [ 137.161413667456543, 37.299034029184675 ], [ 137.161397111025678, 37.299033805460923 ], [ 137.161394526991273, 37.299030081217353 ], [ 137.161397888178868, 37.299020805933232 ], [ 137.161454527308592, 37.298985388612387 ], [ 137.161485582759497, 37.29895974953358 ], [ 137.161489472615784, 37.298950028484086 ], [ 137.16148791728682, 37.298932250015127 ], [ 137.161482499710957, 37.298924194277795 ], [ 137.161468500727665, 37.298926667014037 ], [ 137.161423222350635, 37.29895044565319 ], [ 137.1613906678121, 37.298973971972323 ], [ 137.161364527855199, 37.299001249449162 ], [ 137.161328055851016, 37.299043279236791 ], [ 137.161299861550958, 37.299067057875945 ], [ 137.16122716807223, 37.299123360566327 ], [ 137.161153193313282, 37.299186888020088 ], [ 137.161128082061794, 37.299204666489047 ], [ 137.16110922178072, 37.299206945779943 ], [ 137.161091112066032, 37.299206528610831 ], [ 137.161088527009071, 37.299197640217422 ], [ 137.161112861107341, 37.299163945401283 ], [ 137.161116471802018, 37.299153807182677 ], [ 137.161113888790197, 37.299145332594101 ], [ 137.161100943054009, 37.299135222971771 ], [ 137.161089831808368, 37.299134388633554 ], [ 137.161072223152985, 37.299137500580528 ], [ 137.161023611197749, 37.299156084791434 ], [ 137.160996194050909, 37.29916477805736 ], [ 137.160949887991023, 37.299167861408066 ], [ 137.160916527667354, 37.299170332462182 ], [ 137.160863250747781, 37.299191917599252 ], [ 137.160804500011011, 37.299214444731085 ], [ 137.160740361352879, 37.299225693157801 ], [ 137.160677250377631, 37.299233333408154 ], [ 137.160606361734949, 37.299231471286369 ], [ 137.160593167514236, 37.299235390657429 ], [ 137.160592638845543, 37.299252361702308 ], [ 137.160598081985654, 37.299266002122856 ], [ 137.160608694217132, 37.299275499448598 ], [ 137.160604306369265, 37.299284971542342 ], [ 137.160520222483285, 37.299326693499538 ], [ 137.160519168213625, 37.299331472440812 ], [ 137.160534444386855, 37.299341388617798 ], [ 137.160557971677406, 37.299343666226555 ], [ 137.160576860590453, 37.299342638442987 ], [ 137.160658861501332, 37.299326111481349 ], [ 137.160686832881112, 37.299329612001159 ], [ 137.160689138776462, 37.299336029340466 ], [ 137.160684777515399, 37.299341666169823 ], [ 137.160627082070874, 37.299365027639872 ], [ 137.160602528120023, 37.299369582857388 ], [ 137.160549473098143, 37.299374111160773 ], [ 137.160474972738228, 37.29938102809372 ], [ 137.16043899974818, 37.299387637196247 ], [ 137.16040152767053, 37.299400862129822 ], [ 137.160386778120852, 37.299414082016995 ], [ 137.16037874992378, 37.299430610660771 ], [ 137.160362443, 37.299494250817474 ], [ 137.160343805639172, 37.299541027585839 ], [ 137.160326999701226, 37.29957369461841 ], [ 137.160304999107694, 37.299606778820092 ], [ 137.160268806265094, 37.299636693882256 ], [ 137.160221693397489, 37.299660861094246 ], [ 137.160172831935171, 37.299684084629348 ], [ 137.160132499729229, 37.299706638675318 ], [ 137.160116193828031, 37.299722750149982 ], [ 137.160090832046876, 37.299757277622199 ], [ 137.160062000685741, 37.299778916587549 ], [ 137.160032499541245, 37.299789778123554 ], [ 137.160007250242785, 37.299802779333376 ], [ 137.159995999927645, 37.299814278397982 ], [ 137.159966527415122, 37.299865221811032 ], [ 137.159914139108878, 37.299974806080023 ], [ 137.159899166638922, 37.299998583037045 ], [ 137.159898277003037, 37.299999999393449 ], [ 137.159212889234823, 37.299999999393449 ], [ 137.159212028230883, 37.299998583037045 ], [ 137.159192443970255, 37.299966610725612 ], [ 137.159163723046674, 37.29992566759622 ], [ 137.159122388722125, 37.299893444646891 ], [ 137.159116777880541, 37.299889082874728 ], [ 137.159009332360341, 37.299850834523205 ], [ 137.158956556500073, 37.299843056337899 ], [ 137.158891361527168, 37.299837167188514 ], [ 137.158732666843719, 37.299840390156305 ], [ 137.158617805645889, 37.299831890335724 ], [ 137.158472306205738, 37.299821861455804 ], [ 137.158365611251952, 37.299815943710151 ], [ 137.158338750383194, 37.299810056242897 ], [ 137.158333332807331, 37.29980888884225 ], [ 137.158319028075596, 37.299805723067003 ], [ 137.158294193940577, 37.299791443435723 ], [ 137.158224361612696, 37.299760944673231 ], [ 137.15816033236959, 37.299749472522763 ], [ 137.158040831771672, 37.299746056109626 ], [ 137.157928306123722, 37.299756389455716 ], [ 137.15782113772002, 37.299774443794568 ], [ 137.15776147178309, 37.299794444361886 ], [ 137.157705667070474, 37.299813082401066 ], [ 137.157668276798432, 37.299831555591162 ], [ 137.157642418048283, 37.299867943503031 ], [ 137.157624861543951, 37.299889637978779 ], [ 137.157613222652202, 37.299911778219908 ], [ 137.157586443589054, 37.299938860569263 ], [ 137.157534417272586, 37.299978860021753 ], [ 137.15751002795551, 37.299998583037045 ], [ 137.157508277315685, 37.299999999393449 ], [ 137.157485167233659, 37.300018666028897 ], [ 137.157437806904113, 37.300064556312911 ], [ 137.157398222196861, 37.300119111266582 ], [ 137.157379222846259, 37.300159556484459 ], [ 137.157366805778736, 37.300197693815171 ], [ 137.157361360593484, 37.300263973239339 ], [ 137.157356668019759, 37.300314332952063 ], [ 137.157364832218633, 37.300349388614201 ], [ 137.157371027970271, 37.300372945211734 ], [ 137.157373750051619, 37.300440220458931 ], [ 137.157376443500993, 37.300458942604791 ], [ 137.157393527577995, 37.300472889173641 ], [ 137.157407499974454, 37.300479417533751 ], [ 137.157434667614211, 37.300484056857947 ], [ 137.157471917794169, 37.300489944325193 ], [ 137.157492472473763, 37.300504639443453 ], [ 137.157521581973953, 37.30052947109818 ], [ 137.157549138190291, 37.300549000668113 ], [ 137.157585999793667, 37.30056047113645 ], [ 137.157628277950323, 37.300569889401913 ], [ 137.157650026991632, 37.300586027790715 ], [ 137.15766594431625, 37.30060247232781 ], [ 137.157672917221106, 37.300627389771343 ], [ 137.157679499504184, 37.300653138188828 ], [ 137.157683388337887, 37.300699639087306 ], [ 137.157688417337141, 37.30072516546317 ], [ 137.157697361756931, 37.300745028095534 ], [ 137.157719082166324, 37.300774806904883 ], [ 137.157760056546209, 37.300802526782832 ], [ 137.157794572374002, 37.300824641791955 ], [ 137.159896553972573, 37.30171141547342 ], [ 137.160392311247136, 37.3019124018304 ], [ 137.160904443957662, 37.302057971981355 ], [ 137.16093274971783, 37.302059859335145 ], [ 137.160955750384829, 37.302055166182676 ], [ 137.160989944103079, 37.302046193682585 ], [ 137.161016249716312, 37.302041500530123 ], [ 137.161030999265989, 37.302040555171097 ], [ 137.161059306048742, 37.302048557080155 ], [ 137.161082889580655, 37.302060806376304 ], [ 137.161095250406817, 37.302082472255783 ], [ 137.161099971612515, 37.302109332563511 ], [ 137.161106471067427, 37.302130056448235 ], [ 137.161111778205736, 37.302139471349427 ], [ 137.161130610877422, 37.302150305971303 ], [ 137.161159222386004, 37.302160556892851 ], [ 137.16117497200915, 37.302161110314778 ], [ 137.161185139422656, 37.302152945238767 ], [ 137.161191944626012, 37.302119692823737 ], [ 137.161194888605053, 37.30210508349429 ], [ 137.16120408355448, 37.302077138210457 ], [ 137.161214721350206, 37.302054526971951 ], [ 137.161224139219883, 37.302041806678417 ], [ 137.161657639365131, 37.30181844458162 ], [ 137.162278075532072, 37.30092821075155 ], [ 137.162266999053827, 37.300925527748618 ], [ 137.162214056514642, 37.300891138211348 ], [ 137.162210332314714, 37.300887138097885 ], [ 137.162198193386246, 37.300874167166462 ], [ 137.162172806040843, 37.300838110634892 ], [ 137.162157000176364, 37.300816777817843 ], [ 137.162128667829364, 37.300801500681395 ], [ 137.162094389237836, 37.300790444017899 ], [ 137.16206011064628, 37.300785444717143 ], [ 137.162023527181958, 37.3007880839846 ], [ 137.161985277951118, 37.300800721853584 ], [ 137.161922668035174, 37.300827916905881 ], [ 137.161870638650981, 37.300854777213608 ], [ 137.16184558261827, 37.300865583239215 ], [ 137.161818222735349, 37.300868360441619 ], [ 137.161791527522951, 37.300867307426053 ], [ 137.161762194079927, 37.300858361840099 ], [ 137.161730917753914, 37.300837027340918 ], [ 137.161699917521787, 37.300804639542505 ], [ 137.161677193971229, 37.300766722571282 ], [ 137.161660722413671, 37.30072608390806 ], [ 137.161654139108009, 37.300683943099614 ], [ 137.161652833286126, 37.300636611227191 ], [ 137.161660722413671, 37.300591333239772 ], [ 137.161680499940047, 37.30055263912287 ], [ 137.161692694087293, 37.300532776490506 ], [ 137.161754027835912, 37.300471053965992 ], [ 137.161803417966894, 37.30043619511347 ], [ 137.161843973093113, 37.300417777433779 ], [ 137.161890110428942, 37.300410387821309 ], [ 137.161932611505847, 37.300397667527783 ], [ 137.161955667391624, 37.300384222234719 ], [ 137.161996500656869, 37.300344360717169 ], [ 137.162056167616385, 37.300305944152299 ], [ 137.162100332414667, 37.300286443178635 ], [ 137.162135222503082, 37.300276333556297 ], [ 137.162160944228845, 37.300273445333076 ], [ 137.162191250135947, 37.300279499331545 ], [ 137.16221994345014, 37.300294529194367 ], [ 137.16225483251597, 37.300332417569322 ], [ 137.162274582432957, 37.300365693534218 ], [ 137.162295332423383, 37.300383332386097 ], [ 137.162323361067081, 37.30039597193722 ], [ 137.162352026771913, 37.300402306851979 ], [ 137.16237708178204, 37.300403610505441 ], [ 137.162402111227919, 37.300399943454408 ], [ 137.162431443648387, 37.300388859876776 ], [ 137.162444972249489, 37.300374139526518 ], [ 137.162454528166137, 37.300339638968438 ], [ 137.16246569360797, 37.300272918825293 ], [ 137.162472611294021, 37.300246583343217 ], [ 137.16248647223037, 37.300218416017756 ], [ 137.162512472095187, 37.300193804722518 ], [ 137.162543138969482, 37.300175666276992 ], [ 137.162579389075972, 37.300168806536576 ], [ 137.162629472509451, 37.300168278346661 ], [ 137.162661777540876, 37.300172500501745 ], [ 137.162691444341732, 37.300183306527344 ], [ 137.162723361819133, 37.30021016515294 ], [ 137.162734250144496, 37.300233057307743 ], [ 137.162737860839172, 37.300267556183691 ], [ 137.162740167757079, 37.300293360111581 ], [ 137.162751056082442, 37.300321360905826 ], [ 137.162770138261209, 37.300334526964733 ], [ 137.16279058250322, 37.300343470868548 ], [ 137.162815638535932, 37.300346389370169 ], [ 137.162854167950968, 37.300346389370169 ], [ 137.162882194549525, 37.300340582645326 ], [ 137.162921082886612, 37.300329806898127 ], [ 137.162983668260893, 37.300306110683515 ], [ 137.163058111356889, 37.300280555711382 ], [ 137.163082193902966, 37.300273971840859 ], [ 137.16310922349578, 37.300267665522369 ], [ 137.163146111685961, 37.300265027937044 ], [ 137.163239027509007, 37.30026372260145 ], [ 137.163288444226822, 37.300260306188306 ], [ 137.163322722818378, 37.300253444765765 ], [ 137.163374082419182, 37.300234917747396 ], [ 137.16340441695823, 37.300215692643619 ], [ 137.163437027738098, 37.300189360525813 ], [ 137.163475943684602, 37.300170416338332 ], [ 137.16354413887791, 37.300139500406736 ], [ 137.163581722415671, 37.300126083709941 ], [ 137.163598527331061, 37.30011688916823 ], [ 137.163614637921398, 37.300108056285225 ], [ 137.163625499659958, 37.300091221493155 ], [ 137.163630860994459, 37.299999999393449 ] ] ] } },
{ "type": "Feature", "properties": { "P12_001": 10707, "P12_002": "恋路海岸", "P12_003": "17", "P12_004": "17463", "P12_005": "‐", "P12_006": "能登町字恋路", "P12_007": 1 }, "geometry": { "type": "Polygon", "coordinates": [ [ [ 137.243522510590054, 37.369388727903726 ], [ 137.242611390494346, 37.369388727903726 ], [ 137.241418873450613, 37.36946912211009 ], [ 137.240628344012464, 37.369643307034011 ], [ 137.239931601626978, 37.37016586685219 ], [ 137.239650223085221, 37.370675028477038 ], [ 137.239328646294183, 37.371277977455179 ], [ 137.239261654665768, 37.371787140762159 ], [ 137.23944923797427, 37.372068516279107 ], [ 137.239744018318476, 37.372108714223351 ], [ 137.240279972819707, 37.371733542942451 ], [ 137.240387161674818, 37.371331575274887 ], [ 137.240641745814884, 37.37092960760733 ], [ 137.241177700316115, 37.370594632588535 ], [ 137.241941434330016, 37.370447245733402 ], [ 137.242678373942198, 37.370326653582786 ], [ 137.24358951142159, 37.37005867625917 ], [ 137.243857479980363, 37.369884487970978 ], [ 137.243884283585203, 37.369616510647354 ], [ 137.243790496532512, 37.36946912211009 ], [ 137.243522510590054, 37.369388727903726 ] ] ] } },
{ "type": "Feature", "properties": { "P12_001": 10709, "P12_002": "真脇遺跡公園", "P12_003": "17", "P12_004": "17463", "P12_005": "‐", "P12_006": "能登町字真脇19-39", "P12_007": 4 }, "geometry": { "type": "Polygon", "coordinates": [ [ [ 137.213238653176944, 37.308152698264159 ], [ 137.213232821460252, 37.308012751485492 ], [ 137.213215348806642, 37.307873348035947 ], [ 137.213186302705793, 37.307735024516106 ], [ 137.213145795640401, 37.307598317526562 ], [ 137.213093984063619, 37.307463755257231 ], [ 137.213031068399232, 37.307331857487362 ], [ 137.212957293041455, 37.307203135585539 ], [ 137.21287294226471, 37.307078087463282 ], [ 137.212778343291461, 37.306957199257177 ], [ 137.212673862201711, 37.30684093187179 ], [ 137.212559900865472, 37.306729742847438 ], [ 137.212436903078185, 37.306624057763898 ], [ 137.212305344334823, 37.306524287061748 ], [ 137.212165730807584, 37.306430815949554 ], [ 137.212018606503705, 37.306344006086022 ], [ 137.211864537926942, 37.306264193897846 ], [ 137.211704122258169, 37.306191688897592 ], [ 137.21153798019742, 37.30612677031943 ], [ 137.211366752896083, 37.306069688801237 ], [ 137.211191105024596, 37.306020666384647 ], [ 137.211011715569498, 37.30597989146861 ], [ 137.210829278855812, 37.305947523855799 ], [ 137.210644497389097, 37.305923688024109 ], [ 137.210458091058655, 37.305908476490863 ], [ 137.210270777708615, 37.305901946448621 ], [ 137.210083283363701, 37.305904123129366 ], [ 137.209896333026023, 37.305914999804578 ], [ 137.209710648629994, 37.305934534420913 ], [ 137.209526951087497, 37.305962649600232 ], [ 137.209345950062072, 37.305999237685988 ], [ 137.20916834499161, 37.306044157378977 ], [ 137.208994824065741, 37.306097233737304 ], [ 137.208826059112965, 37.306158264904951 ], [ 137.208662700487736, 37.306227010336826 ], [ 137.208505382183517, 37.306303205937972 ], [ 137.208354712629443, 37.306386557335031 ], [ 137.208211274690399, 37.306476739876238 ], [ 137.208075622599353, 37.306573408724212 ], [ 137.2079482829798, 37.306676185398928 ], [ 137.20782974564284, 37.306784676281147 ], [ 137.207720471767516, 37.306898459155356 ], [ 137.20762088367519, 37.307017093302576 ], [ 137.207531364829691, 37.307140122864631 ], [ 137.207452263927337, 37.307267068433475 ], [ 137.207383885694014, 37.307397442190393 ], [ 137.20732649497532, 37.307530734448932 ], [ 137.207280312646418, 37.307666435522648 ], [ 137.207245519702184, 37.307804017221613 ], [ 137.207222248054109, 37.307942949673773 ], [ 137.207210590756119, 37.308082689550019 ], [ 137.207210590756119, 37.308222703614028 ], [ 137.207222248054109, 37.308362445172406 ], [ 137.207245519702184, 37.308501377624573 ], [ 137.207280312646418, 37.308638959323538 ], [ 137.20732649497532, 37.308774658715116 ], [ 137.207383885694014, 37.308907952655787 ], [ 137.207452263927337, 37.309038326412704 ], [ 137.207531364829691, 37.309165270299417 ], [ 137.20762088367519, 37.309288299861471 ], [ 137.207720471767516, 37.309406935690831 ], [ 137.20782974564284, 37.309520718565032 ], [ 137.2079482829798, 37.30962920776512 ], [ 137.208075622599353, 37.309731986121967 ], [ 137.208211274690399, 37.309828653287809 ], [ 137.208354712629443, 37.309918837511148 ], [ 137.208505382183517, 37.310002188908207 ], [ 137.208662700487736, 37.310078384509353 ], [ 137.208826059112965, 37.310147129941235 ], [ 137.208994824065741, 37.31020815942675 ], [ 137.20916834499161, 37.310261237467209 ], [ 137.209345950062072, 37.310306157160191 ], [ 137.209526951087497, 37.310342745245947 ], [ 137.209710648629994, 37.310370860425266 ], [ 137.209896333026023, 37.310390395041601 ], [ 137.210083283363701, 37.310401271716813 ], [ 137.210270777708615, 37.310403448397565 ], [ 137.210458091058655, 37.310396918355316 ], [ 137.210644497389097, 37.310381706822078 ], [ 137.210829278855812, 37.310357869308248 ], [ 137.211011715569498, 37.310325501695438 ], [ 137.211191105024596, 37.310284728461532 ], [ 137.211366752896083, 37.310235706044942 ], [ 137.21153798019742, 37.310178624526756 ], [ 137.211704122258169, 37.310113705948588 ], [ 137.211864537926942, 37.310041200948341 ], [ 137.212018606503705, 37.309961387078033 ], [ 137.212165730807584, 37.309874578896633 ], [ 137.212305344334823, 37.309781107784431 ], [ 137.212436903078185, 37.309681337082282 ], [ 137.212559900865472, 37.309575651998742 ], [ 137.212673862201711, 37.309464461292258 ], [ 137.212778343291461, 37.30934819558901 ], [ 137.21287294226471, 37.309227305700766 ], [ 137.212957293041455, 37.309102259260641 ], [ 137.213031068399232, 37.308973537358817 ], [ 137.213093984063619, 37.308841639588948 ], [ 137.213145795640401, 37.308707075637486 ], [ 137.213186302705793, 37.308570370330074 ], [ 137.213215348806642, 37.308432046810239 ], [ 137.213232821460252, 37.308292643360687 ], [ 137.213238653176944, 37.308152698264159 ] ] ] } }
]
}
