{
"type": "FeatureCollection",
"crs": { "type": "name", "properties": { "name": "urn:ogc:def:crs:EPSG::4612" } },
"features": [
{ "type": "Feature", "properties": { "P12_001": 10001, "P12_002": "日吉大社", "P12_003": "25", "P12_004": "25201", "P12_005": "神社・寺院・教会", "P12_006": "大津市坂本5-1-1", "P12_007": 2 }, "geometry": { "type": "MultiPoint", "coordinates": [ [ 135.864984192066913, 35.073429252358153 ] ] } },
{ "type": "Feature", "properties": { "P12_001": 10002, "P12_002": "延暦寺", "P12_003": "25", "P12_004": "25201", "P12_005": "神社・寺院・教会", "P12_006": "大津市坂本本町", "P12_007": -1 }, "geometry": { "type": "MultiPoint", "coordinates": [ [ 135.84109004976608, 35.070459390588439 ] ] } },
{ "type": "Feature", "properties": { "P12_001": 10003, "P12_002": "園城寺", "P12_003": "25", "P12_004": "25201", "P12_005": "神社・寺院・教会", "P12_006": "大津市園城寺町", "P12_007": -1 }, "geometry": { "type": "MultiPoint", "coordinates": [ [ 135.852850999474072, 35.013361000409873 ] ] } },
{ "type": "Feature", "properties": { "P12_001": 10004, "P12_002": "比良八講", "P12_003": "25", "P12_004": "25201", "P12_005": "‐", "P12_006": "大津市北比良982-42", "P12_007": 2 }, "geometry": { "type": "MultiPoint", "coordinates": [ [ 135.945514722126745, 35.227991111700476 ] ] } },
{ "type": "Feature", "properties": { "P12_001": 10005, "P12_002": "比良ゴルフ倶楽部", "P12_003": "25", "P12_004": "25201", "P12_005": "‐", "P12_006": "大津市小野1611", "P12_007": 4 }, "geometry": { "type": "MultiPoint", "coordinates": [ [ 135.90559222200352, 35.14852000009796 ] ] } },
{ "type": "Feature", "properties": { "P12_001": 10006, "P12_002": "比良げんき村", "P12_003": "25", "P12_004": "25201", "P12_005": "‐", "P12_006": "大津市北小松1769-3", "P12_007": 4 }, "geometry": { "type": "MultiPoint", "coordinates": [ [ 135.963368333182075, 35.257667777845711 ] ] } },
{ "type": "Feature", "properties": { "P12_001": 10007, "P12_002": "近江舞子いちご園", "P12_003": "25", "P12_004": "25201", "P12_005": "‐", "P12_006": "大津市南小松1279-1", "P12_007": 4 }, "geometry": { "type": "MultiPoint", "coordinates": [ [ 135.954009000515043, 35.23540899962569 ] ] } },
{ "type": "Feature", "properties": { "P12_001": 10008, "P12_002": "比良とぴあ", "P12_003": "25", "P12_004": "25201", "P12_005": "‐", "P12_006": "大津市北比良1039-2", "P12_007": 3 }, "geometry": { "type": "MultiPoint", "coordinates": [ [ 135.94266479754242, 35.233237656692552 ] ] } },
{ "type": "Feature", "properties": { "P12_001": 10009, "P12_002": "ビューロッジ琵琶", "P12_003": "25", "P12_004": "25201", "P12_005": "‐", "P12_006": "大津市今堅田3-24-7", "P12_007": 6 }, "geometry": { "type": "MultiPoint", "coordinates": [ [ 135.928579166895133, 35.128921110720739 ] ] } },
{ "type": "Feature", "properties": { "P12_001": 10010, "P12_002": "川息障　明王院", "P12_003": "25", "P12_004": "25201", "P12_005": "‐", "P12_006": "大津市川坊村町155", "P12_007": 2 }, "geometry": { "type": "MultiPoint", "coordinates": [ [ 135.869150952554492, 35.247876580839602 ] ] } },
{ "type": "Feature", "properties": { "P12_001": 10011, "P12_002": "居初氏庭園", "P12_003": "25", "P12_004": "25201", "P12_005": "‐", "P12_006": "大津市本堅田2-12-5", "P12_007": 2 }, "geometry": { "type": "MultiPoint", "coordinates": [ [ 135.922579585379594, 35.113923769866119 ] ] } },
{ "type": "Feature", "properties": { "P12_001": 10012, "P12_002": "「道の駅」びわ湖大橋米プラザ", "P12_003": "25", "P12_004": "25201", "P12_005": "‐", "P12_006": "大津市今堅田3-1-1", "P12_007": 5 }, "geometry": { "type": "MultiPoint", "coordinates": [ [ 135.928213888360347, 35.12457583300835 ] ] } },
{ "type": "Feature", "properties": { "P12_001": 10013, "P12_002": "１００円商店街（堅田）", "P12_003": "25", "P12_004": "25201", "P12_005": "‐", "P12_006": "大津市堅田商店街", "P12_007": 5 }, "geometry": { "type": "MultiPoint", "coordinates": [ [ 135.916850801423379, 35.119834361666506 ] ] } },
{ "type": "Feature", "properties": { "P12_001": 10014, "P12_002": "琵琶湖グランドホテル", "P12_003": "25", "P12_004": "25201", "P12_005": "‐", "P12_006": "大津市雄琴6-5-1", "P12_007": 3 }, "geometry": { "type": "MultiPoint", "coordinates": [ [ 135.897268610657875, 35.087745277622503 ] ] } },
{ "type": "Feature", "properties": { "P12_001": 10015, "P12_002": "京近江", "P12_003": "25", "P12_004": "25201", "P12_005": "‐", "P12_006": "大津市雄琴6-5-1", "P12_007": 3 }, "geometry": { "type": "MultiPoint", "coordinates": [ [ 135.897268610657875, 35.087745277622503 ] ] } },
{ "type": "Feature", "properties": { "P12_001": 10016, "P12_002": "びわこ花街道", "P12_003": "25", "P12_004": "25201", "P12_005": "‐", "P12_006": "大津市雄琴1-1-3", "P12_007": 3 }, "geometry": { "type": "MultiPoint", "coordinates": [ [ 135.892188611115557, 35.089173055692015 ] ] } },
{ "type": "Feature", "properties": { "P12_001": 10017, "P12_002": "湯元舘", "P12_003": "25", "P12_004": "25201", "P12_005": "‐", "P12_006": "大津市苗鹿2-30-7", "P12_007": 3 }, "geometry": { "type": "MultiPoint", "coordinates": [ [ 135.89256749999015, 35.087844721956401 ] ] } },
{ "type": "Feature", "properties": { "P12_001": 10018, "P12_002": "湯の宿　木もれび", "P12_003": "25", "P12_004": "25201", "P12_005": "‐", "P12_006": "大津市苗鹿2-30-1", "P12_007": 3 }, "geometry": { "type": "MultiPoint", "coordinates": [ [ 135.892721666271996, 35.088444444755396 ] ] } },
{ "type": "Feature", "properties": { "P12_001": 10019, "P12_002": "あがりゃんせ", "P12_003": "25", "P12_004": "25201", "P12_005": "‐", "P12_006": "大津市苗鹿3-9-5", "P12_007": 3 }, "geometry": { "type": "MultiPoint", "coordinates": [ [ 135.894592776835225, 35.086019171047951 ] ] } },
{ "type": "Feature", "properties": { "P12_001": 10020, "P12_002": "坂本ケーブル", "P12_003": "25", "P12_004": "25201", "P12_005": "‐", "P12_006": "大津市坂本本町4244", "P12_007": 6 }, "geometry": { "type": "MultiPoint", "coordinates": [ [ 135.863979000030895, 35.0696800003318 ] ] } },
{ "type": "Feature", "properties": { "P12_001": 10021, "P12_002": "奥比叡ドライブウェイ", "P12_003": "25", "P12_004": "25201", "P12_005": "‐", "P12_006": "大津市坂本本町", "P12_007": 6 }, "geometry": { "type": "MultiPoint", "coordinates": [ [ 135.87059499935981, 35.10721000074102 ] ] } },
{ "type": "Feature", "properties": { "P12_001": 10022, "P12_002": "琵琶湖ホテル", "P12_003": "25", "P12_004": "25201", "P12_005": "‐", "P12_006": "大津市浜町2-40", "P12_007": 6 }, "geometry": { "type": "MultiPoint", "coordinates": [ [ 135.86824611136899, 35.010156388606504 ] ] } },
{ "type": "Feature", "properties": { "P12_001": 10023, "P12_002": "円満院門跡", "P12_003": "25", "P12_004": "25201", "P12_005": "‐", "P12_006": "大津市園城寺町33", "P12_007": 2 }, "geometry": { "type": "MultiPoint", "coordinates": [ [ 135.853360807155582, 35.014544124212023 ] ] } },
{ "type": "Feature", "properties": { "P12_001": 10024, "P12_002": "大津市歴史博物館", "P12_003": "25", "P12_004": "25201", "P12_005": "‐", "P12_006": "大津市御陵町2-2", "P12_007": 2 }, "geometry": { "type": "MultiPoint", "coordinates": [ [ 135.852825555854793, 35.015489165992278 ] ] } },
{ "type": "Feature", "properties": { "P12_001": 10025, "P12_002": "近江神宮勧学館", "P12_003": "25", "P12_004": "25201", "P12_005": "‐", "P12_006": "大津市神宮町1-1", "P12_007": 2 }, "geometry": { "type": "MultiPoint", "coordinates": [ [ 135.852873883622919, 35.033584710865739 ] ] } },
{ "type": "Feature", "properties": { "P12_001": 10026, "P12_002": "長等創作展示館／三橋節子美術館", "P12_003": "25", "P12_004": "25201", "P12_005": "‐", "P12_006": "大津市小関町1-1", "P12_007": 2 }, "geometry": { "type": "MultiPoint", "coordinates": [ [ 135.857282499687699, 35.007317777493483 ] ] } },
{ "type": "Feature", "properties": { "P12_001": 10027, "P12_002": "大津市伝統芸能会館", "P12_003": "25", "P12_004": "25201", "P12_005": "‐", "P12_006": "大津市園城寺町246-24", "P12_007": 2 }, "geometry": { "type": "MultiPoint", "coordinates": [ [ 135.854810277772117, 35.014506389558278 ] ] } },
{ "type": "Feature", "properties": { "P12_001": 10028, "P12_002": "まちなか交流館「ゆうゆうかん」", "P12_003": "25", "P12_004": "25201", "P12_005": "‐", "P12_006": "大津市長等2-9-1（菱屋町商店街内）", "P12_007": 6 }, "geometry": { "type": "MultiPoint", "coordinates": [ [ 135.861304977442842, 35.009020650982336 ] ] } },
{ "type": "Feature", "properties": { "P12_001": 10029, "P12_002": "琵琶湖汽船（株）大津港", "P12_003": "25", "P12_004": "25201", "P12_005": "‐", "P12_006": "大津市浜大津5-1-1", "P12_007": 6 }, "geometry": { "type": "MultiPoint", "coordinates": [ [ 135.866142540445935, 35.01250335024946 ] ] } },
{ "type": "Feature", "properties": { "P12_001": 10030, "P12_002": "湖の駅", "P12_003": "25", "P12_004": "25201", "P12_005": "‐", "P12_006": "大津市浜町2-1（浜大津アーカス2階）", "P12_007": 5 }, "geometry": { "type": "MultiPoint", "coordinates": [ [ 135.866815198262884, 35.010768004040187 ] ] } },
{ "type": "Feature", "properties": { "P12_001": 10031, "P12_002": "なぎさ公園おまつり広場", "P12_003": "25", "P12_004": "25201", "P12_005": "‐", "P12_006": "大津市島の関　および　中央", "P12_007": 4 }, "geometry": { "type": "MultiPoint", "coordinates": [ [ 135.871060826595908, 35.009532216838409 ] ] } },
{ "type": "Feature", "properties": { "P12_001": 10032, "P12_002": "柳が崎湖畔公園有料庭園", "P12_003": "25", "P12_004": "25201", "P12_005": "‐", "P12_006": "大津市柳が崎5-35", "P12_007": 1 }, "geometry": { "type": "MultiPoint", "coordinates": [ [ 135.868365829119739, 35.026414446769365 ] ] } },
{ "type": "Feature", "properties": { "P12_001": 10033, "P12_002": "びわ湖大津館", "P12_003": "25", "P12_004": "25201", "P12_005": "‐", "P12_006": "大津市柳が崎5-35", "P12_007": 6 }, "geometry": { "type": "MultiPoint", "coordinates": [ [ 135.867804722310098, 35.026709999966556 ] ] } },
{ "type": "Feature", "properties": { "P12_001": 10034, "P12_002": "大津市科学館", "P12_003": "25", "P12_004": "25201", "P12_005": "‐", "P12_006": "大津市本丸町6-50（生涯学習センター内）", "P12_007": 2 }, "geometry": { "type": "MultiPoint", "coordinates": [ [ 135.893751389115323, 34.994036666858733 ] ] } },
{ "type": "Feature", "properties": { "P12_001": 10035, "P12_002": "膳所焼美術館", "P12_003": "25", "P12_004": "25201", "P12_005": "‐", "P12_006": "大津市中庄1-22-28", "P12_007": 2 }, "geometry": { "type": "MultiPoint", "coordinates": [ [ 135.894896388857319, 34.988474444540032 ] ] } },
{ "type": "Feature", "properties": { "P12_001": 10036, "P12_002": "なぎさ公園打出の森", "P12_003": "25", "P12_004": "25201", "P12_005": "‐", "P12_006": "大津市打出浜", "P12_007": 1 }, "geometry": { "type": "MultiPoint", "coordinates": [ [ 135.875711025743271, 35.007770076228098 ] ] } },
{ "type": "Feature", "properties": { "P12_001": 10037, "P12_002": "なぎさ公園なぎさのプロムナード", "P12_003": "25", "P12_004": "25201", "P12_005": "‐", "P12_006": "大津市におの浜", "P12_007": 1 }, "geometry": { "type": "MultiPoint", "coordinates": [ [ 135.883335243326883, 35.006454499375707 ] ] } },
{ "type": "Feature", "properties": { "P12_001": 10038, "P12_002": "なぎさ公園市民プラザ", "P12_003": "25", "P12_004": "25201", "P12_005": "‐", "P12_006": "大津市由美浜", "P12_007": 1 }, "geometry": { "type": "MultiPoint", "coordinates": [ [ 135.891841110379005, 35.00202833124257 ] ] } },
{ "type": "Feature", "properties": { "P12_001": 10039, "P12_002": "なぎさ公園サンシャインビーチ", "P12_003": "25", "P12_004": "25201", "P12_005": "‐", "P12_006": "大津市由美浜", "P12_007": 1 }, "geometry": { "type": "MultiPoint", "coordinates": [ [ 135.892385890896207, 35.001172345727241 ] ] } },
{ "type": "Feature", "properties": { "P12_001": 10040, "P12_002": "なぎさ公園膳所晴嵐の道", "P12_003": "25", "P12_004": "25201", "P12_005": "‐", "P12_006": "大津市本丸町　および　中庄1　および　御殿浜　および　晴嵐1", "P12_007": 1 }, "geometry": { "type": "MultiPoint", "coordinates": [ [ 135.896664422724939, 34.990305020860092 ] ] } },
{ "type": "Feature", "properties": { "P12_001": 10041, "P12_002": "石山寺牛玉さん", "P12_003": "25", "P12_004": "25201", "P12_005": "‐", "P12_006": "大津市石山寺1-1-1", "P12_007": 1 }, "geometry": { "type": "MultiPoint", "coordinates": [ [ 135.90565138930026, 34.960423611460556 ] ] } },
{ "type": "Feature", "properties": { "P12_001": 10042, "P12_002": "リバーヒル大石", "P12_003": "25", "P12_004": "25201", "P12_005": "‐", "P12_006": "大津市大石淀3-16-18", "P12_007": 4 }, "geometry": { "type": "MultiPoint", "coordinates": [ [ 135.904258054365755, 34.908897010588646 ] ] } },
{ "type": "Feature", "properties": { "P12_001": 10043, "P12_002": "水のめぐみ館アクア琵琶", "P12_003": "25", "P12_004": "25201", "P12_005": "‐", "P12_006": "大津市黒津4-2-2", "P12_007": 6 }, "geometry": { "type": "MultiPoint", "coordinates": [ [ 135.911745833103737, 34.940470277681243 ] ] } },
{ "type": "Feature", "properties": { "P12_001": 10044, "P12_002": "田上市民運動広場（田上教育キャンプ場）", "P12_003": "25", "P12_004": "25201", "P12_005": "‐", "P12_006": "大津市枝4", "P12_007": 4 }, "geometry": { "type": "MultiPoint", "coordinates": [ [ 135.935311964775451, 34.936464133413097 ] ] } },
{ "type": "Feature", "properties": { "P12_001": 10045, "P12_002": "チャレンジ比良登山大会", "P12_003": "25", "P12_004": "25201", "P12_005": "‐", "P12_006": "大津市御陵町3-1", "P12_007": 1 }, "geometry": { "type": "MultiPoint", "coordinates": [ [ 135.854701944539215, 35.017800277960532 ] ] } },
{ "type": "Feature", "properties": { "P12_001": 10046, "P12_002": "桐生若人の広場", "P12_003": "25", "P12_004": "25201", "P12_005": "‐", "P12_006": "大津市上田上桐生町", "P12_007": 1 }, "geometry": { "type": "MultiPoint", "coordinates": [ [ 135.991931308583048, 34.968984426190389 ] ] } },
{ "type": "Feature", "properties": { "P12_001": 10047, "P12_002": "東横イン京都琵琶湖大津", "P12_003": "25", "P12_004": "25201", "P12_005": "‐", "P12_006": "大津市長等2-1-28", "P12_007": 6 }, "geometry": { "type": "MultiPoint", "coordinates": [ [ 135.861904999715989, 35.008191666712094 ] ] } },
{ "type": "Feature", "properties": { "P12_001": 10048, "P12_002": "スーパーホテル　大津駅前", "P12_003": "25", "P12_004": "25201", "P12_005": "‐", "P12_006": "大津市京町3-2-7", "P12_007": 6 }, "geometry": { "type": "MultiPoint", "coordinates": [ [ 135.866559722453303, 35.005301666538742 ] ] } },
{ "type": "Feature", "properties": { "P12_001": 10049, "P12_002": "琵琶湖汽船（烏丸半島港）", "P12_003": "25", "P12_004": "25201", "P12_005": "‐", "P12_006": "大津市浜大津5-1-1", "P12_007": 1 }, "geometry": { "type": "MultiPoint", "coordinates": [ [ 135.866292222708012, 35.012289445601482 ] ] } },
{ "type": "Feature", "properties": { "P12_001": 10050, "P12_002": "琵琶湖", "P12_003": "25", "P12_004": "25201、25202、25203、25204、25205、25206、25207、25210、25212、25213、25214", "P12_005": "湖沼", "P12_006": "大津市　および　彦根市　および　長浜市　および　近江八幡市　および　草津市　および　守山市　および　野洲市　および　高島市　および　東近江市　および　米原市", "P12_007": -1 }, "geometry": { "type": "MultiPoint", "coordinates": [ [ 135.964424978130296, 35.200659497038203 ] ] } },
{ "type": "Feature", "properties": { "P12_001": 10051, "P12_002": "彦根城", "P12_003": "25", "P12_004": "25202", "P12_005": "城跡・城郭・宮殿", "P12_006": "彦根市金亀町1-1", "P12_007": 2 }, "geometry": { "type": "MultiPoint", "coordinates": [ [ 136.251747235546532, 35.276619993517954 ] ] } },
{ "type": "Feature", "properties": { "P12_001": 10052, "P12_002": "彦根城茶室（鳳翔台・聴鐘庵）", "P12_003": "25", "P12_004": "25202", "P12_005": "‐", "P12_006": "彦根市金亀町1-1", "P12_007": 2 }, "geometry": { "type": "MultiPoint", "coordinates": [ [ 136.253085004069703, 35.278513313738472 ] ] } },
{ "type": "Feature", "properties": { "P12_001": 10053, "P12_002": "彦根城博物館", "P12_003": "25", "P12_004": "25202", "P12_005": "‐", "P12_006": "彦根市金亀町1-1", "P12_007": 2 }, "geometry": { "type": "MultiPoint", "coordinates": [ [ 136.253620554844815, 35.275711110779184 ] ] } },
{ "type": "Feature", "properties": { "P12_001": 10054, "P12_002": "彦根市開国記念館", "P12_003": "25", "P12_004": "25202", "P12_005": "‐", "P12_006": "彦根市金亀町3-2", "P12_007": 2 }, "geometry": { "type": "MultiPoint", "coordinates": [ [ 136.255370555506829, 35.275401388763157 ] ] } },
{ "type": "Feature", "properties": { "P12_001": 10055, "P12_002": "彦根城　鐘の丸売店", "P12_003": "25", "P12_004": "25202", "P12_005": "‐", "P12_006": "彦根市金亀町1-1", "P12_007": 2 }, "geometry": { "type": "MultiPoint", "coordinates": [ [ 136.255370555506829, 35.275401388763157 ] ] } },
{ "type": "Feature", "properties": { "P12_001": 10056, "P12_002": "彦根市民会館", "P12_003": "25", "P12_004": "25202", "P12_005": "‐", "P12_006": "彦根市尾末町1-38", "P12_007": 6 }, "geometry": { "type": "MultiPoint", "coordinates": [ [ 136.257463055775474, 35.27515388904078 ] ] } },
{ "type": "Feature", "properties": { "P12_001": 10057, "P12_002": "ひこね市文化プラザ", "P12_003": "25", "P12_004": "25202", "P12_005": "‐", "P12_006": "彦根市野瀬町187-4", "P12_007": 6 }, "geometry": { "type": "MultiPoint", "coordinates": [ [ 136.232951666486315, 35.255934722209702 ] ] } },
{ "type": "Feature", "properties": { "P12_001": 10058, "P12_002": "駅前観光案内所", "P12_003": "25", "P12_004": "25202", "P12_005": "‐", "P12_006": "彦根市尾末町40-7", "P12_007": 6 }, "geometry": { "type": "MultiPoint", "coordinates": [ [ 136.263089999603835, 35.271971999508196 ] ] } },
{ "type": "Feature", "properties": { "P12_001": 10059, "P12_002": "国特別史跡　埋木舎", "P12_003": "25", "P12_004": "25202", "P12_005": "‐", "P12_006": "彦根市尾末町1-11", "P12_007": 2 }, "geometry": { "type": "MultiPoint", "coordinates": [ [ 136.256530000159501, 35.275607222895076 ] ] } },
{ "type": "Feature", "properties": { "P12_001": 10060, "P12_002": "彦根俳遊館", "P12_003": "25", "P12_004": "25202", "P12_005": "‐", "P12_006": "彦根市本町1-3-24", "P12_007": 2 }, "geometry": { "type": "MultiPoint", "coordinates": [ [ 136.253985555489066, 35.270361945047796 ] ] } },
{ "type": "Feature", "properties": { "P12_001": 10061, "P12_002": "夢京橋あかり館", "P12_003": "25", "P12_004": "25202", "P12_005": "‐", "P12_006": "彦根市本町2-1-3", "P12_007": 5 }, "geometry": { "type": "MultiPoint", "coordinates": [ [ 136.252164722424027, 35.272218055818655 ] ] } },
{ "type": "Feature", "properties": { "P12_001": 10062, "P12_002": "招福本舗", "P12_003": "25", "P12_004": "25202", "P12_005": "‐", "P12_006": "彦根市本町2-1-56", "P12_007": 5 }, "geometry": { "type": "MultiPoint", "coordinates": [ [ 136.251948332949269, 35.272332222953764 ] ] } },
{ "type": "Feature", "properties": { "P12_001": 10063, "P12_002": "夢京橋キャッスルロード", "P12_003": "25", "P12_004": "25202", "P12_005": "‐", "P12_006": "彦根市本町", "P12_007": 5 }, "geometry": { "type": "MultiPoint", "coordinates": [ [ 136.251531945043325, 35.27098805755287 ] ] } },
{ "type": "Feature", "properties": { "P12_001": 10064, "P12_002": "夢京橋あかり館（２階展示室）", "P12_003": "25", "P12_004": "25202", "P12_005": "‐", "P12_006": "彦根市本町2-1-3", "P12_007": 2 }, "geometry": { "type": "MultiPoint", "coordinates": [ [ 136.252164722424027, 35.272218055818655 ] ] } },
{ "type": "Feature", "properties": { "P12_001": 10065, "P12_002": "佐和山城案内詰所", "P12_003": "25", "P12_004": "25202", "P12_005": "‐", "P12_006": "彦根市尾末町1-51（（社）彦根観光協会内）", "P12_007": 6 }, "geometry": { "type": "MultiPoint", "coordinates": [ [ 136.257234166623562, 35.274229722323867 ] ] } },
{ "type": "Feature", "properties": { "P12_001": 10066, "P12_002": "彦根商工会議所　地場産業物産展示場", "P12_003": "25", "P12_004": "25202", "P12_005": "‐", "P12_006": "彦根市中央町3-8", "P12_007": 6 }, "geometry": { "type": "MultiPoint", "coordinates": [ [ 136.256300833117052, 35.270223333440128 ] ] } },
{ "type": "Feature", "properties": { "P12_001": 10067, "P12_002": "ひこね街なかプラザ", "P12_003": "25", "P12_004": "25202", "P12_005": "‐", "P12_006": "彦根市本町1-12-5", "P12_007": 5 }, "geometry": { "type": "MultiPoint", "coordinates": [ [ 136.25098777786377, 35.269581110479919 ] ] } },
{ "type": "Feature", "properties": { "P12_001": 10068, "P12_002": "彦根城桜まつり", "P12_003": "25", "P12_004": "25202", "P12_005": "‐", "P12_006": "彦根市金亀町1-1", "P12_007": 1 }, "geometry": { "type": "MultiPoint", "coordinates": [ [ 136.251969456225538, 35.276606660169307 ] ] } },
{ "type": "Feature", "properties": { "P12_001": 10069, "P12_002": "ご城下にぎわい市", "P12_003": "25", "P12_004": "25202", "P12_005": "‐", "P12_006": "彦根市金亀町", "P12_007": 1 }, "geometry": { "type": "MultiPoint", "coordinates": [ [ 136.254788035839283, 35.276491669255165 ] ] } },
{ "type": "Feature", "properties": { "P12_001": 10070, "P12_002": "彦根ばやし総おどり大会", "P12_003": "25", "P12_004": "25202", "P12_005": "‐", "P12_006": "彦根市銀座町", "P12_007": 1 }, "geometry": { "type": "MultiPoint", "coordinates": [ [ 136.252851121881804, 35.267873883373056 ] ] } },
{ "type": "Feature", "properties": { "P12_001": 10071, "P12_002": "玄宮園で虫の音を聞く会", "P12_003": "25", "P12_004": "25202", "P12_005": "‐", "P12_006": "彦根市金亀町3-40", "P12_007": 1 }, "geometry": { "type": "MultiPoint", "coordinates": [ [ 136.253604759152381, 35.277951271633924 ] ] } },
{ "type": "Feature", "properties": { "P12_001": 10072, "P12_002": "錦秋の玄宮園ライトアップ", "P12_003": "25", "P12_004": "25202", "P12_005": "‐", "P12_006": "彦根市金亀町3-40", "P12_007": 1 }, "geometry": { "type": "MultiPoint", "coordinates": [ [ 136.253604759152381, 35.277951271633924 ] ] } },
{ "type": "Feature", "properties": { "P12_001": 10073, "P12_002": "小江戸彦根の城まつりパレード", "P12_003": "25", "P12_004": "25202", "P12_005": "‐", "P12_006": "彦根市内", "P12_007": 1 }, "geometry": { "type": "MultiPoint", "coordinates": [ [ 136.259659444827548, 35.274443332893554 ] ] } },
{ "type": "Feature", "properties": { "P12_001": 10074, "P12_002": "北びわ湖大花火大会", "P12_003": "25", "P12_004": "25202", "P12_005": "‐", "P12_006": "彦根市松原町", "P12_007": 1 }, "geometry": { "type": "MultiPoint", "coordinates": [ [ 136.253926974550268, 35.290944977828531 ] ] } },
{ "type": "Feature", "properties": { "P12_001": 10075, "P12_002": "彦根ゆかたまつり", "P12_003": "25", "P12_004": "25202", "P12_005": "‐", "P12_006": "彦根市夢京橋商店街", "P12_007": 1 }, "geometry": { "type": "MultiPoint", "coordinates": [ [ 136.259659444827548, 35.274443332893554 ] ] } },
{ "type": "Feature", "properties": { "P12_001": 10076, "P12_002": "彦根七夕まつり", "P12_003": "25", "P12_004": "25202", "P12_005": "‐", "P12_006": "彦根市内各商店街", "P12_007": 1 }, "geometry": { "type": "MultiPoint", "coordinates": [ [ 136.259659444827548, 35.274443332893554 ] ] } },
{ "type": "Feature", "properties": { "P12_001": 10077, "P12_002": "ゆるキャラまつりｉｎ彦根", "P12_003": "25", "P12_004": "25202", "P12_005": "‐", "P12_006": "彦根市中央町3-8", "P12_007": 1 }, "geometry": { "type": "MultiPoint", "coordinates": [ [ 136.256300833117052, 35.270223333440128 ] ] } },
{ "type": "Feature", "properties": { "P12_001": 10078, "P12_002": "アートフェスタ勝負市", "P12_003": "25", "P12_004": "25202", "P12_005": "‐", "P12_006": "彦根市河原1・3", "P12_007": 1 }, "geometry": { "type": "MultiPoint", "coordinates": [ [ 136.256869166878573, 35.263090554885252 ] ] } },
{ "type": "Feature", "properties": { "P12_001": 10079, "P12_002": "ひこね万灯流し", "P12_003": "25", "P12_004": "25202", "P12_005": "‐", "P12_006": "彦根市中央町3-8", "P12_007": 1 }, "geometry": { "type": "MultiPoint", "coordinates": [ [ 136.256300833117052, 35.270223333440128 ] ] } },
{ "type": "Feature", "properties": { "P12_001": 10080, "P12_002": "高宮納涼花火大会", "P12_003": "25", "P12_004": "25202", "P12_005": "‐", "P12_006": "彦根市高宮町（無賃橋付近）", "P12_007": 1 }, "geometry": { "type": "MultiPoint", "coordinates": [ [ 136.253884480684292, 35.231868638526919 ] ] } },
{ "type": "Feature", "properties": { "P12_001": 10081, "P12_002": "姉妹城・親善都市と交流都市の観光と物産展", "P12_003": "25", "P12_004": "25202", "P12_005": "‐", "P12_006": "彦根市野瀬町187-4", "P12_007": 1 }, "geometry": { "type": "MultiPoint", "coordinates": [ [ 136.232951666486315, 35.255934722209702 ] ] } },
{ "type": "Feature", "properties": { "P12_001": 10082, "P12_002": "彦根シテイマラソン", "P12_003": "25", "P12_004": "25202", "P12_005": "‐", "P12_006": "彦根市松原町3028", "P12_007": 1 }, "geometry": { "type": "MultiPoint", "coordinates": [ [ 136.256691666787106, 35.280300555326392 ] ] } },
{ "type": "Feature", "properties": { "P12_001": 10083, "P12_002": "鳥人間コンテスト選手権大会", "P12_003": "25", "P12_004": "25202", "P12_005": "‐", "P12_006": "彦根市松原町", "P12_007": 1 }, "geometry": { "type": "MultiPoint", "coordinates": [ [ 136.256011960083924, 35.296878825197666 ] ] } },
{ "type": "Feature", "properties": { "P12_001": 10084, "P12_002": "近江ふれあいグラウンド・ゴルフ（３・４・５・６・９・１０・１１月大会）", "P12_003": "25", "P12_004": "25202", "P12_005": "‐", "P12_006": "彦根市松原町3028", "P12_007": 1 }, "geometry": { "type": "MultiPoint", "coordinates": [ [ 136.256691666787106, 35.280300555326392 ] ] } },
{ "type": "Feature", "properties": { "P12_001": 10085, "P12_002": "滋賀県体育協会理事長杯　小学生軟式野球大会", "P12_003": "25", "P12_004": "25202", "P12_005": "‐", "P12_006": "彦根市松原町3028", "P12_007": 1 }, "geometry": { "type": "MultiPoint", "coordinates": [ [ 136.256691666787106, 35.280300555326392 ] ] } },
{ "type": "Feature", "properties": { "P12_001": 10086, "P12_002": "俳句入門講座・句会", "P12_003": "25", "P12_004": "25202", "P12_005": "‐", "P12_006": "彦根市本町1-3-24", "P12_007": 1 }, "geometry": { "type": "MultiPoint", "coordinates": [ [ 136.253985555489066, 35.270361945047796 ] ] } },
{ "type": "Feature", "properties": { "P12_001": 10087, "P12_002": "滋賀県立総合運動場　スイミングセンター　", "P12_003": "25", "P12_004": "25202", "P12_005": "‐", "P12_006": "彦根市松原町3028", "P12_007": 4 }, "geometry": { "type": "MultiPoint", "coordinates": [ [ 136.253738354341635, 35.281804989808506 ] ] } },
{ "type": "Feature", "properties": { "P12_001": 10088, "P12_002": "滋賀県立総合運動場　彦根球場", "P12_003": "25", "P12_004": "25202", "P12_005": "‐", "P12_006": "彦根市松原町3028", "P12_007": 4 }, "geometry": { "type": "MultiPoint", "coordinates": [ [ 136.256507223029985, 35.280262777505243 ] ] } },
{ "type": "Feature", "properties": { "P12_001": 10089, "P12_002": "滋賀県立総合運動場　陸上競技場", "P12_003": "25", "P12_004": "25202", "P12_005": "‐", "P12_006": "彦根市松原町3028", "P12_007": 4 }, "geometry": { "type": "MultiPoint", "coordinates": [ [ 136.256773888204407, 35.281493880138498 ] ] } },
{ "type": "Feature", "properties": { "P12_001": 10090, "P12_002": "滋賀県立総合運動場　テニス場", "P12_003": "25", "P12_004": "25202", "P12_005": "‐", "P12_006": "彦根市松原町3028", "P12_007": 4 }, "geometry": { "type": "MultiPoint", "coordinates": [ [ 136.254671680653587, 35.281151661120305 ] ] } },
{ "type": "Feature", "properties": { "P12_001": 10091, "P12_002": "彦根カントリー倶楽部", "P12_003": "25", "P12_004": "25202", "P12_005": "‐", "P12_006": "彦根市鳥居本町2958", "P12_007": 4 }, "geometry": { "type": "MultiPoint", "coordinates": [ [ 136.276104722954642, 35.274691388396889 ] ] } },
{ "type": "Feature", "properties": { "P12_001": 10092, "P12_002": "松原水泳場", "P12_003": "25", "P12_004": "25202", "P12_005": "‐", "P12_006": "彦根市松原町", "P12_007": 4 }, "geometry": { "type": "MultiPoint", "coordinates": [ [ 136.253843085789867, 35.290834423270041 ] ] } },
{ "type": "Feature", "properties": { "P12_001": 10093, "P12_002": "新海浜水泳場", "P12_003": "25", "P12_004": "25202", "P12_005": "‐", "P12_006": "彦根市新海浜町", "P12_007": 4 }, "geometry": { "type": "MultiPoint", "coordinates": [ [ 136.125130531748709, 35.217736650526035 ] ] } },
{ "type": "Feature", "properties": { "P12_001": 10094, "P12_002": "オーミマリン　彦根港", "P12_003": "25", "P12_004": "25202", "P12_005": "‐", "P12_006": "彦根市松原町3755", "P12_007": 6 }, "geometry": { "type": "MultiPoint", "coordinates": [ [ 136.247180277647772, 35.285580832989126 ] ] } },
{ "type": "Feature", "properties": { "P12_001": 10095, "P12_002": "グランドデュークホテル", "P12_003": "25", "P12_004": "25202", "P12_005": "‐", "P12_006": "彦根市佐和町11-36", "P12_007": 6 }, "geometry": { "type": "MultiPoint", "coordinates": [ [ 136.260568000213084, 35.271653000085962 ] ] } },
{ "type": "Feature", "properties": { "P12_001": 10096, "P12_002": "ホテルサンルート彦根", "P12_003": "25", "P12_004": "25202", "P12_005": "‐", "P12_006": "彦根市旭町9-14", "P12_007": 6 }, "geometry": { "type": "MultiPoint", "coordinates": [ [ 136.262342222315738, 35.27307138923328 ] ] } },
{ "type": "Feature", "properties": { "P12_001": 10097, "P12_002": "コンフォートホテル彦根", "P12_003": "25", "P12_004": "25202", "P12_005": "‐", "P12_006": "彦根市古沢町155", "P12_007": 6 }, "geometry": { "type": "MultiPoint", "coordinates": [ [ 136.265263334535348, 35.272077221986251 ] ] } },
{ "type": "Feature", "properties": { "P12_001": 10098, "P12_002": "ホテルエスタシオン　ひこね", "P12_003": "25", "P12_004": "25202", "P12_005": "‐", "P12_006": "彦根市旭町8-31", "P12_007": 6 }, "geometry": { "type": "MultiPoint", "coordinates": [ [ 136.262029166512889, 35.273465000009821 ] ] } },
{ "type": "Feature", "properties": { "P12_001": 10099, "P12_002": "長浜盆梅展", "P12_003": "25", "P12_004": "25203", "P12_005": "‐", "P12_006": "長浜市港町2-5", "P12_007": 1 }, "geometry": { "type": "MultiPoint", "coordinates": [ [ 136.26635305564912, 35.375810832803722 ] ] } },
{ "type": "Feature", "properties": { "P12_001": 10100, "P12_002": "豊公園", "P12_003": "25", "P12_004": "25203", "P12_005": "‐", "P12_006": "長浜市公園町10-1", "P12_007": 4 }, "geometry": { "type": "MultiPoint", "coordinates": [ [ 136.260562806628286, 35.375000836819197 ] ] } },
{ "type": "Feature", "properties": { "P12_001": 10101, "P12_002": "長浜ドーム", "P12_003": "25", "P12_004": "25203", "P12_005": "‐", "P12_006": "長浜市田村町1320", "P12_007": 4 }, "geometry": { "type": "MultiPoint", "coordinates": [ [ 136.281370555706644, 35.352560833515724 ] ] } },
{ "type": "Feature", "properties": { "P12_001": 10102, "P12_002": "長浜市民プール", "P12_003": "25", "P12_004": "25203", "P12_005": "‐", "P12_006": "長浜市公園町10-1", "P12_007": 4 }, "geometry": { "type": "MultiPoint", "coordinates": [ [ 136.264662778064803, 35.375514167145127 ] ] } },
{ "type": "Feature", "properties": { "P12_001": 10103, "P12_002": "長浜城歴史博物館", "P12_003": "25", "P12_004": "25203", "P12_005": "‐", "P12_006": "長浜市公園町10-10", "P12_007": 2 }, "geometry": { "type": "MultiPoint", "coordinates": [ [ 136.261242221951079, 35.377642221211602 ] ] } },
{ "type": "Feature", "properties": { "P12_001": 10104, "P12_002": "曳山博物館", "P12_003": "25", "P12_004": "25203", "P12_005": "‐", "P12_006": "長浜市元浜町14-8", "P12_007": 2 }, "geometry": { "type": "MultiPoint", "coordinates": [ [ 136.268964998935644, 35.381371666569237 ] ] } },
{ "type": "Feature", "properties": { "P12_001": 10105, "P12_002": "国友鉄砲の里資料館", "P12_003": "25", "P12_004": "25203", "P12_005": "‐", "P12_006": "長浜市国友町534", "P12_007": 2 }, "geometry": { "type": "MultiPoint", "coordinates": [ [ 136.282469443610012, 35.408937777656377 ] ] } },
{ "type": "Feature", "properties": { "P12_001": 10106, "P12_002": "郷土資料館", "P12_003": "25", "P12_004": "25203", "P12_005": "‐", "P12_006": "長浜市元浜町8-22", "P12_007": 2 }, "geometry": { "type": "MultiPoint", "coordinates": [ [ 136.267080555023654, 35.3800227779289 ] ] } },
{ "type": "Feature", "properties": { "P12_001": 10107, "P12_002": "黒壁美術館", "P12_003": "25", "P12_004": "25203", "P12_005": "‐", "P12_006": "長浜市元浜町11-23", "P12_007": 2 }, "geometry": { "type": "MultiPoint", "coordinates": [ [ 136.266755000443027, 35.381125277509625 ] ] } },
{ "type": "Feature", "properties": { "P12_001": 10108, "P12_002": "長浜別院　大通寺", "P12_003": "25", "P12_004": "25203", "P12_005": "‐", "P12_006": "長市元浜町32-9", "P12_007": 2 }, "geometry": { "type": "MultiPoint", "coordinates": [ [ 136.269133999534461, 35.38349700018648 ] ] } },
{ "type": "Feature", "properties": { "P12_001": 10109, "P12_002": "総持寺", "P12_003": "25", "P12_004": "25203", "P12_005": "‐", "P12_006": "長浜市宮司町708　", "P12_007": 2 }, "geometry": { "type": "MultiPoint", "coordinates": [ [ 136.290146111453964, 35.38482694460788 ] ] } },
{ "type": "Feature", "properties": { "P12_001": 10110, "P12_002": "神照寺", "P12_003": "25", "P12_004": "25203", "P12_005": "‐", "P12_006": "長浜市新庄寺町323", "P12_007": 2 }, "geometry": { "type": "MultiPoint", "coordinates": [ [ 136.27439250011389, 35.402761388527324 ] ] } },
{ "type": "Feature", "properties": { "P12_001": 10111, "P12_002": "舎那院", "P12_003": "25", "P12_004": "25203", "P12_005": "‐", "P12_006": "長浜市宮前町13-45", "P12_007": 2 }, "geometry": { "type": "MultiPoint", "coordinates": [ [ 136.275055555869244, 35.383121666331874 ] ] } },
{ "type": "Feature", "properties": { "P12_001": 10112, "P12_002": "長浜八幡宮", "P12_003": "25", "P12_004": "25203", "P12_005": "‐", "P12_006": "長浜市宮前町13-55", "P12_007": 2 }, "geometry": { "type": "MultiPoint", "coordinates": [ [ 136.274344094104777, 35.382610107670359 ] ] } },
{ "type": "Feature", "properties": { "P12_001": 10113, "P12_002": "慶雲館（盆梅展含む）", "P12_003": "25", "P12_004": "25203", "P12_005": "‐", "P12_006": "長浜市港町2-5", "P12_007": 2 }, "geometry": { "type": "MultiPoint", "coordinates": [ [ 136.26635305564912, 35.375810832803722 ] ] } },
{ "type": "Feature", "properties": { "P12_001": 10114, "P12_002": "鉄道スクエア", "P12_003": "25", "P12_004": "25203", "P12_005": "‐", "P12_006": "長浜市北船町1-41", "P12_007": 2 }, "geometry": { "type": "MultiPoint", "coordinates": [ [ 136.266010000261417, 35.376727000051062 ] ] } },
{ "type": "Feature", "properties": { "P12_001": 10115, "P12_002": "黒壁ガラス館", "P12_003": "25", "P12_004": "25203", "P12_005": "‐", "P12_006": "長浜市元浜町12-38", "P12_007": 5 }, "geometry": { "type": "MultiPoint", "coordinates": [ [ 136.267079000095805, 35.380696000520061 ] ] } },
{ "type": "Feature", "properties": { "P12_001": 10116, "P12_002": "長濱オルゴール堂", "P12_003": "25", "P12_004": "25203", "P12_005": "‐", "P12_006": "長浜市元浜町13-31（ＰＯＷビル）", "P12_007": 5 }, "geometry": { "type": "MultiPoint", "coordinates": [ [ 136.26844361248277, 35.381150554754356 ] ] } },
{ "type": "Feature", "properties": { "P12_001": 10117, "P12_002": "海洋堂フィギュアミュージアム黒壁　龍遊館", "P12_003": "25", "P12_004": "25203", "P12_005": "‐", "P12_006": "長浜市元浜町13-31", "P12_007": 2 }, "geometry": { "type": "MultiPoint", "coordinates": [ [ 136.26844361248277, 35.381150554754356 ] ] } },
{ "type": "Feature", "properties": { "P12_001": 10118, "P12_002": "金糞岳", "P12_003": "25", "P12_004": "25203", "P12_005": "‐", "P12_006": "長浜市高山町", "P12_007": 1 }, "geometry": { "type": "MultiPoint", "coordinates": [ [ 136.336705757564687, 35.548202032297979 ] ] } },
{ "type": "Feature", "properties": { "P12_001": 10119, "P12_002": "浅井文化スポーツ公園", "P12_003": "25", "P12_004": "25203", "P12_005": "‐", "P12_006": "長浜市大依町15", "P12_007": 4 }, "geometry": { "type": "MultiPoint", "coordinates": [ [ 136.312478000059741, 35.432426000159808 ] ] } },
{ "type": "Feature", "properties": { "P12_001": 10120, "P12_002": "高山キャンプ場", "P12_003": "25", "P12_004": "25203", "P12_005": "‐", "P12_006": "長浜市高山町2324", "P12_007": 4 }, "geometry": { "type": "MultiPoint", "coordinates": [ [ 136.310024996656352, 35.496237220571345 ] ] } },
{ "type": "Feature", "properties": { "P12_001": 10121, "P12_002": "五先賢の館", "P12_003": "25", "P12_004": "25203", "P12_005": "‐", "P12_006": "長浜市北野町1386", "P12_007": 2 }, "geometry": { "type": "MultiPoint", "coordinates": [ [ 136.292233999999212, 35.458030000084477 ] ] } },
{ "type": "Feature", "properties": { "P12_001": 10122, "P12_002": "戦国大河あざい館（浅井歴史民俗資料館）", "P12_003": "25", "P12_004": "25203", "P12_005": "‐", "P12_006": "長浜市大依町528　", "P12_007": 2 }, "geometry": { "type": "MultiPoint", "coordinates": [ [ 136.311958888891695, 35.434182222331742 ] ] } },
{ "type": "Feature", "properties": { "P12_001": 10123, "P12_002": "浅井能楽資料館", "P12_003": "25", "P12_004": "25203", "P12_005": "‐", "P12_006": "長浜市力丸町106", "P12_007": 2 }, "geometry": { "type": "MultiPoint", "coordinates": [ [ 136.296704166564155, 35.457607777377063 ] ] } },
{ "type": "Feature", "properties": { "P12_001": 10124, "P12_002": "孤篷庵", "P12_003": "25", "P12_004": "25203", "P12_005": "‐", "P12_006": "長浜市上野町135", "P12_007": 2 }, "geometry": { "type": "MultiPoint", "coordinates": [ [ 136.314100278105457, 35.454412499637215 ] ] } },
{ "type": "Feature", "properties": { "P12_001": 10125, "P12_002": "浅井ふれあいの里・プラザふくらの森", "P12_003": "25", "P12_004": "25203", "P12_005": "‐", "P12_006": "長浜市内保町2843", "P12_007": 5 }, "geometry": { "type": "MultiPoint", "coordinates": [ [ 136.305406000386711, 35.430123000076435 ] ] } },
{ "type": "Feature", "properties": { "P12_001": 10126, "P12_002": "今荘観光ぶどう園", "P12_003": "25", "P12_004": "25203", "P12_005": "‐", "P12_006": "長浜市今荘町1418", "P12_007": 2 }, "geometry": { "type": "MultiPoint", "coordinates": [ [ 136.341568050125488, 35.412483327843347 ] ] } },
{ "type": "Feature", "properties": { "P12_001": 10127, "P12_002": "竹生島", "P12_003": "25", "P12_004": "25203", "P12_005": "‐", "P12_006": "長浜市早崎町", "P12_007": 2 }, "geometry": { "type": "MultiPoint", "coordinates": [ [ 136.143711864311172, 35.422187736674744 ] ] } },
{ "type": "Feature", "properties": { "P12_001": 10128, "P12_002": "奥びわスポーツの森", "P12_003": "25", "P12_004": "25203", "P12_005": "‐", "P12_006": "長浜市早崎町1667", "P12_007": 4 }, "geometry": { "type": "MultiPoint", "coordinates": [ [ 136.209313611533958, 35.411871389553028 ] ] } },
{ "type": "Feature", "properties": { "P12_001": 10129, "P12_002": "南浜水泳場", "P12_003": "25", "P12_004": "25203", "P12_005": "‐", "P12_006": "長浜市南浜町", "P12_007": 4 }, "geometry": { "type": "MultiPoint", "coordinates": [ [ 136.225099438388384, 35.387505305525508 ] ] } },
{ "type": "Feature", "properties": { "P12_001": 10130, "P12_002": "冨田人形会館", "P12_003": "25", "P12_004": "25203", "P12_005": "‐", "P12_006": "長浜市富田町935", "P12_007": 2 }, "geometry": { "type": "MultiPoint", "coordinates": [ [ 136.222486388935749, 35.431453888785995 ] ] } },
{ "type": "Feature", "properties": { "P12_001": 10131, "P12_002": "安楽寺", "P12_003": "25", "P12_004": "25203", "P12_005": "‐", "P12_006": "長浜市細江町105", "P12_007": 2 }, "geometry": { "type": "MultiPoint", "coordinates": [ [ 136.249783243901675, 35.402093195844373 ] ] } },
{ "type": "Feature", "properties": { "P12_001": 10132, "P12_002": "産直びわ　みずべの里", "P12_003": "25", "P12_004": "25203", "P12_005": "‐", "P12_006": "長浜市南浜町297", "P12_007": 5 }, "geometry": { "type": "MultiPoint", "coordinates": [ [ 136.225254995921432, 35.389553334318975 ] ] } },
{ "type": "Feature", "properties": { "P12_001": 10133, "P12_002": "南浜観光ぶどう園", "P12_003": "25", "P12_004": "25203", "P12_005": "‐", "P12_006": "長浜市南浜町845", "P12_007": 2 }, "geometry": { "type": "MultiPoint", "coordinates": [ [ 136.223883331950219, 35.390569444124594 ] ] } },
{ "type": "Feature", "properties": { "P12_001": 10134, "P12_002": "虎姫時遊館", "P12_003": "25", "P12_004": "25203", "P12_005": "‐", "P12_006": "長浜市三川町 1635-2", "P12_007": 2 }, "geometry": { "type": "MultiPoint", "coordinates": [ [ 136.263469165469701, 35.429260834420006 ] ] } },
{ "type": "Feature", "properties": { "P12_001": 10135, "P12_002": "山本山", "P12_003": "25", "P12_004": "25203", "P12_005": "‐", "P12_006": "長浜市湖北町山本", "P12_007": 1 }, "geometry": { "type": "MultiPoint", "coordinates": [ [ 136.20593698460425, 35.450275210832388 ] ] } },
{ "type": "Feature", "properties": { "P12_001": 10136, "P12_002": "水鳥公園", "P12_003": "25", "P12_004": "25203", "P12_005": "‐", "P12_006": "長浜市湖北町", "P12_007": 4 }, "geometry": { "type": "MultiPoint", "coordinates": [ [ 136.189978000484416, 35.446539999921129 ] ] } },
{ "type": "Feature", "properties": { "P12_001": 10137, "P12_002": "小谷城戦国歴史資料館", "P12_003": "25", "P12_004": "25203", "P12_005": "‐", "P12_006": "長浜市小谷郡上町139", "P12_007": 2 }, "geometry": { "type": "MultiPoint", "coordinates": [ [ 136.269494999994322, 35.452618999667152 ] ] } },
{ "type": "Feature", "properties": { "P12_001": 10138, "P12_002": "小谷城跡", "P12_003": "25", "P12_004": "25203", "P12_005": "‐", "P12_006": "長浜市小谷郡上町、湖北町伊部", "P12_007": 2 }, "geometry": { "type": "MultiPoint", "coordinates": [ [ 136.277094999734459, 35.459363999548998 ] ] } },
{ "type": "Feature", "properties": { "P12_001": 10139, "P12_002": "野鳥センター", "P12_003": "25", "P12_004": "25203", "P12_005": "‐", "P12_006": "長浜市湖北町今西", "P12_007": 1 }, "geometry": { "type": "MultiPoint", "coordinates": [ [ 136.190115326960836, 35.44705605879011 ] ] } },
{ "type": "Feature", "properties": { "P12_001": 10140, "P12_002": "みずどりステーション", "P12_003": "25", "P12_004": "25203", "P12_005": "‐", "P12_006": "長浜市湖北町今西1731-1", "P12_007": 5 }, "geometry": { "type": "MultiPoint", "coordinates": [ [ 136.190642500551007, 35.444993611166296 ] ] } },
{ "type": "Feature", "properties": { "P12_001": 10141, "P12_002": "高月観音の里歴史民俗資料館", "P12_003": "25", "P12_004": "25203", "P12_005": "‐", "P12_006": "長浜市高月町渡岸寺229", "P12_007": 2 }, "geometry": { "type": "MultiPoint", "coordinates": [ [ 136.240106111507885, 35.475070832652875 ] ] } },
{ "type": "Feature", "properties": { "P12_001": 10142, "P12_002": "高月観音堂", "P12_003": "25", "P12_004": "25203", "P12_005": "‐", "P12_006": "長浜市高月町高月4", "P12_007": 2 }, "geometry": { "type": "MultiPoint", "coordinates": [ [ 136.237008000119204, 35.469211999534195 ] ] } },
{ "type": "Feature", "properties": { "P12_001": 10143, "P12_002": "渡岸寺観音堂", "P12_003": "25", "P12_004": "25203", "P12_005": "‐", "P12_006": "長浜市高月町渡岸寺215", "P12_007": 2 }, "geometry": { "type": "MultiPoint", "coordinates": [ [ 136.239219000456615, 35.475929999969594 ] ] } },
{ "type": "Feature", "properties": { "P12_001": 10144, "P12_002": "西野薬師堂", "P12_003": "25", "P12_004": "25203", "P12_005": "‐", "P12_006": "長浜市高月町西野1696", "P12_007": 2 }, "geometry": { "type": "MultiPoint", "coordinates": [ [ 136.203768333341941, 35.470235277835855 ] ] } },
{ "type": "Feature", "properties": { "P12_001": 10145, "P12_002": "赤後寺", "P12_003": "25", "P12_004": "25203", "P12_005": "‐", "P12_006": "長浜市高月町唐川1056", "P12_007": 2 }, "geometry": { "type": "MultiPoint", "coordinates": [ [ 136.216512000128773, 35.491660000508659 ] ] } },
{ "type": "Feature", "properties": { "P12_001": 10146, "P12_002": "東アジア交流ハウス雨森芳洲庵", "P12_003": "25", "P12_004": "25203", "P12_005": "‐", "P12_006": "長浜市高月町雨森1166", "P12_007": 2 }, "geometry": { "type": "MultiPoint", "coordinates": [ [ 136.243907499931197, 35.487830555036112 ] ] } },
{ "type": "Feature", "properties": { "P12_001": 10147, "P12_002": "西野水道", "P12_003": "25", "P12_004": "25203", "P12_005": "‐", "P12_006": "長浜市高月町西野字嶋津地先", "P12_007": 2 }, "geometry": { "type": "MultiPoint", "coordinates": [ [ 136.196408910343052, 35.466260601745432 ] ] } },
{ "type": "Feature", "properties": { "P12_001": 10148, "P12_002": "片山港周辺", "P12_003": "25", "P12_004": "25203", "P12_005": "‐", "P12_006": "長浜市高月町片山字浅井地先", "P12_007": 1 }, "geometry": { "type": "MultiPoint", "coordinates": [ [ 136.19896129782569, 35.45489456952879 ] ] } },
{ "type": "Feature", "properties": { "P12_001": 10149, "P12_002": "大見いこいの広場", "P12_003": "25", "P12_004": "25203", "P12_005": "‐", "P12_006": "長浜市木之本町大見678", "P12_007": 4 }, "geometry": { "type": "MultiPoint", "coordinates": [ [ 136.238097777890175, 35.532526944363042 ] ] } },
{ "type": "Feature", "properties": { "P12_001": 10150, "P12_002": "横山岳", "P12_003": "25", "P12_004": "25203", "P12_005": "‐", "P12_006": "長浜市木之本町杉野", "P12_007": 1 }, "geometry": { "type": "MultiPoint", "coordinates": [ [ 136.261886999885178, 35.601544000155513 ] ] } },
{ "type": "Feature", "properties": { "P12_001": 10151, "P12_002": "賤ヶ岳リフト", "P12_003": "25", "P12_004": "25203", "P12_005": "‐", "P12_006": "長浜市木之本町大音", "P12_007": 2 }, "geometry": { "type": "MultiPoint", "coordinates": [ [ 136.197169000249232, 35.502560000443736 ] ] } },
{ "type": "Feature", "properties": { "P12_001": 10152, "P12_002": "石道寺", "P12_003": "25", "P12_004": "25203", "P12_005": "‐", "P12_006": "長浜市木之本町石道", "P12_007": 2 }, "geometry": { "type": "MultiPoint", "coordinates": [ [ 136.257874480323039, 35.503649363627289 ] ] } },
{ "type": "Feature", "properties": { "P12_001": 10153, "P12_002": "医王寺", "P12_003": "25", "P12_004": "25203", "P12_005": "‐", "P12_006": "長浜市木之本町大見", "P12_007": 2 }, "geometry": { "type": "MultiPoint", "coordinates": [ [ 136.238664000043627, 35.532416000398143 ] ] } },
{ "type": "Feature", "properties": { "P12_001": 10154, "P12_002": "木之本地蔵院", "P12_003": "25", "P12_004": "25203", "P12_005": "‐", "P12_006": "長浜市木之本町木之本944", "P12_007": 2 }, "geometry": { "type": "MultiPoint", "coordinates": [ [ 136.225810786838451, 35.506069564259008 ] ] } },
{ "type": "Feature", "properties": { "P12_001": 10155, "P12_002": "黒田観音寺", "P12_003": "25", "P12_004": "25203", "P12_005": "‐", "P12_006": "長浜市木之本町黒田", "P12_007": 2 }, "geometry": { "type": "MultiPoint", "coordinates": [ [ 136.208615000182135, 35.513314999987301 ] ] } },
{ "type": "Feature", "properties": { "P12_001": 10156, "P12_002": "己高閣・世代閣", "P12_003": "25", "P12_004": "25203", "P12_005": "‐", "P12_006": "長浜市木之本町古橋1103", "P12_007": 2 }, "geometry": { "type": "MultiPoint", "coordinates": [ [ 136.251959999854193, 35.507977000238441 ] ] } },
{ "type": "Feature", "properties": { "P12_001": 10157, "P12_002": "おかん　ふれあいステーション", "P12_003": "25", "P12_004": "25203", "P12_005": "‐", "P12_006": "長浜市木之本町木之本1543", "P12_007": 5 }, "geometry": { "type": "MultiPoint", "coordinates": [ [ 136.221960000453691, 35.505567496143101 ] ] } },
{ "type": "Feature", "properties": { "P12_001": 10158, "P12_002": "戦国大河きのもと館（きのもと交遊館）", "P12_003": "25", "P12_004": "25203", "P12_005": "‐", "P12_006": "長浜市木之本町木之本1118", "P12_007": 6 }, "geometry": { "type": "MultiPoint", "coordinates": [ [ 136.225852000069835, 35.504129999999577 ] ] } },
{ "type": "Feature", "properties": { "P12_001": 10159, "P12_002": "丹生川渓谷", "P12_003": "25", "P12_004": "25203", "P12_005": "‐", "P12_006": "長浜市余呉町", "P12_007": 1 }, "geometry": { "type": "MultiPoint", "coordinates": [ [ 136.223658030193974, 35.576801547153707 ] ] } },
{ "type": "Feature", "properties": { "P12_001": 10160, "P12_002": "余呉高原リゾート・ヤップ", "P12_003": "25", "P12_004": "25203", "P12_005": "‐", "P12_006": "長浜市余呉町中河内", "P12_007": 4 }, "geometry": { "type": "MultiPoint", "coordinates": [ [ 136.158012000353551, 35.698250000037547 ] ] } },
{ "type": "Feature", "properties": { "P12_001": 10161, "P12_002": "茶わんまつりの館", "P12_003": "25", "P12_004": "25203", "P12_005": "‐", "P12_006": "長浜市余呉町上丹生", "P12_007": 2 }, "geometry": { "type": "MultiPoint", "coordinates": [ [ 136.23401899987698, 35.564707000227941 ] ] } },
{ "type": "Feature", "properties": { "P12_001": 10162, "P12_002": "妙理の里", "P12_003": "25", "P12_004": "25203", "P12_005": "‐", "P12_006": "長浜市余呉町菅並480", "P12_007": 1 }, "geometry": { "type": "MultiPoint", "coordinates": [ [ 136.223998000007782, 35.598603999475074 ] ] } },
{ "type": "Feature", "properties": { "P12_001": 10163, "P12_002": "ランタの館", "P12_003": "25", "P12_004": "25203", "P12_005": "‐", "P12_006": "長浜市西浅井町菅浦624-2", "P12_007": 1 }, "geometry": { "type": "MultiPoint", "coordinates": [ [ 136.133352222027497, 35.457983889145225 ] ] } },
{ "type": "Feature", "properties": { "P12_001": 10164, "P12_002": "二本松水泳場", "P12_003": "25", "P12_004": "25203", "P12_005": "‐", "P12_006": "長浜市西浅井町", "P12_007": 4 }, "geometry": { "type": "MultiPoint", "coordinates": [ [ 136.106083741571524, 35.459771249443634 ] ] } },
{ "type": "Feature", "properties": { "P12_001": 10165, "P12_002": "北淡海・丸子船の館", "P12_003": "25", "P12_004": "25203", "P12_005": "‐", "P12_006": "長浜市西浅井町大浦582", "P12_007": 2 }, "geometry": { "type": "MultiPoint", "coordinates": [ [ 136.12365300048566, 35.488910999642997 ] ] } },
{ "type": "Feature", "properties": { "P12_001": 10166, "P12_002": "和蔵堂", "P12_003": "25", "P12_004": "25203", "P12_005": "‐", "P12_006": "長浜市西浅井町山門964", "P12_007": 2 }, "geometry": { "type": "MultiPoint", "coordinates": [ [ 136.121718888815735, 35.520720833399821 ] ] } },
{ "type": "Feature", "properties": { "P12_001": 10167, "P12_002": "奥琵琶湖パークウェイ（売店）", "P12_003": "25", "P12_004": "25203", "P12_005": "‐", "P12_006": "長浜市西浅井町菅浦", "P12_007": 6 }, "geometry": { "type": "MultiPoint", "coordinates": [ [ 136.147944722271177, 35.453352633317422 ] ] } },
{ "type": "Feature", "properties": { "P12_001": 10168, "P12_002": "山門水源の森", "P12_003": "25", "P12_004": "25203", "P12_005": "‐", "P12_006": "長浜市西浅井町山門964", "P12_007": 2 }, "geometry": { "type": "MultiPoint", "coordinates": [ [ 136.122184996640385, 35.521243607506506 ] ] } },
{ "type": "Feature", "properties": { "P12_001": 10169, "P12_002": "塩津海道あぢかまの里", "P12_003": "25", "P12_004": "25203", "P12_005": "‐", "P12_006": "長浜市西浅井町菅浦", "P12_007": 6 }, "geometry": { "type": "MultiPoint", "coordinates": [ [ 136.162850999574061, 35.52051300007497 ] ] } },
{ "type": "Feature", "properties": { "P12_001": 10170, "P12_002": "長浜ドーム宿泊研修館", "P12_003": "25", "P12_004": "25203", "P12_005": "‐", "P12_006": "長浜市田村町1411-1", "P12_007": 6 }, "geometry": { "type": "MultiPoint", "coordinates": [ [ 136.278737999958821, 35.351387999756412 ] ] } },
{ "type": "Feature", "properties": { "P12_001": 10171, "P12_002": "グリーンホテルYes長浜みなと館", "P12_003": "25", "P12_004": "25203", "P12_005": "‐", "P12_006": "長浜市港町2-28", "P12_007": 6 }, "geometry": { "type": "MultiPoint", "coordinates": [ [ 136.265879999662275, 35.375147000034076 ] ] } },
{ "type": "Feature", "properties": { "P12_001": 10172, "P12_002": "ビジネスホテルウェルネス", "P12_003": "25", "P12_004": "25203", "P12_005": "‐", "P12_006": "長浜市神照町951-1", "P12_007": 6 }, "geometry": { "type": "MultiPoint", "coordinates": [ [ 136.267175557605924, 35.394749444431341 ] ] } },
{ "type": "Feature", "properties": { "P12_001": 10173, "P12_002": "長浜ビジネスホテル", "P12_003": "25", "P12_004": "25203", "P12_005": "‐", "P12_006": "長浜市川崎町300", "P12_007": 6 }, "geometry": { "type": "MultiPoint", "coordinates": [ [ 136.282876666524999, 35.391980000176943 ] ] } },
{ "type": "Feature", "properties": { "P12_001": 10174, "P12_002": "己高庵", "P12_003": "25", "P12_004": "25203", "P12_005": "‐", "P12_006": "長浜市木之本町古橋1094", "P12_007": 6 }, "geometry": { "type": "MultiPoint", "coordinates": [ [ 136.252485999829105, 35.509505999702185 ] ] } },
{ "type": "Feature", "properties": { "P12_001": 10175, "P12_002": "大浦地区　民宿・旅館", "P12_003": "25", "P12_004": "25203", "P12_005": "‐", "P12_006": "長浜市西浅井町大浦", "P12_007": 6 }, "geometry": { "type": "MultiPoint", "coordinates": [ [ 136.122077811841564, 35.48965863214022 ] ] } },
{ "type": "Feature", "properties": { "P12_001": 10176, "P12_002": "沖島", "P12_003": "25", "P12_004": "25204", "P12_005": "‐", "P12_006": "近江八幡市沖島町", "P12_007": 1 }, "geometry": { "type": "MultiPoint", "coordinates": [ [ 136.059742000293113, 35.20626500012969 ] ] } },
{ "type": "Feature", "properties": { "P12_001": 10177, "P12_002": "水郷めぐり", "P12_003": "25", "P12_004": "25204", "P12_005": "‐", "P12_006": "近江八幡市北之庄町（ほか）", "P12_007": 1 }, "geometry": { "type": "MultiPoint", "coordinates": [ [ 136.096677500266537, 35.15037222220036 ] ] } },
{ "type": "Feature", "properties": { "P12_001": 10178, "P12_002": "八幡山ロープウェー", "P12_003": "25", "P12_004": "25204", "P12_005": "‐", "P12_006": "近江八幡市宮内町257", "P12_007": 2 }, "geometry": { "type": "MultiPoint", "coordinates": [ [ 136.088898999489288, 35.141330999526076 ] ] } },
{ "type": "Feature", "properties": { "P12_001": 10179, "P12_002": "安土城跡", "P12_003": "25", "P12_004": "25204", "P12_005": "‐", "P12_006": "近江八幡市安土町下豊浦", "P12_007": 2 }, "geometry": { "type": "MultiPoint", "coordinates": [ [ 136.139406000286726, 35.155919000461552 ] ] } },
{ "type": "Feature", "properties": { "P12_001": 10180, "P12_002": "佐佐木源氏　沙沙貴神社", "P12_003": "25", "P12_004": "25204", "P12_005": "‐", "P12_006": "近江八幡市安土町常楽寺1", "P12_007": 2 }, "geometry": { "type": "MultiPoint", "coordinates": [ [ 136.13454400000569, 35.136829999704787 ] ] } },
{ "type": "Feature", "properties": { "P12_001": 10181, "P12_002": "桑実寺", "P12_003": "25", "P12_004": "25204", "P12_005": "‐", "P12_006": "近江八幡市安土町桑実寺292", "P12_007": 2 }, "geometry": { "type": "MultiPoint", "coordinates": [ [ 136.154071000276531, 35.148140000560602 ] ] } },
{ "type": "Feature", "properties": { "P12_001": 10182, "P12_002": "八幡堀", "P12_003": "25", "P12_004": "25204", "P12_005": "‐", "P12_006": "近江八幡市", "P12_007": 2 }, "geometry": { "type": "MultiPoint", "coordinates": [ [ 136.097972756037962, 35.128345571590899 ] ] } },
{ "type": "Feature", "properties": { "P12_001": 10183, "P12_002": "かわらミュージアム", "P12_003": "25", "P12_004": "25204", "P12_005": "‐", "P12_006": "近江八幡市多賀町738-2", "P12_007": 2 }, "geometry": { "type": "MultiPoint", "coordinates": [ [ 136.091944999662019, 35.140608000359009 ] ] } },
{ "type": "Feature", "properties": { "P12_001": 10184, "P12_002": "安土城天主　信長の館", "P12_003": "25", "P12_004": "25204", "P12_005": "‐", "P12_006": "近江八幡市安土町桑実寺800", "P12_007": 2 }, "geometry": { "type": "MultiPoint", "coordinates": [ [ 136.148010282848304, 35.148763885445021 ] ] } },
{ "type": "Feature", "properties": { "P12_001": 10185, "P12_002": "滋賀県立安土城考古博物館", "P12_003": "25", "P12_004": "25204", "P12_005": "‐", "P12_006": "近江八幡市安土町下豊浦6678", "P12_007": 2 }, "geometry": { "type": "MultiPoint", "coordinates": [ [ 136.147764999954802, 35.149882222086944 ] ] } },
{ "type": "Feature", "properties": { "P12_001": 10186, "P12_002": "近江八幡市立資料館", "P12_003": "25", "P12_004": "25204", "P12_005": "‐", "P12_006": "近江八幡市新町2-22", "P12_007": 2 }, "geometry": { "type": "MultiPoint", "coordinates": [ [ 136.089237557367483, 35.137905442282374 ] ] } },
{ "type": "Feature", "properties": { "P12_001": 10187, "P12_002": "安土城郭資料館", "P12_003": "25", "P12_004": "25204", "P12_005": "‐", "P12_006": "近江八幡市安土町小中700", "P12_007": 2 }, "geometry": { "type": "MultiPoint", "coordinates": [ [ 136.133445555468029, 35.142015555373632 ] ] } },
{ "type": "Feature", "properties": { "P12_001": 10188, "P12_002": "あきんどの里", "P12_003": "25", "P12_004": "25204", "P12_005": "‐", "P12_006": "近江八幡市多賀町569", "P12_007": 5 }, "geometry": { "type": "MultiPoint", "coordinates": [ [ 136.095162499649746, 35.142121388491319 ] ] } },
{ "type": "Feature", "properties": { "P12_001": 10189, "P12_002": "びわこだいなか愛菜館", "P12_003": "25", "P12_004": "25204", "P12_005": "‐", "P12_006": "近江八幡市大中町450-5", "P12_007": 5 }, "geometry": { "type": "MultiPoint", "coordinates": [ [ 136.098416663198464, 35.188939167908302 ] ] } },
{ "type": "Feature", "properties": { "P12_001": 10190, "P12_002": "休暇村近江八幡", "P12_003": "25", "P12_004": "25204", "P12_005": "‐", "P12_006": "近江八幡市沖島町宮ヶ浜", "P12_007": 6 }, "geometry": { "type": "MultiPoint", "coordinates": [ [ 136.080715242614474, 35.188741916905997 ] ] } },
{ "type": "Feature", "properties": { "P12_001": 10191, "P12_002": "左義長まつり", "P12_003": "25", "P12_004": "25204", "P12_005": "‐", "P12_006": "近江八幡市宮内町257", "P12_007": 1 }, "geometry": { "type": "MultiPoint", "coordinates": [ [ 136.089650555728667, 35.1410355551468 ] ] } },
{ "type": "Feature", "properties": { "P12_001": 10192, "P12_002": "八幡まつり", "P12_003": "25", "P12_004": "25204", "P12_005": "‐", "P12_006": "近江八幡市宮内町257", "P12_007": 1 }, "geometry": { "type": "MultiPoint", "coordinates": [ [ 136.089650555728667, 35.1410355551468 ] ] } },
{ "type": "Feature", "properties": { "P12_001": 10193, "P12_002": "篠田の花火", "P12_003": "25", "P12_004": "25204", "P12_005": "‐", "P12_006": "近江八幡市上田町1615", "P12_007": 1 }, "geometry": { "type": "MultiPoint", "coordinates": [ [ 136.118025833625438, 35.11433305492659 ] ] } },
{ "type": "Feature", "properties": { "P12_001": 10194, "P12_002": "あづち信長まつり", "P12_003": "25", "P12_004": "25204", "P12_005": "‐", "P12_006": "近江八幡市桜宮町286", "P12_007": 1 }, "geometry": { "type": "MultiPoint", "coordinates": [ [ 136.097972756037962, 35.128345571590899 ] ] } },
{ "type": "Feature", "properties": { "P12_001": 10195, "P12_002": "八幡てんびんまつり", "P12_003": "25", "P12_004": "25204", "P12_005": "‐", "P12_006": "近江八幡市桜宮町（ほか）", "P12_007": 1 }, "geometry": { "type": "MultiPoint", "coordinates": [ [ 136.097972756037962, 35.128345571590899 ] ] } },
{ "type": "Feature", "properties": { "P12_001": 10196, "P12_002": "八幡堀まつり", "P12_003": "25", "P12_004": "25204", "P12_005": "‐", "P12_006": "近江八幡市", "P12_007": 1 }, "geometry": { "type": "MultiPoint", "coordinates": [ [ 136.097972756037962, 35.128345571590899 ] ] } },
{ "type": "Feature", "properties": { "P12_001": 10197, "P12_002": "草津宿街道交流館", "P12_003": "25", "P12_004": "25206", "P12_005": "‐", "P12_006": "草津市草津3-10-4", "P12_007": 2 }, "geometry": { "type": "MultiPoint", "coordinates": [ [ 135.959068610627924, 35.015657777184742 ] ] } },
{ "type": "Feature", "properties": { "P12_001": 10198, "P12_002": "水生植物公園みずの森", "P12_003": "25", "P12_004": "25206", "P12_005": "‐", "P12_006": "草津市下物町1091", "P12_007": 2 }, "geometry": { "type": "MultiPoint", "coordinates": [ [ 135.940457000590186, 35.073873000338722 ] ] } },
{ "type": "Feature", "properties": { "P12_001": 10199, "P12_002": "道の駅草津", "P12_003": "25", "P12_004": "25206", "P12_005": "‐", "P12_006": "草津市下物町1436", "P12_007": 6 }, "geometry": { "type": "MultiPoint", "coordinates": [ [ 135.939364721804509, 35.070086666566453 ] ] } },
{ "type": "Feature", "properties": { "P12_001": 10200, "P12_002": "ロックベイ　ガーデン", "P12_003": "25", "P12_004": "25206", "P12_005": "‐", "P12_006": "草津市下物町1431", "P12_007": 1 }, "geometry": { "type": "MultiPoint", "coordinates": [ [ 135.939962500269189, 35.069640278176337 ] ] } },
{ "type": "Feature", "properties": { "P12_001": 10201, "P12_002": "ロクハ公園", "P12_003": "25", "P12_004": "25206", "P12_005": "‐", "P12_006": "草津市追分町623", "P12_007": 4 }, "geometry": { "type": "MultiPoint", "coordinates": [ [ 135.968956944307592, 34.99672222235273 ] ] } },
{ "type": "Feature", "properties": { "P12_001": 10202, "P12_002": "矢橋帰帆島公園", "P12_003": "25", "P12_004": "25206", "P12_005": "‐", "P12_006": "草津市矢橋町2108", "P12_007": 4 }, "geometry": { "type": "MultiPoint", "coordinates": [ [ 135.914330173498797, 35.006109594082545 ] ] } },
{ "type": "Feature", "properties": { "P12_001": 10203, "P12_002": "草津宿本陣", "P12_003": "25", "P12_004": "25206", "P12_005": "‐", "P12_006": "草津市草津1-2-8", "P12_007": 2 }, "geometry": { "type": "MultiPoint", "coordinates": [ [ 135.960282500237213, 35.017733611217238 ] ] } },
{ "type": "Feature", "properties": { "P12_001": 10204, "P12_002": "三大神社", "P12_003": "25", "P12_004": "25206", "P12_005": "‐", "P12_006": "草津市志那町309", "P12_007": 1 }, "geometry": { "type": "MultiPoint", "coordinates": [ [ 135.937286945236451, 35.048313610384866 ] ] } },
{ "type": "Feature", "properties": { "P12_001": 10205, "P12_002": "立木神社", "P12_003": "25", "P12_004": "25206", "P12_005": "‐", "P12_006": "草津市草津4-1-3", "P12_007": 2 }, "geometry": { "type": "MultiPoint", "coordinates": [ [ 135.955980830650901, 35.013524723787043 ] ] } },
{ "type": "Feature", "properties": { "P12_001": 10206, "P12_002": "太田酒造（株）　道灌蔵・不盡蔵", "P12_003": "25", "P12_004": "25206", "P12_005": "‐", "P12_006": "草津市草津3-10-37", "P12_007": 2 }, "geometry": { "type": "MultiPoint", "coordinates": [ [ 135.958523055794444, 35.015143611388623 ] ] } },
{ "type": "Feature", "properties": { "P12_001": 10207, "P12_002": "宿場そば・うばがもちや", "P12_003": "25", "P12_004": "25206", "P12_005": "‐", "P12_006": "草津市追分町17", "P12_007": 5 }, "geometry": { "type": "MultiPoint", "coordinates": [ [ 135.964577000428335, 35.003237999434191 ] ] } },
{ "type": "Feature", "properties": { "P12_001": 10208, "P12_002": "草津宿場まつり", "P12_003": "25", "P12_004": "25206", "P12_005": "‐", "P12_006": "草津市草津3-13-30", "P12_007": 1 }, "geometry": { "type": "MultiPoint", "coordinates": [ [ 135.960258564781043, 35.013832703816263 ] ] } },
{ "type": "Feature", "properties": { "P12_001": 10209, "P12_002": "草津納涼まつり", "P12_003": "25", "P12_004": "25206", "P12_005": "‐", "P12_006": "草津市大路2-11-51", "P12_007": 1 }, "geometry": { "type": "MultiPoint", "coordinates": [ [ 135.968005165705904, 35.019192046275975 ] ] } },
{ "type": "Feature", "properties": { "P12_001": 10210, "P12_002": "くさつ街あかり", "P12_003": "25", "P12_004": "25206", "P12_005": "‐", "P12_006": "草津市草津3-13-30", "P12_007": 1 }, "geometry": { "type": "MultiPoint", "coordinates": [ [ 135.960258564781043, 35.013832703816263 ] ] } },
{ "type": "Feature", "properties": { "P12_001": 10211, "P12_002": "琵琶湖博物館", "P12_003": "25", "P12_004": "25206", "P12_005": "‐", "P12_006": "草津市下物町1091", "P12_007": 2 }, "geometry": { "type": "MultiPoint", "coordinates": [ [ 135.934888402078172, 35.074054813578812 ] ] } },
{ "type": "Feature", "properties": { "P12_001": 10212, "P12_002": "イナズマロックフェス", "P12_003": "25", "P12_004": "25206", "P12_005": "‐", "P12_006": "草津市下物町1091", "P12_007": 1 }, "geometry": { "type": "MultiPoint", "coordinates": [ [ 135.932802038783166, 35.074687452463991 ] ] } },
{ "type": "Feature", "properties": { "P12_001": 10213, "P12_002": "熱気球搭乗体験", "P12_003": "25", "P12_004": "25206", "P12_005": "‐", "P12_006": "草津市下物町1091", "P12_007": 1 }, "geometry": { "type": "MultiPoint", "coordinates": [ [ 135.935274612333501, 35.073333128321281 ] ] } },
{ "type": "Feature", "properties": { "P12_001": 10214, "P12_002": "みなくさまつり", "P12_003": "25", "P12_004": "25206", "P12_005": "‐", "P12_006": "草津市西渋川1", "P12_007": 1 }, "geometry": { "type": "MultiPoint", "coordinates": [ [ 135.960656299848438, 35.023115755088099 ] ] } },
{ "type": "Feature", "properties": { "P12_001": 10215, "P12_002": "大庄屋諏訪家屋敷", "P12_003": "25", "P12_004": "25207", "P12_005": "‐", "P12_006": "守山市赤野井町171", "P12_007": 2 }, "geometry": { "type": "MultiPoint", "coordinates": [ [ 135.968371944309865, 35.077608611448284 ] ] } },
{ "type": "Feature", "properties": { "P12_001": 10216, "P12_002": "琵琶湖レークサイドゴルフコース", "P12_003": "25", "P12_004": "25207", "P12_005": "‐", "P12_006": "守山市木浜町2300", "P12_007": 4 }, "geometry": { "type": "MultiPoint", "coordinates": [ [ 135.939291388386891, 35.099601944873882 ] ] } },
{ "type": "Feature", "properties": { "P12_001": 10217, "P12_002": "勝部神社", "P12_003": "25", "P12_004": "25207", "P12_005": "‐", "P12_006": "守山市勝部町1-8-8", "P12_007": 2 }, "geometry": { "type": "MultiPoint", "coordinates": [ [ 135.990692000535432, 35.050823000381229 ] ] } },
{ "type": "Feature", "properties": { "P12_001": 10218, "P12_002": "住吉神社", "P12_003": "25", "P12_004": "25207", "P12_005": "‐", "P12_006": "守山市浮気町152", "P12_007": 2 }, "geometry": { "type": "MultiPoint", "coordinates": [ [ 136.002160277574831, 35.050877777187736 ] ] } },
{ "type": "Feature", "properties": { "P12_001": 10219, "P12_002": "小津神社", "P12_003": "25", "P12_004": "25207", "P12_005": "‐", "P12_006": "守山市杉江町495", "P12_007": 2 }, "geometry": { "type": "MultiPoint", "coordinates": [ [ 135.959575176253452, 35.07302039717365 ] ] } },
{ "type": "Feature", "properties": { "P12_001": 10220, "P12_002": "下新川神社", "P12_003": "25", "P12_004": "25207", "P12_005": "‐", "P12_006": "守山市幸津川1365", "P12_007": 2 }, "geometry": { "type": "MultiPoint", "coordinates": [ [ 135.983820583852889, 35.108454880088686 ] ] } },
{ "type": "Feature", "properties": { "P12_001": 10221, "P12_002": "近江妙蓮公園", "P12_003": "25", "P12_004": "25207", "P12_005": "‐", "P12_006": "守山市中町39", "P12_007": 2 }, "geometry": { "type": "MultiPoint", "coordinates": [ [ 135.997610555183087, 35.086742500266212 ] ] } },
{ "type": "Feature", "properties": { "P12_001": 10222, "P12_002": "佐川美術館", "P12_003": "25", "P12_004": "25207", "P12_005": "‐", "P12_006": "守山市水保町北川2891", "P12_007": 2 }, "geometry": { "type": "MultiPoint", "coordinates": [ [ 135.946115833478984, 35.109144444260721 ] ] } },
{ "type": "Feature", "properties": { "P12_001": 10223, "P12_002": "守山市魚つり場", "P12_003": "25", "P12_004": "25207", "P12_005": "‐", "P12_006": "守山市木浜町", "P12_007": 4 }, "geometry": { "type": "MultiPoint", "coordinates": [ [ 135.939256000064461, 35.094819000396626 ] ] } },
{ "type": "Feature", "properties": { "P12_001": 10224, "P12_002": "もりやまバラ・ハーブ園", "P12_003": "25", "P12_004": "25207", "P12_005": "‐", "P12_006": "守山市幸津川町2840", "P12_007": 2 }, "geometry": { "type": "MultiPoint", "coordinates": [ [ 135.971777247022374, 35.109584016689098 ] ] } },
{ "type": "Feature", "properties": { "P12_001": 10225, "P12_002": "もりやま芦刈園", "P12_003": "25", "P12_004": "25207", "P12_005": "‐", "P12_006": "守山市杉江町地先", "P12_007": 2 }, "geometry": { "type": "MultiPoint", "coordinates": [ [ 135.952254999668526, 35.077719000531488 ] ] } },
{ "type": "Feature", "properties": { "P12_001": 10226, "P12_002": "もりやまフルーツランド", "P12_003": "25", "P12_004": "25207", "P12_005": "‐", "P12_006": "守山市幸津川町4279", "P12_007": 5 }, "geometry": { "type": "MultiPoint", "coordinates": [ [ 135.970639722445299, 35.120241667319135 ] ] } },
{ "type": "Feature", "properties": { "P12_001": 10227, "P12_002": "ほたるの森資料館", "P12_003": "25", "P12_004": "25207", "P12_005": "‐", "P12_006": "守山市三宅町10", "P12_007": 2 }, "geometry": { "type": "MultiPoint", "coordinates": [ [ 135.980069444149535, 35.065275277432136 ] ] } },
{ "type": "Feature", "properties": { "P12_001": 10228, "P12_002": "埋蔵文化財センター", "P12_003": "25", "P12_004": "25207", "P12_005": "‐", "P12_006": "守山市服部町2250", "P12_007": 2 }, "geometry": { "type": "MultiPoint", "coordinates": [ [ 135.992558611790514, 35.108015832864453 ] ] } },
{ "type": "Feature", "properties": { "P12_001": 10229, "P12_002": "第１なぎさ公園", "P12_003": "25", "P12_004": "25207", "P12_005": "‐", "P12_006": "守山市今浜町地先", "P12_007": 1 }, "geometry": { "type": "MultiPoint", "coordinates": [ [ 135.950564977491808, 35.12653762581084 ] ] } },
{ "type": "Feature", "properties": { "P12_001": 10230, "P12_002": "第２なぎさ公園水泳場", "P12_003": "25", "P12_004": "25207", "P12_005": "‐", "P12_006": "守山市今浜町地先", "P12_007": 4 }, "geometry": { "type": "MultiPoint", "coordinates": [ [ 135.95600270665966, 35.126359786674868 ] ] } },
{ "type": "Feature", "properties": { "P12_001": 10231, "P12_002": "みさき自然公園", "P12_003": "25", "P12_004": "25207", "P12_005": "‐", "P12_006": "守山市今浜町地先", "P12_007": 4 }, "geometry": { "type": "MultiPoint", "coordinates": [ [ 135.954166999707354, 35.120983999212228 ] ] } },
{ "type": "Feature", "properties": { "P12_001": 10232, "P12_002": "中山道街道文化交流館", "P12_003": "25", "P12_004": "25207", "P12_005": "‐", "P12_006": "守山市守山1-8-14", "P12_007": 2 }, "geometry": { "type": "MultiPoint", "coordinates": [ [ 135.992425000413505, 35.055586944881668 ] ] } },
{ "type": "Feature", "properties": { "P12_001": 10233, "P12_002": "ファーマーズマーケットおうみんち", "P12_003": "25", "P12_004": "25207", "P12_005": "‐", "P12_006": "守山市洲本町2785", "P12_007": 5 }, "geometry": { "type": "MultiPoint", "coordinates": [ [ 135.971879999962084, 35.089582499932476 ] ] } },
{ "type": "Feature", "properties": { "P12_001": 10234, "P12_002": "もりやま夏まつり", "P12_003": "25", "P12_004": "25207", "P12_005": "‐", "P12_006": "守山市梅田町（ほか）", "P12_007": 1 }, "geometry": { "type": "MultiPoint", "coordinates": [ [ 135.994852995469387, 35.052278511743964 ] ] } },
{ "type": "Feature", "properties": { "P12_001": 10235, "P12_002": "ぐるり蓮の旅（ハスバス）", "P12_003": "25", "P12_004": "25207", "P12_005": "‐", "P12_006": "守山市内", "P12_007": 1 }, "geometry": { "type": "MultiPoint", "coordinates": [ [ 135.994440277696754, 35.058904444084874 ] ] } },
{ "type": "Feature", "properties": { "P12_001": 10236, "P12_002": "ほたるパーク＆ウォーク", "P12_003": "25", "P12_004": "25207", "P12_005": "‐", "P12_006": "守山市内", "P12_007": 1 }, "geometry": { "type": "MultiPoint", "coordinates": [ [ 135.994440277696754, 35.058904444084874 ] ] } },
{ "type": "Feature", "properties": { "P12_001": 10237, "P12_002": "もりやまいち", "P12_003": "25", "P12_004": "25207", "P12_005": "‐", "P12_006": "守山市守山1", "P12_007": 1 }, "geometry": { "type": "MultiPoint", "coordinates": [ [ 135.992940833552666, 35.05436972238482 ] ] } },
{ "type": "Feature", "properties": { "P12_001": 10238, "P12_002": "もりやまハーフマラソン", "P12_003": "25", "P12_004": "25207", "P12_005": "‐", "P12_006": "守山市内", "P12_007": 1 }, "geometry": { "type": "MultiPoint", "coordinates": [ [ 135.994440277696754, 35.058904444084874 ] ] } },
{ "type": "Feature", "properties": { "P12_001": 10239, "P12_002": "お満燈籠伝説大火祭り", "P12_003": "25", "P12_004": "25207", "P12_005": "‐", "P12_006": "守山市内", "P12_007": 1 }, "geometry": { "type": "MultiPoint", "coordinates": [ [ 135.994440277696754, 35.058904444084874 ] ] } },
{ "type": "Feature", "properties": { "P12_001": 10240, "P12_002": "東門院門前アート市", "P12_003": "25", "P12_004": "25207", "P12_005": "‐", "P12_006": "守山市守山2-2-46", "P12_007": 1 }, "geometry": { "type": "MultiPoint", "coordinates": [ [ 135.991134722389575, 35.055872777306888 ] ] } },
{ "type": "Feature", "properties": { "P12_001": 10241, "P12_002": "和っと守山中山道", "P12_003": "25", "P12_004": "25207", "P12_005": "‐", "P12_006": "守山市", "P12_007": 1 }, "geometry": { "type": "MultiPoint", "coordinates": [ [ 135.994440277696754, 35.058904444084874 ] ] } },
{ "type": "Feature", "properties": { "P12_001": 10242, "P12_002": "勝部の火祭り", "P12_003": "25", "P12_004": "25207", "P12_005": "‐", "P12_006": "守山市勝部町1-8-8", "P12_007": 1 }, "geometry": { "type": "MultiPoint", "coordinates": [ [ 135.990692000535432, 35.050825999620258 ] ] } },
{ "type": "Feature", "properties": { "P12_001": 10243, "P12_002": "すし切りまつり", "P12_003": "25", "P12_004": "25207", "P12_005": "‐", "P12_006": "守山市幸津川1365", "P12_007": 1 }, "geometry": { "type": "MultiPoint", "coordinates": [ [ 135.983353610880499, 35.108354444701888 ] ] } },
{ "type": "Feature", "properties": { "P12_001": 10244, "P12_002": "長刀まつり", "P12_003": "25", "P12_004": "25207", "P12_005": "‐", "P12_006": "守山市杉江町495", "P12_007": 1 }, "geometry": { "type": "MultiPoint", "coordinates": [ [ 135.960006944365091, 35.072706666879242 ] ] } },
{ "type": "Feature", "properties": { "P12_001": 10245, "P12_002": "栗東自然観察の森", "P12_003": "25", "P12_004": "25208", "P12_005": "‐", "P12_006": "栗東市安養寺178-2", "P12_007": 2 }, "geometry": { "type": "MultiPoint", "coordinates": [ [ 136.006019444741696, 35.016324999499204 ] ] } },
{ "type": "Feature", "properties": { "P12_001": 10246, "P12_002": "栗東歴史民俗博物館", "P12_003": "25", "P12_004": "25208", "P12_005": "‐", "P12_006": "栗東市小野223-8", "P12_007": 2 }, "geometry": { "type": "MultiPoint", "coordinates": [ [ 136.008783055993263, 35.017917500092608 ] ] } },
{ "type": "Feature", "properties": { "P12_001": 10247, "P12_002": "栗東市出土文化財センター", "P12_003": "25", "P12_004": "25208", "P12_005": "‐", "P12_006": "栗東市下戸山47", "P12_007": 2 }, "geometry": { "type": "MultiPoint", "coordinates": [ [ 135.99387339813893, 35.013084140520732 ] ] } },
{ "type": "Feature", "properties": { "P12_001": 10248, "P12_002": "金勝山県民の森", "P12_003": "25", "P12_004": "25208", "P12_005": "‐", "P12_006": "栗東市荒張、観音寺", "P12_007": 1 }, "geometry": { "type": "MultiPoint", "coordinates": [ [ 136.038333999614451, 34.969679999632319 ] ] } },
{ "type": "Feature", "properties": { "P12_001": 10249, "P12_002": "野洲川ローンプレーフィールド", "P12_003": "25", "P12_004": "25208", "P12_005": "‐", "P12_006": "栗東市出庭2083", "P12_007": 4 }, "geometry": { "type": "MultiPoint", "coordinates": [ [ 136.011706944419984, 35.04754305506799 ] ] } },
{ "type": "Feature", "properties": { "P12_001": 10250, "P12_002": "日向山石段", "P12_003": "25", "P12_004": "25208", "P12_005": "‐", "P12_006": "栗東市六地蔵", "P12_007": 2 }, "geometry": { "type": "MultiPoint", "coordinates": [ [ 136.023869626681972, 35.022777413946528 ] ] } },
{ "type": "Feature", "properties": { "P12_001": 10251, "P12_002": "こんぜの里　バンガロー村", "P12_003": "25", "P12_004": "25208", "P12_005": "‐", "P12_006": "栗東市観音寺535", "P12_007": 4 }, "geometry": { "type": "MultiPoint", "coordinates": [ [ 136.0411186109352, 34.969678611079075 ] ] } },
{ "type": "Feature", "properties": { "P12_001": 10252, "P12_002": "こんぜの里　森遊館", "P12_003": "25", "P12_004": "25208", "P12_005": "‐", "P12_006": "栗東市観音寺537-1", "P12_007": 4 }, "geometry": { "type": "MultiPoint", "coordinates": [ [ 136.042250000337276, 34.966975555677379 ] ] } },
{ "type": "Feature", "properties": { "P12_001": 10253, "P12_002": "こんぜの里　森の未来館", "P12_003": "25", "P12_004": "25208", "P12_005": "‐", "P12_006": "栗東市観音寺459-20", "P12_007": 4 }, "geometry": { "type": "MultiPoint", "coordinates": [ [ 136.042338889328335, 34.963943334017699 ] ] } },
{ "type": "Feature", "properties": { "P12_001": 10254, "P12_002": "金勝山ハイキングコース", "P12_003": "25", "P12_004": "25208", "P12_005": "‐", "P12_006": "栗東市", "P12_007": 1 }, "geometry": { "type": "MultiPoint", "coordinates": [ [ 135.997923610985936, 35.021491944597642 ] ] } },
{ "type": "Feature", "properties": { "P12_001": 10255, "P12_002": "栗東夏まつり", "P12_003": "25", "P12_004": "25208", "P12_005": "‐", "P12_006": "栗東市", "P12_007": 1 }, "geometry": { "type": "MultiPoint", "coordinates": [ [ 135.997923610985936, 35.021491944597642 ] ] } },
{ "type": "Feature", "properties": { "P12_001": 10256, "P12_002": "大池寺", "P12_003": "25", "P12_004": "25209", "P12_005": "‐", "P12_006": "甲賀市水口町名坂1168", "P12_007": 1 }, "geometry": { "type": "MultiPoint", "coordinates": [ [ 136.17195100013862, 34.983847999185855 ] ] } },
{ "type": "Feature", "properties": { "P12_001": 10257, "P12_002": "みなくち子どもの森", "P12_003": "25", "P12_004": "25209", "P12_005": "‐", "P12_006": "甲賀市水口町北内貴10", "P12_007": 1 }, "geometry": { "type": "MultiPoint", "coordinates": [ [ 136.167383611464516, 34.956748611059595 ] ] } },
{ "type": "Feature", "properties": { "P12_001": 10258, "P12_002": "水口歴史民俗資料館", "P12_003": "25", "P12_004": "25209", "P12_005": "‐", "P12_006": "甲賀市水口町水口5368", "P12_007": 2 }, "geometry": { "type": "MultiPoint", "coordinates": [ [ 136.166392000090809, 34.967969999915624 ] ] } },
{ "type": "Feature", "properties": { "P12_001": 10259, "P12_002": "水口城資料館", "P12_003": "25", "P12_004": "25209", "P12_005": "‐", "P12_006": "甲賀市水口町本丸4103", "P12_007": 2 }, "geometry": { "type": "MultiPoint", "coordinates": [ [ 136.165577000278404, 34.970112000668337 ] ] } },
{ "type": "Feature", "properties": { "P12_001": 10260, "P12_002": "名神竜王カントリー倶楽部", "P12_003": "25", "P12_004": "25209", "P12_005": "‐", "P12_006": "甲賀市水口町春日1616", "P12_007": 4 }, "geometry": { "type": "MultiPoint", "coordinates": [ [ 136.164306666519565, 35.029995277360229 ] ] } },
{ "type": "Feature", "properties": { "P12_001": 10261, "P12_002": "滋賀ゴルフクラブ", "P12_003": "25", "P12_004": "25209", "P12_005": "‐", "P12_006": "甲賀市水口町嶬峨1115", "P12_007": 4 }, "geometry": { "type": "MultiPoint", "coordinates": [ [ 136.196969168192595, 34.945305551909769 ] ] } },
{ "type": "Feature", "properties": { "P12_001": 10262, "P12_002": "ベアズパウジャパンカントリークラブ", "P12_003": "25", "P12_004": "25209", "P12_005": "‐", "P12_006": "甲賀市水口町春日146", "P12_007": 4 }, "geometry": { "type": "MultiPoint", "coordinates": [ [ 136.168274722700403, 35.01478944487701 ] ] } },
{ "type": "Feature", "properties": { "P12_001": 10263, "P12_002": "水口スポーツの森", "P12_003": "25", "P12_004": "25209", "P12_005": "‐", "P12_006": "甲賀市水口町北内貴230", "P12_007": 4 }, "geometry": { "type": "MultiPoint", "coordinates": [ [ 136.161937777606454, 34.959739722010625 ] ] } },
{ "type": "Feature", "properties": { "P12_001": 10264, "P12_002": "水口曳山祭", "P12_003": "25", "P12_004": "25209", "P12_005": "‐", "P12_006": "甲賀市水口町宮の前3-14", "P12_007": 1 }, "geometry": { "type": "MultiPoint", "coordinates": [ [ 136.167852774286189, 34.967175835596379 ] ] } },
{ "type": "Feature", "properties": { "P12_001": 10265, "P12_002": "甲賀夏まつり", "P12_003": "25", "P12_004": "25209", "P12_005": "‐", "P12_006": "甲賀市水口町水口6053", "P12_007": 1 }, "geometry": { "type": "MultiPoint", "coordinates": [ [ 136.166785833899212, 34.966114444925722 ] ] } },
{ "type": "Feature", "properties": { "P12_001": 10266, "P12_002": "杣川夏まつり", "P12_003": "25", "P12_004": "25209", "P12_005": "‐", "P12_006": "甲賀市水口町貴生川308-1", "P12_007": 1 }, "geometry": { "type": "MultiPoint", "coordinates": [ [ 136.15163111168647, 34.952240555157573 ] ] } },
{ "type": "Feature", "properties": { "P12_001": 10267, "P12_002": "田村神社（万燈祭・田村祭含む）", "P12_003": "25", "P12_004": "25209", "P12_005": "‐", "P12_006": "甲賀市土山町北土山470", "P12_007": 1 }, "geometry": { "type": "MultiPoint", "coordinates": [ [ 136.298473889358547, 34.930613333038934 ] ] } },
{ "type": "Feature", "properties": { "P12_001": 10268, "P12_002": "東海道伝馬館", "P12_003": "25", "P12_004": "25209", "P12_005": "‐", "P12_006": "甲賀市土山町北土山1570", "P12_007": 2 }, "geometry": { "type": "MultiPoint", "coordinates": [ [ 136.283348999456848, 34.935538999924972 ] ] } },
{ "type": "Feature", "properties": { "P12_001": 10269, "P12_002": "黒滝遊漁場", "P12_003": "25", "P12_004": "25209", "P12_005": "‐", "P12_006": "甲賀市土山町黒滝466", "P12_007": 4 }, "geometry": { "type": "MultiPoint", "coordinates": [ [ 136.349099999965119, 34.936152999461399 ] ] } },
{ "type": "Feature", "properties": { "P12_001": 10270, "P12_002": "名神栗東カントリー倶楽部", "P12_003": "25", "P12_004": "25209", "P12_005": "‐", "P12_006": "甲賀市土山町大野4970", "P12_007": 4 }, "geometry": { "type": "MultiPoint", "coordinates": [ [ 136.261263999933703, 34.957519000001923 ] ] } },
{ "type": "Feature", "properties": { "P12_001": 10271, "P12_002": "双鈴ゴルフクラブ　土山コース", "P12_003": "25", "P12_004": "25209", "P12_005": "‐", "P12_006": "甲賀市土山町南土山1118", "P12_007": 4 }, "geometry": { "type": "MultiPoint", "coordinates": [ [ 136.296737499935716, 34.91856722269921 ] ] } },
{ "type": "Feature", "properties": { "P12_001": 10272, "P12_002": "ダイヤモンド滋賀カントリークラブ", "P12_003": "25", "P12_004": "25209", "P12_005": "‐", "P12_006": "甲賀市土山町黒川1711", "P12_007": 4 }, "geometry": { "type": "MultiPoint", "coordinates": [ [ 136.338516110829914, 34.928380277727683 ] ] } },
{ "type": "Feature", "properties": { "P12_001": 10273, "P12_002": "青土ダムエコーバレイ", "P12_003": "25", "P12_004": "25209", "P12_005": "‐", "P12_006": "甲賀市土山町青土101-7", "P12_007": 1 }, "geometry": { "type": "MultiPoint", "coordinates": [ [ 136.304841000411898, 34.95248500078219 ] ] } },
{ "type": "Feature", "properties": { "P12_001": 10274, "P12_002": "リップルＣＨＡＣＨＡ", "P12_003": "25", "P12_004": "25209", "P12_005": "‐", "P12_006": "甲賀市土山町鮎河2642", "P12_007": 4 }, "geometry": { "type": "MultiPoint", "coordinates": [ [ 136.316918000665282, 34.950521000144079 ] ] } },
{ "type": "Feature", "properties": { "P12_001": 10275, "P12_002": "道の駅「あいの土山」", "P12_003": "25", "P12_004": "25209", "P12_005": "‐", "P12_006": "甲賀市土山町北土山2900", "P12_007": 5 }, "geometry": { "type": "MultiPoint", "coordinates": [ [ 136.295672000262698, 34.927780000046994 ] ] } },
{ "type": "Feature", "properties": { "P12_001": 10276, "P12_002": "うぐい川　咲くや鮎河さくらまつりホタル鑑賞", "P12_003": "25", "P12_004": "25209", "P12_005": "‐", "P12_006": "甲賀市土山町鮎河878", "P12_007": 1 }, "geometry": { "type": "MultiPoint", "coordinates": [ [ 136.341092777309882, 34.961842778521486 ] ] } },
{ "type": "Feature", "properties": { "P12_001": 10277, "P12_002": "あいの土山マラソン", "P12_003": "25", "P12_004": "25209", "P12_005": "‐", "P12_006": "甲賀市土山町北土山1715", "P12_007": 4 }, "geometry": { "type": "MultiPoint", "coordinates": [ [ 136.282841666709601, 34.937961110716742 ] ] } },
{ "type": "Feature", "properties": { "P12_001": 10278, "P12_002": "櫟野寺", "P12_003": "25", "P12_004": "25209", "P12_005": "‐", "P12_006": "甲賀市甲賀町櫟野1359", "P12_007": 2 }, "geometry": { "type": "MultiPoint", "coordinates": [ [ 136.252494752930602, 34.897100151850566 ] ] } },
{ "type": "Feature", "properties": { "P12_001": 10279, "P12_002": "油日神社（歴史民俗資料館含む）", "P12_003": "25", "P12_004": "25209", "P12_005": "‐", "P12_006": "甲賀市甲賀町油日1042", "P12_007": 2 }, "geometry": { "type": "MultiPoint", "coordinates": [ [ 136.249791736199768, 34.886991308002507 ] ] } },
{ "type": "Feature", "properties": { "P12_001": 10280, "P12_002": "大甲賀カントリークラブ", "P12_003": "25", "P12_004": "25209", "P12_005": "‐", "P12_006": "甲賀市甲賀町油日1695", "P12_007": 4 }, "geometry": { "type": "MultiPoint", "coordinates": [ [ 136.258032222309225, 34.880837499950701 ] ] } },
{ "type": "Feature", "properties": { "P12_001": 10281, "P12_002": "コムウッドゴルフクラブ", "P12_003": "25", "P12_004": "25209", "P12_005": "‐", "P12_006": "甲賀市甲賀町大原上田111", "P12_007": 4 }, "geometry": { "type": "MultiPoint", "coordinates": [ [ 136.260399999660308, 34.916380556217746 ] ] } },
{ "type": "Feature", "properties": { "P12_001": 10282, "P12_002": "富士スタジアムゴルフ倶楽部", "P12_003": "25", "P12_004": "25209", "P12_005": "‐", "P12_006": "甲賀市甲賀町五反田547", "P12_007": 4 }, "geometry": { "type": "MultiPoint", "coordinates": [ [ 136.237125832890911, 34.863675833572927 ] ] } },
{ "type": "Feature", "properties": { "P12_001": 10283, "P12_002": "甲賀もちふる里館", "P12_003": "25", "P12_004": "25209", "P12_005": "‐", "P12_006": "甲賀市甲賀町小佐治2121-1", "P12_007": 5 }, "geometry": { "type": "MultiPoint", "coordinates": [ [ 136.217283999756887, 34.934638999790081 ] ] } },
{ "type": "Feature", "properties": { "P12_001": 10284, "P12_002": "甲賀観光センター", "P12_003": "25", "P12_004": "25209", "P12_005": "‐", "P12_006": "甲賀市甲賀町大久保507-2（甲賀創建館内）", "P12_007": 5 }, "geometry": { "type": "MultiPoint", "coordinates": [ [ 136.231519000601452, 34.901516000263257 ] ] } },
{ "type": "Feature", "properties": { "P12_001": 10285, "P12_002": "大原祇園まつり", "P12_003": "25", "P12_004": "25209", "P12_005": "‐", "P12_006": "甲賀市甲賀町鳥居野783", "P12_007": 1 }, "geometry": { "type": "MultiPoint", "coordinates": [ [ 136.222191000314524, 34.912654000381849 ] ] } },
{ "type": "Feature", "properties": { "P12_001": 10286, "P12_002": "ござれＧＯ−ＳＨＵ！", "P12_003": "25", "P12_004": "25209", "P12_005": "‐", "P12_006": "甲賀市甲賀町相模173-1　", "P12_007": 6 }, "geometry": { "type": "MultiPoint", "coordinates": [ [ 136.216547499967191, 34.903419166261585 ] ] } },
{ "type": "Feature", "properties": { "P12_001": 10287, "P12_002": "ビジネスホテル山水", "P12_003": "25", "P12_004": "25209", "P12_005": "‐", "P12_006": "甲賀市甲賀町大原市場345", "P12_007": 3 }, "geometry": { "type": "MultiPoint", "coordinates": [ [ 136.209455555129807, 34.904990000388239 ] ] } },
{ "type": "Feature", "properties": { "P12_001": 10288, "P12_002": "くすり学習館", "P12_003": "25", "P12_004": "25209", "P12_005": "‐", "P12_006": "甲賀市甲賀町大原中898-1", "P12_007": 2 }, "geometry": { "type": "MultiPoint", "coordinates": [ [ 136.228934000104118, 34.9003020000373 ] ] } },
{ "type": "Feature", "properties": { "P12_001": 10289, "P12_002": "和太鼓サウンド夢の森", "P12_003": "25", "P12_004": "25209", "P12_005": "‐", "P12_006": "甲賀市甲賀町大久保507-2", "P12_007": 1 }, "geometry": { "type": "MultiPoint", "coordinates": [ [ 136.231519000601452, 34.901516000263257 ] ] } },
{ "type": "Feature", "properties": { "P12_001": 10290, "P12_002": "六角堂", "P12_003": "25", "P12_004": "25209", "P12_005": "‐", "P12_006": "甲賀市甲南町野田810", "P12_007": 2 }, "geometry": { "type": "MultiPoint", "coordinates": [ [ 136.183241000072144, 34.917377999694963 ] ] } },
{ "type": "Feature", "properties": { "P12_001": 10291, "P12_002": "甲賀流忍術屋敷", "P12_003": "25", "P12_004": "25209", "P12_005": "‐", "P12_006": "甲賀市甲南町竜法師2331", "P12_007": 2 }, "geometry": { "type": "MultiPoint", "coordinates": [ [ 136.167369000179292, 34.91846000012896 ] ] } },
{ "type": "Feature", "properties": { "P12_001": 10292, "P12_002": "成田ふれあい牧場", "P12_003": "25", "P12_004": "25209", "P12_005": "‐", "P12_006": "甲賀市甲南町新治696", "P12_007": 4 }, "geometry": { "type": "MultiPoint", "coordinates": [ [ 136.160417499767846, 34.909568888693286 ] ] } },
{ "type": "Feature", "properties": { "P12_001": 10293, "P12_002": "甲南へらの池", "P12_003": "25", "P12_004": "25209", "P12_005": "‐", "P12_006": "甲賀市甲南町柑子1451", "P12_007": 4 }, "geometry": { "type": "MultiPoint", "coordinates": [ [ 136.16645527818855, 34.895016388495605 ] ] } },
{ "type": "Feature", "properties": { "P12_001": 10294, "P12_002": "センチュリー・シガ・ゴルフクラブ", "P12_003": "25", "P12_004": "25209", "P12_005": "‐", "P12_006": "甲賀市甲南町池田2118", "P12_007": 4 }, "geometry": { "type": "MultiPoint", "coordinates": [ [ 136.185917499393099, 34.903036666608955 ] ] } },
{ "type": "Feature", "properties": { "P12_001": 10295, "P12_002": "滋賀甲南カントリークラブ", "P12_003": "25", "P12_004": "25209", "P12_005": "‐", "P12_006": "甲賀市甲南町寺庄151", "P12_007": 4 }, "geometry": { "type": "MultiPoint", "coordinates": [ [ 136.196247777912731, 34.915097222758675 ] ] } },
{ "type": "Feature", "properties": { "P12_001": 10296, "P12_002": "宮乃温泉", "P12_003": "25", "P12_004": "25209", "P12_005": "‐", "P12_006": "甲賀市甲南町杉谷364-1", "P12_007": 3 }, "geometry": { "type": "MultiPoint", "coordinates": [ [ 136.156022999461925, 34.925759000377639 ] ] } },
{ "type": "Feature", "properties": { "P12_001": 10297, "P12_002": "塩野温泉", "P12_003": "25", "P12_004": "25209", "P12_005": "‐", "P12_006": "甲賀市甲南町塩野269", "P12_007": 3 }, "geometry": { "type": "MultiPoint", "coordinates": [ [ 136.150479000105861, 34.930849999527879 ] ] } },
{ "type": "Feature", "properties": { "P12_001": 10298, "P12_002": "紫香楽宮跡（宮町遺跡・甲賀寺跡）", "P12_003": "25", "P12_004": "25209", "P12_005": "‐", "P12_006": "甲賀市信楽町宮町　および　牧", "P12_007": 2 }, "geometry": { "type": "MultiPoint", "coordinates": [ [ 136.082698356544029, 34.918282657418729 ] ] } },
{ "type": "Feature", "properties": { "P12_001": 10299, "P12_002": "信楽伝統産業会館", "P12_003": "25", "P12_004": "25209", "P12_005": "‐", "P12_006": "甲賀市信楽町長野1142", "P12_007": 2 }, "geometry": { "type": "MultiPoint", "coordinates": [ [ 136.056532222783972, 34.87853027755034 ] ] } },
{ "type": "Feature", "properties": { "P12_001": 10300, "P12_002": "陶芸の森（産業展示館・陶芸館）", "P12_003": "25", "P12_004": "25209", "P12_005": "‐", "P12_006": "甲賀市信楽町勅旨2188-7", "P12_007": 5 }, "geometry": { "type": "MultiPoint", "coordinates": [ [ 136.058619999813232, 34.886209000345161 ] ] } },
{ "type": "Feature", "properties": { "P12_001": 10301, "P12_002": "ＭＩＨＯ　ＭＵＳＥＵＭ", "P12_003": "25", "P12_004": "25209", "P12_005": "‐", "P12_006": "甲賀市信楽桃谷300", "P12_007": 6 }, "geometry": { "type": "MultiPoint", "coordinates": [ [ 136.016163999768878, 34.914869999151165 ] ] } },
{ "type": "Feature", "properties": { "P12_001": 10302, "P12_002": "秀明自然農法　しがらきの里", "P12_003": "25", "P12_004": "25209", "P12_005": "‐", "P12_006": "甲賀市信楽町田代316", "P12_007": 6 }, "geometry": { "type": "MultiPoint", "coordinates": [ [ 136.017833999439631, 34.908933000557568 ] ] } },
{ "type": "Feature", "properties": { "P12_001": 10303, "P12_002": "信楽陶舗大小屋", "P12_003": "25", "P12_004": "25209", "P12_005": "‐", "P12_006": "甲賀市信楽町勅旨2349", "P12_007": 6 }, "geometry": { "type": "MultiPoint", "coordinates": [ [ 136.062208999845552, 34.886720999674424 ] ] } },
{ "type": "Feature", "properties": { "P12_001": 10304, "P12_002": "（株）信楽陶苑　たぬき村", "P12_003": "25", "P12_004": "25209", "P12_005": "‐", "P12_006": "甲賀市信楽町牧1293-2", "P12_007": 5 }, "geometry": { "type": "MultiPoint", "coordinates": [ [ 136.077051944191908, 34.914324444317685 ] ] } },
{ "type": "Feature", "properties": { "P12_001": 10305, "P12_002": "（株）澤善", "P12_003": "25", "P12_004": "25209", "P12_005": "‐", "P12_006": "甲賀市信楽町勅旨1424-1", "P12_007": 6 }, "geometry": { "type": "MultiPoint", "coordinates": [ [ 136.072562777650091, 34.895746110994253 ] ] } },
{ "type": "Feature", "properties": { "P12_001": 10306, "P12_002": "（株）信楽陶芸村", "P12_003": "25", "P12_004": "25209", "P12_005": "‐", "P12_006": "甲賀市信楽町長野1131", "P12_007": 6 }, "geometry": { "type": "MultiPoint", "coordinates": [ [ 136.056964445053154, 34.880230000713993 ] ] } },
{ "type": "Feature", "properties": { "P12_001": 10307, "P12_002": "（株）宗陶苑", "P12_003": "25", "P12_004": "25209", "P12_005": "‐", "P12_006": "甲賀市信楽町長野1423-13", "P12_007": 6 }, "geometry": { "type": "MultiPoint", "coordinates": [ [ 136.047790999555104, 34.877010000611108 ] ] } },
{ "type": "Feature", "properties": { "P12_001": 10308, "P12_002": "マルタカ陶器（株）遊器陶舎", "P12_003": "25", "P12_004": "25209", "P12_005": "‐", "P12_006": "甲賀市信楽町勅旨2344", "P12_007": 6 }, "geometry": { "type": "MultiPoint", "coordinates": [ [ 136.063095000234171, 34.887884166621063 ] ] } },
{ "type": "Feature", "properties": { "P12_001": 10309, "P12_002": "朝宮ゴルフコース", "P12_003": "25", "P12_004": "25209", "P12_005": "‐", "P12_006": "甲賀市信楽町上朝宮1-1", "P12_007": 4 }, "geometry": { "type": "MultiPoint", "coordinates": [ [ 136.001240000425696, 34.8498869998852 ] ] } },
{ "type": "Feature", "properties": { "P12_001": 10310, "P12_002": "紫香楽国際カントリークラブ", "P12_003": "25", "P12_004": "25209", "P12_005": "‐", "P12_006": "甲賀市信楽町長野1532-2", "P12_007": 4 }, "geometry": { "type": "MultiPoint", "coordinates": [ [ 136.050372222000533, 34.892512499652184 ] ] } },
{ "type": "Feature", "properties": { "P12_001": 10311, "P12_002": "オレンジシガカントリークラブ", "P12_003": "25", "P12_004": "25209", "P12_005": "‐", "P12_006": "甲賀市信楽町宮町1000", "P12_007": 4 }, "geometry": { "type": "MultiPoint", "coordinates": [ [ 136.09575499729533, 34.944886111704761 ] ] } },
{ "type": "Feature", "properties": { "P12_001": 10312, "P12_002": "ザ・カントリークラブ", "P12_003": "25", "P12_004": "25209", "P12_005": "‐", "P12_006": "甲賀市信楽町牧1782-2", "P12_007": 4 }, "geometry": { "type": "MultiPoint", "coordinates": [ [ 136.044393610876455, 34.900269721570453 ] ] } },
{ "type": "Feature", "properties": { "P12_001": 10313, "P12_002": "滋賀カントリー倶楽部", "P12_003": "25", "P12_004": "25209", "P12_005": "‐", "P12_006": "甲賀市信楽町上朝宮1224", "P12_007": 4 }, "geometry": { "type": "MultiPoint", "coordinates": [ [ 136.00832833268646, 34.869189721828263 ] ] } },
{ "type": "Feature", "properties": { "P12_001": 10314, "P12_002": "信楽カントリー倶楽部　田代コース", "P12_003": "25", "P12_004": "25209", "P12_005": "‐", "P12_006": "甲賀市信楽町田代763", "P12_007": 4 }, "geometry": { "type": "MultiPoint", "coordinates": [ [ 136.015901108149706, 34.892035278005721 ] ] } },
{ "type": "Feature", "properties": { "P12_001": 10315, "P12_002": "信楽カントリー倶楽部　杉山コース", "P12_003": "25", "P12_004": "25209", "P12_005": "‐", "P12_006": "甲賀市信楽町畑55-1", "P12_007": 4 }, "geometry": { "type": "MultiPoint", "coordinates": [ [ 136.01885111108993, 34.885252222412191 ] ] } },
{ "type": "Feature", "properties": { "P12_001": 10316, "P12_002": "デイリー信楽カントリー倶楽部", "P12_003": "25", "P12_004": "25209", "P12_005": "‐", "P12_006": "甲賀市信楽町多羅尾1577", "P12_007": 4 }, "geometry": { "type": "MultiPoint", "coordinates": [ [ 136.032857000650097, 34.819430000094485 ] ] } },
{ "type": "Feature", "properties": { "P12_001": 10317, "P12_002": "メイプルヒルズゴルフ倶楽部", "P12_003": "25", "P12_004": "25209", "P12_005": "‐", "P12_006": "甲賀市信楽町田代65", "P12_007": 4 }, "geometry": { "type": "MultiPoint", "coordinates": [ [ 136.026919444476789, 34.898058333625272 ] ] } },
{ "type": "Feature", "properties": { "P12_001": 10318, "P12_002": "協和ゴルフ倶楽部", "P12_003": "25", "P12_004": "25209", "P12_005": "‐", "P12_006": "京都府和束町湯船中の谷199", "P12_007": 4 }, "geometry": { "type": "MultiPoint", "coordinates": [ [ 135.966367000236914, 34.85115299981112 ] ] } },
{ "type": "Feature", "properties": { "P12_001": 10319, "P12_002": "タラオカントリークラブ", "P12_003": "25", "P12_004": "25209", "P12_005": "‐", "P12_006": "甲賀市信楽町多羅尾1", "P12_007": 4 }, "geometry": { "type": "MultiPoint", "coordinates": [ [ 136.081511999679151, 34.81411699969982 ] ] } },
{ "type": "Feature", "properties": { "P12_001": 10320, "P12_002": "田代高原の郷", "P12_003": "25", "P12_004": "25209", "P12_005": "‐", "P12_006": "甲賀市信楽町田代212", "P12_007": 5 }, "geometry": { "type": "MultiPoint", "coordinates": [ [ 136.020861661536514, 34.908523608477822 ] ] } },
{ "type": "Feature", "properties": { "P12_001": 10321, "P12_002": "信楽駅前陶器市（信楽遊ランド春）", "P12_003": "25", "P12_004": "25209", "P12_005": "‐", "P12_006": "甲賀市信楽町長野192　", "P12_007": 6 }, "geometry": { "type": "MultiPoint", "coordinates": [ [ 136.06078305549363, 34.876780277787645 ] ] } },
{ "type": "Feature", "properties": { "P12_001": 10322, "P12_002": "畑のしだれ桜", "P12_003": "25", "P12_004": "25209", "P12_005": "‐", "P12_006": "甲賀市信楽町畑629", "P12_007": 1 }, "geometry": { "type": "MultiPoint", "coordinates": [ [ 136.001092499918968, 34.884223888121994 ] ] } },
{ "type": "Feature", "properties": { "P12_001": 10323, "P12_002": "しがらき火まつり", "P12_003": "25", "P12_004": "25209", "P12_005": "‐", "P12_006": "甲賀市信楽町長野1142", "P12_007": 1 }, "geometry": { "type": "MultiPoint", "coordinates": [ [ 136.056532222783972, 34.87853027755034 ] ] } },
{ "type": "Feature", "properties": { "P12_001": 10324, "P12_002": "信楽陶器まつり", "P12_003": "25", "P12_004": "25209", "P12_005": "‐", "P12_006": "甲賀市信楽町勅旨2188-7　", "P12_007": 6 }, "geometry": { "type": "MultiPoint", "coordinates": [ [ 136.057567499840275, 34.884256944502454 ] ] } },
{ "type": "Feature", "properties": { "P12_001": 10325, "P12_002": "信楽盆梅展", "P12_003": "25", "P12_004": "25209", "P12_005": "‐", "P12_006": "甲賀市信楽町長野192　", "P12_007": 6 }, "geometry": { "type": "MultiPoint", "coordinates": [ [ 136.06078305549363, 34.876780277787645 ] ] } },
{ "type": "Feature", "properties": { "P12_001": 10326, "P12_002": "水口センチュリーホテル", "P12_003": "25", "P12_004": "25209", "P12_005": "‐", "P12_006": "甲賀市水口町名坂170-1", "P12_007": 6 }, "geometry": { "type": "MultiPoint", "coordinates": [ [ 136.173178888594862, 34.977637777561426 ] ] } },
{ "type": "Feature", "properties": { "P12_001": 10327, "P12_002": "あや乃旅館", "P12_003": "25", "P12_004": "25209", "P12_005": "‐", "P12_006": "甲賀市水口町八坂3-41", "P12_007": 6 }, "geometry": { "type": "MultiPoint", "coordinates": [ [ 136.17166611110224, 34.973868888838183 ] ] } },
{ "type": "Feature", "properties": { "P12_001": 10328, "P12_002": "澤善光雲荘", "P12_003": "25", "P12_004": "25209", "P12_005": "‐", "P12_006": "甲賀市信楽町勅旨1424-1", "P12_007": 3 }, "geometry": { "type": "MultiPoint", "coordinates": [ [ 136.072694000427873, 34.896187000030068 ] ] } },
{ "type": "Feature", "properties": { "P12_001": 10329, "P12_002": "野洲川歴史公園サッカー場（ビッグレイク）", "P12_003": "25", "P12_004": "25207", "P12_005": "‐", "P12_006": "守山市服部町2439", "P12_007": 4 }, "geometry": { "type": "MultiPoint", "coordinates": [ [ 135.991380281374973, 35.108898414030648 ] ] } },
{ "type": "Feature", "properties": { "P12_001": 10330, "P12_002": "県立近江富士花緑公園", "P12_003": "25", "P12_004": "25210", "P12_005": "‐", "P12_006": "野洲市三上517", "P12_007": 4 }, "geometry": { "type": "MultiPoint", "coordinates": [ [ 136.044835302107572, 35.051632292196587 ] ] } },
{ "type": "Feature", "properties": { "P12_001": 10331, "P12_002": "銅鐸博物館", "P12_003": "25", "P12_004": "25210", "P12_005": "‐", "P12_006": "野洲市辻町57-1", "P12_007": 2 }, "geometry": { "type": "MultiPoint", "coordinates": [ [ 136.044824166702028, 35.07265972226844 ] ] } },
{ "type": "Feature", "properties": { "P12_001": 10332, "P12_002": "御上神社", "P12_003": "25", "P12_004": "25210", "P12_005": "‐", "P12_006": "野洲市三上838", "P12_007": 2 }, "geometry": { "type": "MultiPoint", "coordinates": [ [ 136.02741222169675, 35.050022778228708 ] ] } },
{ "type": "Feature", "properties": { "P12_001": 10333, "P12_002": "三上山", "P12_003": "25", "P12_004": "25210", "P12_005": "‐", "P12_006": "野洲市三上", "P12_007": 1 }, "geometry": { "type": "MultiPoint", "coordinates": [ [ 136.037653999732356, 35.050640000036026 ] ] } },
{ "type": "Feature", "properties": { "P12_001": 10334, "P12_002": "びわ湖鮎家の郷", "P12_003": "25", "P12_004": "25210", "P12_005": "‐", "P12_006": "野洲市吉川4187", "P12_007": 5 }, "geometry": { "type": "MultiPoint", "coordinates": [ [ 135.981305000225689, 35.129774999916378 ] ] } },
{ "type": "Feature", "properties": { "P12_001": 10335, "P12_002": "ビワコマイアミランド", "P12_003": "25", "P12_004": "25210", "P12_005": "‐", "P12_006": "野洲市吉川3326-1", "P12_007": 4 }, "geometry": { "type": "MultiPoint", "coordinates": [ [ 135.995473889208711, 35.140223889121216 ] ] } },
{ "type": "Feature", "properties": { "P12_001": 10336, "P12_002": "兵主大社", "P12_003": "25", "P12_004": "25210", "P12_005": "‐", "P12_006": "野洲市五条566", "P12_007": 2 }, "geometry": { "type": "MultiPoint", "coordinates": [ [ 136.009987777913693, 35.11529916602376 ] ] } },
{ "type": "Feature", "properties": { "P12_001": 10337, "P12_002": "錦織寺", "P12_003": "25", "P12_004": "25210", "P12_005": "‐", "P12_006": "野洲市木部826", "P12_007": 2 }, "geometry": { "type": "MultiPoint", "coordinates": [ [ 136.025597221634484, 35.099375555837298 ] ] } },
{ "type": "Feature", "properties": { "P12_001": 10338, "P12_002": "ちゅうずドリームファーム", "P12_003": "25", "P12_004": "25210", "P12_005": "‐", "P12_006": "野洲市吉川2425", "P12_007": 5 }, "geometry": { "type": "MultiPoint", "coordinates": [ [ 135.993446944121274, 35.129063055215852 ] ] } },
{ "type": "Feature", "properties": { "P12_001": 10339, "P12_002": "滋賀県希望が丘文化公園新緑祭", "P12_003": "25", "P12_004": "25210", "P12_005": "‐", "P12_006": "野洲市北桜978", "P12_007": 1 }, "geometry": { "type": "MultiPoint", "coordinates": [ [ 136.052394443848584, 35.051257222742663 ] ] } },
{ "type": "Feature", "properties": { "P12_001": 10340, "P12_002": "滋賀県希望が丘文化公園ふれあい広場", "P12_003": "25", "P12_004": "25210", "P12_005": "‐", "P12_006": "野洲市北桜978", "P12_007": 1 }, "geometry": { "type": "MultiPoint", "coordinates": [ [ 136.052394443848584, 35.051257222742663 ] ] } },
{ "type": "Feature", "properties": { "P12_001": 10341, "P12_002": "御上神社　初詣", "P12_003": "25", "P12_004": "25210", "P12_005": "‐", "P12_006": "野洲市三上838", "P12_007": 2 }, "geometry": { "type": "MultiPoint", "coordinates": [ [ 136.02741222169675, 35.050022778228708 ] ] } },
{ "type": "Feature", "properties": { "P12_001": 10342, "P12_002": "兵主大社　初詣", "P12_003": "25", "P12_004": "25210", "P12_005": "‐", "P12_006": "野洲市五条566", "P12_007": 2 }, "geometry": { "type": "MultiPoint", "coordinates": [ [ 136.010116004150291, 35.11529916602376 ] ] } },
{ "type": "Feature", "properties": { "P12_001": 10343, "P12_002": "湖南市伝統工芸会館", "P12_003": "25", "P12_004": "25211", "P12_005": "‐", "P12_006": "湖南市岩根1656", "P12_007": 2 }, "geometry": { "type": "MultiPoint", "coordinates": [ [ 136.120011999854, 34.996738000058713 ] ] } },
{ "type": "Feature", "properties": { "P12_001": 10344, "P12_002": "甲賀カントリー倶楽部", "P12_003": "25", "P12_004": "25211", "P12_005": "‐", "P12_006": "湖南市三雲3354", "P12_007": 4 }, "geometry": { "type": "MultiPoint", "coordinates": [ [ 136.110083055488644, 34.961252500402622 ] ] } },
{ "type": "Feature", "properties": { "P12_001": 10345, "P12_002": "近江カントリー倶楽部", "P12_003": "25", "P12_004": "25211", "P12_005": "‐", "P12_006": "湖南市菩提寺1410", "P12_007": 4 }, "geometry": { "type": "MultiPoint", "coordinates": [ [ 136.073626388746902, 35.035202499495824 ] ] } },
{ "type": "Feature", "properties": { "P12_001": 10346, "P12_002": "十二坊温泉ゆらら", "P12_003": "25", "P12_004": "25211", "P12_005": "‐", "P12_006": "湖南市岩根678-28", "P12_007": 3 }, "geometry": { "type": "MultiPoint", "coordinates": [ [ 136.108806666594432, 35.012790279847593 ] ] } },
{ "type": "Feature", "properties": { "P12_001": 10347, "P12_002": "さくらまつり", "P12_003": "25", "P12_004": "25211", "P12_005": "‐", "P12_006": "湖南市大池町（にごり池自然公園）", "P12_007": 1 }, "geometry": { "type": "MultiPoint", "coordinates": [ [ 136.122877999819934, 35.003999999500422 ] ] } },
{ "type": "Feature", "properties": { "P12_001": 10348, "P12_002": "善水寺", "P12_003": "25", "P12_004": "25211", "P12_005": "‐", "P12_006": "湖南市岩根3518", "P12_007": 2 }, "geometry": { "type": "MultiPoint", "coordinates": [ [ 136.112555000412954, 35.006446999929153 ] ] } },
{ "type": "Feature", "properties": { "P12_001": 10349, "P12_002": "野洲川漁業協同組合", "P12_003": "25", "P12_004": "25211", "P12_005": "‐", "P12_006": "湖南市夏見618", "P12_007": 4 }, "geometry": { "type": "MultiPoint", "coordinates": [ [ 136.096768055701318, 34.998676666794779 ] ] } },
{ "type": "Feature", "properties": { "P12_001": 10350, "P12_002": "雨山文化運動公園", "P12_003": "25", "P12_004": "25211", "P12_005": "‐", "P12_006": "湖南市雨山2-1-1", "P12_007": 4 }, "geometry": { "type": "MultiPoint", "coordinates": [ [ 136.043987500422872, 35.005332499795088 ] ] } },
{ "type": "Feature", "properties": { "P12_001": 10351, "P12_002": "長寿寺", "P12_003": "25", "P12_004": "25211", "P12_005": "‐", "P12_006": "湖南市東寺5-1-11", "P12_007": 2 }, "geometry": { "type": "MultiPoint", "coordinates": [ [ 136.059885999739208, 34.985341999733578 ] ] } },
{ "type": "Feature", "properties": { "P12_001": 10352, "P12_002": "常楽寺", "P12_003": "25", "P12_004": "25211", "P12_005": "‐", "P12_006": "湖南市西寺6-5-1", "P12_007": 2 }, "geometry": { "type": "MultiPoint", "coordinates": [ [ 136.048584444416633, 34.990148610769836 ] ] } },
{ "type": "Feature", "properties": { "P12_001": 10353, "P12_002": "夏まつり", "P12_003": "25", "P12_004": "25211", "P12_005": "‐", "P12_006": "湖南市夏見地先（野洲川親水公園）", "P12_007": 1 }, "geometry": { "type": "MultiPoint", "coordinates": [ [ 136.087062000211176, 35.007055000088258 ] ] } },
{ "type": "Feature", "properties": { "P12_001": 10354, "P12_002": "マキノサニービーチ（高木浜）", "P12_003": "25", "P12_004": "25212", "P12_005": "‐", "P12_006": "高島市マキノ町西浜763-1", "P12_007": 4 }, "geometry": { "type": "MultiPoint", "coordinates": [ [ 136.061594000262971, 35.455507999794406 ] ] } },
{ "type": "Feature", "properties": { "P12_001": 10355, "P12_002": "マキノサニービーチ（知内浜）", "P12_003": "25", "P12_004": "25212", "P12_005": "‐", "P12_006": "高島市マキノ町知内2010", "P12_007": 4 }, "geometry": { "type": "MultiPoint", "coordinates": [ [ 136.060116999599927, 35.451784999877873 ] ] } },
{ "type": "Feature", "properties": { "P12_001": 10356, "P12_002": "海津大崎", "P12_003": "25", "P12_004": "25212", "P12_005": "‐", "P12_006": "高島市マキノ町海津", "P12_007": 1 }, "geometry": { "type": "MultiPoint", "coordinates": [ [ 136.08762400004764, 35.449267999818403 ] ] } },
{ "type": "Feature", "properties": { "P12_001": 10357, "P12_002": "マキノピックランド", "P12_003": "25", "P12_004": "25212", "P12_005": "‐", "P12_006": "高島市マキノ町寺久保835-1", "P12_007": 5 }, "geometry": { "type": "MultiPoint", "coordinates": [ [ 136.036974999896415, 35.471191110581344 ] ] } },
{ "type": "Feature", "properties": { "P12_001": 10358, "P12_002": "マキノ高原、さらさ", "P12_003": "25", "P12_004": "25212", "P12_005": "‐", "P12_006": "高島市マキノ町牧野931", "P12_007": 4 }, "geometry": { "type": "MultiPoint", "coordinates": [ [ 136.034561670085054, 35.496298050714529 ] ] } },
{ "type": "Feature", "properties": { "P12_001": 10359, "P12_002": "白谷温泉", "P12_003": "25", "P12_004": "25212", "P12_005": "‐", "P12_006": "高島市マキノ町白谷370-1", "P12_007": 3 }, "geometry": { "type": "MultiPoint", "coordinates": [ [ 136.04239611139144, 35.500856392208789 ] ] } },
{ "type": "Feature", "properties": { "P12_001": 10360, "P12_002": "林間スポーツセンター", "P12_003": "25", "P12_004": "25212", "P12_005": "‐", "P12_006": "高島市マキノ町蛭口", "P12_007": 4 }, "geometry": { "type": "MultiPoint", "coordinates": [ [ 136.055334000263997, 35.465878999616166 ] ] } },
{ "type": "Feature", "properties": { "P12_001": 10361, "P12_002": "道の駅「マキノ追坂峠」", "P12_003": "25", "P12_004": "25212", "P12_005": "‐", "P12_006": "高島市マキノ町海津", "P12_007": 6 }, "geometry": { "type": "MultiPoint", "coordinates": [ [ 136.083029000388137, 35.481109999626824 ] ] } },
{ "type": "Feature", "properties": { "P12_001": 10362, "P12_002": "マキノ資料館", "P12_003": "25", "P12_004": "25212", "P12_005": "‐", "P12_006": "高島市マキノ町蛭口260-1", "P12_007": 2 }, "geometry": { "type": "MultiPoint", "coordinates": [ [ 136.049130278039911, 35.462996667062612 ] ] } },
{ "type": "Feature", "properties": { "P12_001": 10363, "P12_002": "八幡浜周辺", "P12_003": "25", "P12_004": "25212", "P12_005": "‐", "P12_006": "高島市今津町今津", "P12_007": 4 }, "geometry": { "type": "MultiPoint", "coordinates": [ [ 136.039053218031654, 35.404319362348758 ] ] } },
{ "type": "Feature", "properties": { "P12_001": 10364, "P12_002": "ザゼン草群生地", "P12_003": "25", "P12_004": "25212", "P12_005": "‐", "P12_006": "高島市今津町弘川", "P12_007": 1 }, "geometry": { "type": "MultiPoint", "coordinates": [ [ 136.020562294314459, 35.408457317551211 ] ] } },
{ "type": "Feature", "properties": { "P12_001": 10365, "P12_002": "貫川内湖", "P12_003": "25", "P12_004": "25212", "P12_005": "‐", "P12_006": "高島市今津町桂", "P12_007": 4 }, "geometry": { "type": "MultiPoint", "coordinates": [ [ 136.039669256331194, 35.429736694492931 ] ] } },
{ "type": "Feature", "properties": { "P12_001": 10366, "P12_002": "石田川周辺", "P12_003": "25", "P12_004": "25212", "P12_005": "‐", "P12_006": "高島市今津町保坂", "P12_007": 1 }, "geometry": { "type": "MultiPoint", "coordinates": [ [ 135.939241806064615, 35.413518666952996 ] ] } },
{ "type": "Feature", "properties": { "P12_001": 10367, "P12_002": "今津浜・浜分沼", "P12_003": "25", "P12_004": "25212", "P12_005": "‐", "P12_006": "高島市今津町浜分", "P12_007": 4 }, "geometry": { "type": "MultiPoint", "coordinates": [ [ 136.045024458312128, 35.421532774817763 ] ] } },
{ "type": "Feature", "properties": { "P12_001": 10368, "P12_002": "総合運動公園周辺", "P12_003": "25", "P12_004": "25212", "P12_005": "‐", "P12_006": "高島市今津町日置前3110", "P12_007": 4 }, "geometry": { "type": "MultiPoint", "coordinates": [ [ 135.999747499947262, 35.418070833702075 ] ] } },
{ "type": "Feature", "properties": { "P12_001": 10369, "P12_002": "家族旅行村ビラデスト今津", "P12_003": "25", "P12_004": "25212", "P12_005": "‐", "P12_006": "高島市今津町深清水2405-1", "P12_007": 4 }, "geometry": { "type": "MultiPoint", "coordinates": [ [ 135.999040248808456, 35.459476519126099 ] ] } },
{ "type": "Feature", "properties": { "P12_001": 10370, "P12_002": "ヴォーリズ資料館", "P12_003": "25", "P12_004": "25212", "P12_005": "‐", "P12_006": "高島市今津町今津175", "P12_007": 2 }, "geometry": { "type": "MultiPoint", "coordinates": [ [ 136.035785862327771, 35.40243463874765 ] ] } },
{ "type": "Feature", "properties": { "P12_001": 10371, "P12_002": "琵琶湖周航の歌資料館", "P12_003": "25", "P12_004": "25212", "P12_005": "‐", "P12_006": "高島市今津町中沼1-5-7", "P12_007": 2 }, "geometry": { "type": "MultiPoint", "coordinates": [ [ 136.034073906585604, 35.397583280144318 ] ] } },
{ "type": "Feature", "properties": { "P12_001": 10372, "P12_002": "高島市民会館", "P12_003": "25", "P12_004": "25212", "P12_005": "‐", "P12_006": "高島市今津町中沼1-3-1", "P12_007": 6 }, "geometry": { "type": "MultiPoint", "coordinates": [ [ 136.033784444496632, 35.39900305514692 ] ] } },
{ "type": "Feature", "properties": { "P12_001": 10373, "P12_002": "グリーンパーク想い出の森", "P12_003": "25", "P12_004": "25212", "P12_005": "‐", "P12_006": "高島市朽木柏341-3", "P12_007": 4 }, "geometry": { "type": "MultiPoint", "coordinates": [ [ 135.921386111280071, 35.343217777678376 ] ] } },
{ "type": "Feature", "properties": { "P12_001": 10374, "P12_002": "滋賀県立いきものふれあいの里", "P12_003": "25", "P12_004": "25212", "P12_005": "‐", "P12_006": "高島市朽木柏341-3", "P12_007": 4 }, "geometry": { "type": "MultiPoint", "coordinates": [ [ 135.917588359715069, 35.338060035342437 ] ] } },
{ "type": "Feature", "properties": { "P12_001": 10375, "P12_002": "朽木新本陣・日曜朝市", "P12_003": "25", "P12_004": "25212", "P12_005": "‐", "P12_006": "高島市朽木市場777", "P12_007": 6 }, "geometry": { "type": "MultiPoint", "coordinates": [ [ 135.915735555751326, 35.35124749957248 ] ] } },
{ "type": "Feature", "properties": { "P12_001": 10376, "P12_002": "くつきの森（旧朝日の森）", "P12_003": "25", "P12_004": "25212", "P12_005": "‐", "P12_006": "高島市朽木麻生443", "P12_007": 4 }, "geometry": { "type": "MultiPoint", "coordinates": [ [ 135.905412000563388, 35.37026800076768 ] ] } },
{ "type": "Feature", "properties": { "P12_001": 10377, "P12_002": "朽木陣屋跡・朽木資料館", "P12_003": "25", "P12_004": "25212", "P12_005": "‐", "P12_006": "高島市朽木野尻478-22", "P12_007": 2 }, "geometry": { "type": "MultiPoint", "coordinates": [ [ 135.921109999626879, 35.357159999734279 ] ] } },
{ "type": "Feature", "properties": { "P12_001": 10378, "P12_002": "朽木ふる里まつり", "P12_003": "25", "P12_004": "25212", "P12_005": "‐", "P12_006": "高島市朽木市場", "P12_007": 1 }, "geometry": { "type": "MultiPoint", "coordinates": [ [ 135.918416367321583, 35.352665041558453 ] ] } },
{ "type": "Feature", "properties": { "P12_001": 10379, "P12_002": "朽木スキー場", "P12_003": "25", "P12_004": "25212", "P12_005": "‐", "P12_006": "高島市朽木宮前坊180-1", "P12_007": 4 }, "geometry": { "type": "MultiPoint", "coordinates": [ [ 135.939766000200848, 35.329046000072879 ] ] } },
{ "type": "Feature", "properties": { "P12_001": 10380, "P12_002": "丸八百貨店", "P12_003": "25", "P12_004": "25212", "P12_005": "‐", "P12_006": "高島市朽木市場709", "P12_007": 5 }, "geometry": { "type": "MultiPoint", "coordinates": [ [ 135.916057999577106, 35.354092999492366 ] ] } },
{ "type": "Feature", "properties": { "P12_001": 10381, "P12_002": "針畑郷山村都市交流館山帰来", "P12_003": "25", "P12_004": "25212", "P12_005": "‐", "P12_006": "高島市朽木中牧528", "P12_007": 5 }, "geometry": { "type": "MultiPoint", "coordinates": [ [ 135.797731666383356, 35.357873611777791 ] ] } },
{ "type": "Feature", "properties": { "P12_001": 10382, "P12_002": "やまびこ館", "P12_003": "25", "P12_004": "25212", "P12_005": "‐", "P12_006": "高島市朽木市場792", "P12_007": 6 }, "geometry": { "type": "MultiPoint", "coordinates": [ [ 135.91610888951368, 35.351909721656398 ] ] } },
{ "type": "Feature", "properties": { "P12_001": 10383, "P12_002": "河川つり客（安曇川）", "P12_003": "25", "P12_004": "25212", "P12_005": "‐", "P12_006": "高島市安曇川町下古賀", "P12_007": 1 }, "geometry": { "type": "MultiPoint", "coordinates": [ [ 135.989072000472561, 35.351895000653826 ] ] } },
{ "type": "Feature", "properties": { "P12_001": 10384, "P12_002": "近江聖人中江藤樹記念館", "P12_003": "25", "P12_004": "25212", "P12_005": "‐", "P12_006": "高島市安曇川町上小川69", "P12_007": 2 }, "geometry": { "type": "MultiPoint", "coordinates": [ [ 136.031422223157165, 35.324706388988716 ] ] } },
{ "type": "Feature", "properties": { "P12_001": 10385, "P12_002": "滋賀県立びわ湖こどもの国", "P12_003": "25", "P12_004": "25212", "P12_005": "‐", "P12_006": "高島市安曇川町北船木2981", "P12_007": 4 }, "geometry": { "type": "MultiPoint", "coordinates": [ [ 136.075196676085852, 35.319804439023699 ] ] } },
{ "type": "Feature", "properties": { "P12_001": 10386, "P12_002": "藤樹の里文化芸術会館", "P12_003": "25", "P12_004": "25212", "P12_005": "‐", "P12_006": "高島市安曇川町上小川106", "P12_007": 4 }, "geometry": { "type": "MultiPoint", "coordinates": [ [ 136.029892501537802, 35.324624166671981 ] ] } },
{ "type": "Feature", "properties": { "P12_001": 10387, "P12_002": "道の駅藤樹の里あどがわ", "P12_003": "25", "P12_004": "25212", "P12_005": "‐", "P12_006": "高島市安曇川町青柳1162-1", "P12_007": 6 }, "geometry": { "type": "MultiPoint", "coordinates": [ [ 136.029946663207966, 35.326140833732552 ] ] } },
{ "type": "Feature", "properties": { "P12_001": 10388, "P12_002": "河川つり客（鴨川）", "P12_003": "25", "P12_004": "25212", "P12_005": "‐", "P12_006": "高島市高島", "P12_007": 1 }, "geometry": { "type": "MultiPoint", "coordinates": [ [ 135.972742430019139, 35.31676827023955 ] ] } },
{ "type": "Feature", "properties": { "P12_001": 10389, "P12_002": "歴史民俗資料館", "P12_003": "25", "P12_004": "25212", "P12_005": "‐", "P12_006": "高島市鴨2239", "P12_007": 2 }, "geometry": { "type": "MultiPoint", "coordinates": [ [ 136.013790000907875, 35.315509722995387 ] ] } },
{ "type": "Feature", "properties": { "P12_001": 10390, "P12_002": "ガリバー青少年旅行村", "P12_003": "25", "P12_004": "25212", "P12_005": "‐", "P12_006": "高島市鹿ヶ瀬987-1", "P12_007": 4 }, "geometry": { "type": "MultiPoint", "coordinates": [ [ 135.926312777312887, 35.273413609150793 ] ] } },
{ "type": "Feature", "properties": { "P12_001": 10391, "P12_002": "八ッ淵の滝", "P12_003": "25", "P12_004": "25212", "P12_005": "‐", "P12_006": "高島市鹿ヶ瀬", "P12_007": 1 }, "geometry": { "type": "MultiPoint", "coordinates": [ [ 135.919007999819428, 35.269246999749271 ] ] } },
{ "type": "Feature", "properties": { "P12_001": 10392, "P12_002": "乙女ヶ池", "P12_003": "25", "P12_004": "25212", "P12_005": "‐", "P12_006": "高島市勝野", "P12_007": 1 }, "geometry": { "type": "MultiPoint", "coordinates": [ [ 136.015106567014527, 35.288347515425528 ] ] } },
{ "type": "Feature", "properties": { "P12_001": 10393, "P12_002": "鵜川四十八体石仏群", "P12_003": "25", "P12_004": "25212", "P12_005": "‐", "P12_006": "高島市鵜川", "P12_007": 2 }, "geometry": { "type": "MultiPoint", "coordinates": [ [ 136.016645999513344, 35.27951999954837 ] ] } },
{ "type": "Feature", "properties": { "P12_001": 10394, "P12_002": "大溝まつり", "P12_003": "25", "P12_004": "25212", "P12_005": "‐", "P12_006": "高島市勝野", "P12_007": 1 }, "geometry": { "type": "MultiPoint", "coordinates": [ [ 136.004926384445184, 35.292252133429258 ] ] } },
{ "type": "Feature", "properties": { "P12_001": 10395, "P12_002": "日吉神社", "P12_003": "25", "P12_004": "25212", "P12_005": "‐", "P12_006": "高島市勝野", "P12_007": 2 }, "geometry": { "type": "MultiPoint", "coordinates": [ [ 136.004725550543753, 35.292230041583196 ] ] } },
{ "type": "Feature", "properties": { "P12_001": 10396, "P12_002": "アイリッシュパーク", "P12_003": "25", "P12_004": "25212", "P12_005": "‐", "P12_006": "高島市勝野640", "P12_007": 4 }, "geometry": { "type": "MultiPoint", "coordinates": [ [ 136.011050283743657, 35.300515273461144 ] ] } },
{ "type": "Feature", "properties": { "P12_001": 10397, "P12_002": "畑の棚田", "P12_003": "25", "P12_004": "25212", "P12_005": "‐", "P12_006": "高島市畑", "P12_007": 1 }, "geometry": { "type": "MultiPoint", "coordinates": [ [ 135.929209999941577, 35.296006999923179 ] ] } },
{ "type": "Feature", "properties": { "P12_001": 10398, "P12_002": "うかわファームマート", "P12_003": "25", "P12_004": "25212", "P12_005": "‐", "P12_006": "高島市鵜川817-1", "P12_007": 5 }, "geometry": { "type": "MultiPoint", "coordinates": [ [ 135.993867999508666, 35.268171999638128 ] ] } },
{ "type": "Feature", "properties": { "P12_001": 10399, "P12_002": "大阪市立びわ湖青少年の家", "P12_003": "25", "P12_004": "25212", "P12_005": "‐", "P12_006": "高島市勝野1523-1", "P12_007": 4 }, "geometry": { "type": "MultiPoint", "coordinates": [ [ 136.017966389537264, 35.296076944695301 ] ] } },
{ "type": "Feature", "properties": { "P12_001": 10400, "P12_002": "しんあさひ風車村", "P12_003": "25", "P12_004": "25212", "P12_005": "‐", "P12_006": "高島市新旭町藁園336", "P12_007": 6 }, "geometry": { "type": "MultiPoint", "coordinates": [ [ 136.067048867811081, 35.350428057109184 ] ] } },
{ "type": "Feature", "properties": { "P12_001": 10401, "P12_002": "竹馬祭・七川祭", "P12_003": "25", "P12_004": "25212", "P12_005": "‐", "P12_006": "高島市新旭町", "P12_007": 1 }, "geometry": { "type": "MultiPoint", "coordinates": [ [ 136.035496666438121, 35.352698889342321 ] ] } },
{ "type": "Feature", "properties": { "P12_001": 10402, "P12_002": "新旭水鳥観察センター", "P12_003": "25", "P12_004": "25212", "P12_005": "‐", "P12_006": "高島市新旭町饗庭1600-1", "P12_007": 4 }, "geometry": { "type": "MultiPoint", "coordinates": [ [ 136.035563891660331, 35.380150560799791 ] ] } },
{ "type": "Feature", "properties": { "P12_001": 10403, "P12_002": "新旭里山体験交流館「もりっこ」", "P12_003": "25", "P12_004": "25212", "P12_005": "‐", "P12_006": "高島市新旭町饗庭3106-6", "P12_007": 4 }, "geometry": { "type": "MultiPoint", "coordinates": [ [ 136.023397499694966, 35.378315555318693 ] ] } },
{ "type": "Feature", "properties": { "P12_001": 10404, "P12_002": "六ツ矢崎浜オートキャンプ場", "P12_003": "25", "P12_004": "25212", "P12_005": "‐", "P12_006": "高島市新旭町深溝", "P12_007": 4 }, "geometry": { "type": "MultiPoint", "coordinates": [ [ 136.066177999415231, 35.356996000265269 ] ] } },
{ "type": "Feature", "properties": { "P12_001": 10405, "P12_002": "高島トレイル", "P12_003": "25", "P12_004": "25212", "P12_005": "‐", "P12_006": "高島市内", "P12_007": 1 }, "geometry": { "type": "MultiPoint", "coordinates": [ [ 136.035496666438121, 35.352698889342321 ] ] } },
{ "type": "Feature", "properties": { "P12_001": 10406, "P12_002": "湖西夢ふるさとワイワイ倶楽部実行委員会イベント", "P12_003": "25", "P12_004": "25212", "P12_005": "‐", "P12_006": "高島市内", "P12_007": 1 }, "geometry": { "type": "MultiPoint", "coordinates": [ [ 136.035496666438121, 35.352698889342321 ] ] } },
{ "type": "Feature", "properties": { "P12_001": 10407, "P12_002": "世界凧博物館東近江大凧会館", "P12_003": "25", "P12_004": "25213", "P12_005": "‐", "P12_006": "東近江市八日市東本町3-5", "P12_007": 2 }, "geometry": { "type": "MultiPoint", "coordinates": [ [ 136.203221111165362, 35.108878056077458 ] ] } },
{ "type": "Feature", "properties": { "P12_001": 10408, "P12_002": "泉神社湧水", "P12_003": "25", "P12_004": "25214", "P12_005": "‐", "P12_006": "米原市大清水", "P12_007": 2 }, "geometry": { "type": "MultiPoint", "coordinates": [ [ 136.401572999694281, 35.375062999757688 ] ] } },
{ "type": "Feature", "properties": { "P12_001": 10409, "P12_002": "伊吹山", "P12_003": "25", "P12_004": "25214", "P12_005": "‐", "P12_006": "米原市上野他", "P12_007": 1 }, "geometry": { "type": "MultiPoint", "coordinates": [ [ 136.406281000068134, 35.417889999823672 ] ] } },
{ "type": "Feature", "properties": { "P12_001": 10410, "P12_002": "奥伊吹スキー場", "P12_003": "25", "P12_004": "25214", "P12_005": "‐", "P12_006": "米原市甲津原", "P12_007": 4 }, "geometry": { "type": "MultiPoint", "coordinates": [ [ 136.387425999310494, 35.522253000275782 ] ] } },
{ "type": "Feature", "properties": { "P12_001": 10411, "P12_002": "伊吹薬草の里文化センター", "P12_003": "25", "P12_004": "25214", "P12_005": "‐", "P12_006": "米原市春照37", "P12_007": 3 }, "geometry": { "type": "MultiPoint", "coordinates": [ [ 136.383078333898084, 35.3821244404906 ] ] } },
{ "type": "Feature", "properties": { "P12_001": 10412, "P12_002": "道の駅「伊吹の里」", "P12_003": "25", "P12_004": "25214", "P12_005": "‐", "P12_006": "米原市伊吹", "P12_007": 6 }, "geometry": { "type": "MultiPoint", "coordinates": [ [ 136.370935999696712, 35.396860999535534 ] ] } },
{ "type": "Feature", "properties": { "P12_001": 10413, "P12_002": "グリーンパーク山東", "P12_003": "25", "P12_004": "25214", "P12_005": "‐", "P12_006": "米原市池下80-1", "P12_007": 4 }, "geometry": { "type": "MultiPoint", "coordinates": [ [ 136.359568055521436, 35.373552778138276 ] ] } },
{ "type": "Feature", "properties": { "P12_001": 10414, "P12_002": "天の川ほたるまつり", "P12_003": "25", "P12_004": "25214", "P12_005": "‐", "P12_006": "米原市長岡周辺", "P12_007": 1 }, "geometry": { "type": "MultiPoint", "coordinates": [ [ 136.367192999757208, 35.371168000003252 ] ] } },
{ "type": "Feature", "properties": { "P12_001": 10415, "P12_002": "朝妻・筑摩・磯湖岸", "P12_003": "25", "P12_004": "25214", "P12_005": "‐", "P12_006": "米原市朝妻他", "P12_007": 1 }, "geometry": { "type": "MultiPoint", "coordinates": [ [ 136.267463446780653, 35.318358312985822 ] ] } },
{ "type": "Feature", "properties": { "P12_001": 10416, "P12_002": "中山道醒井宿", "P12_003": "25", "P12_004": "25214", "P12_005": "‐", "P12_006": "米原市醒井688-10", "P12_007": 5 }, "geometry": { "type": "MultiPoint", "coordinates": [ [ 136.344712499082675, 35.327062499434874 ] ] } },
{ "type": "Feature", "properties": { "P12_001": 10417, "P12_002": "滋賀県醒井養鱒場", "P12_003": "25", "P12_004": "25214", "P12_005": "‐", "P12_006": "米原市上丹生", "P12_007": 2 }, "geometry": { "type": "MultiPoint", "coordinates": [ [ 136.349360000263914, 35.303686000608479 ] ] } },
{ "type": "Feature", "properties": { "P12_001": 10418, "P12_002": "近江母の郷文化センター", "P12_003": "25", "P12_004": "25214", "P12_005": "‐", "P12_006": "米原市宇賀野1364-1", "P12_007": 6 }, "geometry": { "type": "MultiPoint", "coordinates": [ [ 136.277698329714212, 35.343273058105183 ] ] } },
{ "type": "Feature", "properties": { "P12_001": 10419, "P12_002": "しゃくなげ渓", "P12_003": "25", "P12_004": "25383", "P12_005": "‐", "P12_006": "日野町大字鎌掛1", "P12_007": 1 }, "geometry": { "type": "MultiPoint", "coordinates": [ [ 136.291075556291958, 34.983788832788434 ] ] } },
{ "type": "Feature", "properties": { "P12_001": 10420, "P12_002": "正法寺（藤の寺）", "P12_003": "25", "P12_004": "25383", "P12_005": "‐", "P12_006": "日野町大字鎌掛2145", "P12_007": 2 }, "geometry": { "type": "MultiPoint", "coordinates": [ [ 136.265433999779361, 34.984435000175154 ] ] } },
{ "type": "Feature", "properties": { "P12_001": 10421, "P12_002": "近江日野商人館", "P12_003": "25", "P12_004": "25383", "P12_005": "‐", "P12_006": "日野町大字大窪1011", "P12_007": 2 }, "geometry": { "type": "MultiPoint", "coordinates": [ [ 136.247730277830101, 35.011565555206232 ] ] } },
{ "type": "Feature", "properties": { "P12_001": 10422, "P12_002": "綿向山", "P12_003": "25", "P12_004": "25383", "P12_005": "‐", "P12_006": "日野町大字北畑", "P12_007": 1 }, "geometry": { "type": "MultiPoint", "coordinates": [ [ 136.34165090916224, 35.013683010762406 ] ] } },
{ "type": "Feature", "properties": { "P12_001": 10423, "P12_002": "日野川ダム", "P12_003": "25", "P12_004": "25383", "P12_005": "‐", "P12_006": "日野町大字西大路", "P12_007": 4 }, "geometry": { "type": "MultiPoint", "coordinates": [ [ 136.26047400037487, 35.00462999977475 ] ] } },
{ "type": "Feature", "properties": { "P12_001": 10424, "P12_002": "蒲生ゴルフ倶楽部", "P12_003": "25", "P12_004": "25383", "P12_005": "‐", "P12_006": "日野町大字中山724-1", "P12_007": 4 }, "geometry": { "type": "MultiPoint", "coordinates": [ [ 136.198708888704346, 34.998474444340161 ] ] } },
{ "type": "Feature", "properties": { "P12_001": 10425, "P12_002": "日野ゴルフ倶楽部", "P12_003": "25", "P12_004": "25383", "P12_005": "‐", "P12_006": "日野町大字杣1146-1", "P12_007": 4 }, "geometry": { "type": "MultiPoint", "coordinates": [ [ 136.272588889066014, 35.052766111566825 ] ] } },
{ "type": "Feature", "properties": { "P12_001": 10426, "P12_002": "近江ヒルズゴルフ倶楽部", "P12_003": "25", "P12_004": "25383", "P12_005": "‐", "P12_006": "日野町大字鎌掛1-314", "P12_007": 4 }, "geometry": { "type": "MultiPoint", "coordinates": [ [ 136.277904722325161, 34.989519167175899 ] ] } },
{ "type": "Feature", "properties": { "P12_001": 10427, "P12_002": "日野祭", "P12_003": "25", "P12_004": "25383", "P12_005": "‐", "P12_006": "日野町大字村井、上野田", "P12_007": 1 }, "geometry": { "type": "MultiPoint", "coordinates": [ [ 136.261817000254382, 35.014914000081092 ] ] } },
{ "type": "Feature", "properties": { "P12_001": 10428, "P12_002": "火ふり祭", "P12_003": "25", "P12_004": "25383", "P12_005": "‐", "P12_006": "日野町大字上野田", "P12_007": 1 }, "geometry": { "type": "MultiPoint", "coordinates": [ [ 136.230976999888753, 35.014314999437715 ] ] } },
{ "type": "Feature", "properties": { "P12_001": 10429, "P12_002": "近江中山の芋競べ祭り", "P12_003": "25", "P12_004": "25383", "P12_005": "‐", "P12_006": "日野町大字中山", "P12_007": 1 }, "geometry": { "type": "MultiPoint", "coordinates": [ [ 136.194757999681997, 35.011930000069526 ] ] } },
{ "type": "Feature", "properties": { "P12_001": 10430, "P12_002": "グリムＭＴＢフェスティバル", "P12_003": "25", "P12_004": "25383", "P12_005": "‐", "P12_006": "日野町大字熊野431", "P12_007": 1 }, "geometry": { "type": "MultiPoint", "coordinates": [ [ 136.319188334673981, 34.995594165838156 ] ] } },
{ "type": "Feature", "properties": { "P12_001": 10431, "P12_002": "氏郷まつり「夏の陣」", "P12_003": "25", "P12_004": "25383", "P12_005": "‐", "P12_006": "日野町河原1-1周辺", "P12_007": 1 }, "geometry": { "type": "MultiPoint", "coordinates": [ [ 136.245218337356391, 35.018619439835334 ] ] } },
{ "type": "Feature", "properties": { "P12_001": 10432, "P12_002": "畜産技術振興センター", "P12_003": "25", "P12_004": "25383", "P12_005": "‐", "P12_006": "日野町大字山本695", "P12_007": 2 }, "geometry": { "type": "MultiPoint", "coordinates": [ [ 136.224441999798501, 35.027819999893154 ] ] } },
{ "type": "Feature", "properties": { "P12_001": 10433, "P12_002": "滋賀農業公園ブルーメの丘", "P12_003": "25", "P12_004": "25383", "P12_005": "‐", "P12_006": "日野町大字西大路864-5", "P12_007": 4 }, "geometry": { "type": "MultiPoint", "coordinates": [ [ 136.27948472234209, 35.013898333641237 ] ] } },
{ "type": "Feature", "properties": { "P12_001": 10434, "P12_002": "氏郷まつり“楽市楽座”", "P12_003": "25", "P12_004": "25383", "P12_005": "‐", "P12_006": "日野町河原1-1周辺", "P12_007": 1 }, "geometry": { "type": "MultiPoint", "coordinates": [ [ 136.2458311111169, 35.018040000345763 ] ] } },
{ "type": "Feature", "properties": { "P12_001": 10435, "P12_002": "馬見岡綿向神社", "P12_003": "25", "P12_004": "25383", "P12_005": "‐", "P12_006": "日野町大字村井711", "P12_007": 2 }, "geometry": { "type": "MultiPoint", "coordinates": [ [ 136.261817000254382, 35.014914000081092 ] ] } },
{ "type": "Feature", "properties": { "P12_001": 10436, "P12_002": "グリム冒険の森", "P12_003": "25", "P12_004": "25383", "P12_005": "‐", "P12_006": "日野町大字熊野431", "P12_007": 4 }, "geometry": { "type": "MultiPoint", "coordinates": [ [ 136.319373333312797, 34.995411389424135 ] ] } },
{ "type": "Feature", "properties": { "P12_001": 10437, "P12_002": "木工芸体験施設ＧＲＩＭＭ", "P12_003": "25", "P12_004": "25383", "P12_005": "‐", "P12_006": "日野町大字熊野431", "P12_007": 4 }, "geometry": { "type": "MultiPoint", "coordinates": [ [ 136.319373333312797, 34.995411389424135 ] ] } },
{ "type": "Feature", "properties": { "P12_001": 10438, "P12_002": "日野ダリア園", "P12_003": "25", "P12_004": "25383", "P12_005": "‐", "P12_006": "日野町大字鎌掛2198-1", "P12_007": 4 }, "geometry": { "type": "MultiPoint", "coordinates": [ [ 136.264393054296079, 34.984336114320286 ] ] } },
{ "type": "Feature", "properties": { "P12_001": 10439, "P12_002": "日野まちかど感応館", "P12_003": "25", "P12_004": "25383", "P12_005": "‐", "P12_006": "日野町大字村井1284", "P12_007": 2 }, "geometry": { "type": "MultiPoint", "coordinates": [ [ 136.253673055467175, 35.01254055520252 ] ] } },
{ "type": "Feature", "properties": { "P12_001": 10440, "P12_002": "日野ひなまつり紀行", "P12_003": "25", "P12_004": "25383", "P12_005": "‐", "P12_006": "日野町大字村井1284", "P12_007": 1 }, "geometry": { "type": "MultiPoint", "coordinates": [ [ 136.253964999685081, 35.012477000113506 ] ] } },
{ "type": "Feature", "properties": { "P12_001": 10441, "P12_002": "ふれあい綿向山Ｄａｙ", "P12_003": "25", "P12_004": "25383", "P12_005": "‐", "P12_006": "日野町大字北畑", "P12_007": 1 }, "geometry": { "type": "MultiPoint", "coordinates": [ [ 136.341595353542743, 35.013727454358559 ] ] } },
{ "type": "Feature", "properties": { "P12_001": 10442, "P12_002": "ホンシャクナゲ（しゃくなげ渓）", "P12_003": "25", "P12_004": "25383", "P12_005": "‐", "P12_006": "日野町大字鎌掛1", "P12_007": 1 }, "geometry": { "type": "MultiPoint", "coordinates": [ [ 136.291146000187837, 34.984058999922979 ] ] } },
{ "type": "Feature", "properties": { "P12_001": 10443, "P12_002": "藤（正法寺）", "P12_003": "25", "P12_004": "25383", "P12_005": "‐", "P12_006": "日野町大字鎌掛2145", "P12_007": 1 }, "geometry": { "type": "MultiPoint", "coordinates": [ [ 136.265433999779361, 34.984435000175154 ] ] } },
{ "type": "Feature", "properties": { "P12_001": 10444, "P12_002": "サツキ（雲迎寺）", "P12_003": "25", "P12_004": "25383", "P12_005": "‐", "P12_006": "日野町大字音羽261", "P12_007": 1 }, "geometry": { "type": "MultiPoint", "coordinates": [ [ 136.287171665839765, 35.002521666042128 ] ] } },
{ "type": "Feature", "properties": { "P12_001": 10445, "P12_002": "馬見岡綿向神社（初詣）", "P12_003": "25", "P12_004": "25383", "P12_005": "‐", "P12_006": "日野町大字村井711", "P12_007": 1 }, "geometry": { "type": "MultiPoint", "coordinates": [ [ 136.261817000254382, 35.014914000081092 ] ] } },
{ "type": "Feature", "properties": { "P12_001": 10446, "P12_002": "滋賀県希望が丘文化公園", "P12_003": "25", "P12_004": "25384", "P12_005": "‐", "P12_006": "竜王町大字薬師1178", "P12_007": 4 }, "geometry": { "type": "MultiPoint", "coordinates": [ [ 136.082709000020373, 35.04645699959093 ] ] } },
{ "type": "Feature", "properties": { "P12_001": 10447, "P12_002": "道の駅「竜王かがみの里」", "P12_003": "25", "P12_004": "25384", "P12_005": "‐", "P12_006": "竜王町鏡1231-2", "P12_007": 6 }, "geometry": { "type": "MultiPoint", "coordinates": [ [ 136.07931694432159, 35.085747222356474 ] ] } },
{ "type": "Feature", "properties": { "P12_001": 10448, "P12_002": "アグリパーク竜王", "P12_003": "25", "P12_004": "25384", "P12_005": "‐", "P12_006": "竜王町山之上6526", "P12_007": 1 }, "geometry": { "type": "MultiPoint", "coordinates": [ [ 136.144838610513489, 35.043498889262366 ] ] } },
{ "type": "Feature", "properties": { "P12_001": 10449, "P12_002": "蒲生野の湯", "P12_003": "25", "P12_004": "25384", "P12_005": "‐", "P12_006": "竜王町山之上7104-1", "P12_007": 3 }, "geometry": { "type": "MultiPoint", "coordinates": [ [ 136.140029000238201, 35.044625999690197 ] ] } },
{ "type": "Feature", "properties": { "P12_001": 10450, "P12_002": "希望が丘文化公園", "P12_003": "25", "P12_004": "25384", "P12_005": "‐", "P12_006": "竜王町薬師1178", "P12_007": 4 }, "geometry": { "type": "MultiPoint", "coordinates": [ [ 136.082709000020373, 35.04645699959093 ] ] } },
{ "type": "Feature", "properties": { "P12_001": 10451, "P12_002": "苗村神社", "P12_003": "25", "P12_004": "25384", "P12_005": "‐", "P12_006": "竜王町綾戸467", "P12_007": 2 }, "geometry": { "type": "MultiPoint", "coordinates": [ [ 136.127929999869707, 35.064887000534725 ] ] } },
{ "type": "Feature", "properties": { "P12_001": 10452, "P12_002": "妹背の里", "P12_003": "25", "P12_004": "25384", "P12_005": "‐", "P12_006": "竜王町川守5", "P12_007": 4 }, "geometry": { "type": "MultiPoint", "coordinates": [ [ 136.145560833565696, 35.067942778136739 ] ] } },
{ "type": "Feature", "properties": { "P12_001": 10453, "P12_002": "竜王ゴルフコース", "P12_003": "25", "P12_004": "25384", "P12_005": "‐", "P12_006": "竜王町山中1391", "P12_007": 4 }, "geometry": { "type": "MultiPoint", "coordinates": [ [ 136.093355555714425, 35.037058889056539 ] ] } },
{ "type": "Feature", "properties": { "P12_001": 10454, "P12_002": "鏡神社・周辺史跡", "P12_003": "25", "P12_004": "25384", "P12_005": "‐", "P12_006": "竜王町鏡", "P12_007": 2 }, "geometry": { "type": "MultiPoint", "coordinates": [ [ 136.079246626330814, 35.086784740523399 ] ] } },
{ "type": "Feature", "properties": { "P12_001": 10455, "P12_002": "ケンケト祭り", "P12_003": "25", "P12_004": "25384", "P12_005": "‐", "P12_006": "竜王町山之上", "P12_007": 1 }, "geometry": { "type": "MultiPoint", "coordinates": [ [ 136.148779999997032, 35.050005999577252 ] ] } },
{ "type": "Feature", "properties": { "P12_001": 10456, "P12_002": "川守観光ぶどう園", "P12_003": "25", "P12_004": "25384", "P12_005": "‐", "P12_006": "竜王町川守", "P12_007": 6 }, "geometry": { "type": "MultiPoint", "coordinates": [ [ 136.13935888930132, 35.070418332939767 ] ] } },
{ "type": "Feature", "properties": { "P12_001": 10457, "P12_002": "雪野山ハイキングコース", "P12_003": "25", "P12_004": "25384", "P12_005": "‐", "P12_006": "竜王町川守", "P12_007": 1 }, "geometry": { "type": "MultiPoint", "coordinates": [ [ 136.13935888930132, 35.070418332939767 ] ] } },
{ "type": "Feature", "properties": { "P12_001": 10458, "P12_002": "鏡山ハイキングコース", "P12_003": "25", "P12_004": "25384", "P12_005": "‐", "P12_006": "竜王町鏡〜薬師", "P12_007": 1 }, "geometry": { "type": "MultiPoint", "coordinates": [ [ 136.084386666411547, 35.081720278568071 ] ] } },
{ "type": "Feature", "properties": { "P12_001": 10459, "P12_002": "龍王寺", "P12_003": "25", "P12_004": "25384", "P12_005": "‐", "P12_006": "竜王町川守", "P12_007": 2 }, "geometry": { "type": "MultiPoint", "coordinates": [ [ 136.143407999579608, 35.072299000598434 ] ] } },
{ "type": "Feature", "properties": { "P12_001": 10460, "P12_002": "御崎神社　火祭り", "P12_003": "25", "P12_004": "25425", "P12_005": "‐", "P12_006": "愛荘町川原", "P12_007": 1 }, "geometry": { "type": "MultiPoint", "coordinates": [ [ 136.196891000019718, 35.186165999561297 ] ] } },
{ "type": "Feature", "properties": { "P12_001": 10461, "P12_002": "るーぶる愛知川", "P12_003": "25", "P12_004": "25425", "P12_005": "‐", "P12_006": "愛荘町市895-3", "P12_007": 6 }, "geometry": { "type": "MultiPoint", "coordinates": [ [ 136.213253612464314, 35.175886945526145 ] ] } },
{ "type": "Feature", "properties": { "P12_001": 10462, "P12_002": "愛知川びんてまりの館", "P12_003": "25", "P12_004": "25425", "P12_005": "‐", "P12_006": "愛荘町市1673", "P12_007": 2 }, "geometry": { "type": "MultiPoint", "coordinates": [ [ 136.214771111397681, 35.170817777418563 ] ] } },
{ "type": "Feature", "properties": { "P12_001": 10463, "P12_002": "祇園納涼祭花火大会", "P12_003": "25", "P12_004": "25425", "P12_005": "‐", "P12_006": "愛荘町愛知川", "P12_007": 1 }, "geometry": { "type": "MultiPoint", "coordinates": [ [ 136.204049444326415, 35.172215833793757 ] ] } },
{ "type": "Feature", "properties": { "P12_001": 10464, "P12_002": "愛荘６６かまど祭（中山道６６番祭）", "P12_003": "25", "P12_004": "25425", "P12_005": "‐", "P12_006": "愛荘町", "P12_007": 1 }, "geometry": { "type": "MultiPoint", "coordinates": [ [ 136.212320833839499, 35.168810278371723 ] ] } },
{ "type": "Feature", "properties": { "P12_001": 10465, "P12_002": "中山道", "P12_003": "25", "P12_004": "25425", "P12_005": "‐", "P12_006": "愛荘町愛知川", "P12_007": 2 }, "geometry": { "type": "MultiPoint", "coordinates": [ [ 136.208785999973998, 35.171221999295881 ] ] } },
{ "type": "Feature", "properties": { "P12_001": 10466, "P12_002": "中山道宿場まつりｉｎえちがわ", "P12_003": "25", "P12_004": "25425", "P12_005": "‐", "P12_006": "愛荘町愛知川", "P12_007": 1 }, "geometry": { "type": "MultiPoint", "coordinates": [ [ 136.201613349976128, 35.163372006013333 ] ] } },
{ "type": "Feature", "properties": { "P12_001": 10467, "P12_002": "手おりの里金剛苑", "P12_003": "25", "P12_004": "25425", "P12_005": "‐", "P12_006": "愛荘町蚊野外514", "P12_007": 2 }, "geometry": { "type": "MultiPoint", "coordinates": [ [ 136.266890833145453, 35.157200000179898 ] ] } },
{ "type": "Feature", "properties": { "P12_001": 10468, "P12_002": "愛荘町立歴史文化博物館", "P12_003": "25", "P12_004": "25425", "P12_005": "‐", "P12_006": "愛荘町松尾寺878", "P12_007": 2 }, "geometry": { "type": "MultiPoint", "coordinates": [ [ 136.278173890312814, 35.16356277740033 ] ] } },
{ "type": "Feature", "properties": { "P12_001": 10469, "P12_002": "依智秦氏の里　古墳公園", "P12_003": "25", "P12_004": "25425", "P12_005": "‐", "P12_006": "愛荘町上蚊野642", "P12_007": 2 }, "geometry": { "type": "MultiPoint", "coordinates": [ [ 136.275921098480012, 35.156561936584183 ] ] } },
{ "type": "Feature", "properties": { "P12_001": 10470, "P12_002": "郷土の偉人館　西澤眞蔵記念館", "P12_003": "25", "P12_004": "25425", "P12_005": "‐", "P12_006": "愛荘町上蚊野642", "P12_007": 2 }, "geometry": { "type": "MultiPoint", "coordinates": [ [ 136.226833333091918, 35.167713054214119 ] ] } },
{ "type": "Feature", "properties": { "P12_001": 10471, "P12_002": "阿自岐神社", "P12_003": "25", "P12_004": "25441", "P12_005": "‐", "P12_006": "豊郷町安食南663", "P12_007": 2 }, "geometry": { "type": "MultiPoint", "coordinates": [ [ 136.227766999347637, 35.212077000153499 ] ] } },
{ "type": "Feature", "properties": { "P12_001": 10472, "P12_002": "伊藤忠兵衛記念館", "P12_003": "25", "P12_004": "25441", "P12_005": "‐", "P12_006": "豊郷町八目128-1", "P12_007": 2 }, "geometry": { "type": "MultiPoint", "coordinates": [ [ 136.227728055105672, 35.197949167020511 ] ] } },
{ "type": "Feature", "properties": { "P12_001": 10473, "P12_002": "先人を偲ぶ館", "P12_003": "25", "P12_004": "25441", "P12_005": "‐", "P12_006": "豊郷町四十九院815", "P12_007": 2 }, "geometry": { "type": "MultiPoint", "coordinates": [ [ 136.23568111159409, 35.206710833638112 ] ] } },
{ "type": "Feature", "properties": { "P12_001": 10474, "P12_002": "豊会館", "P12_003": "25", "P12_004": "25441", "P12_005": "‐", "P12_006": "豊郷町下枝56", "P12_007": 2 }, "geometry": { "type": "MultiPoint", "coordinates": [ [ 136.222603611067825, 35.192322777174468 ] ] } },
{ "type": "Feature", "properties": { "P12_001": 10475, "P12_002": "（株）岡村本家", "P12_003": "25", "P12_004": "25441", "P12_005": "‐", "P12_006": "豊郷町吉田100", "P12_007": 2 }, "geometry": { "type": "MultiPoint", "coordinates": [ [ 136.232093333740409, 35.185912500461598 ] ] } },
{ "type": "Feature", "properties": { "P12_001": 10476, "P12_002": "豊郷小学校旧校舎群", "P12_003": "25", "P12_004": "25441", "P12_005": "‐", "P12_006": "豊郷町石畑518", "P12_007": 2 }, "geometry": { "type": "MultiPoint", "coordinates": [ [ 136.232492782016379, 35.203593334664731 ] ] } },
{ "type": "Feature", "properties": { "P12_001": 10477, "P12_002": "とっとまつり", "P12_003": "25", "P12_004": "25441", "P12_005": "‐", "P12_006": "豊郷町", "P12_007": 1 }, "geometry": { "type": "MultiPoint", "coordinates": [ [ 136.232492782016379, 35.203593334664731 ] ] } },
{ "type": "Feature", "properties": { "P12_001": 10478, "P12_002": "多賀大社", "P12_003": "25", "P12_004": "25443", "P12_005": "‐", "P12_006": "多賀町多賀604", "P12_007": 2 }, "geometry": { "type": "MultiPoint", "coordinates": [ [ 136.290619166541319, 35.225452222142394 ] ] } },
{ "type": "Feature", "properties": { "P12_001": 10479, "P12_002": "多賀町立博物館", "P12_003": "25", "P12_004": "25443", "P12_005": "‐", "P12_006": "多賀町四手976-2", "P12_007": 2 }, "geometry": { "type": "MultiPoint", "coordinates": [ [ 136.30247555590222, 35.221146109005758 ] ] } },
{ "type": "Feature", "properties": { "P12_001": 10480, "P12_002": "河内の風穴", "P12_003": "25", "P12_004": "25443", "P12_005": "‐", "P12_006": "多賀町河内", "P12_007": 1 }, "geometry": { "type": "MultiPoint", "coordinates": [ [ 136.350022000215176, 35.252491000459372 ] ] } },
{ "type": "Feature", "properties": { "P12_001": 10481, "P12_002": "ダイニックアストロパーク天究館", "P12_003": "25", "P12_004": "25443", "P12_005": "‐", "P12_006": "多賀町多賀270", "P12_007": 2 }, "geometry": { "type": "MultiPoint", "coordinates": [ [ 136.30468200027417, 35.211339000294686 ] ] } },
{ "type": "Feature", "properties": { "P12_001": 10482, "P12_002": "高取山ふれあい公園", "P12_003": "25", "P12_004": "25443", "P12_005": "‐", "P12_006": "多賀町藤瀬1090", "P12_007": 4 }, "geometry": { "type": "MultiPoint", "coordinates": [ [ 136.294411000567266, 35.176221999645634 ] ] } },
{ "type": "Feature", "properties": { "P12_001": 10483, "P12_002": "キリンビール滋賀工場", "P12_003": "25", "P12_004": "25443", "P12_005": "‐", "P12_006": "多賀町敏満寺1600", "P12_007": 2 }, "geometry": { "type": "MultiPoint", "coordinates": [ [ 136.271008889049085, 35.223751111324759 ] ] } },
{ "type": "Feature", "properties": { "P12_001": 10484, "P12_002": "多賀グリーン倶楽部", "P12_003": "25", "P12_004": "25443", "P12_005": "‐", "P12_006": "多賀町多賀270", "P12_007": -1 }, "geometry": { "type": "MultiPoint", "coordinates": [ [ 136.303440999702389, 35.213677000193456 ] ] } },
{ "type": "Feature", "properties": { "P12_001": 10419, "P12_002": "しゃくなげ渓", "P12_003": "25", "P12_004": "25383", "P12_005": "‐", "P12_006": "日野町大字鎌掛1", "P12_007": 1 }, "geometry": { "type": "LineString", "coordinates": [ [ 136.288848500016002, 34.983810056152258 ], [ 136.288893389001828, 34.983808056028892 ], [ 136.288956832995325, 34.983795167086981 ], [ 136.289038778017982, 34.983764388894734 ], [ 136.28925712817562, 34.983720899400929 ], [ 136.289421065719011, 34.983698642268493 ], [ 136.289652332986265, 34.983675000075671 ], [ 136.289748222006835, 34.983644193834955 ], [ 136.289905971993591, 34.983596667030348 ], [ 136.290115055988224, 34.983615277861084 ], [ 136.290375361001736, 34.983670722015468 ], [ 136.290411806006119, 34.983694193913983 ], [ 136.290566082992456, 34.983752443917567 ], [ 136.290706388991623, 34.983808833038417 ], [ 136.290721139008014, 34.983824083060853 ], [ 136.290821861013654, 34.983846777949836 ], [ 136.290901527997192, 34.983825555939681 ], [ 136.290974194010261, 34.983794806129822 ], [ 136.291075555981763, 34.983788833140373 ], [ 136.291242888988592, 34.983822832900266 ], [ 136.291320443985654, 34.983865972122061 ], [ 136.291380167005315, 34.983897055842327 ], [ 136.291453028004412, 34.983915971867177 ], [ 136.291532000014286, 34.983927889129788 ], [ 136.291632721981813, 34.983948027934566 ], [ 136.291666667009878, 34.983970777918763 ], [ 136.291751417010431, 34.98402483300584 ], [ 136.291910499992582, 34.984128306166092 ], [ 136.292061194001064, 34.984271944074187 ], [ 136.292166944015918, 34.984408027927024 ], [ 136.292217583012018, 34.984497721940208 ], [ 136.292310110991906, 34.984613471984588 ], [ 136.292457722010141, 34.984759027874084 ], [ 136.292520527981907, 34.984786249920433 ], [ 136.292602666999471, 34.984810916884314 ], [ 136.292666166991893, 34.984816499866405 ], [ 136.292764610996556, 34.984854472158474 ] ] } },
{ "type": "Feature", "properties": { "P12_001": 10159, "P12_002": "丹生川渓谷", "P12_003": "25", "P12_004": "25203", "P12_005": "‐", "P12_006": "長浜市余呉町", "P12_007": 1 }, "geometry": { "type": "LineString", "coordinates": [ [ 136.223454728028827, 35.575846158289608 ], [ 136.223464029453254, 35.576227516703526 ], [ 136.223570331413896, 35.576594258523052 ], [ 136.223729784316731, 35.577038069203091 ], [ 136.223849374032, 35.577277248563504 ], [ 136.224194855385036, 35.577649305235063 ], [ 136.224806091639692, 35.57811836254745 ], [ 136.225280464094283, 35.578419994507897 ], [ 136.225487752921367, 35.57850370718387 ], [ 136.22562594544732, 35.578534269002162 ], [ 136.225975413130584, 35.57853028277966 ], [ 136.226343483662646, 35.578498392331838 ], [ 136.226662389506458, 35.578414679321952 ], [ 136.226808554692809, 35.578467830513546 ], [ 136.227207187026181, 35.578663160090812 ], [ 136.227433078702092, 35.578835900962609 ], [ 136.227560641039616, 35.579029901910346 ], [ 136.227636381160835, 35.579251807417315 ], [ 136.227522770978993, 35.579960708571839 ], [ 136.227505496894196, 35.580239751158985 ], [ 136.22733674252882, 35.580567958381316 ], [ 136.227049727250318, 35.580987851058524 ], [ 136.226679663591256, 35.581457572852628 ], [ 136.226490977613025, 35.581738608551028 ], [ 136.22648898444794, 35.581871486196093 ], [ 136.226526854508535, 35.58202894599178 ], [ 136.226597279573667, 35.582190392009977 ], [ 136.226882966088141, 35.58256444179279 ], [ 136.227139419527219, 35.582983005840468 ], [ 136.227352023448532, 35.583120534189746 ], [ 136.227540709426762, 35.583169034343207 ], [ 136.22813865792682, 35.583198931679782 ], [ 136.228533303929993, 35.583216205867132 ], [ 136.228941237687764, 35.583295932320603 ], [ 136.22931728084211, 35.583432796188163 ], [ 136.229544501282021, 35.583650715138724 ], [ 136.229618912639239, 35.5838540174949 ], [ 136.229624227733467, 35.584106484820168 ], [ 136.229592337130015, 35.584376225998881 ], [ 136.229478062547088, 35.584637994398676 ], [ 136.229326582266509, 35.584824022901415 ], [ 136.229092717968342, 35.584947598804121 ], [ 136.22887479895283, 35.585023339035089 ], [ 136.227834368563492, 35.585103065488561 ], [ 136.227635052396835, 35.585328957218032 ], [ 136.227484900880256, 35.585594712174242 ], [ 136.227471613163772, 35.585798014530418 ], [ 136.227547353285019, 35.585913617988126 ], [ 136.228680797880372, 35.586720183931284 ], [ 136.229079430213716, 35.586883623394634 ], [ 136.230296587590715, 35.587189241243671 ], [ 136.230615493472641, 35.587308830923874 ], [ 136.231165606086591, 35.587631723294173 ], [ 136.231736979077425, 35.588013081374179 ], [ 136.232724258486428, 35.588854195692036 ], [ 136.233180028130306, 35.589412280866341 ], [ 136.2334231938529, 35.589846790137933 ], [ 136.233570687803279, 35.590321162636258 ], [ 136.233548098662368, 35.590706507272671 ] ] } },
{ "type": "Feature", "properties": { "P12_001": 10050, "P12_002": "琵琶湖", "P12_003": "25", "P12_004": "25201、25202、25203、25204、25205、25206、25207、25210、25212、25213、25214", "P12_005": "湖沼", "P12_006": "大津市　および　彦根市　および　長浜市　および　近江八幡市　および　草津市　および　守山市　および　野洲市　および　高島市　および　東近江市　および　米原市", "P12_007": -1 }, "geometry": { "type": "Polygon", "coordinates": [ [ [ 135.907616340129778, 34.980995839969786 ], [ 135.907152339897607, 34.980977600000763 ], [ 135.904951340020773, 34.980930010111102 ], [ 135.90471339007496, 34.981786619926325 ], [ 135.904415960067098, 34.981953180084332 ], [ 135.904332679904542, 34.982464770061455 ], [ 135.903999560035913, 34.983440340163995 ], [ 135.90301208003055, 34.984463510137225 ], [ 135.900109139874985, 34.986450359958994 ], [ 135.899085970008855, 34.987211789994895 ], [ 135.898955100065564, 34.987259379884556 ], [ 135.89853868987467, 34.987699579858443 ], [ 135.897384650065248, 34.989710220169236 ], [ 135.897146710018632, 34.990019549996227 ], [ 135.897063430116617, 34.990269400036027 ], [ 135.896480460121637, 34.990543039851907 ], [ 135.896075950111253, 34.990995130079789 ], [ 135.89552866997704, 34.992137269964893 ], [ 135.895266930090457, 34.994088430132024 ], [ 135.89508847010589, 34.994338280171824 ], [ 135.89508847010589, 34.994385860080463 ], [ 135.895350209992472, 34.994600020109154 ], [ 135.895611960038821, 34.994611910006682 ], [ 135.895968870108703, 34.994457250083698 ], [ 135.896349589917833, 34.994504839973359 ], [ 135.896480460121637, 34.994766579910689 ], [ 135.896444770000386, 34.995135389881341 ], [ 135.896266310015818, 34.995480420056928 ], [ 135.895909390046683, 34.995682669869574 ], [ 135.895028990043841, 34.995944410163368 ], [ 135.895040880064613, 34.996277540103932 ], [ 135.894779139917517, 34.996765329967481 ], [ 135.894862420080045, 34.997324499853249 ], [ 135.89508847010589, 34.997395879875462 ], [ 135.896040259989974, 34.997360189864352 ], [ 135.896052159909971, 34.997943159863695 ], [ 135.895778520103391, 34.997990750109821 ], [ 135.894838629878791, 34.998204900157489 ], [ 135.894017720097736, 34.998942530079809 ], [ 135.893018339911862, 35.000179850100707 ], [ 135.89262573008196, 35.000834200122256 ], [ 135.892542449919432, 35.001643220047818 ], [ 135.892613829901478, 35.002083420021705 ], [ 135.892697119963231, 35.002154800043918 ], [ 135.892923160089822, 35.002523619995593 ], [ 135.892827989906522, 35.003915609920497 ], [ 135.892542449919432, 35.004831699879382 ], [ 135.891983280024988, 35.005355180110499 ], [ 135.891257539906206, 35.005605020169277 ], [ 135.890508010107197, 35.004903079901595 ], [ 135.890127299936779, 35.004807900122266 ], [ 135.890281960081353, 35.005462260124851 ], [ 135.890162990058059, 35.005854869852605 ], [ 135.88549924989681, 35.006235580058274 ], [ 135.883643270069143, 35.006675780032161 ], [ 135.882382149996687, 35.006711470043271 ], [ 135.88189436008426, 35.006687679910719 ], [ 135.878384659992946, 35.007115980006056 ], [ 135.876504880064743, 35.007948790064162 ], [ 135.874529929953269, 35.008091560089618 ], [ 135.873411580004614, 35.008650729975379 ], [ 135.871936319986048, 35.009340779989067 ], [ 135.869854289872023, 35.010518609885274 ], [ 135.869997059995825, 35.010578100009958 ], [ 135.869402190080876, 35.010970710094185 ], [ 135.869080959972507, 35.010935020083082 ], [ 135.86699894001822, 35.012041469957076 ], [ 135.866820480033653, 35.012529249839602 ], [ 135.866915660116177, 35.012802890011947 ], [ 135.866844269974422, 35.012957559915961 ], [ 135.866534940046563, 35.012850479901616 ], [ 135.866308890020719, 35.01321929985329 ], [ 135.86548797997915, 35.013671400062194 ], [ 135.863394049945128, 35.013873649874839 ], [ 135.862822979870174, 35.01463507991074 ], [ 135.861466689874931, 35.013933139999523 ], [ 135.861288229890363, 35.014147290047191 ], [ 135.861181149887813, 35.014147290047191 ], [ 135.860955110021735, 35.014278159837623 ], [ 135.862442269960269, 35.015039589873524 ], [ 135.862013970009116, 35.015586859880727 ], [ 135.860693359975386, 35.014777849936195 ], [ 135.860645780093876, 35.015455990090295 ], [ 135.8617879199833, 35.016086549979299 ], [ 135.861668940060753, 35.016217420126196 ], [ 135.861347720112121, 35.016360190151651 ], [ 135.862013970009116, 35.020655109876181 ], [ 135.862775390089411, 35.021035830062878 ], [ 135.863322669963111, 35.021000140051768 ], [ 135.863548719988955, 35.021333260011311 ], [ 135.863215589960589, 35.021547410058979 ], [ 135.86353682006893, 35.021737769974095 ], [ 135.863322669963111, 35.021868640120985 ], [ 135.863370260004388, 35.022308840094873 ], [ 135.863263180001837, 35.023260620064868 ], [ 135.865285719894104, 35.024866760037433 ], [ 135.865809210087519, 35.025770960098782 ], [ 135.866189919997424, 35.025818540007421 ], [ 135.866415970023269, 35.02604458993364 ], [ 135.866868070074929, 35.02604458993364 ], [ 135.86884301992589, 35.026092179823308 ], [ 135.869223730096309, 35.026104080058325 ], [ 135.869675829887456, 35.026175460080538 ], [ 135.869878080073306, 35.026389620109235 ], [ 135.869973259895318, 35.026651360046557 ], [ 135.869461680042122, 35.027127250031555 ], [ 135.868652660021326, 35.027948159854645 ], [ 135.867772260018512, 35.029209279989118 ], [ 135.867748470077743, 35.029839829897092 ], [ 135.867879340021034, 35.030030190168674 ], [ 135.868093490126881, 35.030291930106003 ], [ 135.868795429884642, 35.030482290021119 ], [ 135.868985790049692, 35.030767820091 ], [ 135.86884301992589, 35.031077149917991 ], [ 135.868367129933461, 35.031398379979997 ], [ 135.867451029910143, 35.032504829853998 ], [ 135.867581900113947, 35.033016409850099 ], [ 135.867653289995218, 35.03374214987489 ], [ 135.867498619951419, 35.034218039859887 ], [ 135.867665189915215, 35.034598760046578 ], [ 135.867570010093175, 35.035669509928447 ], [ 135.868152980088155, 35.036347660063576 ], [ 135.868593179959305, 35.036656989890567 ], [ 135.869390289900366, 35.036942519960448 ], [ 135.869188039975029, 35.037216160132793 ], [ 135.86931890991832, 35.037275649901012 ], [ 135.869104760073014, 35.037549290073365 ], [ 135.868771630044648, 35.037418419926468 ], [ 135.8679150298818, 35.038596249822675 ], [ 135.867641390075221, 35.039702700053141 ], [ 135.867700880036466, 35.040523609876232 ], [ 135.868795429884642, 35.043569320038799 ], [ 135.869223730096309, 35.044045220004826 ], [ 135.870175519980393, 35.044485419978713 ], [ 135.870877459998667, 35.044544900122368 ], [ 135.871722169880201, 35.044866129827916 ], [ 135.872257550094417, 35.044747159916035 ], [ 135.872364619937201, 35.044628180023139 ], [ 135.872864310030138, 35.044759050170036 ], [ 135.873233120020046, 35.045496690073385 ], [ 135.873946959958289, 35.045603760106701 ], [ 135.874315780107935, 35.045901200036162 ], [ 135.874720290118319, 35.047031440042709 ], [ 135.874898750102886, 35.047007639929134 ], [ 135.875053409986947, 35.04756682015239 ], [ 135.874910640123659, 35.04864946991281 ], [ 135.874767879899082, 35.049006389985927 ], [ 135.874613210115797, 35.050398379910831 ], [ 135.87418490990413, 35.050921860141955 ], [ 135.875005819945699, 35.052432819978733 ], [ 135.875077210087454, 35.052420920100175 ], [ 135.875446020077362, 35.052944399974834 ], [ 135.87587432992774, 35.053872390168735 ], [ 135.876600059886783, 35.054443459933054 ], [ 135.876968880036401, 35.054657609980723 ], [ 135.877587539892147, 35.054705199870384 ], [ 135.878432250034194, 35.054538640068841 ], [ 135.878967629987898, 35.054491049822715 ], [ 135.879217469954483, 35.054538640068841 ], [ 135.879324540057809, 35.054847969895832 ], [ 135.87894382988739, 35.055442830149168 ], [ 135.878717780122059, 35.055585600174624 ], [ 135.878705879941577, 35.055918730115188 ], [ 135.878884339926117, 35.056192359950046 ], [ 135.878872449905373, 35.056430310111288 ], [ 135.878622600039535, 35.05656117990172 ], [ 135.878087220085831, 35.057037069886718 ], [ 135.878277579990396, 35.057798499922619 ], [ 135.879336439977806, 35.058203009885396 ], [ 135.879574389923619, 35.058500439833836 ], [ 135.879407830119561, 35.058869260141975 ], [ 135.879407830119561, 35.059214279980068 ], [ 135.879538700062852, 35.059368939903052 ], [ 135.879693359946913, 35.059832939990514 ], [ 135.879621979964895, 35.060154170052527 ], [ 135.879384030019054, 35.060415909989857 ], [ 135.879336439977806, 35.061308210172655 ], [ 135.879859920011484, 35.062307580032304 ], [ 135.88034770992391, 35.062878650153088 ], [ 135.881013960081418, 35.062581219848191 ], [ 135.88125191002726, 35.062842960141985 ], [ 135.88112104008394, 35.063057109833181 ], [ 135.881454159952568, 35.063116599957866 ], [ 135.881965749965502, 35.063509210042092 ], [ 135.881561239955118, 35.063842330001634 ], [ 135.883774140012434, 35.065270009937642 ], [ 135.884190540043591, 35.065115340033636 ], [ 135.884428489989432, 35.06517483015832 ], [ 135.884487970051453, 35.065329490081297 ], [ 135.884737819917291, 35.065745899922639 ], [ 135.884904379981862, 35.065924359959197 ], [ 135.885261299950997, 35.066043329871071 ], [ 135.885760990043906, 35.066043329871071 ], [ 135.886867440072592, 35.065710209911529 ], [ 135.887141069979947, 35.065472260106752 ], [ 135.887497989949082, 35.065365190073429 ], [ 135.887795430116682, 35.06517483015832 ], [ 135.888092860124544, 35.065198619934399 ], [ 135.888128549985311, 35.065579340121097 ], [ 135.887176770000451, 35.066483529844959 ], [ 135.887022099956653, 35.066757170017311 ], [ 135.887129179959175, 35.068375199887406 ], [ 135.887557479910328, 35.068958169886749 ], [ 135.887914399879463, 35.06914853015833 ], [ 135.8884140899724, 35.069683909911539 ], [ 135.888866180124836, 35.070207390142663 ], [ 135.888723419900259, 35.07070707988477 ], [ 135.888973260127358, 35.071099689968996 ], [ 135.889008949988124, 35.071444710163554 ], [ 135.889532430021831, 35.071706450100884 ], [ 135.890781649913777, 35.071658859854757 ], [ 135.890900619937071, 35.073205510059104 ], [ 135.889734690106906, 35.074216780153776 ], [ 135.888830490003556, 35.07416918990765 ], [ 135.888580650036971, 35.074430929844979 ], [ 135.888116650065314, 35.074502319848222 ], [ 135.887652659992881, 35.075263739903093 ], [ 135.888640130098992, 35.075549279953997 ], [ 135.888771000042283, 35.075918099905671 ], [ 135.888544959915691, 35.076156040085891 ], [ 135.888509259895187, 35.076441580136795 ], [ 135.88908032997017, 35.076596240059779 ], [ 135.890281960081353, 35.07603707017401 ], [ 135.890531809947191, 35.076120350074781 ], [ 135.890222480019332, 35.076417780023213 ], [ 135.890543699967935, 35.076453470034323 ], [ 135.890281960081353, 35.076762799861314 ], [ 135.889984530073491, 35.077274389838443 ], [ 135.890079709895531, 35.077559919908317 ], [ 135.890484219905915, 35.077488539886104 ], [ 135.89122185004544, 35.077405259985341 ], [ 135.891459799991281, 35.077536130132238 ], [ 135.891995170045732, 35.077702689933773 ], [ 135.892137939909048, 35.077893049848889 ], [ 135.891935689983711, 35.07814288990766 ], [ 135.891269440086717, 35.078321349944218 ], [ 135.890864930076305, 35.078523610094358 ], [ 135.89084113987505, 35.078785350031687 ], [ 135.890995800019624, 35.078868629932451 ], [ 135.891305129947483, 35.078999500079348 ], [ 135.891293230027486, 35.079154160002332 ], [ 135.891174260004192, 35.079142270104803 ], [ 135.891114770042918, 35.079439700053236 ], [ 135.891364619908728, 35.079832310137462 ], [ 135.891757229999143, 35.080117839850878 ], [ 135.892292609952847, 35.080177329975562 ], [ 135.892459170017389, 35.08030820012246 ], [ 135.892590039960709, 35.080748400096347 ], [ 135.892804190066528, 35.080926860132905 ], [ 135.892899369888568, 35.081105320169463 ], [ 135.893351469940228, 35.081224290081337 ], [ 135.893767869971384, 35.081212399827344 ], [ 135.894338940046367, 35.081224290081337 ], [ 135.894743450056751, 35.081331370095683 ], [ 135.894993299922589, 35.081319469860667 ], [ 135.895278830010454, 35.081474140121138 ], [ 135.895302630110962, 35.081783469948128 ], [ 135.895338319971728, 35.082223669922016 ], [ 135.89508847010589, 35.0826281798848 ], [ 135.895338319971728, 35.082866120065013 ], [ 135.895885589946175, 35.083175449892003 ], [ 135.896337689997836, 35.083175449892003 ], [ 135.897622600011061, 35.083056479980129 ], [ 135.897824849936399, 35.083127860002342 ], [ 135.897729680013612, 35.083282529906349 ], [ 135.897432240106497, 35.083425299931804 ], [ 135.897325170003199, 35.083591860089804 ], [ 135.897122909918124, 35.083710830001685 ], [ 135.896587529964449, 35.083806010137472 ], [ 135.896420969899879, 35.084139130097014 ], [ 135.896409069979882, 35.084365180023234 ], [ 135.896694609966971, 35.084615030063034 ], [ 135.896718399907741, 35.084841070008231 ], [ 135.896064049930743, 35.085102819926583 ], [ 135.895243139889175, 35.085245579971009 ], [ 135.895290729930451, 35.086018909885468 ], [ 135.895231239969178, 35.086363930080033 ], [ 135.895005189943362, 35.086708949918126 ], [ 135.894743450056751, 35.086816029932471 ], [ 135.89460067993295, 35.087113459880911 ], [ 135.894648269974226, 35.087422790064366 ], [ 135.894838629878791, 35.087839199905702 ], [ 135.89505277998461, 35.088398370147928 ], [ 135.89552866997704, 35.089064620048042 ], [ 135.895933179987452, 35.089052720169484 ], [ 135.895945079907449, 35.08821991011137 ], [ 135.896765989949017, 35.087446579840453 ], [ 135.896849270111545, 35.087208640016698 ], [ 135.897396549985245, 35.086816029932471 ], [ 135.897634499931058, 35.08686361982214 ], [ 135.897896240078154, 35.087303820152492 ], [ 135.898039009941471, 35.087315710050021 ], [ 135.898205570006041, 35.087339510163595 ], [ 135.898324540029336, 35.087470379954027 ], [ 135.898467309892624, 35.087755910023908 ], [ 135.898848020063014, 35.087934370060466 ], [ 135.89918115009138, 35.088457859916147 ], [ 135.899799809947126, 35.088802880110713 ], [ 135.900418470063357, 35.088779079997131 ], [ 135.900858669934507, 35.088945650136161 ], [ 135.90116800012288, 35.089005129923358 ], [ 135.901394049888211, 35.089100310059145 ], [ 135.901489220071511, 35.089528610154481 ], [ 135.901846140040647, 35.090075890142714 ], [ 135.901846140040647, 35.090670750039578 ], [ 135.903154849893866, 35.091194239895266 ], [ 135.903285720097671, 35.091455979832595 ], [ 135.903666430007547, 35.091563049865911 ], [ 135.903892480033392, 35.091563049865911 ], [ 135.904511139889109, 35.09151545997625 ], [ 135.905677079879041, 35.091753410137493 ], [ 135.906224350114002, 35.092146019865254 ], [ 135.906462300059843, 35.092491040059819 ], [ 135.906236250033999, 35.092562430063055 ], [ 135.905915019925629, 35.093014519934471 ], [ 135.905807950082846, 35.094192360168172 ], [ 135.906117280010704, 35.095037070104844 ], [ 135.907188030018858, 35.095667620012819 ], [ 135.908413459970063, 35.095834180170826 ], [ 135.908734679918695, 35.0962030001225 ], [ 135.908901239983265, 35.096643200096388 ], [ 135.908591910055378, 35.096928740147291 ], [ 135.908520530073361, 35.097095299948826 ], [ 135.909020219905784, 35.097273759985391 ], [ 135.909424729916168, 35.097261860106833 ], [ 135.909900619908598, 35.097321349875052 ], [ 135.910400310001535, 35.097702060080721 ], [ 135.910269429898506, 35.099022660002383 ], [ 135.909567489880232, 35.098975070112722 ], [ 135.908901239983265, 35.098534870138835 ], [ 135.908425349990836, 35.098368309980827 ], [ 135.906735940126936, 35.098213650057843 ], [ 135.906700240106431, 35.098499180127725 ], [ 135.906652650065183, 35.098558669895944 ], [ 135.906890600010996, 35.099938749961268 ], [ 135.906474190080615, 35.100188600001061 ], [ 135.906200559912747, 35.100033930097055 ], [ 135.905962609966906, 35.100033930097055 ], [ 135.90564138011905, 35.099986339850929 ], [ 135.904630109912404, 35.099308200053287 ], [ 135.904308889963772, 35.099462859976271 ], [ 135.904023349976683, 35.100462240173414 ], [ 135.904201809961251, 35.100509830063075 ], [ 135.904570630110896, 35.101140379971049 ], [ 135.905343950111188, 35.102568059907064 ], [ 135.905653280039047, 35.102710829932512 ], [ 135.90592692010614, 35.102746519943622 ], [ 135.90618865999275, 35.102853589976938 ], [ 135.906581270083137, 35.102651340164293 ], [ 135.907937560078381, 35.102556160028506 ], [ 135.908139819902971, 35.102651340164293 ], [ 135.907973249939147, 35.102746519943622 ], [ 135.907330799882175, 35.102698930053961 ], [ 135.906390909918059, 35.102877390090519 ], [ 135.906260039974768, 35.103008259880951 ], [ 135.906307630016045, 35.103103440016739 ], [ 135.906688350085659, 35.103174820038952 ], [ 135.907330799882175, 35.103210510050062 ], [ 135.907842379995856, 35.103067750005636 ], [ 135.908675200117159, 35.102853589976938 ], [ 135.909686470063292, 35.102794109833283 ], [ 135.910733429870163, 35.102449089995183 ], [ 135.910888090014737, 35.10257996014208 ], [ 135.910888090014737, 35.102806010068306 ], [ 135.909412829996171, 35.103519839877052 ], [ 135.909103500068312, 35.103710200148633 ], [ 135.909115399988309, 35.104102809876387 ], [ 135.909722159924058, 35.10437645004874 ], [ 135.909948209949874, 35.10434076003763 ], [ 135.91116173008183, 35.10472146988684 ], [ 135.911685210115536, 35.105125979849618 ], [ 135.912054030004668, 35.105030800070296 ], [ 135.912529919997098, 35.104864239912288 ], [ 135.912898739886231, 35.104114710111411 ], [ 135.912863050025464, 35.103983839964513 ], [ 135.9132199699946, 35.103626919891397 ], [ 135.913386530059142, 35.103555539869184 ], [ 135.913505500082465, 35.103317590064407 ], [ 135.914219340020708, 35.102865489855496 ], [ 135.914695230013137, 35.10292497998018 ], [ 135.914968870080259, 35.102520470017396 ], [ 135.915420969871406, 35.102639439929277 ], [ 135.91555184007521, 35.103246210042194 ], [ 135.915301989948858, 35.104281269912953 ], [ 135.91551614995393, 35.104543009850275 ], [ 135.915468559912682, 35.104983209824162 ], [ 135.915432870051916, 35.105114079971059 ], [ 135.915884959943838, 35.106672630053971 ], [ 135.916456030018793, 35.107184210050072 ], [ 135.918216830024448, 35.107779079927965 ], [ 135.918419090109523, 35.108338250170192 ], [ 135.918228729944445, 35.108671380110763 ], [ 135.918442880050293, 35.108766559890086 ], [ 135.918776010078659, 35.108207380023295 ], [ 135.919489850016902, 35.108504809971734 ], [ 135.919358980073611, 35.108956909824172 ], [ 135.919585019939717, 35.108945009945622 ], [ 135.920096609952651, 35.109349519908399 ], [ 135.920548710004311, 35.10933763001087 ], [ 135.920774760030127, 35.109420909911641 ], [ 135.921036499916738, 35.109254340129077 ], [ 135.921738439934984, 35.110396489995203 ], [ 135.921655160032969, 35.110539250039629 ], [ 135.921857409958307, 35.110610640042871 ], [ 135.921893100079558, 35.110872379980201 ], [ 135.922178640066647, 35.11164569991363 ], [ 135.922321400030711, 35.111919340085976 ], [ 135.922440379953258, 35.112014519865305 ], [ 135.922749709881117, 35.112835430044861 ], [ 135.922523660115786, 35.112954409937764 ], [ 135.923178010092784, 35.114191729958655 ], [ 135.923368369997348, 35.115119720152556 ], [ 135.924082209935619, 35.114965049892085 ], [ 135.924129799976868, 35.115214889950856 ], [ 135.924129799976868, 35.115417150100996 ], [ 135.92567643997748, 35.116214270147999 ], [ 135.925367110049592, 35.116594979997203 ], [ 135.925819210101281, 35.11676154015521 ], [ 135.925961979964569, 35.116594979997203 ], [ 135.926211819931154, 35.116678259897974 ], [ 135.92647356007825, 35.116737750022658 ], [ 135.926414080016229, 35.116987590081429 ], [ 135.9265806400808, 35.117047079849648 ], [ 135.927151709895242, 35.116440320074219 ], [ 135.927580010106908, 35.116702060011548 ], [ 135.927901239954792, 35.117415900157788 ], [ 135.928436619908467, 35.117796610006991 ], [ 135.928032109898083, 35.118331990116673 ], [ 135.928008319957314, 35.118819779980221 ], [ 135.928162980101888, 35.118855469991324 ], [ 135.928305749965176, 35.11908151991755 ], [ 135.928139189900605, 35.119259979954109 ], [ 135.928091600119842, 35.120521090107552 ], [ 135.928008319957314, 35.12130630991954 ], [ 135.928008319957314, 35.12172272011734 ], [ 135.927936930076044, 35.121984460054669 ], [ 135.928234369983159, 35.122436559907108 ], [ 135.928484209949744, 35.12328126984378 ], [ 135.928603179973038, 35.12419736015913 ], [ 135.928936310001404, 35.125268120022014 ], [ 135.92929322997054, 35.126184209980899 ], [ 135.929566859877895, 35.126493540164354 ], [ 135.929733430102203, 35.12643405003967 ], [ 135.929757220042973, 35.126208000113451 ], [ 135.930256909875396, 35.126160419848347 ], [ 135.930709000027832, 35.126041439955443 ], [ 135.931161100079493, 35.12569642011735 ], [ 135.93177975993521, 35.125744010007011 ], [ 135.931791660115721, 35.126077129966554 ], [ 135.931363359904054, 35.126660099965896 ], [ 135.931042130056198, 35.127183579840548 ], [ 135.930530549942489, 35.127635680049458 ], [ 135.929995169988814, 35.128361420074249 ], [ 135.929043380104702, 35.129110949875134 ], [ 135.928543699911017, 35.129420280058589 ], [ 135.927806059872239, 35.130193599992019 ], [ 135.927330169879809, 35.130514830054025 ], [ 135.926937560049936, 35.131359539990697 ], [ 135.926628230122077, 35.131680760071681 ], [ 135.926425979936226, 35.132120970026598 ], [ 135.926271309892428, 35.13214476015915 ], [ 135.926152340129647, 35.132228040059914 ], [ 135.926342689874446, 35.132394599861456 ], [ 135.92609284990786, 35.132442190107582 ], [ 135.925961979964569, 35.132751519934573 ], [ 135.925819210101281, 35.13284670007036 ], [ 135.925593160075437, 35.133393980058599 ], [ 135.924915019897185, 35.135416519891479 ], [ 135.924486710046779, 35.13614224993524 ], [ 135.92442722998473, 35.136511069886915 ], [ 135.924272559940931, 35.13682040007037 ], [ 135.924082209935619, 35.137343879945028 ], [ 135.923975129933069, 35.137938749822929 ], [ 135.924153589917637, 35.1383551500397 ], [ 135.924165490098147, 35.139009500061256 ], [ 135.924546200008052, 35.139425909902592 ], [ 135.924665170031346, 35.139759029862134 ], [ 135.924772250033868, 35.140068360045589 ], [ 135.924962609938433, 35.140151649927382 ], [ 135.925271940126805, 35.140341999861477 ], [ 135.92561695991543, 35.140746509824254 ], [ 135.925759730039232, 35.141888650065823 ], [ 135.925795419899998, 35.14228126015005 ], [ 135.925985769905338, 35.142638179866701 ], [ 135.92599767008582, 35.142983200061266 ], [ 135.926104750088371, 35.144684520169626 ], [ 135.926176130070388, 35.144922469974404 ], [ 135.926414080016229, 35.145350770069733 ], [ 135.926342689874446, 35.145850460168305 ], [ 135.926485459998247, 35.147194849866054 ], [ 135.926759100065368, 35.147408999913722 ], [ 135.92685427988738, 35.147837309990074 ], [ 135.926925660129939, 35.147825410111523 ], [ 135.927413450042366, 35.147968180136971 ], [ 135.927651399988179, 35.148182329828174 ], [ 135.927615710127412, 35.148289399861497 ], [ 135.927675189928948, 35.1485749399124 ], [ 135.927841749993519, 35.148693909824274 ], [ 135.92827006010441, 35.14883667984973 ], [ 135.928341440086456, 35.149074620029943 ], [ 135.928400930047729, 35.149360160080853 ], [ 135.928603179973038, 35.149562409893491 ], [ 135.928924410081407, 35.149610000139624 ], [ 135.929114769985972, 35.149502930106301 ], [ 135.929305119991312, 35.149288780058633 ], [ 135.929888089986264, 35.149253080066501 ], [ 135.930399670099973, 35.149586210007072 ], [ 135.93085176989112, 35.149610000139624 ], [ 135.930970750074152, 35.14971708015397 ], [ 135.930958849893671, 35.149955029958747 ], [ 135.932279450028147, 35.15121614011219 ], [ 135.932517399973989, 35.151335110024064 ], [ 135.932791029881344, 35.151799110111533 ], [ 135.933231230013007, 35.152144129949626 ], [ 135.933516770000125, 35.152703299835395 ], [ 135.933659540123926, 35.152929350118079 ], [ 135.934361479881659, 35.153500419882398 ], [ 135.934718400111308, 35.153988210102412 ], [ 135.935099110021213, 35.154416509841283 ], [ 135.935325160047029, 35.15451168997707 ], [ 135.935908130042009, 35.154797230027974 ], [ 135.936312640052392, 35.1550232799542 ], [ 135.936645759921021, 35.155522960071742 ], [ 135.936812319985592, 35.155594350074985 ], [ 135.936891639933947, 35.155967129998821 ], [ 135.93684404989267, 35.15622094001079 ], [ 135.936526789897727, 35.15649060987348 ], [ 135.93609848004732, 35.156506470080672 ], [ 135.935226020010816, 35.156569930158547 ], [ 135.934147330036353, 35.156807869982302 ], [ 135.933195539891756, 35.157267900116572 ], [ 135.932354800123591, 35.157823110030165 ], [ 135.930673309906553, 35.159123880147909 ], [ 135.930514679909095, 35.159076289901783 ], [ 135.930149829872875, 35.159234920134423 ], [ 135.928309720078602, 35.160741919999033 ], [ 135.926929629982823, 35.162169589954019 ], [ 135.92593025005749, 35.163042059976434 ], [ 135.924201179958914, 35.165040810033226 ], [ 135.923899780098139, 35.165960869945302 ], [ 135.923979100046495, 35.166119500177942 ], [ 135.923979100046495, 35.166405029891358 ], [ 135.924042549961428, 35.166738159831922 ], [ 135.924042549961428, 35.167420269939221 ], [ 135.924217040093083, 35.16767407995119 ], [ 135.924201179958914, 35.168197559825842 ], [ 135.924074269969282, 35.16840377994815 ], [ 135.923074899943174, 35.168736899907692 ], [ 135.921647220066632, 35.170101130103312 ], [ 135.920719230022542, 35.171901589963163 ], [ 135.919838830019728, 35.173079419859377 ], [ 135.918887050034868, 35.174887810001053 ], [ 135.918791869952315, 35.175113859927272 ], [ 135.91857772010701, 35.175411289875711 ], [ 135.918137519975318, 35.176446360083958 ], [ 135.91713814994921, 35.178373720137515 ], [ 135.916448099951708, 35.179872780095735 ], [ 135.916507589912982, 35.180574720006952 ], [ 135.916341030108924, 35.181240969907059 ], [ 135.916567069975002, 35.181871530152527 ], [ 135.916828820021351, 35.182311730126415 ], [ 135.917233319871997, 35.182573470063744 ], [ 135.917768700086214, 35.183096949938403 ], [ 135.917721110044937, 35.183549050147313 ], [ 135.917387989915795, 35.185262260153202 ], [ 135.917554549980366, 35.186594759953415 ], [ 135.917816290127462, 35.186856499890744 ], [ 135.918113719874839, 35.187225319842419 ], [ 135.918375469921159, 35.188272279948201 ], [ 135.918672899929021, 35.189081299873763 ], [ 135.919006020058163, 35.189462010079431 ], [ 135.919588990053114, 35.189973590075532 ], [ 135.920314729911382, 35.190544659839851 ], [ 135.920445600115187, 35.190830199890755 ], [ 135.920505079916722, 35.19165111007031 ], [ 135.920719230022542, 35.192543409896643 ], [ 135.921254609976245, 35.193518989980213 ], [ 135.922027939875761, 35.194792000012207 ], [ 135.922432449886173, 35.195470150147344 ], [ 135.922884540038609, 35.196017420154547 ], [ 135.923372329951036, 35.196410039863331 ], [ 135.923907709904711, 35.196612290032441 ], [ 135.923860120123948, 35.196766949955425 ], [ 135.924050480028512, 35.196969210105564 ], [ 135.923990990067267, 35.19786150993189 ], [ 135.924062379948509, 35.198837090015459 ], [ 135.924681040064741, 35.200300449981548 ], [ 135.925037960033876, 35.200502710131687 ], [ 135.925549539887072, 35.201442599847681 ], [ 135.926144410062534, 35.202358690163024 ], [ 135.92710808996739, 35.203477029934554 ], [ 135.927929000008959, 35.204321739871219 ], [ 135.929713600115122, 35.205392500090575 ], [ 135.930415539872882, 35.20553527011603 ], [ 135.931081790030362, 35.205820799829446 ], [ 135.932021670095224, 35.206023059979579 ], [ 135.932676029971475, 35.206094440001792 ], [ 135.933223299945922, 35.205999259866005 ], [ 135.933520729953784, 35.205689930039014 ], [ 135.933758679899626, 35.205570960127133 ], [ 135.934484420018379, 35.205154549929333 ], [ 135.935126870075379, 35.204940399881671 ], [ 135.93557897012704, 35.204904709870561 ], [ 135.936042959938959, 35.205142660031804 ], [ 135.936506959910645, 35.205392500090575 ], [ 135.936637830114449, 35.205927879843792 ], [ 135.936673519975187, 35.206403769828782 ], [ 135.936614030013942, 35.206843970159134 ], [ 135.936411780088605, 35.207522119937799 ], [ 135.936411780088605, 35.208676160057927 ], [ 135.936495059990648, 35.209259130057269 ], [ 135.93666162005519, 35.209687430152599 ], [ 135.937256489970167, 35.210329879939131 ], [ 135.937637199880044, 35.210960439828135 ], [ 135.937708590021828, 35.211198389989377 ], [ 135.938279660096782, 35.212090679834681 ], [ 135.939493179968252, 35.213435079869924 ], [ 135.939945280019913, 35.21374441005338 ], [ 135.940635320118162, 35.214244100151951 ], [ 135.941158799891355, 35.214553429978942 ], [ 135.941610899943043, 35.214779469924139 ], [ 135.941932130051384, 35.215100699986145 ], [ 135.942455610085091, 35.215612289963275 ], [ 135.943336010087933, 35.216564069933263 ], [ 135.944347280034037, 35.217468269994612 ], [ 135.945108710013585, 35.218110720137616 ], [ 135.945834449871825, 35.218527129978952 ], [ 135.946905199879978, 35.218991120085391 ], [ 135.947392990052919, 35.21913389011084 ], [ 135.947535759916235, 35.219312350147398 ], [ 135.948428060099559, 35.219585989963285 ], [ 135.94901103009451, 35.219835830022056 ], [ 135.95006989008192, 35.220180849860157 ], [ 135.950843210082212, 35.220383110010289 ], [ 135.951854480028317, 35.220597260057957 ], [ 135.952211399997452, 35.220870889892815 ], [ 135.952949029876493, 35.221810779965274 ], [ 135.953710460116525, 35.223012409975063 ], [ 135.955138139993039, 35.22392849993394 ], [ 135.955875769872051, 35.224083169837954 ], [ 135.957672259998986, 35.224154549860167 ], [ 135.958243330073941, 35.22419023987127 ], [ 135.958600250043077, 35.224559059822944 ], [ 135.958766820006872, 35.225201509965942 ], [ 135.959111840056011, 35.226153299916959 ], [ 135.959433060004642, 35.226462630100414 ], [ 135.960955919963681, 35.227045600099757 ], [ 135.963275890124322, 35.228021179826854 ], [ 135.963882659959268, 35.228532759822954 ], [ 135.96389454998004, 35.228949160039733 ], [ 135.962883280033907, 35.23109068012198 ], [ 135.962419289961474, 35.231352420059309 ], [ 135.962157550074892, 35.231733129908513 ], [ 135.961634070041185, 35.232244719885635 ], [ 135.961241459950799, 35.233113219954859 ], [ 135.960836949940386, 35.233398760005763 ], [ 135.960694180077098, 35.233589109939849 ], [ 135.960456229870772, 35.235147660022754 ], [ 135.960646590035822, 35.236028059970529 ], [ 135.960967819883706, 35.236432569933314 ], [ 135.961384219914862, 35.236896560039753 ], [ 135.961491299917384, 35.237312969881089 ], [ 135.961491299917384, 35.238110089928092 ], [ 135.961515090118667, 35.238740650173561 ], [ 135.961598370020681, 35.239192740044977 ], [ 135.96191960012905, 35.239561559996652 ], [ 135.96239549012148, 35.240108839984885 ], [ 135.962669129928088, 35.240584729969882 ], [ 135.962799999871379, 35.240846469907211 ], [ 135.962954669915177, 35.241500819928767 ], [ 135.963073639938472, 35.241929120024096 ], [ 135.963501939889653, 35.242476400012329 ], [ 135.964001629982562, 35.243083160144224 ], [ 135.96476305996211, 35.243535259996662 ], [ 135.96536981989783, 35.243939769959447 ], [ 135.966523859967765, 35.244498939845208 ], [ 135.967344770009305, 35.244760680139002 ], [ 135.969997869937799, 35.24551020993988 ], [ 135.971258990010256, 35.245855240115468 ], [ 135.971413649894316, 35.245962310148791 ], [ 135.971806259984703, 35.247413779860885 ], [ 135.971984719969271, 35.247711210165782 ], [ 135.973555169969615, 35.249971700159904 ], [ 135.974031059962044, 35.250804509861553 ], [ 135.974173830085846, 35.25124470983544 ], [ 135.974483160013705, 35.252148909896796 ], [ 135.974661619998272, 35.252731879896132 ], [ 135.974697310119524, 35.252993619833461 ], [ 135.974840070083587, 35.253183980105042 ], [ 135.974923359884855, 35.253588480086798 ], [ 135.975363560016518, 35.254147659953588 ], [ 135.976208269898081, 35.255230310070473 ], [ 135.976208269898081, 35.255432569864141 ], [ 135.975672889944377, 35.255551540132487 ], [ 135.9757918599677, 35.256039329996035 ], [ 135.976208269898081, 35.255884660092029 ], [ 135.976291550060608, 35.256015529882454 ], [ 135.976220159918853, 35.256098820120719 ], [ 135.976041699934285, 35.256170200142932 ], [ 135.975898939970222, 35.256384349834128 ], [ 135.975958420032242, 35.25661040011682 ], [ 135.976172569877576, 35.256824550164488 ], [ 135.976517589926715, 35.25708629010181 ], [ 135.976826920115087, 35.257312340028037 ], [ 135.977231430125471, 35.257490800064595 ], [ 135.977980959924508, 35.257966690049585 ], [ 135.978492549937442, 35.25816894984326 ], [ 135.978980340110382, 35.25837120001237 ], [ 135.979313459979011, 35.258644839828257 ], [ 135.979646590007377, 35.25871621985047 ], [ 135.980086789878527, 35.258811399986257 ], [ 135.980800619917545, 35.259204010070484 ], [ 135.981752410062143, 35.259620419911819 ], [ 135.982382970098371, 35.260084410018258 ], [ 135.983037320075368, 35.260643589885049 ], [ 135.983691670052366, 35.261238450138386 ], [ 135.984524480013931, 35.261512089954266 ], [ 135.984976580065592, 35.261869010027382 ], [ 135.985809390027157, 35.26214264984327 ], [ 135.987605879893579, 35.262904069898141 ], [ 135.988414899914375, 35.263296679982368 ], [ 135.990258980082558, 35.263760680069829 ], [ 135.991853220023643, 35.263974830117498 ], [ 135.993126230116872, 35.264093800029372 ], [ 135.993483150086007, 35.264200880043724 ], [ 135.993744889972589, 35.264391239958833 ], [ 135.993875759915881, 35.264605390006501 ], [ 135.993899560016388, 35.26481954005417 ], [ 135.994066120080959, 35.265497689832834 ], [ 135.994446829990864, 35.26662792983938 ], [ 135.994601500034662, 35.266949159901394 ], [ 135.995017900065818, 35.267579710165833 ], [ 135.995470000117479, 35.267996120007169 ], [ 135.996457480122842, 35.268698059918385 ], [ 135.997801869937604, 35.269626050112294 ], [ 135.998670379919673, 35.270018659840048 ], [ 135.999669749945781, 35.270411269924274 ], [ 136.002168180090962, 35.271220289849836 ], [ 136.006225169955201, 35.272540890127964 ], [ 136.006522599963063, 35.27273125004308 ], [ 136.008652220118364, 35.273468879965407 ], [ 136.009853840069809, 35.273766309913839 ], [ 136.01101978005974, 35.274039950086191 ], [ 136.011959670023828, 35.274503950173653 ], [ 136.01241175991575, 35.274860869890304 ], [ 136.012625919920822, 35.275170190092737 ], [ 136.01284007002667, 35.275443829908617 ], [ 136.013434930042393, 35.275860240106425 ], [ 136.015838190004274, 35.277335499951064 ], [ 136.017265859981563, 35.278049340097304 ], [ 136.017396740084592, 35.27819211012276 ], [ 136.017836939955771, 35.278430059927537 ], [ 136.018431799971495, 35.278739390110992 ], [ 136.018610259956063, 35.278905949912527 ], [ 136.018848209901876, 35.279310459875312 ], [ 136.018895799943152, 35.279750659849199 ], [ 136.018872000103158, 35.280250339966742 ], [ 136.018574570095296, 35.280999870124084 ], [ 136.018479390012743, 35.281333000064656 ], [ 136.018396110110729, 35.281785099917094 ], [ 136.018408010030726, 35.283284159875322 ], [ 136.018289030108178, 35.283403130143661 ], [ 136.018372310010221, 35.284081279922326 ], [ 136.018419900051498, 35.285711210027443 ], [ 136.018158159904374, 35.2868771400451 ], [ 136.017825040035746, 35.287709950103213 ], [ 136.017194479999517, 35.288709329943892 ], [ 136.017194479999517, 35.289006759892324 ], [ 136.01701602001495, 35.289470759979793 ], [ 136.016433050019998, 35.29058910010778 ], [ 136.016016649988842, 35.291897810131914 ], [ 136.015802499882994, 35.291909700029443 ], [ 136.015754910102231, 35.29204057017634 ], [ 136.015576450117663, 35.292992360127357 ], [ 136.015695419880473, 35.293313589832906 ], [ 136.015957160027568, 35.293515840002016 ], [ 136.017230170120797, 35.294598490118901 ], [ 136.01756329988865, 35.295121979974581 ], [ 136.018193850025654, 35.29560976983813 ], [ 136.018645950077314, 35.296002379922356 ], [ 136.019014769966446, 35.296430680017686 ], [ 136.019692909884213, 35.296918469881241 ], [ 136.020299679979672, 35.297322979844019 ], [ 136.020799359912871, 35.297620410148916 ], [ 136.020823160013379, 35.297786969950458 ], [ 136.020977819897439, 35.297953530108458 ], [ 136.021180079982514, 35.29806061012281 ], [ 136.021858219900253, 35.298619780008572 ], [ 136.022179450008622, 35.298929109835562 ], [ 136.022143759887371, 35.299167059996805 ], [ 136.022369809913187, 35.29927413003012 ], [ 136.023024159890184, 35.299714339985037 ], [ 136.023309699877274, 35.299833309896911 ], [ 136.023381080119833, 35.300095049834241 ], [ 136.024035430096802, 35.300642329822473 ], [ 136.025118089924206, 35.301142009940023 ], [ 136.025760539981206, 35.301427549990926 ], [ 136.025605880097146, 35.30158220991391 ], [ 136.02664093998402, 35.302200869924356 ], [ 136.02769979997143, 35.302664870011817 ], [ 136.027818769994724, 35.302807630056243 ], [ 136.02811620990181, 35.302962299960257 ], [ 136.029865109987469, 35.303747520128702 ], [ 136.032078010044785, 35.304175819867574 ], [ 136.034064860076285, 35.304378080017706 ], [ 136.035218899885706, 35.304401870150258 ], [ 136.037396099922518, 35.304259110105832 ], [ 136.038407380028389, 35.304116340080377 ], [ 136.039704180062358, 35.303997370168503 ], [ 136.041215140101428, 35.303402499934144 ], [ 136.041762419975129, 35.302795740158714 ], [ 136.042071749902988, 35.302557789997472 ], [ 136.042464359993375, 35.302510200107811 ], [ 136.043380450117468, 35.302129489902143 ], [ 136.043404240058237, 35.301796359961571 ], [ 136.043796849888139, 35.301784470064042 ], [ 136.045200740084397, 35.301903439975924 ], [ 136.045831289960887, 35.302248460170482 ], [ 136.046402360035842, 35.302819529934801 ], [ 136.047092410033343, 35.30359285984926 ], [ 136.047175689935386, 35.303914079930244 ], [ 136.047306559878677, 35.30500863990671 ], [ 136.047508810064528, 35.30552021990281 ], [ 136.047937119914906, 35.306186470159389 ], [ 136.048317830085324, 35.30654338987604 ], [ 136.049126850106092, 35.307269119919809 ], [ 136.050054839889697, 35.307899680165278 ], [ 136.050209500034271, 35.308185219859716 ], [ 136.050292779936285, 35.308482650164613 ], [ 136.050649699905421, 35.308732489866919 ], [ 136.052220149905736, 35.309731870064063 ], [ 136.053552649960238, 35.310505189997492 ], [ 136.05404042997344, 35.310719340045161 ], [ 136.054064230073948, 35.310933490092829 ], [ 136.054528219885867, 35.311219030143732 ], [ 136.055384829947911, 35.311564049981826 ], [ 136.056110570066693, 35.311683019893707 ], [ 136.056289030051261, 35.312289790006623 ], [ 136.056705430082417, 35.312492040175734 ], [ 136.056419899994552, 35.312753780113063 ], [ 136.05720511991484, 35.313336750112398 ], [ 136.057431169940685, 35.313241569976611 ], [ 136.05796654989436, 35.313443830126744 ], [ 136.058097420098164, 35.313431929891728 ], [ 136.058263979902222, 35.313277259987714 ], [ 136.058513820129349, 35.313396239880618 ], [ 136.058490029928066, 35.313562800038625 ], [ 136.058680379933406, 35.313788849964844 ], [ 136.058704180033914, 35.313907819876718 ], [ 136.059370429930908, 35.314098180148299 ], [ 136.059715449980018, 35.314098180148299 ], [ 136.060024779907877, 35.314288530082386 ], [ 136.060274619874491, 35.314621660022958 ], [ 136.060881380070725, 35.314942890084971 ], [ 136.061619020109475, 35.315418780069962 ], [ 136.062047320060657, 35.315680520007291 ], [ 136.061952139978104, 35.315799489919165 ], [ 136.061749890052795, 35.315977949955723 ], [ 136.061749890052795, 35.315858980043849 ], [ 136.061690400091521, 35.315621029882607 ], [ 136.061488149905671, 35.31559724010652 ], [ 136.061274000060365, 35.315918459831039 ], [ 136.060774309967428, 35.316180210105863 ], [ 136.060655339944134, 35.316358670142421 ], [ 136.062094910101905, 35.316418149929611 ], [ 136.062213880125199, 35.316322970150289 ], [ 136.062713569957651, 35.315704310139843 ], [ 136.063034800065992, 35.31563293011763 ], [ 136.06321326005056, 35.315442569846049 ], [ 136.063427409895894, 35.315525850103285 ], [ 136.063808120066312, 35.31563293011763 ], [ 136.06397467987037, 35.315918459831039 ], [ 136.064236420017465, 35.315966050077172 ], [ 136.064355399939984, 35.316073130091517 ], [ 136.064391090061264, 35.316180210105863 ], [ 136.064260220117973, 35.316299180017737 ], [ 136.06427212003797, 35.316549020076508 ], [ 136.065307179924844, 35.316798870116308 ], [ 136.066639679979346, 35.31766736982906 ], [ 136.067424899899635, 35.317810139854515 ], [ 136.068721710093371, 35.317822030108509 ], [ 136.06918569990529, 35.317524600160077 ], [ 136.069411749931135, 35.317524600160077 ], [ 136.069828160122029, 35.317298549877385 ], [ 136.069816259941518, 35.317108199943299 ], [ 136.06918569990529, 35.317274760101306 ], [ 136.069126220103755, 35.317143889954409 ], [ 136.069590209915702, 35.31696542991785 ], [ 136.069828160122029, 35.316691790101963 ], [ 136.069994719926086, 35.316691790101963 ], [ 136.070660970083594, 35.31719147984407 ], [ 136.070863220008903, 35.316703689980521 ], [ 136.070839430068162, 35.316584710087618 ], [ 136.071148759996021, 35.316572819833624 ], [ 136.071184450117272, 35.31640625005106 ], [ 136.072219519903399, 35.315740010131975 ], [ 136.072802479999126, 35.315775700143078 ], [ 136.073135610027492, 35.315763799908062 ], [ 136.073266479970783, 35.315644829996181 ], [ 136.073345790019914, 35.315387050031021 ], [ 136.073440970102467, 35.315164970057999 ], [ 136.073393380061191, 35.314831840117428 ], [ 136.073758230097411, 35.314593899937215 ], [ 136.073980319909055, 35.314736669962663 ], [ 136.073599600099925, 35.315387050031021 ], [ 136.073599600099925, 35.315799489919165 ], [ 136.074138949906541, 35.315926400093893 ], [ 136.074218259955643, 35.315545679907203 ], [ 136.074456209901484, 35.315371189823836 ], [ 136.074947969927337, 35.315704310139843 ], [ 136.07574111991471, 35.316005710041473 ], [ 136.076677040025885, 35.315926400093893 ], [ 136.077724000093298, 35.316116750027987 ], [ 136.078342659949016, 35.316608509844727 ], [ 136.077549509961642, 35.318036190137207 ], [ 136.077263969974524, 35.318638979959438 ], [ 136.077343289922879, 35.319574900078699 ], [ 136.077819179915309, 35.320383920004261 ], [ 136.078659919943959, 35.320939129917861 ], [ 136.078818560101183, 35.321430880110043 ], [ 136.078533020114094, 35.322017820062577 ], [ 136.078310939941161, 35.322684069962683 ], [ 136.078104719902427, 35.323429630166835 ], [ 136.078707509985236, 35.323731030068465 ], [ 136.078973219985244, 35.324163300116986 ], [ 136.079056499887287, 35.325198359987745 ], [ 136.079449109977674, 35.325162669976642 ], [ 136.079722750044766, 35.325281639888516 ], [ 136.079746539985535, 35.325519590049758 ], [ 136.079449109977674, 35.326840189971421 ], [ 136.078794760000676, 35.327649209896983 ], [ 136.077712110072525, 35.328827040149662 ], [ 136.077319490082886, 35.329207749998865 ], [ 136.074357070125785, 35.330135739836301 ], [ 136.07367892004828, 35.330813889971431 ], [ 136.073167339934599, 35.332110700117006 ], [ 136.072417809875049, 35.332396229830422 ], [ 136.072869900027484, 35.332443820076548 ], [ 136.072596259960392, 35.333014889840868 ], [ 136.072465390017101, 35.333014889840868 ], [ 136.072167960009239, 35.333621649972763 ], [ 136.072203649869977, 35.333740629865666 ], [ 136.071561200073489, 35.335798860066113 ], [ 136.0712756600864, 35.336405619841543 ], [ 136.071192379923872, 35.337059979844121 ], [ 136.071013919939304, 35.338225909861777 ], [ 136.07090685009652, 35.340462600098782 ], [ 136.070835459954736, 35.340605370124237 ], [ 136.071013919939304, 35.340688650025008 ], [ 136.071025820119814, 35.340867110061566 ], [ 136.07079977009397, 35.342520839923793 ], [ 136.070656999970168, 35.342604119824564 ], [ 136.070597519908148, 35.3426874000818 ], [ 136.070775979892716, 35.342746889850019 ], [ 136.070597519908148, 35.344507690102034 ], [ 136.070466649964828, 35.344590970002805 ], [ 136.070442850124834, 35.344698050017151 ], [ 136.070573720068154, 35.344745629925782 ], [ 136.070538029946874, 35.345019270098135 ], [ 136.070597519908148, 35.345518959840241 ], [ 136.070716489931442, 35.345566550086367 ], [ 136.071037720039811, 35.345721210009351 ], [ 136.07031197992103, 35.347363039993027 ], [ 136.070216800099018, 35.348136369907479 ], [ 136.070109729995721, 35.348350519955147 ], [ 136.069217430072882, 35.349076249998916 ], [ 136.069205529892372, 35.349171430134703 ], [ 136.06939589005745, 35.349219020024364 ], [ 136.069455380018724, 35.349492659840251 ], [ 136.069455380018724, 35.349694910009362 ], [ 136.069336400096176, 35.349813889902265 ], [ 136.069276920034156, 35.350194600107933 ], [ 136.06901517988706, 35.350837049894466 ], [ 136.06892000006502, 35.35120586984614 ], [ 136.068896199964513, 35.351515200029596 ], [ 136.068812920062499, 35.35163416994147 ], [ 136.068860510103747, 35.351872120102712 ], [ 136.067397140105953, 35.354537120059618 ], [ 136.067171090080137, 35.354727469993705 ], [ 136.067040219876333, 35.355381829996283 ], [ 136.067182990000134, 35.355667360066164 ], [ 136.067040219876333, 35.355845820102722 ], [ 136.066826070030999, 35.356202740175839 ], [ 136.066659509966428, 35.356821399829826 ], [ 136.066766589968978, 35.357130730013282 ], [ 136.066623820105661, 35.357178319902943 ], [ 136.066147930113232, 35.357404369829162 ], [ 136.065612549899043, 35.357939749938843 ], [ 136.065481679955752, 35.358201489876173 ], [ 136.06556496011828, 35.358403740045283 ], [ 136.06507716994534, 35.358415639923834 ], [ 136.06405400007921, 35.358879630030273 ], [ 136.063887440014668, 35.35906998994539 ], [ 136.063637589888316, 35.359343630117742 ], [ 136.063387749921731, 35.359355529996293 ], [ 136.062828580027258, 35.359533980051829 ], [ 136.062852369968027, 35.359748140080519 ], [ 136.062602530001442, 35.360033670150401 ], [ 136.062364580055601, 35.360045570028952 ], [ 136.062019560006462, 35.360271619955178 ], [ 136.061793509980646, 35.360676129917955 ], [ 136.061710230078603, 35.360830789840939 ], [ 136.061591260055309, 35.361009249877497 ], [ 136.061234340086173, 35.360997349998947 ], [ 136.061115370062879, 35.361199610149079 ], [ 136.060865519936527, 35.361437549972834 ], [ 136.060401530124608, 35.361437549972834 ], [ 136.060234959900299, 35.361520829873598 ], [ 136.060056510075469, 35.361604120111863 ], [ 136.05987805009093, 35.361544629987179 ], [ 136.05992562997244, 35.361711190145179 ], [ 136.059663890085858, 35.362080010096854 ], [ 136.059235589874191, 35.362008620093619 ], [ 136.05900954010886, 35.362234670019838 ], [ 136.058985749907578, 35.362353649912741 ], [ 136.058926259946332, 35.362746259996968 ], [ 136.058497959995151, 35.362877130143858 ], [ 136.058486060075154, 35.3630436899454 ], [ 136.058224319928058, 35.36324594011451 ], [ 136.057807909997649, 35.363174560092297 ], [ 136.057772219876398, 35.363376809904942 ], [ 136.057474790129049, 35.36324594011451 ], [ 136.057427200087773, 35.363448199908177 ], [ 136.057677040054358, 35.363769429970191 ], [ 136.057355820105727, 35.363995469915388 ], [ 136.057070280118637, 35.364126340062285 ], [ 136.056725260069499, 35.364364289867062 ], [ 136.056582489945697, 35.364733110175202 ], [ 136.056296960118345, 35.36484017985206 ], [ 136.055630709960838, 35.36497104999895 ], [ 136.055428449875762, 35.365268489928411 ], [ 136.05497635998384, 35.365351769829182 ], [ 136.054667030055981, 35.365375559961734 ], [ 136.054738410038027, 35.365411249972844 ], [ 136.05472651011803, 35.365910940071409 ], [ 136.054369589888381, 35.366208370019848 ], [ 136.05408406006103, 35.366172680008738 ], [ 136.053643859929366, 35.366434419946067 ], [ 136.053643859929366, 35.366517699846838 ], [ 136.053489189885568, 35.366850830143868 ], [ 136.053275040040234, 35.3669816999343 ], [ 136.052454129998665, 35.367291030117755 ], [ 136.051835469882434, 35.367671739966966 ], [ 136.051050249962145, 35.368373679878175 ], [ 136.050943169959623, 35.368623529917976 ], [ 136.050812300016304, 35.368873369976747 ], [ 136.050479169987938, 35.369135109914076 ], [ 136.050360199964643, 35.369587210122987 ], [ 136.050312609923367, 35.370074999986535 ], [ 136.050027080096015, 35.370336739923864 ], [ 136.050050870036785, 35.370538990092975 ], [ 136.049943799933487, 35.370788840132775 ], [ 136.050015179915505, 35.371026779956523 ], [ 136.04976533994892, 35.37095539993431 ], [ 136.049574980044355, 35.37099108994542 ], [ 136.049467900041833, 35.371383700029646 ], [ 136.049194269873965, 35.371455080051859 ], [ 136.049598769985124, 35.371681129978079 ], [ 136.049491699881827, 35.371740620102763 ], [ 136.048944420008127, 35.371609749955866 ], [ 136.048516120056973, 35.371847700117108 ], [ 136.047873660100748, 35.372668609940199 ], [ 136.047718999956174, 35.372728100064883 ], [ 136.047469159989561, 35.372966039888638 ], [ 136.046814800113339, 35.373965420085781 ], [ 136.046660139968765, 35.374013009975442 ], [ 136.045922510089753, 35.374822019919975 ], [ 136.045054000107683, 35.375571550077318 ], [ 136.045125389988954, 35.37573810987886 ], [ 136.045149179929723, 35.375868980025757 ], [ 136.044935030084389, 35.37598795991866 ], [ 136.04506590002768, 35.376332980113219 ], [ 136.044673289937293, 35.376392469881438 ], [ 136.042912489931638, 35.376749389954554 ], [ 136.042389009897931, 35.376618509826635 ], [ 136.041615679998415, 35.376796969863193 ], [ 136.041342039931322, 35.376808870098216 ], [ 136.04104460992346, 35.376999230013332 ], [ 136.040580620111513, 35.377023020145877 ], [ 136.040354570085697, 35.376951640123664 ], [ 136.039474170082855, 35.377070610035545 ], [ 136.037915620002536, 35.377046819902993 ], [ 136.037487320051383, 35.37720147982597 ], [ 136.037320759986812, 35.377415629873639 ], [ 136.037082810040971, 35.377522709887984 ], [ 136.036226199978927, 35.377713070159565 ], [ 136.035821689968515, 35.378831409931095 ], [ 136.035595650102437, 35.379426280165454 ], [ 136.035643239883171, 35.379830790128239 ], [ 136.036142920076884, 35.380306680113229 ], [ 136.036226199978927, 35.380675500064903 ], [ 136.036333279981449, 35.381056209914107 ], [ 136.036713989891354, 35.381389329873649 ], [ 136.036678300030587, 35.382103170019889 ], [ 136.036868659935152, 35.382460090093005 ], [ 136.037296959886305, 35.382793220033577 ], [ 136.037296959886305, 35.383102549860567 ], [ 136.036737789991832, 35.383423769941551 ], [ 136.036333279981449, 35.384851449877559 ], [ 136.034429710112505, 35.388063719841668 ], [ 136.034048999942087, 35.390681129908913 ], [ 136.034346429949949, 35.393750629847567 ], [ 136.035286319914064, 35.39728412987369 ], [ 136.035845490069022, 35.398640430143949 ], [ 136.03602395005359, 35.398569040140714 ], [ 136.036190510118161, 35.39915201014005 ], [ 136.036547430087296, 35.399806360161605 ], [ 136.037415929909599, 35.401828899994484 ], [ 136.037903720082539, 35.402852069967714 ], [ 136.038522379938257, 35.403649190014718 ], [ 136.038688949902053, 35.403875239940938 ], [ 136.038986379909915, 35.403922829830606 ], [ 136.039367090080333, 35.404624770098287 ], [ 136.039795390031486, 35.404934099925278 ], [ 136.040140419979849, 35.405338609888055 ], [ 136.040687689954325, 35.405659839950069 ], [ 136.041568089957138, 35.405778809861943 ], [ 136.04311474011746, 35.405683630082621 ], [ 136.043733399973206, 35.405517069924613 ], [ 136.046636350028024, 35.406159520067611 ], [ 136.047290700004993, 35.406504549886733 ], [ 136.047290700004993, 35.407218380051944 ], [ 136.047861770079976, 35.40744442997817 ], [ 136.047159830061702, 35.408063089988616 ], [ 136.046755320051318, 35.408503289962503 ], [ 136.046481679984197, 35.408717440010172 ], [ 136.046279430058888, 35.408967290049965 ], [ 136.046065270053816, 35.408991079826052 ], [ 136.045529899999337, 35.409728710104844 ], [ 136.045422819996816, 35.410157019824737 ], [ 136.045898709989245, 35.411739360040194 ], [ 136.045970099870516, 35.413357389910288 ], [ 136.046208039917104, 35.414309179861306 ], [ 136.046160449875856, 35.414987320015406 ], [ 136.046410300002179, 35.41565356991552 ], [ 136.046493579904222, 35.417699909861973 ], [ 136.045970099870516, 35.420638540010202 ], [ 136.045981989891288, 35.421566529847638 ], [ 136.045625069922153, 35.422327959883539 ], [ 136.045636970102663, 35.422922830117898 ], [ 136.045125389988954, 35.424517069855447 ], [ 136.044542419994002, 35.425147620119887 ], [ 136.043673919911157, 35.426789450103563 ], [ 136.042686439905793, 35.428086259892673 ], [ 136.042484189980485, 35.428942860083339 ], [ 136.041841730024231, 35.430049309957333 ], [ 136.041461020114355, 35.43048950993122 ], [ 136.041104099884706, 35.43069177008136 ], [ 136.040949430101421, 35.431108169941673 ], [ 136.040735279995573, 35.431869599977567 ], [ 136.040842359998123, 35.432773790057894 ], [ 136.041389629972571, 35.434023009957343 ], [ 136.042329519936658, 35.435795710087916 ], [ 136.043876170097008, 35.438068099960596 ], [ 136.045886810069248, 35.440661709914259 ], [ 136.048516120056973, 35.44355275017282 ], [ 136.050657629972505, 35.445587189884257 ], [ 136.051561830075855, 35.446408110044842 ], [ 136.051787880101671, 35.4461701598836 ], [ 136.052239979892846, 35.446693640114717 ], [ 136.052822939988573, 35.447098150077501 ], [ 136.05302520007362, 35.447026770055288 ], [ 136.053429710084032, 35.447312300125169 ], [ 136.053739040011891, 35.447443169915594 ], [ 136.053893699895951, 35.44732420000372 ], [ 136.054464769970906, 35.447669219841821 ], [ 136.055892450107933, 35.447752500099057 ], [ 136.056844230092793, 35.44778819011016 ], [ 136.057141669999908, 35.448121320050731 ], [ 136.057796019976905, 35.448668590057935 ], [ 136.058545550036428, 35.449001719998506 ], [ 136.059057129889624, 35.44906121012319 ], [ 136.05992562997244, 35.449001719998506 ], [ 136.06035394008336, 35.449453819850945 ], [ 136.060437219985374, 35.450845800151285 ], [ 136.060234959900299, 35.451797590102302 ], [ 136.060234959900299, 35.452951619884935 ], [ 136.060413419884867, 35.45373685003441 ], [ 136.060901210057807, 35.454438789945627 ], [ 136.063590000107553, 35.457115680156527 ], [ 136.065767210043617, 35.458947870055319 ], [ 136.066088439891473, 35.459054940088635 ], [ 136.066814170111002, 35.459590319841851 ], [ 136.070883049996013, 35.462041170107554 ], [ 136.071513610032241, 35.462647929882976 ], [ 136.071573099993486, 35.462754999916299 ], [ 136.071918120042625, 35.462873980165661 ], [ 136.072834209906233, 35.463361770029216 ], [ 136.075427819873426, 35.464039909826852 ], [ 136.076201150033455, 35.464301650120646 ], [ 136.078271279966998, 35.464480110157204 ], [ 136.078818560101183, 35.464373040123888 ], [ 136.079294450093613, 35.463718690102333 ], [ 136.079877420088565, 35.463373659926745 ], [ 136.080162949915945, 35.462933459952858 ], [ 136.080460379923807, 35.462754999916299 ], [ 136.080793509952173, 35.461910289979627 ], [ 136.080757820091407, 35.46177941983273 ], [ 136.080460379923807, 35.461731839924099 ], [ 136.080377100021764, 35.461565270141534 ], [ 136.080591250127611, 35.460815739984184 ], [ 136.080579360106839, 35.460078110061865 ], [ 136.080876790114701, 35.459031149956083 ], [ 136.081305090065854, 35.458055569872521 ], [ 136.081626319913738, 35.457603470020075 ], [ 136.08211411008665, 35.457246549946959 ], [ 136.08220928990869, 35.456830150086645 ], [ 136.08226876997071, 35.455652309852944 ], [ 136.08239963991403, 35.455378670037064 ], [ 136.082875540066198, 35.455033649842498 ], [ 136.083018300030261, 35.454557759857508 ], [ 136.083696450107738, 35.452999210131061 ], [ 136.084172340100167, 35.452630400160416 ], [ 136.084600649950573, 35.451916560014176 ], [ 136.085112230064283, 35.451476360040289 ], [ 136.085409660072145, 35.451404970037053 ], [ 136.085683299878724, 35.451274099890156 ], [ 136.086135399930384, 35.451036160066401 ], [ 136.086480419979523, 35.450584059857498 ], [ 136.0865280100208, 35.450417500055956 ], [ 136.086361449956229, 35.45014385988361 ], [ 136.086397140077509, 35.449786940166952 ], [ 136.087122870036524, 35.449632279887503 ], [ 136.08742030994361, 35.448847050094493 ], [ 136.087789119933518, 35.448847050094493 ], [ 136.088003270039337, 35.448954130108838 ], [ 136.089109720067995, 35.449037410009609 ], [ 136.089764079944246, 35.448704290050067 ], [ 136.090299449998696, 35.448680489936493 ], [ 136.090489809903261, 35.448561520024619 ], [ 136.090882419993648, 35.448264090076179 ], [ 136.092821679983871, 35.448466339888824 ], [ 136.093416549898848, 35.448644799925383 ], [ 136.094939399958662, 35.449548990005709 ], [ 136.095462879992368, 35.449537100108181 ], [ 136.096450359997732, 35.450096269993942 ], [ 136.098722750016321, 35.450548369846388 ], [ 136.101280670122748, 35.451964149903844 ], [ 136.102268139968373, 35.452844549851619 ], [ 136.102922500105109, 35.454486379835295 ], [ 136.103219930112971, 35.454855190162405 ], [ 136.104338269901888, 35.456033030039642 ], [ 136.105349550007759, 35.458364900055976 ], [ 136.106194249990097, 35.459982929926078 ], [ 136.106218050090575, 35.460435030134981 ], [ 136.106360819953892, 35.460863329873852 ], [ 136.106348920033895, 35.461232149825527 ], [ 136.106420300015913, 35.461672350155879 ], [ 136.106729629943771, 35.462219620163083 ], [ 136.107300700018754, 35.464384930021417 ], [ 136.107217420116712, 35.464956000142202 ], [ 136.107455370062553, 35.466347990067106 ], [ 136.107598139925841, 35.466942849963971 ], [ 136.108597509951977, 35.46791843004754 ], [ 136.108942530001087, 35.468441919903221 ], [ 136.110025190089004, 35.469512670141548 ], [ 136.110596259903446, 35.470214610052764 ], [ 136.111143529877921, 35.471927830039682 ], [ 136.111262510060953, 35.47318893983666 ], [ 136.111119739937152, 35.473581549920887 ], [ 136.110774719888013, 35.474009850016216 ], [ 136.110774719888013, 35.474319179843206 ], [ 136.110834199950062, 35.474604719894117 ], [ 136.110965069893354, 35.474735590041014 ], [ 136.111512350027539, 35.475889630161134 ], [ 136.111738400053383, 35.476079990076251 ], [ 136.112166700004536, 35.47634173001358 ], [ 136.112380850110384, 35.476555880061248 ], [ 136.112618800056197, 35.476603469950909 ], [ 136.112630699976194, 35.476734340097806 ], [ 136.112844850082041, 35.476889000020783 ], [ 136.112940029904081, 35.47731730011612 ], [ 136.112797260040765, 35.477341099873229 ], [ 136.113249360092453, 35.478768780165701 ], [ 136.113713349904373, 35.479827640150042 ], [ 136.113879909968944, 35.48062475984058 ], [ 136.113772840126131, 35.480743730108919 ], [ 136.113594379881079, 35.481005470046249 ], [ 136.113451610017762, 35.482468839993366 ], [ 136.113546790100315, 35.482861450077593 ], [ 136.113844220108177, 35.483242159926796 ], [ 136.114391499981849, 35.483599079999912 ], [ 136.11468892998974, 35.484146359988145 ], [ 136.115045849958847, 35.484693629995355 ], [ 136.115854869979643, 35.485014860057369 ], [ 136.11625937009083, 35.485014860057369 ], [ 136.116651990080442, 35.485110039836691 ], [ 136.117806019990638, 35.485895260005144 ], [ 136.11794879011444, 35.485859569994034 ], [ 136.118210530001022, 35.486204589832134 ], [ 136.118222429921019, 35.486311669846479 ], [ 136.118591250070665, 35.486835150077603 ], [ 136.118983859900567, 35.487061200003822 ], [ 136.119852359983383, 35.48698981000058 ], [ 136.120244970073799, 35.487096890014925 ], [ 136.120732759986225, 35.487001709879138 ], [ 136.122291310066544, 35.487061200003822 ], [ 136.122672019976449, 35.485419370020146 ], [ 136.123088429906829, 35.485407470141588 ], [ 136.123064630066835, 35.48522901010503 ], [ 136.123219300110634, 35.485240909983588 ], [ 136.122731509937694, 35.484467590050158 ], [ 136.123207399930124, 35.482897140088696 ], [ 136.123588110100542, 35.482635400151366 ], [ 136.124052110072199, 35.482337969846469 ], [ 136.124718359969194, 35.482337969846469 ], [ 136.125241840002872, 35.482516429883027 ], [ 136.125598759972007, 35.482730579930696 ], [ 136.125836700018624, 35.483087500003812 ], [ 136.126050860023668, 35.483337340062583 ], [ 136.126229320008235, 35.483848930039713 ], [ 136.126443470114083, 35.483956000073029 ], [ 136.126574340057374, 35.4842891300136 ], [ 136.12661002991814, 35.484872090031914 ], [ 136.12708591991057, 35.485086240079582 ], [ 136.127359559977663, 35.485002959822346 ], [ 136.127918729872135, 35.485086240079582 ], [ 136.129941270024887, 35.484527069837348 ], [ 136.130143530109962, 35.484336709922232 ], [ 136.131023930112775, 35.484170150120697 ], [ 136.13195191989638, 35.483896509948345 ], [ 136.132344529986767, 35.483551490110251 ], [ 136.132415909968813, 35.482766269941798 ], [ 136.13233263006677, 35.482385560092595 ], [ 136.132570580012612, 35.48207622990914 ], [ 136.132582479932609, 35.481517050042349 ], [ 136.132415909968813, 35.481100649825571 ], [ 136.132106580040926, 35.480886500134375 ], [ 136.131999509937629, 35.480731829873896 ], [ 136.132011410118139, 35.48048199017159 ], [ 136.131785360092294, 35.47980384003646 ], [ 136.131226180038112, 35.479482609974447 ], [ 136.131154800056066, 35.479173280147457 ], [ 136.131333260040634, 35.478923440088685 ], [ 136.132630069973857, 35.478352369967901 ], [ 136.132677660015133, 35.478185810166366 ], [ 136.132558680092615, 35.478078730152021 ], [ 136.132404019948041, 35.477864580104352 ], [ 136.132594369953352, 35.47731730011612 ], [ 136.132106580040926, 35.476912800134365 ], [ 136.131511720025202, 35.476889000020783 ], [ 136.130595629901109, 35.476793819884996 ], [ 136.128811030055459, 35.477174540071694 ], [ 136.128406520045075, 35.477448179887574 ], [ 136.127740269887568, 35.477793200082139 ], [ 136.127419049938936, 35.4778407899718 ], [ 136.126943150047282, 35.477400589997913 ], [ 136.126598129998143, 35.476615359848438 ], [ 136.126348290031558, 35.476425009914351 ], [ 136.125967580121653, 35.476258440131787 ], [ 136.125717729995301, 35.476306030021448 ], [ 136.125229940082875, 35.476627260083461 ], [ 136.124789739951211, 35.476841410131122 ], [ 136.124575590105906, 35.476948490145467 ], [ 136.124563689925395, 35.477376789884339 ], [ 136.124635080067151, 35.477388690119355 ], [ 136.124765950010442, 35.477507660031236 ], [ 136.1246945601292, 35.477602840167023 ], [ 136.124420929961332, 35.47756715015592 ], [ 136.124301950038785, 35.477353000108252 ], [ 136.124361440000058, 35.477210230082797 ], [ 136.124361440000058, 35.476972279921554 ], [ 136.124028309971692, 35.476365520146132 ], [ 136.124361440000058, 35.475889630161134 ], [ 136.124444719902101, 35.475044919868004 ], [ 136.124563689925395, 35.474711789927433 ], [ 136.124635080067151, 35.474021749894774 ], [ 136.124742149909963, 35.473450680130455 ], [ 136.124528000064629, 35.472475100046886 ], [ 136.124420929961332, 35.472463200168335 ], [ 136.124040209891689, 35.471618499856227 ], [ 136.123980730090153, 35.471154500125223 ], [ 136.123802270105585, 35.470868970055349 ], [ 136.123231189870893, 35.470619120015549 ], [ 136.123100319927602, 35.470345479843196 ], [ 136.122957559963538, 35.468834529987447 ], [ 136.123314479932674, 35.468275350120656 ], [ 136.123552419979262, 35.46771617987843 ], [ 136.123837959966352, 35.467371160040329 ], [ 136.124111600033473, 35.466740600151326 ], [ 136.124539899984626, 35.466074349894754 ], [ 136.125384610126673, 35.465586560031205 ], [ 136.125622549912777, 35.465336719972434 ], [ 136.125705830075304, 35.465039290023995 ], [ 136.125991370062422, 35.46421836986341 ], [ 136.125884290059872, 35.463611610087987 ], [ 136.125610659892004, 35.463385560161768 ], [ 136.125325119904915, 35.463076229978306 ], [ 136.125087169959073, 35.462850180052087 ], [ 136.124718359969194, 35.462564649982205 ], [ 136.124254359997536, 35.462076860118657 ], [ 136.124242469976764, 35.461410609862085 ], [ 136.124480410023352, 35.46073246008342 ], [ 136.125313219984918, 35.459887750146748 ], [ 136.126800390083218, 35.459399959926735 ], [ 136.127692680106804, 35.45919771011409 ], [ 136.128477909926318, 35.458947870055319 ], [ 136.128930000078753, 35.458650430125857 ], [ 136.12907276994207, 35.458269719920189 ], [ 136.128656369910885, 35.457722439931949 ], [ 136.12737145989766, 35.456627889936513 ], [ 136.127347660057666, 35.456282870098413 ], [ 136.127847349890089, 35.45569990009907 ], [ 136.128394630024303, 35.455461959918857 ], [ 136.129096570042549, 35.455497649929967 ], [ 136.130131629929451, 35.45604491993717 ], [ 136.131440340043184, 35.456485119911058 ], [ 136.132844220079704, 35.456806349973071 ], [ 136.134105329992423, 35.457377420093856 ], [ 136.134854860051945, 35.457579679887523 ], [ 136.137020170068013, 35.457662960144759 ], [ 136.13887614989568, 35.458281620155205 ], [ 136.140196750030185, 35.458602839879731 ], [ 136.141743399929993, 35.458388689832063 ], [ 136.141838580012546, 35.458626639993305 ], [ 136.142326369924973, 35.45851955997896 ], [ 136.143658869979447, 35.45800797998286 ], [ 136.144063379989859, 35.457091890023975 ], [ 136.143551789976925, 35.456056820172194 ], [ 136.143516100116159, 35.455426259926725 ], [ 136.143813530124021, 35.454593449868611 ], [ 136.143670760000219, 35.453451309983507 ], [ 136.143908709946061, 35.453023009888177 ], [ 136.143932510046568, 35.451845170010941 ], [ 136.143837329964015, 35.45057215997894 ], [ 136.143599380018202, 35.450215239905823 ], [ 136.143432819953631, 35.449632279887503 ], [ 136.143325739951081, 35.448989820119948 ], [ 136.142766570056637, 35.448418749999163 ], [ 136.142790359997406, 35.44778819011016 ], [ 136.141921859914561, 35.446943490154517 ], [ 136.141410280061365, 35.446550870089268 ], [ 136.140732129983888, 35.445741860144729 ], [ 136.140232439890951, 35.445384940071612 ], [ 136.140137269968136, 35.444825759848356 ], [ 136.140779720025137, 35.443969160014156 ], [ 136.141719609989224, 35.443624140176063 ], [ 136.143230560129069, 35.443469469915584 ], [ 136.144241839974427, 35.442957889919484 ], [ 136.145871770036763, 35.442945990040933 ], [ 136.146716470019101, 35.44270803987969 ], [ 136.147097190088743, 35.442315430151929 ], [ 136.1480608699936, 35.442077489971709 ], [ 136.148382100101969, 35.44219645988359 ], [ 136.149238700004275, 35.442684250103603 ], [ 136.150618790100054, 35.443267220102946 ], [ 136.150702070002069, 35.443612239941039 ], [ 136.15096380988868, 35.44433797996583 ], [ 136.151404010020343, 35.444873350094483 ], [ 136.151832319870721, 35.445456320093825 ], [ 136.152272520002384, 35.446479490067055 ], [ 136.152320110043661, 35.446931589919494 ], [ 136.152153540079865, 35.447716810087947 ], [ 136.15141590994034, 35.449537100108181 ], [ 136.151404010020343, 35.450012990093178 ], [ 136.151641959966156, 35.450358009931271 ], [ 136.152546149909767, 35.450976669941717 ], [ 136.153259990108523, 35.451190819989385 ], [ 136.154104699990086, 35.451666719955405 ], [ 136.155163559977467, 35.452499530013519 ], [ 136.15569893993117, 35.453498899873168 ], [ 136.155449099964557, 35.453843920067733 ], [ 136.154604390083023, 35.454569660092524 ], [ 136.154354539956671, 35.455307290014851 ], [ 136.154354539956671, 35.456449429899955 ], [ 136.154640079943789, 35.457317929969172 ], [ 136.155294429920758, 35.458150750008308 ], [ 136.15694816008363, 35.459054940088635 ], [ 136.157328869993535, 35.459245300003751 ], [ 136.158161679955072, 35.460327950120636 ], [ 136.158494809983438, 35.460934719877088 ], [ 136.158911210014622, 35.461529580130424 ], [ 136.158923109934619, 35.463409359918877 ], [ 136.158697059908775, 35.463635399864074 ], [ 136.158340139939639, 35.463599709852964 ], [ 136.156900570042353, 35.463433150051429 ], [ 136.155996369939032, 35.463599709852964 ], [ 136.155104079915446, 35.463552119963303 ], [ 136.154235569933377, 35.463337969915635 ], [ 136.153735880100953, 35.463397460040319 ], [ 136.152641329992292, 35.463397460040319 ], [ 136.151939389974018, 35.463242790136313 ], [ 136.151237449955772, 35.463361770029216 ], [ 136.150797250084594, 35.463599709852964 ], [ 136.150333260012161, 35.46390904003642 ], [ 136.150047720025071, 35.464492010035762 ], [ 136.149476649950117, 35.466193320163093 ], [ 136.148976960117693, 35.466776290162436 ], [ 136.148393990122713, 35.467061829856874 ], [ 136.148227430058142, 35.467573409852974 ], [ 136.148239329978168, 35.468382430135001 ], [ 136.148596249947275, 35.469167649946989 ], [ 136.149095940040212, 35.470190819920219 ], [ 136.149643210014688, 35.470690510018784 ], [ 136.149809770079258, 35.471023629978326 ], [ 136.149964440123057, 35.471642289988779 ], [ 136.149726489916702, 35.47216576986343 ], [ 136.149321979906318, 35.47267735984056 ], [ 136.148072769913597, 35.474271589953545 ], [ 136.148013279952323, 35.474473850103685 ], [ 136.148251229898165, 35.475128200125233 ], [ 136.148584350027278, 35.475615989988789 ], [ 136.149655109934685, 35.476805720120019 ], [ 136.150214280089642, 35.477138850060584 ], [ 136.150690170082072, 35.477424380130465 ], [ 136.152177339919859, 35.478054940019469 ], [ 136.153486039873854, 35.478388059979011 ], [ 136.154009519907532, 35.478875849842559 ], [ 136.154104699990086, 35.479375539941131 ], [ 136.153866759943469, 35.480208349999245 ], [ 136.153902450064749, 35.480529580061258 ], [ 136.15466386988453, 35.481576540167033 ], [ 136.155330120042038, 35.482218989953566 ], [ 136.155794120013695, 35.483599079999912 ], [ 136.15618673010411, 35.484336709922232 ], [ 136.156864879921102, 35.485074349825581 ], [ 136.157257490011489, 35.485383680009043 ], [ 136.158185480055579, 35.485859569994034 ], [ 136.16094565008737, 35.486942220110919 ], [ 136.161933130092734, 35.487453810088049 ], [ 136.162373329963884, 35.488024879852368 ], [ 136.162373329963884, 35.488453179947697 ], [ 136.162064000036025, 35.488976659822356 ], [ 136.162171069878809, 35.489547729943141 ], [ 136.161992609894241, 35.489987929917028 ], [ 136.161754670108166, 35.490154500056057 ], [ 136.161076520030662, 35.490499519894151 ], [ 136.160850470004846, 35.490785049964032 ], [ 136.160636319898998, 35.491784430161175 ], [ 136.160148529986571, 35.49270052012006 ], [ 136.159291930084237, 35.493592819946386 ], [ 136.159398999927049, 35.494104399942486 ], [ 136.159327619945003, 35.494699270176852 ], [ 136.1594346900483, 35.494877729856945 ], [ 136.159482280089577, 35.49612694013183 ], [ 136.160112840125805, 35.496460070072402 ], [ 136.160243710069096, 35.496626629873937 ], [ 136.161873639870947, 35.496935960057392 ], [ 136.162206769899313, 35.496935960057392 ], [ 136.162944400038839, 35.497566519946396 ], [ 136.162980089899605, 35.498316050103739 ], [ 136.163170450064683, 35.4987086598315 ], [ 136.163384599910017, 35.498815729864823 ], [ 136.163444089871291, 35.499184550172963 ], [ 136.163337010129254, 35.499196450051521 ], [ 136.163241830046729, 35.499434389875269 ], [ 136.163265629886723, 35.500243410157296 ], [ 136.163551159974588, 35.500528949851734 ], [ 136.164146029889537, 35.501718679982964 ], [ 136.164205509951586, 35.502456309905291 ], [ 136.163943770064975, 35.50268235983151 ], [ 136.163670129997882, 35.502503900151417 ], [ 136.163622550116344, 35.502254060092646 ], [ 136.163729619959156, 35.502182670089404 ], [ 136.163729619959156, 35.502004210052846 ], [ 136.163146649964176, 35.501968520041743 ], [ 136.162849219956314, 35.502361130125962 ], [ 136.162587480069732, 35.502361130125962 ], [ 136.162218659920086, 35.50257528017363 ], [ 136.162087789976795, 35.503205840062634 ], [ 136.162385229883881, 35.504145730135093 ], [ 136.162991990080116, 35.505609100082211 ], [ 136.162956299958864, 35.506334830125972 ], [ 136.163134759943404, 35.506489500029986 ], [ 136.16321804010596, 35.507203329838731 ], [ 136.162575579889221, 35.508631010131204 ], [ 136.162242460020593, 35.509630389971882 ], [ 136.161897439971455, 35.510106279956872 ], [ 136.160790989942797, 35.51156964990399 ], [ 136.160481660014938, 35.512414349859633 ], [ 136.16026750990909, 35.512592809896191 ], [ 136.16045785991443, 35.513056809983659 ], [ 136.160695810120757, 35.513187680130557 ], [ 136.161207389973953, 35.513366140167115 ], [ 136.161635700084872, 35.513116300108344 ], [ 136.161980719873497, 35.513116300108344 ], [ 136.162111590077302, 35.513378040045673 ], [ 136.162409020085164, 35.513247169898776 ], [ 136.162527990108458, 35.513425629935334 ], [ 136.162718350013023, 35.513497009957547 ], [ 136.162861119876311, 35.51322337014166 ], [ 136.163063370062162, 35.513211469906636 ], [ 136.163301320007974, 35.513389929943202 ], [ 136.163301320007974, 35.513889620041773 ], [ 136.163717720039159, 35.514567770176903 ], [ 136.163919980124206, 35.514591559952983 ], [ 136.164062749987522, 35.514496380173661 ], [ 136.164657610003246, 35.514484489919667 ], [ 136.165002630052356, 35.514603459831541 ], [ 136.166347030026856, 35.514579660074432 ], [ 136.166442210109409, 35.514353620129235 ], [ 136.16841715996037, 35.510439399916415 ], [ 136.168310079957848, 35.509570899847198 ], [ 136.168940639994076, 35.508595320120101 ], [ 136.168881150032803, 35.508000449885735 ], [ 136.169238070001938, 35.507441279999973 ], [ 136.169273770022443, 35.506691749842631 ], [ 136.168821669970782, 35.506370520137082 ], [ 136.168797869870275, 35.505847039905959 ], [ 136.169023919896091, 35.505180790005852 ], [ 136.16900012995535, 35.504800080156649 ], [ 136.169321349903981, 35.50413382990007 ], [ 136.169285660043215, 35.503336709853066 ], [ 136.169416529986506, 35.502908410114202 ], [ 136.170927490025548, 35.501409350155974 ], [ 136.171569949981802, 35.501314170020187 ], [ 136.172426549884108, 35.500564639862844 ], [ 136.17302142005957, 35.500255310035854 ], [ 136.173318850067432, 35.499981669863502 ], [ 136.173521099992769, 35.499541469889614 ], [ 136.174127870088228, 35.499053680026066 ], [ 136.175067749892605, 35.498815729864823 ], [ 136.176293180104295, 35.49874434984261 ], [ 136.177042709903304, 35.499160760040411 ], [ 136.178196740074014, 35.501742470115516 ], [ 136.179945650058897, 35.503348610088089 ], [ 136.180469130092604, 35.503788810061977 ], [ 136.180933119904523, 35.50382450007308 ], [ 136.181980089871161, 35.504121930021519 ], [ 136.182919969935995, 35.503943469984954 ], [ 136.184062119985157, 35.503301019841956 ], [ 136.18510908005257, 35.502610980165763 ], [ 136.186144139939444, 35.501980419920294 ], [ 136.186596239991104, 35.501314170020187 ], [ 136.187226800027332, 35.500088749877847 ], [ 136.187750280061039, 35.499541469889614 ], [ 136.18842842987803, 35.499327319841946 ], [ 136.189094680035538, 35.498411229883068 ], [ 136.189998869979121, 35.497637899968609 ], [ 136.190332000007487, 35.497614109836064 ], [ 136.191295679912344, 35.49647196995096 ], [ 136.191426550116148, 35.49596037997383 ], [ 136.191355159974393, 35.495770020058714 ], [ 136.191295679912344, 35.495734330047611 ], [ 136.191283779992347, 35.495686740157943 ], [ 136.191378960074871, 35.495591570003185 ], [ 136.191378960074871, 35.495484489988833 ], [ 136.191497930098194, 35.495282240176188 ], [ 136.191426550116148, 35.495151360048268 ], [ 136.191402750015641, 35.494080610166407 ], [ 136.19136705989439, 35.493069340071735 ], [ 136.191200500090332, 35.492557750094605 ], [ 136.190938759943208, 35.49249826995095 ], [ 136.19079599007992, 35.491486999856278 ], [ 136.191081530067009, 35.491213360040391 ], [ 136.191414649935638, 35.490332960092616 ], [ 136.191842949886819, 35.489892760118728 ], [ 136.191950029889341, 35.489131330082827 ], [ 136.19181915994605, 35.489083739836701 ], [ 136.191688290002759, 35.488405590058036 ], [ 136.191105320007779, 35.487644170003165 ], [ 136.190248709945735, 35.487322939941151 ], [ 136.190094050061646, 35.48729913982757 ], [ 136.189998869979121, 35.486585310018825 ], [ 136.190117840002415, 35.486085619920253 ], [ 136.190665119876115, 35.485788189971821 ], [ 136.191521729938188, 35.485371780130485 ], [ 136.191771569904773, 35.484943480035156 ], [ 136.191676390082762, 35.484467590050158 ], [ 136.191569310080212, 35.483991690084139 ], [ 136.191652599881479, 35.483718049911786 ], [ 136.191557420059439, 35.483527699977699 ], [ 136.190903070082442, 35.482040529917008 ], [ 136.191022040105764, 35.48156463993201 ], [ 136.190926860023211, 35.481421869906562 ], [ 136.190569940054075, 35.480981669932675 ], [ 136.18954676992746, 35.48006557997379 ], [ 136.188868630009694, 35.479625379999902 ], [ 136.188999499952985, 35.479006719989457 ], [ 136.189677639870752, 35.478566520015569 ], [ 136.190379579889026, 35.478197710044917 ], [ 136.190641329935346, 35.478019250008359 ], [ 136.190867370061966, 35.477579050034471 ], [ 136.191105320007779, 35.477448179887574 ], [ 136.191616900121488, 35.476567769958777 ], [ 136.192366429920497, 35.476103779852338 ], [ 136.192663870088097, 35.475734959900663 ], [ 136.192878019933431, 35.475128200125233 ], [ 136.192961300095988, 35.474438160092575 ], [ 136.193092170039279, 35.47429539006712 ], [ 136.193127859900045, 35.474045550008348 ], [ 136.193092170039279, 35.473712420067784 ], [ 136.192461610003051, 35.472558379947657 ], [ 136.19227125999771, 35.472011109940453 ], [ 136.192390230021005, 35.471499519963324 ], [ 136.192509200044299, 35.471154500125223 ], [ 136.192544889905065, 35.470892759831429 ], [ 136.192211770036437, 35.470059950129787 ], [ 136.19227125999771, 35.46989338997178 ], [ 136.192568690005572, 35.469512670141548 ], [ 136.193008889876722, 35.469036780156557 ], [ 136.193306319884613, 35.46870365984055 ], [ 136.193615650072957, 35.468513299925434 ], [ 136.193806009977521, 35.468073099951546 ], [ 136.194020160083369, 35.467870840157879 ], [ 136.194103439985383, 35.467704279999872 ], [ 136.194270000049954, 35.467585310087998 ], [ 136.194305700070458, 35.467216490136323 ], [ 136.194174819967429, 35.467085619989426 ], [ 136.193996369882086, 35.466895270055339 ], [ 136.193853600018798, 35.466716810018781 ], [ 136.193484780129666, 35.4666930099052 ], [ 136.193294419964587, 35.466562140114767 ], [ 136.193187350121804, 35.46643126996787 ], [ 136.193318220065095, 35.466371779843186 ], [ 136.193841700098801, 35.46646695997898 ], [ 136.194162929946657, 35.466443169846428 ], [ 136.194496050075799, 35.466383680078209 ], [ 136.194519849915793, 35.466288499942422 ], [ 136.19443657001375, 35.466217119920209 ], [ 136.194091540065386, 35.466217119920209 ], [ 136.193972570042092, 35.466062450016196 ], [ 136.193639449912979, 35.466062450016196 ], [ 136.193627549992954, 35.466002969872541 ], [ 136.193687039954227, 35.465872100082109 ], [ 136.194103439985383, 35.465872100082109 ], [ 136.194341389931225, 35.465776919946322 ], [ 136.194519849915793, 35.465479489997882 ], [ 136.194567439957069, 35.465122569924766 ], [ 136.19460313007832, 35.464837029873863 ], [ 136.195031430029502, 35.463920939914978 ], [ 136.195019530109505, 35.463564019841861 ], [ 136.194876769884928, 35.462826389919535 ], [ 136.194852970044934, 35.46198167998287 ], [ 136.195376450078612, 35.462017369993973 ], [ 136.195888040091546, 35.461922189858186 ], [ 136.196233059880171, 35.461612860031195 ], [ 136.196459109906016, 35.461458200108211 ], [ 136.197077770022247, 35.460316059866642 ], [ 136.197196740045541, 35.459971030047519 ], [ 136.197577449955446, 35.459649809966535 ], [ 136.197720220079248, 35.459578419963293 ], [ 136.197970069945058, 35.459459450051419 ], [ 136.198338879934965, 35.459411860161758 ], [ 136.19843406001749, 35.459340480139545 ], [ 136.198636309942827, 35.459138219989406 ], [ 136.198553030040785, 35.458709919894076 ], [ 136.198326980014969, 35.456794450094513 ], [ 136.198326980014969, 35.45518832010297 ], [ 136.198422160097493, 35.454617249982185 ], [ 136.198350780115476, 35.454498270089289 ], [ 136.198517339919533, 35.454105660005062 ], [ 136.198553030040785, 35.453843920067733 ], [ 136.198231810092182, 35.453249060170862 ], [ 136.195709580106978, 35.451631019963273 ], [ 136.194936249946949, 35.451416869915604 ], [ 136.194817279923654, 35.451464460161738 ], [ 136.194722100101615, 35.451666719955405 ], [ 136.194043950024138, 35.451369280025943 ], [ 136.192663870088097, 35.45098857017674 ], [ 136.191807260026053, 35.450917180173498 ], [ 136.191747770064779, 35.450976669941717 ], [ 136.191200500090332, 35.450845800151285 ], [ 136.189986970059124, 35.450595960092514 ], [ 136.189487290125925, 35.450286629909058 ], [ 136.187298180009378, 35.450262830151949 ], [ 136.187262489888099, 35.450001089858155 ], [ 136.188345149976016, 35.450012990093178 ], [ 136.188368939916757, 35.449311049825496 ], [ 136.187298180009378, 35.449251560057277 ], [ 136.187226800027332, 35.449192079913615 ], [ 136.187131619944807, 35.448989820119948 ], [ 136.186965059880237, 35.448823259961941 ], [ 136.187607509937237, 35.448549620146061 ], [ 136.187500440094453, 35.448466339888824 ], [ 136.186631930112384, 35.448466339888824 ], [ 136.186965059880237, 35.44778819011016 ], [ 136.187274390068609, 35.447669219841821 ], [ 136.187500440094453, 35.447371789893381 ], [ 136.187797870102315, 35.447431270037043 ], [ 136.188309449955511, 35.447038659952817 ], [ 136.188452220079313, 35.446693640114717 ], [ 136.188749650087175, 35.446669849982172 ], [ 136.188999499952985, 35.446289130151939 ], [ 136.188809140048448, 35.445991699847035 ], [ 136.189070879935031, 35.445860830056603 ], [ 136.189118469976307, 35.44562287989536 ], [ 136.189118469976307, 35.445384940071612 ], [ 136.189296929960875, 35.445099400020709 ], [ 136.189534879906688, 35.444897149851599 ], [ 136.18954676992746, 35.444492639888814 ], [ 136.189189849958325, 35.443255319867923 ], [ 136.189511080066694, 35.441780050042247 ], [ 136.189820409994553, 35.441863339924048 ], [ 136.189879899955827, 35.441565899994586 ], [ 136.189404009963397, 35.441506419850924 ], [ 136.189070879935031, 35.44164917989535 ], [ 136.188785350107679, 35.441554010097057 ], [ 136.188892419950463, 35.441244679913595 ], [ 136.188987600032988, 35.440578430013488 ], [ 136.189689540051262, 35.440340479852246 ], [ 136.190082149881164, 35.440269099830033 ], [ 136.190332000007487, 35.440209610061814 ], [ 136.19127188007235, 35.439222130099694 ], [ 136.192033310051869, 35.43842501005269 ], [ 136.192009520111128, 35.437794460144708 ], [ 136.192330740059731, 35.437556509983466 ], [ 136.19274714999014, 35.437116310009579 ], [ 136.193508579969659, 35.437068720119917 ], [ 136.193663240114233, 35.436830779939697 ], [ 136.193746520016276, 35.43608125013882 ], [ 136.193044579998002, 35.436152630161033 ], [ 136.192806630052161, 35.43574811984179 ], [ 136.193068380098509, 35.435557759926674 ], [ 136.193318220065095, 35.43523653984569 ], [ 136.193496680049662, 35.43523653984569 ], [ 136.193663240114233, 35.435284130091816 ], [ 136.193829799918291, 35.435296019989345 ], [ 136.193972570042092, 35.435153259944919 ], [ 136.194317590091231, 35.435188949956029 ], [ 136.194686409980363, 35.434843930117928 ], [ 136.195804759929018, 35.434225270107483 ], [ 136.196328239962725, 35.433428150060472 ], [ 136.196554289988541, 35.43299983998412 ], [ 136.196839820076406, 35.432238419929242 ], [ 136.196816029875151, 35.431346120102916 ], [ 136.196494800027267, 35.431048690154476 ], [ 136.195947519893082, 35.430394330151898 ], [ 136.195757169887742, 35.429823260031114 ], [ 136.195305070096595, 35.429371170159698 ], [ 136.195305070096595, 35.4292403000128 ], [ 136.195828549869788, 35.42902613998411 ], [ 136.196292550101958, 35.428371789962554 ], [ 136.196518589968036, 35.428347999830002 ], [ 136.196506699947292, 35.428240920172122 ], [ 136.196221159960174, 35.428264719929231 ], [ 136.196197370019405, 35.428169540149909 ], [ 136.196399619944742, 35.428074360014122 ], [ 136.196090290016883, 35.426801349982121 ], [ 136.19612597987765, 35.42624217011533 ], [ 136.195424040119889, 35.426158889858094 ], [ 136.195162299972793, 35.425920950034346 ], [ 136.195090919990747, 35.425813870019994 ], [ 136.195459729980655, 35.425326080156445 ], [ 136.195447839959883, 35.424683630013448 ], [ 136.195614400024454, 35.424326709940331 ], [ 136.195923729952312, 35.424076859900531 ], [ 136.195923729952312, 35.423755640176012 ], [ 136.196459109906016, 35.423208359831314 ], [ 136.196732749973108, 35.422637290066994 ], [ 136.197042079900967, 35.422613499934442 ], [ 136.197482280032631, 35.422161400081997 ], [ 136.1975060699734, 35.421887759909652 ], [ 136.198445959937487, 35.420745620024547 ], [ 136.199088409994488, 35.420733720145989 ], [ 136.199814150113269, 35.419900910087875 ], [ 136.19996880999733, 35.419936600098985 ], [ 136.200111580121131, 35.419746250164891 ], [ 136.199980709917327, 35.419639170150546 ], [ 136.200337629886462, 35.418830149868519 ], [ 136.200063990079855, 35.418627900055874 ], [ 136.200230549883912, 35.417973550034326 ], [ 136.200527990051512, 35.417426270046086 ], [ 136.201396489873844, 35.416724330134876 ], [ 136.201515459897138, 35.416141360135533 ], [ 136.202050840111355, 35.415820140054549 ], [ 136.20230068007794, 35.415487010113978 ], [ 136.202586220065029, 35.415403729856742 ], [ 136.202943140034165, 35.415094400029751 ], [ 136.20333575012458, 35.414785069846296 ], [ 136.203359540065321, 35.414666099934422 ], [ 136.203490410008641, 35.414582820033651 ], [ 136.203906819939021, 35.413976049920734 ], [ 136.204192359926111, 35.41405933017797 ], [ 136.204311329949434, 35.414035540045418 ], [ 136.204323230129916, 35.413821389997757 ], [ 136.204561169916019, 35.41369051985086 ], [ 136.204394610111962, 35.413321699899186 ], [ 136.204929990065665, 35.413083750094408 ], [ 136.205025169887676, 35.412750630134866 ], [ 136.205560550101893, 35.412488889841072 ], [ 136.205857980109755, 35.412227149903742 ], [ 136.206381459882948, 35.412179560014081 ], [ 136.207297550007041, 35.411739360040194 ], [ 136.20809467010784, 35.411061209905057 ], [ 136.209034560071927, 35.410585319920067 ], [ 136.210224290002628, 35.409633539950079 ], [ 136.210795360077583, 35.408717440010172 ], [ 136.210950019961643, 35.408681749999062 ], [ 136.210819150018352, 35.408550879852164 ], [ 136.210878639979597, 35.4081225801133 ], [ 136.211176069987488, 35.4077061699155 ], [ 136.211425920113811, 35.407813249929845 ], [ 136.211580579997872, 35.407729970029074 ], [ 136.211521099935851, 35.407515819981406 ], [ 136.211723350121673, 35.406873359857386 ], [ 136.212258730075376, 35.406980439871731 ], [ 136.212234929974869, 35.406885260092409 ], [ 136.212306320116625, 35.406647309931159 ], [ 136.212163549992823, 35.406314189971624 ], [ 136.212579959923232, 35.406314189971624 ], [ 136.212544259902728, 35.406040550155737 ], [ 136.212782210109054, 35.406100039923956 ], [ 136.212579959923232, 35.405838299986627 ], [ 136.21313913007819, 35.4051958398626 ], [ 136.213305689882247, 35.404874610157059 ], [ 136.213472249946818, 35.404969789936381 ], [ 136.213781579874677, 35.405041179939623 ], [ 136.214055219941798, 35.404267850025164 ], [ 136.214531109934228, 35.404482000072832 ], [ 136.214602500075983, 35.404267850025164 ], [ 136.21435264994966, 35.40411319010218 ], [ 136.215007010086396, 35.402971049860611 ], [ 136.21512598010969, 35.402899659857376 ], [ 136.215911200029979, 35.400972300160284 ], [ 136.216803499952789, 35.398925959857365 ], [ 136.217065240099913, 35.398557149886713 ], [ 136.217196110043204, 35.397474490145271 ], [ 136.217326979986495, 35.396760649999031 ], [ 136.217338879906492, 35.395023649860597 ], [ 136.217410259888538, 35.394595340140704 ], [ 136.216886780115345, 35.392632290076044 ], [ 136.215839820047933, 35.390538359883458 ], [ 136.214899930083845, 35.390288519824686 ], [ 136.217362670107775, 35.389812629839689 ], [ 136.218207379989337, 35.390157650034254 ], [ 136.218492919976427, 35.389836419972241 ], [ 136.219016400010133, 35.389503300012699 ], [ 136.218504809997199, 35.389229659840353 ], [ 136.215756539885405, 35.388492029918027 ], [ 136.21744595000979, 35.386969169846225 ], [ 136.218064610126021, 35.386612250129573 ], [ 136.218683269981767, 35.38629102006756 ], [ 136.219004500090108, 35.386279130170031 ], [ 136.219313830017995, 35.386326720059692 ], [ 136.220170440080039, 35.386624150008132 ], [ 136.22077720001576, 35.38663604988669 ], [ 136.22128878012947, 35.386481379982676 ], [ 136.222085899969755, 35.386409999960463 ], [ 136.223299430000964, 35.386659840019234 ], [ 136.225345760094484, 35.387480749842332 ], [ 136.225857350107418, 35.387456960066245 ], [ 136.226511700084416, 35.387207120007474 ], [ 136.226130989913997, 35.388349259892571 ], [ 136.224941259983325, 35.388634789962452 ], [ 136.224941259983325, 35.389170170072134 ], [ 136.226963799875563, 35.388694280087137 ], [ 136.226868620053523, 35.387897160040133 ], [ 136.227237439942655, 35.388004240054478 ], [ 136.227463480069247, 35.388004240054478 ], [ 136.228391470113365, 35.387801979904339 ], [ 136.228379580092593, 35.38799234017592 ], [ 136.228748390082472, 35.388004240054478 ], [ 136.229557410103268, 35.38765920987889 ], [ 136.230009509894444, 35.387433169933693 ], [ 136.231008879920552, 35.387278500029687 ], [ 136.23135389996969, 35.387135730004232 ], [ 136.232234299972532, 35.387100039993122 ], [ 136.232650709902913, 35.386933479835122 ], [ 136.233495420044989, 35.386778809931116 ], [ 136.234613760094419, 35.386671739897793 ], [ 136.234934989942275, 35.386564659883447 ], [ 136.23529190991141, 35.386481379982676 ], [ 136.236303180118028, 35.386338609957228 ], [ 136.237040809997069, 35.386279130170031 ], [ 136.237540500089978, 35.386231539923905 ], [ 136.237885519878603, 35.386148260023134 ], [ 136.238063980123684, 35.38612445990956 ], [ 136.238908690005246, 35.386409999960463 ], [ 136.240776570013423, 35.386398100081912 ], [ 136.241133489982559, 35.386362410070802 ], [ 136.241478510031698, 35.386302919946118 ], [ 136.24221613991071, 35.386362410070802 ], [ 136.242239940011217, 35.38654087010736 ], [ 136.242561159959848, 35.386564659883447 ], [ 136.2428110100862, 35.386826400177242 ], [ 136.242846699946938, 35.387028659970909 ], [ 136.243072749972782, 35.387028659970909 ], [ 136.243072749972782, 35.386957269967674 ], [ 136.243786589911053, 35.386921579956564 ], [ 136.244595600032596, 35.386671739897793 ], [ 136.244762169996392, 35.386695530030345 ], [ 136.245309439970868, 35.38629102006756 ], [ 136.24664194002537, 35.385624770167453 ], [ 136.246725219927384, 35.385743750060357 ], [ 136.246915580092463, 35.385648569924562 ], [ 136.24679659990943, 35.38555339014524 ], [ 136.246808500089912, 35.385410620119785 ], [ 136.247141630118278, 35.385363029873659 ], [ 136.24709404007703, 35.385089400038801 ], [ 136.247236809940318, 35.384887139888669 ], [ 136.247522340028183, 35.384815759866456 ], [ 136.247522340028183, 35.384708679852103 ], [ 136.247807880015273, 35.384542120050568 ], [ 136.248367049909746, 35.383923460040123 ], [ 136.249378320116364, 35.38385208001791 ], [ 136.249651959922971, 35.383982950164807 ], [ 136.249925599990064, 35.383899669907571 ], [ 136.249949389930833, 35.383566539966999 ], [ 136.250199229897419, 35.383435670176574 ], [ 136.250568050047065, 35.38334049004078 ], [ 136.251198610083293, 35.383209619893883 ], [ 136.251781580078244, 35.382959779835112 ], [ 136.252079010086135, 35.382971680070135 ], [ 136.25242402987476, 35.383197720015325 ], [ 136.252590589939302, 35.383102549860567 ], [ 136.252566799998561, 35.382769419919995 ], [ 136.253161660014285, 35.382555269872327 ], [ 136.253566170024669, 35.382662349886679 ], [ 136.255826660123262, 35.381365540097562 ], [ 136.256849829989392, 35.380401859892558 ], [ 136.257789710054254, 35.378153270133453 ], [ 136.257932479917542, 35.378212749920642 ], [ 136.25801576008007, 35.378069989876217 ], [ 136.257980069958819, 35.377974810096894 ], [ 136.25859873007505, 35.377665479913439 ], [ 136.259550519959134, 35.377617890023778 ], [ 136.259669489982429, 35.377487019876881 ], [ 136.259883640088276, 35.377558399899094 ], [ 136.260192970016135, 35.377272869829213 ], [ 136.260656969987792, 35.376654210175232 ], [ 136.259859849886993, 35.375761909992434 ], [ 136.260276249918149, 35.374417509957198 ], [ 136.260478510003225, 35.374405620059669 ], [ 136.260704550129816, 35.373953519850758 ], [ 136.262191719967603, 35.372989840002212 ], [ 136.263714570027446, 35.374524589971543 ], [ 136.264012009934532, 35.374298540045316 ], [ 136.262512939916235, 35.372799480087096 ], [ 136.263274369895782, 35.372192719955208 ], [ 136.26457118008949, 35.373501419998313 ], [ 136.265023279880666, 35.373489520119755 ], [ 136.265558649935116, 35.373239680060983 ], [ 136.265511070053606, 35.372466360127554 ], [ 136.265023279880666, 35.371966670028982 ], [ 136.265201740125718, 35.371776310113873 ], [ 136.264773430014827, 35.371371800151088 ], [ 136.265189839945236, 35.371181449860536 ], [ 136.26607023994805, 35.37218082007665 ], [ 136.266248699932618, 35.37366798015632 ], [ 136.266320079914635, 35.373965420085781 ], [ 136.268247449884115, 35.373085020137999 ], [ 136.2694371800753, 35.371907179904298 ], [ 136.270567420044728, 35.37095539993431 ], [ 136.270698289988019, 35.370895910166091 ], [ 136.271007619915878, 35.370420019824635 ], [ 136.271031420016385, 35.370015509861851 ], [ 136.271245570122232, 35.369682389902309 ], [ 136.271769049895397, 35.369420649964987 ], [ 136.272102170024539, 35.369147010149099 ], [ 136.273220519973194, 35.367647949834414 ], [ 136.27329189995524, 35.367029289823968 ], [ 136.273184830112427, 35.366731849894506 ], [ 136.27421988999933, 35.365423149851395 ], [ 136.274624400009714, 35.365601609887953 ], [ 136.275088399981399, 35.365351769829182 ], [ 136.275552390053832, 35.364911569855295 ], [ 136.275683259997123, 35.364923460109289 ], [ 136.275730850038371, 35.365054329899721 ], [ 136.275956900064216, 35.364887770098186 ], [ 136.275956900064216, 35.364649829917965 ], [ 136.27645658989664, 35.364197730065527 ], [ 136.27664693990198, 35.364102549929733 ], [ 136.276837300067058, 35.363614760066184 ], [ 136.276849199987055, 35.362900919919944 ], [ 136.27694438006958, 35.362734360118409 ], [ 136.276872989927796, 35.362127599986515 ], [ 136.277182320116168, 35.362091909975412 ], [ 136.277325089979485, 35.36175878003484 ], [ 136.277301289878977, 35.36128289004985 ], [ 136.277527339904793, 35.360961659987836 ], [ 136.277848570013163, 35.36005746990751 ], [ 136.277753389930638, 35.35901050017717 ], [ 136.277943750095716, 35.358962909931044 ], [ 136.277967540036457, 35.35884394001917 ], [ 136.277789080051889, 35.358284770133402 ], [ 136.277919949995209, 35.358011129961056 ], [ 136.277919949995209, 35.357808880148411 ], [ 136.277789080051889, 35.356987959987826 ], [ 136.27802702999773, 35.356928479844171 ], [ 136.277848570013163, 35.355595980043951 ], [ 136.278003240056961, 35.355417520007393 ], [ 136.277860469933159, 35.35384707004593 ], [ 136.277670110028595, 35.353168929891822 ], [ 136.277527339904793, 35.351967299882041 ], [ 136.277812879891911, 35.351967299882041 ], [ 136.277753389930638, 35.351491409897044 ], [ 136.277551140005301, 35.350503929934924 ], [ 136.27758683012658, 35.350265980130146 ], [ 136.277336989899482, 35.349920959935581 ], [ 136.277277499938208, 35.348707440028264 ], [ 136.277515449884049, 35.348326719841566 ], [ 136.277277499938208, 35.347065610044588 ], [ 136.277229909896931, 35.345923470159484 ], [ 136.277634419907343, 35.345887780148381 ], [ 136.277622519987347, 35.345804489910122 ], [ 136.277289400118718, 35.345709320111823 ], [ 136.277110939873637, 35.34543567993947 ], [ 136.277039549992367, 35.345066859987796 ], [ 136.276825399886548, 35.344234049929682 ], [ 136.27713473007492, 35.344150770028918 ], [ 136.27709903995364, 35.344055589893124 ], [ 136.276908680049075, 35.344043690014566 ], [ 136.276730220064508, 35.34393661998125 ], [ 136.27655176007994, 35.342806369993674 ], [ 136.276123460128787, 35.341795099899002 ], [ 136.275933099963709, 35.341366800160138 ], [ 136.275481010071786, 35.340426910087679 ], [ 136.275481010071786, 35.340272250164695 ], [ 136.275290649906708, 35.340105690006695 ], [ 136.274172299958053, 35.337678639854566 ], [ 136.274255580120609, 35.33748827993945 ], [ 136.273327599975744, 35.335775069933561 ], [ 136.272887389944827, 35.335501430117681 ], [ 136.272685140019519, 35.335453839871548 ], [ 136.272697039939516, 35.335156409923115 ], [ 136.272613760037473, 35.334751899960338 ], [ 136.27188801991872, 35.333669239862424 ], [ 136.270626910006001, 35.331682390040648 ], [ 136.270543630103958, 35.331539629996222 ], [ 136.269603739879358, 35.330909070107225 ], [ 136.269223020070228, 35.330897169872202 ], [ 136.268497290111213, 35.330813889971431 ], [ 136.267938119956227, 35.33056404991266 ], [ 136.26792622003623, 35.330492659909417 ], [ 136.268021400118784, 35.330480770011889 ], [ 136.268140369881564, 35.33052835990155 ], [ 136.268544879891977, 35.330504560144441 ], [ 136.268818519959069, 35.330314199872859 ], [ 136.270305679897632, 35.33046887013333 ], [ 136.270305679897632, 35.329719339975988 ], [ 136.267735859871181, 35.329624159840201 ], [ 136.267723959951184, 35.329433799925084 ], [ 136.268414009948657, 35.329528980060878 ], [ 136.268414009948657, 35.329100679965542 ], [ 136.267795350092939, 35.329041189840858 ], [ 136.267795350092939, 35.328922219928984 ], [ 136.268818519959069, 35.328946010061536 ], [ 136.268818519959069, 35.329148269855203 ], [ 136.2694371800753, 35.329088780086984 ], [ 136.269984450049748, 35.328934120164007 ], [ 136.270269990036866, 35.32860098986697 ], [ 136.270507930083454, 35.328101310105893 ], [ 136.270400859980157, 35.327173319911992 ], [ 136.26987737994645, 35.325281639888516 ], [ 136.26991307006773, 35.325103179851958 ], [ 136.269008869964409, 35.323282900169211 ], [ 136.267545499966616, 35.320796359892405 ], [ 136.267236170038757, 35.320665490101973 ], [ 136.267259969878751, 35.320487030065415 ], [ 136.267664479889135, 35.32037995005107 ], [ 136.267712069930411, 35.32014200987085 ], [ 136.267807250012936, 35.320094419981189 ], [ 136.26792622003623, 35.31991595994463 ], [ 136.268033289879043, 35.319904060066072 ], [ 136.268033289879043, 35.319630419893727 ], [ 136.267938119956227, 35.319368679956398 ], [ 136.26559434995562, 35.315894670054959 ], [ 136.264654459991533, 35.314538380122187 ], [ 136.264059590076556, 35.313669870071941 ], [ 136.263369549978307, 35.312920339914598 ], [ 136.261358910006066, 35.310612270011838 ], [ 136.260335739879423, 35.309339259979836 ], [ 136.259847949966996, 35.308839569881265 ], [ 136.259538620039137, 35.308649209966156 ], [ 136.25945533987661, 35.308435059918487 ], [ 136.259610000021155, 35.308435059918487 ], [ 136.260204869936132, 35.30847074992959 ], [ 136.260668860008565, 35.308351780017716 ], [ 136.260633169887285, 35.308268500116952 ], [ 136.260502299943994, 35.308268500116952 ], [ 136.259895540008273, 35.308030549955703 ], [ 136.259610000021155, 35.307173950121509 ], [ 136.257456589925113, 35.304758789866909 ], [ 136.257242440079779, 35.304568439932822 ], [ 136.255445949952872, 35.302617280122156 ], [ 136.255422150112878, 35.302510200107811 ], [ 136.255065229883229, 35.302474510096708 ], [ 136.254981949981186, 35.302426919850575 ], [ 136.254981949981186, 35.302236559935459 ], [ 136.255053329963232, 35.301986719876687 ], [ 136.254351389944958, 35.301308570098023 ], [ 136.25401827007633, 35.300999239914567 ], [ 136.253720840068468, 35.30049956015349 ], [ 136.25325684009681, 35.300285410105822 ], [ 136.254660719872817, 35.298072510001361 ], [ 136.255315080009552, 35.296228419867553 ], [ 136.255279379989048, 35.296038069933466 ], [ 136.257361410103073, 35.295359920154795 ], [ 136.257301930041052, 35.29513386987211 ], [ 136.257147259997254, 35.295110080096023 ], [ 136.25524369012831, 35.292659229830321 ], [ 136.253494790042652, 35.290624790118891 ], [ 136.250104059974632, 35.287317340018987 ], [ 136.249318829894605, 35.287817030117559 ], [ 136.248129099963904, 35.286555919964115 ], [ 136.247034550115757, 35.286317970159338 ], [ 136.246832299929935, 35.286080019998096 ], [ 136.246463480040802, 35.285497059979782 ], [ 136.24785547005655, 35.285473259866201 ], [ 136.247938749958593, 35.285235320042453 ], [ 136.246737120107895, 35.2842002498342 ], [ 136.245916199906588, 35.284128870168452 ], [ 136.245297540050871, 35.283748149981761 ], [ 136.245273750110101, 35.283569689945196 ], [ 136.246570560043324, 35.283522100055535 ], [ 136.247510440108186, 35.283284159875322 ], [ 136.247938749958593, 35.283379340011109 ], [ 136.248105310023135, 35.283188980095993 ], [ 136.247795980095276, 35.282962930169774 ], [ 136.247677010071982, 35.283022419937993 ], [ 136.247010759914474, 35.28295102993475 ], [ 136.245832920004574, 35.282760680000663 ], [ 136.245309439970868, 35.28295102993475 ], [ 136.245119080066303, 35.282332369924305 ], [ 136.244417140048029, 35.281428179843978 ], [ 136.243048949872275, 35.280393109992197 ], [ 136.241787839959557, 35.279798250095325 ], [ 136.241633169915758, 35.279560299934083 ], [ 136.239741499966811, 35.277930369828965 ], [ 136.23790931997911, 35.276597870028745 ], [ 136.236588720105118, 35.275907829996086 ], [ 136.236160409994227, 35.275800749981741 ], [ 136.235827290125599, 35.275931620128638 ], [ 136.235327600032662, 35.275550909922963 ], [ 136.235375190073938, 35.275443829908617 ], [ 136.235232419950137, 35.275396240018956 ], [ 136.23595816006889, 35.274741889997401 ], [ 136.235601240099783, 35.274503950173653 ], [ 136.234887399900998, 35.274920350033966 ], [ 136.234613760094419, 35.274587230074424 ], [ 136.233983209957415, 35.274908450155408 ], [ 136.233519209985758, 35.274515840071182 ], [ 136.231722720119336, 35.273207140028077 ], [ 136.23138959009097, 35.272933499855725 ], [ 136.229700179966585, 35.271850850095305 ], [ 136.228498550115887, 35.27100614015864 ], [ 136.226642570027707, 35.270006759961497 ], [ 136.226606879906427, 35.269899689928174 ], [ 136.226309449898565, 35.269756919902719 ], [ 136.225012639965342, 35.269138259892273 ], [ 136.222990100073105, 35.268162680165176 ], [ 136.220884270119086, 35.267270379982378 ], [ 136.22045596990742, 35.267234689971275 ], [ 136.219861109891667, 35.267270379982378 ], [ 136.218730860023015, 35.267686789823713 ], [ 136.217814769898922, 35.267151410070504 ], [ 136.217802869978925, 35.266949159901394 ], [ 136.218052720105277, 35.266497060048948 ], [ 136.218350150113139, 35.266175829986935 ], [ 136.218849839945563, 35.26564044987726 ], [ 136.219052089870871, 35.265140770116176 ], [ 136.219063990051382, 35.264867129943831 ], [ 136.219242450035949, 35.264605390006501 ], [ 136.219516079943304, 35.264545899881817 ], [ 136.219813520110904, 35.264319849955598 ], [ 136.219099679912148, 35.263867760084182 ], [ 136.218504809997199, 35.264307960058069 ], [ 136.218492919976427, 35.264331749834149 ], [ 136.218718970002243, 35.264510209870714 ], [ 136.219111580092658, 35.264510209870714 ], [ 136.219063990051382, 35.264629180139053 ], [ 136.218814139925058, 35.264676770028714 ], [ 136.218540510017704, 35.264510209870714 ], [ 136.218136000007291, 35.264403129856362 ], [ 136.217315080066498, 35.264307960058069 ], [ 136.216708319870264, 35.264319849955598 ], [ 136.215982580011996, 35.264605390006501 ], [ 136.215042699947134, 35.265021789866815 ], [ 136.214079020042277, 35.263665499934042 ], [ 136.214364550130142, 35.263356170107052 ], [ 136.21416229994432, 35.263201509827603 ], [ 136.214495420073462, 35.262963560022826 ], [ 136.214566809954704, 35.262499569916386 ], [ 136.213484150127329, 35.261369319928811 ], [ 136.211306939930779, 35.259715600047606 ], [ 136.209498549883847, 35.258549660048928 ], [ 136.209760290030943, 35.25814515008615 ], [ 136.207999490025287, 35.256979220068494 ], [ 136.206250589939629, 35.256015529882454 ], [ 136.201479770036372, 35.253231560013681 ], [ 136.200147269981898, 35.252612900003236 ], [ 136.196649459911356, 35.250721229960781 ], [ 136.195780960089024, 35.250435699890907 ], [ 136.19555491006318, 35.250292929865452 ], [ 136.194531739936565, 35.249721860101133 ], [ 136.1948886599057, 35.249388730160568 ], [ 136.194341389931225, 35.249067510079577 ], [ 136.193972570042092, 35.2491745801129 ], [ 136.193615650072957, 35.249436320050229 ], [ 136.192699559948863, 35.248710590006461 ], [ 136.192033310051869, 35.248484540080241 ], [ 136.190260610126217, 35.247473269985569 ], [ 136.190034560100401, 35.247294809949011 ], [ 136.189630050089988, 35.247080659901343 ], [ 136.18619172998072, 35.24541504014158 ], [ 136.179660110071808, 35.242297939975771 ], [ 136.176935629900782, 35.241060619954879 ], [ 136.176828549898261, 35.240894060153337 ], [ 136.173366440108708, 35.239418789971204 ], [ 136.173235569904904, 35.239276029926778 ], [ 136.168286290017079, 35.236979849921546 ], [ 136.165859240114429, 35.23583770005542 ], [ 136.164847969907811, 35.235409399960083 ], [ 136.164574330101203, 35.235207150147438 ], [ 136.162373329963884, 35.234326749843198 ], [ 136.162337640103118, 35.234207769950295 ], [ 136.161457240100304, 35.233827060101092 ], [ 136.158149789934328, 35.232363690153981 ], [ 136.157483540037333, 35.232197129995974 ], [ 136.157186100130218, 35.231982979948306 ], [ 136.157281279952258, 35.231804519911748 ], [ 136.156983849944396, 35.231542779974419 ], [ 136.157198000050215, 35.231257239923515 ], [ 136.157090920047693, 35.23109068012198 ], [ 136.154878029889602, 35.229972330012963 ], [ 136.154140390111337, 35.229734389832743 ], [ 136.15467577006504, 35.229163320068423 ], [ 136.154199880072611, 35.228853989884968 ], [ 136.154544900121749, 35.22841378991108 ], [ 136.15429505989465, 35.227937889945061 ], [ 136.153914340085521, 35.228449479922183 ], [ 136.153807269982224, 35.228449479922183 ], [ 136.153426560072319, 35.227830819911738 ], [ 136.152724609894307, 35.227164570011631 ], [ 136.152296309943154, 35.226974210096515 ], [ 136.151963190074525, 35.227033699864734 ], [ 136.151630060046159, 35.226950419963963 ], [ 136.151534879963634, 35.226795750059956 ], [ 136.151665749906925, 35.226712470159185 ], [ 136.151820419950724, 35.226557809879736 ], [ 136.151511090022865, 35.226581600012288 ], [ 136.151237449955772, 35.226498320111517 ], [ 136.151225550035775, 35.226296069942407 ], [ 136.150975710069162, 35.226081909913717 ], [ 136.14946475003012, 35.225534639906513 ], [ 136.149084040120215, 35.225356179869955 ], [ 136.148393990122713, 35.225165819954839 ], [ 136.148215540037398, 35.22491597989606 ], [ 136.147906210109539, 35.22491597989606 ], [ 136.147751540065713, 35.224761309992054 ], [ 136.147787229926479, 35.224666139837289 ], [ 136.147739639885231, 35.224523370168306 ], [ 136.147323240114559, 35.224547159944386 ], [ 136.147299440014052, 35.224321110018167 ], [ 136.146835449941619, 35.224071269959396 ], [ 136.146478529972512, 35.224083169837954 ], [ 136.145931250098812, 35.223892809922837 ], [ 136.146026429920823, 35.223726250121295 ], [ 136.145955049938806, 35.223702450007721 ], [ 136.145681409871713, 35.223750039897382 ], [ 136.145110340057244, 35.223512100073634 ], [ 136.145098439876733, 35.223464509827501 ], [ 136.144586860023537, 35.223202769890179 ], [ 136.14457496010354, 35.223381229926737 ], [ 136.144289420116451, 35.223274149912392 ], [ 136.143908709946061, 35.223024309853614 ], [ 136.14364697005945, 35.223000510096504 ], [ 136.143385229912354, 35.223059999864724 ], [ 136.142837950038654, 35.222750670037733 ], [ 136.142980719901971, 35.222607900012278 ], [ 136.142754669876126, 35.222441339854278 ], [ 136.142159810120916, 35.222274780052736 ], [ 136.141469760123414, 35.222191500151972 ], [ 136.141398379880854, 35.22215580015984 ], [ 136.141398379880854, 35.221941650112171 ], [ 136.141243710097569, 35.221941650112171 ], [ 136.141041459911747, 35.22200113988039 ], [ 136.14076782010514, 35.221810779965274 ], [ 136.140696440123122, 35.22165612004229 ], [ 136.140589360120572, 35.221668009939819 ], [ 136.140268139911456, 35.221727500064503 ], [ 136.140208649950182, 35.221810779965274 ], [ 136.140065880086894, 35.221703709931951 ], [ 136.140077780006891, 35.221477660005732 ], [ 136.13981604012028, 35.221382479869945 ], [ 136.139482910091914, 35.221501450138284 ], [ 136.139423430029893, 35.221453859892158 ], [ 136.13936394006862, 35.22120401983338 ], [ 136.139280659906092, 35.221192119954829 ], [ 136.139102199921524, 35.221322990101726 ], [ 136.139102199921524, 35.221144530065168 ], [ 136.138792869993665, 35.221168329822277 ], [ 136.138245590119965, 35.220751919980941 ], [ 136.137971959952097, 35.220823309984176 ], [ 136.137686419965007, 35.220751919980941 ], [ 136.137698319885004, 35.220692439837279 ], [ 136.136722740060151, 35.220347410018157 ], [ 136.136437200073033, 35.220597260057957 ], [ 136.134141020113702, 35.219978600047511 ], [ 136.133343900012903, 35.219716860110182 ], [ 136.131226180038112, 35.219217170011611 ], [ 136.130143530109962, 35.218979219850368 ], [ 136.129286920047889, 35.218765070159165 ], [ 136.12859687994964, 35.218681789901929 ], [ 136.128228060060508, 35.218527129978952 ], [ 136.126157930126993, 35.21819400003838 ], [ 136.124587490025903, 35.217825180086706 ], [ 136.121482290045748, 35.21720652007626 ], [ 136.12130383006118, 35.217254109965921 ], [ 136.120328249975813, 35.217099450042937 ], [ 136.119876149924153, 35.217087550164386 ], [ 136.118626939931431, 35.216802020094505 ], [ 136.118115349918497, 35.216766320102373 ], [ 136.117901200073163, 35.217147039932605 ], [ 136.116640089899931, 35.216920990006379 ], [ 136.116330759972072, 35.216980480131063 ], [ 136.116318860052075, 35.217075649929363 ], [ 136.115664510075078, 35.216932889884937 ], [ 136.115414670108493, 35.217016170142173 ], [ 136.115283799904688, 35.217182729943708 ], [ 136.11466514004897, 35.217456370116061 ], [ 136.114474779883892, 35.217515849903251 ], [ 136.113939399930189, 35.21743257000248 ], [ 136.113356429935237, 35.217777600178074 ], [ 136.113023310066609, 35.217634830152619 ], [ 136.112880539942807, 35.217301699855582 ], [ 136.112725869899009, 35.217254109965921 ], [ 136.112773459940257, 35.217028070020724 ], [ 136.114296319899324, 35.21652837992216 ], [ 136.114855490054282, 35.216445100021389 ], [ 136.115319490025968, 35.216219050095162 ], [ 136.115152920062144, 35.216195249981588 ], [ 136.11471271993048, 35.216338020007043 ], [ 136.11510533992012, 35.216052489937162 ], [ 136.11550984003128, 35.215897820033156 ], [ 136.115759689897118, 35.215683669985488 ], [ 136.116009530124217, 35.215636080095827 ], [ 136.116140400067508, 35.215636080095827 ], [ 136.116295070111306, 35.215743160110172 ], [ 136.117163569933638, 35.215148289875813 ], [ 136.117675150047347, 35.214957929960697 ], [ 136.119269389988432, 35.214446349964597 ], [ 136.120233069893288, 35.214208400159819 ], [ 136.122541150033129, 35.213458870002469 ], [ 136.122481660071884, 35.213149540175479 ], [ 136.12233890010782, 35.211971709922807 ], [ 136.122041459940192, 35.212019300168933 ], [ 136.120899320050796, 35.212376219885584 ], [ 136.120411529877856, 35.21245950014282 ], [ 136.119840460063386, 35.21268555006904 ], [ 136.119435950053003, 35.21272124008015 ], [ 136.118115349918497, 35.213173339932595 ], [ 136.115331380046712, 35.214244100151951 ], [ 136.113475399958531, 35.215195880121939 ], [ 136.112380850110384, 35.215600390084717 ], [ 136.111952549898717, 35.215802639897362 ], [ 136.111809780035401, 35.215969210036391 ], [ 136.110465389960154, 35.216064379834691 ], [ 136.109870520045206, 35.215993000168943 ], [ 136.109430319913514, 35.215826440010943 ], [ 136.109418419993517, 35.215731259875149 ], [ 136.10902580990313, 35.215481420172843 ], [ 136.109013919882358, 35.214910350052058 ], [ 136.10906150002441, 35.214684300125839 ], [ 136.109156680106935, 35.213661130152609 ], [ 136.108918740060346, 35.213363699847712 ], [ 136.108894939959839, 35.213256619833359 ], [ 136.108966330101595, 35.213149540175479 ], [ 136.109109090065658, 35.212626059944363 ], [ 136.109109090065658, 35.212471400021379 ], [ 136.109192369967701, 35.212245350095152 ], [ 136.10931134989022, 35.212162069837923 ], [ 136.109608779898082, 35.211424429934574 ], [ 136.109477909954791, 35.21123408000048 ], [ 136.109477909954791, 35.211150800099716 ], [ 136.109703959980635, 35.211019929952819 ], [ 136.109739650101886, 35.210710600125829 ], [ 136.109620680078592, 35.210651110001145 ], [ 136.109596879978085, 35.210389370063815 ], [ 136.109739650101886, 35.210377469828792 ], [ 136.109846730104437, 35.210615419990035 ], [ 136.110203650073572, 35.210698699890806 ], [ 136.110310719916356, 35.210544029986799 ], [ 136.110096570071022, 35.210353680052705 ], [ 136.110394000078884, 35.209925369976347 ], [ 136.110417799918878, 35.209104460153256 ], [ 136.110512980001431, 35.208854620094485 ], [ 136.110524870022175, 35.208116979834671 ], [ 136.11091748011259, 35.20800991015782 ], [ 136.110869890071314, 35.207688680095806 ], [ 136.110608149924218, 35.207736269985467 ], [ 136.110203650073572, 35.20655844008926 ], [ 136.109882419965203, 35.206213419894695 ], [ 136.110405899998881, 35.205618550016801 ], [ 136.11101265993463, 35.205047479896017 ], [ 136.112940029904081, 35.203477029934554 ], [ 136.11175029997338, 35.202691810122566 ], [ 136.109454120014021, 35.204607279922129 ], [ 136.109120989985655, 35.204607279922129 ], [ 136.108883040039842, 35.204690559822893 ], [ 136.109037710083641, 35.204583480165013 ], [ 136.108942530001087, 35.204428819885564 ], [ 136.108799759877286, 35.204393129874461 ], [ 136.108728379895268, 35.204286049860116 ], [ 136.107502960103801, 35.203703079860773 ], [ 136.10644410011642, 35.203298579879018 ], [ 136.106051490026033, 35.203250989989357 ], [ 136.106218050090575, 35.202941660162367 ], [ 136.105849229940958, 35.202798890136911 ], [ 136.10570646007767, 35.202965449938453 ], [ 136.104576220108243, 35.202501459832014 ], [ 136.103862379909458, 35.202287300159789 ], [ 136.103219930112971, 35.201977969976333 ], [ 136.101590000050635, 35.201513979869894 ], [ 136.101590000050635, 35.201323619954778 ], [ 136.101078410037701, 35.201192750164346 ], [ 136.100697700127796, 35.201133270020691 ], [ 136.100257499996133, 35.201038089884896 ], [ 136.099960069988271, 35.200895319859441 ], [ 136.099496070016613, 35.200859629848338 ], [ 136.099043969964924, 35.200931009870551 ], [ 136.098817919939108, 35.200966699881661 ], [ 136.098639470114279, 35.200942910105574 ], [ 136.098306340085912, 35.200823939837228 ], [ 136.097770959871696, 35.200812039958677 ], [ 136.097366450121825, 35.200812039958677 ], [ 136.096450359997732, 35.200657370054664 ], [ 136.096295700113672, 35.200693070046803 ], [ 136.095914980044029, 35.200704959944332 ], [ 136.095355809889071, 35.200693070046803 ], [ 136.094856120056647, 35.200669269933222 ], [ 136.094237459940416, 35.200764450069016 ], [ 136.093892439891277, 35.200835830091229 ], [ 136.093785359888727, 35.200942910105574 ], [ 136.093583109963419, 35.201061880017448 ], [ 136.09327378003556, 35.201097570028551 ], [ 136.092976350027669, 35.201109469907109 ], [ 136.092607529878052, 35.201252239932565 ], [ 136.0923220000507, 35.201466389980226 ], [ 136.092274410009423, 35.201775720163688 ], [ 136.092167330006873, 35.202489559953456 ], [ 136.091988870022334, 35.20264421987644 ], [ 136.091810410037766, 35.203048729839217 ], [ 136.091988870022334, 35.203596009827457 ], [ 136.091905590120291, 35.203774469864015 ], [ 136.091893689939781, 35.203941030022015 ], [ 136.091691440014444, 35.204321739871219 ], [ 136.091548669890642, 35.204321739871219 ], [ 136.091512980029904, 35.204416920007013 ], [ 136.091239339962783, 35.204607279922129 ], [ 136.091156060060769, 35.204952300116688 ], [ 136.091144159880258, 35.20508316990712 ], [ 136.091013289936967, 35.205261629943678 ], [ 136.090799140091633, 35.205297319954788 ], [ 136.090537399944537, 35.205261629943678 ], [ 136.090228070016678, 35.204726249834003 ], [ 136.090073409872105, 35.204654870168255 ], [ 136.089633210000926, 35.204690559822893 ], [ 136.089323880073067, 35.2045121001428 ], [ 136.089050240005975, 35.204286049860116 ], [ 136.088895569962176, 35.203976720033126 ], [ 136.088705219956836, 35.203750670106899 ], [ 136.088205530124412, 35.203679290084686 ], [ 136.088062760000611, 35.203738779852905 ], [ 136.087777229912746, 35.20363169983856 ], [ 136.087646359969455, 35.203500830048128 ], [ 136.087241849959042, 35.203203400099696 ], [ 136.087063389974503, 35.203024940063138 ], [ 136.086706470005367, 35.202929759927343 ], [ 136.086444730118757, 35.203013039828114 ], [ 136.086409039997505, 35.203072529952799 ], [ 136.086194879992433, 35.203191499864673 ], [ 136.085968840126327, 35.203203400099696 ], [ 136.085695200059234, 35.203096320085351 ], [ 136.085385869870862, 35.202953550059895 ], [ 136.084790999955914, 35.202989250052028 ], [ 136.084755310095147, 35.20258474008925 ], [ 136.084933770079715, 35.202204019902553 ], [ 136.084850489917159, 35.202061259858127 ], [ 136.084838589997162, 35.201668640149336 ], [ 136.084398390126012, 35.201121370142133 ], [ 136.084172340100167, 35.200788239845096 ], [ 136.083898700033075, 35.200645480157135 ], [ 136.083672659906483, 35.199753179974344 ], [ 136.083958189994348, 35.199479540158457 ], [ 136.083946290074351, 35.199265390110789 ], [ 136.083803530110288, 35.199027439949546 ], [ 136.083589370105216, 35.199003650173459 ], [ 136.083577480084443, 35.198777599890775 ], [ 136.083553679983936, 35.19863482986532 ], [ 136.08362507012572, 35.198515859953446 ], [ 136.083934400053579, 35.198551549964556 ], [ 136.084184240020164, 35.198480169942343 ], [ 136.084553059909297, 35.198492059839872 ], [ 136.084933770079715, 35.19867051987643 ], [ 136.085302589968848, 35.198706219868562 ], [ 136.085504839894156, 35.19863482986532 ], [ 136.085695200059234, 35.198587239975659 ], [ 136.086064010049142, 35.198563449843107 ], [ 136.087194259917794, 35.198063760101 ], [ 136.08742030994361, 35.198051859865984 ], [ 136.087539279966904, 35.198075659979558 ], [ 136.088038970059841, 35.198658629978901 ], [ 136.088300709946452, 35.198777599890775 ], [ 136.088919370062683, 35.198872780026569 ], [ 136.089442850096361, 35.198765700012217 ], [ 136.089978230050065, 35.198206530126456 ], [ 136.090132889934125, 35.197802020163678 ], [ 136.090073409872105, 35.19758787011601 ], [ 136.089918740088791, 35.197492689980223 ], [ 136.08977596996499, 35.197230950042893 ], [ 136.089740280104252, 35.196624189910999 ], [ 136.089954429949557, 35.196005529900553 ], [ 136.090573090065789, 35.195815169985437 ], [ 136.090930010034924, 35.195827069863995 ], [ 136.091227440042786, 35.195660510062453 ], [ 136.091584360011922, 35.195624810070321 ], [ 136.092036460063582, 35.195458249912321 ], [ 136.092833579903868, 35.195446350033762 ], [ 136.093178599953006, 35.195160819963881 ], [ 136.093202400053514, 35.19491097990511 ], [ 136.093190499873003, 35.193138280131002 ], [ 136.093309469896298, 35.192924130083341 ], [ 136.092857380004375, 35.192971709991973 ], [ 136.091905590120291, 35.192662380164982 ], [ 136.091572469991149, 35.192662380164982 ], [ 136.091048980058218, 35.192876539837215 ], [ 136.090715859929105, 35.192638590032431 ], [ 136.090454120042494, 35.192281669959314 ], [ 136.090073409872105, 35.191948549999772 ], [ 136.089549919939174, 35.191734389971081 ], [ 136.089454750016387, 35.191877159996537 ], [ 136.088907469882173, 35.192067519911646 ], [ 136.088764700018885, 35.191924749886198 ], [ 136.088931260083456, 35.191639220172782 ], [ 136.088907469882173, 35.191044349938423 ], [ 136.089288180052563, 35.190473280174103 ], [ 136.089216800070545, 35.190259130126435 ], [ 136.088265020085686, 35.189688060005651 ], [ 136.085314479989592, 35.189997389832641 ], [ 136.084648230092597, 35.190306720016096 ], [ 136.084077160017642, 35.190116360100987 ], [ 136.083863009911795, 35.19040190015189 ], [ 136.083696450107738, 35.190378100038309 ], [ 136.083601270025213, 35.189925999829406 ], [ 136.082816050104924, 35.189569090093777 ], [ 136.078461639871534, 35.18964047011599 ], [ 136.077319490082886, 35.190497079931212 ], [ 136.076796010049208, 35.191544040036995 ], [ 136.076177349932976, 35.191853369863985 ], [ 136.075820429963841, 35.191900960110111 ], [ 136.07546351989393, 35.191567830169546 ], [ 136.075059009883546, 35.191639220172782 ], [ 136.074297579903998, 35.191425060144091 ], [ 136.074131020099941, 35.191115729960636 ], [ 136.071584990014259, 35.189973590075532 ], [ 136.069800400067834, 35.18964047011599 ], [ 136.069538659920738, 35.188950430083331 ], [ 136.069229329992879, 35.188688680164972 ], [ 136.06911035007036, 35.187522750147323 ], [ 136.068253749907512, 35.186642349843076 ], [ 136.067801650116365, 35.184643600142749 ], [ 136.067468529987224, 35.184548420006962 ], [ 136.06661191992518, 35.182311730126415 ], [ 136.066278800056551, 35.181907220163637 ], [ 136.065612549899043, 35.181669270002395 ], [ 136.065327009911954, 35.181788249895291 ], [ 136.063946920076688, 35.181359940175405 ], [ 136.063114110115123, 35.181336150042853 ], [ 136.06175782011988, 35.180455750095078 ], [ 136.061543670014032, 35.179051869916179 ], [ 136.061924379923937, 35.17879012997885 ], [ 136.062424070016874, 35.17776696000562 ], [ 136.062971339991321, 35.17729107002063 ], [ 136.063090319913869, 35.176838970168184 ], [ 136.062757189885502, 35.17600616011007 ], [ 136.062947550050552, 35.175030580026508 ], [ 136.062638220122693, 35.1741025898326 ], [ 136.062209919911027, 35.173745670115949 ], [ 136.061567459954802, 35.173650489980162 ], [ 136.060639469910711, 35.172175230135515 ], [ 136.058926259946332, 35.171294819850246 ], [ 136.059021440028857, 35.170580990041501 ], [ 136.059568719902558, 35.169914740141394 ], [ 136.059568719902558, 35.169462639932483 ], [ 136.059425950039241, 35.169058129969706 ], [ 136.059259389974699, 35.167844610062389 ], [ 136.059544920062564, 35.167797020172721 ], [ 136.059592510103812, 35.167487689989265 ], [ 136.059069030070134, 35.166416930126374 ], [ 136.058616930018445, 35.165822059892015 ], [ 136.05833139993058, 35.165845860005589 ], [ 136.058164829966785, 35.165132019859357 ], [ 136.058497959995151, 35.162609789927906 ], [ 136.058236220108569, 35.161872160005579 ], [ 136.058616930018445, 35.161776979869792 ], [ 136.059259389974699, 35.160753809896562 ], [ 136.059164209892145, 35.160182740132242 ], [ 136.059568719902558, 35.159730639923339 ], [ 136.059521130121794, 35.158493319902441 ], [ 136.059997020114224, 35.15801742991745 ], [ 136.060282549941576, 35.157779490093695 ], [ 136.060782240034513, 35.157731899847569 ], [ 136.061091569962372, 35.15747015991024 ], [ 136.061852999941891, 35.157660509844327 ], [ 136.062090939988508, 35.158112610053237 ], [ 136.062471660058122, 35.158112610053237 ], [ 136.062638220122693, 35.157850870115908 ], [ 136.064089689939976, 35.157279799995123 ], [ 136.06418487002253, 35.15699425994422 ], [ 136.066826070030999, 35.157089440080007 ], [ 136.066492949901857, 35.156209040132232 ], [ 136.065231830089914, 35.156137660110019 ], [ 136.065303219971184, 35.155614179878903 ], [ 136.065517370077004, 35.155114490136796 ], [ 136.065541160017773, 35.154448239880217 ], [ 136.065921880087416, 35.153663020068237 ], [ 136.065779109963614, 35.152901590032336 ], [ 136.065493569976496, 35.152544669959212 ], [ 136.065374599953202, 35.152116369863883 ], [ 136.065541160017773, 35.151759450147232 ], [ 136.065327009911954, 35.151283560162234 ], [ 136.064970089942818, 35.151045610000992 ], [ 136.064541789991637, 35.149879679983336 ], [ 136.063328259960457, 35.148428199933754 ], [ 136.06328066991918, 35.148118870106764 ], [ 136.062566839880162, 35.147476419963766 ], [ 136.061971969965185, 35.146429459857984 ], [ 136.061781610060649, 35.146429459857984 ], [ 136.060901210057807, 35.145739409844296 ], [ 136.059259389974699, 35.144525889936979 ], [ 136.05842657011388, 35.143907229926533 ], [ 136.057760330116139, 35.143954820172659 ], [ 136.057450999927767, 35.143669280121756 ], [ 136.056713359888988, 35.143502719963756 ], [ 136.056427830061637, 35.143217179912845 ], [ 136.055832959886175, 35.143240980026427 ], [ 136.055618810040841, 35.143597900099543 ], [ 136.05469081999675, 35.143359949938301 ], [ 136.054714620097258, 35.14305062011131 ], [ 136.054500460092186, 35.143264770158979 ], [ 136.054476669890931, 35.142836470063642 ], [ 136.054262520045597, 35.143026829978758 ], [ 136.053929390017231, 35.143098210000971 ], [ 136.052620690063236, 35.142717500151768 ], [ 136.052715869885276, 35.142289200056439 ], [ 136.05273966008653, 35.14202745013808 ], [ 136.052977610032372, 35.14155156015309 ], [ 136.052811049967801, 35.14155156015309 ], [ 136.052501720039942, 35.141884690093654 ], [ 136.0522637700941, 35.142360580078652 ], [ 136.051930649964959, 35.142527139880187 ], [ 136.051478549913298, 35.142360580078652 ], [ 136.051264400067964, 35.142170220163536 ], [ 136.051383370091287, 35.142003660005535 ], [ 136.050812300016304, 35.142003660005535 ], [ 136.04995568995426, 35.141884690093654 ], [ 136.049860509871706, 35.142075040027748 ], [ 136.049170470033971, 35.141908479869741 ], [ 136.048884939946106, 35.142336779965071 ], [ 136.044935030084389, 35.142075040027748 ], [ 136.044197399944863, 35.142194019920645 ], [ 136.043269409900773, 35.142360580078652 ], [ 136.042912489931638, 35.142622320015981 ], [ 136.042436599939208, 35.14288405995331 ], [ 136.041104099884706, 35.142979240089097 ], [ 136.040652000093559, 35.143217179912845 ], [ 136.040533030070264, 35.143431339941543 ], [ 136.040295080124423, 35.144049999951989 ], [ 136.040485440028988, 35.144073790084541 ], [ 136.040556820011005, 35.144264149999657 ], [ 136.039176729915255, 35.144264149999657 ], [ 136.039200530015762, 35.144573479826647 ], [ 136.038796020005378, 35.144668659962434 ], [ 136.038653249881548, 35.144882810010103 ], [ 136.038819820105857, 35.145144549947432 ], [ 136.037963210043813, 35.145144549947432 ], [ 136.035107859929496, 35.145358699995093 ], [ 136.032276300016434, 35.14583458998009 ], [ 136.030848619879407, 35.146120130030994 ], [ 136.028873670028446, 35.146976729865194 ], [ 136.028849869927939, 35.147500210096318 ], [ 136.027802910121039, 35.14776196001467 ], [ 136.028231210072221, 35.147024320111321 ], [ 136.028255009912215, 35.146120130030994 ], [ 136.027184250004808, 35.146191510053207 ], [ 136.026851129875666, 35.147238470158989 ], [ 136.026565589888577, 35.147571600099553 ], [ 136.025994520074136, 35.147738159901095 ], [ 136.025613809903717, 35.147428830074105 ], [ 136.025328269916628, 35.147238470158989 ], [ 136.022615689926113, 35.146738790041439 ], [ 136.019950690077621, 35.146596020015991 ], [ 136.019926899876367, 35.146381869968323 ], [ 136.019736539971802, 35.146120130030994 ], [ 136.018975109992283, 35.14609632991742 ], [ 136.018546810041101, 35.146120130030994 ], [ 136.017809170002351, 35.145977360005539 ], [ 136.018332659935282, 35.145501470020548 ], [ 136.016048369996696, 35.142646110148533 ], [ 136.015572480004266, 35.142312989832526 ], [ 136.015572480004266, 35.142146430030984 ], [ 136.015905610032632, 35.142075040027748 ], [ 136.016405289965832, 35.142003660005535 ], [ 136.016310109883278, 35.14186088998008 ], [ 136.015762839908831, 35.141694329822073 ], [ 136.015667660086791, 35.141456380017296 ], [ 136.015834219890849, 35.141218439837083 ], [ 136.015643869885537, 35.140718750094976 ], [ 136.014525519936882, 35.140028710062317 ], [ 136.014430340114842, 35.138696209905632 ], [ 136.014049629944452, 35.138077549895186 ], [ 136.013597529892763, 35.137649250156315 ], [ 136.012836099913244, 35.137054379921956 ], [ 136.012574360026662, 35.136507099933723 ], [ 136.011836729887108, 35.135959829926513 ], [ 136.010646999956435, 35.135769470011397 ], [ 136.007767850002125, 35.135626699985949 ], [ 136.007506110115514, 35.135460139827941 ], [ 136.006506740089407, 35.135483939941523 ], [ 136.005435979921486, 35.135840860014639 ], [ 136.00510284989312, 35.135840860014639 ], [ 136.001438480018521, 35.136673670072753 ], [ 136.000938800085322, 35.137054379921956 ], [ 136.000843620002797, 35.137030590145869 ], [ 136.000439109992413, 35.137411299995073 ], [ 136.000320139969091, 35.137720629822063 ], [ 136.001414690077752, 35.138125140141312 ], [ 135.996846120099832, 35.139909730169414 ], [ 135.996489199870183, 35.140195269863852 ], [ 135.996417819888165, 35.140599779826637 ], [ 135.995013940112159, 35.141337410105422 ], [ 135.995013940112159, 35.141503969906964 ], [ 135.993966980044746, 35.141718119954625 ], [ 135.99363385001638, 35.141908479869741 ], [ 135.993562470034362, 35.142098840141323 ], [ 135.993467289951809, 35.142122629917409 ], [ 135.99315796002395, 35.142122629917409 ], [ 135.990136039945838, 35.143145799890632 ], [ 135.989945689940498, 35.14331236004864 ], [ 135.989921890100504, 35.143550309853417 ], [ 135.990017069922544, 35.143859640036872 ], [ 135.98935082002555, 35.144049999951989 ], [ 135.988922520074397, 35.143978609948746 ], [ 135.987685200102419, 35.144192759996415 ], [ 135.987542429978618, 35.144168969863863 ], [ 135.987256899890752, 35.143954820172659 ], [ 135.986828590040375, 35.143859640036872 ], [ 135.986638240035035, 35.143597900099543 ], [ 135.986257519965392, 35.143597900099543 ], [ 135.986257519965392, 35.143217179912845 ], [ 135.985424710003855, 35.142836470063642 ], [ 135.984925019910918, 35.142598529883429 ], [ 135.984139799990629, 35.141622950156325 ], [ 135.983568729915646, 35.141599150042751 ], [ 135.983663909998199, 35.141456380017296 ], [ 135.983592530016153, 35.14131361997287 ], [ 135.983092839923216, 35.141099459944179 ], [ 135.983211809946511, 35.140980490032305 ], [ 135.981831720111273, 35.13964798987562 ], [ 135.982450379966991, 35.139433839827952 ], [ 135.982355210044204, 35.139267280026417 ], [ 135.981998290075069, 35.139410050051872 ], [ 135.981688959886696, 35.139529019963746 ], [ 135.981498599982132, 35.139338660048629 ], [ 135.981617570005426, 35.138220319920634 ], [ 135.979951950082324, 35.135745679878852 ], [ 135.979737799976476, 35.135745679878852 ], [ 135.979642619893951, 35.135626699985949 ], [ 135.979642619893951, 35.135364960048619 ], [ 135.979309500025323, 35.134841480173961 ], [ 135.979476060089894, 35.134841480173961 ], [ 135.979499850030663, 35.134555950104087 ], [ 135.979547440071912, 35.134365589832505 ], [ 135.979452259989387, 35.134032469872963 ], [ 135.97940466994811, 35.133556569906943 ], [ 135.979166729901522, 35.133152059944159 ], [ 135.9793570900666, 35.133033090032285 ], [ 135.980023330064341, 35.133532780130857 ], [ 135.980618199979318, 35.132128899951958 ], [ 135.980665790020566, 35.130796400151738 ], [ 135.979737799976476, 35.129630460153059 ], [ 135.97940466994811, 35.129440109862507 ], [ 135.978952580056188, 35.12913078003551 ], [ 135.979238109883539, 35.128988010010062 ], [ 135.979166729901522, 35.128869040098188 ], [ 135.978976369996957, 35.128916620006819 ], [ 135.97612101988264, 35.1260136798697 ], [ 135.976311380047719, 35.125751939932371 ], [ 135.976239989905935, 35.125680559910158 ], [ 135.975930659978076, 35.125847120068165 ], [ 135.975668920091493, 35.125656760153049 ], [ 135.97445539995951, 35.124276680087725 ], [ 135.974836110129928, 35.124157699838364 ], [ 135.972837359917918, 35.12203997986969 ], [ 135.972575620031336, 35.122254129917359 ], [ 135.971623840046476, 35.121373729969584 ], [ 135.970910000108205, 35.121111990032254 ], [ 135.963985770108906, 35.121849629935603 ], [ 135.961582509886512, 35.122801409905591 ], [ 135.961273179958653, 35.123158329978708 ], [ 135.961249390017883, 35.123277299890589 ], [ 135.96070210988367, 35.123586630074044 ], [ 135.960583140120889, 35.123824579878821 ], [ 135.960678319942929, 35.123991140036821 ], [ 135.960154830009998, 35.124276680087725 ], [ 135.959583759935015, 35.124966720120391 ], [ 135.959345819888426, 35.124966720120391 ], [ 135.958774750073957, 35.125490199995042 ], [ 135.958275059981048, 35.125585380130836 ], [ 135.952159850002516, 35.127393769916047 ], [ 135.951874310015427, 35.127060639975483 ], [ 135.951255649899196, 35.127084440089057 ], [ 135.950089709909264, 35.127250999890599 ], [ 135.949756590040636, 35.127179619868386 ], [ 135.948614449890698, 35.127179619868386 ], [ 135.947234360055461, 35.125823319954584 ], [ 135.946972619908337, 35.125680559910158 ], [ 135.945759100036895, 35.124395649999606 ], [ 135.944950080016099, 35.12420529008449 ], [ 135.944854899933574, 35.12377698998916 ], [ 135.943950709989963, 35.123205919868376 ], [ 135.942856149982077, 35.121207170168042 ], [ 135.942094729901783, 35.119493960162153 ], [ 135.941951960038494, 35.119065660066823 ], [ 135.942475440072172, 35.118803910148472 ], [ 135.943308250033738, 35.118494589946039 ], [ 135.943546199979579, 35.118351819920591 ], [ 135.943427220057032, 35.117685570020477 ], [ 135.943855529907438, 35.11732864994736 ], [ 135.944045879912778, 35.115401289893803 ], [ 135.94323687005172, 35.114425710166707 ], [ 135.941285709880987, 35.108072549904229 ], [ 135.940881199870603, 35.108120140150362 ], [ 135.939929419885743, 35.10509822012034 ], [ 135.940286340115364, 35.105074420006758 ], [ 135.939715259880671, 35.103242240088996 ], [ 135.937645129947157, 35.096532160109874 ], [ 135.936978880050162, 35.096294209948631 ], [ 135.936526789897727, 35.094628589832404 ], [ 135.936598169879744, 35.093890959910077 ], [ 135.936812319985592, 35.093581630083087 ], [ 135.936693349962297, 35.09353403983696 ], [ 135.936621969980251, 35.09322471000997 ], [ 135.936859910026868, 35.092986759848728 ], [ 135.937074059872174, 35.092986759848728 ], [ 135.938977630001631, 35.091749439827836 ], [ 135.939334549970766, 35.091797030073963 ], [ 135.939620089957856, 35.091987389989079 ], [ 135.94035772009741, 35.091416319868294 ], [ 135.940643249924761, 35.08908444985196 ], [ 135.941214329898969, 35.087942309966856 ], [ 135.941380889963511, 35.0870381099055 ], [ 135.941571239968852, 35.086919139993626 ], [ 135.9421661098838, 35.08646704014118 ], [ 135.943855529907438, 35.086086329935512 ], [ 135.944283830119105, 35.086229089979938 ], [ 135.945473560049805, 35.085943559910064 ], [ 135.945878070060189, 35.085515260171192 ], [ 135.946306370011342, 35.085539049947279 ], [ 135.946472930075913, 35.08527731000995 ], [ 135.946353960052619, 35.085039359848707 ], [ 135.946758470063031, 35.085039359848707 ], [ 135.946472930075913, 35.084777619911378 ], [ 135.946639500039709, 35.08382583994139 ], [ 135.946925030127574, 35.083659280139855 ], [ 135.946948829967596, 35.083421329978613 ], [ 135.946116010106778, 35.083135789927702 ], [ 135.946116010106778, 35.081398790145734 ], [ 135.946258779970094, 35.081279809896365 ], [ 135.946877440086325, 35.081160839984491 ], [ 135.946806060104279, 35.080542179974039 ], [ 135.946306370011342, 35.080542179974039 ], [ 135.946425340034665, 35.079994909966835 ], [ 135.94633017011185, 35.07985213994138 ], [ 135.946353960052619, 35.079566599890477 ], [ 135.946901239926319, 35.078638610053041 ], [ 135.947686460107121, 35.078924150103944 ], [ 135.947948199993704, 35.07851964014116 ], [ 135.94751990004255, 35.078234100090256 ], [ 135.947305749936703, 35.078305490093499 ], [ 135.947234360055461, 35.078138929935491 ], [ 135.947448509900767, 35.077829600108501 ], [ 135.947734049887885, 35.077829600108501 ], [ 135.947900609952455, 35.077615440079811 ], [ 135.947924410052934, 35.077020579826474 ], [ 135.94751990004255, 35.076401920172493 ], [ 135.948043380076257, 35.075997409853244 ], [ 135.94799579003498, 35.075926029831031 ], [ 135.947234360055461, 35.076021209966825 ], [ 135.945497359889799, 35.073903489998152 ], [ 135.945854269959682, 35.073475179921793 ], [ 135.945211819902681, 35.072428220172483 ], [ 135.944735929910252, 35.072309249904144 ], [ 135.944212449876574, 35.072118889989028 ], [ 135.943784140026168, 35.072071300099367 ], [ 135.943022719945873, 35.071880939827786 ], [ 135.942546820054218, 35.072023709853234 ], [ 135.942023340020512, 35.072023709853234 ], [ 135.941737809932647, 35.071999920077154 ], [ 135.941428480004788, 35.071738180139825 ], [ 135.940762230107794, 35.072047509966815 ], [ 135.940524279901467, 35.07190473994136 ], [ 135.93988183010498, 35.071690589893699 ], [ 135.940072180110292, 35.071524020111134 ], [ 135.940286340115364, 35.071524020111134 ], [ 135.940524279901467, 35.071405049842788 ], [ 135.940500489960698, 35.071357459953127 ], [ 135.940191160032839, 35.071428849956369 ], [ 135.939739059981179, 35.071428849956369 ], [ 135.939596290117862, 35.071761969915912 ], [ 135.939167989906196, 35.07190473994136 ], [ 135.939049019882901, 35.071809560162038 ], [ 135.938477950068432, 35.071524020111134 ], [ 135.938477950068432, 35.071309870063466 ], [ 135.937787900070958, 35.071309870063466 ], [ 135.941904369997218, 35.074046250042578 ], [ 135.942189900085083, 35.07411764004582 ], [ 135.9421661098838, 35.074712499942692 ], [ 135.941618830010128, 35.075069420015808 ], [ 135.940262540014857, 35.07530737017705 ], [ 135.939977009926992, 35.075212190041263 ], [ 135.93852552994997, 35.075283570063476 ], [ 135.938477950068432, 35.075331159953137 ], [ 135.934718400111308, 35.07556911011438 ], [ 135.934647009969524, 35.07587843994137 ], [ 135.934361479881659, 35.076045000099377 ], [ 135.934218710018371, 35.075854639827796 ], [ 135.9335048700801, 35.075640490136593 ], [ 135.933052770028439, 35.075830850051709 ], [ 135.93283861992262, 35.075735669915922 ], [ 135.931696480033196, 35.076021209966825 ], [ 135.931410949945331, 35.075830850051709 ], [ 135.93162510005115, 35.074831479835595 ], [ 135.931410949945331, 35.074712499942692 ], [ 135.933171749950986, 35.071357459953127 ], [ 135.933790410067218, 35.071547819868243 ], [ 135.935003929938659, 35.070262909957684 ], [ 135.933956969871275, 35.06895420991458 ], [ 135.934385270082942, 35.068549699951795 ], [ 135.933933170031281, 35.067954830073901 ], [ 135.933409689997575, 35.068192779878679 ], [ 135.931886839937761, 35.066265419825129 ], [ 135.932315139888914, 35.065860909862344 ], [ 135.931934429979009, 35.065266039984451 ], [ 135.931196789940259, 35.065503990145693 ], [ 135.92929322997054, 35.062720019920448 ], [ 135.929364609952586, 35.061863410105225 ], [ 135.929911890086771, 35.06010260985321 ], [ 135.929079069965468, 35.058651140141109 ], [ 135.929412199993834, 35.058199039932205 ], [ 135.929221840089269, 35.057770739836869 ], [ 135.928127289980608, 35.057175869958975 ], [ 135.927675189928948, 35.057604180035334 ], [ 135.923630109883959, 35.056176500099326 ], [ 135.922963859986965, 35.05510573987997 ], [ 135.923154219891529, 35.054915389945883 ], [ 135.922892480004919, 35.054463290093437 ], [ 135.922987649927705, 35.054344319825098 ], [ 135.922916269945688, 35.054225339932195 ], [ 135.922821090123648, 35.054320520067982 ], [ 135.922654530059077, 35.054130160152866 ], [ 135.922321400030711, 35.054272929821856 ], [ 135.920822339911666, 35.051822089893648 ], [ 135.919537440058178, 35.051251020129328 ], [ 135.919608820040224, 35.05087029994263 ], [ 135.919442259975654, 35.050798919920418 ], [ 135.919085340006518, 35.051084449990299 ], [ 135.917467299964926, 35.050751330030756 ], [ 135.917324540000862, 35.050798919920418 ], [ 135.917134180096298, 35.050727539898205 ], [ 135.916848640109208, 35.050441999847301 ], [ 135.916967620031727, 35.050299229821846 ], [ 135.916848640109208, 35.050132670020311 ], [ 135.916777260127162, 35.048728789841412 ], [ 135.91646792993879, 35.048728789841412 ], [ 135.916420339897542, 35.048514640150209 ], [ 135.916634490003361, 35.048395659900841 ], [ 135.916491730039297, 35.047729410000734 ], [ 135.916491730039297, 35.047515259953066 ], [ 135.916515519980067, 35.046944189832281 ], [ 135.917015210073004, 35.046944189832281 ], [ 135.917229359918338, 35.046611069872739 ], [ 135.917895610075817, 35.046539679869504 ], [ 135.917824219934062, 35.045683080035303 ], [ 135.916182400111438, 35.0453975399844 ], [ 135.914683330093141, 35.044493349904073 ], [ 135.91506404990227, 35.04394606991584 ], [ 135.911780389937576, 35.042066300108409 ], [ 135.9112331199631, 35.041590410123419 ], [ 135.910733429870163, 35.041257279826382 ], [ 135.910709639929394, 35.041114510157399 ], [ 135.91030512991901, 35.040900360109731 ], [ 135.910233740037739, 35.040686210062063 ], [ 135.909686470063292, 35.040091339827704 ], [ 135.90973406010454, 35.03966304008884 ], [ 135.909519900099497, 35.039401300151511 ], [ 135.909091599887802, 35.039401300151511 ], [ 135.908092230122207, 35.038021210105164 ], [ 135.908211199884988, 35.037902239836825 ], [ 135.908044640080931, 35.037711879921709 ], [ 135.907211830119365, 35.036783890084266 ], [ 135.906236250033999, 35.036569740036605 ], [ 135.905855529964384, 35.036308000099275 ], [ 135.905688969899813, 35.03599866991582 ], [ 135.905427230013203, 35.035617960066617 ], [ 135.905617589917767, 35.035522779930822 ], [ 135.906117280010704, 35.035641749842696 ], [ 135.906616959943904, 35.0354276001515 ], [ 135.907045270054795, 35.035380009905374 ], [ 135.912541819917095, 35.033976130082941 ], [ 135.912755970022914, 35.033857160171067 ], [ 135.912755970022914, 35.033666799899486 ], [ 135.912660789940389, 35.033643010123399 ], [ 135.912589409958372, 35.033428850094708 ], [ 135.912732180082173, 35.033024350112953 ], [ 135.912494229875819, 35.031977380026149 ], [ 135.912565610118349, 35.03176322997848 ], [ 135.912922530087485, 35.031620459953025 ], [ 135.912898739886231, 35.031382520129277 ], [ 135.912375260113038, 35.031358720015696 ], [ 135.912375260113038, 35.030859039898154 ], [ 135.912589409958372, 35.030359350156047 ], [ 135.913208070074603, 35.029383770072485 ], [ 135.913683960067033, 35.029574129987594 ], [ 135.913898109912338, 35.029336179826352 ], [ 135.913707759907027, 35.029193410157369 ], [ 135.913969500054122, 35.0288126999517 ], [ 135.913731550108281, 35.028693730039819 ], [ 135.914112260018186, 35.027979889893587 ], [ 135.914754719974411, 35.027527790041141 ], [ 135.916134810070162, 35.026980510052908 ], [ 135.916682080044637, 35.027123280078364 ], [ 135.916848640109208, 35.026885339898143 ], [ 135.917086590055021, 35.026742569872688 ], [ 135.917443510024157, 35.024434489988906 ], [ 135.917134180096298, 35.024505879992148 ], [ 135.917110389895015, 35.024053780139702 ], [ 135.917229359918338, 35.023292350103802 ], [ 135.917253150119592, 35.021864670167794 ], [ 135.917633869928721, 35.021840880035242 ], [ 135.917657660130004, 35.021650520120126 ], [ 135.917229359918338, 35.021579140097913 ], [ 135.916896229889971, 35.020341820077022 ], [ 135.917181769877061, 35.020341820077022 ], [ 135.917205560078315, 35.020246639941234 ], [ 135.917039000013773, 35.019818339845898 ], [ 135.916729670085886, 35.019485209905334 ], [ 135.915611319876746, 35.018747579983007 ], [ 135.915016460121507, 35.018152710105113 ], [ 135.914469179987321, 35.016986780087457 ], [ 135.911923160061377, 35.013655529873979 ], [ 135.911518650050965, 35.013584149851766 ], [ 135.910138559955215, 35.011656790154682 ], [ 135.909258159952373, 35.009848400012999 ], [ 135.90899642006579, 35.008658669881768 ], [ 135.908853660101727, 35.002876570115518 ], [ 135.909543699939491, 35.002805190093305 ], [ 135.909948209949874, 35.001115769863503 ], [ 135.90973406010454, 35.001115769863503 ], [ 135.909543699939491, 35.000639879878513 ], [ 135.909044010107067, 35.000330550051515 ], [ 135.908710889977925, 34.999640510018857 ], [ 135.909662669962785, 34.999212199942498 ], [ 135.909543699939491, 34.998998049894837 ], [ 135.908901239983265, 34.999307380078292 ], [ 135.908663299936649, 34.999164620033866 ], [ 135.9080684300217, 34.99945015010374 ], [ 135.90787808001636, 34.99945015010374 ], [ 135.907568750088501, 34.999045640140963 ], [ 135.90759254002927, 34.998736309957508 ], [ 135.906712140026428, 34.997451400046948 ], [ 135.906854909889745, 34.996737569881738 ], [ 135.907378389923423, 34.996285470029292 ], [ 135.907782899933835, 34.996142700003844 ], [ 135.908615709895372, 34.995952340088728 ], [ 135.909115399988309, 34.996285470029292 ], [ 135.909543699939491, 34.996095110114183 ], [ 135.90973406010454, 34.994429489997955 ], [ 135.908143699881236, 34.982905280160089 ], [ 135.907616340129778, 34.980995839969786 ] ] ] } },
{ "type": "Feature", "properties": { "P12_001": 10002, "P12_002": "延暦寺", "P12_003": "25", "P12_004": "25201", "P12_005": "神社・寺院・教会", "P12_006": "大津市坂本本町", "P12_007": -1 }, "geometry": { "type": "Polygon", "coordinates": [ [ [ 135.840767194023698, 35.07025980585852 ], [ 135.840790250118687, 35.070695332929795 ], [ 135.841038056053407, 35.070686556043057 ], [ 135.841039556047718, 35.07071441700846 ], [ 135.841394500077854, 35.070701721855997 ], [ 135.841386888870261, 35.070557472143399 ], [ 135.841443806072988, 35.070555388960635 ], [ 135.841438943986589, 35.070463972028207 ], [ 135.841383221985978, 35.070465972154572 ], [ 135.841369999997369, 35.070216778010789 ], [ 135.841018332873858, 35.070229389037465 ], [ 135.841018667103214, 35.070235693837873 ], [ 135.84078366712879, 35.070243972029758 ], [ 135.840784610942507, 35.070259194164194 ], [ 135.840767194023698, 35.07025980585852 ] ] ] } },
{ "type": "Feature", "properties": { "P12_001": 10003, "P12_002": "園城寺", "P12_003": "25", "P12_004": "25201", "P12_005": "神社・寺院・教会", "P12_006": "大津市園城寺町", "P12_007": -1 }, "geometry": { "type": "Polygon", "coordinates": [ [ [ 135.853040611038438, 35.013243056121638 ], [ 135.852952722001447, 35.01324030599244 ], [ 135.852954249869896, 35.013207361120024 ], [ 135.852778971967695, 35.013201860861621 ], [ 135.852777722059301, 35.013229028145702 ], [ 135.852682027998156, 35.013226055938667 ], [ 135.85267316688217, 35.013417971824481 ], [ 135.852625027954474, 35.013416472175287 ], [ 135.852621583021431, 35.013490389160495 ], [ 135.85266272188889, 35.013491693823212 ], [ 135.85266094393458, 35.013530222010431 ], [ 135.853026806037093, 35.013541694130716 ], [ 135.853040611038438, 35.013243056121638 ] ] ] } },
{ "type": "Feature", "properties": { "P12_001": 10010, "P12_002": "川息障　明王院", "P12_003": "25", "P12_004": "25201", "P12_005": "‐", "P12_006": "大津市川坊村町155", "P12_007": 2 }, "geometry": { "type": "Polygon", "coordinates": [ [ [ 135.869216832936019, 35.24798972214834 ], [ 135.869231167025276, 35.24779636115251 ], [ 135.86905855592434, 35.247787750022106 ], [ 135.86905591699724, 35.247823306002289 ], [ 135.869025222081007, 35.247821777835874 ], [ 135.869020250061027, 35.247888777969891 ], [ 135.8690485280014, 35.247890193849756 ], [ 135.869041778027082, 35.247981000157253 ], [ 135.869216832936019, 35.24798972214834 ] ] ] } },
{ "type": "Feature", "properties": { "P12_001": 10011, "P12_002": "居初氏庭園", "P12_003": "25", "P12_004": "25201", "P12_005": "‐", "P12_006": "大津市本堅田2-12-5", "P12_007": 2 }, "geometry": { "type": "Polygon", "coordinates": [ [ [ 135.922463771319656, 35.114017491896206 ], [ 135.922729205964686, 35.113962262600339 ], [ 135.922702307664764, 35.11386632533241 ], [ 135.922444022870962, 35.113931468282608 ], [ 135.922463771319656, 35.114017491896206 ] ] ] } },
{ "type": "Feature", "properties": { "P12_001": 10023, "P12_002": "円満院門跡", "P12_003": "25", "P12_004": "25201", "P12_005": "‐", "P12_006": "大津市園城寺町33", "P12_007": 2 }, "geometry": { "type": "Polygon", "coordinates": [ [ [ 135.853758471888796, 35.014418611056797 ], [ 135.853536389110815, 35.014396083167604 ], [ 135.853535278052163, 35.014403639160946 ], [ 135.853500027925747, 35.014400083063876 ], [ 135.853493250077264, 35.014445333115809 ], [ 135.853482611006939, 35.01444433287439 ], [ 135.853484721888123, 35.014429805847136 ], [ 135.853355139105588, 35.014416666895464 ], [ 135.853353138939525, 35.014430027924973 ], [ 135.853044860935427, 35.014398722079648 ], [ 135.853044417032976, 35.01440133283095 ], [ 135.853023167026976, 35.014399250004644 ], [ 135.85302016703838, 35.014419332898875 ], [ 135.853026499942388, 35.014419972041019 ], [ 135.853018749885052, 35.014472250161297 ], [ 135.853013056002567, 35.014471611019154 ], [ 135.852995193878797, 35.014590306096345 ], [ 135.852966833097469, 35.014587389141418 ], [ 135.852951193872485, 35.014691666982642 ], [ 135.853279971885456, 35.014724971884938 ], [ 135.853281278063179, 35.01471605597677 ], [ 135.853378249906882, 35.014725833104919 ], [ 135.853377693986801, 35.014729055907004 ], [ 135.853460527902342, 35.014737472050932 ], [ 135.853462833121085, 35.014722222112205 ], [ 135.853483778074406, 35.014724333099259 ], [ 135.853493083092843, 35.014662582985061 ], [ 135.853475999882392, 35.014660860901564 ], [ 135.85348863911878, 35.014575944112487 ], [ 135.853548999952039, 35.014582056065208 ], [ 135.853548333056352, 35.014586110857131 ], [ 135.853614055887277, 35.014592777826202 ], [ 135.853619167017541, 35.014558889033871 ], [ 135.85368380588244, 35.014565361016466 ], [ 135.853682138903736, 35.014576638863211 ], [ 135.853733972068824, 35.014581832917983 ], [ 135.853758471888796, 35.014418611056797 ] ] ] } },
{ "type": "Feature", "properties": { "P12_001": 10032, "P12_002": "柳が崎湖畔公園有料庭園", "P12_003": "25", "P12_004": "25201", "P12_005": "‐", "P12_006": "大津市柳が崎5-35", "P12_007": 1 }, "geometry": { "type": "Polygon", "coordinates": [ [ [ 135.868193782381695, 35.026540971322007 ], [ 135.868541893336072, 35.026540971322007 ], [ 135.868541893336072, 35.026251771442652 ], [ 135.868193782381695, 35.026251771442652 ], [ 135.868193782381695, 35.026540971322007 ] ] ] } },
{ "type": "Feature", "properties": { "P12_001": 10201, "P12_002": "ロクハ公園", "P12_003": "25", "P12_004": "25206", "P12_005": "‐", "P12_006": "草津市追分町623", "P12_007": 4 }, "geometry": { "type": "Polygon", "coordinates": [ [ [ 135.966123186691647, 34.997978768957196 ], [ 135.966479331134025, 34.998059102316425 ], [ 135.966443582919879, 34.998883443830223 ], [ 135.966785889016165, 34.999276021119648 ], [ 135.96706476030684, 34.999178748176533 ], [ 135.967435444117314, 34.999202361145869 ], [ 135.967871971894084, 34.999275944123163 ], [ 135.968255944122234, 34.999313000109005 ], [ 135.968549555891769, 34.999303611171484 ], [ 135.968841528035711, 34.999271222028348 ], [ 135.96907625005008, 34.99923177808197 ], [ 135.96935427808242, 34.999159139024584 ], [ 135.969531805976061, 34.99898205601319 ], [ 135.96964036096432, 34.998692250142952 ], [ 135.969635499919917, 34.998479056135018 ], [ 135.969599471922209, 34.998184277931379 ], [ 135.969580888977958, 34.998052667049748 ], [ 135.969644805980408, 34.997905722103596 ], [ 135.969788055956485, 34.997755694089726 ], [ 135.969945833056897, 34.997672805944241 ], [ 135.970144138919437, 34.997605693880146 ], [ 135.970307417127771, 34.997466000149572 ], [ 135.970488221928008, 34.997301082939785 ], [ 135.970552333007504, 34.997245193826792 ], [ 135.970300519185969, 34.996639880587239 ], [ 135.970889630091932, 34.996425658533603 ], [ 135.970996741094694, 34.996738958313784 ], [ 135.971095818869941, 34.996907658332525 ], [ 135.971299329905435, 34.996987991691753 ], [ 135.971417152138713, 34.997121880386167 ], [ 135.971451963312319, 34.997220958112706 ], [ 135.97160459645869, 34.997129913686443 ], [ 135.971585852261143, 34.996872847008191 ], [ 135.971559074315081, 34.996621136219929 ], [ 135.971435896596773, 34.996273025115414 ], [ 135.971443929824289, 34.996104325096674 ], [ 135.971417152138713, 34.995828514051112 ], [ 135.971638868645101, 34.995128039924893 ], [ 135.970790407214764, 34.994448397269871 ], [ 135.969644443876888, 34.993557610994884 ], [ 135.969434254766753, 34.993402161501429 ], [ 135.969241305952266, 34.993508917132424 ], [ 135.96915978602965, 34.993758592504264 ], [ 135.968967833130108, 34.993995778047598 ], [ 135.968708915306394, 34.994097665789504 ], [ 135.968436786174863, 34.994275403271054 ], [ 135.968068926511307, 34.994512721419454 ], [ 135.967850687761768, 34.99438284901872 ], [ 135.967758304473051, 34.994204777172783 ], [ 135.967668598926821, 34.994107037973158 ], [ 135.967458393404826, 34.994169965848457 ], [ 135.96726291559682, 34.994254315857823 ], [ 135.967419565747718, 34.994625187979793 ], [ 135.967146432365041, 34.994755060380527 ], [ 135.966839826810286, 34.995235721296076 ], [ 135.966820747862357, 34.995650441848717 ], [ 135.967034969867882, 34.996088258496123 ], [ 135.967263919847966, 34.996385491675753 ], [ 135.967293375536542, 34.996572936061803 ], [ 135.966871625490995, 34.996635863937101 ], [ 135.966670792197988, 34.997073680584506 ], [ 135.966791292173781, 34.997261124970557 ], [ 135.966959992035697, 34.997337441679655 ], [ 135.967286681050012, 34.997377608181033 ], [ 135.967273292076982, 34.99753291936598 ], [ 135.966864931004466, 34.99773509146921 ], [ 135.96639899781681, 34.997681535777566 ], [ 135.966115153464102, 34.997826135895473 ], [ 135.965900931198092, 34.997879691230651 ], [ 135.965900931198092, 34.997933246922294 ], [ 135.966123186691647, 34.997978768957196 ] ] ] } },
{ "type": "Feature", "properties": { "P12_001": 10202, "P12_002": "矢橋帰帆島公園", "P12_003": "25", "P12_004": "25206", "P12_005": "‐", "P12_006": "草津市矢橋町2108", "P12_007": 4 }, "geometry": { "type": "Polygon", "coordinates": [ [ [ 135.916392061696655, 35.013393147942786 ], [ 135.916614317190209, 35.013240514524597 ], [ 135.916820505968218, 35.013026292470954 ], [ 135.91700795054868, 35.012624626031261 ], [ 135.917714883687921, 35.010643070787459 ], [ 135.917821994690684, 35.010225337747208 ], [ 135.917821994690684, 35.009751371248562 ], [ 135.917749694861527, 35.009411293444323 ], [ 135.917623839140191, 35.009108704731176 ], [ 135.916542017361024, 35.00741902713348 ], [ 135.915872572877362, 35.006251516549021 ], [ 135.915299528686973, 35.00524199455981 ], [ 135.914970162190656, 35.004749283337382 ], [ 135.914683639834948, 35.004481505592096 ], [ 135.914148084560622, 35.00403699488426 ], [ 135.913462573621928, 35.003608550420516 ], [ 135.912391462812764, 35.003260439316001 ], [ 135.911068640821497, 35.002836011858854 ], [ 135.911024792169258, 35.005283834665413 ], [ 135.911245708921825, 35.005607176427411 ], [ 135.911350142182073, 35.005660731762589 ], [ 135.912124689166234, 35.005654037345693 ], [ 135.912149793360413, 35.007433085408962 ], [ 135.912477821115743, 35.007618521469944 ], [ 135.912634471006129, 35.007674085486656 ], [ 135.912779070924984, 35.007680779903552 ], [ 135.914195280456113, 35.007649650864984 ], [ 135.914192602453085, 35.008218008998348 ], [ 135.914168502510023, 35.008289639615612 ], [ 135.914098880423381, 35.00836126987641 ], [ 135.913777547154581, 35.008637750363661 ], [ 135.913752777710755, 35.008695322705442 ], [ 135.91373537199371, 35.008773647739609 ], [ 135.914026245583301, 35.008907201713171 ], [ 135.914186912217701, 35.008996907256062 ], [ 135.914298709465243, 35.009106026964417 ], [ 135.914327495653055, 35.009179665550285 ], [ 135.914350926095352, 35.012002042764564 ], [ 135.914348583103248, 35.012020452411036 ], [ 135.916184868667528, 35.012029155153002 ], [ 135.91620896861059, 35.012379944024275 ], [ 135.916416496390099, 35.012347141381476 ], [ 135.916392061696655, 35.013393147942786 ] ] ] } },
{ "type": "Feature", "properties": { "P12_001": 10204, "P12_002": "三大神社", "P12_003": "25", "P12_004": "25206", "P12_005": "‐", "P12_006": "草津市志那町309", "P12_007": 1 }, "geometry": { "type": "Polygon", "coordinates": [ [ [ 135.937566103589205, 35.049011840339197 ], [ 135.937820492513822, 35.048868579104663 ], [ 135.937650810283316, 35.048498825214104 ], [ 135.937559583120787, 35.048266444109046 ], [ 135.937450166899282, 35.048076916896697 ], [ 135.937347805965288, 35.048109583013314 ], [ 135.93722663909378, 35.04814347216211 ], [ 135.937121638972201, 35.048192332850292 ], [ 135.937040194075337, 35.048292416878162 ], [ 135.937411374931514, 35.048813648170189 ], [ 135.937389999882583, 35.048856472119816 ], [ 135.937529953674613, 35.049021212522852 ], [ 135.937566103589205, 35.049011840339197 ] ] ] } },
{ "type": "Feature", "properties": { "P12_001": 10205, "P12_002": "立木神社", "P12_003": "25", "P12_004": "25206", "P12_005": "‐", "P12_006": "草津市草津4-1-3", "P12_007": 2 }, "geometry": { "type": "Polygon", "coordinates": [ [ [ 135.956007274147794, 35.013905972715449 ], [ 135.956303837972769, 35.013758694830777 ], [ 135.956806798459638, 35.013517533274339 ], [ 135.957063194063011, 35.013407583002014 ], [ 135.957019639001174, 35.013203194041559 ], [ 135.956902722026683, 35.012970360938603 ], [ 135.956512035253041, 35.013126739380425 ], [ 135.956367833127047, 35.012938388859773 ], [ 135.955863138971864, 35.013157249951831 ], [ 135.955487749899675, 35.013366250146419 ], [ 135.955659832694181, 35.013613425271174 ], [ 135.955918238102328, 35.013780786406535 ], [ 135.956007274147794, 35.013905972715449 ] ] ] } },
{ "type": "Feature", "properties": { "P12_001": 10217, "P12_002": "勝部神社", "P12_003": "25", "P12_004": "25207", "P12_005": "‐", "P12_006": "守山市勝部町1-8-8", "P12_007": 2 }, "geometry": { "type": "Polygon", "coordinates": [ [ [ 135.990316377658587, 35.051049560243619 ], [ 135.990406020162339, 35.051182528544821 ], [ 135.990485727743788, 35.051300743106886 ], [ 135.990542083034825, 35.051368555981611 ], [ 135.990643599928944, 35.051362808336343 ], [ 135.990951194104468, 35.051333721843505 ], [ 135.991070097959209, 35.051346585604023 ], [ 135.991286306063472, 35.051384667140312 ], [ 135.991417638926151, 35.051367999895859 ], [ 135.991481677324458, 35.051295980375038 ], [ 135.991489034538546, 35.051256071598011 ], [ 135.99110266695655, 35.050542611087231 ], [ 135.991070443911354, 35.050485888915013 ], [ 135.991007194065105, 35.050435943859618 ], [ 135.990867506770854, 35.050430427916751 ], [ 135.990714678244871, 35.050451791590525 ], [ 135.990639860884471, 35.050467277865692 ], [ 135.99041398149015, 35.050584717115896 ], [ 135.990250484456652, 35.050673706520151 ], [ 135.990191361027513, 35.0507210279915 ], [ 135.990197277903235, 35.050766999885518 ], [ 135.990249891023694, 35.050909001728414 ], [ 135.990316377658587, 35.051049560243619 ] ] ] } },
{ "type": "Feature", "properties": { "P12_001": 10218, "P12_002": "住吉神社", "P12_003": "25", "P12_004": "25207", "P12_005": "‐", "P12_006": "守山市浮気町152", "P12_007": 2 }, "geometry": { "type": "Polygon", "coordinates": [ [ [ 136.001934005660473, 35.050667572110122 ], [ 136.002030405693205, 35.050809494461269 ], [ 136.002076897180132, 35.050958833071398 ], [ 136.001813410078938, 35.051013232159761 ], [ 136.001773339026073, 35.051248649992054 ], [ 136.002014338977688, 35.051363794319151 ], [ 136.002156261154028, 35.051417350010794 ], [ 136.002290149842338, 35.051275427659647 ], [ 136.002504372108376, 35.050954094579183 ], [ 136.00256596096753, 35.050801461160994 ], [ 136.002316927788428, 35.050793427860718 ], [ 136.002164294381544, 35.050766650193133 ], [ 136.002014338977688, 35.050614016774944 ], [ 136.001934005660473, 35.050667572110122 ] ] ] } },
{ "type": "Feature", "properties": { "P12_001": 10219, "P12_002": "小津神社", "P12_003": "25", "P12_004": "25207", "P12_005": "‐", "P12_006": "守山市杉江町495", "P12_007": 2 }, "geometry": { "type": "Polygon", "coordinates": [ [ [ 135.960862582962022, 35.073026082932394 ], [ 135.960265694124558, 35.072229610939168 ], [ 135.958333333118162, 35.073247971840061 ], [ 135.958362417064507, 35.073428388870703 ], [ 135.958650277900716, 35.073836750083757 ], [ 135.958883860982297, 35.073999360963548 ], [ 135.958991917101287, 35.074104500024752 ], [ 135.959938014665937, 35.073640303168482 ], [ 135.960862582962022, 35.073026082932394 ] ] ] } },
{ "type": "Feature", "properties": { "P12_001": 10220, "P12_002": "下新川神社", "P12_003": "25", "P12_004": "25207", "P12_005": "‐", "P12_006": "守山市幸津川1365", "P12_007": 2 }, "geometry": { "type": "Polygon", "coordinates": [ [ [ 135.983989868292809, 35.108754335984642 ], [ 135.984191333052649, 35.108578638910032 ], [ 135.984536943929697, 35.108386305959904 ], [ 135.984518749921108, 35.1083333330889 ], [ 135.984298294003906, 35.108119139196013 ], [ 135.98403469123798, 35.107909567231211 ], [ 135.98345141202222, 35.107524956226605 ], [ 135.983386987032844, 35.107596565099492 ], [ 135.983540685128276, 35.107688293938985 ], [ 135.983714638877814, 35.107849028029378 ], [ 135.983803111448509, 35.107926231623942 ], [ 135.983711464350108, 35.108068610607049 ], [ 135.983505778088443, 35.108330555868342 ], [ 135.983545805897251, 35.108363471867079 ], [ 135.983493361063779, 35.108462693962039 ], [ 135.983974861055685, 35.108767832827397 ], [ 135.983989868292809, 35.108754335984642 ] ] ] } },
{ "type": "Feature", "properties": { "P12_001": 10221, "P12_002": "近江妙蓮公園", "P12_003": "25", "P12_004": "25207", "P12_005": "‐", "P12_006": "守山市中町39", "P12_007": 2 }, "geometry": { "type": "Polygon", "coordinates": [ [ [ 135.997153469139079, 35.087262901153018 ], [ 135.997925863821592, 35.086807436268863 ], [ 135.997858919477437, 35.08669496935206 ], [ 135.998028297957831, 35.086566716372836 ], [ 135.997857278028306, 35.086354361127569 ], [ 135.996892833016972, 35.08688230608562 ], [ 135.997153469139079, 35.087262901153018 ] ] ] } },
{ "type": "Feature", "properties": { "P12_001": 10229, "P12_002": "第１なぎさ公園", "P12_003": "25", "P12_004": "25207", "P12_005": "‐", "P12_006": "守山市今浜町地先", "P12_007": 1 }, "geometry": { "type": "Polygon", "coordinates": [ [ [ 135.949928277907844, 35.126936944047671 ], [ 135.950392416989786, 35.126918388963396 ], [ 135.950653805974639, 35.126876471861294 ], [ 135.950846923597084, 35.126812980414478 ], [ 135.951041999965128, 35.126689860890934 ], [ 135.951321760363214, 35.126504875045534 ], [ 135.951502138975428, 35.126413388958852 ], [ 135.951467108195175, 35.126373048502444 ], [ 135.951213721958652, 35.126339166839415 ], [ 135.950983801072226, 35.126269994762794 ], [ 135.950696858259619, 35.126151356363579 ], [ 135.950501917094272, 35.126002556015941 ], [ 135.950370005386958, 35.125871133347943 ], [ 135.950314611103067, 35.125838943825329 ], [ 135.950260416970906, 35.125848111041485 ], [ 135.949906527990578, 35.126794860930701 ], [ 135.949928277907844, 35.126936944047671 ] ] ] } },
{ "type": "Feature", "properties": { "P12_001": 10231, "P12_002": "みさき自然公園", "P12_003": "25", "P12_004": "25207", "P12_005": "‐", "P12_006": "守山市今浜町地先", "P12_007": 4 }, "geometry": { "type": "Polygon", "coordinates": [ [ [ 135.95306711105286, 35.119169999933 ], [ 135.953187390119467, 35.119507164703428 ], [ 135.953308417099151, 35.119838694115145 ], [ 135.95371488898121, 35.120670528171473 ], [ 135.954046435653339, 35.121228569131873 ], [ 135.954191878570015, 35.121906908906503 ], [ 135.954474916916752, 35.121799166936242 ], [ 135.954766971901648, 35.121601943996176 ], [ 135.954877832890162, 35.121136499868093 ], [ 135.954896999889144, 35.120604361096689 ], [ 135.954873263612654, 35.120368780716255 ], [ 135.954881832961775, 35.120024361165591 ], [ 135.954808997010986, 35.119493147421444 ], [ 135.954783972010659, 35.119045972136064 ], [ 135.954685819292678, 35.118697847842334 ], [ 135.95306711105286, 35.119169999933 ] ] ] } },
{ "type": "Feature", "properties": { "P12_001": 10332, "P12_002": "御上神社", "P12_003": "25", "P12_004": "25210", "P12_005": "‐", "P12_006": "野洲市三上838", "P12_007": 2 }, "geometry": { "type": "Polygon", "coordinates": [ [ [ 136.02590961096675, 35.050126056164551 ], [ 136.025977083096336, 35.050415360844681 ], [ 136.026069317115059, 35.050554316692242 ], [ 136.026167082981431, 35.050632667035437 ], [ 136.026322028119694, 35.050748388836197 ], [ 136.026431778049556, 35.050838556001551 ], [ 136.026831861018792, 35.050696138876667 ], [ 136.026979892584905, 35.050941694579919 ], [ 136.027507283336604, 35.050704271987208 ], [ 136.027809872147344, 35.050642683351754 ], [ 136.027970538781744, 35.050500761000599 ], [ 136.028096394242567, 35.050187461220418 ], [ 136.028096305931001, 35.050041860861086 ], [ 136.027480361070133, 35.048893250062783 ], [ 136.027037805963062, 35.048812805842864 ], [ 136.026699332953996, 35.048776417159921 ], [ 136.026393832987225, 35.048826916875207 ], [ 136.026183943980158, 35.049029138883562 ], [ 136.026030971915304, 35.049362638835028 ], [ 136.025890056074132, 35.049785861083251 ], [ 136.02590961096675, 35.050126056164551 ] ] ] } },
{ "type": "Feature", "properties": { "P12_001": 10336, "P12_002": "兵主大社", "P12_003": "25", "P12_004": "25210", "P12_005": "‐", "P12_006": "野洲市五条566", "P12_007": 2 }, "geometry": { "type": "Polygon", "coordinates": [ [ [ 136.0095491401174, 35.116101339826407 ], [ 136.009599229975493, 35.116101339826407 ], [ 136.010751430090608, 35.11571310000582 ], [ 136.010951820002191, 35.11560037999871 ], [ 136.01108958007211, 35.115412519974207 ], [ 136.011252389890416, 35.11529980994812 ], [ 136.011615579981594, 35.115137000160736 ], [ 136.012129059966497, 35.114949140136233 ], [ 136.011966249887649, 35.114322940173373 ], [ 136.011891110020656, 35.114310420045328 ], [ 136.011653160074815, 35.114310420045328 ], [ 136.011502869920577, 35.114335469925983 ], [ 136.011152200014521, 35.114347990054029 ], [ 136.011026960129698, 35.11439809017179 ], [ 136.010676289963101, 35.114423140052445 ], [ 136.010338149880852, 35.114473229832718 ], [ 136.009649329993294, 35.114585949839828 ], [ 136.009649329993294, 35.114811379873032 ], [ 136.009661849917904, 35.115024280153619 ], [ 136.009461469905574, 35.115738149886475 ], [ 136.009448949980964, 35.115838340140975 ], [ 136.009473999989893, 35.115951050167062 ], [ 136.00949904009957, 35.116038719937059 ], [ 136.0095491401174, 35.116101339826407 ] ] ] } },
{ "type": "Feature", "properties": { "P12_001": 10337, "P12_002": "錦織寺", "P12_003": "25", "P12_004": "25210", "P12_005": "‐", "P12_006": "野洲市木部826", "P12_007": 2 }, "geometry": { "type": "Polygon", "coordinates": [ [ [ 136.025344172252801, 35.098862761110013 ], [ 136.024843427891568, 35.098996650160885 ], [ 136.024878239065146, 35.099157316879349 ], [ 136.024717572430745, 35.099264427906171 ], [ 136.024575650254405, 35.099441161225187 ], [ 136.024610461427983, 35.099647349978554 ], [ 136.024673515113108, 35.099979134975833 ], [ 136.025445333035066, 35.099727889018219 ], [ 136.025603944015586, 35.099999999954754 ], [ 136.0263652499942, 35.099584500169136 ], [ 136.026118385007607, 35.099287889734249 ], [ 136.025901055945468, 35.099012778073458 ], [ 136.025871806056728, 35.098951389058527 ], [ 136.025883971953476, 35.098887471992235 ], [ 136.02590469391356, 35.098792917096446 ], [ 136.025709471922596, 35.098675971907042 ], [ 136.025619983377993, 35.098825272375386 ], [ 136.025344172252801, 35.098862761110013 ] ] ] } },
{ "type": "Feature", "properties": { "P12_001": 10267, "P12_002": "田村神社（万燈祭・田村祭含む）", "P12_003": "25", "P12_004": "25209", "P12_005": "‐", "P12_006": "甲賀市土山町北土山470", "P12_007": 1 }, "geometry": { "type": "Polygon", "coordinates": [ [ [ 136.296059360934038, 34.928553055924901 ], [ 136.297662041534238, 34.930468375296137 ], [ 136.297955417024696, 34.930938472008314 ], [ 136.298464944089602, 34.931424939029426 ], [ 136.298840916956038, 34.931728499823237 ], [ 136.299282749940119, 34.931902278045548 ], [ 136.29963777811372, 34.931866944143202 ], [ 136.299999999903605, 34.931204139123011 ], [ 136.299500816495112, 34.930850316732688 ], [ 136.299409771947381, 34.93054504989631 ], [ 136.299409771947381, 34.930207650215301 ], [ 136.299784660847791, 34.929864894644304 ], [ 136.299768594132274, 34.929597116899018 ], [ 136.299554371866236, 34.929152605834716 ], [ 136.298643927691472, 34.928777717062609 ], [ 136.298054816785537, 34.928295717263687 ], [ 136.29755066500411, 34.927754101151386 ], [ 136.296059360934038, 34.928553055924901 ] ] ] } },
{ "type": "Feature", "properties": { "P12_001": 10278, "P12_002": "櫟野寺", "P12_003": "25", "P12_004": "25209", "P12_005": "‐", "P12_006": "甲賀市甲賀町櫟野1359", "P12_007": 2 }, "geometry": { "type": "Polygon", "coordinates": [ [ [ 136.252226305461903, 34.897089865070065 ], [ 136.252402561043596, 34.897395183237428 ], [ 136.252831005575672, 34.897197027784344 ], [ 136.252651327724948, 34.896878140411779 ], [ 136.252226305461903, 34.897089865070065 ] ] ] } },
{ "type": "Feature", "properties": { "P12_001": 10279, "P12_002": "油日神社（歴史民俗資料館含む）", "P12_003": "25", "P12_004": "25209", "P12_005": "‐", "P12_006": "甲賀市甲賀町油日1042", "P12_007": 2 }, "geometry": { "type": "Polygon", "coordinates": [ [ [ 136.248917110946877, 34.88898908307489 ], [ 136.249362096576135, 34.888693744507918 ], [ 136.249739185450835, 34.888399893470329 ], [ 136.250055556077854, 34.888155999964411 ], [ 136.250329494163964, 34.887991990315086 ], [ 136.250677524100922, 34.887815337557207 ], [ 136.250962110896097, 34.887685888993623 ], [ 136.251338520110295, 34.887524477262843 ], [ 136.251541249887907, 34.887436999984068 ], [ 136.251238919238745, 34.886848483029382 ], [ 136.251085177378286, 34.886541763597222 ], [ 136.250899222111372, 34.886266083017937 ], [ 136.250645199718861, 34.885975416640655 ], [ 136.250435072088152, 34.885670494862616 ], [ 136.250086961133803, 34.885847228181632 ], [ 136.249351888903959, 34.88619055587931 ], [ 136.248981972023529, 34.886375610878972 ], [ 136.249241499952575, 34.886866249969053 ], [ 136.2478866669681, 34.887459471908222 ], [ 136.248402352918902, 34.88813656548043 ], [ 136.248679171421287, 34.888547950944442 ], [ 136.248917110946877, 34.88898908307489 ] ] ] } },
{ "type": "Feature", "properties": { "P12_001": 10290, "P12_002": "六角堂", "P12_003": "25", "P12_004": "25209", "P12_005": "‐", "P12_006": "甲賀市甲南町野田810", "P12_007": 2 }, "geometry": { "type": "Polygon", "coordinates": [ [ [ 136.183111462521225, 34.917366954064448 ], [ 136.183197151323441, 34.917508876415596 ], [ 136.183304262586688, 34.917460676257477 ], [ 136.183333332986706, 34.917383639132161 ], [ 136.183335057016279, 34.917304026545615 ], [ 136.183274000110629, 34.917269527841285 ], [ 136.183175778098018, 34.917310082889763 ], [ 136.183108778005561, 34.917337749938085 ], [ 136.183111462521225, 34.917366954064448 ] ] ] } },
{ "type": "Feature", "properties": { "P12_001": 10298, "P12_002": "紫香楽宮跡（宮町遺跡・甲賀寺跡）", "P12_003": "25", "P12_004": "25209", "P12_005": "‐", "P12_006": "甲賀市信楽町宮町　および　牧", "P12_007": 2 }, "geometry": { "type": "Polygon", "coordinates": [ [ [ 136.082729166882103, 34.918285833007239 ], [ 136.08272749990337, 34.91825624995834 ], [ 136.082676277885668, 34.918258277888995 ], [ 136.08267794408286, 34.918285861167995 ], [ 136.082679389110353, 34.918311277851359 ], [ 136.082730611128085, 34.918309166864304 ], [ 136.082729166882103, 34.918285833007239 ] ] ] } },
{ "type": "Feature", "properties": { "P12_001": 10348, "P12_002": "善水寺", "P12_003": "25", "P12_004": "25211", "P12_005": "‐", "P12_006": "湖南市岩根3518", "P12_007": 2 }, "geometry": { "type": "Polygon", "coordinates": [ [ [ 136.112685667030064, 35.006330778017329 ], [ 136.112396639126388, 35.006335167173624 ], [ 136.112401277959037, 35.006541638960378 ], [ 136.112690306123199, 35.006537250160548 ], [ 136.112685667030064, 35.006330778017329 ] ] ] } },
{ "type": "Feature", "properties": { "P12_001": 10350, "P12_002": "雨山文化運動公園", "P12_003": "25", "P12_004": "25211", "P12_005": "‐", "P12_006": "湖南市雨山2-1-1", "P12_007": 4 }, "geometry": { "type": "Polygon", "coordinates": [ [ [ 136.041631390862591, 35.005120621002931 ], [ 136.04163061090722, 35.005448528015044 ], [ 136.041696111005422, 35.005642667174456 ], [ 136.041903250109783, 35.005789083126217 ], [ 136.042348860953751, 35.006037110915791 ], [ 136.042466028014132, 35.006136694110026 ], [ 136.042572056092922, 35.006487694008712 ], [ 136.042758444060524, 35.006713610973407 ], [ 136.042934693911093, 35.006851389059868 ], [ 136.043122999985314, 35.006830667023493 ], [ 136.043455693926433, 35.006530193931447 ], [ 136.043664305932452, 35.006323138967588 ], [ 136.044558201194803, 35.006191731627602 ], [ 136.044967901268819, 35.006084620600781 ], [ 136.045289234277107, 35.005942698606091 ], [ 136.045503456543145, 35.005744542796542 ], [ 136.045495423315629, 35.005476765407721 ], [ 136.045380278824837, 35.005388398748217 ], [ 136.045664123177545, 35.005101876279156 ], [ 136.045720916900365, 35.004799722097111 ], [ 136.045682916871243, 35.004572721834606 ], [ 136.045538360977929, 35.004397582984531 ], [ 136.045444545426506, 35.004175365415925 ], [ 136.045471323372567, 35.003995954330151 ], [ 136.045498101058143, 35.003701398917279 ], [ 136.045648056461999, 35.003497887930671 ], [ 136.04559769411452, 35.003235056140362 ], [ 136.045270666963233, 35.003297750174475 ], [ 136.044902472028326, 35.003282333053562 ], [ 136.044741249994843, 35.003342055950036 ], [ 136.044542249883477, 35.003502889137756 ], [ 136.044301134527672, 35.003586254590182 ], [ 136.044140467893271, 35.003487176863636 ], [ 136.043929749955709, 35.003384693824813 ], [ 136.043586168160914, 35.003398810204132 ], [ 136.043256801664597, 35.003738888008371 ], [ 136.042980990539405, 35.003995954330151 ], [ 136.042916723937765, 35.004236954407844 ], [ 136.042748023815335, 35.004488665552579 ], [ 136.042016990733032, 35.004424398793901 ], [ 136.041792057496963, 35.004477954485544 ], [ 136.041642102093107, 35.004879620925237 ], [ 136.041631390862591, 35.005120621002931 ] ] ] } },
{ "type": "Feature", "properties": { "P12_001": 10351, "P12_002": "長寿寺", "P12_003": "25", "P12_004": "25211", "P12_005": "‐", "P12_006": "湖南市東寺5-1-11", "P12_007": 2 }, "geometry": { "type": "Polygon", "coordinates": [ [ [ 136.059435463983618, 34.985519402905041 ], [ 136.059569352932442, 34.985684085917171 ], [ 136.059873280484197, 34.985840735985498 ], [ 136.060127669408814, 34.985898308327279 ], [ 136.060443647192614, 34.985835380451981 ], [ 136.060560130424392, 34.985527436205317 ], [ 136.06067661365617, 34.985322585978864 ], [ 136.061005980152487, 34.98521949160218 ], [ 136.061426391196534, 34.98503204721613 ], [ 136.061340416879602, 34.984862110975996 ], [ 136.061059535784125, 34.984657158444023 ], [ 136.060533352738815, 34.984706697485528 ], [ 136.05993085285985, 34.984756236170568 ], [ 136.059489019615256, 34.984938325023101 ], [ 136.059399314069026, 34.985299824961416 ], [ 136.059435463983618, 34.985519402905041 ] ] ] } },
{ "type": "Feature", "properties": { "P12_001": 10352, "P12_002": "常楽寺", "P12_003": "25", "P12_004": "25211", "P12_005": "‐", "P12_006": "湖南市西寺6-5-1", "P12_007": 2 }, "geometry": { "type": "Polygon", "coordinates": [ [ [ 136.048247714079025, 34.990253713783865 ], [ 136.048421769425943, 34.990395636135013 ], [ 136.048689547323619, 34.990297897291853 ], [ 136.048966697189798, 34.990119825089451 ], [ 136.049113974851167, 34.989980580505062 ], [ 136.049058772560272, 34.989863613214816 ], [ 136.048923416961941, 34.989762277994011 ], [ 136.048779252609336, 34.989744936317351 ], [ 136.048452563855534, 34.989793136119012 ], [ 136.048167380761811, 34.989852047344172 ], [ 136.048127214103232, 34.990020747362912 ], [ 136.048247714079025, 34.990253713783865 ] ] ] } },
{ "type": "Feature", "properties": { "P12_001": 10176, "P12_002": "沖島", "P12_003": "25", "P12_004": "25204", "P12_005": "‐", "P12_006": "近江八幡市沖島町", "P12_007": 1 }, "geometry": { "type": "Polygon", "coordinates": [ [ [ 136.059326750086626, 35.210123916828252 ], [ 136.059789971926477, 35.210020388989861 ], [ 136.060501083063031, 35.209635472138089 ], [ 136.061225193976469, 35.20945436106966 ], [ 136.062280361028968, 35.209576693874453 ], [ 136.062706500081788, 35.209838167175796 ], [ 136.06322849991966, 35.20999822184347 ], [ 136.064437721960985, 35.210109306031676 ], [ 136.065139583045891, 35.210384610896618 ], [ 136.065622361080898, 35.210723555854372 ], [ 136.066666667111832, 35.211145222131897 ], [ 136.067194610918051, 35.211449889037297 ], [ 136.067793472047441, 35.21150083290825 ], [ 136.068469582882955, 35.211687249961528 ], [ 136.069082499881063, 35.21183833311246 ], [ 136.069327056001811, 35.212023167103681 ], [ 136.070434693938438, 35.211953667079051 ], [ 136.071560221872971, 35.211852388892687 ], [ 136.072354749937801, 35.211794055854114 ], [ 136.073286971903968, 35.211703527945957 ], [ 136.073827750065675, 35.211624944118043 ], [ 136.074370360887997, 35.21128152801699 ], [ 136.074759943897192, 35.211220778144202 ], [ 136.075000000035061, 35.211239888957763 ], [ 136.07520111102761, 35.211215221920767 ], [ 136.075511944075828, 35.210741416900866 ], [ 136.075699693969483, 35.210188610988737 ], [ 136.075747443961518, 35.209572999825347 ], [ 136.075652610873135, 35.209169666910732 ], [ 136.075288749978711, 35.208594750173717 ], [ 136.074910999939448, 35.20816475009574 ], [ 136.074544611093529, 35.20773713904768 ], [ 136.074241999879234, 35.207340499837038 ], [ 136.073736138917127, 35.207012139044693 ], [ 136.073239194037768, 35.206819638912378 ], [ 136.072863722124623, 35.206744138865112 ], [ 136.072453556005144, 35.206658389016809 ], [ 136.072092278028975, 35.206261056124838 ], [ 136.071876027983222, 35.205891167133956 ], [ 136.071533027898624, 35.205765888857023 ], [ 136.071157138915169, 35.205576693870256 ], [ 136.070777388970356, 35.205372027936328 ], [ 136.070366555955189, 35.205154749906328 ], [ 136.069974056058868, 35.205047611075216 ], [ 136.06966799991153, 35.204962693929673 ], [ 136.069655305968865, 35.204778361128561 ], [ 136.069756778055933, 35.204637778017251 ], [ 136.069658721985746, 35.204537583128698 ], [ 136.069368944084914, 35.204322388994392 ], [ 136.068856722084121, 35.204097693992487 ], [ 136.068364388944786, 35.203870972129316 ], [ 136.068139138933276, 35.203746083112406 ], [ 136.067842693899109, 35.203432360920928 ], [ 136.067649082878035, 35.203181777988632 ], [ 136.067390889000876, 35.203073110991113 ], [ 136.067248999908799, 35.203213361163897 ], [ 136.066912332988721, 35.203302443962045 ], [ 136.066666667111832, 35.203426499919729 ], [ 136.065834693895965, 35.204219082877366 ], [ 136.065329916899827, 35.204618971981454 ], [ 136.064992249896733, 35.204801028039192 ], [ 136.064426582979394, 35.205034832866353 ], [ 136.064137860909909, 35.205202027888916 ], [ 136.063499360907372, 35.205395361080463 ], [ 136.062995306034225, 35.205336833055412 ], [ 136.062587556109094, 35.205256832991168 ], [ 136.062129139044288, 35.204970943960809 ], [ 136.061879528062605, 35.204881833001913 ], [ 136.061680943979525, 35.204555777826634 ], [ 136.061399056027852, 35.204339778080929 ], [ 136.061153444075728, 35.204127056032945 ], [ 136.060965277893303, 35.203931000160026 ], [ 136.060793361041192, 35.20359386105509 ], [ 136.060478222087141, 35.203397693965016 ], [ 136.060357055997173, 35.203035639010352 ], [ 136.060015472023878, 35.202705889073037 ], [ 136.059661194107917, 35.20244255609262 ], [ 136.059235360889289, 35.202097333069347 ], [ 136.058726083128761, 35.201761167114469 ], [ 136.058231943900438, 35.201538666868942 ], [ 136.057890833006297, 35.201405944172279 ], [ 136.057824556078828, 35.201184417076817 ], [ 136.057418347047474, 35.201103822428578 ], [ 136.056203722109018, 35.200619056103051 ], [ 136.056517000007261, 35.19973000011025 ], [ 136.058497508798553, 35.200340647851874 ], [ 136.058375499971248, 35.200784721889811 ], [ 136.058698472084103, 35.200162028118889 ], [ 136.056186333064346, 35.199296472095952 ], [ 136.055199194061515, 35.199506861079044 ], [ 136.054917499926404, 35.199333027961089 ], [ 136.054450944129115, 35.199128778022072 ], [ 136.053867777973039, 35.198928193971419 ], [ 136.053268777993878, 35.198700500027584 ], [ 136.052850999885294, 35.198666055862432 ], [ 136.052551139094732, 35.198604971981737 ], [ 136.052260472086516, 35.198469083160958 ], [ 136.051628221886517, 35.198422472124804 ], [ 136.051296722105491, 35.198488056022477 ], [ 136.050993999915619, 35.198772777985695 ], [ 136.050754721909527, 35.199151305911272 ], [ 136.050619388975235, 35.199436750073026 ], [ 136.05078280603334, 35.199816111057828 ], [ 136.051011888871528, 35.200159639088966 ], [ 136.051677999918752, 35.200385444123576 ], [ 136.052396556059989, 35.200530443839 ], [ 136.053257221941976, 35.200494722102491 ], [ 136.053956166921267, 35.20090286088125 ], [ 136.054384472082546, 35.201220443947555 ], [ 136.054559499898858, 35.201488805939341 ], [ 136.054541499967343, 35.202681778121786 ], [ 136.054560555990719, 35.203220556057971 ], [ 136.054609778102872, 35.203762583174672 ], [ 136.054720027944001, 35.204241832844396 ], [ 136.055049555954099, 35.204767861088939 ], [ 136.055308028051826, 35.205320860918143 ], [ 136.055308166901597, 35.205704972158514 ], [ 136.055213777976178, 35.205961638882783 ], [ 136.055090388987395, 35.206220610867646 ], [ 136.054970361048703, 35.206878889135965 ], [ 136.054767806070686, 35.207331332977347 ], [ 136.054492305989839, 35.207605749887421 ], [ 136.054162999930924, 35.20789130597926 ], [ 136.054001666921863, 35.208084000028663 ], [ 136.053872722118854, 35.20833333283742 ], [ 136.053811722003559, 35.208848611160214 ], [ 136.053943278120016, 35.209134750072693 ], [ 136.054250943934704, 35.209508528099164 ], [ 136.054855193893872, 35.210076166885706 ], [ 136.055225305893401, 35.210334527889181 ], [ 136.055798749960729, 35.210469499881405 ], [ 136.056251361125419, 35.210454332999078 ], [ 136.057512528088978, 35.210319943827493 ], [ 136.057927500025556, 35.210330750070739 ], [ 136.058333332886065, 35.210333360822041 ], [ 136.059326750086626, 35.210123916828252 ] ] ] } },
{ "type": "Feature", "properties": { "P12_001": 10179, "P12_002": "安土城跡", "P12_003": "25", "P12_004": "25204", "P12_005": "‐", "P12_006": "近江八幡市安土町下豊浦", "P12_007": 2 }, "geometry": { "type": "Polygon", "coordinates": [ [ [ 136.13848949002579, 35.155933939878331 ], [ 136.139311200081664, 35.156105029996397 ], [ 136.139719809937532, 35.155632270132529 ], [ 136.140060879932236, 35.155348610079209 ], [ 136.139604990037384, 35.154967020117368 ], [ 136.139165999956703, 35.155314839989799 ], [ 136.138739380009554, 35.155407139886584 ], [ 136.13848949002579, 35.155933939878331 ] ] ] } },
{ "type": "Feature", "properties": { "P12_001": 10181, "P12_002": "桑実寺", "P12_003": "25", "P12_004": "25204", "P12_005": "‐", "P12_006": "近江八幡市安土町桑実寺292", "P12_007": 2 }, "geometry": { "type": "Polygon", "coordinates": [ [ [ 136.153684061263675, 35.148251127616305 ], [ 136.153986650074444, 35.148339494275817 ], [ 136.154289238885184, 35.148376983366909 ], [ 136.154548983294831, 35.148366272299874 ], [ 136.154621283123987, 35.147884272144481 ], [ 136.154415332969592, 35.147668417123654 ], [ 136.15414999992197, 35.147639722029623 ], [ 136.153905509969746, 35.1476628395123 ], [ 136.153726905664797, 35.147884272144481 ], [ 136.153684061263675, 35.148251127616305 ] ] ] } },
{ "type": "Feature", "properties": { "P12_001": 10443, "P12_002": "藤（正法寺）", "P12_003": "25", "P12_004": "25383", "P12_005": "‐", "P12_006": "日野町大字鎌掛2145", "P12_007": 1 }, "geometry": { "type": "Polygon", "coordinates": [ [ [ 136.265469917118793, 34.984252860934518 ], [ 136.265338860913602, 34.984321943894834 ], [ 136.265395388920183, 34.984394582952213 ], [ 136.265387999924314, 34.984398500148551 ], [ 136.265432221881838, 34.984455277929349 ], [ 136.265425556050985, 34.984458778061381 ], [ 136.265428667015186, 34.984462806118408 ], [ 136.265406389052004, 34.984474555925104 ], [ 136.265369193986828, 34.984494166859378 ], [ 136.265443361123943, 34.984589416862349 ], [ 136.26550783300442, 34.984555416852864 ], [ 136.265503639116247, 34.98455002816808 ], [ 136.265622027950371, 34.984487582946699 ], [ 136.265557444052234, 34.984404638836168 ], [ 136.265549139116843, 34.984409027992463 ], [ 136.265545055943761, 34.984403806133407 ], [ 136.265469360938198, 34.984443722039735 ], [ 136.265438833006385, 34.984404500171195 ], [ 136.26552861097332, 34.984357166936498 ], [ 136.265524666910522, 34.984352083029478 ], [ 136.265540639062323, 34.98434366688555 ], [ 136.265469917118793, 34.984252860934518 ] ] ] } },
{ "type": "Feature", "properties": { "P12_001": 10435, "P12_002": "馬見岡綿向神社", "P12_003": "25", "P12_004": "25383", "P12_005": "‐", "P12_006": "日野町大字村井711", "P12_007": 2 }, "geometry": { "type": "Polygon", "coordinates": [ [ [ 136.261318389059113, 35.015529944147886 ], [ 136.261700701863219, 35.015480141322122 ], [ 136.262141277905243, 35.015379556104143 ], [ 136.262493639017094, 35.015188055856783 ], [ 136.262695138945276, 35.015084056058427 ], [ 136.262485105357314, 35.014426644713538 ], [ 136.262763777881815, 35.01403188906513 ], [ 136.262696706931678, 35.013771656262769 ], [ 136.262591167041393, 35.013600972158592 ], [ 136.26252030598755, 35.013423389026485 ], [ 136.262372193925074, 35.013401638944408 ], [ 136.262027389053998, 35.01351822196515 ], [ 136.261725417121767, 35.013592332867439 ], [ 136.261253327913778, 35.013684900469606 ], [ 136.261047139135769, 35.013738455804784 ], [ 136.260898249983484, 35.013461639170828 ], [ 136.260499305947036, 35.013627443979018 ], [ 136.260313332965694, 35.013788611174661 ], [ 136.260744917117648, 35.014311527834259 ], [ 136.261088111018807, 35.014623556102997 ], [ 136.261211333023141, 35.014725582866333 ], [ 136.261223528096593, 35.015176250085041 ], [ 136.261318389059113, 35.015529944147886 ] ] ] } },
{ "type": "Feature", "properties": { "P12_001": 10451, "P12_002": "苗村神社", "P12_003": "25", "P12_004": "25384", "P12_005": "‐", "P12_006": "竜王町綾戸467", "P12_007": 2 }, "geometry": { "type": "Polygon", "coordinates": [ [ [ 136.126848500094724, 35.065270277999488 ], [ 136.128073750036179, 35.065916499901014 ], [ 136.128706417045976, 35.065164833091124 ], [ 136.128948332937114, 35.064775583048096 ], [ 136.128536110903269, 35.064580306051688 ], [ 136.128420110910355, 35.064654360988939 ], [ 136.128317833077801, 35.064672138979027 ], [ 136.128159749882684, 35.064813916961768 ], [ 136.12793299987689, 35.064805417048511 ], [ 136.127853250093438, 35.064707693889815 ], [ 136.127654389092328, 35.064588193914155 ], [ 136.127537111056341, 35.064543861047241 ], [ 136.127434193941752, 35.064566694070663 ], [ 136.12709191702217, 35.064790527852594 ], [ 136.126906472086773, 35.064909971863216 ], [ 136.126848500094724, 35.065270277999488 ] ] ] } },
{ "type": "Feature", "properties": { "P12_001": 10454, "P12_002": "鏡神社・周辺史跡", "P12_003": "25", "P12_004": "25384", "P12_005": "‐", "P12_006": "竜王町鏡", "P12_007": 2 }, "geometry": { "type": "Polygon", "coordinates": [ [ [ 136.079276499918763, 35.086740250060004 ], [ 136.079179472066244, 35.086761500021375 ], [ 136.079206749923571, 35.086845861081166 ], [ 136.079303778036603, 35.086824694176194 ], [ 136.079276499918763, 35.086740250060004 ] ] ] } },
{ "type": "Feature", "properties": { "P12_001": 10459, "P12_002": "龍王寺", "P12_003": "25", "P12_004": "25384", "P12_005": "‐", "P12_006": "竜王町川守", "P12_007": 2 }, "geometry": { "type": "Polygon", "coordinates": [ [ [ 136.143118333306916, 35.071978934256514 ], [ 136.1431103000794, 35.072120856251203 ], [ 136.143029966762214, 35.072335078661304 ], [ 136.143155822223008, 35.072522523047361 ], [ 136.143396822174623, 35.072594823106314 ], [ 136.143691377757847, 35.072549300714947 ], [ 136.143760999844517, 35.072335078661304 ], [ 136.143744933128971, 35.072086045283335 ], [ 136.143720923060528, 35.071926916355842 ], [ 136.143510305938833, 35.07188583302591 ], [ 136.143415499943103, 35.07185502801422 ], [ 136.143299944113124, 35.07180080608908 ], [ 136.143230443943338, 35.071806111004534 ], [ 136.143145027891023, 35.071881860933921 ], [ 136.143118333306916, 35.071978934256514 ] ] ] } },
{ "type": "Feature", "properties": { "P12_001": 10051, "P12_002": "彦根城", "P12_003": "25", "P12_004": "25202", "P12_005": "城跡・城郭・宮殿", "P12_006": "彦根市金亀町1-1", "P12_007": 2 }, "geometry": { "type": "Polygon", "coordinates": [ [ [ 136.254850419915357, 35.274785600119571 ], [ 136.25432834010212, 35.27499442992378 ], [ 136.254358169877491, 35.274532010046649 ], [ 136.254179170124218, 35.27412925995268 ], [ 136.253493000105038, 35.27387567986078 ], [ 136.252717330078951, 35.273816010077624 ], [ 136.252254910076942, 35.274114340100745 ], [ 136.25149416001841, 35.274636430117496 ], [ 136.250524579910234, 35.275307680155301 ], [ 136.249748909884147, 35.275814849963652 ], [ 136.249823489923472, 35.2761728501264 ], [ 136.249525160127433, 35.276888850095425 ], [ 136.249167149940149, 35.277336350120628 ], [ 136.249659409877268, 35.27869377004815 ], [ 136.24954006993525, 35.278753439831313 ], [ 136.249704159880707, 35.279245690144201 ], [ 136.249853319959357, 35.280066109827608 ], [ 136.249226819911144, 35.280588189863337 ], [ 136.249912989930351, 35.281020780017634 ], [ 136.250822909966786, 35.280916359946779 ], [ 136.251180909994332, 35.280886529867487 ], [ 136.251315160004651, 35.280185440125827 ], [ 136.251359910008091, 35.279558940019257 ], [ 136.251509079985993, 35.279096520142126 ], [ 136.251777580006632, 35.278663939968858 ], [ 136.25247866009417, 35.279573859871185 ], [ 136.25352282988041, 35.278992110052307 ], [ 136.253955420107019, 35.279454519948409 ], [ 136.255133839903579, 35.278828019841832 ], [ 136.254596840122787, 35.277933020147898 ], [ 136.255268089913926, 35.277500439974631 ], [ 136.25495483988982, 35.27694851987858 ], [ 136.255491839931125, 35.276605429943203 ], [ 136.255387419956691, 35.276351849851309 ], [ 136.255879669994556, 35.276053519828181 ], [ 136.254850419915357, 35.274785600119571 ] ] ] } },
{ "type": "Feature", "properties": { "P12_001": 10469, "P12_002": "依智秦氏の里　古墳公園", "P12_003": "25", "P12_004": "25425", "P12_005": "‐", "P12_006": "愛荘町上蚊野642", "P12_007": 2 }, "geometry": { "type": "Polygon", "coordinates": [ [ [ 136.275254000080878, 35.156571583087789 ], [ 136.275612305942616, 35.156651722173471 ], [ 136.275919999891983, 35.156849778172763 ], [ 136.276216722104692, 35.15654224992101 ], [ 136.27586822195417, 35.156309860973721 ], [ 136.275774889120612, 35.156042333110562 ], [ 136.275621522128461, 35.156101024753141 ], [ 136.275514411125698, 35.156117091353693 ], [ 136.275465541478326, 35.156161274861681 ], [ 136.275251319472801, 35.156542858050685 ], [ 136.275254000080878, 35.156571583087789 ] ] ] } },
{ "type": "Feature", "properties": { "P12_001": 10471, "P12_002": "阿自岐神社", "P12_003": "25", "P12_004": "25441", "P12_005": "‐", "P12_006": "豊郷町安食南663", "P12_007": 2 }, "geometry": { "type": "Polygon", "coordinates": [ [ [ 136.226740056110486, 35.212027000174224 ], [ 136.22703801390378, 35.212241465693616 ], [ 136.22731869388852, 35.212439806152155 ], [ 136.227347193259106, 35.21246280493191 ], [ 136.22767252790203, 35.212727888869502 ], [ 136.228667028026592, 35.212070111078354 ], [ 136.228516389054619, 35.211854416823343 ], [ 136.228068584749053, 35.211947462445373 ], [ 136.227898545885608, 35.211943445795235 ], [ 136.227835618024955, 35.211889890460057 ], [ 136.227787245162773, 35.211563674162498 ], [ 136.227563710844635, 35.211601321167684 ], [ 136.227152500095571, 35.211615027968456 ], [ 136.227036333118235, 35.21190588897575 ], [ 136.226740056110486, 35.212027000174224 ] ] ] } },
{ "type": "Feature", "properties": { "P12_001": 10478, "P12_002": "多賀大社", "P12_003": "25", "P12_004": "25443", "P12_005": "‐", "P12_006": "多賀町多賀604", "P12_007": 2 }, "geometry": { "type": "Polygon", "coordinates": [ [ [ 136.288165819929389, 35.226081260077613 ], [ 136.288560509900719, 35.226128089983419 ], [ 136.28899533995903, 35.226281949998445 ], [ 136.289396719988275, 35.226295329920603 ], [ 136.289784719901689, 35.226415749933011 ], [ 136.290112519974656, 35.226442500152778 ], [ 136.290520579902079, 35.226342159826416 ], [ 136.290647689960423, 35.226268570076279 ], [ 136.291156099975012, 35.226302020059919 ], [ 136.291604309888641, 35.226261879936963 ], [ 136.291898659932542, 35.226141469905585 ], [ 136.292025760091633, 35.225820369953382 ], [ 136.292246520019489, 35.225579539909596 ], [ 136.292507420034326, 35.225492569880835 ], [ 136.292273279990638, 35.225385540128087 ], [ 136.292139479874407, 35.225151399867151 ], [ 136.291878590019309, 35.225077810117014 ], [ 136.29167120994677, 35.224997539852133 ], [ 136.291550789946342, 35.224823610132098 ], [ 136.291249760004291, 35.22465635985742 ], [ 136.290988859989454, 35.224609539932644 ], [ 136.290580789902293, 35.224783470009136 ], [ 136.289965340003079, 35.224957400085636 ], [ 136.289303070118734, 35.225258429976364 ], [ 136.288701000074866, 35.225465810036503 ], [ 136.28829962004562, 35.225619680032551 ], [ 136.288078860117764, 35.225753469986095 ], [ 136.288165819929389, 35.226081260077613 ] ] ] } },
{ "type": "Feature", "properties": { "P12_001": 10100, "P12_002": "豊公園", "P12_003": "25", "P12_004": "25203", "P12_005": "‐", "P12_006": "長浜市公園町10-1", "P12_007": 4 }, "geometry": { "type": "Polygon", "coordinates": [ [ [ 136.260781714389964, 35.374115162214537 ], [ 136.260066748023206, 35.375863750680928 ], [ 136.261147231061358, 35.376930844655462 ], [ 136.260748242217886, 35.377119627924891 ], [ 136.260409503492554, 35.377337866985137 ], [ 136.260188251989604, 35.377576523660451 ], [ 136.260105240929903, 35.377752587537778 ], [ 136.260066413272824, 35.378051159600787 ], [ 136.261868557164263, 35.378368476387578 ], [ 136.262805779285088, 35.37849433178171 ], [ 136.263376145732991, 35.378325631762969 ], [ 136.263884923321768, 35.37796680959142 ], [ 136.264190189874995, 35.377557109851452 ], [ 136.265751334075361, 35.374691888369021 ], [ 136.265893256251729, 35.374477666315379 ], [ 136.265679033985691, 35.374389299655874 ], [ 136.26505511190615, 35.374370554932099 ], [ 136.264626667634587, 35.374576744041924 ], [ 136.26268795705181, 35.375907599111606 ], [ 136.260819203306056, 35.374096417490762 ], [ 136.260781714389964, 35.374115162214537 ] ] ] } },
{ "type": "Feature", "properties": { "P12_001": 10108, "P12_002": "長浜別院　大通寺", "P12_003": "25", "P12_004": "25203", "P12_005": "‐", "P12_006": "長市元浜町32-9", "P12_007": 2 }, "geometry": { "type": "Polygon", "coordinates": [ [ [ 136.26851821005593, 35.384081960162959 ], [ 136.269666499974079, 35.38432147984058 ], [ 136.270061000036435, 35.382891410161712 ], [ 136.268997250088489, 35.382687109961097 ], [ 136.268870450032466, 35.383130929839332 ], [ 136.268715460087122, 35.383145019840221 ], [ 136.26851821005593, 35.384081960162959 ] ] ] } },
{ "type": "Feature", "properties": { "P12_001": 10109, "P12_002": "総持寺", "P12_003": "25", "P12_004": "25203", "P12_005": "‐", "P12_006": "長浜市宮司町708　", "P12_007": 2 }, "geometry": { "type": "Polygon", "coordinates": [ [ [ 136.289728193979187, 35.385180028113687 ], [ 136.290846166975456, 35.385438472173561 ], [ 136.291050530387025, 35.384575902972728 ], [ 136.290574814412679, 35.384470298724409 ], [ 136.290790785977379, 35.383630647385729 ], [ 136.290300752846662, 35.383523536358908 ], [ 136.2902739749006, 35.383783280803911 ], [ 136.290166863897838, 35.384238502935247 ], [ 136.29012697207321, 35.384391027988009 ], [ 136.289951943996385, 35.38436463886751 ], [ 136.289728193979187, 35.385180028113687 ] ] ] } },
{ "type": "Feature", "properties": { "P12_001": 10110, "P12_002": "神照寺", "P12_003": "25", "P12_004": "25203", "P12_005": "‐", "P12_006": "長浜市新庄寺町323", "P12_007": 2 }, "geometry": { "type": "Polygon", "coordinates": [ [ [ 136.273968072270208, 35.402452105649459 ], [ 136.274048405587394, 35.403140294201748 ], [ 136.274691072124995, 35.403014438807617 ], [ 136.274790149900241, 35.402773438729923 ], [ 136.274878516444943, 35.402746661062331 ], [ 136.274851738759367, 35.402650261102551 ], [ 136.274637516493357, 35.402658294402826 ], [ 136.274594672092235, 35.402436039048908 ], [ 136.27440822212418, 35.40244863902516 ], [ 136.274407227772286, 35.402023661185716 ], [ 136.27438045008671, 35.40187370589075 ], [ 136.274155516850669, 35.401889772491302 ], [ 136.274227816679826, 35.40239051665754 ], [ 136.273968072270208, 35.402452105649459 ] ] ] } },
{ "type": "Feature", "properties": { "P12_001": 10111, "P12_002": "舎那院", "P12_003": "25", "P12_004": "25203", "P12_005": "‐", "P12_006": "長浜市宮前町13-45", "P12_007": 2 }, "geometry": { "type": "Polygon", "coordinates": [ [ [ 136.274947000119823, 35.383197861175553 ], [ 136.275159221959285, 35.383241221961811 ], [ 136.275174417021333, 35.383206278032411 ], [ 136.275215971917078, 35.383212444167853 ], [ 136.275208416978813, 35.383237527912698 ], [ 136.275235750063445, 35.383243750013172 ], [ 136.275295333025412, 35.38308155584123 ], [ 136.275334332877065, 35.382975832889983 ], [ 136.275255556083977, 35.382958999889205 ], [ 136.275245888962019, 35.38300647214534 ], [ 136.275289638882441, 35.383017110849934 ], [ 136.275273416905236, 35.383063721886096 ], [ 136.275253722120823, 35.383057500142087 ], [ 136.275251556012364, 35.383070028112364 ], [ 136.275175000034039, 35.383054083066455 ], [ 136.275172777916765, 35.38304424997326 ], [ 136.275078666951373, 35.383018499994911 ], [ 136.275073249986917, 35.383035527982173 ], [ 136.275004360964488, 35.383026721865292 ], [ 136.274947000119823, 35.383197861175553 ] ] ] } },
{ "type": "Feature", "properties": { "P12_001": 10112, "P12_002": "長浜八幡宮", "P12_003": "25", "P12_004": "25203", "P12_005": "‐", "P12_006": "長浜市宮前町13-55", "P12_007": 2 }, "geometry": { "type": "Polygon", "coordinates": [ [ [ 136.273046888990763, 35.382509972054052 ], [ 136.273452393874067, 35.382610107769381 ], [ 136.273710666945078, 35.382739277933631 ], [ 136.274035348238669, 35.382771323444288 ], [ 136.273935541046257, 35.383106922975927 ], [ 136.274889838041332, 35.383304887007192 ], [ 136.274976916904251, 35.382972888843703 ], [ 136.275129972070545, 35.383014028138682 ], [ 136.27534224991885, 35.383017860852767 ], [ 136.275490888985246, 35.382617027828765 ], [ 136.274962583075478, 35.38224322199801 ], [ 136.27493225000228, 35.382342388840861 ], [ 136.273319171039418, 35.381957781400899 ], [ 136.273204277937026, 35.381949861100104 ], [ 136.273046888990763, 35.382509972054052 ] ] ] } },
{ "type": "Feature", "properties": { "P12_001": 10113, "P12_002": "慶雲館（盆梅展含む）", "P12_003": "25", "P12_004": "25203", "P12_005": "‐", "P12_006": "長浜市港町2-5", "P12_007": 2 }, "geometry": { "type": "Polygon", "coordinates": [ [ [ 136.265944504059547, 35.376333253165583 ], [ 136.266234360893719, 35.376454833115822 ], [ 136.266348785606084, 35.376484998628897 ], [ 136.266748697162285, 35.375786063719517 ], [ 136.266582675042855, 35.375602636340062 ], [ 136.266422008408483, 35.375447325155122 ], [ 136.266387197234877, 35.375259880769065 ], [ 136.266411194017508, 35.375111667163189 ], [ 136.266165389030363, 35.375332333038671 ], [ 136.265998384802828, 35.37559983131522 ], [ 136.265944504059547, 35.376333253165583 ] ] ] } },
{ "type": "Feature", "properties": { "P12_001": 10119, "P12_002": "浅井文化スポーツ公園", "P12_003": "25", "P12_004": "25203", "P12_005": "‐", "P12_006": "長浜市大依町15", "P12_007": 4 }, "geometry": { "type": "Polygon", "coordinates": [ [ [ 136.312593813928117, 35.430016669862681 ], [ 136.312058258393279, 35.429673914648149 ], [ 136.311554836289531, 35.429427559036938 ], [ 136.311415591855706, 35.429390070302311 ], [ 136.311151556128578, 35.429936444155949 ], [ 136.311110325302451, 35.431601914200314 ], [ 136.311201369850181, 35.432051780798133 ], [ 136.311822613926694, 35.433797691497759 ], [ 136.312449214009263, 35.433819113631834 ], [ 136.312539117540155, 35.435125142681024 ], [ 136.312784857661256, 35.43513179788674 ], [ 136.312877658280826, 35.435763179784551 ], [ 136.313820582880822, 35.435674361127141 ], [ 136.313465082930605, 35.435149443984699 ], [ 136.313895213458323, 35.434890224256506 ], [ 136.314109435724362, 35.43462244651122 ], [ 136.314216546727124, 35.434263624696136 ], [ 136.314286169074308, 35.433942291259207 ], [ 136.31423261344267, 35.433513846795456 ], [ 136.313895213458323, 35.433337113832906 ], [ 136.313466769186761, 35.433337113832906 ], [ 136.313466769186761, 35.433047913597086 ], [ 136.313788102455561, 35.433047913597086 ], [ 136.313895213458323, 35.432673024824986 ], [ 136.314286169074308, 35.432351691744522 ], [ 136.314414702277617, 35.432051780798133 ], [ 136.314377213361524, 35.43153229190812 ], [ 136.314018391176631, 35.430959247682928 ], [ 136.313924500078429, 35.430714583142731 ], [ 136.31339714710009, 35.430477247527534 ], [ 136.312593813928117, 35.430016669862681 ] ] ] } },
{ "type": "Feature", "properties": { "P12_001": 10124, "P12_002": "孤篷庵", "P12_003": "25", "P12_004": "25203", "P12_005": "‐", "P12_006": "長浜市上野町135", "P12_007": 2 }, "geometry": { "type": "Polygon", "coordinates": [ [ [ 136.3139064998864, 35.454499221851435 ], [ 136.314191889040444, 35.454455638987348 ], [ 136.314172805924414, 35.454358749957279 ], [ 136.314027000122707, 35.454380556004395 ], [ 136.313997833074922, 35.454257166993145 ], [ 136.314105000086499, 35.454238528139534 ], [ 136.314080861067509, 35.454124305987975 ], [ 136.313887693948914, 35.454156443823123 ], [ 136.313892750112359, 35.454172749968308 ], [ 136.313881528029327, 35.454175833036025 ], [ 136.31389294392892, 35.454226832872017 ], [ 136.313905416962427, 35.45422577809142 ], [ 136.313914305952579, 35.454261472023646 ], [ 136.313954194130105, 35.454256250164583 ], [ 136.313970639100546, 35.454321527858639 ], [ 136.313945721949779, 35.454325667132814 ], [ 136.313950805987389, 35.454348110896213 ], [ 136.313979472081883, 35.454342916841448 ], [ 136.313980805873285, 35.454371500005387 ], [ 136.313929721923785, 35.454381832862822 ], [ 136.313911999952296, 35.454313499905339 ], [ 136.313859666875942, 35.454322832877821 ], [ 136.3139064998864, 35.454499221851435 ] ] ] } },
{ "type": "Feature", "properties": { "P12_001": 10127, "P12_002": "竹生島", "P12_003": "25", "P12_004": "25203", "P12_005": "‐", "P12_006": "長浜市早崎町", "P12_007": 2 }, "geometry": { "type": "Polygon", "coordinates": [ [ [ 136.140626666942893, 35.42083083303622 ], [ 136.140812500032439, 35.421061944055687 ], [ 136.140840278061546, 35.421264722149793 ], [ 136.141019167099699, 35.421495555839314 ], [ 136.141142778039693, 35.421557499870595 ], [ 136.141321667077847, 35.421873056075647 ], [ 136.141480794642035, 35.422058469679321 ], [ 136.141666667068023, 35.422283083050694 ], [ 136.141686666905116, 35.422430832895316 ], [ 136.141769167112301, 35.422639443829873 ], [ 136.142063023236545, 35.422776177473231 ], [ 136.142094860211671, 35.423041571179098 ], [ 136.142149527422958, 35.423365667577976 ], [ 136.142154721915176, 35.423648056119838 ], [ 136.142203889060568, 35.423837777962206 ], [ 136.14236111102241, 35.423986110983932 ], [ 136.142471388998189, 35.424138056067775 ], [ 136.142636667112072, 35.424239444045433 ], [ 136.143235474577182, 35.424430050278019 ], [ 136.143572499953706, 35.424554999894013 ], [ 136.143868611019059, 35.4247241668822 ], [ 136.144294702138723, 35.424931116332353 ], [ 136.144646389060739, 35.425084721831205 ], [ 136.144983889079413, 35.42512416684697 ], [ 136.145425916922107, 35.425000000028604 ], [ 136.145692448297922, 35.424668109874084 ], [ 136.145782222096756, 35.424290556167968 ], [ 136.145774422282727, 35.423793732762725 ], [ 136.145719883500959, 35.423402577413079 ], [ 136.145775556005418, 35.422994443981295 ], [ 136.145747777976311, 35.422650555920285 ], [ 136.145658332936222, 35.422335000071698 ], [ 136.145713611034381, 35.421963333032288 ], [ 136.145679166913936, 35.421681667045434 ], [ 136.145513889060538, 35.421366110840381 ], [ 136.145197221977526, 35.421022500109309 ], [ 136.145135278048514, 35.42085333312113 ], [ 136.144908056005619, 35.420678610978904 ], [ 136.144591666882661, 35.420481389108232 ], [ 136.144543333096379, 35.420177221967073 ], [ 136.144426389029263, 35.419968611032516 ], [ 136.14422666705542, 35.419940556150031 ], [ 136.144074062825212, 35.42005487419074 ], [ 136.143931943966749, 35.42015472188217 ], [ 136.143835555917263, 35.420070000079569 ], [ 136.143746110877174, 35.420115277935793 ], [ 136.143730305970308, 35.420208389147426 ], [ 136.143431888904701, 35.420288388855212 ], [ 136.143215305932131, 35.420212694177934 ], [ 136.143409193871207, 35.420004221908343 ], [ 136.143328666997974, 35.419945056167016 ], [ 136.143107889095177, 35.4201781391521 ], [ 136.142992222029108, 35.419945250084098 ], [ 136.143006971886138, 35.419776471999469 ], [ 136.142910832880546, 35.419585277955733 ], [ 136.142786943980525, 35.419472777887663 ], [ 136.142509182966961, 35.419383126171027 ], [ 136.142168055921417, 35.419371388840609 ], [ 136.141666667068023, 35.419480667175989 ], [ 136.141473888885059, 35.41948388890868 ], [ 136.141091684451482, 35.419386178226269 ], [ 136.140732333699674, 35.419312125427808 ], [ 136.14042861090573, 35.419365556000159 ], [ 136.140194721989957, 35.419500833126612 ], [ 136.140105423614813, 35.419637231336196 ], [ 136.140009471913118, 35.419855444018019 ], [ 136.140039051081601, 35.420081966617126 ], [ 136.140121587499152, 35.42038186722602 ], [ 136.14022055612233, 35.420571667134276 ], [ 136.140481119563248, 35.420747605179372 ], [ 136.140626666942893, 35.42083083303622 ] ] ] } },
{ "type": "Feature", "properties": { "P12_001": 10131, "P12_002": "安楽寺", "P12_003": "25", "P12_004": "25203", "P12_005": "‐", "P12_006": "長浜市細江町105", "P12_007": 2 }, "geometry": { "type": "Polygon", "coordinates": [ [ [ 136.249501410825644, 35.402155466340893 ], [ 136.249881652345493, 35.402257209357913 ], [ 136.249944579945662, 35.401998803796282 ], [ 136.249579667127449, 35.401926056017011 ], [ 136.249501410825644, 35.402155466340893 ] ] ] } },
{ "type": "Feature", "properties": { "P12_001": 10136, "P12_002": "水鳥公園", "P12_003": "25", "P12_004": "25203", "P12_005": "‐", "P12_006": "長浜市湖北町", "P12_007": 4 }, "geometry": { "type": "Polygon", "coordinates": [ [ [ 136.189524471905287, 35.44665947185365 ], [ 136.189714443916245, 35.44675847187078 ], [ 136.19024358292458, 35.44689369410159 ], [ 136.190509888962623, 35.446127056108772 ], [ 136.189949889095629, 35.44597741699846 ], [ 136.189777285028356, 35.446303553447812 ], [ 136.18965359567602, 35.446484328369529 ], [ 136.189524471905287, 35.44665947185365 ] ] ] } },
{ "type": "Feature", "properties": { "P12_001": 10138, "P12_002": "小谷城跡", "P12_003": "25", "P12_004": "25203", "P12_005": "‐", "P12_006": "長浜市小谷郡上町、湖北町伊部", "P12_007": 2 }, "geometry": { "type": "Polygon", "coordinates": [ [ [ 136.277022699934889, 35.459325172096982 ], [ 136.277009311222372, 35.45938809997228 ], [ 136.277076255566527, 35.459437639013785 ], [ 136.277143199910711, 35.459424249823527 ], [ 136.277178011084288, 35.459338561287247 ], [ 136.277111066740133, 35.459290361129121 ], [ 136.277062866593496, 35.459294377779258 ], [ 136.277022699934889, 35.459325172096982 ] ] ] } },
{ "type": "Feature", "properties": { "P12_001": 10142, "P12_002": "高月観音堂", "P12_003": "25", "P12_004": "25203", "P12_005": "‐", "P12_006": "長浜市高月町高月4", "P12_007": 2 }, "geometry": { "type": "Polygon", "coordinates": [ [ [ 136.236921694090313, 35.469248110920773 ], [ 136.237012777974485, 35.469276582867565 ], [ 136.237050832970397, 35.469176000144849 ], [ 136.23703638894753, 35.469172167074298 ], [ 136.237042722112051, 35.469153832998458 ], [ 136.2370075561291, 35.469143444175984 ], [ 136.236999666961481, 35.469165639126665 ], [ 136.236954916958041, 35.469154027984935 ], [ 136.236921694090313, 35.469248110920773 ] ] ] } },
{ "type": "Feature", "properties": { "P12_001": 10143, "P12_002": "渡岸寺観音堂", "P12_003": "25", "P12_004": "25203", "P12_005": "‐", "P12_006": "長浜市高月町渡岸寺215", "P12_007": 2 }, "geometry": { "type": "Polygon", "coordinates": [ [ [ 136.239563888971702, 35.475948028076374 ], [ 136.239577332911551, 35.475951082983343 ], [ 136.239600528116824, 35.475849971979159 ], [ 136.239644721939669, 35.475857556133256 ], [ 136.239661833024286, 35.475794693847561 ], [ 136.239604500053758, 35.475784888915122 ], [ 136.239596417069578, 35.475805722168644 ], [ 136.239563444027254, 35.475799943867372 ], [ 136.239467306063659, 35.475780943914494 ], [ 136.239439860961397, 35.475895361052537 ], [ 136.239385194010623, 35.475888721887749 ], [ 136.239394278119875, 35.475828861039233 ], [ 136.239330332982775, 35.475821416975968 ], [ 136.239333917026102, 35.475797861041066 ], [ 136.239229194083038, 35.475786000017223 ], [ 136.23922461099869, 35.475807194013548 ], [ 136.239159805930854, 35.475801278116698 ], [ 136.239153444110684, 35.475845193919305 ], [ 136.239068110899325, 35.475835528008304 ], [ 136.239067249926563, 35.475844638902949 ], [ 136.238984693971076, 35.475835694121102 ], [ 136.238973777982721, 35.475902333155837 ], [ 136.239082221995346, 35.475914277949016 ], [ 136.239087749935436, 35.475880917081675 ], [ 136.239147055979373, 35.475887667107152 ], [ 136.239133500021893, 35.475995944131718 ], [ 136.239367944076236, 35.476020528112322 ], [ 136.239385333120907, 35.475932610955461 ], [ 136.239442749974387, 35.475940082823008 ], [ 136.239444611030166, 35.475930250086286 ], [ 136.239480750003509, 35.475930167029887 ], [ 136.239563888971702, 35.475948028076374 ] ] ] } },
{ "type": "Feature", "properties": { "P12_001": 10144, "P12_002": "西野薬師堂", "P12_003": "25", "P12_004": "25203", "P12_005": "‐", "P12_006": "長浜市高月町西野1696", "P12_007": 2 }, "geometry": { "type": "Polygon", "coordinates": [ [ [ 136.203835332888985, 35.470230000082324 ], [ 136.203862806125898, 35.470107722173175 ], [ 136.203746278087067, 35.470088556107505 ], [ 136.20371055592355, 35.470212556100151 ], [ 136.203724999946388, 35.470214166966493 ], [ 136.20371888899362, 35.470238693912663 ], [ 136.203698167033536, 35.470236999989922 ], [ 136.20369208291288, 35.470266499982422 ], [ 136.20382202805942, 35.470287361040228 ], [ 136.203835332888985, 35.470230000082324 ] ] ] } },
{ "type": "Feature", "properties": { "P12_001": 10145, "P12_002": "赤後寺", "P12_003": "25", "P12_004": "25203", "P12_005": "‐", "P12_006": "長浜市高月町唐川1056", "P12_007": 2 }, "geometry": { "type": "Polygon", "coordinates": [ [ [ 136.216446082937978, 35.491588639141916 ], [ 136.216416139060925, 35.491728832993196 ], [ 136.216583944084277, 35.491749000013215 ], [ 136.216616638906061, 35.491610943883877 ], [ 136.216579166922855, 35.491604444096993 ], [ 136.216581777975819, 35.491590638911816 ], [ 136.216504028097887, 35.491579055930849 ], [ 136.216499666964779, 35.491595832966588 ], [ 136.216446082937978, 35.491588639141916 ] ] ] } },
{ "type": "Feature", "properties": { "P12_001": 10174, "P12_002": "己高庵", "P12_003": "25", "P12_004": "25203", "P12_005": "‐", "P12_006": "長浜市木之本町古橋1094", "P12_007": 6 }, "geometry": { "type": "Polygon", "coordinates": [ [ [ 136.252340139085845, 35.50965149984242 ], [ 136.252673221962596, 35.509655249856564 ], [ 136.252675416987245, 35.509507360990504 ], [ 136.252559805929991, 35.509506083062682 ], [ 136.252563889103044, 35.509230833093383 ], [ 136.252629806011043, 35.509166277954336 ], [ 136.252536360899342, 35.509081472025947 ], [ 136.252347639057319, 35.509152083152671 ], [ 136.252340139085845, 35.50965149984242 ] ] ] } },
{ "type": "Feature", "properties": { "P12_001": 10149, "P12_002": "大見いこいの広場", "P12_003": "25", "P12_004": "25203", "P12_005": "‐", "P12_006": "長浜市木之本町大見678", "P12_007": 4 }, "geometry": { "type": "Polygon", "coordinates": [ [ [ 136.235819138888814, 35.533789082967601 ], [ 136.23741222192217, 35.533333332911269 ], [ 136.237726722115184, 35.533324444094454 ], [ 136.238102693939595, 35.533218943933974 ], [ 136.238377444023314, 35.533103443854586 ], [ 136.238450582942733, 35.532960249991987 ], [ 136.238474721961722, 35.532580222060751 ], [ 136.23852274548517, 35.532281241488597 ], [ 136.238549589860327, 35.532076685345956 ], [ 136.238553069961711, 35.531890004151947 ], [ 136.238608856828336, 35.531627061500956 ], [ 136.238621952731961, 35.531461858762519 ], [ 136.238647805881271, 35.531377472037235 ], [ 136.23845855651436, 35.531429562656804 ], [ 136.238277028028079, 35.531532083124482 ], [ 136.237992529805013, 35.53186416042324 ], [ 136.237422472056863, 35.532517499865889 ], [ 136.237331528064487, 35.532862471937648 ], [ 136.237259388967601, 35.532946861158187 ], [ 136.23690844240403, 35.532958969568902 ], [ 136.236665693935294, 35.532956749859956 ], [ 136.236502749956287, 35.532898278156416 ], [ 136.236228019931559, 35.532988191518527 ], [ 136.236415464251508, 35.533191702505135 ], [ 136.236465694001396, 35.533333332911269 ], [ 136.235712528057803, 35.533650138883388 ], [ 136.235819138888814, 35.533789082967601 ] ] ] } },
{ "type": "Feature", "properties": { "P12_001": 10152, "P12_002": "石道寺", "P12_003": "25", "P12_004": "25203", "P12_005": "‐", "P12_006": "長浜市木之本町石道", "P12_007": 2 }, "geometry": { "type": "Polygon", "coordinates": [ [ [ 136.257833055929638, 35.50371972211115 ], [ 136.257929443979094, 35.503708333047257 ], [ 136.257915555876338, 35.503595556005713 ], [ 136.257833055929638, 35.503601388846164 ], [ 136.257833055929638, 35.50371972211115 ] ] ] } },
{ "type": "Feature", "properties": { "P12_001": 10153, "P12_002": "医王寺", "P12_003": "25", "P12_004": "25203", "P12_005": "‐", "P12_006": "長浜市木之本町大見", "P12_007": 2 }, "geometry": { "type": "Polygon", "coordinates": [ [ [ 136.238668806061895, 35.532358610839495 ], [ 136.238601528009383, 35.532541499956452 ], [ 136.238717749953537, 35.532573916903878 ], [ 136.238785278091939, 35.532391110843314 ], [ 136.238668806061895, 35.532358610839495 ] ] ] } },
{ "type": "Feature", "properties": { "P12_001": 10154, "P12_002": "木之本地蔵院", "P12_003": "25", "P12_004": "25203", "P12_005": "‐", "P12_006": "長浜市木之本町木之本944", "P12_007": 2 }, "geometry": { "type": "Polygon", "coordinates": [ [ [ 136.225640638965814, 35.506107610993823 ], [ 136.225652416968956, 35.506094721924271 ], [ 136.225938139049816, 35.50620041707122 ], [ 136.225922444076531, 35.506226194140929 ], [ 136.226082028047443, 35.506278999829739 ], [ 136.226172111067058, 35.506111471868657 ], [ 136.226030250109659, 35.506060222150545 ], [ 136.226014555917885, 35.506076332952787 ], [ 136.225979083058718, 35.506060333011227 ], [ 136.225986889124897, 35.506041000119829 ], [ 136.225931722002343, 35.506026611044618 ], [ 136.225949360872363, 35.505994389083675 ], [ 136.225894194010323, 35.50597036083235 ], [ 136.225870639046093, 35.50599936106061 ], [ 136.225734693922362, 35.505957777966429 ], [ 136.225754277991683, 35.505917499891432 ], [ 136.225537499900014, 35.505835805904439 ], [ 136.225504193930846, 35.505888971979594 ], [ 136.225472666958012, 35.505879389124992 ], [ 136.225423693889724, 35.50595511089363 ], [ 136.22545127810227, 35.505967943998137 ], [ 136.225416000101688, 35.506027556033928 ], [ 136.225640638965814, 35.506107610993823 ] ] ] } },
{ "type": "Feature", "properties": { "P12_001": 10155, "P12_002": "黒田観音寺", "P12_003": "25", "P12_004": "25203", "P12_005": "‐", "P12_006": "長浜市木之本町黒田", "P12_007": 2 }, "geometry": { "type": "Polygon", "coordinates": [ [ [ 136.208550693902822, 35.513270916899032 ], [ 136.208552389016205, 35.513370500093259 ], [ 136.208633361094428, 35.513370361071821 ], [ 136.208633111008538, 35.513270166896199 ], [ 136.208550693902822, 35.513270916899032 ] ] ] } },
{ "type": "Feature", "properties": { "P12_001": 10166, "P12_002": "和蔵堂", "P12_003": "25", "P12_004": "25203", "P12_005": "‐", "P12_006": "長浜市西浅井町山門964", "P12_007": 2 }, "geometry": { "type": "Polygon", "coordinates": [ [ [ 136.121663325133397, 35.520776397336924 ], [ 136.121803813744521, 35.520752898792928 ], [ 136.121757047163129, 35.520642508286052 ], [ 136.121640563931351, 35.520682675143902 ], [ 136.121663325133397, 35.520776397336924 ] ] ] } },
{ "type": "Feature", "properties": { "P12_001": 10395, "P12_002": "日吉神社", "P12_003": "25", "P12_004": "25212", "P12_005": "‐", "P12_006": "高島市勝野", "P12_007": 2 }, "geometry": { "type": "Polygon", "coordinates": [ [ [ 136.004653694081753, 35.292252694075678 ], [ 136.004750666967453, 35.292258833119753 ], [ 136.004754972091774, 35.292213306094339 ], [ 136.004657889011952, 35.292207194141618 ], [ 136.004653694081753, 35.292252694075678 ] ] ] } },
{ "type": "Feature", "properties": { "P12_001": 10256, "P12_002": "大池寺", "P12_003": "25", "P12_004": "25209", "P12_005": "‐", "P12_006": "甲賀市水口町名坂1168", "P12_007": 1 }, "geometry": { "type": "Polygon", "coordinates": [ [ [ 136.171856528085812, 34.984051582846071 ], [ 136.171910305929174, 34.984052221988215 ], [ 136.171910888941909, 34.984014999889581 ], [ 136.171948888971002, 34.984015389149604 ], [ 136.171950443932104, 34.983923611117909 ], [ 136.171887250094699, 34.983922888919366 ], [ 136.171887639030331, 34.983899806013817 ], [ 136.172001111071779, 34.983901194089398 ], [ 136.172001138945916, 34.98391002801057 ], [ 136.172062916932532, 34.983909028125616 ], [ 136.172062833049552, 34.983872693981851 ], [ 136.172096693896776, 34.983872471904014 ], [ 136.172097722114472, 34.983900861150879 ], [ 136.172179777898208, 34.983898861024507 ], [ 136.172176750035447, 34.9838190830381 ], [ 136.172283750062604, 34.98381694389029 ], [ 136.172282582995166, 34.983776111155407 ], [ 136.17217536101677, 34.983778249946745 ], [ 136.172174667028457, 34.983760055961739 ], [ 136.172010917043508, 34.98376413891441 ], [ 136.172010610948803, 34.983779306153203 ], [ 136.171936360970733, 34.983778417128939 ], [ 136.171936166893659, 34.983790027914196 ], [ 136.171847000074138, 34.983788999868487 ], [ 136.171846693979433, 34.983808638963517 ], [ 136.171763471909742, 34.983807583113524 ], [ 136.171765138888475, 34.98393208287041 ], [ 136.17176549994997, 34.983950555967688 ], [ 136.171854667030033, 34.983949361096258 ], [ 136.17185538889251, 34.983983166832189 ], [ 136.171837443927785, 34.983983361105736 ], [ 136.171838416918177, 34.984032139093991 ], [ 136.171856806045867, 34.984031832890366 ], [ 136.171856528085812, 34.984051582846071 ] ] ] } },
{ "type": "Feature", "properties": { "P12_001": 10001, "P12_002": "日吉大社", "P12_003": "25", "P12_004": "25201", "P12_005": "神社・寺院・教会", "P12_006": "大津市坂本5-1-1", "P12_007": 2 }, "geometry": { "type": "Polygon", "coordinates": [ [ [ 135.864879693998517, 35.073479416867443 ], [ 135.865061889119971, 35.073501278166667 ], [ 135.865080388962781, 35.073397444124652 ], [ 135.865023582996145, 35.073390611042782 ], [ 135.865027583067786, 35.073367722054314 ], [ 135.864953139012641, 35.073358806146146 ], [ 135.864948499919478, 35.073384943958658 ], [ 135.864897527987637, 35.073378833075331 ], [ 135.864879693998517, 35.073479416867443 ] ] ] } },
{ "type": "Feature", "properties": { "P12_001": 10330, "P12_002": "県立近江富士花緑公園", "P12_003": "25", "P12_004": "25210", "P12_005": "‐", "P12_006": "野洲市三上517", "P12_007": 4 }, "geometry": { "type": "Polygon", "coordinates": [ [ [ 136.045691594330435, 35.050158715508324 ], [ 136.045602110995929, 35.049334278105384 ], [ 136.045172810701246, 35.049134197027158 ], [ 136.044710397211901, 35.049065100877634 ], [ 136.044375546280037, 35.04892159332563 ], [ 136.04408853078624, 35.048905647923256 ], [ 136.044035379981125, 35.049580665442001 ], [ 136.043700528788747, 35.049809214545903 ], [ 136.043275321045343, 35.049899570994292 ], [ 136.042834167721765, 35.050356669558568 ], [ 136.042584358234365, 35.050888179168844 ], [ 136.042090054105671, 35.051100783226836 ], [ 136.04173394248707, 35.051334647583687 ], [ 136.041749887806759, 35.05157914208997 ], [ 136.041452242360322, 35.051972459401199 ], [ 136.041324680063354, 35.052450817907868 ], [ 136.041255583678037, 35.052876026023846 ], [ 136.041027034616917, 35.053264028082125 ], [ 136.041112076061381, 35.054257951153161 ], [ 136.041611695296666, 35.054433349509921 ], [ 136.041930601169327, 35.054592802464299 ], [ 136.042285012203934, 35.054835725315407 ], [ 136.04173394248707, 35.054964859476669 ], [ 136.041707689981848, 35.055377150005882 ], [ 136.041598890117854, 35.055427169918971 ], [ 136.041574709938914, 35.055517209826242 ], [ 136.041610979946825, 35.055617250008886 ], [ 136.041635160125765, 35.056617650053035 ], [ 136.041743950090535, 35.056777710067685 ], [ 136.041925280071126, 35.056987799976454 ], [ 136.042807750055658, 35.057688079829127 ], [ 136.043061609892334, 35.057988200020603 ], [ 136.042650599993522, 35.059028620058925 ], [ 136.042638509904037, 35.059298730156165 ], [ 136.042650599993522, 35.059558829997002 ], [ 136.042783569876718, 35.059818940175326 ], [ 136.043109960090504, 35.060139069829198 ], [ 136.044040789911918, 35.060529219946915 ], [ 136.044318820028309, 35.06103943004716 ], [ 136.044434356841322, 35.062517686338474 ], [ 136.045420332944786, 35.062294694170937 ], [ 136.047153758184834, 35.061669498727085 ], [ 136.048244042766129, 35.061204054599003 ], [ 136.047633701131645, 35.059360444980314 ], [ 136.04713408189636, 35.057872217643762 ], [ 136.046645092874229, 35.057340708033486 ], [ 136.046464379511633, 35.056415881111974 ], [ 136.046039171768228, 35.055852480696942 ], [ 136.04508245415019, 35.055533574788186 ], [ 136.044625355767437, 35.05507647622391 ], [ 136.044657246406786, 35.054502445659445 ], [ 136.044476533044218, 35.053907154796121 ], [ 136.044582834914934, 35.0530142183229 ], [ 136.04508245415019, 35.052482708712617 ], [ 136.045752156534917, 35.051844896895112 ], [ 136.045858458405661, 35.051387798687301 ], [ 136.045730698645031, 35.050446749389934 ], [ 136.045722721686843, 35.050445502118123 ], [ 136.045691594330435, 35.050158715508324 ] ] ] } },
{ "type": "Feature", "properties": { "P12_001": 10450, "P12_002": "希望が丘文化公園", "P12_003": "25", "P12_004": "25384", "P12_005": "‐", "P12_006": "竜王町薬師1178", "P12_007": 4 }, "geometry": { "type": "Polygon", "coordinates": [ [ [ 136.048244042766129, 35.061204054599003 ], [ 136.048302667065542, 35.061179027888592 ], [ 136.048971521502807, 35.060441711299198 ], [ 136.049417989672463, 35.060388560195584 ], [ 136.050029225884998, 35.06056927344882 ], [ 136.050667037630376, 35.06099448120834 ], [ 136.051209177718135, 35.060739356552631 ], [ 136.05163438546154, 35.060633054701867 ], [ 136.051910770481726, 35.060888179357576 ], [ 136.052335978485615, 35.060739356552631 ], [ 136.052654884358304, 35.060951960610623 ], [ 136.053080092101709, 35.061164564312143 ], [ 136.053547820697617, 35.061164564312143 ], [ 136.053654122568332, 35.061632293025852 ], [ 136.053930507588518, 35.061770485681365 ], [ 136.054323824953059, 35.061377168370136 ], [ 136.054749032696463, 35.060888179357576 ], [ 136.054887225206556, 35.06028225834482 ], [ 136.055599448443786, 35.06021847709178 ], [ 136.056173478910409, 35.060112175241017 ], [ 136.056524275422447, 35.05979326933226 ], [ 136.056875071934485, 35.059580665274268 ], [ 136.057300279677889, 35.06028225834482 ], [ 136.057587294911201, 35.060888179357576 ], [ 136.057661706403081, 35.061387798519569 ], [ 136.057300279677889, 35.061876787532128 ], [ 136.057098586975172, 35.063112957596211 ], [ 136.055960874908436, 35.063545728121909 ], [ 136.053834835930928, 35.063301233615633 ], [ 136.052665514310917, 35.063088629914105 ], [ 136.052272197206889, 35.063939045433138 ], [ 136.053622231928955, 35.064396143997413 ], [ 136.054398236184426, 35.065491054022729 ], [ 136.055185035813878, 35.065288490877151 ], [ 136.054993527337786, 35.06638399049595 ], [ 136.054855334827693, 35.066841088703761 ], [ 136.05541873508119, 35.067872217832495 ], [ 136.055918354316447, 35.067553311923739 ], [ 136.056237260189135, 35.066596594197478 ], [ 136.056736879424392, 35.065597355873493 ], [ 136.057193977807174, 35.065065846263209 ], [ 136.058118804785835, 35.06474694035446 ], [ 136.05871670985772, 35.064560772826837 ], [ 136.059019713915234, 35.064348308146748 ], [ 136.059460866978327, 35.06443866459513 ], [ 136.059936568103808, 35.065071161159693 ], [ 136.060292679722437, 35.065283765217686 ], [ 136.060861395082497, 35.06525187441293 ], [ 136.061212191594535, 35.064932968860646 ], [ 136.061501645425722, 35.064541454550515 ], [ 136.062062607341858, 35.064523706147035 ], [ 136.062525020831174, 35.064401458893897 ], [ 136.062830011247939, 35.063983153726966 ], [ 136.063460478022961, 35.063885894329523 ], [ 136.06408234444865, 35.064024086985043 ], [ 136.064789252318803, 35.063726441375152 ], [ 136.065645798556858, 35.063144736827354 ], [ 136.067154470831099, 35.062674052304018 ], [ 136.067685980705733, 35.062461448246026 ], [ 136.068536396192542, 35.062355146395262 ], [ 136.068749000194487, 35.062812244603066 ], [ 136.069748238665028, 35.062918546810295 ], [ 136.070556133559847, 35.063375645018105 ], [ 136.071087643173968, 35.063237452719051 ], [ 136.072256964793951, 35.063056739109349 ], [ 136.072894776539329, 35.062918546810295 ], [ 136.073426286153449, 35.063418165972287 ], [ 136.073745192026138, 35.064162279640563 ], [ 136.074701909644176, 35.06437488334209 ], [ 136.075658627262214, 35.06422606089361 ], [ 136.076721646750968, 35.063843373731807 ], [ 136.07803979109417, 35.063343754569814 ], [ 136.078722000117693, 35.062924000015286 ], [ 136.078784000055492, 35.062403999954142 ], [ 136.07864600005945, 35.061784999875869 ], [ 136.079083999956339, 35.061307999858172 ], [ 136.079616999926031, 35.060975999912365 ], [ 136.079597295502907, 35.060391302126085 ], [ 136.079265999958693, 35.059354000089073 ], [ 136.078166880051498, 35.055027009901309 ], [ 136.076909669915551, 35.05265604990857 ], [ 136.076631629899907, 35.051765689965983 ], [ 136.078928460082579, 35.049954969967608 ], [ 136.079593339977833, 35.050455170167908 ], [ 136.081914350078904, 35.050485179905678 ], [ 136.083062760090371, 35.050945360111811 ], [ 136.083606750032146, 35.050975379830611 ], [ 136.084126560055495, 35.050875340004424 ], [ 136.084622189899903, 35.050305110072173 ], [ 136.08506947006714, 35.049774890153067 ], [ 136.085891490125334, 35.049234679939616 ], [ 136.086882759973861, 35.048044200162018 ], [ 136.088285039981741, 35.045593210161947 ], [ 136.088385620095835, 35.044936749866274 ], [ 136.083570480024235, 35.044962950060196 ], [ 136.081019790004916, 35.04472286003822 ], [ 136.079995000051156, 35.044010000171347 ], [ 136.079233999906762, 35.045160000114628 ], [ 136.078985000072436, 35.045381999882977 ], [ 136.078854999959105, 35.045666999889072 ], [ 136.078914999991355, 35.045923999908325 ], [ 136.079249999932728, 35.046428999912862 ], [ 136.079151999871328, 35.046710999907631 ], [ 136.078449000114148, 35.047088000023258 ], [ 136.07820599999647, 35.0474310001294 ], [ 136.078122999878047, 35.047953999845397 ], [ 136.07759761111592, 35.048108028112004 ], [ 136.076554221285051, 35.048907948906276 ], [ 136.075081939112039, 35.048870743205036 ], [ 136.072939954814842, 35.048477426250273 ], [ 136.071090300857492, 35.048408329744284 ], [ 136.069782694508234, 35.048947284843685 ], [ 136.066211270094584, 35.050925359917514 ], [ 136.065667279892295, 35.051425560117821 ], [ 136.06512328995052, 35.051755690047067 ], [ 136.063999049958284, 35.051985780150133 ], [ 136.063600129888414, 35.052115840051577 ], [ 136.063310000043799, 35.052566019982329 ], [ 136.062838550117846, 35.052956170100046 ], [ 136.062173680121816, 35.053106229839322 ], [ 136.060710960086823, 35.053146249833496 ], [ 136.059078999900208, 35.052866140173805 ], [ 136.057870139962404, 35.052435960080885 ], [ 136.056238180036274, 35.051815719860102 ], [ 136.054001789880743, 35.051935759880578 ], [ 136.052140139876656, 35.05125548984676 ], [ 136.051499450059566, 35.050945360111811 ], [ 136.051330209907945, 35.050315109991089 ], [ 136.050694029972988, 35.050115599970148 ], [ 136.049698249981816, 35.050004989880698 ], [ 136.048997109977904, 35.050024990074988 ], [ 136.047679449915563, 35.050505190081005 ], [ 136.047256349927267, 35.050685259914509 ], [ 136.045730698645031, 35.050446749389934 ], [ 136.045858458405661, 35.051387798687301 ], [ 136.045752156534917, 35.051844896895112 ], [ 136.04508245415019, 35.052482708712617 ], [ 136.044582834914934, 35.0530142183229 ], [ 136.044476533044218, 35.053907154796121 ], [ 136.044657246406786, 35.054502445659445 ], [ 136.044625355767437, 35.05507647622391 ], [ 136.04508245415019, 35.055533574788186 ], [ 136.046039171768228, 35.055852480696942 ], [ 136.046464379511633, 35.056415881111974 ], [ 136.046645092874229, 35.057340708033486 ], [ 136.04713408189636, 35.057872217643762 ], [ 136.047633701131645, 35.059360444980314 ], [ 136.048244042766129, 35.061204054599003 ] ] ] } },
{ "type": "Feature", "properties": { "P12_001": 10482, "P12_002": "高取山ふれあい公園", "P12_003": "25", "P12_004": "25443", "P12_005": "‐", "P12_006": "多賀町藤瀬1090", "P12_007": 4 }, "geometry": { "type": "Polygon", "coordinates": [ [ [ 136.293821024276724, 35.174943719076104 ], [ 136.293581844741965, 35.175438022985148 ], [ 136.293433022018746, 35.175927011997707 ], [ 136.293396313839509, 35.176113300010577 ], [ 136.293502118404035, 35.176394740711409 ], [ 136.293627023017478, 35.176804003068554 ], [ 136.293634995807565, 35.176963456022925 ], [ 136.29409740929691, 35.17708570327607 ], [ 136.294682069976659, 35.177032552528921 ], [ 136.295043496701823, 35.177271731782255 ], [ 136.295442128912413, 35.177378033633019 ], [ 136.295859364126244, 35.177494965989673 ], [ 136.296398846530451, 35.177715542392392 ], [ 136.296781533681866, 35.177920173749193 ], [ 136.296994137423326, 35.177750090645382 ], [ 136.297196111212145, 35.177431184736633 ], [ 136.297235360889175, 35.177291472113403 ], [ 136.297055261018528, 35.176713646620165 ], [ 136.297073864021741, 35.176368165159602 ], [ 136.297108412084128, 35.1759004364459 ], [ 136.297188138682571, 35.175570900387719 ], [ 136.297259892490899, 35.175244022134237 ], [ 136.297188138682571, 35.17489056797249 ], [ 136.296994137423326, 35.174640758569723 ], [ 136.296789506211468, 35.17452648366131 ], [ 136.296125118933304, 35.174481305615345 ], [ 136.295381005317211, 35.174438784661163 ], [ 136.294708645509445, 35.174348428212774 ], [ 136.294317985828457, 35.174420181810547 ], [ 136.294105381826483, 35.174624813167348 ], [ 136.293821024276724, 35.174943719076104 ] ] ] } },
{ "type": "Feature", "properties": { "P12_001": 10365, "P12_002": "貫川内湖", "P12_003": "25", "P12_004": "25212", "P12_005": "‐", "P12_006": "高島市今津町桂", "P12_007": 4 }, "geometry": { "type": "Polygon", "coordinates": [ [ [ 136.041189138984635, 35.428324360838708 ], [ 136.040715193930964, 35.428262110960262 ], [ 136.040284194094284, 35.42820294414954 ], [ 136.040232861100947, 35.428160972151794 ], [ 136.040208722081957, 35.428190638970023 ], [ 136.040260056117319, 35.428232610967761 ], [ 136.04024197204231, 35.428254861170551 ], [ 136.040235943930469, 35.428267221958635 ], [ 136.040232943941902, 35.428356167161205 ], [ 136.040236944013515, 35.428815778092371 ], [ 136.040233971899085, 35.428870139038956 ], [ 136.040010582943353, 35.428922110955611 ], [ 136.039790972108051, 35.428956777911523 ], [ 136.039510222047141, 35.429008749828178 ], [ 136.039483055946931, 35.429008777988933 ], [ 136.039434750034843, 35.428991471958796 ], [ 136.039404556071872, 35.428981611061317 ], [ 136.039356249899271, 35.428976693980026 ], [ 136.039286805998785, 35.42898411095193 ], [ 136.039259639117063, 35.428981667026356 ], [ 136.039232471974827, 35.428974250054452 ], [ 136.039153943965118, 35.428934750143036 ], [ 136.039076194087215, 35.428895222070871 ], [ 136.039012778038057, 35.428868082947545 ], [ 136.038951194128515, 35.428850111040369 ], [ 136.038901694056307, 35.428961583062737 ], [ 136.038876000076243, 35.428954583155146 ], [ 136.038924556074249, 35.428839833078584 ], [ 136.038750082875481, 35.428811332971037 ], [ 136.038725944117004, 35.428801443912803 ], [ 136.038668555919202, 35.42877180596826 ], [ 136.038629305981686, 35.428761944001387 ], [ 136.038402861028544, 35.428737305838069 ], [ 136.038258721945027, 35.4287225278593 ], [ 136.038243611026473, 35.4287225278593 ], [ 136.038225500119353, 35.428732416917533 ], [ 136.03820738895169, 35.428749721878269 ], [ 136.038183249932729, 35.428757138850173 ], [ 136.038162110902334, 35.428747277952702 ], [ 136.038134944020612, 35.428759639097251 ], [ 136.038134971894777, 35.428781861139285 ], [ 136.038101750069075, 35.428811527957514 ], [ 136.038089694105906, 35.428828832918249 ], [ 136.038074611061518, 35.428853555920291 ], [ 136.038032443976334, 35.429058667079289 ], [ 136.038014333069214, 35.429066082981798 ], [ 136.03797236110313, 35.429063527839077 ], [ 136.037942471932354, 35.429238833158408 ], [ 136.037981306102097, 35.429244582942459 ], [ 136.038009139097994, 35.429234111063586 ], [ 136.038021194019137, 35.429236583149915 ], [ 136.038024221881869, 35.429251388932968 ], [ 136.037979056110657, 35.429476277851961 ], [ 136.03798283292852, 35.429491082922091 ], [ 136.037994917026339, 35.429505916865899 ], [ 136.03800700008216, 35.429528167068682 ], [ 136.038004000093565, 35.429545443868669 ], [ 136.037964749895536, 35.429585000101589 ], [ 136.037934083113953, 35.429582611071666 ], [ 136.03789552794629, 35.429617694022497 ], [ 136.037959806010207, 35.429666721892872 ], [ 136.03799833304322, 35.429628166970758 ], [ 136.037994971993157, 35.429607222143623 ], [ 136.038019111012119, 35.429584971940841 ], [ 136.038034194056507, 35.429580028124654 ], [ 136.038055333086902, 35.42957261115275 ], [ 136.038076443982646, 35.42955036094996 ], [ 136.038121722032002, 35.429515749959087 ], [ 136.038145861050992, 35.429500917084674 ], [ 136.038157944106786, 35.429500917084674 ], [ 136.038170027944119, 35.4295108061429 ], [ 136.038185139123186, 35.429540444087444 ], [ 136.038185139123186, 35.429560221847439 ], [ 136.038170056078769, 35.429584917045197 ], [ 136.038154971992356, 35.429597305994037 ], [ 136.038154971992356, 35.429602222005933 ], [ 136.038167056090202, 35.429619528036071 ], [ 136.038167056090202, 35.429624471852257 ], [ 136.038127832984799, 35.429668971901357 ], [ 136.038124805903578, 35.42968130595456 ], [ 136.038127832984799, 35.429693667099116 ], [ 136.038278860892405, 35.429804832917853 ], [ 136.038459138949236, 35.429936721842353 ], [ 136.038548388870254, 35.429847332840588 ], [ 136.038533805997616, 35.429834805939706 ], [ 136.038555194071876, 35.429813778056172 ], [ 136.03860158291937, 35.429842083177242 ], [ 136.038580332913369, 35.429864721927117 ], [ 136.038561166956413, 35.429854277852534 ], [ 136.03846930598246, 35.429948222123393 ], [ 136.038796028081066, 35.430185194144066 ], [ 136.038820193932168, 35.430192582955222 ], [ 136.038844361085808, 35.430192582955222 ], [ 136.038874527956125, 35.430180222167131 ], [ 136.038892639123759, 35.430157971964341 ], [ 136.038910583046459, 35.429779888907369 ], [ 136.038929278008339, 35.429441361013922 ], [ 136.03893530612018, 35.429431500116443 ], [ 136.038947388915489, 35.429431471955695 ], [ 136.038953417027329, 35.429436416841277 ], [ 136.03895644410855, 35.429441361013922 ], [ 136.03893552807142, 35.429910861003322 ], [ 136.038924333081013, 35.430182667162093 ], [ 136.038933416929751, 35.430199972122836 ], [ 136.03894849997414, 35.430212332910926 ], [ 136.038978693937082, 35.430214777905896 ], [ 136.039027000109712, 35.43019994396208 ], [ 136.039084360954377, 35.430185082926918 ], [ 136.039135667115573, 35.430175193868685 ], [ 136.039206943937188, 35.430170416878227 ], [ 136.03927152809581, 35.430157861103659 ], [ 136.039304722047348, 35.430150417040394 ], [ 136.039343971984863, 35.430147943884677 ], [ 136.039455693946138, 35.430160277937873 ], [ 136.0395070279815, 35.430167667105493 ], [ 136.039558360974837, 35.430187417061198 ], [ 136.039606666886925, 35.430221999891323 ], [ 136.03964669391425, 35.430254110991584 ], [ 136.039664832956049, 35.430293639063756 ], [ 136.039679917042463, 35.430310916933138 ], [ 136.039707111016838, 35.430335611061494 ], [ 136.039722221935392, 35.430367749966045 ], [ 136.039719221946797, 35.430402333152628 ], [ 136.039767528119427, 35.43042208310834 ], [ 136.039773555970754, 35.43039983290555 ], [ 136.039791666877875, 35.430367722161755 ], [ 136.039833917064499, 35.430325693842512 ], [ 136.039975749887248, 35.430216917053698 ], [ 136.040005917018078, 35.430179861067856 ], [ 136.040054194014004, 35.430115582902289 ], [ 136.040198999993208, 35.429898083150917 ], [ 136.040223889009326, 35.429868444136986 ], [ 136.040251055891048, 35.429848667089921 ], [ 136.040275194128526, 35.42984125011801 ], [ 136.040308416996226, 35.429836278141075 ], [ 136.040335583096436, 35.429836278141075 ], [ 136.04035672212683, 35.429838722066648 ], [ 136.040380860885307, 35.429846139038553 ], [ 136.0403929439411, 35.429846139038553 ], [ 136.040414082971495, 35.429838722066648 ], [ 136.040423138946068, 35.429833777893997 ], [ 136.040435194127724, 35.429828833008415 ], [ 136.040459306054061, 35.429833388990438 ], [ 136.04048069412832, 35.429792499934045 ], [ 136.040464611000885, 35.429774443901081 ], [ 136.040449500082332, 35.429744805956538 ], [ 136.040449500082332, 35.429722582845109 ], [ 136.040456277930815, 35.429705277884374 ], [ 136.040483416938372, 35.429673138979823 ], [ 136.040498528117439, 35.429655832949685 ], [ 136.040504555968766, 35.429638527988949 ], [ 136.040501528106034, 35.429613833147656 ], [ 136.040507555957362, 35.429598999916777 ], [ 136.040543749897495, 35.429544611165909 ], [ 136.040740583118861, 35.429220860894766 ], [ 136.041012806032626, 35.428768583166175 ], [ 136.041189222086103, 35.428495166853985 ], [ 136.041274667054552, 35.428350444112041 ], [ 136.041273360876829, 35.428345221896514 ], [ 136.041262944018229, 35.428337916854694 ], [ 136.041189138984635, 35.428324360838708 ] ] ] } },
{ "type": "Feature", "properties": { "P12_001": 10367, "P12_002": "今津浜・浜分沼", "P12_003": "25", "P12_004": "25212", "P12_005": "‐", "P12_006": "高島市今津町浜分", "P12_007": 4 }, "geometry": { "type": "Polygon", "coordinates": [ [ [ 136.045104861063919, 35.421730750167917 ], [ 136.045143693931124, 35.42157730614781 ], [ 136.04517630591198, 35.421364194126873 ], [ 136.045178555903419, 35.421357500066442 ], [ 136.045191167005157, 35.421342888913394 ], [ 136.045194889116743, 35.421334972177249 ], [ 136.045195610979221, 35.421310000006017 ], [ 136.045197110973504, 35.4213020829134 ], [ 136.045201555989593, 35.42129477787158 ], [ 136.045210472072398, 35.421288694079607 ], [ 136.045235750024176, 35.421277111098632 ], [ 136.045240972130046, 35.421271028019596 ], [ 136.045242443989679, 35.421263110926979 ], [ 136.045240221872376, 35.421250916964617 ], [ 136.045232750035581, 35.421224138940566 ], [ 136.045227527929711, 35.42118336110132 ], [ 136.045227500055546, 35.421130999924642 ], [ 136.045235610913892, 35.421013471914598 ], [ 136.045237083034039, 35.420976332872357 ], [ 136.045233360922452, 35.42096050011299 ], [ 136.045225916959794, 35.420941027843689 ], [ 136.045222916971198, 35.420923388875039 ], [ 136.045225889085629, 35.420903889157913 ], [ 136.045240722044156, 35.42085213896263 ], [ 136.045245167060244, 35.420825333134289 ], [ 136.045248806070362, 35.420635999839014 ], [ 136.045253221909775, 35.420562916982433 ], [ 136.045259166920147, 35.420532472000623 ], [ 136.045266555916015, 35.420497166971955 ], [ 136.045269528030445, 35.420476472026941 ], [ 136.045265749910044, 35.420374193955624 ], [ 136.045270917049123, 35.420318166890588 ], [ 136.045274638900196, 35.420312083098615 ], [ 136.04529769395316, 35.420295639001388 ], [ 136.04530363896356, 35.420288943871562 ], [ 136.045304388960687, 35.420279805885556 ], [ 136.045301417106771, 35.4202725001308 ], [ 136.045279082874259, 35.420253027861506 ], [ 136.045274611026031, 35.420246916978179 ], [ 136.045323499950882, 35.419896832838653 ], [ 136.045322722079561, 35.419848111171902 ], [ 136.045318999968003, 35.419829249883996 ], [ 136.045313805996784, 35.419819499847208 ], [ 136.045303361003505, 35.419812194092451 ], [ 136.045286278053567, 35.419811610915346 ], [ 136.045278833048883, 35.41981463908742 ], [ 136.045263971955706, 35.419826222068387 ], [ 136.045256527993047, 35.419829278044752 ], [ 136.045249082988391, 35.419830500007535 ], [ 136.045241639025733, 35.419832943933109 ], [ 136.045227527929711, 35.419840250044331 ], [ 136.045219332927871, 35.419843917002083 ], [ 136.045201499980777, 35.419846333123367 ], [ 136.045144221977068, 35.419848193871836 ], [ 136.045124889035662, 35.419851860829588 ], [ 136.045029694104272, 35.419898167087979 ], [ 136.044988056107059, 35.419910361050349 ], [ 136.044928583078701, 35.419920111087137 ], [ 136.044849721881633, 35.419926221970464 ], [ 136.044825943924138, 35.419928666965433 ], [ 136.044802138874019, 35.419939638965012 ], [ 136.044764971943522, 35.419971305909606 ], [ 136.044727806055022, 35.420001777982776 ], [ 136.044675749896669, 35.42004197193198 ], [ 136.044631139003513, 35.420079750116365 ], [ 136.044607361046019, 35.420102888986953 ], [ 136.044536000080939, 35.420189361033799 ], [ 136.044492888921553, 35.42024294417326 ], [ 136.044461667001428, 35.42029288887219 ], [ 136.044415611080751, 35.420379360919036 ], [ 136.044394806019227, 35.420406167103842 ], [ 136.044368028073137, 35.420432971862787 ], [ 136.044350194084018, 35.420445139090262 ], [ 136.044304111070716, 35.420509693872845 ], [ 136.044299667096652, 35.420526750020855 ], [ 136.044296693940197, 35.420546250094439 ], [ 136.044293805969232, 35.420676528152605 ], [ 136.044280471962992, 35.420814139056873 ], [ 136.044280527971807, 35.420879889067351 ], [ 136.044286471940183, 35.420913972133228 ], [ 136.044299889047863, 35.420963916832157 ], [ 136.044325221966432, 35.421024777922092 ], [ 136.044393722053201, 35.421157472101534 ], [ 136.044416056025227, 35.421208610958963 ], [ 136.044441388943795, 35.421298693998523 ], [ 136.044441417078446, 35.421321832869111 ], [ 136.044429528099698, 35.421348639053917 ], [ 136.044407222001865, 35.421369332929537 ], [ 136.044389389054743, 35.421387611040338 ], [ 136.044373027967282, 35.421408333076705 ], [ 136.044356666879821, 35.421415638831462 ], [ 136.04433733289639, 35.421415638831462 ], [ 136.044320972069443, 35.421412000034465 ], [ 136.044298667013607, 35.421412000034465 ], [ 136.044274860921462, 35.421413221997248 ], [ 136.044246582981117, 35.421416888955001 ], [ 136.044265944057173, 35.421455860941421 ], [ 136.044295694117665, 35.421453417015847 ], [ 136.044323972058038, 35.421454611174347 ], [ 136.044341806047157, 35.421459471934135 ], [ 136.044395416906099, 35.42151061114803 ], [ 136.044419221956218, 35.421536166852832 ], [ 136.04444599990228, 35.421558083047699 ], [ 136.04445938887531, 35.421572693844283 ], [ 136.044465360978336, 35.421595805979976 ], [ 136.044465389112986, 35.421621389132603 ], [ 136.044452444042406, 35.421709166911562 ], [ 136.044448082909298, 35.421730971889282 ], [ 136.0443326109623, 35.422122639122989 ], [ 136.044323721972148, 35.422190833059041 ], [ 136.044323750106798, 35.422208499831981 ], [ 136.044328944078018, 35.422222500003635 ], [ 136.044334166965399, 35.422237111156676 ], [ 136.044339389071297, 35.4222797219401 ], [ 136.044347583031083, 35.422310166921903 ], [ 136.044352805918464, 35.42232661101913 ], [ 136.044354305912776, 35.422360083103619 ], [ 136.044357305901372, 35.422375916932381 ], [ 136.044365500121671, 35.422400889103614 ], [ 136.044370721967027, 35.422450193947462 ], [ 136.044380416963151, 35.422492806156747 ], [ 136.044390860914376, 35.422524472031945 ], [ 136.044394583025962, 35.422542721981991 ], [ 136.04439830591906, 35.422556722153644 ], [ 136.044409471993305, 35.422568889024653 ], [ 136.044427333075049, 35.422576806117263 ], [ 136.044453361023983, 35.422581055895662 ], [ 136.044498000051817, 35.422583472016946 ], [ 136.044514360878765, 35.422587138974698 ], [ 136.044524028000751, 35.422593222053742 ], [ 136.044534444077811, 35.42260416696196 ], [ 136.044541889082495, 35.422619389096397 ], [ 136.044544889071091, 35.422640693953412 ], [ 136.044546389065374, 35.422654694125065 ], [ 136.044555305929691, 35.422665666837574 ], [ 136.044573917008591, 35.422673556125901 ], [ 136.044594749944281, 35.422677193853509 ], [ 136.044619277898903, 35.422677805904293 ], [ 136.044730111013251, 35.422670443828032 ], [ 136.044754638967873, 35.422671666860218 ], [ 136.044771027929499, 35.422676527976471 ], [ 136.044786639019833, 35.422687472171759 ], [ 136.044798555872717, 35.422700861005552 ], [ 136.04481641695449, 35.42273497187572 ], [ 136.044831305921804, 35.422755667177199 ], [ 136.044856610966235, 35.422778777887039 ], [ 136.044896806020006, 35.422800694081907 ], [ 136.044897527882483, 35.422750166918803 ], [ 136.044875193910485, 35.422734944071436 ], [ 136.04486252810247, 35.422719721936993 ], [ 136.044855083097787, 35.422702693949738 ], [ 136.044834972024574, 35.422631444037329 ], [ 136.044817805973167, 35.422551082873809 ], [ 136.044816305978884, 35.422523082886968 ], [ 136.044818528096158, 35.422515777845142 ], [ 136.044894360909467, 35.422452443955954 ], [ 136.044901805914151, 35.422442082937771 ], [ 136.044921110981392, 35.422383610877766 ], [ 136.044924806000324, 35.422359888830073 ], [ 136.044924806000324, 35.422341611075737 ], [ 136.04492033311007, 35.4223263889413 ], [ 136.044912888886927, 35.422308138991248 ], [ 136.044909167035854, 35.422291082843238 ], [ 136.044910638895487, 35.422277694009445 ], [ 136.044918056026006, 35.422258805986644 ], [ 136.044956694034624, 35.422193028171883 ], [ 136.045002028092824, 35.422106582859932 ], [ 136.045007222064015, 35.422085860823557 ], [ 136.045007193929365, 35.42204325004014 ], [ 136.045010917082976, 35.422010972114151 ], [ 136.045018332910956, 35.421986028103667 ], [ 136.045029471892548, 35.421959832900257 ], [ 136.045043582988569, 35.421938528043242 ], [ 136.045059194078902, 35.421919027969658 ], [ 136.045066639083586, 35.421903194140896 ], [ 136.045085917058174, 35.421825861149451 ], [ 136.045094832880466, 35.421787500144426 ], [ 136.045104861063919, 35.421730750167917 ] ] ] } },
{ "type": "Feature", "properties": { "P12_001": 10392, "P12_002": "乙女ヶ池", "P12_003": "25", "P12_004": "25212", "P12_005": "‐", "P12_006": "高島市勝野", "P12_007": 1 }, "geometry": { "type": "Polygon", "coordinates": [ [ [ 136.01408911095092, 35.288470555991516 ], [ 136.01411044405836, 35.288534193945537 ], [ 136.014116278093127, 35.288559361103246 ], [ 136.014095500124228, 35.288644082905847 ], [ 136.014093111022532, 35.288715583056842 ], [ 136.014114332893854, 35.288777499996769 ], [ 136.014128527872856, 35.288806443903518 ], [ 136.014133250067488, 35.288870250109127 ], [ 136.014133277941625, 35.28893597195885 ], [ 136.014147360902996, 35.288972749901816 ], [ 136.014165056042344, 35.2889891391034 ], [ 136.014245222114624, 35.289041333097884 ], [ 136.014312388931017, 35.289094499885969 ], [ 136.014342972090105, 35.28912930586332 ], [ 136.014357167069107, 35.289173749947388 ], [ 136.014357167069107, 35.289206638854765 ], [ 136.014355972127504, 35.289271361175999 ], [ 136.014360694061594, 35.289298416886467 ], [ 136.014386638909087, 35.289331306150309 ], [ 136.014446916901392, 35.289387193837449 ], [ 136.014461082964203, 35.289408471959568 ], [ 136.014473750074757, 35.289484277853994 ], [ 136.014439027994257, 35.289673832870633 ], [ 136.014523056069891, 35.289772360927806 ], [ 136.014557917000161, 35.289842306177491 ], [ 136.01456519397837, 35.289909278150752 ], [ 136.014556722058529, 35.289963471915144 ], [ 136.014530360922265, 35.290010778058488 ], [ 136.014449444071346, 35.290115556020424 ], [ 136.014427916886831, 35.290136193931005 ], [ 136.014376027973412, 35.290171888932619 ], [ 136.014299166942408, 35.290203360890736 ], [ 136.01428719408068, 35.290219139110924 ], [ 136.01428719408068, 35.290242832997869 ], [ 136.014306000018195, 35.29031899999157 ], [ 136.014318110948153, 35.290357416961633 ], [ 136.014317471926603, 35.290417000123739 ], [ 136.014301861096811, 35.290462332875606 ], [ 136.014259221974527, 35.290547528064025 ], [ 136.014232832964097, 35.290588000056104 ], [ 136.014204028019833, 35.290625417141214 ], [ 136.014158194050395, 35.290671860995182 ], [ 136.014098166925493, 35.290703417079094 ], [ 136.013898860979936, 35.290792139134432 ], [ 136.013639193940605, 35.290914666925701 ], [ 136.013603139110757, 35.290939277997666 ], [ 136.013593582964404, 35.290961917104006 ], [ 136.01359708312475, 35.290993443957767 ], [ 136.013627778040984, 35.291022556116104 ], [ 136.013637332884826, 35.291039250095452 ], [ 136.013637332884826, 35.291058971890408 ], [ 136.013614582884514, 35.291073778029933 ], [ 136.013340167030179, 35.291143222089516 ], [ 136.01327894392162, 35.291156028102669 ], [ 136.013236388942829, 35.291178193823193 ], [ 136.013166693914428, 35.291218666884674 ], [ 136.013130750060213, 35.291261943901596 ], [ 136.013109556063029, 35.291335611004683 ], [ 136.013100527962592, 35.291341999930886 ], [ 136.013126499902711, 35.291397972100278 ], [ 136.013187193923301, 35.291487110863457 ], [ 136.013274277996345, 35.291487666949209 ], [ 136.013292860940595, 35.291481694017925 ], [ 136.013334832906651, 35.291457528171023 ], [ 136.013354972114513, 35.291452221829708 ], [ 136.013381138913218, 35.291451778030506 ], [ 136.013397193905973, 35.291462500147965 ], [ 136.013401360962035, 35.291477721925936 ], [ 136.013405443874603, 35.291488722086271 ], [ 136.013414667094111, 35.291498360905912 ], [ 136.013433693940812, 35.291507832899832 ], [ 136.013443583013981, 35.291513778026825 ], [ 136.013450639083004, 35.291524055988617 ], [ 136.013461611080174, 35.291540444120798 ], [ 136.013478221993012, 35.291572082904644 ], [ 136.013483083037414, 35.291581832941439 ], [ 136.013494389003426, 35.29158705586989 ], [ 136.013510999916264, 35.291588582966909 ], [ 136.013535527870914, 35.291582000123626 ], [ 136.013559583006895, 35.291585166960672 ], [ 136.01357552806607, 35.291594082868841 ], [ 136.013620721971961, 35.291628861041907 ], [ 136.013627889016618, 35.291644000119945 ], [ 136.013628110967829, 35.291648332954743 ], [ 136.01360733299893, 35.291656722007311 ], [ 136.013599306023565, 35.291664306161401 ], [ 136.013599389125034, 35.291666667030583 ], [ 136.013599527974776, 35.291670972061084 ], [ 136.013610943874397, 35.291681250022876 ], [ 136.013624028055261, 35.291690167000439 ], [ 136.01363911109965, 35.29169422214882 ], [ 136.013669777881233, 35.291693583006676 ], [ 136.013682639068833, 35.291697638867987 ], [ 136.013694083103132, 35.291702971944197 ], [ 136.013704082891394, 35.29171197197816 ], [ 136.013706611103402, 35.291723610924173 ], [ 136.01370869411042, 35.291744417086335 ], [ 136.013719693981727, 35.291762638875632 ], [ 136.013729278002245, 35.291782639069929 ], [ 136.013731139058024, 35.291795528139474 ], [ 136.013745222019395, 35.291817333117201 ], [ 136.01375016694675, 35.291831417058177 ], [ 136.013751278005373, 35.291845472125473 ], [ 136.013751388981007, 35.291875583099369 ], [ 136.013750388897961, 35.291892166930964 ], [ 136.013745999890688, 35.291923000103395 ], [ 136.013742389015221, 35.291969611139557 ], [ 136.013777806126086, 35.292064416986861 ], [ 136.013759556108653, 35.292105722038173 ], [ 136.0137183330977, 35.292141417039787 ], [ 136.013675693975443, 35.292160805896224 ], [ 136.01363147201792, 35.292162332993243 ], [ 136.013615638976376, 35.292164333119615 ], [ 136.013596860913026, 35.2921734169229 ], [ 136.013577722048694, 35.292211110981498 ], [ 136.013564305983039, 35.292223555895376 ], [ 136.013523305965322, 35.292235638997056 ], [ 136.013465693992742, 35.29226025006902 ], [ 136.013437443926534, 35.292272138897154 ], [ 136.013403806072546, 35.292281444065345 ], [ 136.013363999954436, 35.292297861071212 ], [ 136.013330583009662, 35.292316777967699 ], [ 136.013305639026754, 35.292333833046314 ], [ 136.013274417106601, 35.292358888986875 ], [ 136.013252528079079, 35.292394944018369 ], [ 136.013243750064532, 35.292465528053739 ], [ 136.013246499967238, 35.292483277883079 ], [ 136.013240694067122, 35.292518443890302 ], [ 136.013232221886767, 35.29258741705933 ], [ 136.013227388977072, 35.292655639156123 ], [ 136.013221027938386, 35.292721527831574 ], [ 136.013211472052546, 35.292756693838797 ], [ 136.01320511101386, 35.292770388876221 ], [ 136.013188944003474, 35.292781750135823 ], [ 136.013172889010718, 35.29279438896679 ], [ 136.013148806000544, 35.292820610905096 ], [ 136.013127832912573, 35.292847471985546 ], [ 136.013102305916931, 35.292870111091887 ], [ 136.013087028013956, 35.292886333111277 ], [ 136.013047778076412, 35.292906166836318 ], [ 136.013013277947152, 35.292928972055456 ], [ 136.012961278058128, 35.292962527909268 ], [ 136.01298547204388, 35.292973611125994 ], [ 136.013020305881525, 35.292959999857899 ], [ 136.013060110957611, 35.292938082950101 ], [ 136.01307802804817, 35.29293527792526 ], [ 136.013089361106836, 35.292935639024527 ], [ 136.01309683294366, 35.292930333039678 ], [ 136.013116500114421, 35.292914277846009 ], [ 136.013193360884912, 35.292858917014478 ], [ 136.013228082965384, 35.292840166943719 ], [ 136.013282166903451, 35.292776332933826 ], [ 136.013327139118616, 35.292680778153084 ], [ 136.013358889084685, 35.292604611159383 ], [ 136.013376139019073, 35.292578193878136 ], [ 136.013381861036208, 35.292555472071861 ], [ 136.013381305897639, 35.292533832850467 ], [ 136.013381082904402, 35.292491193906294 ], [ 136.013383166953446, 35.292452082898436 ], [ 136.013408667116948, 35.29237861113829 ], [ 136.013436471978167, 35.292351193972095 ], [ 136.013518805982443, 35.292300888886821 ], [ 136.013573222065816, 35.292276360871263 ], [ 136.013606971937435, 35.292270499870057 ], [ 136.013623917079656, 35.292271055955801 ], [ 136.013649638933884, 35.292280055989764 ], [ 136.013659332887954, 35.292292222147843 ], [ 136.013692082937069, 35.292350806137932 ], [ 136.013708055870381, 35.292384611160934 ], [ 136.013729832880301, 35.292464389147348 ], [ 136.013725332897423, 35.292477555903311 ], [ 136.013704666946154, 35.292496305974062 ], [ 136.013695527870112, 35.292520749863833 ], [ 136.013695527870112, 35.292541388843809 ], [ 136.01377683287518, 35.292747000123512 ], [ 136.013827721966067, 35.29273436093608 ], [ 136.01381397193154, 35.292683610982216 ], [ 136.013791083081486, 35.292576611172542 ], [ 136.013789972022835, 35.292506222123649 ], [ 136.013803722057361, 35.292474306009865 ], [ 136.013833389016412, 35.292440499917468 ], [ 136.013985638958275, 35.292279832842539 ], [ 136.013990138941153, 35.292257306022741 ], [ 136.013987943916504, 35.292249833085791 ], [ 136.013937582871534, 35.29224425012746 ], [ 136.013921527878779, 35.292231083015039 ], [ 136.013923833097522, 35.292219805881224 ], [ 136.013928333080401, 35.292199166901248 ], [ 136.013949000073666, 35.292182221970386 ], [ 136.013974193881978, 35.29216158299041 ], [ 136.014103471872318, 35.292085471961755 ], [ 136.014153832917287, 35.292076110828518 ], [ 136.014188138969473, 35.29207419411501 ], [ 136.014220222122873, 35.292055444044259 ], [ 136.014471972120418, 35.291884500076932 ], [ 136.014537166905427, 35.291861056072115 ], [ 136.014578388874355, 35.291832832938049 ], [ 136.014589832908626, 35.29181408286729 ], [ 136.014598944110503, 35.291782167109972 ], [ 136.014626666912307, 35.291666667030583 ], [ 136.014629806011158, 35.291653555883194 ], [ 136.014714443931638, 35.29154833305266 ], [ 136.014811750004696, 35.291446000085699 ], [ 136.014875832949542, 35.291395250131828 ], [ 136.014951360970684, 35.291353944011128 ], [ 136.015027971915799, 35.291306082851428 ], [ 136.015048638909064, 35.291268500009984 ], [ 136.01504402795058, 35.291232806077758 ], [ 136.015038278059279, 35.291171778162102 ], [ 136.015038249924629, 35.291044139015995 ], [ 136.015025610948726, 35.291003750080307 ], [ 136.015007333057156, 35.290930471880785 ], [ 136.015011944015669, 35.290874111164293 ], [ 136.015081750019647, 35.290706083082505 ], [ 136.015116027937211, 35.29064783310033 ], [ 136.015166361108015, 35.290597166915788 ], [ 136.015236167111993, 35.290534250090914 ], [ 136.015314000091365, 35.290447805848352 ], [ 136.015348305883066, 35.290395250041662 ], [ 136.01538258301909, 35.290329527835475 ], [ 136.015400916919475, 35.290216833137393 ], [ 136.01540088904531, 35.290077833088148 ], [ 136.015407693986447, 35.289925777856553 ], [ 136.015467138880155, 35.289813083158471 ], [ 136.015554194037009, 35.289700389173319 ], [ 136.015585638950398, 35.289656749987728 ], [ 136.015620472006475, 35.289630611105821 ], [ 136.015601221906053, 35.289614389086431 ], [ 136.015596721923174, 35.289597444155568 ], [ 136.015592110964661, 35.289560749981923 ], [ 136.015571416878743, 35.289540027945556 ], [ 136.015541638944086, 35.28951549992999 ], [ 136.015541611069921, 35.289496667159305 ], [ 136.01553358305253, 35.289459971916266 ], [ 136.01551291710129, 35.289439249879891 ], [ 136.015492250107997, 35.289401667038447 ], [ 136.015499167066736, 35.289382832841902 ], [ 136.015510582966357, 35.289373360847982 ], [ 136.015535221896613, 35.289353167093076 ], [ 136.015550166872742, 35.289351277827386 ], [ 136.015578861101915, 35.289362527869841 ], [ 136.015683833088843, 35.289196389053728 ], [ 136.015588055926258, 35.289147000084085 ], [ 136.015542110981187, 35.28911688911019 ], [ 136.015536917009996, 35.289089139005476 ], [ 136.0155440830126, 35.289069916974761 ], [ 136.015576611110475, 35.289022693887816 ], [ 136.015692693944317, 35.288977694074468 ], [ 136.015711499881832, 35.288964166932168 ], [ 136.015722167086807, 35.28894866711132 ], [ 136.015727971944898, 35.28893027813983 ], [ 136.01573686093505, 35.288844721852143 ], [ 136.015743889129936, 35.288833194123285 ], [ 136.015804582890013, 35.28876791714216 ], [ 136.015845805900966, 35.288734027993364 ], [ 136.015892278110442, 35.288634943850447 ], [ 136.015911083005903, 35.288592389032068 ], [ 136.01592525011074, 35.288577889096167 ], [ 136.01594647198209, 35.288570221885678 ], [ 136.01599419409996, 35.288548389103667 ], [ 136.016034194034631, 35.288530082832118 ], [ 136.016056611108098, 35.2885078329858 ], [ 136.016067167076983, 35.288486555933069 ], [ 136.016105527907087, 35.288387472146617 ], [ 136.016116722115981, 35.288295166902856 ], [ 136.016113722127386, 35.288179610858428 ], [ 136.016119221932797, 35.288152472091568 ], [ 136.016119778113392, 35.288151749893025 ], [ 136.016140860874458, 35.28812047185199 ], [ 136.01615275011369, 35.288098193844917 ], [ 136.016145806062298, 35.288082694024069 ], [ 136.016157555930789, 35.288054750002267 ], [ 136.016169332891877, 35.288036527856505 ], [ 136.016225611073082, 35.287968555998297 ], [ 136.016246610993193, 35.287961889029219 ], [ 136.016246694094662, 35.287946749951182 ], [ 136.01626077809803, 35.287922667160679 ], [ 136.01628177801814, 35.28792166691926 ], [ 136.016284305969634, 35.28789716706445 ], [ 136.016279666876471, 35.287868417074783 ], [ 136.016282749966535, 35.287847583108331 ], [ 136.016268222060688, 35.287843249917074 ], [ 136.016251971948833, 35.287825417031335 ], [ 136.016254388924693, 35.287814138828132 ], [ 136.016263722077809, 35.28779558303092 ], [ 136.016291749932293, 35.287785388838458 ], [ 136.016317472047007, 35.287786555905605 ], [ 136.016326805981635, 35.287771860983227 ], [ 136.016315278064383, 35.287759860937946 ], [ 136.016315278064383, 35.287746611125591 ], [ 136.016357471981678, 35.287702888883601 ], [ 136.016362193915796, 35.287695583128844 ], [ 136.016348332905665, 35.287672166928317 ], [ 136.016355388974688, 35.2876610559073 ], [ 136.016376277919193, 35.287665832897758 ], [ 136.016390333006399, 35.287651222101175 ], [ 136.01640683294363, 35.287629249941268 ], [ 136.016430139124509, 35.287624556007202 ], [ 136.016453639121949, 35.287585777937863 ], [ 136.016486528020806, 35.287545472058582 ], [ 136.016470250034786, 35.287535221901081 ], [ 136.016446944114421, 35.287526555875033 ], [ 136.016442306063283, 35.287507360935678 ], [ 136.016470556129491, 35.2874630829644 ], [ 136.016463638910238, 35.287441833003037 ], [ 136.016459333004434, 35.28738466703161 ], [ 136.016445582969908, 35.287319499841779 ], [ 136.016466888984723, 35.287271082952799 ], [ 136.016452388953041, 35.287253611166328 ], [ 136.016439083081451, 35.287237555972666 ], [ 136.016401805956832, 35.287220721902486 ], [ 136.016362222050446, 35.287209360999348 ], [ 136.016341221869823, 35.287208471975077 ], [ 136.01632955588434, 35.287219277861865 ], [ 136.016320221949712, 35.287222693868102 ], [ 136.016235805980443, 35.287304305868091 ], [ 136.016212500060078, 35.287303305983137 ], [ 136.01618688892097, 35.28730025000678 ], [ 136.016131028070589, 35.287286277995875 ], [ 136.016114639108963, 35.287291249972817 ], [ 136.016091332928085, 35.287299722081784 ], [ 136.016023527871681, 35.287338388933968 ], [ 136.016007138910055, 35.287349027995027 ], [ 136.015913583083233, 35.287407556020078 ], [ 136.015852805961174, 35.287427582949263 ], [ 136.015819499992006, 35.287443611051572 ], [ 136.015797278037638, 35.287469222008482 ], [ 136.015759917030039, 35.287489333063462 ], [ 136.015727139106815, 35.287497361016761 ], [ 136.015700666994945, 35.287499972124522 ], [ 136.015668332974144, 35.287503138961569 ], [ 136.015667667120454, 35.287503222017968 ], [ 136.015632722046718, 35.287503500060836 ], [ 136.015521333012316, 35.287503693977918 ], [ 136.015444500115962, 35.287488832942756 ], [ 136.015395472080854, 35.287494250144753 ], [ 136.015325528008617, 35.287504360924352 ], [ 136.015246722038853, 35.287528778079235 ], [ 136.015189444035144, 35.28754619390066 ], [ 136.015162611122264, 35.287555388921099 ], [ 136.015138111041807, 35.287554305979747 ], [ 136.015120167119079, 35.287538722033105 ], [ 136.015071916955293, 35.287511417153453 ], [ 136.015044193892976, 35.287510167029914 ], [ 136.01501683293418, 35.287519444037358 ], [ 136.014967916916731, 35.287542806055171 ], [ 136.014635250068267, 35.287701500095089 ], [ 136.014619667112612, 35.287730250084763 ], [ 136.014612416966514, 35.287784056014992 ], [ 136.014631999993782, 35.287832389134643 ], [ 136.014628250008059, 35.287872138928179 ], [ 136.014629361066682, 35.287896833056536 ], [ 136.014582528056252, 35.287921361072101 ], [ 136.014556250021428, 35.287950028005376 ], [ 136.014508777989448, 35.287987360964699 ], [ 136.014477222100453, 35.288019083161402 ], [ 136.014432694048224, 35.288066500165428 ], [ 136.014439527905523, 35.288082917171295 ], [ 136.014461721985725, 35.288081999986275 ], [ 136.014485056040769, 35.288085972078264 ], [ 136.014489888950493, 35.288091916848792 ], [ 136.014471972120418, 35.288144556068346 ], [ 136.014424250002548, 35.288167917016771 ], [ 136.014420861078293, 35.288171333023008 ], [ 136.014380083011815, 35.28821227804444 ], [ 136.014362472015932, 35.288224806014718 ], [ 136.014259361084811, 35.288263027998305 ], [ 136.014236944011344, 35.288267806058165 ], [ 136.014171971959087, 35.288281527830478 ], [ 136.014160972087751, 35.288283777838963 ], [ 136.014135138997432, 35.288299278016282 ], [ 136.014102721875162, 35.2883510278551 ], [ 136.014087443972187, 35.288404222091003 ], [ 136.014086778118525, 35.288463610979569 ], [ 136.01408911095092, 35.288470555991516 ] ] ] } },
{ "type": "Feature", "properties": { "P12_001": 10156, "P12_002": "己高閣・世代閣", "P12_003": "25", "P12_004": "25203", "P12_005": "‐", "P12_006": "長浜市木之本町古橋1103", "P12_007": 2 }, "geometry": { "type": "Polygon", "coordinates": [ [ [ 136.251930277443279, 35.508013716099484 ], [ 136.252023524680055, 35.507990404290283 ], [ 136.251969907518912, 35.507877342015668 ], [ 136.251871997920261, 35.507905316186708 ], [ 136.251930277443279, 35.508013716099484 ] ] ] } }
]
}
