{
"type": "FeatureCollection",
"crs": { "type": "name", "properties": { "name": "urn:ogc:def:crs:EPSG::4612" } },
"features": [
{ "type": "Feature", "properties": { "P12_001": 10002, "P12_002": "飯豊山", "P12_003": "07", "P12_004": "07208", "P12_005": "山岳", "P12_006": "多方市山都町一ノ木", "P12_007": -1 }, "geometry": { "type": "Point", "coordinates": [ 139.70716, 37.8548369998 ] } },
{ "type": "Feature", "properties": { "P12_001": 10006, "P12_002": "尾瀬ヶ原", "P12_003": "07", "P12_004": "07364", "P12_005": "高原・湿原・原野", "P12_006": "檜枝岐村", "P12_007": -1 }, "geometry": { "type": "Point", "coordinates": [ 139.243160711012536, 36.93839163819365 ] } },
{ "type": "Feature", "properties": { "P12_001": 10008, "P12_002": "雄国沼湿原", "P12_003": "07", "P12_004": "07402", "P12_005": "高原・湿原・原野", "P12_006": "雄国沼湿原", "P12_007": -1 }, "geometry": { "type": "Point", "coordinates": [ 140.000717738040464, 37.615515618217671 ] } },
{ "type": "Feature", "properties": { "P12_001": 10007, "P12_002": "裏磐梯湖沼群", "P12_003": "07", "P12_004": "07402、07408", "P12_005": "湖沼", "P12_006": "北塩原村　および　猪苗代町", "P12_007": -1 }, "geometry": { "type": "Point", "coordinates": [ 140.057967069818204, 37.680506911556861 ] } },
{ "type": "Feature", "properties": { "P12_001": 10005, "P12_002": "三条ノ滝", "P12_003": "07", "P12_004": "07364", "P12_005": "滝", "P12_006": "檜枝岐村", "P12_007": -1 }, "geometry": { "type": "Point", "coordinates": [ 139.250289000671273, 36.965589999387198 ] } },
{ "type": "Feature", "properties": { "P12_001": 10009, "P12_002": "三春滝ザクラ", "P12_003": "07", "P12_004": "07521", "P12_005": "植物", "P12_006": "福島県三春町", "P12_007": -1 }, "geometry": { "type": "Point", "coordinates": [ 140.4999844799556, 37.407864959999088 ] } },
{ "type": "Feature", "properties": { "P12_001": 10001, "P12_002": "若松城（鶴ヶ城）", "P12_003": "07", "P12_004": "07202", "P12_005": "城跡・城郭・宮殿", "P12_006": "会津若松市", "P12_007": -1 }, "geometry": { "type": "Point", "coordinates": [ 139.929773329564028, 37.48766495045794 ] } },
{ "type": "Feature", "properties": { "P12_001": 10004, "P12_002": "大内宿", "P12_003": "07", "P12_004": "07362", "P12_005": "集落・街", "P12_006": "下郷町", "P12_007": -1 }, "geometry": { "type": "Point", "coordinates": [ 139.860784259233526, 37.333700209415753 ] } },
{ "type": "Feature", "properties": { "P12_001": 10003, "P12_002": "相馬野馬追", "P12_003": "07", "P12_004": "07212", "P12_005": "年中行事", "P12_006": "南相馬市", "P12_007": -1 }, "geometry": { "type": "Point", "coordinates": [ 140.958709278694187, 37.624087431740406 ] } },
{ "type": "Feature", "properties": { "P12_001": 10006, "P12_002": "尾瀬ヶ原", "P12_003": "07", "P12_004": "07364", "P12_005": "高原・湿原・原野", "P12_006": "檜枝岐村", "P12_007": -1 }, "geometry": { "type": "Polygon", "coordinates": [ [ [ 139.240871408491586, 36.94299170019336 ], [ 139.241307658072827, 36.943253458291267 ], [ 139.241713972140502, 36.943640421573029 ], [ 139.241966013583408, 36.943620003021628 ], [ 139.242159010642951, 36.943611005829808 ], [ 139.242352005836494, 36.94364599019611 ], [ 139.242476000534339, 36.943692008567361 ], [ 139.242723991796026, 36.943841999646132 ], [ 139.24292698788625, 36.943991011133839 ], [ 139.243116009405099, 36.944184003379348 ], [ 139.243224012371542, 36.944305996881049 ], [ 139.243276987547603, 36.944365988830775 ], [ 139.243350988025128, 36.944493987930002 ], [ 139.243387009540101, 36.944616007041937 ], [ 139.243373006045516, 36.94477399011123 ], [ 139.243304998268741, 36.945000007540912 ], [ 139.243275994828679, 36.945208004176401 ], [ 139.243261989468095, 36.945305995295982 ], [ 139.243261989468095, 36.945366012855928 ], [ 139.243261989468095, 36.945551993502292 ], [ 139.243281988462428, 36.945697008194415 ], [ 139.243344000739455, 36.945883994042077 ], [ 139.243347013417434, 36.945892011642826 ], [ 139.243429987551508, 36.946152007437199 ], [ 139.243511005170944, 36.946423992017671 ], [ 139.243526998768345, 36.946453999997324 ], [ 139.243576992988665, 36.946545005127987 ], [ 139.243730985711466, 36.946761998955303 ], [ 139.243871005728948, 36.946993998773245 ], [ 139.243951991626176, 36.947215993797109 ], [ 139.243985995048064, 36.947358998086649 ], [ 139.24400698769432, 36.947445001220437 ], [ 139.244083006264901, 36.947679010640641 ], [ 139.244107010656137, 36.947868007691206 ], [ 139.244103998911157, 36.948058989534125 ], [ 139.244047015539167, 36.948262010583292 ], [ 139.244044996513111, 36.948271007775112 ], [ 139.244001987712466, 36.948309007745287 ], [ 139.243975996017383, 36.948330998924511 ], [ 139.243807004282075, 36.948480990803603 ], [ 139.243614009088532, 36.948552994748695 ], [ 139.243438000211313, 36.948576997130822 ], [ 139.243056014288129, 36.948595996715753 ], [ 139.242940495021344, 36.948617911064304 ], [ 139.243353969913898, 36.949095010329756 ], [ 139.243104146227466, 36.949380572330547 ], [ 139.24275911575873, 36.949511431771676 ], [ 139.242414113280176, 36.94954712041914 ], [ 139.242223727705834, 36.949689902219852 ], [ 139.243425360772278, 36.950260950991414 ], [ 139.243972641859017, 36.950463214138004 ], [ 139.243782287073884, 36.950653580535239 ], [ 139.242893590918584, 36.951062318909955 ], [ 139.243003006456831, 36.951188996681694 ], [ 139.243255996767346, 36.951356002553041 ], [ 139.243438000211313, 36.951448993276379 ], [ 139.243641987154433, 36.951557993591003 ], [ 139.243934012590898, 36.951679006701319 ], [ 139.24418299657151, 36.95182201099086 ], [ 139.244463003951239, 36.951940007696983 ], [ 139.244670998157289, 36.952041996412461 ], [ 139.24472500057351, 36.952079996382643 ], [ 139.244851013364411, 36.952168990310405 ], [ 139.245022987921487, 36.952344994173885 ], [ 139.245125991839103, 36.952529994428865 ], [ 139.245145988967408, 36.952565004405393 ], [ 139.245204991365455, 36.952787000229584 ], [ 139.245202008543686, 36.95284400058501 ], [ 139.24519700856186, 36.952945008909104 ], [ 139.245208995829358, 36.953172005929851 ], [ 139.245239987506267, 36.953315009419065 ], [ 139.245252004630004, 36.953370000172235 ], [ 139.245269985531252, 36.953406994941119 ], [ 139.245364013926348, 36.953599007595557 ], [ 139.245420002713388, 36.95368998791632 ], [ 139.245471987036552, 36.953775991850428 ], [ 139.245584989051821, 36.953907006553536 ], [ 139.245745999849532, 36.954034001251799 ], [ 139.245959988622332, 36.954248005885781 ], [ 139.246066003351899, 36.954477993700493 ], [ 139.24612599846887, 36.95468699553728 ], [ 139.246141990200272, 36.954759000282692 ], [ 139.246143015574432, 36.954764001479248 ], [ 139.246146989249098, 36.954928996948006 ], [ 139.246155001908932, 36.955173989152712 ], [ 139.246155001908932, 36.955187007149696 ], [ 139.246168043473801, 36.955287875417881 ], [ 139.247375265249161, 36.956185827494323 ], [ 139.247863049444419, 36.955971667598355 ], [ 139.246697125335743, 36.954972300635511 ], [ 139.247410944350747, 36.954948507937097 ], [ 139.247565620967322, 36.954817622885749 ], [ 139.248136689987803, 36.954805726936698 ], [ 139.248303258705249, 36.954710556143041 ], [ 139.248791041967507, 36.954710556143041 ], [ 139.24898139675264, 36.954532086495178 ], [ 139.249136073369243, 36.953949115364033 ], [ 139.251205675851594, 36.954051489033191 ], [ 139.251345041831513, 36.953805180302915 ], [ 139.250916725604554, 36.953376886921532 ], [ 139.251214154081651, 36.95315083187684 ], [ 139.251118975289558, 36.952936671980872 ], [ 139.250536013235234, 36.952877190634993 ], [ 139.250214767901213, 36.952758227142915 ], [ 139.24970319857124, 36.952318012202262 ], [ 139.249572339744589, 36.951413840842982 ], [ 139.249596127678302, 36.951223474445754 ], [ 139.24933438016879, 36.950997419401062 ], [ 139.249298699201205, 36.950664296813343 ], [ 139.248798992115894, 36.950009948387269 ], [ 139.248953667799469, 36.949462666703901 ], [ 139.249548522887665, 36.948867800424026 ], [ 139.249572339744589, 36.948653640528057 ], [ 139.249155917484472, 36.948380024896444 ], [ 139.249013165623978, 36.948070695007132 ], [ 139.248787099082023, 36.947416321771158 ], [ 139.248453991503368, 36.947047510535967 ], [ 139.248406386712702, 36.946773870094447 ], [ 139.248227923095413, 36.945822087728111 ], [ 139.248073279134047, 36.945798295029697 ], [ 139.248061384234177, 36.945929180081045 ], [ 139.247918603450472, 36.945762605581912 ], [ 139.247918603450472, 36.945024983111544 ], [ 139.248775204182152, 36.94498926885386 ], [ 139.24970319857124, 36.944965501765665 ], [ 139.2498935542894, 36.944703756472869 ], [ 139.2498935542894, 36.944025590538473 ], [ 139.250167194832784, 36.943632986604875 ], [ 139.25051219637831, 36.943573504458676 ], [ 139.250476515410725, 36.942942948731016 ], [ 139.250821548678488, 36.942597930194246 ], [ 139.251333118008432, 36.942597930194246 ], [ 139.25151158069275, 36.942502759400583 ], [ 139.251797115202976, 36.941907867510487 ], [ 139.251856613027485, 36.941360610637027 ], [ 139.251606758551816, 36.941313026040511 ], [ 139.251214154081651, 36.941182140989163 ], [ 139.250940513538268, 36.941015592100257 ], [ 139.251297437040876, 36.940611091417288 ], [ 139.251202261047808, 36.940492103915624 ], [ 139.251166580080223, 36.93996861493067 ], [ 139.251749541201548, 36.940111395130749 ], [ 139.252094572603283, 36.939611698844217 ], [ 139.252154039638583, 36.938874077174169 ], [ 139.252665641623764, 36.93808884369674 ], [ 139.252665641623764, 36.937898502109419 ], [ 139.252534752007904, 36.937684343013771 ], [ 139.25207075574636, 36.937672446264408 ], [ 139.252094572603283, 36.937434495270665 ], [ 139.252546646907774, 36.936946719743084 ], [ 139.252927358344067, 36.937113269432309 ], [ 139.253212891921322, 36.937113269432309 ], [ 139.253427034640197, 36.936720664698392 ], [ 139.253498425498549, 36.936339931903937 ], [ 139.253760173008061, 36.936316139205516 ], [ 139.254093313241953, 36.935971120668754 ], [ 139.254343135062413, 36.935471449192121 ], [ 139.254355028096256, 36.935316771442352 ], [ 139.254128992343539, 36.935102612346711 ], [ 139.25387913786787, 36.934971752905582 ], [ 139.253938636625378, 36.934317404479508 ], [ 139.254117099309667, 36.934008074590203 ], [ 139.254533491713573, 36.933627367405968 ], [ 139.255987792270275, 36.933087353423986 ], [ 139.255890003859008, 36.93305000811516 ], [ 139.255662010658654, 36.933021005336798 ], [ 139.25545600375645, 36.932913990614857 ], [ 139.255422000334562, 36.932886998239077 ], [ 139.255358000753688, 36.932809012706038 ], [ 139.255246984176267, 36.932648992823609 ], [ 139.255240991475517, 36.932638990430497 ], [ 139.255162984668061, 36.932566005293701 ], [ 139.255076999722036, 36.93251099053095 ], [ 139.254886985484262, 36.932421995802869 ], [ 139.254651012279311, 36.932335991868761 ], [ 139.254455996193684, 36.932345995062192 ], [ 139.254233003908155, 36.932368011051317 ], [ 139.253991006280216, 36.93239600862838 ], [ 139.253704012547814, 36.932409002615785 ], [ 139.253449002278217, 36.932438005394147 ], [ 139.253266005182326, 36.932450999381551 ], [ 139.253079997274483, 36.932442002189731 ], [ 139.252949013424939, 36.932425991798134 ], [ 139.252773004547748, 36.932377008243137 ], [ 139.252543987839232, 36.932293995903315 ], [ 139.252444700086528, 36.932259803053 ], [ 139.252154039638583, 36.932497115391776 ], [ 139.251797115202976, 36.932485218642412 ], [ 139.250369444517787, 36.932485218642412 ], [ 139.250357551483944, 36.932056900451123 ], [ 139.249953053046909, 36.931747570561818 ], [ 139.249358166236505, 36.931830869416011 ], [ 139.249346273202633, 36.931473930120291 ], [ 139.249048846591563, 36.931354966628213 ], [ 139.248561062396305, 36.931378759326627 ], [ 139.247454606255928, 36.931366863377583 ], [ 139.247404317205564, 36.930931002975328 ], [ 139.247300991400721, 36.930930001775629 ], [ 139.247096007073651, 36.930812005069512 ], [ 139.24696999428275, 36.930808989465632 ], [ 139.246771004522458, 36.93083701185261 ], [ 139.246707997660508, 36.930850005840007 ], [ 139.246634992700905, 36.930880993410732 ], [ 139.246415010294328, 36.930919999382517 ], [ 139.246455007349994, 36.930676992770501 ], [ 139.246418985835021, 36.930524010897756 ], [ 139.246353991669224, 36.930437001762357 ], [ 139.246257011241596, 36.930378996205633 ], [ 139.246174006318341, 36.930358011028027 ], [ 139.246081001431378, 36.930361001021673 ], [ 139.245946013117958, 36.93038600860509 ], [ 139.245760005210087, 36.93045499694631 ], [ 139.245535986617426, 36.930494002918103 ], [ 139.24544900615345, 36.930468995334685 ], [ 139.245252999214927, 36.930376005411659 ], [ 139.245080994801611, 36.930326997046762 ], [ 139.244772015704058, 36.930255997502634 ], [ 139.244538580276753, 36.930148831520306 ], [ 139.244325624342167, 36.930462666408083 ], [ 139.243385736919208, 36.930093855172892 ], [ 139.242993131516045, 36.930331806166635 ], [ 139.242481529530863, 36.930331806166635 ], [ 139.241958034511811, 36.930415081011247 ], [ 139.241382682058486, 36.930041654333507 ], [ 139.241289985063702, 36.930031010884477 ], [ 139.241184993842239, 36.929999997703533 ], [ 139.241005008491328, 36.929880994995798 ], [ 139.241051102744478, 36.929826446019 ], [ 139.240541970427472, 36.929495999699682 ], [ 139.24038900681083, 36.929699010344692 ], [ 139.24025100675243, 36.929920000967591 ], [ 139.240228988732014, 36.930003992898477 ], [ 139.240148002834815, 36.930107011625154 ], [ 139.240129991144329, 36.930155995180151 ], [ 139.24013999017501, 36.930214001537195 ], [ 139.240208990670709, 36.930419987770101 ], [ 139.240208990670709, 36.930462988936839 ], [ 139.240177006274877, 36.930509006507769 ], [ 139.240095987722441, 36.930604007633697 ], [ 139.239996991067756, 36.930856012237854 ], [ 139.239940007695765, 36.931050990076045 ], [ 139.239881007163746, 36.931116988423611 ], [ 139.239738006190493, 36.931206988352983 ], [ 139.239678011073522, 36.93127700750572 ], [ 139.239676987565389, 36.93127700750572 ], [ 139.239605006113919, 36.931428003785783 ], [ 139.239510014856137, 36.931653995605238 ], [ 139.239379993869306, 36.931875011038038 ], [ 139.239315994288432, 36.93209801206352 ], [ 139.23923298749915, 36.932272004724098 ], [ 139.23931198702553, 36.9327750079308 ], [ 139.239137997174396, 36.932936007404301 ], [ 139.239022011404359, 36.933023995330451 ], [ 139.238913014785993, 36.933144004039789 ], [ 139.23886500693655, 36.933244006362273 ], [ 139.238852989812813, 36.933321992695632 ], [ 139.23886500693655, 36.933401009840509 ], [ 139.238913014785993, 36.93347200858431 ], [ 139.239005989816718, 36.933620994461791 ], [ 139.239014000610524, 36.933742007572107 ], [ 139.239029993274954, 36.933976996583382 ], [ 139.238960000060331, 36.934112008882394 ], [ 139.238870005985376, 36.934189995215746 ], [ 139.238742004957629, 36.934250011975372 ], [ 139.238618009326785, 36.934283991140383 ], [ 139.23843299413781, 36.934310003124772 ], [ 139.238165998466741, 36.934430011033797 ], [ 139.237938999851309, 36.934549994132922 ], [ 139.237677996880961, 36.934629010477472 ], [ 139.2374350056011, 36.934673998037205 ], [ 139.237165990903947, 36.934771009565722 ], [ 139.236887008898378, 36.934880009880345 ], [ 139.236646004922363, 36.934837988304672 ], [ 139.236592998024065, 36.9347240116034 ], [ 139.236582998993413, 36.934653012059279 ], [ 139.23657601170774, 36.934558991324735 ], [ 139.236600015165976, 36.934453007414312 ], [ 139.236613989737322, 36.934403998249088 ], [ 139.236612995152399, 36.934359991881067 ], [ 139.236601008817871, 36.934331994303996 ], [ 139.236541013700929, 36.934273007555568 ], [ 139.236297991631858, 36.934160012046 ], [ 139.236014009644435, 36.934087002099297 ], [ 139.235631992932014, 36.934028996542573 ], [ 139.235561998784391, 36.934022989344406 ], [ 139.235512002698073, 36.934038998935684 ], [ 139.235463002129706, 36.934056994119643 ], [ 139.235420986047984, 36.934112008882394 ], [ 139.235369997242771, 36.934179012431251 ], [ 139.235320001156452, 36.934198992407566 ], [ 139.235265999673231, 36.934182003225224 ], [ 139.235211004538115, 36.934120001673236 ], [ 139.235047012784634, 36.934064005718781 ], [ 139.23497301230708, 36.934341997497427 ], [ 139.234820012303175, 36.934296004736403 ], [ 139.234759986396995, 36.934302990725314 ], [ 139.234684993200517, 36.934353005091829 ], [ 139.234644003425956, 36.934430011033797 ], [ 139.234655989760483, 36.934556000530769 ], [ 139.234680986870615, 36.934648010862723 ], [ 139.234758993678071, 36.934809989927288 ], [ 139.234766011752953, 36.935007004578601 ], [ 139.234743995598592, 36.935189993630679 ], [ 139.234588014638916, 36.935356999502019 ], [ 139.234560003917778, 36.935431995841732 ], [ 139.234565003899604, 36.935520990569806 ], [ 139.234595001924589, 36.935583996522766 ], [ 139.234613011749047, 36.935610988898546 ], [ 139.234640991680976, 36.935649995670651 ], [ 139.234648009755887, 36.935683999645569 ], [ 139.23462599173547, 36.935822002738554 ], [ 139.234497990707723, 36.936035000570598 ], [ 139.23456298487352, 36.936256996394789 ], [ 139.234705985846773, 36.936462003036631 ], [ 139.234792003448035, 36.936555998160948 ], [ 139.23497301230708, 36.936730996022817 ], [ 139.235012014777794, 36.936971992232252 ], [ 139.235014995733565, 36.937180994869358 ], [ 139.235019002063467, 36.937280997191841 ], [ 139.235004996702912, 36.937332996350719 ], [ 139.234961987902267, 36.937373007523803 ], [ 139.23491000544513, 36.937396003904311 ], [ 139.234815013254348, 36.937391001907436 ], [ 139.234707010287906, 36.937364989923047 ], [ 139.23462599173547, 36.937355992731227 ], [ 139.234470012641822, 36.937359008335108 ], [ 139.234210996975321, 36.937285998388397 ], [ 139.234112000320636, 36.937112005727819 ], [ 139.234003001836271, 36.937069004561089 ], [ 139.233825004722235, 36.93702499659242 ], [ 139.233638996814364, 36.936977999430425 ], [ 139.233550990976255, 36.936983000626981 ], [ 139.233456993370396, 36.9370159994006 ], [ 139.233316012356227, 36.937093005342575 ], [ 139.233115997221773, 36.93721899483954 ], [ 139.232869001478008, 36.93732500355987 ], [ 139.232745997633089, 36.937378988311423 ], [ 139.232642000996577, 36.937365995924658 ], [ 139.23264001369273, 36.937364010331983 ], [ 139.232574987804696, 36.93731600636805 ], [ 139.232573995085801, 36.93731600636805 ], [ 139.232514993620754, 36.937235005231138 ], [ 139.232461985789456, 36.937132011314361 ], [ 139.23235000821532, 36.93704299177638 ], [ 139.232129002300638, 36.937014994199309 ], [ 139.231946998856671, 36.937071995355055 ], [ 139.231917995416609, 36.937151991290683 ], [ 139.231916007179763, 36.937255990408744 ], [ 139.231946006137747, 36.937365995924658 ], [ 139.231986995912337, 36.937472004644995 ], [ 139.232040997395529, 36.937564995368334 ], [ 139.232073013513599, 36.937756002821487 ], [ 139.231837007653411, 36.937829992359262 ], [ 139.23165699244629, 36.93785298873977 ], [ 139.231517999668966, 36.937857010345262 ], [ 139.231380991396463, 36.937843990747631 ], [ 139.231236998637286, 36.937806995978747 ], [ 139.231088998615235, 36.937669998887372 ], [ 139.231158991829858, 36.93746499224553 ], [ 139.231301992803083, 36.937396003904311 ], [ 139.231410989421448, 36.937378988311423 ], [ 139.231572992938084, 36.937331011558356 ], [ 139.231655999727366, 36.937277001196584 ], [ 139.231739005583648, 36.937189011669794 ], [ 139.231744004632475, 36.937164005687016 ], [ 139.231751985570071, 36.937117006924375 ], [ 139.231763009041856, 36.937055005372393 ], [ 139.231792013414946, 36.936824991947454 ], [ 139.231675996855671, 36.936762990395472 ], [ 139.231571007500236, 36.936739994014957 ], [ 139.231465984556593, 36.93671599243315 ], [ 139.231290006468583, 36.936689000057378 ], [ 139.231043008858819, 36.936700988843484 ], [ 139.23076899511284, 36.936790987172216 ], [ 139.230664998476328, 36.936866008321829 ], [ 139.230569012633623, 36.936936002664659 ], [ 139.230368998432169, 36.9372369900235 ], [ 139.23036300479842, 36.937247997617902 ], [ 139.230210004794515, 36.937539008193852 ], [ 139.23008899105244, 36.937745999628056 ], [ 139.230010984244984, 36.937953997063865 ], [ 139.229899007603876, 36.938126004131767 ], [ 139.229881990498342, 36.938151010914865 ], [ 139.229804016346094, 36.938273003616246 ], [ 139.229802990971962, 36.938278004812801 ], [ 139.229796003686289, 36.938396002319244 ], [ 139.229821002662447, 36.938467001863366 ], [ 139.229899007603876, 36.938545994198336 ], [ 139.23002899593547, 36.938600002959475 ], [ 139.230215999361292, 36.938690002888848 ], [ 139.230258012643986, 36.938707998072807 ], [ 139.230380983833669, 36.938759997231678 ], [ 139.23050799214252, 36.938867011153299 ], [ 139.230531995600728, 36.938896995123372 ], [ 139.230577985357144, 36.938953995478798 ], [ 139.230603015122512, 36.939033011823355 ], [ 139.230600997029455, 36.939119995348527 ], [ 139.230550007291214, 36.939240004057872 ], [ 139.230472000483758, 36.939369989550109 ], [ 139.230353998486692, 36.93952900343092 ], [ 139.230330989613378, 36.939559991801964 ], [ 139.230328008657608, 36.939563987797222 ], [ 139.230255001832006, 36.939614001363417 ], [ 139.230210999379437, 36.93964400934307 ], [ 139.230117001773579, 36.939709002489344 ], [ 139.229983006179083, 36.93981099040451 ], [ 139.229940991030361, 36.939924011524297 ], [ 139.229944003708368, 36.940048995819978 ], [ 139.229985987134853, 36.940161011738475 ], [ 139.230014990574915, 36.940189009315539 ], [ 139.230147992517487, 36.940318994807775 ], [ 139.230226991110868, 36.940373003568915 ], [ 139.230339000407184, 36.940450990702587 ], [ 139.230556994576887, 36.940564011822381 ], [ 139.230787004937326, 36.940658987338082 ], [ 139.230940997660156, 36.940654011751754 ], [ 139.231060987894068, 36.940602011792556 ], [ 139.231232992307383, 36.940482004683851 ], [ 139.231424994782003, 36.940351993581395 ], [ 139.231624014398534, 36.940346011193135 ], [ 139.231787013433092, 36.940440988309476 ], [ 139.231887997391624, 36.940527996644562 ], [ 139.23199100130924, 36.94048999587406 ], [ 139.232042984699376, 36.940470996289129 ], [ 139.232162012070603, 36.940459007503023 ], [ 139.232313986700376, 36.940475997485684 ], [ 139.232513007249906, 36.940534003042409 ], [ 139.232776989309997, 36.940644008558323 ], [ 139.233025012293893, 36.94078100645001 ], [ 139.233274989926429, 36.940999005478616 ], [ 139.233429015304466, 36.941101999395393 ], [ 139.233456000651472, 36.941118987777415 ], [ 139.233628997783711, 36.941212004110987 ], [ 139.233806994897748, 36.941330001617423 ], [ 139.233869008107774, 36.941370992381579 ], [ 139.233934003206599, 36.941418995545185 ], [ 139.234067003283172, 36.941516007073702 ], [ 139.234096006723234, 36.941537998252919 ], [ 139.234774985409473, 36.942039995458018 ], [ 139.234847992235103, 36.942093000618506 ], [ 139.234871002041416, 36.942109990601168 ], [ 139.234986986878425, 36.942193002940989 ], [ 139.235221996287692, 36.942313991241399 ], [ 139.235403007012735, 36.942342994019761 ], [ 139.235664008117055, 36.942350006419218 ], [ 139.235903987651938, 36.942341008427078 ], [ 139.236104996438314, 36.942290994860883 ], [ 139.236404007294425, 36.942202000132802 ], [ 139.236632993213703, 36.942077997028839 ], [ 139.237000011846618, 36.941948991127674 ], [ 139.237365011453477, 36.941821996429411 ], [ 139.237662005149559, 36.941758009284747 ], [ 139.237976015018177, 36.941668009355375 ], [ 139.238233011658593, 36.941588992210505 ], [ 139.238378993587617, 36.941564011037627 ], [ 139.238623008375612, 36.941497007488771 ], [ 139.238887986886624, 36.941431009141205 ], [ 139.239112998198237, 36.941360989988468 ], [ 139.239130014370772, 36.941355988791912 ], [ 139.239316987007356, 36.941321003625291 ], [ 139.239541999251969, 36.941294011249511 ], [ 139.239829985703267, 36.941283003655109 ], [ 139.239877000833815, 36.941283003655109 ], [ 139.240109993083024, 36.941283003655109 ], [ 139.240277991166408, 36.94126598886254 ], [ 139.240409003939135, 36.941251989673844 ], [ 139.240608988284379, 36.941254000076427 ], [ 139.240879988419351, 36.941275991255651 ], [ 139.240998985934397, 36.941298987636159 ], [ 139.241085996254554, 36.941316002428735 ], [ 139.241155990402177, 36.941330001617423 ], [ 139.241267005113599, 36.941384011178883 ], [ 139.241509003674537, 36.941499998282744 ], [ 139.241612007592124, 36.941550011848932 ], [ 139.241632004720458, 36.941570997026545 ], [ 139.241854005220063, 36.941807997240716 ], [ 139.241914000337033, 36.941910991157492 ], [ 139.24190701305136, 36.941972012318089 ], [ 139.241900988628402, 36.942020995873087 ], [ 139.241785998376287, 36.942151006975543 ], [ 139.241775999345634, 36.942160004167363 ], [ 139.241622999341701, 36.942312005648716 ], [ 139.241490991984051, 36.942403009979067 ], [ 139.241425997818254, 36.9424479975388 ], [ 139.241124006006373, 36.942691004150817 ], [ 139.240907999140518, 36.942910989572425 ], [ 139.240871408491586, 36.94299170019336 ] ] ] } },
{ "type": "Feature", "properties": { "P12_001": 10008, "P12_002": "雄国沼湿原", "P12_003": "07", "P12_004": "07402", "P12_005": "高原・湿原・原野", "P12_006": "雄国沼湿原", "P12_007": -1 }, "geometry": { "type": "MultiPolygon", "coordinates": [ [ [ [ 139.999039781837382, 37.620052911966397 ], [ 139.999111172695763, 37.619959072104059 ], [ 139.999188495609445, 37.619846031776603 ], [ 139.999212312466369, 37.619733017059367 ], [ 139.999188495609445, 37.619620001541819 ], [ 139.999230136622543, 37.61947722054142 ], [ 139.99952756509964, 37.619393946497127 ], [ 139.999652491870961, 37.619304698067765 ], [ 139.999723883662341, 37.619203580099899 ], [ 139.999878527623707, 37.619054875134559 ], [ 139.999908277468961, 37.618935887632901 ], [ 139.999807167554565, 37.618840716038918 ], [ 139.999723883662341, 37.618727701321681 ], [ 139.999652491870961, 37.618644401667162 ], [ 139.999670348682372, 37.618507594251511 ], [ 140.000068884274867, 37.618412398647948 ], [ 140.000396091520429, 37.618329123803335 ], [ 140.001234839172753, 37.618245848958722 ], [ 140.00171669131268, 37.618251797733564 ], [ 140.002305584489335, 37.618281539206819 ], [ 140.002293691455492, 37.618174471663792 ], [ 140.002311546400875, 37.618055482561488 ], [ 140.00246026017291, 37.61794841581878 ], [ 140.002567331998847, 37.617835401101544 ], [ 140.002472153206782, 37.617752101447032 ], [ 140.002424579205353, 37.617650982678846 ], [ 140.002376975347687, 37.617543915936132 ], [ 140.002287760333161, 37.617436822782878 ], [ 140.001966513133112, 37.617335704815012 ], [ 140.001466836837011, 37.617341652789534 ], [ 140.001413300924042, 37.617234586046827 ], [ 140.001389514856328, 37.617115622554749 ], [ 140.001139660380659, 37.617056115598643 ], [ 140.001038520610052, 37.616937152106566 ], [ 140.000473415367111, 37.616758682458709 ], [ 140.000473415367111, 37.616669459639567 ], [ 140.000473415367111, 37.616586185595274 ], [ 140.000639984084557, 37.616467197293296 ], [ 140.000717306065241, 37.616354181775741 ], [ 140.000752987032826, 37.616282778870591 ], [ 140.000818415046638, 37.616163815378513 ], [ 140.001074231433847, 37.616038903911907 ], [ 140.001556053717565, 37.616044851886436 ], [ 140.00153822956139, 37.616259011782397 ], [ 140.001425193957886, 37.616348233801219 ], [ 140.001389514856328, 37.616443404594875 ], [ 140.001252694118136, 37.616580237620752 ], [ 140.001603657575203, 37.616639718966631 ], [ 140.001603657575203, 37.616568341671702 ], [ 140.001740477380395, 37.616431507845512 ], [ 140.001728584346523, 37.616348233801219 ], [ 140.001770227225649, 37.616264958956599 ], [ 140.00197247691068, 37.616175711327557 ], [ 140.001847549206332, 37.616027007962863 ], [ 140.002168793607353, 37.615931811558973 ], [ 140.002507864963576, 37.616044851886436 ], [ 140.002757686784008, 37.616044851886436 ], [ 140.002924256434454, 37.615919940419829 ], [ 140.003150292187172, 37.615836641565636 ], [ 140.003090825151901, 37.615747418746494 ], [ 140.003114613085614, 37.615640352003787 ], [ 140.003067008294977, 37.615539207625375 ], [ 140.003078932118029, 37.615426192107819 ], [ 140.003031327327392, 37.615396452235203 ], [ 140.002650615891071, 37.615283411907747 ], [ 140.002579225032719, 37.615182293139554 ], [ 140.002692257837197, 37.615075225596527 ], [ 140.002686295925656, 37.614968133243593 ], [ 140.002644684768768, 37.614867014475408 ], [ 140.002603041889643, 37.614765895707222 ], [ 140.002561400876544, 37.614676648078181 ], [ 140.002103334804332, 37.614682621662929 ], [ 140.001609588697534, 37.614569581335466 ], [ 140.001532265783851, 37.614456566618237 ], [ 140.001532265783851, 37.614361371014667 ], [ 140.001502517804596, 37.614278096170054 ], [ 140.001389514856328, 37.614188873350919 ], [ 140.001502517804596, 37.614075833023456 ], [ 140.001627443642917, 37.613974714255271 ], [ 140.001591764541359, 37.613873595487085 ], [ 140.00152037274998, 37.613778399883522 ], [ 140.00115155341453, 37.613516680200952 ], [ 140.001074231433847, 37.613366620294698 ], [ 140.000883874782687, 37.613378542654289 ], [ 140.000574555137746, 37.613271450301355 ], [ 140.000419879454142, 37.613188176257061 ], [ 140.000378236575045, 37.613087057488876 ], [ 140.000318738750536, 37.612979965135942 ], [ 140.000229522802982, 37.612902639066171 ], [ 140.000086739220251, 37.612813416247036 ], [ 140.000122450977045, 37.612712271868624 ], [ 140.000021310273439, 37.612611153900758 ], [ 139.999878527623707, 37.61249219040868 ], [ 139.999753631641596, 37.61249219040868 ], [ 139.999628705803246, 37.612599257151388 ], [ 139.999557314944894, 37.61270037591958 ], [ 139.999587062924149, 37.612807468272507 ], [ 139.999360996382194, 37.612807468272507 ], [ 139.999325315414609, 37.612688479970529 ], [ 139.999307460469225, 37.612599257151388 ], [ 139.999224175644002, 37.612474345684788 ], [ 139.999158746697191, 37.612575465253293 ], [ 139.998998138958285, 37.612676583221159 ], [ 139.998819677206967, 37.612789598738715 ], [ 139.99871856729257, 37.612884795142598 ], [ 139.998623389433504, 37.61297401716142 ], [ 139.998450857871518, 37.613075161539832 ], [ 139.998492500750643, 37.613176279507698 ], [ 139.998492500750643, 37.613253605577469 ], [ 139.998450857871518, 37.613360673120496 ], [ 139.998498462662155, 37.613443971974696 ], [ 139.998557929697455, 37.613551039517723 ], [ 139.998611465610423, 37.613658131070338 ], [ 139.998569853520536, 37.613753301864001 ], [ 139.998670962501933, 37.613854420632187 ], [ 139.999010031992128, 37.613955540200692 ], [ 139.999325315414609, 37.614038839054892 ], [ 139.999759562763899, 37.614151854572448 ], [ 139.999682241716243, 37.614252972540314 ], [ 139.999688203627755, 37.614348168944197 ], [ 139.999688203627755, 37.614425495013968 ], [ 139.999616812769403, 37.614544458506046 ], [ 139.999598955957993, 37.61465155005866 ], [ 139.999533527011181, 37.614728876128432 ], [ 139.999432387240574, 37.614806202198203 ], [ 139.99934317222602, 37.614931139275029 ], [ 139.999242031522414, 37.615014414119642 ], [ 139.99908735583881, 37.615139324785922 ], [ 139.998986245924414, 37.615216651656013 ], [ 139.998914855999061, 37.615323744008947 ], [ 139.999015995769668, 37.615424861976813 ], [ 139.999247993433954, 37.615525980744998 ], [ 139.999360996382194, 37.615639021072454 ], [ 139.999479991098212, 37.615746088615488 ], [ 139.999670348682372, 37.615835310634303 ], [ 139.999878527623707, 37.615912662314301 ], [ 139.999943989225756, 37.616013781082486 ], [ 139.999908277468961, 37.616114899850672 ], [ 139.999801205643024, 37.616233888152657 ], [ 139.99977741957531, 37.616317162997269 ], [ 139.999646560748658, 37.616436151299247 ], [ 139.999384813239118, 37.616620544111733 ], [ 139.99933720844848, 37.616715714905389 ], [ 139.99933720844848, 37.616828755232852 ], [ 139.999212312466369, 37.616923926026509 ], [ 139.999111172695763, 37.617132136347315 ], [ 139.999045743748923, 37.617233255115501 ], [ 139.99896839097903, 37.617405777589155 ], [ 139.998908923943731, 37.617512845132183 ], [ 139.99878399623941, 37.617613963100048 ], [ 139.998867281997633, 37.617732951402033 ], [ 139.998980314802111, 37.617810278272124 ], [ 139.998867281997633, 37.617911397040309 ], [ 139.99896839097903, 37.618000619059124 ], [ 139.998908923943731, 37.618107711412058 ], [ 139.998849425186222, 37.618214778154773 ], [ 139.998813746084664, 37.618309948948436 ], [ 139.998670962501933, 37.618411093326841 ], [ 139.998546036663612, 37.618506264120505 ], [ 139.998617427521964, 37.618619278837741 ], [ 139.998629320555807, 37.618726370390355 ], [ 139.99877803432787, 37.618833437933382 ], [ 139.998861320086093, 37.618958374209889 ], [ 139.998908923943731, 37.619041649054502 ], [ 139.998920816977602, 37.61916061254658 ], [ 139.998819677206967, 37.619273652874035 ], [ 139.998891068065348, 37.619374771642228 ], [ 139.998789927361713, 37.619475889610094 ], [ 139.998897029976888, 37.619725738953839 ], [ 139.999010031992128, 37.619856598394961 ], [ 139.998992177046745, 37.619939897249161 ], [ 139.999039781837382, 37.620052911966397 ] ] ], [ [ [ 140.004103563588359, 37.614660309555589 ], [ 140.004107755586574, 37.614559919078147 ], [ 140.004170515201793, 37.614446978790625 ], [ 140.004047544012082, 37.614366691538706 ], [ 140.004045027693564, 37.614178457992942 ], [ 140.003997329602271, 37.614080577317452 ], [ 140.004047544012082, 37.613960107624081 ], [ 140.004057573831972, 37.613854722352642 ], [ 140.004080149790241, 37.61375433107488 ], [ 140.004150423839832, 37.613674018212734 ], [ 140.004152937359351, 37.613576161546831 ], [ 140.004376272058238, 37.613468241663533 ], [ 140.004155453677868, 37.613365340583819 ], [ 140.004238271999839, 37.61325995531238 ], [ 140.004363726852858, 37.613184662054138 ], [ 140.004275908549033, 37.613051644151319 ], [ 140.004366242238376, 37.612958807089321 ], [ 140.004288453754441, 37.612865946017735 ], [ 140.004178028703137, 37.612755515532172 ], [ 140.004080149790241, 37.612758026134436 ], [ 140.003982269944345, 37.612870964821319 ], [ 140.003826692976475, 37.612873475423591 ], [ 140.003698691948728, 37.612753006530532 ], [ 140.003603328421377, 37.612562287992731 ], [ 140.003437690844407, 37.612484484932537 ], [ 140.003415113953139, 37.612391623060631 ], [ 140.00339502259115, 37.612301297401224 ], [ 140.003327265793104, 37.612178317105574 ], [ 140.003169172506716, 37.612160750092549 ], [ 140.003126506119486, 37.612253611164135 ], [ 140.003058748388412, 37.612348982037673 ], [ 140.002898141582534, 37.612454367309113 ], [ 140.002772655007277, 37.612574837002484 ], [ 140.002659745359693, 37.612665189872757 ], [ 140.002566865495623, 37.612773084145829 ], [ 140.002484046240625, 37.612850887206022 ], [ 140.002348529845534, 37.612943749077928 ], [ 140.002285802885524, 37.613079251972792 ], [ 140.002220559606997, 37.613164583638522 ], [ 140.002328469272783, 37.6132850533319 ], [ 140.002363591369459, 37.613360320979915 ], [ 140.002303348072758, 37.613470751465485 ], [ 140.002208014401589, 37.613558593733487 ], [ 140.002192954743691, 37.613633886191408 ], [ 140.002192954743691, 37.613751820472608 ], [ 140.002197953792518, 37.613837153738977 ], [ 140.002202984563553, 37.613937545016732 ], [ 140.002263195205018, 37.614050459694035 ], [ 140.002858827487643, 37.614155041444697 ], [ 140.002855473329276, 37.614258770855088 ], [ 140.00317336637093, 37.614439449384768 ], [ 140.003086353251746, 37.614569957485635 ], [ 140.003193425077683, 37.614703804519451 ], [ 140.003461134498735, 37.61478075363874 ], [ 140.003718783310717, 37.614871105708694 ], [ 140.003876036891256, 37.614877806783866 ], [ 140.00398646194256, 37.614777415506104 ], [ 140.004103563588359, 37.614660309555589 ] ] ], [ [ [ 140.002022285462658, 37.614325680766569 ], [ 140.001952012346095, 37.614345759182186 ], [ 140.001901830591493, 37.614419371769472 ], [ 140.001938629300867, 37.614482969158537 ], [ 140.001995516573174, 37.614513061171742 ], [ 140.002069143848132, 37.614509723039106 ], [ 140.002105942557478, 37.614476268083365 ], [ 140.00213271144699, 37.6143959544209 ], [ 140.002105942557478, 37.614339058907326 ], [ 140.002022285462658, 37.614325680766569 ] ] ] ] } },
{ "type": "Feature", "properties": { "P12_001": 10001, "P12_002": "若松城（鶴ヶ城）", "P12_003": "07", "P12_004": "07202", "P12_005": "城跡・城郭・宮殿", "P12_006": "会津若松市", "P12_007": -1 }, "geometry": { "type": "Polygon", "coordinates": [ [ [ 139.926492583210972, 37.486966667466334 ], [ 139.926555639522292, 37.487303139391159 ], [ 139.926662528478943, 37.487871472678655 ], [ 139.926771471915913, 37.488422194135232 ], [ 139.926817306793254, 37.488414472652693 ], [ 139.926821832807775, 37.488459721916904 ], [ 139.92685199970694, 37.488457667496746 ], [ 139.926902748729503, 37.488741388762698 ], [ 139.926956167083631, 37.488942306572213 ], [ 139.927840498634538, 37.488850000122042 ], [ 139.927923803985891, 37.488846277836046 ], [ 139.928459161249606, 37.488861948091852 ], [ 139.928651971707836, 37.490044332918281 ], [ 139.929554028516236, 37.489930944451842 ], [ 139.930350555758423, 37.489851611981081 ], [ 139.930742249614241, 37.489807556793565 ], [ 139.93116761287564, 37.489751361559556 ], [ 139.931195417402336, 37.489742138677634 ], [ 139.931205083349681, 37.489733750528956 ], [ 139.931208667960647, 37.489723888992074 ], [ 139.931210279262871, 37.489675388830058 ], [ 139.931189693407447, 37.489229638879742 ], [ 139.931179388350671, 37.489191943831287 ], [ 139.93120236363572, 37.489045747867586 ], [ 139.931423112040619, 37.489060472946065 ], [ 139.931471057378644, 37.489066111997261 ], [ 139.931491666559225, 37.489069582182616 ], [ 139.931532999680172, 37.489101667791687 ], [ 139.931611416077487, 37.489213777347572 ], [ 139.931653582373258, 37.489290194254387 ], [ 139.931697498989195, 37.489314999356971 ], [ 139.931753749951099, 37.489341638791849 ], [ 139.93186802645323, 37.489356777635507 ], [ 139.931935056439187, 37.489360055744179 ], [ 139.932335222927037, 37.489410193359902 ], [ 139.932592888533122, 37.489438639115889 ], [ 139.93279900086506, 37.489467082470917 ], [ 139.932853028472465, 37.489457472234363 ], [ 139.932893000336918, 37.489427167336174 ], [ 139.93292027771497, 37.489375638765168 ], [ 139.932945556593069, 37.489282443960349 ], [ 139.932967444925566, 37.48920011109179 ], [ 139.932984111220662, 37.489179388418975 ], [ 139.933012776912392, 37.489174056690466 ], [ 139.933056140255474, 37.489177722954096 ], [ 139.933355556036418, 37.489296306294406 ], [ 139.933427000076165, 37.489266582428179 ], [ 139.933483998376261, 37.489288693655325 ], [ 139.933468167121958, 37.489327222636696 ], [ 139.933576472382498, 37.489363027330484 ], [ 139.933613331737291, 37.489339972526651 ], [ 139.933650081930324, 37.48927150039151 ], [ 139.933642859526998, 37.48924172210355 ], [ 139.933236418570431, 37.489054361706366 ], [ 139.933083637823046, 37.488962917200297 ], [ 139.933050001072701, 37.488932888412336 ], [ 139.933024084018143, 37.488896443462941 ], [ 139.933012972843756, 37.488866443486486 ], [ 139.932994806274195, 37.48882530626387 ], [ 139.932977000778152, 37.488736361955915 ], [ 139.933006666652801, 37.48865627718483 ], [ 139.933069000817085, 37.488612499708175 ], [ 139.933149972719178, 37.488583667397869 ], [ 139.933200360668224, 37.488529443350785 ], [ 139.93324130472547, 37.488418082093638 ], [ 139.933270388404082, 37.488227305932831 ], [ 139.933285443396983, 37.488088082352611 ], [ 139.933276055485578, 37.488068472123899 ], [ 139.933590278079663, 37.487943249333014 ], [ 139.933562722665698, 37.487674832576865 ], [ 139.933526472564154, 37.487363082521391 ], [ 139.933500305463866, 37.487246611224236 ], [ 139.933467942267384, 37.487172222327033 ], [ 139.933442027078854, 37.487155361996123 ], [ 139.933393609639552, 37.487133722157168 ], [ 139.933348638726244, 37.487132500069286 ], [ 139.933166417891755, 37.48713169414755 ], [ 139.933104304850019, 37.487126082307221 ], [ 139.933073528697633, 37.487107500489067 ], [ 139.933057249600211, 37.487080360854506 ], [ 139.9330200282389, 37.486954832341567 ], [ 139.932928529224455, 37.486545638585049 ], [ 139.932888138440063, 37.486374249363806 ], [ 139.932854028655413, 37.486308917682379 ], [ 139.932822805592906, 37.486265333082734 ], [ 139.932787749739674, 37.486235082606271 ], [ 139.932712944077537, 37.486174776931307 ], [ 139.932684222405442, 37.486169499624523 ], [ 139.932579639840839, 37.486173526832246 ], [ 139.932217000740422, 37.48621494336637 ], [ 139.932070194966684, 37.48622697296878 ], [ 139.931866943232677, 37.486253832491514 ], [ 139.931321195075583, 37.485745417524349 ], [ 139.931209945246536, 37.485676417978659 ], [ 139.931154942647368, 37.485652361174807 ], [ 139.931070944072161, 37.485617388813296 ], [ 139.931032249493597, 37.485604472456885 ], [ 139.930983001678499, 37.485593722565362 ], [ 139.930927639871811, 37.485588526891163 ], [ 139.930861389879254, 37.485586750181874 ], [ 139.930798720765665, 37.485590806201103 ], [ 139.930749611968537, 37.485598832605369 ], [ 139.930700109442654, 37.48561366732762 ], [ 139.930625082657969, 37.485643222326438 ], [ 139.930209943281795, 37.485817722389577 ], [ 139.929514388802062, 37.486105750174751 ], [ 139.929167778753339, 37.486244583199053 ], [ 139.928915972428058, 37.486344722376174 ], [ 139.92887319501304, 37.486363417839691 ], [ 139.928829389424862, 37.486386582287302 ], [ 139.928798832528997, 37.486405277750819 ], [ 139.928645943552851, 37.486525693822792 ], [ 139.92843450002178, 37.486694694090325 ], [ 139.928398082912082, 37.486721749691348 ], [ 139.928371556604276, 37.486733360726653 ], [ 139.928323832388799, 37.486746249872198 ], [ 139.928281333009721, 37.48675369364387 ], [ 139.928163165870473, 37.486770221842185 ], [ 139.927305026611066, 37.486868638731735 ], [ 139.926807583932515, 37.486927277341181 ], [ 139.926492583210972, 37.486966667466334 ] ] ] } },
{ "type": "Feature", "properties": { "P12_001": 10007, "P12_002": "裏磐梯湖沼群", "P12_003": "07", "P12_004": "07402、07408", "P12_005": "湖沼", "P12_006": "北塩原村　および　猪苗代町", "P12_007": -1 }, "geometry": { "type": "MultiPolygon", "coordinates": [ [ [ [ 140.041161668354988, 37.71500555293845 ], [ 140.041077785472623, 37.715067506471264 ], [ 140.040963619065252, 37.715160561220166 ], [ 140.040867507266654, 37.715256117767829 ], [ 140.040821955090308, 37.715325557489244 ], [ 140.040795551006369, 37.715399174078129 ], [ 140.040777493598569, 37.715620831367168 ], [ 140.040738610552665, 37.715944723069782 ], [ 140.040720552211866, 37.716261956114145 ], [ 140.040698885934916, 37.716346119313407 ], [ 140.040659160384166, 37.71642695318355 ], [ 140.040533052426611, 37.716624995445102 ], [ 140.040402221590142, 37.716805004107357 ], [ 140.040324168132372, 37.71694582752626 ], [ 140.040297226636682, 37.717031664193591 ], [ 140.040288342548791, 37.71713388019981 ], [ 140.040234173124389, 37.717312503509021 ], [ 140.040150272514893, 37.717458042410414 ], [ 140.040061938258475, 37.717533602175045 ], [ 140.039961108246018, 37.717584450474483 ], [ 140.039468898800948, 37.717702775311594 ], [ 140.039312218086394, 37.717733337912662 ], [ 140.039000556595141, 37.717794443907124 ], [ 140.038907502258837, 37.717796677598848 ], [ 140.038811392326267, 37.717776660807836 ], [ 140.038640283599193, 37.717718056612128 ], [ 140.038496119166865, 37.717665554052289 ], [ 140.038538041014903, 37.717782491935715 ], [ 140.03859528656173, 37.717887499456353 ], [ 140.038626393931452, 37.71800305278704 ], [ 140.038589171637113, 37.718085003102878 ], [ 140.038424177834656, 37.718223343130369 ], [ 140.038211111805282, 37.718361395042841 ], [ 140.038090830473323, 37.718397212541745 ], [ 140.037979720595246, 37.718404448230345 ], [ 140.037855827595109, 37.718400830786209 ], [ 140.037664714275678, 37.718347210980347 ], [ 140.03750860642711, 37.718308892483002 ], [ 140.037295558124868, 37.718292224228776 ], [ 140.037064166914831, 37.718328060935349 ], [ 140.036842500431533, 37.718401947231911 ], [ 140.036359159213248, 37.718590269613131 ], [ 140.035683613057898, 37.718814448708919 ], [ 140.035554733138014, 37.718871666751248 ], [ 140.03532360876784, 37.719012220462481 ], [ 140.035275555201082, 37.71905750654139 ], [ 140.035239441318481, 37.719159992255278 ], [ 140.035254441263959, 37.719246118638274 ], [ 140.035317495709251, 37.71930528065667 ], [ 140.035416663104115, 37.719326662792753 ], [ 140.035650826276481, 37.719317502335755 ], [ 140.035740823150462, 37.719334168989342 ], [ 140.035794722935975, 37.719377222176846 ], [ 140.035809723814481, 37.719434441819814 ], [ 140.035797781331269, 37.719479438983385 ], [ 140.035724447020385, 37.719566930711444 ], [ 140.035704726994993, 37.719617490895857 ], [ 140.035713612948882, 37.7196722263471 ], [ 140.035749724965484, 37.719769996578499 ], [ 140.035755821229941, 37.719847500319197 ], [ 140.035739177327002, 37.719881393049704 ], [ 140.035671670574686, 37.719915265772222 ], [ 140.035266383747171, 37.71995610607631 ], [ 140.035110274965604, 37.719977507420055 ], [ 140.034993337528931, 37.720029992372865 ], [ 140.034945263436015, 37.720073064768037 ], [ 140.03493582514227, 37.720112499711078 ], [ 140.034966395100241, 37.720149452063033 ], [ 140.035045558835748, 37.720205554459987 ], [ 140.035071946125584, 37.720262773302636 ], [ 140.035070569007985, 37.720300283477279 ], [ 140.035029719184394, 37.720340008135985 ], [ 140.034973332003574, 37.720372225797774 ], [ 140.034887215503602, 37.720408331411697 ], [ 140.034775568213803, 37.720455272551334 ], [ 140.034755831394307, 37.720476943602755 ], [ 140.034768327150346, 37.72049944218454 ], [ 140.034810287251673, 37.720525847926119 ], [ 140.034871108079386, 37.720547787884897 ], [ 140.034939167171558, 37.720564166423458 ], [ 140.035011394003732, 37.720597500530957 ], [ 140.035044449491011, 37.720624445687882 ], [ 140.035058054591815, 37.720663880630923 ], [ 140.035140273923588, 37.720756954587493 ], [ 140.035218328314386, 37.720844716823549 ], [ 140.035338609646345, 37.720873604355901 ], [ 140.035437490608217, 37.720926127724049 ], [ 140.035506659978125, 37.721004727902461 ], [ 140.035617787583305, 37.721169167149164 ], [ 140.035692784511781, 37.721231389589335 ], [ 140.035776667394174, 37.721262221898073 ], [ 140.035845568058193, 37.721262221898073 ], [ 140.035929718713447, 37.721252771725418 ], [ 140.036049732272545, 37.721266937380562 ], [ 140.036163612246924, 37.721302773286816 ], [ 140.036533055763726, 37.721520003208383 ], [ 140.036649994133398, 37.721565270879942 ], [ 140.036758065209312, 37.721581937533529 ], [ 140.037046395940024, 37.721579435734768 ], [ 140.037280272679396, 37.72160805435977 ], [ 140.037697789356116, 37.721641389267582 ], [ 140.037928894133159, 37.721696394426502 ], [ 140.03812999995219, 37.721774994604914 ], [ 140.03834916224605, 37.721884447900372 ], [ 140.038525848485961, 37.721991956419451 ], [ 140.038628056549015, 37.72203472149193 ], [ 140.038992761325829, 37.722090284473538 ], [ 140.03927944809908, 37.722146945493499 ], [ 140.039408328018965, 37.72215389306708 ], [ 140.039450554960155, 37.722139727411928 ], [ 140.039477497388845, 37.722108606187852 ], [ 140.039519438830041, 37.721932216570373 ], [ 140.039597493220811, 37.721765275524909 ], [ 140.039648604249891, 37.721705554883499 ], [ 140.039729716102983, 37.72165305152334 ], [ 140.039975821758532, 37.721598335279765 ], [ 140.040245829174609, 37.721565001172266 ], [ 140.040495007220557, 37.721565001172266 ], [ 140.040633059527323, 37.721595833481004 ], [ 140.0407261119976, 37.72165305152334 ], [ 140.040855280216476, 37.721798609632401 ], [ 140.040912219737152, 37.721846398310383 ], [ 140.040987504031648, 37.721886949699133 ], [ 140.041140554417893, 37.721946380624878 ], [ 140.041356392409597, 37.722077774679434 ], [ 140.041551384237039, 37.722223043072837 ], [ 140.04169862479182, 37.722375568763468 ], [ 140.041950271572972, 37.722699999881421 ], [ 140.042106665854533, 37.722878603982956 ], [ 140.042275003552305, 37.7230455442281 ], [ 140.042575008993367, 37.7233222250834 ], [ 140.042836112728395, 37.723608049588996 ], [ 140.043160558274707, 37.723996666330848 ], [ 140.043358607564471, 37.724321116656462 ], [ 140.043459168871067, 37.724423890485376 ], [ 140.043570546522005, 37.724524162515529 ], [ 140.043604711354021, 37.72456028733712 ], [ 140.043655555543239, 37.724614176850658 ], [ 140.043751398635948, 37.724738063107978 ], [ 140.043868604778481, 37.724916936116863 ], [ 140.043991674866874, 37.725038051668079 ], [ 140.044150822450604, 37.725145540979483 ], [ 140.044295827521836, 37.725206666981933 ], [ 140.044433057849886, 37.725252761383537 ], [ 140.044519997261546, 37.725298066670113 ], [ 140.044672225669103, 37.725406113804212 ], [ 140.044826117627224, 37.725574460210716 ], [ 140.044979168946469, 37.725789168325541 ], [ 140.045192502748705, 37.726006110132083 ], [ 140.045258328223298, 37.726046662321146 ], [ 140.045777497824218, 37.726270551701276 ], [ 140.045948605618293, 37.726368321932675 ], [ 140.046056658034047, 37.726478063343151 ], [ 140.046143616105866, 37.726597503825651 ], [ 140.046240565744284, 37.726700008747208 ], [ 140.046350568143652, 37.72678417194647 ], [ 140.046488889156279, 37.726861944594518 ], [ 140.046623882134753, 37.72694304817233 ], [ 140.046714164508728, 37.727019166559977 ], [ 140.046852215882495, 37.727200002752596 ], [ 140.046924729147662, 37.727319443235096 ], [ 140.047066104823585, 37.72748638428056 ], [ 140.047158892320027, 37.727623050839981 ], [ 140.047251390584421, 37.727846381597097 ], [ 140.047275275550817, 37.727934451956152 ], [ 140.047344176214835, 37.728046675957721 ], [ 140.047539168042277, 37.728218331685355 ], [ 140.047701389882434, 37.728335271169421 ], [ 140.047752503710541, 37.728349454431601 ], [ 140.047782501735526, 37.728330555686924 ], [ 140.047836384726907, 37.72828278621661 ], [ 140.047875554205802, 37.728278052326765 ], [ 140.047986664083879, 37.728320835806599 ], [ 140.048046662932876, 37.72837776653423 ], [ 140.048127506080078, 37.728425553611572 ], [ 140.048241673420449, 37.7284708404908 ], [ 140.048352764638395, 37.728490008943147 ], [ 140.048778897630143, 37.728499459115802 ], [ 140.049142495861247, 37.728484447522938 ], [ 140.049418885974774, 37.728496956516729 ], [ 140.049589438629965, 37.728518609160801 ], [ 140.049706662499631, 37.72857111172064 ], [ 140.049901654327073, 37.728702216059531 ], [ 140.050033610369383, 37.728764170392665 ], [ 140.050114453516585, 37.728771386873596 ], [ 140.050186661688656, 37.728750004737513 ], [ 140.050264732873558, 37.7286949995786 ], [ 140.050321673327232, 37.728623615881119 ], [ 140.050342769537224, 37.728549710376889 ], [ 140.050333043877458, 37.728485544760979 ], [ 140.050336673272739, 37.728435273491904 ], [ 140.050375825957502, 37.72839221950408 ], [ 140.050453897142404, 37.728363600879078 ], [ 140.050525838474613, 37.72837776653423 ], [ 140.050579738260097, 37.728420838129082 ], [ 140.050591930789039, 37.728480559570812 ], [ 140.050577503709547, 37.728574711557748 ], [ 140.050504724537518, 37.728788054327502 ], [ 140.050456668171705, 37.728859726140008 ], [ 140.05039972771803, 37.728926125447643 ], [ 140.050369711032914, 37.728985826081065 ], [ 140.050361397944982, 37.72905472798778 ], [ 140.050426651486589, 37.729200555004191 ], [ 140.050444726621521, 37.729229154421525 ], [ 140.050478891453537, 37.729240567777914 ], [ 140.05053193473907, 37.729214719859023 ], [ 140.050567778982781, 37.729152767126529 ], [ 140.050577772415409, 37.729123898001525 ], [ 140.050612776953272, 37.729021662787638 ], [ 140.050655003894462, 37.728985826081065 ], [ 140.050696945335659, 37.728985826081065 ], [ 140.050726943360644, 37.729007228225136 ], [ 140.050843882663315, 37.72917888475309 ], [ 140.050894994625423, 37.729212506975607 ], [ 140.051078043969653, 37.729069162550282 ], [ 140.051126118062598, 37.729004996134051 ], [ 140.051150270801855, 37.728921390757478 ], [ 140.051138058679783, 37.728828336008576 ], [ 140.051076936490944, 37.728676945971316 ], [ 140.051069158948764, 37.728623326965774 ], [ 140.051078043969653, 37.72858027377827 ], [ 140.051108060654798, 37.728556677158139 ], [ 140.051177211364546, 37.728551673560624 ], [ 140.051267226898659, 37.728578060094534 ], [ 140.051336394402512, 37.728637491820606 ], [ 140.051409728713423, 37.728725562179662 ], [ 140.051543330579193, 37.728835554090146 ], [ 140.052044727339279, 37.729145549845278 ], [ 140.052131668616994, 37.729216953550747 ], [ 140.052221932330809, 37.72928360255807 ], [ 140.052236949070448, 37.729319456871671 ], [ 140.052209721141764, 37.729414725304309 ], [ 140.05220389358314, 37.729469730463222 ], [ 140.052233891608125, 37.729519712816959 ], [ 140.05230277547804, 37.729567500694621 ], [ 140.052395829814316, 37.729591385429778 ], [ 140.052503882230098, 37.729603337401194 ], [ 140.05260889584369, 37.729629435019767 ], [ 140.052710833334856, 37.729691387752261 ], [ 140.052875845797445, 37.72979889707166 ], [ 140.052926940032421, 37.729815563725246 ], [ 140.053049992393682, 37.729813061126173 ], [ 140.053201397889495, 37.729772220822085 ], [ 140.053356380532222, 37.729701107632593 ], [ 140.05342916157025, 37.72965054744818 ], [ 140.053569447494596, 37.729543616759784 ], [ 140.053668329389467, 37.729483896118374 ], [ 140.053959716649501, 37.729374154707898 ], [ 140.054313893380936, 37.72928360255807 ], [ 140.054455002216997, 37.729231387312929 ], [ 140.054644166485872, 37.729140835163101 ], [ 140.054824158367808, 37.729016947305141 ], [ 140.054992228292718, 37.728847505261243 ], [ 140.05511527878798, 37.728666110445609 ], [ 140.055214447115844, 37.728485274252982 ], [ 140.055226389599056, 37.728418606037998 ], [ 140.055220275607468, 37.728339716944241 ], [ 140.05519333317875, 37.728270546130176 ], [ 140.055158883779768, 37.728221103191785 ], [ 140.055149997825851, 37.728173623437129 ], [ 140.055163335153765, 37.728123044045049 ], [ 140.055208333124256, 37.728073062491632 ], [ 140.055283330052731, 37.728034724786625 ], [ 140.055433609409704, 37.727996675196636 ], [ 140.055520567481494, 37.727956392715242 ], [ 140.055575827590502, 37.727907777307216 ], [ 140.055594170498267, 37.727869727717227 ], [ 140.055592506947676, 37.727837509255117 ], [ 140.05556277762858, 37.727792761791235 ], [ 140.055523606283685, 37.727736948309619 ], [ 140.055496665720995, 37.727646395359471 ], [ 140.055499435817296, 37.727581940828223 ], [ 140.055484454531921, 37.727493600761491 ], [ 140.055430553813409, 37.727405281503074 ], [ 140.055355555018906, 37.727336380396679 ], [ 140.055286387515054, 37.727305279180584 ], [ 140.055109433502253, 37.727274446071533 ], [ 140.054935286906016, 37.727255277619186 ], [ 140.054893059964826, 37.727233895483103 ], [ 140.054869156338299, 37.727183893921705 ], [ 140.054884174010937, 37.727131390561546 ], [ 140.054926116385133, 37.727066935229971 ], [ 140.054939166347054, 37.727015566722862 ], [ 140.054950554624384, 37.726963891693387 ], [ 140.054989152170293, 37.726885829329682 ], [ 140.055037224397182, 37.726828610487026 ], [ 140.055250274565452, 37.726643887142593 ], [ 140.055319443935332, 37.726561667919398 ], [ 140.055424438888792, 37.726320822170024 ], [ 140.055448609355182, 37.726173051177547 ], [ 140.055436381372004, 37.72591332509085 ], [ 140.055409439876314, 37.725775273178378 ], [ 140.055358613414228, 37.725641955956071 ], [ 140.055307501452148, 37.725577500624496 ], [ 140.055163335153765, 37.725458886071721 ], [ 140.055148335208258, 37.725446396285605 ], [ 140.054893059964826, 37.725234169961553 ], [ 140.054839175107446, 37.725162496548414 ], [ 140.054812215884624, 37.725098061224827 ], [ 140.054806102826035, 37.724995826010939 ], [ 140.054791102880529, 37.724971942076102 ], [ 140.054761103922544, 37.72496945948501 ], [ 140.054713067149862, 37.724981391448438 ], [ 140.054656108969056, 37.724983894047512 ], [ 140.054604996073977, 37.724962491903447 ], [ 140.054578054578286, 37.724910007750957 ], [ 140.054598882082388, 37.724809717313448 ], [ 140.054608053536271, 37.72473361813347 ], [ 140.054611110998565, 37.724643045175341 ], [ 140.054642771641142, 37.724565002819617 ], [ 140.054701106006547, 37.724495274182857 ], [ 140.054815273346918, 37.724409455922874 ], [ 140.055094434489746, 37.724249713751313 ], [ 140.055157221162176, 37.724201945081319 ], [ 140.05519333317875, 37.724156678210079 ], [ 140.055217504578138, 37.72403027014601 ], [ 140.055250274565452, 37.723953882050694 ], [ 140.055301385594532, 37.723918065352109 ], [ 140.055370554964412, 37.723896663208045 ], [ 140.055493608258701, 37.723794447201819 ], [ 140.055646678238077, 37.723677219602742 ], [ 140.055648054422676, 37.723641114789139 ], [ 140.055691674342569, 37.723565284516511 ], [ 140.055769728733338, 37.723474712358694 ], [ 140.055997777914115, 37.72332249559139 ], [ 140.056183884720667, 37.723145835465921 ], [ 140.056249996628253, 37.72305555222345 ], [ 140.056373066716645, 37.722881394697055 ], [ 140.056543066098982, 37.722759720522831 ], [ 140.056748337792044, 37.722664452890506 ], [ 140.057165550308639, 37.722533329343946 ], [ 140.057273621384553, 37.722509714316459 ], [ 140.057405826539593, 37.722504998833962 ], [ 140.057459728191105, 37.722481114098805 ], [ 140.057501668699302, 37.722440543502394 ], [ 140.05751554157294, 37.722398606760592 ], [ 140.057507782690891, 37.722338058588818 ], [ 140.057513878955348, 37.722297506399755 ], [ 140.057549723199088, 37.722261651285834 ], [ 140.057606950085756, 37.722221119104759 ], [ 140.057633892514474, 37.722173331227097 ], [ 140.057624721993562, 37.721951673938058 ], [ 140.057633892514474, 37.721880002125552 ], [ 140.05765777748087, 37.721813333110241 ], [ 140.057711946905243, 37.721756115067912 ], [ 140.057786943833719, 37.721722780960413 ], [ 140.057886111228612, 37.721682498479019 ], [ 140.057946108211581, 37.721646662572773 ], [ 140.058014991148468, 37.721572776276211 ], [ 140.058066104976575, 37.721536940369958 ], [ 140.058168042467742, 37.721508321744956 ], [ 140.058231115573165, 37.721527221289954 ], [ 140.058369435652793, 37.721663348434028 ], [ 140.058519447236876, 37.721787216284 ], [ 140.058657498610643, 37.721858888896826 ], [ 140.058660556072937, 37.721677494081192 ], [ 140.05864582483332, 37.721598046364427 ], [ 140.058606386648563, 37.721525277313887 ], [ 140.058553326568898, 37.721463054873716 ], [ 140.058555561119476, 37.721430008881242 ], [ 140.058623066005765, 37.721384992510011 ], [ 140.058627500585658, 37.721358605976093 ], [ 140.05858554048433, 37.721320268271086 ], [ 140.058315283022523, 37.721167780995792 ], [ 140.058066104976575, 37.720996106860802 ], [ 140.057642491102371, 37.7206380519197 ], [ 140.057389735909481, 37.720399997684744 ], [ 140.057282773245305, 37.720276399542442 ], [ 140.057222507556446, 37.720145006288213 ], [ 140.05719249087133, 37.720030569403228 ], [ 140.057174435329557, 37.719713605266207 ], [ 140.057189720775028, 37.71963723717888 ], [ 140.057243604699437, 37.719570279248231 ], [ 140.057339714632008, 37.719489446978734 ], [ 140.057591933346146, 37.719332225013275 ], [ 140.057696946959737, 37.719253335119205 ], [ 140.057776663968099, 37.719159452839939 ], [ 140.057843884287422, 37.719022228457824 ], [ 140.057916110186596, 37.718788599989708 ], [ 140.058000546341844, 37.71858305233188 ], [ 140.058075006791597, 37.718435839162098 ], [ 140.058168042467742, 37.718316666786627 ], [ 140.058345282913535, 37.71812861411307 ], [ 140.058516389774582, 37.71798555780277 ], [ 140.058645556127459, 37.717894735945272 ], [ 140.058705554976427, 37.717842502292783 ], [ 140.05876249543013, 37.717766383905136 ], [ 140.059005829123379, 37.717515837483106 ], [ 140.059263894056244, 37.717303611159053 ], [ 140.059337228367127, 37.717226954156388 ], [ 140.059455005509648, 37.717098333208902 ], [ 140.059524997791272, 37.717018057161454 ], [ 140.059594167161151, 37.71695583552161 ], [ 140.059705008333367, 37.716898615878634 ], [ 140.059966397568388, 37.716786662385061 ], [ 140.060140276391763, 37.716731657226141 ], [ 140.060251386269812, 37.716669722900996 ], [ 140.060425552459179, 37.716515003534617 ], [ 140.060470549496671, 37.716450548203049 ], [ 140.060527508610477, 37.716348332997143 ], [ 140.060584716837042, 37.716171941779024 ], [ 140.060623065270221, 37.716053616941906 ], [ 140.060650845538731, 37.715983330482459 ], [ 140.060740842412741, 37.715856941626065 ], [ 140.060857781715413, 37.715740541557345 ], [ 140.060975005585078, 37.715649430784502 ], [ 140.061083058000861, 37.71557806629469 ], [ 140.061146112446124, 37.715518326445611 ], [ 140.061203052899828, 37.715428043203133 ], [ 140.061296124030235, 37.715089446430035 ], [ 140.061410273643475, 37.714796387036166 ], [ 140.061489436445981, 37.714684431941947 ], [ 140.061503344773882, 37.71466499378193 ], [ 140.061596382316054, 37.714586662510868 ], [ 140.06174027897552, 37.714503057934621 ], [ 140.061824446424907, 37.714439159625421 ], [ 140.061953614643784, 37.714317506259505 ], [ 140.061980555206475, 37.714262501100592 ], [ 140.061986384631069, 37.714212498738867 ], [ 140.061964447782259, 37.714118328344583 ], [ 140.061968612723263, 37.714040824603885 ], [ 140.062001382710577, 37.713952503744821 ], [ 140.062049455870493, 37.713874171673439 ], [ 140.062058609597244, 37.713833601877347 ], [ 140.062034456857987, 37.713785833207346 ], [ 140.061872502790692, 37.713633326724384 ], [ 140.061824446424907, 37.713578321565471 ], [ 140.061803333420812, 37.713518600924061 ], [ 140.0618094483454, 37.71340666583783 ], [ 140.061866388799103, 37.713275561498939 ], [ 140.06212472150483, 37.712922780663341 ], [ 140.062241677601634, 37.712813059260846 ], [ 140.062358615038306, 37.712734727189464 ], [ 140.062469724916383, 37.712665557175718 ], [ 140.062532779361675, 37.71260110264447 ], [ 140.062556933966931, 37.712522500865418 ], [ 140.062523894340757, 37.712300555461354 ], [ 140.06250778784954, 37.712084441185176 ], [ 140.062529168626497, 37.711936111569685 ], [ 140.062573059118279, 37.711820288531321 ], [ 140.062590006248342, 37.711705004908303 ], [ 140.062580835727459, 37.711614163042817 ], [ 140.062538894286263, 37.711528325575166 ], [ 140.062463898290787, 37.711409174008004 ], [ 140.062422224622452, 37.711301394980943 ], [ 140.06240665274396, 37.711180549137403 ], [ 140.062439726891398, 37.710830001193209 ], [ 140.062418880727165, 37.710720567905732 ], [ 140.062376672446106, 37.710627493949161 ], [ 140.062259716349303, 37.710463055502778 ], [ 140.062193604441717, 37.710336666646377 ], [ 140.062148606471226, 37.710243611897475 ], [ 140.062136663988042, 37.710186393054819 ], [ 140.062160565748542, 37.709843043184208 ], [ 140.062142491546638, 37.709488068672862 ], [ 140.062118607513241, 37.709299726283646 ], [ 140.062022495714643, 37.708889726605392 ], [ 140.062004456966974, 37.708754157284012 ], [ 140.062034456857987, 37.708620281438691 ], [ 140.062271658832515, 37.7080744435317 ], [ 140.062289714374288, 37.707995843353288 ], [ 140.062283618109831, 37.707924151532794 ], [ 140.062246111248527, 37.707882771813367 ], [ 140.062168896563577, 37.707839160803175 ], [ 140.062073895975743, 37.707810002762834 ], [ 140.062016669089076, 37.707771933965176 ], [ 140.06191471293775, 37.707666947252847 ], [ 140.061845829067863, 37.707545273078622 ], [ 140.061820835689758, 37.707406951458481 ], [ 140.061827771660063, 37.707261663057089 ], [ 140.06185167528659, 37.707211949610702 ], [ 140.061899712992272, 37.707175843996779 ], [ 140.062085836592928, 37.707082770040209 ], [ 140.062220831437401, 37.706992506805719 ], [ 140.062323057227587, 37.706866386856674 ], [ 140.062371112660372, 37.706723331346687 ], [ 140.062383894849432, 37.706615842035283 ], [ 140.062446396021841, 37.706091944087071 ], [ 140.062455566542752, 37.705894729355876 ], [ 140.062449165185143, 37.705748054801113 ], [ 140.062416109697864, 37.705650555077703 ], [ 140.062358884677195, 37.705576668781148 ], [ 140.06215193170641, 37.705428897788664 ], [ 140.062057483458403, 37.705374430444458 ], [ 140.061866656571965, 37.705326103951769 ], [ 140.061725565463036, 37.705312228012275 ], [ 140.061629454597437, 37.705281106788199 ], [ 140.06154555492094, 37.70522860342804 ], [ 140.061473615454759, 37.705133335795722 ], [ 140.061401388622585, 37.704983062204164 ], [ 140.061367778929423, 37.704883617704368 ], [ 140.061345843013612, 37.704661383384973 ], [ 140.061326391694081, 37.704463052208077 ], [ 140.061302506727685, 37.704320824228454 ], [ 140.061248337303311, 37.704177786325502 ], [ 140.061131667639501, 37.703984441139092 ], [ 140.061062498269621, 37.703927222296443 ], [ 140.060963331807756, 37.703853336800201 ], [ 140.060879448925363, 37.70376749933255 ], [ 140.060810279555483, 37.703653061647245 ], [ 140.060732227030712, 37.703448322312113 ], [ 140.060657211442106, 37.703310000691971 ], [ 140.0602488839464, 37.702730289262142 ], [ 140.060002778290851, 37.702401393161701 ], [ 140.059903897328951, 37.702234721823913 ], [ 140.05987082411454, 37.702137222100504 ], [ 140.059867785312377, 37.70183471093334 ], [ 140.059897783337362, 37.701665288097104 ], [ 140.059993894202933, 37.701333890197908 ], [ 140.060095832627127, 37.701121663873856 ], [ 140.060321108912575, 37.700761665757 ], [ 140.060404992727968, 37.700597497018286 ], [ 140.06046139670292, 37.700389716469061 ], [ 140.060525274059927, 37.70021832964877 ], [ 140.060654153979783, 37.699960836453478 ], [ 140.060783338992792, 37.699765565698357 ], [ 140.061062766975482, 37.699447505123622 ], [ 140.061368601841167, 37.699155272459798 ], [ 140.061416675001055, 37.699095840733726 ], [ 140.061566937563896, 37.698788057862018 ], [ 140.061580828164665, 37.698729991481009 ], [ 140.061590820664293, 37.698688054739215 ], [ 140.061584725332835, 37.698661668205297 ], [ 140.061545823626801, 37.698640286069214 ], [ 140.061320564135485, 37.69861888472547 ], [ 140.061083897706709, 37.698583336934234 ], [ 140.060882774160518, 37.698535548256253 ], [ 140.060738607862163, 37.6984761173305 ], [ 140.060579443484301, 37.698378347099101 ], [ 140.060477504127135, 37.698280558460354 ], [ 140.060426392165027, 37.698190004709886 ], [ 140.06040527916096, 37.698058881163327 ], [ 140.060426392165027, 37.697984995667092 ], [ 140.060471390135518, 37.697925275025682 ], [ 140.060588614005184, 37.697803870559127 ], [ 140.060651954883468, 37.697707216773431 ], [ 140.060705551441856, 37.697568048415256 ], [ 140.060780567030491, 37.69732250719138 ], [ 140.060811102467198, 37.697265000233706 ], [ 140.060900545135326, 37.6971697125934 ], [ 140.060950834185689, 37.697104448939129 ], [ 140.0609727701015, 37.697038897169847 ], [ 140.060978616320227, 37.696991109292178 ], [ 140.060924714668715, 37.696838602809216 ], [ 140.060786663294948, 37.696571390533919 ], [ 140.060606384046991, 37.696314167046303 ], [ 140.06024638162296, 37.695768329139312 ], [ 140.060186115934101, 37.695699177532916 ], [ 140.060105271853871, 37.695639457691826 ], [ 140.059925279971935, 37.695513337742781 ], [ 140.059718059228288, 37.695348321465715 ], [ 140.059598064329322, 37.695241371569651 ], [ 140.059511106257503, 37.695141387654516 ], [ 140.059361113333523, 37.694914996475632 ], [ 140.059298057022232, 37.694800558790327 ], [ 140.059261945005659, 37.694681118307827 ], [ 140.059216947035168, 37.694395274594569 ], [ 140.059213603139881, 37.694214457609611 ], [ 140.059235002576969, 37.693856673176498 ], [ 140.059301114484526, 37.693653897025108 ], [ 140.05933388447184, 37.693610823829616 ], [ 140.05938249411048, 37.693573332862634 ], [ 140.059456113921385, 37.693554991140338 ], [ 140.059559162623287, 37.693536957541042 ], [ 140.0596130624088, 37.693506125232304 ], [ 140.059646118829079, 37.693458895977649 ], [ 140.059676116854092, 37.693360836830912 ], [ 140.059670270635337, 37.693317764435747 ], [ 140.059631101156469, 37.693196109469184 ], [ 140.059577218165089, 37.692993871932813 ], [ 140.059550007963509, 37.692733895346116 ], [ 140.059553066358831, 37.692528887103634 ], [ 140.059598064329322, 37.692335829231929 ], [ 140.059658330018152, 37.692204724893038 ], [ 140.059679174316386, 37.692125834998961 ], [ 140.05968223177868, 37.69200945413791 ], [ 140.05966721503907, 37.691878060883681 ], [ 140.059685270580843, 37.691711101430869 ], [ 140.059742211967546, 37.691470563804501 ], [ 140.059820551858309, 37.691282491122962 ], [ 140.05989249132449, 37.691182238300478 ], [ 140.059930286484814, 37.691149443608325 ], [ 140.059994449341815, 37.691094167941415 ], [ 140.060051387929491, 37.691077212372491 ], [ 140.060255553076843, 37.691077212372491 ], [ 140.06029749358504, 37.691060564926573 ], [ 140.060378605438132, 37.690986949138001 ], [ 140.06046277288749, 37.690889178906602 ], [ 140.060615842866895, 37.69077722381239 ], [ 140.060708895337171, 37.690698603625982 ], [ 140.060850004173233, 37.690500831872427 ], [ 140.061063053408475, 37.690274170185553 ], [ 140.061123050391473, 37.690226382307884 ], [ 140.061237217731843, 37.690102495250244 ], [ 140.061258045235945, 37.690057497286354 ], [ 140.061258045235945, 37.689911939977613 ], [ 140.061234178929681, 37.689761666386055 ], [ 140.061231104673254, 37.689625847364994 ], [ 140.061249160215027, 37.689556676550929 ], [ 140.06129721658084, 37.6894897194206 ], [ 140.061363328488426, 37.689423340120946 ], [ 140.061396383975705, 37.689359153696728 ], [ 140.061459168782108, 37.689096676111589 ], [ 140.061513321412377, 37.688906101631289 ], [ 140.061567507630883, 37.6887894318549 ], [ 140.061618335025969, 37.688691661623501 ], [ 140.06163639150077, 37.688589176709932 ], [ 140.061621392488291, 37.688496102753362 ], [ 140.061480551425092, 37.688102769728694 ], [ 140.061456666458668, 37.687969164391362 ], [ 140.061453627656505, 37.687833325362313 ], [ 140.061492493908275, 37.687678605995927 ], [ 140.061552490891273, 37.687561666511868 ], [ 140.061576662290662, 37.68745194510938 ], [ 140.061558605815861, 37.687397228065478 ], [ 140.061463603362, 37.687267778787316 ], [ 140.061393612946404, 37.687118333526442 ], [ 140.061357499063803, 37.687011382830057 ], [ 140.061342499118297, 37.686934994734742 ], [ 140.061372499009309, 37.686787223742265 ], [ 140.061423610971389, 37.686679715223185 ], [ 140.061477493962769, 37.68663223466821 ], [ 140.061567777269744, 37.686601114244453 ], [ 140.061747770084708, 37.686596398761964 ], [ 140.062017777500785, 37.68662499817929 ], [ 140.062164999395435, 37.686684449913351 ], [ 140.062359724383043, 37.686751387035692 ], [ 140.062708053029752, 37.686913612598659 ], [ 140.062829175933587, 37.686939729424907 ], [ 140.062948329260678, 37.686931106782609 ], [ 140.062990824907729, 37.686889439748484 ], [ 140.062981654386846, 37.686840284925111 ], [ 140.062936655483355, 37.686789167718331 ], [ 140.062872492626354, 37.686750541097979 ], [ 140.062792775617993, 37.686716956490478 ], [ 140.062505283660101, 37.686575824948576 ], [ 140.062477770231425, 37.686521665727369 ], [ 140.062477503391563, 37.686429169601475 ], [ 140.062522501362054, 37.686309998026331 ], [ 140.062604720693855, 37.686187226614074 ], [ 140.062666952227403, 37.686135551584591 ], [ 140.062748064080495, 37.686088321529624 ], [ 140.062848321226966, 37.686056123075495 ], [ 140.063052771874311, 37.686018343193183 ], [ 140.063198064311507, 37.685973614936962 ], [ 140.06330611672729, 37.685921111576803 ], [ 140.063426111626256, 37.685849727879322 ], [ 140.063591105428742, 37.685725551906344 ], [ 140.06363917858863, 37.685704169770261 ], [ 140.063687215361313, 37.685704169770261 ], [ 140.063815005529591, 37.685737214962415 ], [ 140.063956383071513, 37.685765564680061 ], [ 140.064060288273396, 37.685768048071473 ], [ 140.06416360381516, 37.685736946055066 ], [ 140.064274160420382, 37.685673337461523 ], [ 140.064277787949663, 37.685669719217067 ], [ 140.06438889876074, 37.685558322745855 ], [ 140.064457781697627, 37.685431933889461 ], [ 140.064532778626102, 37.685176942492923 ], [ 140.064575005567292, 37.685074456779034 ], [ 140.064613890479194, 37.685024167102611 ], [ 140.064668059903568, 37.684995548477609 ], [ 140.064736940974456, 37.684978881824023 ], [ 140.064863051731038, 37.684978881824023 ], [ 140.064946951407535, 37.684948607337979 ], [ 140.065028062327599, 37.684895546155126 ], [ 140.06511278491584, 37.684799430984455 ], [ 140.06521416913418, 37.684664169786082 ], [ 140.065288325423808, 37.684533892977555 ], [ 140.065309994499756, 37.684324727075271 ], [ 140.06530777674331, 37.684234154117135 ], [ 140.06527944040289, 37.684152493516955 ], [ 140.065222499949215, 37.684086652032008 ], [ 140.065147217520746, 37.684031666080756 ], [ 140.064694177554543, 37.6837966530599 ], [ 140.06459805082784, 37.68373945342492 ], [ 140.06454389819757, 37.683674998093345 ], [ 140.064510824983159, 37.68360111259711 ], [ 140.064516938974748, 37.683524725302107 ], [ 140.064558898143076, 37.683465004660697 ], [ 140.064775002974613, 37.6833172328679 ], [ 140.064850269541978, 37.683283898760408 ], [ 140.065006395117649, 37.6832386126815 ], [ 140.065249442377905, 37.68313362596917 ], [ 140.06548360555027, 37.683048616031883 ], [ 140.065582504239245, 37.682994167895338 ], [ 140.065858893419772, 37.682793893542694 ], [ 140.066061949222416, 37.682613615973082 ], [ 140.066140003613214, 37.682501391171201 ], [ 140.066151946096397, 37.682447502457983 ], [ 140.066151946096397, 37.682372500516045 ], [ 140.066185001583676, 37.682274711076978 ], [ 140.066224171062572, 37.682219994033083 ], [ 140.066296110528754, 37.682172225363082 ], [ 140.066362222436339, 37.682138872047922 ], [ 140.066368337360927, 37.682086388695751 ], [ 140.066350279953127, 37.682024993785944 ], [ 140.06630083060864, 37.681900837020635 ], [ 140.066278894692829, 37.681674176134081 ], [ 140.066257227482879, 37.681522228274133 ], [ 140.066230285054161, 37.681414161132047 ], [ 140.066191115575293, 37.681336117976002 ], [ 140.066066667436303, 37.681163057687641 ], [ 140.065988882684394, 37.681044713642855 ], [ 140.065884995209615, 37.680894997873992 ], [ 140.065676951554252, 37.680672783562585 ], [ 140.065599166802343, 37.680571664794392 ], [ 140.065556384722299, 37.680532229051032 ], [ 140.065495548033454, 37.680465541628379 ], [ 140.065456108915697, 37.680466946989419 ], [ 140.065383042377647, 37.680499722473904 ], [ 140.065277492285333, 37.680542237046382 ], [ 140.065191662218382, 37.68053528867248 ], [ 140.065032495974492, 37.680419447226775 ], [ 140.064967778911637, 37.680401664127487 ], [ 140.064934169218475, 37.680366116336252 ], [ 140.064904992239207, 37.680289998748925 ], [ 140.064876387192925, 37.680216671075378 ], [ 140.064841114882199, 37.68012638703258 ], [ 140.064812779474806, 37.68010417736614 ], [ 140.064761665646699, 37.680077213001546 ], [ 140.06464916185692, 37.680065281038118 ], [ 140.06448611710502, 37.680074172587766 ], [ 140.064407490781264, 37.680094996901154 ], [ 140.064338053638522, 37.680129177746679 ], [ 140.064233058685033, 37.68019028454146 ], [ 140.064058892495666, 37.680208048433087 ], [ 140.06395749241625, 37.680169440220084 ], [ 140.063854443714348, 37.680071112966317 ], [ 140.063799165878237, 37.679912505647806 ], [ 140.063806103714569, 37.679850552114992 ], [ 140.063906933727026, 37.679736115230007 ], [ 140.063955543365665, 37.679697507817323 ], [ 140.063965000319541, 37.679652760353441 ], [ 140.063956383071513, 37.679628337003258 ], [ 140.063941115353146, 37.679585552723111 ], [ 140.063898333273102, 37.679551949708262 ], [ 140.063841661525288, 37.679512495557553 ], [ 140.06381361161786, 37.679478602827047 ], [ 140.063756652504054, 37.679433605663476 ], [ 140.063749735193852, 37.679416668501901 ], [ 140.063738327323392, 37.67923777708566 ], [ 140.063678616773387, 37.679191393768718 ], [ 140.06362889872301, 37.67918833334695 ], [ 140.063551113038102, 37.679151958825678 ], [ 140.063521668285972, 37.679104727970383 ], [ 140.063536667298479, 37.679046932097371 ], [ 140.06363444171464, 37.678963615636142 ], [ 140.06381750971903, 37.678850834612206 ], [ 140.063931371966277, 37.678765823874599 ], [ 140.063828610630367, 37.67865804644817 ], [ 140.063487503453956, 37.678301108753089 ], [ 140.06335722868937, 37.678241118404003 ], [ 140.063285270563057, 37.678198334924176 ], [ 140.063249157613484, 37.678145830763697 ], [ 140.063248336567739, 37.678038053337268 ], [ 140.063438054109469, 37.677884719323949 ], [ 140.06350888609694, 37.677845283580581 ], [ 140.063551399471095, 37.677811392450714 ], [ 140.063609160970515, 37.677751652601643 ], [ 140.063612504865802, 37.677676669067047 ], [ 140.063594162891036, 37.677586116116899 ], [ 140.063579735811516, 37.677411381560141 ], [ 140.063544444840659, 37.677242516546606 ], [ 140.063494995496143, 37.677112778353099 ], [ 140.063466676882882, 37.67706776278218 ], [ 140.063445276512766, 37.677016952097766 ], [ 140.063388336059091, 37.676932500783487 ], [ 140.063331664311278, 37.676820007074248 ], [ 140.063253896353473, 37.676628335355915 ], [ 140.063211382979318, 37.676307215159731 ], [ 140.063294155583947, 37.676177496173892 ], [ 140.063360286151664, 37.676182230864057 ], [ 140.063381381428627, 37.67614389315905 ], [ 140.063433601802444, 37.676077762758766 ], [ 140.063628612290017, 37.675803602909888 ], [ 140.06378193231518, 37.675567779965697 ], [ 140.063853890441493, 37.675446106591792 ], [ 140.063829433542082, 37.675416679644094 ], [ 140.063793891592496, 37.675384173066966 ], [ 140.063801650474545, 37.675328321170021 ], [ 140.063801650474545, 37.675304166727187 ], [ 140.063813898050853, 37.675237228804527 ], [ 140.063813898050853, 37.675107491411339 ], [ 140.063771115970809, 37.674995017710089 ], [ 140.0636933312189, 37.674932775261937 ], [ 140.063509457096899, 37.674858043027662 ], [ 140.063436677924869, 37.674839720513027 ], [ 140.063380541722779, 37.6748213979984 ], [ 140.06330361347085, 37.674808888204296 ], [ 140.063246673950175, 37.67482611348089 ], [ 140.063195829760957, 37.674821109883375 ], [ 140.063120564126592, 37.67479249125838 ], [ 140.063081661487558, 37.674778344810896 ], [ 140.063051663462574, 37.674742508104323 ], [ 140.06303972097939, 37.674721107560892 ], [ 140.062955553530003, 37.674723339651983 ], [ 140.062913611155807, 37.674730556933234 ], [ 140.062826671744119, 37.674694721026981 ], [ 140.062799712521326, 37.674673338890898 ], [ 140.062793884962701, 37.674644719465576 ], [ 140.062730847311542, 37.674640004783406 ], [ 140.062676659227037, 37.674618602639335 ], [ 140.062649718664346, 37.674590003222001 ], [ 140.06265277612664, 37.674534997262768 ], [ 140.062643603739758, 37.674506397845434 ], [ 140.062655564883073, 37.674473063737942 ], [ 140.062703601655727, 37.674415825687618 ], [ 140.06269750539127, 37.674375005391525 ], [ 140.06261555383233, 37.674317497633531 ], [ 140.062553608731776, 37.674248326819466 ], [ 140.062481667399567, 37.6741441676375 ], [ 140.062481114126712, 37.674091664277341 ], [ 140.062504999093136, 37.674016950450415 ], [ 140.062497774823782, 37.673981942074526 ], [ 140.062494164088633, 37.67393473122722 ], [ 140.062462217013064, 37.673916659212594 ], [ 140.062293344702596, 37.673903610803464 ], [ 140.062231111303021, 37.67389110100936 ], [ 140.062184164281945, 37.673928323068985 ], [ 140.062150285882922, 37.673941121778434 ], [ 140.062111669676909, 37.673945278637916 ], [ 140.062000543004729, 37.673921393902752 ], [ 140.061961676752958, 37.673899992559008 ], [ 140.061931678727944, 37.673852223889007 ], [ 140.061898603647535, 37.673854725687768 ], [ 140.061829436143654, 37.67388805979526 ], [ 140.061775551286274, 37.67388805979526 ], [ 140.061721381861872, 37.673847508406517 ], [ 140.061694440366182, 37.673797506845112 ], [ 140.061691382903888, 37.673773622910275 ], [ 140.061742494865968, 37.673695001923555 ], [ 140.061643327471103, 37.673651948736051 ], [ 140.061628346185728, 37.673628064801214 ], [ 140.061619444370706, 37.673532777160901 ], [ 140.061646384933397, 37.673504158535906 ], [ 140.061688325441594, 37.673458891664666 ], [ 140.061607501887494, 37.673403886505746 ], [ 140.061589444479694, 37.673362506786319 ], [ 140.061592501942016, 37.67329083497382 ], [ 140.061625270996302, 37.673269432829748 ], [ 140.061679440420676, 37.673255287982904 ], [ 140.061685556278292, 37.673193064742421 ], [ 140.061721381861872, 37.673131112009926 ], [ 140.061778608748568, 37.673131112009926 ], [ 140.061829436143654, 37.67311444455602 ], [ 140.061864993954373, 37.673113058402642 ], [ 140.062077506710892, 37.673118890330841 ], [ 140.062200003933299, 37.673151107992631 ], [ 140.06225165237413, 37.673171105575982 ], [ 140.06232972542503, 37.673178053149556 ], [ 140.062387506517581, 37.673142775065998 ], [ 140.062431662916197, 37.673109998781193 ], [ 140.062476126273964, 37.673103051207619 ], [ 140.062506947210693, 37.673104166853001 ], [ 140.062591115593079, 37.673149992347248 ], [ 140.062623617807503, 37.673188061144906 ], [ 140.062694161495955, 37.673231383239759 ], [ 140.062756662668392, 37.673247761778327 ], [ 140.062790559727546, 37.67324556810258 ], [ 140.062852504828101, 37.673236117929925 ], [ 140.062924999433164, 37.673176398088835 ], [ 140.06294110685738, 37.673140003559567 ], [ 140.06306276437391, 37.673051663492842 ], [ 140.063178899424997, 37.672994714357863 ], [ 140.063206949332425, 37.672977239381574 ], [ 140.063227509063665, 37.672893884505015 ], [ 140.063224719374205, 37.672852774493258 ], [ 140.063168887332239, 37.672730562504327 ], [ 140.063133615021513, 37.672629174028472 ], [ 140.06306276437391, 37.672499455842953 ], [ 140.06294999187827, 37.672416389881725 ], [ 140.062921941970842, 37.672369448742096 ], [ 140.062560275996219, 37.67205444778881 ], [ 140.062524734046605, 37.671999441829577 ], [ 140.062510003739987, 37.671953059312955 ], [ 140.062469994555244, 37.671748897008186 ], [ 140.062461107668355, 37.67170776778876 ], [ 140.062431662916197, 37.671670276821786 ], [ 140.06237860283656, 37.671649163593052 ], [ 140.062322503021733, 37.671698607331763 ], [ 140.062276663479366, 37.671706671351046 ], [ 140.062232506147751, 37.671684441676611 ], [ 140.062191100252278, 37.671632785054484 ], [ 140.062191100252278, 37.671598046386265 ], [ 140.062173331143498, 37.671508609081506 ], [ 140.062146674214773, 37.671426389858311 ], [ 140.062091951517544, 37.671378333073292 ], [ 140.061980287433613, 37.671349444740621 ], [ 140.061503060206888, 37.671515268540062 ], [ 140.061396115269844, 37.67152556545075 ], [ 140.061138890042827, 37.671436397853661 ], [ 140.06106500245906, 37.671389996129371 ], [ 140.061044728227813, 37.671302772508341 ], [ 140.061047213757121, 37.671266397987068 ], [ 140.061131936345362, 37.671199998679427 ], [ 140.061163330148077, 37.671180271604072 ], [ 140.061226384593368, 37.671130289250343 ], [ 140.061260547559385, 37.671074726268735 ], [ 140.061260547559385, 37.671011675497887 ], [ 140.061220268735752, 37.670949991672742 ], [ 140.061188054820349, 37.670835554787757 ], [ 140.06118667863575, 37.670757223516695 ], [ 140.06118667863575, 37.670708338400992 ], [ 140.061257777463084, 37.670663899060116 ], [ 140.061303043206436, 37.670594170423357 ], [ 140.061301667021837, 37.670544169662278 ], [ 140.061284164752919, 37.670505003626587 ], [ 140.06114082136628, 37.670410544316958 ], [ 140.061096108895782, 37.670370261835565 ], [ 140.061057493622741, 37.670291102233826 ], [ 140.061069452900057, 37.670224165111485 ], [ 140.061128055971352, 37.670173047904697 ], [ 140.061207505206852, 37.670138615758852 ], [ 140.061340836500733, 37.670150549322912 ], [ 140.061521938660405, 37.67018861732025 ], [ 140.061633334971475, 37.670183883430404 ], [ 140.061805264744265, 37.670103049560268 ], [ 140.061916677849439, 37.67002999079407 ], [ 140.062076665139045, 37.669896654364095 ], [ 140.062198609088597, 37.669677210758792 ], [ 140.062303605908085, 37.66957083789309 ], [ 140.062309165693819, 37.669547780688291 ], [ 140.062275823773518, 37.669525551013862 ], [ 140.062240837895786, 37.669499164479944 ], [ 140.062206119790915, 37.669432227357603 ], [ 140.062186668471412, 37.669395832828343 ], [ 140.062172776937615, 37.669321658416763 ], [ 140.062158886336846, 37.669288613224609 ], [ 140.062139451811447, 37.66926973288728 ], [ 140.062086678164803, 37.669257492000533 ], [ 140.062043609651738, 37.669237784132847 ], [ 140.062017222361931, 37.669221116678933 ], [ 140.062008873819764, 37.669198887804825 ], [ 140.062010286391597, 37.669164725366649 ], [ 140.062042233467167, 37.669133893858231 ], [ 140.062089449194104, 37.669097210413625 ], [ 140.062126956055408, 37.66906139371504 ], [ 140.062175565694048, 37.669064723044166 ], [ 140.062475822113868, 37.669105544140578 ], [ 140.062545276983741, 37.669132219589834 ], [ 140.062600822592714, 37.66917194344822 ], [ 140.062609154340748, 37.66920389140234 ], [ 140.062602235164547, 37.669242787730354 ], [ 140.062552213887045, 37.669349738426739 ], [ 140.062542505954411, 37.669394177767614 ], [ 140.062566121281947, 37.669415002081003 ], [ 140.062611943097181, 37.669412788397267 ], [ 140.062656387794817, 37.669366386672976 ], [ 140.062710557219191, 37.669274717277126 ], [ 140.06276778223986, 37.669217788150135 ], [ 140.06276778223986, 37.669141380847151 ], [ 140.062727236576393, 37.669028887137912 ], [ 140.062721658130528, 37.668949169713478 ], [ 140.06273833748773, 37.668900554305445 ], [ 140.062778885017224, 37.668866392667589 ], [ 140.062819162907829, 37.668849167390995 ], [ 140.062881664080237, 37.668833616382784 ], [ 140.062888618710701, 37.668734171882996 ], [ 140.062849733798799, 37.668706669703695 ], [ 140.062826118471264, 37.668709998232501 ], [ 140.062781942479518, 37.668712789746913 ], [ 140.062746382802771, 37.668693890201922 ], [ 140.062742217861768, 37.668668889021063 ], [ 140.062770553269161, 37.668615827838209 ], [ 140.062756662668392, 37.668588344866578 ], [ 140.062713326382493, 37.668562785863031 ], [ 140.062680003122324, 37.668538612212529 ], [ 140.062666112521555, 37.66851084112588 ], [ 140.062704997433457, 37.668476100857028 ], [ 140.062791667206255, 37.668429179725379 ], [ 140.062929433080029, 37.668429179725379 ], [ 140.062961934361454, 37.668480566639836 ], [ 140.062991951046598, 37.66852084832091 ], [ 140.063049714412017, 37.668523600619672 ], [ 140.06315249347503, 37.668492768310934 ], [ 140.063356942256377, 37.668339724013265 ], [ 140.063406661239753, 37.668292493157978 ], [ 140.063576105483236, 37.66811444767945 ], [ 140.063626109966606, 37.668021662638218 ], [ 140.063630274907609, 37.667942503836791 ], [ 140.0635916773617, 37.667732491196475 ], [ 140.063531107512745, 37.667708895376656 ], [ 140.063404175710446, 37.667702774533119 ], [ 140.063335542819289, 37.667693882983478 ], [ 140.063299734029812, 37.6676719430247 ], [ 140.063276939748022, 37.66764110991565 ], [ 140.063281946260901, 37.667587779825446 ], [ 140.063320829306775, 37.667550268050157 ], [ 140.063308333550737, 37.667536950733677 ], [ 140.06315249347503, 37.667505001979237 ], [ 140.063077496546555, 37.667552501741881 ], [ 140.063021932277451, 37.667548613789755 ], [ 140.062924713000143, 37.667598344843164 ], [ 140.062803895189461, 37.667598344843164 ], [ 140.062623062668649, 37.667640263977937 ], [ 140.062484169723007, 37.667654716947787 ], [ 140.062411944756832, 37.66763527878777 ], [ 140.062346672555094, 37.667605562924734 ], [ 140.06229250313072, 37.667560276845826 ], [ 140.062239443051055, 37.667468338542626 ], [ 140.062192228257146, 37.667365545506044 ], [ 140.062157491492144, 37.66731473482163 ], [ 140.062113046794508, 37.667283884105544 ], [ 140.062081118379069, 37.667267216651638 ], [ 140.062051940466802, 37.667250549998052 ], [ 140.062035279769731, 37.667229725684656 ], [ 140.062029736778101, 37.667205283126812 ], [ 140.062054712429102, 37.667177761739843 ], [ 140.062093614135108, 37.667165559268426 ], [ 140.06215193170641, 37.667164442822724 ], [ 140.062248041638981, 37.667172217926669 ], [ 140.062314725479553, 37.66720416588079 ], [ 140.062425835357601, 37.667268891720347 ], [ 140.062560544702109, 37.667305285449295 ], [ 140.062641101416318, 37.667297779252699 ], [ 140.062746382802771, 37.667254457157846 ], [ 140.062858620685716, 37.667274164225219 ], [ 140.062971946454212, 37.667321952903201 ], [ 140.063008060336813, 37.667359443870176 ], [ 140.063077496546555, 37.667415276559453 ], [ 140.063110283327973, 37.667368066512473 ], [ 140.063096392727203, 37.667333327043934 ], [ 140.063091388080323, 37.667271662426458 ], [ 140.063099717962359, 37.667217504005578 ], [ 140.06313443606723, 37.667192233917362 ], [ 140.063173337773264, 37.667158880602202 ], [ 140.063171944794561, 37.667123602518636 ], [ 140.063171944794561, 37.667040824672434 ], [ 140.063191662953926, 37.666991112826693 ], [ 140.063251392164034, 37.666969172067603 ], [ 140.063321670878651, 37.666955007212771 ], [ 140.063372228634876, 37.666886394221393 ], [ 140.063402780865715, 37.666832235800513 ], [ 140.06341250745848, 37.666780271855693 ], [ 140.063405551895016, 37.666742780888718 ], [ 140.063437498970586, 37.666653882999299 ], [ 140.063480567483651, 37.666618604915733 ], [ 140.063529177122291, 37.666593065119855 ], [ 140.063601385294334, 37.666570836245739 ], [ 140.06366388646677, 37.666489155637571 ], [ 140.063800274289946, 37.666322215392427 ], [ 140.063868335248117, 37.666295847265857 ], [ 140.063948891962326, 37.666257490353182 ], [ 140.06400999922306, 37.666195844943374 ], [ 140.064026659920131, 37.666078617344297 ], [ 140.064007227260731, 37.665980289290204 ], [ 140.063982217088494, 37.665940565431825 ], [ 140.063944727021322, 37.665928613460409 ], [ 140.063898888411956, 37.665918625473047 ], [ 140.06384055311355, 37.665914178897907 ], [ 140.063783326226883, 37.665907500231683 ], [ 140.063723615676878, 37.665873897216834 ], [ 140.0635916773617, 37.665759998946868 ], [ 140.063592784840438, 37.665696389553013 ], [ 140.063593054479298, 37.665684727297254 ], [ 140.0636291674289, 37.665639441218353 ], [ 140.063613881050401, 37.665620849796362 ], [ 140.063583346546665, 37.665588612126584 ], [ 140.063520828580124, 37.665499714237164 ], [ 140.063506954773487, 37.665466380129672 ], [ 140.063388889331947, 37.665219992167764 ], [ 140.063354171227076, 37.665165833746876 ], [ 140.063366668849142, 37.665130555663318 ], [ 140.063419443428813, 37.665107787373863 ], [ 140.063438893815317, 37.665125552065803 ], [ 140.063491670260987, 37.665169721699009 ], [ 140.063551399471095, 37.665187504798297 ], [ 140.063640287000368, 37.665147780939918 ], [ 140.063686106949575, 37.665115544070453 ], [ 140.063748607189012, 37.665094718956745 ], [ 140.063808606038009, 37.665051396861891 ], [ 140.063841947958281, 37.665031669786536 ], [ 140.063869711432687, 37.665024991120305 ], [ 140.063911385101022, 37.665027223211396 ], [ 140.063962765768991, 37.665043601749957 ], [ 140.064011392201763, 37.665050280416189 ], [ 140.064036386512868, 37.665042216396905 ], [ 140.064096115723004, 37.664921677876052 ], [ 140.064071104617739, 37.664824447059999 ], [ 140.0640211187945, 37.664727215443627 ], [ 140.063933607449854, 37.664612220735947 ], [ 140.063933607449854, 37.664587778178095 ], [ 140.063954434020928, 37.664543608544889 ], [ 140.063983610067197, 37.664519165987045 ], [ 140.064012787046465, 37.664532502511193 ], [ 140.064025283735532, 37.664560275198482 ], [ 140.06405721308397, 37.664601114702243 ], [ 140.06409055500427, 37.664653618862722 ], [ 140.064168340689179, 37.664612778558634 ], [ 140.064168340689179, 37.66455638804667 ], [ 140.064146101546243, 37.66451556695025 ], [ 140.06409055500427, 37.664483329280472 ], [ 140.06405306587007, 37.664439178854934 ], [ 140.064080829344505, 37.664413601444032 ], [ 140.064165551932746, 37.66437278034762 ], [ 140.064182214495816, 37.664328610714414 ], [ 140.064162764109312, 37.664263885675169 ], [ 140.064098886752305, 37.664154452387699 ], [ 140.064072497596442, 37.664102506850227 ], [ 140.064082224189207, 37.66404195867846 ], [ 140.064133604857176, 37.663998616575618 ], [ 140.06422111620185, 37.663873324957251 ], [ 140.064264166054755, 37.663800285398722 ], [ 140.064300564504322, 37.663622491220522 ], [ 140.064314438310987, 37.663536384045194 ], [ 140.064394995025197, 37.663497218809823 ], [ 140.064454724235333, 37.663459726242209 ], [ 140.064481111525168, 37.663458610596827 ], [ 140.06453111600851, 37.663465289263051 ], [ 140.064567228958111, 37.663501663784324 ], [ 140.064601947995982, 37.663534728984473 ], [ 140.064654722575654, 37.663534728984473 ], [ 140.064708892000027, 37.663517234000203 ], [ 140.064771392239464, 37.663478337672181 ], [ 140.0648258294367, 37.663450834692561 ], [ 140.064864714348602, 37.663444156026337 ], [ 140.064941106121807, 37.663484997130737 ], [ 140.065017497895013, 37.663520544121653 ], [ 140.065050839815285, 37.663566388023249 ], [ 140.065116110151024, 37.66362277933554 ], [ 140.065177234205862, 37.663743048148724 ], [ 140.065191107079499, 37.663815836406926 ], [ 140.065186942138496, 37.663884448597983 ], [ 140.065171655759997, 37.663951117613294 ], [ 140.065154995062926, 37.664021385665393 ], [ 140.065151669827742, 37.664091113501826 ], [ 140.065176108066993, 37.664112496438229 ], [ 140.065213614928297, 37.664149447989864 ], [ 140.065215832684743, 37.664191674447324 ], [ 140.065184993087911, 37.66422860759161 ], [ 140.065107492902996, 37.664291946477476 ], [ 140.065091957411738, 37.66436250184428 ], [ 140.065091957411738, 37.664462774674753 ], [ 140.065196112659379, 37.66455806151474 ], [ 140.065461383201438, 37.664756951314644 ], [ 140.065529997432463, 37.664774734413939 ], [ 140.065605279860932, 37.664783337048242 ], [ 140.065645272251544, 37.664728889712016 ], [ 140.065634152680076, 37.664651385971318 ], [ 140.065609713507826, 37.66457388223062 ], [ 140.065609713507826, 37.664503325263176 ], [ 140.065634152680076, 37.664440006385298 ], [ 140.065684996869294, 37.664383615073007 ], [ 140.065740542478267, 37.664366101681388 ], [ 140.065784719403041, 37.664385270934055 ], [ 140.065846665436595, 37.664445279690483 ], [ 140.065886675554339, 37.664524458499898 ], [ 140.065906663352592, 37.664566664949369 ], [ 140.065970827142593, 37.664608044668796 ], [ 140.066145544738816, 37.664722788876468 ], [ 140.06619445947058, 37.66475444871557 ], [ 140.066274156885811, 37.664761396289151 ], [ 140.066329452449054, 37.664745557165922 ], [ 140.06634055522639, 37.664653887770072 ], [ 140.066358343928329, 37.664553616540239 ], [ 140.066329452449054, 37.664525286030262 ], [ 140.066274156885811, 37.664476112799541 ], [ 140.06625860366745, 37.664405555832097 ], [ 140.066280842810386, 37.664270005718386 ], [ 140.06629194558775, 37.664206666832513 ], [ 140.066347224356861, 37.664169714480565 ], [ 140.066373897146661, 37.664178337122856 ], [ 140.06640471808339, 37.664215289474811 ], [ 140.066435825453112, 37.66427527902357 ], [ 140.066484451885884, 37.664322778786214 ], [ 140.066531113406967, 37.664347490251416 ], [ 140.066564152100142, 37.664403881563707 ], [ 140.066579723045606, 37.66446889471797 ], [ 140.066561934343667, 37.664504172801529 ], [ 140.066517777012052, 37.664571110724189 ], [ 140.066513324705028, 37.664645285135769 ], [ 140.066526662032942, 37.664729737250369 ], [ 140.066575271671582, 37.664749156202717 ], [ 140.066668326007886, 37.664759722821074 ], [ 140.066750275700798, 37.664733336287156 ], [ 140.066776664856633, 37.664676944974872 ], [ 140.06682110768827, 37.664639991822597 ], [ 140.066865283680016, 37.664625827768084 ], [ 140.066960553906739, 37.664615280357395 ], [ 140.067069161461376, 37.664586103109386 ], [ 140.067097764641659, 37.6645158358576 ], [ 140.067071396944954, 37.664471666224401 ], [ 140.067040270915129, 37.664380824358908 ], [ 140.067035836335236, 37.664354457832985 ], [ 140.067058041889936, 37.664291946477476 ], [ 140.067156673739078, 37.664171677664292 ], [ 140.067228058999376, 37.664121945810564 ], [ 140.06724389865073, 37.664110821369519 ], [ 140.067339455310446, 37.664102506850227 ], [ 140.067417509701244, 37.664102506850227 ], [ 140.067461112827004, 37.664098618898102 ], [ 140.067483048742815, 37.664049176760031 ], [ 140.067472215604369, 37.663965551375476 ], [ 140.067385829465536, 37.663881119268865 ], [ 140.067352505272368, 37.663785832428871 ], [ 140.067352505272368, 37.663713601993358 ], [ 140.067396949970004, 37.663560556895376 ], [ 140.067436674587753, 37.663396677072001 ], [ 140.067418885885814, 37.663331663117418 ], [ 140.0674055485579, 37.663303332607434 ], [ 140.067376945377646, 37.663278601934564 ], [ 140.06730166015015, 37.663266381055799 ], [ 140.067170832112708, 37.663268054523876 ], [ 140.067095567411343, 37.663268054523876 ], [ 140.067022500873321, 37.663254159376713 ], [ 140.066956102532743, 37.663239994521888 ], [ 140.066900824696631, 37.663254159376713 ], [ 140.06688527147827, 37.663308606712938 ], [ 140.066911944268099, 37.663375543835279 ], [ 140.066947218444852, 37.663491944704319 ], [ 140.06695833801632, 37.663565850208549 ], [ 140.066956102532743, 37.663625550841971 ], [ 140.066916396575124, 37.663696107009088 ], [ 140.066847494978106, 37.663758040533914 ], [ 140.066794434898441, 37.663793068917791 ], [ 140.066732506592018, 37.663833331391196 ], [ 140.066658885848113, 37.663866665498695 ], [ 140.066610562642467, 37.663880003623483 ], [ 140.066551941844068, 37.663888875965455 ], [ 140.066461389831204, 37.663878347762434 ], [ 140.066336103852365, 37.663853617089565 ], [ 140.066216663159281, 37.663842781563851 ], [ 140.066096935100148, 37.663828327793681 ], [ 140.066015825113084, 37.663818607913356 ], [ 140.065948067382038, 37.663796936861935 ], [ 140.065845289251996, 37.6636925079723 ], [ 140.065746388696994, 37.663548893839298 ], [ 140.065722505596597, 37.663499450900908 ], [ 140.065715836466154, 37.663471678213618 ], [ 140.065755274650911, 37.663391383758828 ], [ 140.065778890911417, 37.663346386595258 ], [ 140.065810551553994, 37.663321386214719 ], [ 140.065866955528946, 37.663294441057786 ], [ 140.065932497369573, 37.663261954488647 ], [ 140.065988882684394, 37.66321805376279 ], [ 140.066013607356638, 37.66317138153051 ], [ 140.065991117234944, 37.663152501993508 ], [ 140.065911114726589, 37.663123882568186 ], [ 140.065794730562772, 37.663069435231961 ], [ 140.065702212705247, 37.663005827438738 ], [ 140.065580268755696, 37.662885558625561 ], [ 140.065479993882093, 37.662753876455987 ], [ 140.065404441814735, 37.662645270698881 ], [ 140.065370546621608, 37.662577217130838 ], [ 140.065366934953431, 37.662489994310128 ], [ 140.065371672760449, 37.662439434926036 ], [ 140.065475273802207, 37.662268894843777 ], [ 140.06554887588598, 37.662111384763307 ], [ 140.065597217751758, 37.662061114294552 ], [ 140.065639176920087, 37.66202945445545 ], [ 140.0656999968148, 37.662009726579775 ], [ 140.065737235903242, 37.661968617368338 ], [ 140.065745281218284, 37.661906664635843 ], [ 140.065754166239174, 37.661862495002637 ], [ 140.065776675020999, 37.661838321352143 ], [ 140.065794730562772, 37.661806103690353 ], [ 140.065777781566709, 37.661763897240874 ], [ 140.065753056894437, 37.66174417016552 ], [ 140.06571027668042, 37.661739723590379 ], [ 140.065648061940976, 37.661751386646451 ], [ 140.065565824882043, 37.661785279376957 ], [ 140.06546528036958, 37.661801946830863 ], [ 140.06539861332314, 37.661801119300506 ], [ 140.065310566432743, 37.66178943623644 ], [ 140.065261116155227, 37.661797500255723 ], [ 140.065176394500014, 37.661855835544081 ], [ 140.065073615436972, 37.661900832707644 ], [ 140.064957499046017, 37.66191278467906 ], [ 140.064841114882199, 37.661918327691914 ], [ 140.064760003029107, 37.661907492166208 ], [ 140.064594993365546, 37.661833894784984 ], [ 140.064509446932561, 37.661761934057147 ], [ 140.064430285996082, 37.66168722103054 ], [ 140.064401108083786, 37.661626941766123 ], [ 140.06438750298301, 37.661549726940763 ], [ 140.064413337, 37.661372508992599 ], [ 140.064426942100766, 37.661258610722633 ], [ 140.064409994970703, 37.661248602727291 ], [ 140.064373881088102, 37.661230568327674 ], [ 140.064345562474813, 37.661208321046217 ], [ 140.064334442903345, 37.661174158608034 ], [ 140.06433889427737, 37.661109434369116 ], [ 140.064326667227192, 37.661076389176962 ], [ 140.064238886243629, 37.661024173931821 ], [ 140.064172221063188, 37.660972498902346 ], [ 140.064142776311058, 37.660963336844709 ], [ 140.064122502079812, 37.660969727395916 ], [ 140.064093057327682, 37.661046114690912 ], [ 140.064048059357191, 37.661089167878416 ], [ 140.064003883365444, 37.661137784086762 ], [ 140.063940829853152, 37.661170001748552 ], [ 140.063898046840109, 37.66118166480463 ], [ 140.063852781096756, 37.66119334706837 ], [ 140.063823336344626, 37.661216673180519 ], [ 140.063787223395025, 37.661289443031372 ], [ 140.063748893622005, 37.661356380153713 ], [ 140.063678884546249, 37.661473050730422 ], [ 140.063586385348856, 37.66157805745074 ], [ 140.063509725802788, 37.661616664063104 ], [ 140.063456665723123, 37.661670823284304 ], [ 140.06343306718972, 37.661715820447874 ], [ 140.063440826071769, 37.661732776016798 ], [ 140.063454447966677, 37.66176166514979 ], [ 140.063470287618031, 37.661803043268584 ], [ 140.06350749125221, 37.661844172488003 ], [ 140.063534431814901, 37.661893616226713 ], [ 140.063549164920545, 37.661932222839077 ], [ 140.063548055575808, 37.661944714225832 ], [ 140.063521113147118, 37.661979163978707 ], [ 140.063494995496143, 37.662046660524382 ], [ 140.063481371735236, 37.662069178313835 ], [ 140.063457773201833, 37.662084440406701 ], [ 140.063425003214547, 37.66207889739384 ], [ 140.063396953307119, 37.662057496050089 ], [ 140.063366382416149, 37.662045832994018 ], [ 140.063343893227483, 37.662036671736701 ], [ 140.063325835819654, 37.662033053492245 ], [ 140.063301933126155, 37.662040270773495 ], [ 140.063289723803081, 37.66205555207403 ], [ 140.063287219613642, 37.66207889739384 ], [ 140.063286110268905, 37.662104995812733 ], [ 140.063296391067524, 37.662125550418452 ], [ 140.063306653206041, 37.662160558794341 ], [ 140.063318880256219, 37.662196664408263 ], [ 140.063332504017126, 37.662232500314516 ], [ 140.063346109117902, 37.662257501495375 ], [ 140.063374159025329, 37.66227110852752 ], [ 140.063413883643079, 37.662293876016655 ], [ 140.063452213416099, 37.662310004055215 ], [ 140.063482497874077, 37.662319166112852 ], [ 140.063523330903564, 37.662311948031281 ], [ 140.063612504865802, 37.662289430241827 ], [ 140.063643898668516, 37.662278613923789 ], [ 140.063692508307184, 37.662304711542362 ], [ 140.063775836050695, 37.662348612268218 ], [ 140.06393028221467, 37.662341952809655 ], [ 140.063984432978941, 37.662335563859088 ], [ 140.064073606941179, 37.662338334565199 ], [ 140.064221670407704, 37.662403059604443 ], [ 140.064318621912122, 37.662474712209274 ], [ 140.064348048004149, 37.66250165656588 ], [ 140.064356933025039, 37.662543883023339 ], [ 140.064372772676393, 37.662577217130838 ], [ 140.064424726210348, 37.662608607262264 ], [ 140.064468614836102, 37.662628604045288 ], [ 140.06452637913452, 37.662670002972391 ], [ 140.064523893605212, 37.662689710840077 ], [ 140.064503600713834, 37.662701393103816 ], [ 140.064431394407791, 37.662698890504743 ], [ 140.064431394407791, 37.662837769947572 ], [ 140.064422508453873, 37.662868332548641 ], [ 140.0644144454117, 37.662929997166117 ], [ 140.064408885625966, 37.663020550116265 ], [ 140.064281382823708, 37.663248886071528 ], [ 140.064264433827617, 37.663266938878493 ], [ 140.064247503491686, 37.663380009618088 ], [ 140.064215824188977, 37.663459169219834 ], [ 140.064143616016906, 37.663556958658901 ], [ 140.064113331558929, 37.663574991457878 ], [ 140.064020545928514, 37.663623606865904 ], [ 140.063918053298494, 37.663830829592442 ], [ 140.06388528331118, 37.663868898390099 ], [ 140.063779161285851, 37.663941667440632 ], [ 140.063735002088208, 37.663998328460593 ], [ 140.06371360265112, 37.664066382828956 ], [ 140.063656127584721, 37.664122234725902 ], [ 140.06358944281115, 37.664163324729671 ], [ 140.063543335495922, 37.664162497199314 ], [ 140.063396666874127, 37.664078603707722 ], [ 140.063338886714604, 37.664036397258251 ], [ 140.063306384500152, 37.663965551375476 ], [ 140.063305008315581, 37.66390973789386 ], [ 140.063342498382752, 37.663815567499576 ], [ 140.063331109172395, 37.663771666773719 ], [ 140.063290544848797, 37.663718605590873 ], [ 140.063240827731448, 37.663662233486249 ], [ 140.06319221809278, 37.663622491220522 ], [ 140.063140265491853, 37.663601955822472 ], [ 140.063073885811406, 37.663585846191253 ], [ 140.063041115824092, 37.663583883007519 ], [ 140.062981384747985, 37.663591101089089 ], [ 140.062957786214554, 37.663600280753755 ], [ 140.062933044748206, 37.663615562854609 ], [ 140.062910285920651, 37.663642218295877 ], [ 140.062894731769291, 37.663679997377876 ], [ 140.062883326697829, 37.663740276642294 ], [ 140.062894731769291, 37.663803327413142 ], [ 140.06290111446674, 37.66383389001421 ], [ 140.062946113370259, 37.663905831534386 ], [ 140.063010544000122, 37.663966937528848 ], [ 140.063119991260606, 37.664020827042378 ], [ 140.063180006903707, 37.664036935873277 ], [ 140.063204714781847, 37.664052217173811 ], [ 140.063201389546691, 37.66408445404327 ], [ 140.063157213554916, 37.664128046646113 ], [ 140.063153887386761, 37.664199719258939 ], [ 140.063193325571518, 37.664280553129075 ], [ 140.063205823193584, 37.664347779166754 ], [ 140.063198064311507, 37.664366659504083 ], [ 140.063091941353179, 37.664410829137289 ], [ 140.063024167761029, 37.664425552615128 ], [ 140.062913611155807, 37.664427227683838 ], [ 140.062802786777723, 37.664454171240131 ], [ 140.062711396925039, 37.664495550959558 ], [ 140.062670832601441, 37.664495550959558 ], [ 140.062585000668463, 37.664488332877987 ], [ 140.062542505954411, 37.664465834296202 ], [ 140.062503067769683, 37.66438471231104 ], [ 140.062508609828285, 37.664339715147477 ], [ 140.062699168008834, 37.664250836465719 ], [ 140.06269611054654, 37.664188883733225 ], [ 140.062667774206147, 37.664171119841605 ], [ 140.062627228542652, 37.66416471008273 ], [ 140.062534728412231, 37.664144174684679 ], [ 140.062490552420485, 37.664126103470366 ], [ 140.062410568572261, 37.664066382828956 ], [ 140.062311114744375, 37.663968612597557 ], [ 140.062276110206511, 37.663912221285273 ], [ 140.062258053731711, 37.663874440602633 ], [ 140.062242230874489, 37.663841934825825 ], [ 140.062219723958691, 37.66382944343907 ], [ 140.062194998353448, 37.663839451434413 ], [ 140.062157491492144, 37.663858332572062 ], [ 140.06212611634956, 37.663863605076926 ], [ 140.06209667159743, 37.663867224121702 ], [ 140.062066118433563, 37.663841934825825 ], [ 140.062028897072253, 37.663806944857285 ], [ 140.061995000013098, 37.663799997283704 ], [ 140.06195554410121, 37.66378916175799 ], [ 140.061930837156098, 37.663749168191941 ], [ 140.061907237689695, 37.663686387929083 ], [ 140.061895832618234, 37.663643334741579 ], [ 140.061914996571744, 37.663587501251982 ], [ 140.061945550668611, 37.663566946646263 ], [ 140.062009713525612, 37.663554456059828 ], [ 140.062062774538276, 37.663553608521475 ], [ 140.062088894055222, 37.663515001909111 ], [ 140.062118052374359, 37.663485285245763 ], [ 140.062149714882963, 37.663461939925945 ], [ 140.06216555360129, 37.66342471786632 ], [ 140.062172221798761, 37.663393327734887 ], [ 140.062155274668697, 37.663365555847918 ], [ 140.062131676135294, 37.663316112109207 ], [ 140.062131676135294, 37.66327305892171 ], [ 140.062144171891333, 37.663235279039391 ], [ 140.06216555360129, 37.663211106189216 ], [ 140.062198324521603, 37.663193052581931 ], [ 140.062238888845201, 37.663180562795816 ], [ 140.062237780433492, 37.663128328343007 ], [ 140.062206119790915, 37.663102788547121 ], [ 140.062183627803222, 37.663081387203377 ], [ 140.062182501664381, 37.663050824602308 ], [ 140.062199432000313, 37.66302139765461 ], [ 140.062219723958691, 37.6629891791925 ], [ 140.062210551571781, 37.662957789061075 ], [ 140.06217583346691, 37.662916390934299 ], [ 140.062153056912251, 37.662869719502332 ], [ 140.062138326605606, 37.662825837984151 ], [ 140.062114727139203, 37.662807765969518 ], [ 140.062098887487849, 37.662806110908797 ], [ 140.062081958084917, 37.662826665514515 ], [ 140.062073054403896, 37.662872491008763 ], [ 140.062053872723254, 37.662885000002547 ], [ 140.06202110273594, 37.66287861105198 ], [ 140.061976944471326, 37.662793061699347 ], [ 140.061938614698278, 37.662733899680951 ], [ 140.061872233151831, 37.662673601208859 ], [ 140.061841663193832, 37.66262527471617 ], [ 140.061842771605569, 37.662592768139042 ], [ 140.061845006156148, 37.662542496869968 ], [ 140.061820281483875, 37.662494439284629 ], [ 140.061756958332722, 37.662430003961049 ], [ 140.061736668240371, 37.662393050808774 ], [ 140.061737776652109, 37.66235444419641 ], [ 140.061759176089168, 37.662310562678229 ], [ 140.06180556797139, 37.662244163370595 ], [ 140.061873325702436, 37.662207211018639 ], [ 140.061936396941832, 37.662185828082237 ], [ 140.062098887487849, 37.662187503150953 ], [ 140.062138058832744, 37.662176936532589 ], [ 140.062321394609995, 37.662126954979179 ], [ 140.062406956904084, 37.662122509204352 ], [ 140.062515277092729, 37.662151108621686 ], [ 140.062649718664346, 37.66216639072254 ], [ 140.062721943630521, 37.662139445565614 ], [ 140.062746651508661, 37.662097219908475 ], [ 140.062729722105701, 37.662071391197252 ], [ 140.062686957752788, 37.662061114294552 ], [ 140.062653043899502, 37.66203222596188 ], [ 140.062656387794817, 37.661981107954773 ], [ 140.062578618904013, 37.661913881116774 ], [ 140.062525556958349, 37.661892210865673 ], [ 140.062479165076155, 37.661876948772807 ], [ 140.062398053223063, 37.661842787134951 ], [ 140.062288605962578, 37.661754447068219 ], [ 140.062128332239979, 37.66163054160323 ], [ 140.062081958084917, 37.661611660465589 ], [ 140.061916105916481, 37.661538891415049 ], [ 140.061766112059502, 37.661457769429894 ], [ 140.061713050113838, 37.661434442517425 ], [ 140.061597775294757, 37.66142362619938 ], [ 140.061428617484268, 37.661408344898852 ], [ 140.061351956072201, 37.661396662635106 ], [ 140.061312214660319, 37.661374164053321 ], [ 140.06127526107187, 37.66133472911028 ], [ 140.061253897089045, 37.661256397038898 ], [ 140.061256114845492, 37.661167499949798 ], [ 140.061288884832777, 37.661100003404123 ], [ 140.061334169236261, 37.661056103478593 ], [ 140.061403606379031, 37.661023885016483 ], [ 140.061469163147734, 37.660955003918076 ], [ 140.061543624530486, 37.660824996817219 ], [ 140.061662224584751, 37.660699165783512 ], [ 140.061759176089168, 37.660633344306554 ], [ 140.061810001618255, 37.660597507599981 ], [ 140.061943334778164, 37.660579455593336 ], [ 140.062010839664453, 37.660555281942841 ], [ 140.062025553176966, 37.660516673729845 ], [ 140.062080831946076, 37.660360550603059 ], [ 140.062103322067742, 37.660331951185725 ], [ 140.062129441584716, 37.660318613060937 ], [ 140.062168896563577, 37.660302234522369 ], [ 140.062197216109894, 37.660288069667544 ], [ 140.062183627803222, 37.660261952841296 ], [ 140.062129441584716, 37.660235835214735 ], [ 140.061993892534389, 37.660210007303832 ], [ 140.061937505353541, 37.660208063327765 ], [ 140.06189250738305, 37.660210007303832 ], [ 140.06185167528659, 37.660218052115447 ], [ 140.061828058093056, 37.660236932452769 ], [ 140.06180556797139, 37.660268881207209 ], [ 140.06179416196693, 37.66030527493615 ], [ 140.061743336437843, 37.660323058035445 ], [ 140.061702772114216, 37.660331103647373 ], [ 140.061663333929488, 37.660318613060937 ], [ 140.061616117269523, 37.660325829541868 ], [ 140.061574445467215, 37.660352774698801 ], [ 140.061526943307285, 37.660387783875002 ], [ 140.061469431853624, 37.660405835881647 ], [ 140.061396115269844, 37.660398619400716 ], [ 140.061283325047043, 37.660409454926423 ], [ 140.061213332765448, 37.660415554961652 ], [ 140.061172787101981, 37.660388611405367 ], [ 140.061149992820162, 37.660308893980933 ], [ 140.061168048361964, 37.660269439830223 ], [ 140.061240275194137, 37.660257775973825 ], [ 140.061306959967709, 37.660269727945241 ], [ 140.0614174969798, 37.660205003706317 ], [ 140.061445833320221, 37.660205003706317 ], [ 140.061511103655931, 37.660208601942792 ], [ 140.061561947845149, 37.660129154226027 ], [ 140.061528052651994, 37.660102229877403 ], [ 140.061458062236397, 37.660108330712951 ], [ 140.061367778929423, 37.660107502382274 ], [ 140.061340836500733, 37.660089738490647 ], [ 140.061316111828461, 37.660048339563552 ], [ 140.061304724484131, 37.659969720177472 ], [ 140.061295552097249, 37.659939157576403 ], [ 140.061311391748603, 37.659853069608751 ], [ 140.061345288807729, 37.659800008425897 ], [ 140.061497784988148, 37.659696117350961 ], [ 140.06175055884114, 37.659496381613351 ], [ 140.0617494327023, 37.65939749573657 ], [ 140.061689453446434, 37.659311946383937 ], [ 140.061677224530257, 37.659245278168946 ], [ 140.061725565463036, 37.65918806012661 ], [ 140.061725565463036, 37.659109728855547 ], [ 140.061689453446434, 37.659078338724122 ], [ 140.061586942156282, 37.659013343977207 ], [ 140.06156084036644, 37.658978334800999 ], [ 140.061576662290662, 37.658939728188642 ], [ 140.061612775240235, 37.658858046780146 ], [ 140.061621946694146, 37.658788896774389 ], [ 140.061604997698055, 37.658746650308942 ], [ 140.061554153508837, 37.658711392233371 ], [ 140.061476117778199, 37.658669166576232 ], [ 140.061451393105926, 37.65863583246874 ], [ 140.061426668433683, 37.658573051405561 ], [ 140.06141860445851, 37.65851194461078 ], [ 140.06145582675282, 37.658461674142025 ], [ 140.06153277273188, 37.658381937509915 ], [ 140.061593610353725, 37.658354454538291 ], [ 140.061950270748497, 37.658341943943867 ], [ 140.062048329731624, 37.658285823139565 ], [ 140.062117212668511, 37.658257223722231 ], [ 140.062557237194056, 37.658070286694063 ], [ 140.062588897836633, 37.658068053002339 ], [ 140.062945273664383, 37.658055563216223 ], [ 140.063124711340492, 37.658038896562637 ], [ 140.063279443937461, 37.658015550442499 ], [ 140.06335722868937, 37.658016397180532 ], [ 140.063487217953963, 37.658104448331919 ], [ 140.063596665214476, 37.658106392307985 ], [ 140.063661937416185, 37.658093054183198 ], [ 140.063664171966764, 37.65809249556019 ], [ 140.06377388700011, 37.658003617678752 ], [ 140.063893328626222, 37.657990838176978 ], [ 140.064050277113665, 37.657952499671651 ], [ 140.064124719836286, 37.657943608122004 ], [ 140.064159723441122, 37.657937219171437 ], [ 140.06419027660499, 37.657946398836103 ], [ 140.064207225601081, 37.657959717753222 ], [ 140.064213893798524, 37.657983062272713 ], [ 140.064196945735461, 37.658006947007877 ], [ 140.064139451075903, 37.658089994561749 ], [ 140.064139451075903, 37.658141380675886 ], [ 140.064146101546243, 37.658219712747268 ], [ 140.064150838420233, 37.658310823520104 ], [ 140.064164175748147, 37.65832722126634 ], [ 140.064177780848922, 37.658337787084385 ], [ 140.064238886243629, 37.658352221646886 ], [ 140.064280541251833, 37.658363057172593 ], [ 140.064297507975027, 37.658380821064213 ], [ 140.064293055668031, 37.658424163967375 ], [ 140.06425444039499, 37.658456382429492 ], [ 140.0642455553741, 37.65848861849863 ], [ 140.064265828672347, 37.658504728129849 ], [ 140.064288335588145, 37.658515563655556 ], [ 140.064308628479523, 37.658515563655556 ], [ 140.064322232647299, 37.658544451988227 ], [ 140.064347225092405, 37.658581942955202 ], [ 140.064329150890501, 37.658607213043418 ], [ 140.064277234676808, 37.658628615187489 ], [ 140.064223046592275, 37.658646667194127 ], [ 140.064182214495816, 37.658675286619449 ], [ 140.064173328541926, 37.658785008822257 ], [ 140.064223046592275, 37.658821672258874 ], [ 140.064306392995945, 37.658841399334229 ], [ 140.064561668239378, 37.658783891576235 ], [ 140.0646722248446, 37.658746381401592 ], [ 140.064735278356864, 37.658683331431064 ], [ 140.064852771865418, 37.658609714842171 ], [ 140.064945288789943, 37.658635004138056 ], [ 140.065003892794238, 37.658590006974485 ], [ 140.065094156508081, 37.658496664110565 ], [ 140.065148325932455, 37.658432227986658 ], [ 140.06518222205861, 37.658419448484885 ], [ 140.065234174659537, 37.658385555754379 ], [ 140.065272504432585, 37.658275275728876 ], [ 140.065344730331759, 37.65804722948927 ], [ 140.06539861332314, 37.658002501233049 ], [ 140.065450549129963, 37.657977231144841 ], [ 140.065464154230739, 37.657921668163233 ], [ 140.065452784613541, 37.65784083429309 ], [ 140.065475273802207, 37.657731381797952 ], [ 140.065504718554337, 37.6577024942656 ], [ 140.065570275323068, 37.657675837223692 ], [ 140.065664992276936, 37.657641675585836 ], [ 140.065707772490953, 37.657612788053484 ], [ 140.065795839907508, 37.657589441933354 ], [ 140.065870567197123, 37.657598603190664 ], [ 140.066051114217942, 37.657635286635269 ], [ 140.066184160944829, 37.657714157321678 ], [ 140.066428047910932, 37.657726936823451 ], [ 140.066570283818834, 37.657764446998094 ], [ 140.066619716369217, 37.65778971708631 ], [ 140.066698896898856, 37.65788138648216 ], [ 140.066820554415415, 37.657922495693597 ], [ 140.066908602238811, 37.657953058294659 ], [ 140.067008056066697, 37.658028329944273 ], [ 140.067073612835401, 37.658099444734404 ], [ 140.067218064633749, 37.658110279459798 ], [ 140.06729027373882, 37.658140553945842 ], [ 140.067389441133685, 37.65820360391637 ], [ 140.067430005457283, 37.658268059247945 ], [ 140.067486660410992, 37.658336382523657 ], [ 140.067676111112831, 37.658408054336164 ], [ 140.067806939150273, 37.658461943849694 ], [ 140.067881668305915, 37.658463887825761 ], [ 140.068048611158957, 37.658398335256152 ], [ 140.068134173453046, 37.658355282068655 ], [ 140.068249162772133, 37.65829055782973 ], [ 140.06843194434353, 37.658141650383556 ], [ 140.06850499222142, 37.65810862439907 ], [ 140.068662227141829, 37.65806472367322 ], [ 140.068766667889463, 37.658065552003897 ], [ 140.06884445544037, 37.658075271083909 ], [ 140.069094456398062, 37.658080274681424 ], [ 140.069696112170647, 37.658069728071048 ], [ 140.069868330242429, 37.658102214640195 ], [ 140.0702769413721, 37.658177217382459 ], [ 140.070383047536325, 37.658180277003908 ], [ 140.070493602275519, 37.658141111768536 ], [ 140.070481392019474, 37.657992782153045 ], [ 140.070414439473012, 37.657880288443806 ], [ 140.070300559498662, 37.65778971708631 ], [ 140.070131668528035, 37.657721104895252 ], [ 140.068630833339142, 37.65769473756901 ], [ 140.068589715742661, 37.65769221576226 ], [ 140.06855749902823, 37.657684171750965 ], [ 140.068511946851885, 37.657642215001182 ], [ 140.068391665519925, 37.657531396360653 ], [ 140.068349456305839, 37.657457221949073 ], [ 140.068333330221492, 37.657419999889449 ], [ 140.068334725066222, 37.657377504524639 ], [ 140.068355839003317, 37.657322768273076 ], [ 140.068399174356216, 37.657267223698817 ], [ 140.068384444049599, 37.657243898386987 ], [ 140.068350832490438, 37.657204174528609 ], [ 140.068339176440247, 37.657165566315605 ], [ 140.068365564663083, 37.657100284253993 ], [ 140.068425544851948, 37.657051956960984 ], [ 140.068479999776315, 37.657031940970292 ], [ 140.068596954940119, 37.656985268738005 ], [ 140.068624720280553, 37.656811669834624 ], [ 140.068661387435981, 37.65677889354982 ], [ 140.068702505032434, 37.656764998402664 ], [ 140.068746663297077, 37.656759166474465 ], [ 140.068796382280453, 37.656762495803584 ], [ 140.068929999074328, 37.656848891894249 ], [ 140.069099998456664, 37.656871659383384 ], [ 140.069179162192171, 37.656798043594819 ], [ 140.069249724540782, 37.656787785099468 ], [ 140.069738055477842, 37.65676139856555 ], [ 140.069985267679101, 37.656737225715375 ], [ 140.070161952986012, 37.656734992823971 ], [ 140.07028083947327, 37.656746386972692 ], [ 140.070410006759147, 37.65680195075462 ], [ 140.070615278452209, 37.656948606101714 ], [ 140.07076639751503, 37.657124726811844 ], [ 140.070896941918477, 37.657375541340905 ], [ 140.070939436632528, 37.657410568924462 ], [ 140.07098332619131, 37.657419999889449 ], [ 140.071046381569602, 37.657423329218567 ], [ 140.071136664876576, 37.657400272814094 ], [ 140.071169434863862, 37.657373886280176 ], [ 140.071187221699773, 37.657330005562315 ], [ 140.071179999296476, 37.657282216884333 ], [ 140.071062507653949, 37.657112505132758 ], [ 140.071011108325848, 37.657039158251543 ], [ 140.070971652413959, 37.656961654510845 ], [ 140.070974727603385, 37.656702775162174 ], [ 140.07100472562837, 37.656598057357201 ], [ 140.071046112863712, 37.656516107041355 ], [ 140.07105473011174, 37.656448323180982 ], [ 140.071046112863712, 37.656396396851186 ], [ 140.071036655909836, 37.656360272029595 ], [ 140.071025554998499, 37.656334733034029 ], [ 140.070988618204154, 37.656317776664785 ], [ 140.070940831477259, 37.656339178008537 ], [ 140.070865834548755, 37.656346396090107 ], [ 140.070799722641198, 37.656341661399942 ], [ 140.070760837729296, 37.656389161162586 ], [ 140.070712784162509, 37.656405846223521 ], [ 140.070667785259019, 37.656413064305092 ], [ 140.070526944195819, 37.656374995507434 ], [ 140.070511944250313, 37.656360540936944 ], [ 140.070481946225328, 37.656293892729948 ], [ 140.070421949242331, 37.656286656241029 ], [ 140.070356105107635, 37.656255823131971 ], [ 140.070319991225034, 37.656224721915883 ], [ 140.070293050662343, 37.65619360149212 ], [ 140.070331952368349, 37.656153069311046 ], [ 140.070299163720932, 37.656114999713068 ], [ 140.070299163720932, 37.656071946525564 ], [ 140.07032306641446, 37.656036399534656 ], [ 140.070353066305444, 37.656007761701986 ], [ 140.070329162678917, 37.655976678893246 ], [ 140.070293050662343, 37.655943325578086 ], [ 140.070212225242244, 37.655928891015577 ], [ 140.070134170851475, 37.655895556908085 ], [ 140.070101114431168, 37.655869458489192 ], [ 140.070095287805572, 37.655847787437772 ], [ 140.070023346473391, 37.655788336504031 ], [ 140.069984176994495, 37.655743050425123 ], [ 140.0699783485029, 37.655692759948387 ], [ 140.069830285036375, 37.655641104126573 ], [ 140.069768053502827, 37.655643337017978 ], [ 140.069522217486167, 37.655726383771537 ], [ 140.069372777835042, 37.655765837922246 ], [ 140.069142761876606, 37.655827771447072 ], [ 140.068999721717063, 37.655860008316537 ], [ 140.068924992561449, 37.655869728196862 ], [ 140.06881638687284, 37.655887222380812 ], [ 140.068676385515488, 37.655906930248499 ], [ 140.068614172642071, 37.655934163520449 ], [ 140.068551957902628, 37.655976101062564 ], [ 140.068530272032547, 37.656048043383059 ], [ 140.068533328561841, 37.6562063809939 ], [ 140.068505278654413, 37.65632722683744 ], [ 140.068474154490588, 37.656394164760101 ], [ 140.068405843486687, 37.656396666558855 ], [ 140.068284452809991, 37.656356942700477 ], [ 140.068178616284655, 37.656312503359601 ], [ 140.068141395856344, 37.65623582714926 ], [ 140.068175558822361, 37.65618888600963 ], [ 140.068231679163318, 37.656109727208204 ], [ 140.068247213721548, 37.656050564389488 ], [ 140.068206666192083, 37.655963899391466 ], [ 140.068156930414574, 37.655944171515792 ], [ 140.06804499949078, 37.655962494030426 ], [ 140.067886387452774, 37.656021945764486 ], [ 140.06765000838999, 37.656115847251421 ], [ 140.067513066360959, 37.656182496258744 ], [ 140.067410268637786, 37.656298896327456 ], [ 140.067264153288846, 37.656387775009215 ], [ 140.067064995587373, 37.65644222234544 ], [ 140.066834999222039, 37.656484448002573 ], [ 140.066598603365151, 37.656475825360282 ], [ 140.066337211331103, 37.65643361891081 ], [ 140.066119443881973, 37.656361947098311 ], [ 140.065659432491202, 37.656109437492546 ], [ 140.065531945550021, 37.656020560411427 ], [ 140.065426109024685, 37.655891957070978 ], [ 140.065369991482726, 37.655792783079171 ], [ 140.065323329961672, 37.655620838436199 ], [ 140.06524888910505, 37.655324448912886 ], [ 140.065223876133786, 37.655272214460076 ], [ 140.065158605798075, 37.655215553440115 ], [ 140.065068342084231, 37.655101675178145 ], [ 140.065027775894606, 37.654995282304455 ], [ 140.065024720298339, 37.654893893828593 ], [ 140.065027775894606, 37.654799723434309 ], [ 140.06497194385264, 37.654716945588106 ], [ 140.064545829521023, 37.654422500040859 ], [ 140.064446106987276, 37.654340839440678 ], [ 140.064427497239649, 37.654226940370393 ], [ 140.064443068185113, 37.654135541482539 ], [ 140.06449278623549, 37.654024164219003 ], [ 140.064505281991558, 37.653857223173539 ], [ 140.064548886050318, 37.653401939017016 ], [ 140.064527218840368, 37.653322779415269 ], [ 140.06448665451677, 37.653256110399958 ], [ 140.064368321302368, 37.653186652271195 ], [ 140.064303049100658, 37.653147216527834 ], [ 140.064256388512575, 37.653063053328573 ], [ 140.0641813915841, 37.652921671286663 ], [ 140.063895830949662, 37.652957776900585 ], [ 140.063783898159869, 37.652962762090752 ], [ 140.063656394424584, 37.652881100690252 ], [ 140.063588066626551, 37.652556958487637 ], [ 140.063555564412127, 37.652494716839804 ], [ 140.063494725857282, 37.652435823728759 ], [ 140.063476117042626, 37.652431108246262 ], [ 140.06337028051729, 37.652403606066962 ], [ 140.063270557050544, 37.652418617659826 ], [ 140.063133882794375, 37.652463056200382 ], [ 140.063043618147532, 37.652482784876376 ], [ 140.062996938899346, 37.652477780478542 ], [ 140.062869453824192, 37.652455550804113 ], [ 140.062763617298856, 37.652445831724101 ], [ 140.062688888143242, 37.652458052602867 ], [ 140.062570841361833, 37.652482784876376 ], [ 140.062493056609924, 37.652538617565654 ], [ 140.062427784408186, 37.652657211310121 ], [ 140.06238110516, 37.652667219305471 ], [ 140.06227221210537, 37.65261028937816 ], [ 140.062269173303179, 37.652439441973215 ], [ 140.062219168819837, 37.652392500833585 ], [ 140.062032775580263, 37.65231332202417 ], [ 140.061975281853734, 37.652286108760208 ], [ 140.06169667584976, 37.652278602563619 ], [ 140.061525835828576, 37.652276389680203 ], [ 140.061389178366511, 37.65228110436238 ], [ 140.061286380643338, 37.652256392096859 ], [ 140.06117750531584, 37.652187222083107 ], [ 140.061093624299474, 37.652081946455439 ], [ 140.061006398454793, 37.65197083809926 ], [ 140.06097527242494, 37.651829726565339 ], [ 140.060981655122418, 37.651653893970227 ], [ 140.061021933946023, 37.651443611622241 ], [ 140.061099720563931, 37.651212773868217 ], [ 140.061205557089266, 37.650992502732549 ], [ 140.061364168194274, 37.650725270449264 ], [ 140.061485557937971, 37.650313327595264 ], [ 140.061550846933812, 37.650159994382264 ], [ 140.061543892303348, 37.650059991259461 ], [ 140.061525835828576, 37.649937220647523 ], [ 140.061485557937971, 37.649821109494141 ], [ 140.061463603362, 37.649652783895945 ], [ 140.061460546832706, 37.649519176957973 ], [ 140.061435553454601, 37.649450006143908 ], [ 140.061389178366511, 37.649412764876615 ], [ 140.061326944966936, 37.649402776889254 ], [ 140.060934994534335, 37.649416383921391 ], [ 140.060698329038559, 37.649428893715495 ], [ 140.060552214622618, 37.649426371908753 ], [ 140.060496382580652, 37.649423889317667 ], [ 140.060427785143759, 37.649404162242305 ], [ 140.060381107761543, 37.649357221102676 ], [ 140.060278615131523, 37.649307778164285 ], [ 140.060253604026286, 37.649245824631471 ], [ 140.060144728698759, 37.64906527735419 ], [ 140.060054713164647, 37.648931671216538 ], [ 140.059986385366642, 37.648886942960324 ], [ 140.059890005795182, 37.648869718484043 ], [ 140.059799725287235, 37.648857227097288 ], [ 140.059675277148216, 37.648827761734253 ], [ 140.059554156110408, 37.648788057083543 ], [ 140.059491941370965, 37.64874221238162 ], [ 140.059224455871487, 37.648386102216904 ], [ 140.059177775690273, 37.648373611630468 ], [ 140.059084436787003, 37.648356387154188 ], [ 140.059012782820815, 37.648326670490832 ], [ 140.058938054598201, 37.648230286412804 ], [ 140.058879165093941, 37.648185558156591 ], [ 140.058785843917804, 37.648220278417462 ], [ 140.058686103656925, 37.648247491681417 ], [ 140.058608335699148, 37.648304441616716 ], [ 140.058558616715771, 37.648356387154188 ], [ 140.058483887560158, 37.648489992491513 ], [ 140.058387491194566, 37.648574174898442 ], [ 140.058300551782906, 37.648665555378955 ], [ 140.058213345531357, 37.648821391191035 ], [ 140.058148054669488, 37.64887333592818 ], [ 140.058036105085563, 37.648926666818703 ], [ 140.057945823644587, 37.648993335834014 ], [ 140.057918613443036, 37.64903194324669 ], [ 140.057893066792047, 37.649067779152944 ], [ 140.057849444073156, 37.649099727907384 ], [ 140.057781114409124, 37.649094993217219 ], [ 140.057709442715804, 37.649060273756675 ], [ 140.057641114917772, 37.649038063289908 ], [ 140.057584997375812, 37.649057771157594 ], [ 140.057516668644809, 37.649015834415799 ], [ 140.057426386270834, 37.64902305169705 ], [ 140.057348618313029, 37.64906527735419 ], [ 140.057270831695121, 37.649077498232948 ], [ 140.057174720829551, 37.649085004429544 ], [ 140.05707834219109, 37.649077498232948 ], [ 140.057019168119837, 37.649018066506883 ], [ 140.056832505241431, 37.648765846616776 ], [ 140.056726668716095, 37.648661937134491 ], [ 140.056627216754237, 37.64863582110857 ], [ 140.056502788208377, 37.648633337717165 ], [ 140.056372227010797, 37.648655836298943 ], [ 140.056256932598558, 37.648702777438579 ], [ 140.056169994119898, 37.64876222917264 ], [ 140.056079729473026, 37.648806667713195 ], [ 140.055843331750111, 37.648816675708538 ], [ 140.055768602594497, 37.648878340326014 ], [ 140.05570333039276, 37.648923048574247 ], [ 140.055572787855311, 37.648927783264405 ], [ 140.055454438779805, 37.648960000926195 ], [ 140.055386127775904, 37.648992219388312 ], [ 140.055239994699832, 37.649214993123053 ], [ 140.055233612002354, 37.649388880941778 ], [ 140.055221115313316, 37.649621662671862 ], [ 140.055183894885005, 37.649824458030928 ], [ 140.055199448103366, 37.649935835294464 ], [ 140.055202504632661, 37.650128892365849 ], [ 140.05516528327135, 37.650203047569761 ], [ 140.05516528327135, 37.650294447257941 ], [ 140.055168341666644, 37.650371104260614 ], [ 140.055118604023136, 37.650472781651807 ], [ 140.055050008452241, 37.65053943065913 ], [ 140.054981661994105, 37.650566663931073 ], [ 140.054813610729326, 37.650591394603943 ], [ 140.05467695326729, 37.650601384191944 ], [ 140.054533896313643, 37.650593897203024 ], [ 140.054468337678912, 37.650606387789459 ], [ 140.054390552927003, 37.650650827130335 ], [ 140.054337778347332, 37.650653348937077 ], [ 140.054179166309325, 37.650623613066053 ], [ 140.053948883511026, 37.650559176942153 ], [ 140.053768891629062, 37.650524726388959 ], [ 140.053684722313676, 37.650524726388959 ], [ 140.053601949709019, 37.65054639744038 ], [ 140.053556395666675, 37.650609717118577 ], [ 140.053545009255345, 37.650677212863933 ], [ 140.053519711717087, 37.650807779388117 ], [ 140.053493608994245, 37.65084806106919 ], [ 140.053393047687649, 37.650895002208827 ], [ 140.05333666050683, 37.651003338258263 ], [ 140.0533072157547, 37.65106667634381 ], [ 140.053321948860344, 37.651116100874852 ], [ 140.053393047687649, 37.651217219643037 ], [ 140.05345222362493, 37.651349170719961 ], [ 140.053469725893848, 37.651417225088323 ], [ 140.053437223679424, 37.651468881710457 ], [ 140.053419453637616, 37.651513609966671 ], [ 140.053484723973355, 37.651663882757909 ], [ 140.053484723973355, 37.651753339270336 ], [ 140.053448896523747, 37.651868603685685 ], [ 140.053339717969124, 37.651932212279227 ], [ 140.053203616578941, 37.651944990980681 ], [ 140.053046952658519, 37.65189806904872 ], [ 140.052884176612508, 37.651843891420164 ], [ 140.052774711624892, 37.651815560910187 ], [ 140.052668338620805, 37.651756956714479 ], [ 140.052597506633333, 37.651702779085923 ], [ 140.05255000633943, 37.651648601457374 ], [ 140.052476116889665, 37.651603893209142 ], [ 140.052390286822714, 37.651578064497919 ], [ 140.052316398305948, 37.651578064497919 ], [ 140.052260278897961, 37.651596944835248 ], [ 140.052138891020292, 37.651691116029852 ], [ 140.052100542587141, 37.651796930272546 ], [ 140.052041385309991, 37.652194458572026 ], [ 140.052050270330909, 37.652369732544123 ], [ 140.052080001516032, 37.65254612296193 ], [ 140.052138891020292, 37.652647222522447 ], [ 140.052183333851929, 37.652689448179586 ], [ 140.052251393877071, 37.652891667308609 ], [ 140.052242492062049, 37.653042229015185 ], [ 140.052245547658345, 37.653149448618919 ], [ 140.052215836066352, 37.653205820723542 ], [ 140.052192219805818, 37.653455288314888 ], [ 140.052286934893687, 37.653568051731796 ], [ 140.052372498120775, 37.653630831994654 ], [ 140.052378344339502, 37.653670266937695 ], [ 140.052337225810049, 37.65373499117662 ], [ 140.052337225810049, 37.653808069150486 ], [ 140.052375555583069, 37.653866673346194 ], [ 140.052517504124978, 37.654009171833806 ], [ 140.052479174351959, 37.6540538992897 ], [ 140.052393325624877, 37.654077225401849 ], [ 140.052334168347727, 37.654063060547017 ], [ 140.052251393877071, 37.65403944551953 ], [ 140.052180545095496, 37.654041678410941 ], [ 140.052091657566223, 37.654027493548121 ], [ 140.052062229608225, 37.654008882118148 ], [ 140.052017786776588, 37.653961652863494 ], [ 140.05196166830163, 37.653905550466547 ], [ 140.051926110490911, 37.653875006272827 ], [ 140.051863895751467, 37.653868058699246 ], [ 140.051804737541346, 37.653865287192815 ], [ 140.051719157520125, 37.653916943814949 ], [ 140.051500262066156, 37.653947776123687 ], [ 140.051260557768188, 37.653956937380997 ], [ 140.051115838196978, 37.653926393987604 ], [ 140.050920541276383, 37.65383110714761 ], [ 140.050805283251407, 37.653770000352829 ], [ 140.050731395667668, 37.653751100807838 ], [ 140.050678065949143, 37.653751100807838 ], [ 140.050638610970253, 37.65377138570588 ], [ 140.050620553562453, 37.653811957102619 ], [ 140.050636661919668, 37.653929993024391 ], [ 140.050627775965779, 37.654141661525756 ], [ 140.050592217222032, 37.654240547402537 ], [ 140.050471112978357, 37.654393342000517 ], [ 140.050326107907125, 37.65455333467208 ], [ 140.050184176159348, 37.654638056494349 ], [ 140.050051112638329, 37.654690828761858 ], [ 140.050000821721966, 37.654745006390414 ], [ 140.050015552961582, 37.654803899501459 ], [ 140.050169444919703, 37.65504139591372 ], [ 140.050255275919653, 37.655109739197428 ], [ 140.05034972323466, 37.655203602269026 ], [ 140.050414995436398, 37.655286109607239 ], [ 140.050479997999247, 37.655406109513066 ], [ 140.050527214659184, 37.655467216307855 ], [ 140.050590285898579, 37.655557787665344 ], [ 140.050672220663415, 37.655675284972098 ], [ 140.050740280688558, 37.655785833904957 ], [ 140.050730019483069, 37.655854446896328 ], [ 140.050642508138395, 37.655950562067005 ], [ 140.050503616125781, 37.656021117433802 ], [ 140.050299434184296, 37.656039997771124 ], [ 140.049835274646625, 37.656035283088954 ], [ 140.049264439810798, 37.655966670097577 ], [ 140.049131376289779, 37.655940822979005 ], [ 140.048634733197787, 37.655866667775094 ], [ 140.04836222252527, 37.655801654620831 ], [ 140.048191382504086, 37.655770822312093 ], [ 140.047936947899501, 37.655728057239614 ], [ 140.047741650978935, 37.655718607867279 ], [ 140.047463617840947, 37.655665546684425 ], [ 140.047338329996109, 37.655639449065852 ], [ 140.046940282366023, 37.655531670839103 ], [ 140.046363887744434, 37.655343328449888 ], [ 140.046144992290436, 37.655269173245976 ], [ 140.045855283509127, 37.655172788367636 ], [ 140.045719162525813, 37.655111663165506 ], [ 140.045509170752865, 37.655066935709606 ], [ 140.045044725715201, 37.65483888866968 ], [ 140.044122217404322, 37.654275556578739 ], [ 140.043714445047499, 37.653998065800103 ], [ 140.043640287824871, 37.653907494442606 ], [ 140.043506115892114, 37.6537816634089 ], [ 140.043397777043367, 37.653712223687485 ], [ 140.043161397980555, 37.653568628762159 ], [ 140.043072491791179, 37.65351916581578 ], [ 140.043057779211694, 37.653472224676143 ], [ 140.043078606715795, 37.653418047047595 ], [ 140.043158323724157, 37.653302782632245 ], [ 140.043170283001473, 37.653234997971552 ], [ 140.043119993951109, 37.653140826776948 ], [ 140.042877499963737, 37.652800844650791 ], [ 140.042658604509739, 37.652586944058342 ], [ 140.042507788674044, 37.652485844497825 ], [ 140.042430824034852, 37.65243389976068 ], [ 140.04229472171167, 37.652349446845761 ], [ 140.042155848359187, 37.652206949958789 ], [ 140.042106933627394, 37.652173326135632 ], [ 140.041898890905031, 37.652030558740663 ], [ 140.041807214619354, 37.651936657253728 ], [ 140.041762788581849, 37.651854169123183 ], [ 140.041741942417616, 37.651790830237317 ], [ 140.041697785085972, 37.651755552153759 ], [ 140.041630832539539, 37.651733341686992 ], [ 140.041461101863064, 37.651651930786493 ], [ 140.041384155884003, 37.651557779599877 ], [ 140.041336942023094, 37.651497789250797 ], [ 140.041242225069226, 37.65143194856617 ], [ 140.041061944888241, 37.651293338030683 ], [ 140.040996674552531, 37.651135559042856 ], [ 140.040976114821291, 37.651008611563448 ], [ 140.041020540858796, 37.650914440368844 ], [ 140.041002771750016, 37.650782778207258 ], [ 140.040940557010572, 37.650666397346207 ], [ 140.040934727585977, 37.650593338580009 ], [ 140.040952499493784, 37.650473609182171 ], [ 140.040946384569168, 37.650407498789875 ], [ 140.040831108817088, 37.650214710625839 ], [ 140.040742507720836, 37.650113611065322 ], [ 140.040447220493633, 37.649897227081468 ], [ 140.040132215107093, 37.649694431722402 ], [ 140.0399675077376, 37.649559728346716 ], [ 140.039838341384751, 37.649475007324767 ], [ 140.039769440720733, 37.64944667681479 ], [ 140.039636661766707, 37.64939026629483 ], [ 140.039435556880647, 37.64939026629483 ], [ 140.039389719204308, 37.6493874947884 ], [ 140.039348331968995, 37.649323886995177 ], [ 140.039295002250441, 37.649279177946632 ], [ 140.03921805627138, 37.649255562919144 ], [ 140.039135282733724, 37.649225000318083 ], [ 140.039049738166767, 37.649178059178446 ], [ 140.039014178490021, 37.649100285730078 ], [ 140.03892834842307, 37.649105001212568 ], [ 140.038855280952021, 37.649125845533945 ], [ 140.038774725170811, 37.649152212059875 ], [ 140.03869777919175, 37.64925333082806 ], [ 140.038591102960567, 37.649326119086268 ], [ 140.038475826275487, 37.649342786540174 ], [ 140.038319164221065, 37.649347501222344 ], [ 140.038215562246279, 37.649261394847343 ], [ 140.038144713464703, 37.649207506134132 ], [ 140.037996668658309, 37.649221670988958 ], [ 140.037890278860118, 37.649270845019998 ], [ 140.037870845267747, 37.649316381598908 ], [ 140.037884449435523, 37.649438054972812 ], [ 140.038049996510836, 37.6497719354631 ], [ 140.038168330658237, 37.649823611292895 ], [ 140.038254714931043, 37.649876942183418 ], [ 140.038251104195894, 37.649978888481968 ], [ 140.038161662460794, 37.650022211377141 ], [ 140.03812889247348, 37.650069999254804 ], [ 140.038144713464703, 37.650174159237089 ], [ 140.038245276637298, 37.650384711292752 ], [ 140.038256949481621, 37.650563334601955 ], [ 140.038490559381131, 37.651017503113096 ], [ 140.038694721729456, 37.651241951116226 ], [ 140.038848612754578, 37.651399710896385 ], [ 140.038824727788182, 37.651495845274731 ], [ 140.038886942527625, 37.651564168550443 ], [ 140.038969162792426, 37.651601949233083 ], [ 140.039073334834143, 37.651686381339694 ], [ 140.039121944472811, 37.651756398891784 ], [ 140.039149996246238, 37.651834442047829 ], [ 140.039182496594663, 37.652052210584422 ], [ 140.039235558540327, 37.652223886320044 ], [ 140.03934223570451, 37.65239777413877 ], [ 140.039407221473255, 37.652454454366399 ], [ 140.039377507082236, 37.652513058562107 ], [ 140.039308337712356, 37.652510555963026 ], [ 140.039262232263155, 37.652553052128155 ], [ 140.039226672586409, 37.65264250703995 ], [ 140.039268042094619, 37.652740008363999 ], [ 140.039351101132269, 37.652900000235242 ], [ 140.039401392048632, 37.653220005586356 ], [ 140.039549150422033, 37.65338694503118 ], [ 140.039649713594628, 37.653488064599685 ], [ 140.039886397750536, 37.653802218014619 ], [ 140.040096389523484, 37.654140833195072 ], [ 140.040185007413868, 37.654326673785526 ], [ 140.040267781884552, 37.654673603485264 ], [ 140.040282496330065, 37.654826398083244 ], [ 140.040309169119865, 37.655160279373852 ], [ 140.040288609388625, 37.655373044312924 ], [ 140.040303323834138, 37.655693068871713 ], [ 140.040344727863612, 37.655848326052791 ], [ 140.040424443938974, 37.655944710931138 ], [ 140.040554433203567, 37.656065826482347 ], [ 140.040601666657636, 37.656188058479266 ], [ 140.04063139690976, 37.656230553043756 ], [ 140.040705285426498, 37.656279996782466 ], [ 140.040781945905593, 37.656326937922103 ], [ 140.040847234901435, 37.656421109116707 ], [ 140.040850273703597, 37.656424439246145 ], [ 140.040930007506091, 37.656510275913483 ], [ 140.04098916664924, 37.656618611962919 ], [ 140.041077785472623, 37.656724446213595 ], [ 140.041169444031169, 37.656819733853908 ], [ 140.041249447472524, 37.656840827074646 ], [ 140.041329164480914, 37.656866674993537 ], [ 140.041403053930679, 37.656899720986011 ], [ 140.041474169552117, 37.656953897814248 ], [ 140.041562771581368, 37.657104172206125 ], [ 140.041601388720409, 37.657184158537909 ], [ 140.041524441808349, 37.65722888599381 ], [ 140.041465267737095, 37.657226673110394 ], [ 140.04140028196835, 37.657200825991822 ], [ 140.041334992972509, 37.657193607910251 ], [ 140.041252235295957, 37.657219455829143 ], [ 140.041231677430744, 37.657264164077368 ], [ 140.041243333480935, 37.657386665781956 ], [ 140.041193062157703, 37.657405276411609 ], [ 140.041107498930614, 37.657379447700386 ], [ 140.041042226728877, 37.657409991093786 ], [ 140.041012781976747, 37.65746665211374 ], [ 140.041045284191199, 37.657560553600682 ], [ 140.041063054232978, 37.657646391068333 ], [ 140.041054169212089, 37.657728898406546 ], [ 140.041033323047856, 37.657829998767383 ], [ 140.041039438905472, 37.65794999867321 ], [ 140.041059996770684, 37.658048614842322 ], [ 140.041042226728877, 37.658091110207131 ], [ 140.041012781976747, 37.658098057780713 ], [ 140.040888622136777, 37.658067495179644 ], [ 140.040716941476717, 37.658013336758764 ], [ 140.040670836027516, 37.658013336758764 ], [ 140.040637224468355, 37.658034718894847 ], [ 140.040625281985143, 37.658102773263209 ], [ 140.040637224468355, 37.658184723579048 ], [ 140.040734730178627, 37.658398893879166 ], [ 140.040820562111605, 37.658531671686134 ], [ 140.04088250721216, 37.658581115424845 ], [ 140.040991935812514, 37.65862582447339 ], [ 140.041181386514381, 37.658661102556948 ], [ 140.041580543489175, 37.658825829118356 ], [ 140.041864458300154, 37.65900000585242 ], [ 140.042106665854533, 37.659228053692665 ], [ 140.042192496854511, 37.659320838733898 ], [ 140.042210284623422, 37.659433889465511 ], [ 140.042192496854511, 37.659494996260293 ], [ 140.042023892316877, 37.659549173888848 ], [ 140.04195000380011, 37.65959138033832 ], [ 140.041899713816775, 37.659657221823267 ], [ 140.041828614056442, 37.659845544204487 ], [ 140.041828614056442, 37.659932498117847 ], [ 140.041840556539626, 37.660036118684786 ], [ 140.041911388527097, 37.660345268502205 ], [ 140.041991391035452, 37.66058055203105 ], [ 140.04216889738808, 37.660886391727018 ], [ 140.042358044862823, 37.661395546189404 ], [ 140.042384718585652, 37.661649729263246 ], [ 140.042390546144247, 37.661706101367862 ], [ 140.042461663631713, 37.661782507870534 ], [ 140.042541397434206, 37.661806103690353 ], [ 140.042624171904862, 37.661831932401576 ], [ 140.0426922160689, 37.661831932401576 ], [ 140.042739446723942, 37.661820288553166 ], [ 140.042798605867091, 37.661787223353024 ], [ 140.042854991181912, 37.661780006071773 ], [ 140.042869991127418, 37.661796672725359 ], [ 140.042921103089498, 37.661839725912863 ], [ 140.042990825732232, 37.661827216919079 ], [ 140.043032499400567, 37.661787223353024 ], [ 140.043073886635909, 37.661707237021233 ], [ 140.043088886581415, 37.66167276726037 ], [ 140.043124158892141, 37.66165554118345 ], [ 140.04317139234621, 37.661667224247516 ], [ 140.043200836165312, 37.661754178160869 ], [ 140.043212778648524, 37.661777773180368 ], [ 140.04326610743405, 37.661801388207856 ], [ 140.043351669728139, 37.661806103690353 ], [ 140.04351444670715, 37.661824714320005 ], [ 140.043694457249245, 37.661864727093722 ], [ 140.043848331480234, 37.661887225675507 ], [ 140.044055284451019, 37.661884723876753 ], [ 140.044199432089272, 37.661864438978704 ], [ 140.045072776555628, 37.661741398659096 ], [ 140.045338886803535, 37.661721382668397 ], [ 140.045545837908293, 37.661733044924155 ], [ 140.04564332589149, 37.661751945269465 ], [ 140.045708614887332, 37.661744997695884 ], [ 140.045809159399795, 37.661726116558242 ], [ 140.046134444651955, 37.661657774074861 ], [ 140.0462941641687, 37.661627211473792 ], [ 140.046424170227397, 37.661634448763031 ], [ 140.046595545794332, 37.661647227464485 ], [ 140.046752227441885, 37.661666107801814 ], [ 140.04692971700041, 37.661656657629159 ], [ 140.047115823806962, 37.661623611636678 ], [ 140.047228328529769, 37.661619166662177 ], [ 140.04734360334885, 37.66163777729183 ], [ 140.047467782781979, 37.66163777729183 ], [ 140.047793068034139, 37.661713048941444 ], [ 140.047914439117704, 37.661740263005726 ], [ 140.047976386084258, 37.661775560296952 ], [ 140.048059445121908, 37.661796672725359 ], [ 140.048198337134551, 37.661836666291414 ], [ 140.048396387357315, 37.661909436142274 ], [ 140.048496947730882, 37.661954164398487 ], [ 140.048686381638618, 37.661998891854388 ], [ 140.048908046255889, 37.66207889739384 ], [ 140.049038321953475, 37.662163619216109 ], [ 140.049185831214146, 37.662346937199501 ], [ 140.049233046008084, 37.662385834327843 ], [ 140.049327779756055, 37.662435278066553 ], [ 140.049454997058348, 37.66245639049496 ], [ 140.049528886508114, 37.662458892293721 ], [ 140.049599718495585, 37.662428040777314 ], [ 140.049579175558449, 37.662383601436439 ], [ 140.049520001487224, 37.662326941216797 ], [ 140.049531943037408, 37.662289430241827 ], [ 140.049585004983072, 37.662286947650742 ], [ 140.049661950029133, 37.662331656699287 ], [ 140.049726935797878, 37.662371668672691 ], [ 140.049789167331426, 37.662352788335369 ], [ 140.049845285806384, 37.662334177705716 ], [ 140.049892501533321, 37.662334177705716 ], [ 140.049963618087759, 37.662360006416939 ], [ 140.05004333509612, 37.66240944855501 ], [ 140.050123337604475, 37.662411662238746 ], [ 140.050191398562646, 37.662388066418927 ], [ 140.050268343608707, 37.662385834327843 ], [ 140.050569727100367, 37.662444726638569 ], [ 140.050676384671419, 37.662462221622839 ], [ 140.050756120339912, 37.662455274049258 ], [ 140.050836105121135, 37.662445823876602 ], [ 140.050898052087717, 37.662450558566768 ], [ 140.050963054650566, 37.662441109194432 ], [ 140.0510341544109, 37.662415261275541 ], [ 140.051087500923558, 37.662399152444642 ], [ 140.051137774112789, 37.662420284080717 ], [ 140.051137774112789, 37.662464724221913 ], [ 140.051105271898365, 37.66258000704461 ], [ 140.051090271952859, 37.662678604806374 ], [ 140.05107861590264, 37.662725835661668 ], [ 140.051016384369092, 37.662775008892382 ], [ 140.050960265894133, 37.662916390934299 ], [ 140.050895280125388, 37.662944431728619 ], [ 140.050853892890075, 37.662960830275175 ], [ 140.050717771906761, 37.66310444440817 ], [ 140.050750274121185, 37.663226676405088 ], [ 140.050691117777063, 37.663300831609 ], [ 140.050667500583529, 37.663361936803142 ], [ 140.050599439625358, 37.663409166858116 ], [ 140.05053443706251, 37.663383050832188 ], [ 140.050433892550046, 37.663336109692558 ], [ 140.050268343608707, 37.663324445836167 ], [ 140.050179456079462, 37.663326678727572 ], [ 140.049999177764505, 37.663303063700084 ], [ 140.049812766797828, 37.663267766408858 ], [ 140.04969749104572, 37.66325860595186 ], [ 140.0496411038649, 37.663275002897777 ], [ 140.049454997058348, 37.663413613433256 ], [ 140.04935139601659, 37.663459726242209 ], [ 140.049171117701633, 37.66360083857645 ], [ 140.049144443978804, 37.663652495198576 ], [ 140.049182773751852, 37.663659442772158 ], [ 140.049230274978754, 37.663647779716079 ], [ 140.049315837272843, 37.66360555405894 ], [ 140.049425285466356, 37.663567774176627 ], [ 140.049505287974711, 37.663556111120549 ], [ 140.049567233075265, 37.66354415994946 ], [ 140.049673892512317, 37.663497218809823 ], [ 140.049777224848214, 37.663461939925945 ], [ 140.049925271520607, 37.663450277670194 ], [ 140.050055277579332, 37.663459726242209 ], [ 140.050185265910926, 37.663452509761278 ], [ 140.05029471410441, 37.663450277670194 ], [ 140.050353890041691, 37.663480820263267 ], [ 140.050345005020773, 37.66354415994946 ], [ 140.050280000591925, 37.66356305869413 ], [ 140.050200283583564, 37.663567774176627 ], [ 140.050019719768613, 37.66360083857645 ], [ 140.049726935797878, 37.6636925079723 ], [ 140.049440285411862, 37.663810005279053 ], [ 140.049184722802408, 37.664012223607756 ], [ 140.048981666999794, 37.664209996161638 ], [ 140.048836947428555, 37.664497783050642 ], [ 140.048813062462159, 37.664636663293798 ], [ 140.048857507159795, 37.664733046571499 ], [ 140.048937491008019, 37.664813052911278 ], [ 140.049011398184916, 37.664869444223562 ], [ 140.049034996718319, 37.664911669880702 ], [ 140.049002494503895, 37.664977781073326 ], [ 140.048919721899239, 37.664996391702978 ], [ 140.048825004945371, 37.664966945547611 ], [ 140.048762773411823, 37.664959996373391 ], [ 140.048715557684886, 37.664966945547611 ], [ 140.048597224470484, 37.665061115941896 ], [ 140.048464160949464, 37.66504000271317 ], [ 140.048413889626232, 37.665037789829753 ], [ 140.048348886130384, 37.665056381251738 ], [ 140.04828667139094, 37.665086943852806 ], [ 140.048280826105213, 37.665145836963852 ], [ 140.048313345113769, 37.665178882156006 ], [ 140.048357787945378, 37.665230557985801 ], [ 140.048378347676618, 37.665319995290567 ], [ 140.04839917518072, 37.665383333376113 ], [ 140.048443601218224, 37.665402214513755 ], [ 140.048520260764292, 37.665421114058752 ], [ 140.048594453441183, 37.665435278113257 ], [ 140.048683056403434, 37.665418611459671 ], [ 140.048819177386775, 37.665404446604846 ], [ 140.04889000750822, 37.665421114058752 ], [ 140.048896104705705, 37.665496384908046 ], [ 140.048839718457856, 37.665522212818949 ], [ 140.048688883962058, 37.665555009111742 ], [ 140.048581939957984, 37.665583608529069 ], [ 140.048558894697436, 37.66566332595351 ], [ 140.048576664739244, 37.665715001783305 ], [ 140.048626938861503, 37.665750279866863 ], [ 140.048715557684886, 37.665762211830291 ], [ 140.048845832449473, 37.665771392295277 ], [ 140.048871398693564, 37.665796393476136 ], [ 140.048886665478932, 37.665815561928476 ], [ 140.048880264121351, 37.665846394237214 ], [ 140.048864174424239, 37.665875821184912 ], [ 140.048844992743625, 37.665903882787539 ], [ 140.048786103239337, 37.665981945151252 ], [ 140.048786103239337, 37.666001113603592 ], [ 140.048793611142656, 37.666022784655013 ], [ 140.048819177386775, 37.66604195390768 ], [ 140.048860832394951, 37.666053616963751 ], [ 140.048910835012322, 37.66605500231681 ], [ 140.048970260995333, 37.666050286834313 ], [ 140.049011398184916, 37.666078617344297 ], [ 140.049070554529038, 37.666135008656582 ], [ 140.049088343230977, 37.666214994988373 ], [ 140.049153346726825, 37.66633027941171 ], [ 140.049147500508099, 37.666370272977765 ], [ 140.049052785420258, 37.666443042028298 ], [ 140.049029167293696, 37.666501954347012 ], [ 140.049031957916156, 37.666574724197872 ], [ 140.049055556449559, 37.66661723797003 ], [ 140.049135559890914, 37.666648898609452 ], [ 140.049315837272843, 37.666691105058923 ], [ 140.049428324268519, 37.666717221084845 ], [ 140.049564445251832, 37.666700554431259 ], [ 140.049679738731044, 37.666686389576427 ], [ 140.049768323033192, 37.66670777171251 ], [ 140.04985415403317, 37.666752499968723 ], [ 140.04992806027704, 37.666789990935705 ], [ 140.049998892264512, 37.666888896820474 ], [ 140.049783340705829, 37.667185286343781 ], [ 140.049676664474646, 37.667142771771303 ], [ 140.049588062445366, 37.667114710968995 ], [ 140.049516944024901, 37.667107493687745 ], [ 140.049336664776945, 37.667140558087567 ], [ 140.049135559890914, 37.667192233917362 ], [ 140.04896999415547, 37.667210825339346 ], [ 140.048913606974622, 37.667231957775741 ], [ 140.048907779416027, 37.667271932134128 ], [ 140.048940279764452, 37.667340275417835 ], [ 140.049043881739209, 37.667422494641023 ], [ 140.049147500508099, 37.667430846775325 ], [ 140.049230274978754, 37.667428325768903 ], [ 140.04935139601659, 37.667454172887474 ], [ 140.049451958256185, 37.667508331308362 ], [ 140.049475556789588, 37.667581120366883 ], [ 140.049534732726841, 37.667600000704212 ], [ 140.049635277239304, 37.667560007138157 ], [ 140.049656944449254, 37.667534717842273 ], [ 140.049729724554282, 37.667449438197316 ], [ 140.049783054272837, 37.667386389027101 ], [ 140.049859732479035, 37.667381673544611 ], [ 140.049936677525068, 37.667442778738753 ], [ 140.049961938676063, 37.667474439378175 ], [ 140.050019433335621, 37.667482503397459 ], [ 140.050096397041813, 37.667491953570114 ], [ 140.050126126360908, 37.667494435360879 ], [ 140.050155001046079, 37.667532216043519 ], [ 140.050158611781228, 37.667588337648134 ], [ 140.050105835335557, 37.667659451637945 ], [ 140.050044444440857, 37.667707220307946 ], [ 140.05003722203756, 37.667809436314165 ], [ 140.049975274137978, 37.667882225372686 ], [ 140.049913060331534, 37.667915270564848 ], [ 140.049797785512453, 37.667926953628907 ], [ 140.049711935852372, 37.667964713503231 ], [ 140.049646933289523, 37.667950568656394 ], [ 140.049611392272908, 37.667920004454686 ], [ 140.04955804576025, 37.667941118483739 ], [ 140.049381109474581, 37.668040004360513 ], [ 140.049363338499774, 37.668082210809985 ], [ 140.049392783251932, 37.668117508101219 ], [ 140.049454730218486, 37.668141104721357 ], [ 140.049472499327265, 37.668181116694754 ], [ 140.049419171474767, 37.668282235462939 ], [ 140.049383611798021, 37.668412781178823 ], [ 140.049327493323062, 37.66851388153966 ], [ 140.049361389449217, 37.668607494911576 ], [ 140.049298335003925, 37.668633610937498 ], [ 140.049223892281304, 37.668577509340871 ], [ 140.049091115193278, 37.668568059168216 ], [ 140.049052785420258, 37.668542212049644 ], [ 140.049182773751852, 37.6683491733856 ], [ 140.049165002777045, 37.66828333270098 ], [ 140.04910305767649, 37.668205848167943 ], [ 140.049135559890914, 37.668132770194084 ], [ 140.04911194176438, 37.668076398889781 ], [ 140.049064441470449, 37.668017505778735 ], [ 140.049043881739209, 37.667928069274289 ], [ 140.049004729054445, 37.667909727551987 ], [ 140.048961107268553, 37.667923604291801 ], [ 140.04889889252911, 37.667942214921453 ], [ 140.048807216243432, 37.667951665094108 ], [ 140.04874805989931, 37.667904723954472 ], [ 140.048706672663968, 37.667869445870913 ], [ 140.048665285428626, 37.667876393444494 ], [ 140.048635823882393, 37.667911671528053 ], [ 140.048632765487071, 37.667977493005012 ], [ 140.048609166953668, 37.668038619007461 ], [ 140.04854693542012, 37.668095279227103 ], [ 140.048520260764292, 37.668172782967801 ], [ 140.048544164390819, 37.668231656871178 ], [ 140.048786656512192, 37.668593887879439 ], [ 140.048854717470363, 37.668596100762855 ], [ 140.048919721899239, 37.668579722224287 ], [ 140.04896999415547, 37.668603337251774 ], [ 140.048999455701704, 37.66864333001751 ], [ 140.048961107268553, 37.66873971489585 ], [ 140.048958068466391, 37.668805555580477 ], [ 140.048990552020683, 37.668833886090461 ], [ 140.049052785420258, 37.668852496720113 ], [ 140.049135273457921, 37.668876111747601 ], [ 140.049206103579365, 37.668901940458824 ], [ 140.049336397004083, 37.669043051992745 ], [ 140.049336397004083, 37.669127773815013 ], [ 140.049354167045891, 37.669206662908763 ], [ 140.049289164483042, 37.669274717277126 ], [ 140.04917360323094, 37.669317212641943 ], [ 140.04905528774367, 37.669335823271595 ], [ 140.049013882781225, 37.669387788016728 ], [ 140.048999169268711, 37.669474721922093 ], [ 140.048990284247822, 37.66954056340704 ], [ 140.048938063874004, 37.669578054374021 ], [ 140.048892762676417, 37.669606384883998 ], [ 140.048884447722486, 37.669676941051122 ], [ 140.048799727000244, 37.669802503177472 ], [ 140.048781938298333, 37.669883047331957 ], [ 140.048784993894628, 37.670010552634054 ], [ 140.048820284865485, 37.670083052777244 ], [ 140.048840844596725, 37.670177781794543 ], [ 140.048904167747878, 37.6703894502959 ], [ 140.048916110231062, 37.670510007224102 ], [ 140.048892493037528, 37.670645558138133 ], [ 140.048843883398888, 37.670703045888139 ], [ 140.048753886524906, 37.670763612467262 ], [ 140.048624434672035, 37.670813883736336 ], [ 140.048407220495761, 37.670937771594296 ], [ 140.048221113689209, 37.671040833538228 ], [ 140.048157504105063, 37.671116951925875 ], [ 140.04812139208849, 37.671205271984611 ], [ 140.048106392142984, 37.671331660841012 ], [ 140.048018344319587, 37.671682228793195 ], [ 140.047977225790106, 37.671782500023028 ], [ 140.047914171344843, 37.671870551974742 ], [ 140.04783028846245, 37.671968051698144 ], [ 140.047791118983554, 37.672087492980964 ], [ 140.047761102298438, 37.672146675007355 ], [ 140.047644164861765, 37.672323335132823 ], [ 140.047493883638793, 37.672623611807943 ], [ 140.047451942197625, 37.672735546894174 ], [ 140.047338061290247, 37.67314806757885 ], [ 140.047265835391045, 37.673479446270385 ], [ 140.047211952399664, 37.673641382117694 ], [ 140.047127766290174, 37.673803607680661 ], [ 140.047070824903471, 37.673922779255811 ], [ 140.046983618651922, 37.674022763170946 ], [ 140.046872775613707, 37.674103885156107 ], [ 140.046794721222938, 37.674130001982348 ], [ 140.046704440714961, 37.674146669436254 ], [ 140.046593347631017, 37.674201674595167 ], [ 140.046481664886954, 37.674305275954445 ], [ 140.046332493941719, 37.67436582412622 ], [ 140.046164442676968, 37.674389728069045 ], [ 140.046032505294789, 37.674394443551535 ], [ 140.045948337845402, 37.674432493141524 ], [ 140.045837227967354, 37.674542215344339 ], [ 140.045753327357829, 37.67470667299839 ], [ 140.045720270937522, 37.674823341974466 ], [ 140.045726117156249, 37.674909449149787 ], [ 140.045768057664446, 37.675089168896704 ], [ 140.045747231093344, 37.675247775414896 ], [ 140.045660273021554, 37.675452785258017 ], [ 140.045636103488164, 37.675571937625499 ], [ 140.04563917774459, 37.675693610999403 ], [ 140.045683890215088, 37.675819999855804 ], [ 140.045686947677382, 37.675925007376435 ], [ 140.045600007332695, 37.676196665426559 ], [ 140.045524723971198, 37.676363605671703 ], [ 140.045413882799011, 37.676577775971822 ], [ 140.045302772920934, 37.676699430938378 ], [ 140.045197509261584, 37.676761383670872 ], [ 140.045089723685692, 37.676790002295874 ], [ 140.04501778421951, 37.67679221597961 ], [ 140.044951672311925, 37.676763615761956 ], [ 140.044867772635399, 37.67668749817463 ], [ 140.044792775706924, 37.676644444987126 ], [ 140.044687492454443, 37.676628893978922 ], [ 140.04452555704728, 37.676649159669303 ], [ 140.044452776009251, 37.676668348129631 ], [ 140.044165285917387, 37.676744716216966 ], [ 140.043913067203249, 37.676778050324458 ], [ 140.043814166648218, 37.676804167951019 ], [ 140.043754151005118, 37.676853053066722 ], [ 140.043736112257449, 37.676909173871017 ], [ 140.043756941627549, 37.676952227858841 ], [ 140.043789995248829, 37.676997494730081 ], [ 140.043784167690234, 37.677056945663821 ], [ 140.043751112202955, 37.677104714333815 ], [ 140.043655002270384, 37.677131100867733 ], [ 140.043537776534691, 37.677133332958817 ], [ 140.043447781526737, 37.677157217693974 ], [ 140.043345842169543, 37.67724528805303 ], [ 140.043327786627742, 37.67729305672303 ], [ 140.043336652988529, 37.677383608872859 ], [ 140.043318882946721, 37.67743611303333 ], [ 140.043276672799664, 37.677517235018492 ], [ 140.043276672799664, 37.677588618715973 ], [ 140.043339727244927, 37.677684156055967 ], [ 140.043510835972, 37.677826942658605 ], [ 140.043588890362798, 37.677914993809992 ], [ 140.043610003366865, 37.677984164624057 ], [ 140.043600832845982, 37.678068057315329 ], [ 140.043613345396153, 37.678114170924594 ], [ 140.043726940803538, 37.678227222456528 ], [ 140.043779162110354, 37.678318333229363 ], [ 140.043816937677519, 37.678520552358393 ], [ 140.043856125816546, 37.678684990804776 ], [ 140.043949161492691, 37.678856665740085 ], [ 140.044039175160805, 37.678923333955069 ], [ 140.044173884505284, 37.678970833717713 ], [ 140.044487495047122, 37.679033056157884 ], [ 140.044651398165001, 37.679073337838958 ], [ 140.044750279126873, 37.67912834379819 ], [ 140.044836397492816, 37.679196397366233 ], [ 140.044951386811931, 37.679330831834569 ], [ 140.045059439227714, 37.679521387107194 ], [ 140.045122512333108, 37.679674162497513 ], [ 140.0451675103036, 37.679721931167506 ], [ 140.045218605471575, 37.679726665857672 ], [ 140.045261672118613, 37.67969777672468 ], [ 140.045353617110152, 37.679540555559541 ], [ 140.045425843009326, 37.679452235500797 ], [ 140.045533895425109, 37.679411953819724 ], [ 140.045637497399866, 37.679421942607405 ], [ 140.045758887143563, 37.679509724051123 ], [ 140.045924166446014, 37.679657495043607 ], [ 140.046074178963124, 37.679767217246415 ], [ 140.046155272156057, 37.679791101181252 ], [ 140.046233343340958, 37.679779168417511 ], [ 140.046275285715183, 37.679733882338603 ], [ 140.046299168815551, 37.679633610308443 ], [ 140.046332225235858, 37.679566942093459 ], [ 140.046389434395422, 37.679552507530957 ], [ 140.046470277542625, 37.679571657575949 ], [ 140.046596118660318, 37.679643060481105 ], [ 140.046653326886883, 37.679709997603446 ], [ 140.046644174093103, 37.679762501763918 ], [ 140.046599176122612, 37.679791101181252 ], [ 140.046485008782241, 37.679829149970921 ], [ 140.046423616954542, 37.679904171920853 ], [ 140.046368338185431, 37.679946109462975 ], [ 140.046320282752646, 37.680014990561375 ], [ 140.046304998240174, 37.680229430569163 ], [ 140.046253886278095, 37.680465541628379 ], [ 140.04620305888298, 37.680553881695104 ], [ 140.046103890555116, 37.680665835188684 ], [ 140.046067777605515, 37.680737218886165 ], [ 140.046013894614134, 37.680882777795546 ], [ 140.046016934349296, 37.680956662491468 ], [ 140.046091949004904, 37.681083052148189 ], [ 140.046097777496527, 37.681142772789599 ], [ 140.04608000652172, 37.681173604298017 ], [ 140.046034721185208, 37.681190560667261 ], [ 140.045974725135238, 37.681178627903513 ], [ 140.045914726286242, 37.681133053709587 ], [ 140.045851671840978, 37.681047235449604 ], [ 140.045795001026164, 37.681025833305533 ], [ 140.045753040924836, 37.681052219839451 ], [ 140.04573804097933, 37.681099719602095 ], [ 140.045737773206469, 37.681235558631151 ], [ 140.045707775181484, 37.681311945926147 ], [ 140.045629720790686, 37.681423880212051 ], [ 140.045566666345422, 37.681487219898244 ], [ 140.045494725946213, 37.681547498362342 ], [ 140.045446669580429, 37.681614455492671 ], [ 140.04543167150095, 37.681695558270164 ], [ 140.045456377513062, 37.681801103605501 ], [ 140.045456932651916, 37.681803047581568 ], [ 140.045518627706741, 37.681907496479191 ], [ 140.04559056903895, 37.68195999903903 ], [ 140.045686662177388, 37.681990831347768 ], [ 140.045785829572253, 37.6820005512281 ], [ 140.046007780622546, 37.681990831347768 ], [ 140.046133889513101, 37.681988618464352 ], [ 140.04619778459724, 37.682011674868832 ], [ 140.046233056907965, 37.682057769270429 ], [ 140.046238616693699, 37.68225973789945 ], [ 140.046274999282161, 37.68232249895464 ], [ 140.046364994290144, 37.682396385251202 ], [ 140.046469991109632, 37.682439438438706 ], [ 140.046662211907773, 37.682498600457102 ], [ 140.04671332480288, 37.682539171853833 ], [ 140.046764151264966, 37.682694160127568 ], [ 140.046816103865893, 37.682798051202496 ], [ 140.046890277882653, 37.682887506914611 ], [ 140.047019444235531, 37.682973344382262 ], [ 140.047064442205993, 37.683032776108334 ], [ 140.047076384689205, 37.68308999415067 ], [ 140.047046386664221, 37.683159164964735 ], [ 140.047045833391365, 37.683194174140944 ], [ 140.047067499668316, 37.683209166526133 ], [ 140.047187495500282, 37.683147232200987 ], [ 140.047259722332456, 37.68313526102191 ], [ 140.04734360334885, 37.683156662365654 ], [ 140.04744584593314, 37.683221117697229 ], [ 140.047505558349144, 37.683235283352381 ], [ 140.047631667239699, 37.683233050460977 ], [ 140.047724738370107, 37.683251930798299 ], [ 140.047868618235469, 37.683330839900037 ], [ 140.047952787550855, 37.683402223597525 ], [ 140.048024727017037, 37.683483326375011 ], [ 140.048072763789719, 37.683519163081584 ], [ 140.048172771823431, 37.683535271112163 ], [ 140.048363884209863, 37.683530826137655 ], [ 140.048429996117449, 37.683545279907825 ], [ 140.048478052483233, 37.683588044179992 ], [ 140.048496108025034, 37.683635832057654 ], [ 140.048470274941053, 37.683671956879245 ], [ 140.048388055609252, 37.683740839578292 ], [ 140.048370000067479, 37.683812223275773 ], [ 140.048421111096559, 37.683917229195771 ], [ 140.048439167571331, 37.684046101443577 ], [ 140.048481949651404, 37.684119177816804 ], [ 140.048541946634373, 37.684156650376437 ], [ 140.048697214777093, 37.684196104527146 ], [ 140.048844153037749, 37.684189156953565 ], [ 140.048985278667942, 37.68415333945466 ], [ 140.049042505554638, 37.684108054176072 ], [ 140.049090542327292, 37.684005549254515 ], [ 140.049150557970393, 37.683941113130608 ], [ 140.04925555478988, 37.683876677807028 ], [ 140.049444735852859, 37.683802773103118 ], [ 140.049723896995687, 37.683716954843135 ], [ 140.049831950344469, 37.683666665166712 ], [ 140.04992806027704, 37.68359999695172 ], [ 140.050169999125558, 37.683371660996457 ], [ 140.050380830604382, 37.683184992875638 ], [ 140.050453057436556, 37.683087222644239 ], [ 140.050501111936342, 37.683058604019237 ], [ 140.050677761789018, 37.683019995806241 ], [ 140.050840841995154, 37.683019995806241 ], [ 140.050987226049955, 37.683044457571761 ], [ 140.051149447890111, 37.683118343868315 ], [ 140.051321396323033, 37.683228065270811 ], [ 140.051392495150367, 37.683304164450789 ], [ 140.051425551570645, 37.683392503717194 ], [ 140.051407496028872, 37.683506941402499 ], [ 140.051362497125382, 37.683590546779065 ], [ 140.051248329785011, 37.683681118136562 ], [ 140.050975283566771, 37.683828889929366 ], [ 140.050819174785204, 37.683876677807028 ], [ 140.050669162268093, 37.68393637924077 ], [ 140.050627221759925, 37.683974447238107 ], [ 140.050621125495439, 37.684022216708421 ], [ 140.050672220663415, 37.684100836894821 ], [ 140.050759176869207, 37.684174433475725 ], [ 140.050891382957246, 37.684255825168556 ], [ 140.051080278520232, 37.684348611010108 ], [ 140.051149447890111, 37.684408331651518 ], [ 140.051248329785011, 37.684536953399316 ], [ 140.051338612158986, 37.684732493061794 ], [ 140.051389437688073, 37.684910269632972 ], [ 140.051419436646057, 37.685016103883648 ], [ 140.051452492133336, 37.685123322687062 ], [ 140.051551659528229, 37.68533749298718 ], [ 140.051617771435787, 37.68546861653374 ], [ 140.051629713918999, 37.685571391162973 ], [ 140.051581677146345, 37.685885833493245 ], [ 140.05150056715928, 37.686188612767445 ], [ 140.051482492024348, 37.686284170115428 ], [ 140.051491663478231, 37.686384172437911 ], [ 140.051533336213566, 37.686469990697894 ], [ 140.051605275679748, 37.686594166670872 ], [ 140.05166833012504, 37.686739455072264 ], [ 140.051746384515809, 37.687023065093797 ], [ 140.05178249746541, 37.68718278805769 ], [ 140.051803611402505, 37.687411662627987 ], [ 140.051830553831195, 37.687538051484381 ], [ 140.051884436822576, 37.687668616407933 ], [ 140.05195666272175, 37.687816677116068 ], [ 140.05200777375083, 37.688088335966512 ], [ 140.052022773696336, 37.688488884671791 ], [ 140.052043601200438, 37.688612771729431 ], [ 140.052085828141628, 37.688681942543496 ], [ 140.052163882532398, 37.688743895275991 ], [ 140.052365007944587, 37.688834448226139 ], [ 140.052598882817932, 37.688903618239884 ], [ 140.052683053066318, 37.688953601393933 ], [ 140.052728051036809, 37.689010838643938 ], [ 140.0527549915995, 37.689125275528923 ], [ 140.052734164095398, 37.689213614795335 ], [ 140.052645007860264, 37.689346105287598 ], [ 140.052533057343339, 37.689461389710935 ], [ 140.052443060469358, 37.689528057925926 ], [ 140.052380006957094, 37.689606658104339 ], [ 140.052318060923511, 37.689715283069113 ], [ 140.052196671179843, 37.689899718298527 ], [ 140.05212471305353, 37.689968889112592 ], [ 140.052034716179548, 37.690033325236499 ], [ 140.051962508007477, 37.690116680113064 ], [ 140.051923606301472, 37.690235832480539 ], [ 140.051935567444787, 37.690333602711938 ], [ 140.051980566348306, 37.690443343322102 ], [ 140.05200777375083, 37.690567211172073 ], [ 140.052004431721542, 37.690712787688483 ], [ 140.0519683374321, 37.690867776762538 ], [ 140.051911396045398, 37.691015567763003 ], [ 140.051893321843494, 37.691115550877818 ], [ 140.051908338583104, 37.691237225052042 ], [ 140.051974433696557, 37.691415827552937 ], [ 140.052052504881459, 37.691577784208555 ], [ 140.052115559326751, 37.69182584723918 ], [ 140.052148329314036, 37.692111650936461 ], [ 140.052157499834948, 37.692342776805511 ], [ 140.05219361371752, 37.692555273637552 ], [ 140.052274439137619, 37.692793347080176 ], [ 140.052331666024315, 37.693077226009059 ], [ 140.052342766935652, 37.693233600436166 ], [ 140.052343608507499, 37.693243898147173 ], [ 140.052332773503025, 37.69341944102662 ], [ 140.052295553074714, 37.693582494119951 ], [ 140.05216443767128, 37.69394805365701 ], [ 140.052118330356052, 37.694125830228181 ], [ 140.052112503730456, 37.694278335910823 ], [ 140.052139444293147, 37.694409729165059 ], [ 140.052169442318132, 37.694526110026111 ], [ 140.052163614759536, 37.694626382056263 ], [ 140.05213334802869, 37.694748055430168 ], [ 140.052055276843788, 37.694867227805638 ], [ 140.051920281066288, 37.694979431799219 ], [ 140.051833322994497, 37.695014998798115 ], [ 140.051692233751567, 37.695029433360617 ], [ 140.051570557574877, 37.695038613825602 ], [ 140.051481383612611, 37.695065288474538 ], [ 140.051356114427904, 37.695141387654516 ], [ 140.05128388759573, 37.695163058705937 ], [ 140.051001653129475, 37.695191388415594 ], [ 140.05073166344053, 37.695220008641236 ], [ 140.050395277277005, 37.695289177854661 ], [ 140.050284434238819, 37.695341662007152 ], [ 140.050146114159162, 37.695465280157443 ], [ 140.05007417469298, 37.695584451732593 ], [ 140.050002217499667, 37.69564195869026 ], [ 140.049906106634097, 37.695687226361819 ], [ 140.049821955978842, 37.695737227122905 ], [ 140.049809994835528, 37.695775007005217 ], [ 140.049843051255806, 37.695803607222871 ], [ 140.049945008340131, 37.69583721023772 ], [ 140.050080288684569, 37.695825278274292 ], [ 140.050200283583564, 37.695777778511648 ], [ 140.050365276453022, 37.695720560469319 ], [ 140.050515002537111, 37.6957000058636 ], [ 140.050584155112887, 37.695727218327235 ], [ 140.050638055831399, 37.695772505206463 ], [ 140.050671666457532, 37.695844446726639 ], [ 140.05066249407065, 37.695935268584137 ], [ 140.050599439625358, 37.69603500199927 ], [ 140.050557499117161, 37.696142222403324 ], [ 140.050569171961484, 37.696180002285637 ], [ 140.050614439570865, 37.696189991073318 ], [ 140.050827773373101, 37.696144724202078 ], [ 140.050964717268158, 37.696119165198525 ], [ 140.05107250284405, 37.696116105577076 ], [ 140.051403882494697, 37.696137506920827 ], [ 140.051647234848076, 37.696201943044734 ], [ 140.051731116797441, 37.696245015439899 ], [ 140.05180305812965, 37.696301945367217 ], [ 140.051844998637819, 37.696383067352372 ], [ 140.05187193920051, 37.696511669892509 ], [ 140.051911110545404, 37.696578607815169 ], [ 140.051998049024093, 37.696652494111731 ], [ 140.052121102318381, 37.69671223396081 ], [ 140.052288616171381, 37.69677666928439 ], [ 140.052427220818004, 37.696847783274201 ], [ 140.05253833162908, 37.696940838823423 ], [ 140.052616386019878, 37.697045825535753 ], [ 140.052676383935875, 37.697198332018715 ], [ 140.05269749787297, 37.697312788111368 ], [ 140.052703610931559, 37.697448607932756 ], [ 140.05272917717565, 37.69757611243454 ], [ 140.05282055023423, 37.697715550500384 ], [ 140.052886662141816, 37.697851678444778 ], [ 140.053096670708896, 37.698385564380352 ], [ 140.053111670654374, 37.698488069301916 ], [ 140.053102785633484, 37.698571384962818 ], [ 140.053054711540568, 37.698649986741877 ], [ 140.052956652557413, 37.698724738183813 ], [ 140.052840841259581, 37.698781379195786 ], [ 140.052763608847528, 37.698819159078106 ], [ 140.052349454726226, 37.698940544336992 ], [ 140.052190288482365, 37.698995280588555 ], [ 140.051971106595374, 37.699093069227303 ], [ 140.051893054070604, 37.699145553379793 ], [ 140.051838883713231, 37.699224154358525 ], [ 140.051745830309954, 37.699498603122741 ], [ 140.051703889801757, 37.699560556655555 ], [ 140.051652775973679, 37.699591388964294 ], [ 140.051517782995205, 37.699629726669301 ], [ 140.051445842596024, 37.699674723832871 ], [ 140.051424711864797, 37.699748898244451 ], [ 140.051442767406598, 37.699844167477409 ], [ 140.051514725532911, 37.69997055553349 ], [ 140.051650006810377, 37.700144444152535 ], [ 140.051751944301543, 37.700244446475018 ], [ 140.051826942163046, 37.70032304745375 ], [ 140.05188999660831, 37.700366100641254 ], [ 140.052175002103866, 37.700501939670303 ], [ 140.052229994439983, 37.700542491859373 ], [ 140.052235000952862, 37.700590279737035 ], [ 140.052205001994878, 37.70064499678093 ], [ 140.052156946562093, 37.700690550966868 ], [ 140.052009722801415, 37.700818883799336 ], [ 140.051806113725917, 37.700950007345895 ], [ 140.051743059280653, 37.700969176598562 ], [ 140.051556935679969, 37.700976105764788 ], [ 140.051515278805766, 37.700990559534958 ], [ 140.051514725532911, 37.70104999126103 ], [ 140.0515388969323, 37.701097779939012 ], [ 140.051682776797662, 37.701250266413986 ], [ 140.051895842827037, 37.701538900041022 ], [ 140.052075834709001, 37.701734169995831 ], [ 140.052126948537108, 37.701831959434898 ], [ 140.052147775108182, 37.701939448746302 ], [ 140.052130005999402, 37.702034717178947 ], [ 140.052073064612699, 37.702118610670531 ], [ 140.051954445898332, 37.702174732275147 ], [ 140.051816662297426, 37.702180833110695 ], [ 140.051523610553801, 37.702120554646598 ], [ 140.051406386684135, 37.702087220539099 ], [ 140.051298334268381, 37.702087220539099 ], [ 140.051217507915283, 37.702106388991446 ], [ 140.051178606209248, 37.702148885156575 ], [ 140.051160567461579, 37.702213320480162 ], [ 140.051178339369386, 37.70232304268297 ], [ 140.051238335419384, 37.702466117400625 ], [ 140.051313045914867, 37.702672781504155 ], [ 140.051367501772233, 37.702871112681045 ], [ 140.051421384763614, 37.703059435862592 ], [ 140.051449453331173, 37.703128606676657 ], [ 140.051550552982519, 37.703247508544131 ], [ 140.051694719280874, 37.703359713338031 ], [ 140.051862787339758, 37.703462218259588 ], [ 140.052003895242819, 37.703512219020674 ], [ 140.052153872305666, 37.703538605554591 ], [ 140.052214996360505, 37.703563894850468 ], [ 140.05224388597378, 37.703612491050826 ], [ 140.052220001007356, 37.703657777129735 ], [ 140.052156946562093, 37.703705546600055 ], [ 140.052102777137691, 37.703753333677398 ], [ 140.052071669767997, 37.703819444069694 ], [ 140.052069720717412, 37.703898333963771 ], [ 140.052105834600013, 37.703972507575031 ], [ 140.052180831528489, 37.704051109354083 ], [ 140.052213887015768, 37.704146396194069 ], [ 140.05222582949898, 37.704284717814211 ], [ 140.052216944478062, 37.704451658859675 ], [ 140.052156946562093, 37.704606397433722 ], [ 140.052102777137691, 37.704673334556063 ], [ 140.052009722801415, 37.704718602227622 ], [ 140.051886385873161, 37.704748067590657 ], [ 140.051736676583175, 37.704768602988707 ], [ 140.051658605398273, 37.7048019370962 ], [ 140.051625549910995, 37.704837773002453 ], [ 140.051626675116836, 37.704852226772623 ], [ 140.051628607373289, 37.704883059881681 ], [ 140.051712774822676, 37.704966664457928 ], [ 140.051811656717547, 37.70500721584667 ], [ 140.051919727793432, 37.705023883300584 ], [ 140.052111947658602, 37.705028617190422 ], [ 140.052276941461059, 37.70504499572899 ], [ 140.052423878788716, 37.705080832435563 ], [ 140.052566113763646, 37.705148059273562 ], [ 140.052768883133268, 37.705271656615544 ], [ 140.05287416451975, 37.705374161537101 ], [ 140.052940008654474, 37.705464714487249 ], [ 140.052964160460732, 37.705550282247231 ], [ 140.052967218856026, 37.705664719132216 ], [ 140.052940008654474, 37.705745553002359 ], [ 140.052871107990455, 37.705838338843911 ], [ 140.05277805365418, 37.705945828155315 ], [ 140.052774996191857, 37.705988611635149 ], [ 140.052811110074458, 37.70601028268657 ], [ 140.052891935494557, 37.706031664822646 ], [ 140.053120287902431, 37.7060744491028 ], [ 140.053357506671063, 37.706124719571555 ], [ 140.05347138851144, 37.706174721933273 ], [ 140.053519443011226, 37.706217775120777 ], [ 140.053543613477615, 37.706291660617019 ], [ 140.053537500419026, 37.706374995485589 ], [ 140.053492501515535, 37.706603889263548 ], [ 140.053489444053241, 37.706687494640121 ], [ 140.053501672969418, 37.706747773904539 ], [ 140.053579440927223, 37.706825834667612 ], [ 140.053699453553321, 37.706895005481677 ], [ 140.053828602179038, 37.70693084218825 ], [ 140.053978614696149, 37.706935557670739 ], [ 140.054093621742368, 37.706926666121099 ], [ 140.054214725986071, 37.706915003065021 ], [ 140.054296677545011, 37.706918601301496 ], [ 140.054369170284048, 37.706923894614668 ], [ 140.054464726943763, 37.706959172698227 ], [ 140.054530822057217, 37.707018604424299 ], [ 140.054586956393308, 37.707100284232148 ], [ 140.054599721788236, 37.707195263749448 ], [ 140.054590568061457, 37.707272228875127 ], [ 140.054546392069682, 37.707346384079038 ], [ 140.054386672552965, 37.707495560432555 ], [ 140.054224719418698, 37.707602780036297 ], [ 140.054065553174809, 37.707714734330189 ], [ 140.05398138572545, 37.707798320499087 ], [ 140.053927769573932, 37.707900286005305 ], [ 140.053924445271775, 37.707976943808298 ], [ 140.053969443242238, 37.708176948453264 ], [ 140.053963346977781, 37.70825333574826 ], [ 140.053893337902053, 37.708395834235873 ], [ 140.053777776649952, 37.708553055401005 ], [ 140.053511666402045, 37.708856123590543 ], [ 140.053458604456381, 37.708966653315734 ], [ 140.053438046591168, 37.709116119384916 ], [ 140.053444178309888, 37.709233057268335 ], [ 140.053507214095021, 37.709657221801422 ], [ 140.053520837855928, 37.710056655661631 ], [ 140.053504443998719, 37.710578051010771 ], [ 140.053507214095021, 37.710975270386925 ], [ 140.053519156578233, 37.711058894170847 ], [ 140.053564154548724, 37.711142230640057 ], [ 140.053635826242044, 37.711197773613677 ], [ 140.053834448397765, 37.71134250419238 ], [ 140.053936387754959, 37.711444432083582 ], [ 140.054011653389324, 37.711512775367282 ], [ 140.054083896082602, 37.711578327136571 ], [ 140.054163881796853, 37.711695554735648 ], [ 140.054172212611888, 37.711822501414737 ], [ 140.054149453784333, 37.711981127940916 ], [ 140.054086667111903, 37.7121147148709 ], [ 140.053978328263156, 37.712257771181207 ], [ 140.053711396036505, 37.712534163921489 ], [ 140.053483044561631, 37.712744158154457 ], [ 140.053426104107956, 37.712832228513513 ], [ 140.053396389716937, 37.712923339286348 ], [ 140.053372506616569, 37.713092493215235 ], [ 140.053375563145863, 37.71322138387039 ], [ 140.05341110416245, 37.713401931947992 ], [ 140.053453616603633, 37.713586116677398 ], [ 140.053450542347207, 37.713793608311292 ], [ 140.053408332200149, 37.714001119152847 ], [ 140.053359455721647, 37.714154433958505 ], [ 140.053348049717187, 37.714310000062916 ], [ 140.053369162721253, 37.714403054011498 ], [ 140.0534227788728, 37.714474457716967 ], [ 140.053551945225649, 37.714596111883203 ], [ 140.053618057133235, 37.714689166632112 ], [ 140.05364805515822, 37.714782221381014 ], [ 140.053644997695926, 37.714898602242066 ], [ 140.053614999670941, 37.71502499109846 ], [ 140.053570000767451, 37.71507972735003 ], [ 140.053440834414573, 37.715172762891264 ], [ 140.053287497595335, 37.715270282622654 ], [ 140.053038604116352, 37.715470557775618 ], [ 140.0528524973098, 37.715656666473102 ], [ 140.052705542255012, 37.715771104158407 ], [ 140.052573604872833, 37.715838061288736 ], [ 140.052297501192299, 37.715942779093716 ], [ 140.052165277377128, 37.715981117599043 ], [ 140.051859443444471, 37.716047227991339 ], [ 140.051681935225815, 37.716100001059168 ], [ 140.051579997734649, 37.716143054246672 ], [ 140.051504998940146, 37.716207219862582 ], [ 140.05138500404118, 37.716379164505561 ], [ 140.051246667167419, 37.716534172787284 ], [ 140.050937507066578, 37.716838896037544 ], [ 140.050757227818622, 37.717002218038232 ], [ 140.050529449209762, 37.717181956992818 ], [ 140.050259156293691, 37.717351379829047 ], [ 140.05011777781877, 37.717457503795387 ], [ 140.049943881268263, 37.717616110313578 ], [ 140.049778887465806, 37.71780666558621 ], [ 140.049610838067053, 37.717958883153834 ], [ 140.049405566373963, 37.718100283603093 ], [ 140.049079458210059, 37.718271381508039 ], [ 140.048903059336141, 37.718350001694439 ], [ 140.048587499743718, 37.718490825113342 ], [ 140.048467504844751, 37.718526661019595 ], [ 140.048365279987593, 37.718516941939583 ], [ 140.048302225542301, 37.71847639055084 ], [ 140.048227226747798, 37.718388320992098 ], [ 140.048191114731225, 37.718290550760706 ], [ 140.048149155562896, 37.718052226017754 ], [ 140.048156396626354, 37.717916386988705 ], [ 140.048188343701923, 37.717832783212771 ], [ 140.048251398147215, 37.717768327881203 ], [ 140.04858138481913, 37.717630005460741 ], [ 140.049031671483164, 37.717482215260588 ], [ 140.049242236122097, 37.717399438214706 ], [ 140.049331676924197, 37.717339447865626 ], [ 140.049481670781176, 37.717177222302652 ], [ 140.049544726159468, 37.71712943442499 ], [ 140.049625837079532, 37.71707945207126 ], [ 140.049655836970544, 37.717038882275162 ], [ 140.049655836970544, 37.716988880713764 ], [ 140.049613876869216, 37.716941112043763 ], [ 140.049409731314995, 37.716824153352036 ], [ 140.049268890251795, 37.716762507942228 ], [ 140.049217778289716, 37.716726671235655 ], [ 140.049145837890507, 37.716650283940659 ], [ 140.049076670386654, 37.716598339203514 ], [ 140.048977788491754, 37.716569739786181 ], [ 140.048398335474872, 37.716550281618176 ], [ 140.048158327016807, 37.716535827848006 ], [ 140.047990007979166, 37.716488328885681 ], [ 140.047921108248175, 37.716440560215688 ], [ 140.047843053857378, 37.716345002867705 ], [ 140.047828053911871, 37.716242768454137 ], [ 140.047839996395084, 37.716126117085096 ], [ 140.047881936903252, 37.716016395682601 ], [ 140.047933050731359, 37.715952228466051 ], [ 140.047996104243651, 37.715894991216054 ], [ 140.048089176307059, 37.715847222546053 ], [ 140.048134174277521, 37.71580667115731 ], [ 140.048167211104698, 37.715730552769664 ], [ 140.048215286130613, 37.715494441710455 ], [ 140.048284168134501, 37.715334718746561 ], [ 140.04836222252527, 37.715215566379079 ], [ 140.048431391895178, 37.715146395565014 ], [ 140.048524444365427, 37.715086944631281 ], [ 140.048614441239437, 37.71506527277954 ], [ 140.048842507214289, 37.715072490861111 ], [ 140.048910548579329, 37.715062502873749 ], [ 140.048952508680657, 37.715034441271122 ], [ 140.049016671537657, 37.714970005147215 ], [ 140.049058612045826, 37.714939172838477 ], [ 140.049151934154992, 37.714896101243625 ], [ 140.04919389332332, 37.714850833572065 ], [ 140.04919139099988, 37.714797213766204 ], [ 140.049151934154992, 37.71473639668708 ], [ 140.049022786462245, 37.714599999835336 ], [ 140.048926674663676, 37.714531387644286 ], [ 140.048875545907464, 37.714467221228048 ], [ 140.04886694545354, 37.714390833933052 ], [ 140.048926674663676, 37.714211940916179 ], [ 140.04893861714686, 37.714138325127607 ], [ 140.048926674663676, 37.714052506867624 ], [ 140.048884717361375, 37.713968882283389 ], [ 140.048869736076, 37.713904446159482 ], [ 140.04886694545354, 37.713805540274713 ], [ 140.048896676638691, 37.713725823650599 ], [ 140.048986673512672, 37.713637773299531 ], [ 140.049076670386654, 37.713599453201546 ], [ 140.04936805857966, 37.713547220349383 ], [ 140.049668064020722, 37.713506668960633 ], [ 140.04975527213827, 37.713473045137484 ], [ 140.049806116327488, 37.713430280064998 ], [ 140.049839172747795, 37.713313611088928 ], [ 140.049836114352473, 37.713232508311435 ], [ 140.049803327571055, 37.713141936153626 ], [ 140.049729171281427, 37.713016394035257 ], [ 140.049716102659403, 37.712994164360822 ], [ 140.049676664474646, 37.712877783499771 ], [ 140.049677217747501, 37.712779436238016 ], [ 140.049707215772486, 37.712686381489114 ], [ 140.049797212646467, 37.712586109458954 ], [ 140.049971395629939, 37.712433891891337 ], [ 140.050019433335621, 37.712362219278511 ], [ 140.050016394533458, 37.712297763946943 ], [ 140.049976669915708, 37.712241103727301 ], [ 140.049896399634463, 37.712164447524948 ], [ 140.049710006394918, 37.711946658180054 ], [ 140.049639174407446, 37.71189055658342 ], [ 140.049611105839915, 37.711838052422948 ], [ 140.049608067037752, 37.711790554260936 ], [ 140.049638048268605, 37.711742784790623 ], [ 140.049744152566802, 37.711643898913842 ], [ 140.049779173898798, 37.711599998187992 ], [ 140.049783607545692, 37.711557502823176 ], [ 140.049740557692758, 37.711519453233187 ], [ 140.049690268642422, 37.711499726157832 ], [ 140.049575278390307, 37.711451399665144 ], [ 140.049496957159676, 37.711406652201262 ], [ 140.049442769075142, 37.711359711061625 ], [ 140.049391942613056, 37.711263615098623 ], [ 140.049388885150762, 37.711201661565809 ], [ 140.049421941571069, 37.711089727279898 ], [ 140.049421941571069, 37.711006101895343 ], [ 140.049387778605052, 37.710856945549814 ], [ 140.049398325310534, 37.710775284149307 ], [ 140.049466939541531, 37.710684442283821 ], [ 140.049531121991691, 37.710563057825262 ], [ 140.049543331314737, 37.710495273164568 ], [ 140.049535000499702, 37.710388881091198 ], [ 140.049503339857125, 37.710305564629969 ], [ 140.049494168403243, 37.710238337791964 ], [ 140.049509166482721, 37.710164722003398 ], [ 140.049570273743456, 37.710083330310567 ], [ 140.049591118041661, 37.710031115065426 ], [ 140.049602237613129, 37.709959712160277 ], [ 140.049590278335813, 37.709919161571854 ], [ 140.049497223999538, 37.709859440930444 ], [ 140.049446381676319, 37.709847507366376 ], [ 140.049281102373868, 37.70983084071279 ], [ 140.049135826730776, 37.709809150453701 ], [ 140.049056109722414, 37.709783341750466 ], [ 140.049004998693334, 37.709783341750466 ], [ 140.048938886785749, 37.70982639493797 ], [ 140.048845564676583, 37.709917775418482 ], [ 140.048749722516902, 37.709976668529528 ], [ 140.048668896163804, 37.709995568074518 ], [ 140.048575825033396, 37.709981383211698 ], [ 140.04847361883634, 37.709943045506691 ], [ 140.048254436949378, 37.709861941928878 ], [ 140.048110557083987, 37.709828338914036 ], [ 140.048014447151417, 37.709840271677777 ], [ 140.047957219331749, 37.709880823066527 ], [ 140.04792139374814, 37.709954996677787 ], [ 140.04790333634034, 37.710033886571857 ], [ 140.04789472095834, 37.710129732835178 ], [ 140.047831397807187, 37.710381663809947 ], [ 140.047774170920491, 37.710493887811509 ], [ 140.047675272231487, 37.710596391932754 ], [ 140.047540007748154, 37.710689447481975 ], [ 140.047341941664257, 37.710784715114301 ], [ 140.047200832828196, 37.710834715875379 ], [ 140.046945823491626, 37.710958622941007 ], [ 140.046822772996364, 37.710991957048506 ], [ 140.046732507416493, 37.710991957048506 ], [ 140.046516382991825, 37.710927501716931 ], [ 140.046336658882751, 37.710927501716931 ], [ 140.046201664971278, 37.710939433680359 ], [ 140.046123611513508, 37.710973057503509 ], [ 140.046024443185615, 37.711075272709415 ], [ 140.045901390824355, 37.71122777919237 ], [ 140.045865276941754, 37.71128749903346 ], [ 140.045859735816151, 37.711334998796104 ], [ 140.045871676433336, 37.711382497758436 ], [ 140.045913619740531, 37.711411117183751 ], [ 140.045952788286428, 37.711439716601085 ], [ 140.045970827967096, 37.711487505279067 ], [ 140.045970827967096, 37.711544723321403 ], [ 140.045940845803216, 37.711583041818741 ], [ 140.045913619740531, 37.711599728480316 ], [ 140.045874717101526, 37.711597226681562 ], [ 140.045811393950373, 37.711571397970339 ], [ 140.045760549761155, 37.711606676053897 ], [ 140.045715550857636, 37.711613894135468 ], [ 140.045673610349468, 37.711609159445302 ], [ 140.045637497399866, 37.711585275510465 ], [ 140.045622498387388, 37.711547225920476 ], [ 140.045616669895765, 37.711520839386566 ], [ 140.045571117719419, 37.711478324013768 ], [ 140.045556117773913, 37.711430555343767 ], [ 140.045562214038398, 37.711344718676436 ], [ 140.045547215958919, 37.711320833941279 ], [ 140.045493044668518, 37.711299431797208 ], [ 140.045343050811539, 37.71124223296254 ], [ 140.045228883471168, 37.711179990514388 ], [ 140.045039737862453, 37.711134724443468 ], [ 140.044925822433839, 37.711134724443468 ], [ 140.044829996135235, 37.711175275031898 ], [ 140.044709714803275, 37.711270832379874 ], [ 140.044511665513511, 37.711492508876582 ], [ 140.04429250321968, 37.711652212632806 ], [ 140.04408222501371, 37.711754717554371 ], [ 140.043998343064345, 37.711819172885939 ], [ 140.043977497833112, 37.711883608209526 ], [ 140.043974439437818, 37.712052781346074 ], [ 140.04394000776594, 37.712181653593881 ], [ 140.043878062665385, 37.712291106089019 ], [ 140.043818047022256, 37.712348343339023 ], [ 140.043734163206864, 37.712400846699175 ], [ 140.043459724009921, 37.712534163921489 ], [ 140.043316951623268, 37.712617210675042 ], [ 140.043217766501272, 37.712703068150688 ], [ 140.04314055181635, 37.712802492642489 ], [ 140.043088617875526, 37.712903323295656 ], [ 140.042632503652897, 37.713330008835165 ], [ 140.042413340426066, 37.713578052658121 ], [ 140.042311115568879, 37.713661387526692 ], [ 140.042245272367182, 37.713699726032026 ], [ 140.042164179174222, 37.71373277122418 ], [ 140.042053337069007, 37.713763892448256 ], [ 140.041987225161421, 37.713797226555748 ], [ 140.041939170661635, 37.713847497024503 ], [ 140.041843058863066, 37.714057222350114 ], [ 140.041561108963805, 37.714509446885188 ], [ 140.04148888399763, 37.714600268742686 ], [ 140.041356946615451, 37.714745557144077 ], [ 140.041233893321163, 37.714922217269553 ], [ 140.041161668354988, 37.71500555293845 ] ], [ [ 140.065067786945349, 37.662998321242149 ], [ 140.065112498482847, 37.663000554133554 ], [ 140.065151669827742, 37.663010273213565 ], [ 140.065229454579651, 37.663081676118715 ], [ 140.065232493381814, 37.663114991018539 ], [ 140.065220551831629, 37.663134179478874 ], [ 140.065190552873645, 37.663153329523873 ], [ 140.064944716856957, 37.663150826924792 ], [ 140.064908602974384, 37.663143609643541 ], [ 140.064899718886466, 37.663122227507458 ], [ 140.064914718831972, 37.663081676118715 ], [ 140.064938601932369, 37.663062506866048 ], [ 140.065031673062776, 37.663010273213565 ], [ 140.065067786945349, 37.662998321242149 ] ], [ [ 140.051222227995169, 37.661884993584422 ], [ 140.051182503377419, 37.661871386552285 ], [ 140.051181950104564, 37.661832778339281 ], [ 140.051245844255675, 37.661791669127844 ], [ 140.051292219343765, 37.661773328205868 ], [ 140.051368056911116, 37.661783065693221 ], [ 140.051386113385888, 37.661815283355011 ], [ 140.051380552667155, 37.661845000018367 ], [ 140.051355274722056, 37.661868615045854 ], [ 140.05130832770098, 37.661880009194576 ], [ 140.051286105352176, 37.661883068816024 ], [ 140.051258055444748, 37.661889169651573 ], [ 140.051222227995169, 37.661884993584422 ] ], [ [ 140.045195273778035, 37.678062784010137 ], [ 140.045239432975677, 37.678129164110111 ], [ 140.045293332761162, 37.678164153278331 ], [ 140.045335275135386, 37.678172217297615 ], [ 140.045381953450573, 37.678216945553828 ], [ 140.045396666963086, 37.678281381677728 ], [ 140.045359713374637, 37.678306670173292 ], [ 140.045354993294751, 37.678381114292542 ], [ 140.045332770945919, 37.678402496428625 ], [ 140.045236947446341, 37.67841027153257 ], [ 140.045214725097537, 37.678394721324679 ], [ 140.045185280345407, 37.678365274369 ], [ 140.045175555618641, 37.678332229176846 ], [ 140.045109175005194, 37.678332229176846 ], [ 140.045082214849373, 37.678300839045413 ], [ 140.045052788757374, 37.678240541373647 ], [ 140.045045280854055, 37.678191675465612 ], [ 140.045062496690008, 37.678178068433475 ], [ 140.045082214849373, 37.678160285334187 ], [ 140.045082214849373, 37.678096118117637 ], [ 140.045123888517708, 37.678074447866535 ], [ 140.045158339782716, 37.678062784010137 ], [ 140.045195273778035, 37.678062784010137 ] ], [ [ 140.063033051848919, 37.665994166030018 ], [ 140.063216101193177, 37.665906114878624 ], [ 140.06328805931949, 37.665889448225037 ], [ 140.063339154487466, 37.665906114878624 ], [ 140.063371943134882, 37.665934714295958 ], [ 140.063416957899477, 37.666010832683604 ], [ 140.063446939130358, 37.6660872199786 ], [ 140.063470840890886, 37.666123056685173 ], [ 140.063498051092438, 37.666144439621569 ], [ 140.063524993521156, 37.666237493570158 ], [ 140.063513051037944, 37.666268614794234 ], [ 140.063470840890886, 37.666294712412807 ], [ 140.063344999773165, 37.666344713974212 ], [ 140.063281946260901, 37.666363882426552 ], [ 140.063222233844897, 37.666373332599214 ], [ 140.063186103168192, 37.666399719133125 ], [ 140.063162218201796, 37.666421102069528 ], [ 140.063126106185194, 37.666428337758127 ], [ 140.063063050806903, 37.666416386587031 ], [ 140.063000282794633, 37.66642362227563 ], [ 140.062904171929063, 37.66642362227563 ], [ 140.062850270277522, 37.666399719133125 ], [ 140.062820272252537, 37.666347234980634 ], [ 140.062826385311126, 37.666301948901726 ], [ 140.062826385311126, 37.666249445541567 ], [ 140.062805272307031, 37.666220826916572 ], [ 140.062748330920357, 37.666201676871573 ], [ 140.062718332895372, 37.666177773729068 ], [ 140.06271527543305, 37.666144727736594 ], [ 140.062752211294395, 37.666073324831437 ], [ 140.062787215832259, 37.66604195390768 ], [ 140.062880286962638, 37.666010832683604 ], [ 140.06295222642882, 37.666001382510949 ], [ 140.062997225332339, 37.666001382510949 ], [ 140.063033051848919, 37.665994166030018 ] ], [ [ 140.0496744467182, 37.670336389113046 ], [ 140.049687497613121, 37.670284713283252 ], [ 140.049683046239096, 37.670245008632541 ], [ 140.049653602419966, 37.670152781413996 ], [ 140.049636672084034, 37.670077490556714 ], [ 140.049645557104924, 37.670020560629403 ], [ 140.04968472658382, 37.669968057269244 ], [ 140.04973471240703, 37.669923617928369 ], [ 140.049798607491198, 37.669882219801593 ], [ 140.049960830264354, 37.669815281878932 ], [ 140.049951675604575, 37.669767494001263 ], [ 140.050005828234845, 37.669746111865187 ], [ 140.050086671382047, 37.66975167408571 ], [ 140.0501499945332, 37.669777213081275 ], [ 140.050179992558185, 37.669805831706277 ], [ 140.050203054612865, 37.669861665195874 ], [ 140.050273619760475, 37.669900272608551 ], [ 140.050315005129789, 37.669944172534088 ], [ 140.050330005075296, 37.669996656686578 ], [ 140.050322228466115, 37.670047773893359 ], [ 140.050293891192695, 37.670079992355475 ], [ 140.050248606789211, 37.670084996753303 ], [ 140.050251664251505, 37.670203051882751 ], [ 140.050240008201314, 37.670263330346856 ], [ 140.050213048978492, 37.670315834507328 ], [ 140.050179992558185, 37.670365835268413 ], [ 140.050125823133811, 37.670416105737168 ], [ 140.049979154512016, 37.670501385382124 ], [ 140.049983605886013, 37.670552772296581 ], [ 140.049969714352244, 37.670594997953721 ], [ 140.049924716381753, 37.670623616578723 ], [ 140.049868616566926, 37.670641670186008 ], [ 140.049849738113409, 37.670706933840272 ], [ 140.049813606503676, 37.670754720917614 ], [ 140.049744724499789, 37.670795273106684 ], [ 140.049656676676392, 37.670824160639036 ], [ 140.049612500684617, 37.670833322696673 ], [ 140.049584449844218, 37.670811112229906 ], [ 140.049537504689141, 37.670750006235444 ], [ 140.049504448268863, 37.670750006235444 ], [ 140.049431381730813, 37.670749159497412 ], [ 140.04939889817652, 37.670733897404546 ], [ 140.04935028853788, 37.670678892245633 ], [ 140.049330265285363, 37.670613897498718 ], [ 140.049333339541789, 37.670585278873716 ], [ 140.04936805857966, 37.670560836315865 ], [ 140.049408336470265, 37.670539992794808 ], [ 140.049417507924176, 37.670499441406065 ], [ 140.049443054575136, 37.670457773571613 ], [ 140.049569718604573, 37.670370261835565 ], [ 140.0496744467182, 37.670336389113046 ] ], [ [ 140.060968336454607, 37.663926944763112 ], [ 140.061013335358126, 37.663953061589353 ], [ 140.061036110979785, 37.663984990335805 ], [ 140.061028602143466, 37.664014437291492 ], [ 140.061007238160641, 37.664065266383254 ], [ 140.060932224438034, 37.664117788150762 ], [ 140.060875283984359, 37.664120001834497 ], [ 140.060836382278325, 37.664103334380592 ], [ 140.060827227618546, 37.664086667727005 ], [ 140.06083943787462, 37.664014995114186 ], [ 140.060878322786522, 37.663962491754027 ], [ 140.060923338484116, 37.663941108817625 ], [ 140.060968336454607, 37.663926944763112 ] ], [ [ 140.046981384101372, 37.682535822516726 ], [ 140.047006948479464, 37.682525564821695 ], [ 140.047044170773773, 37.682526950174747 ], [ 140.047074722071613, 37.682542232275601 ], [ 140.047137491949911, 37.682606397891519 ], [ 140.047187495500282, 37.682654994091877 ], [ 140.047187495500282, 37.682702224146851 ], [ 140.047163324100893, 37.68273026574149 ], [ 140.047132771870025, 37.682743064450932 ], [ 140.047081123429223, 37.682735559054663 ], [ 140.047045833391365, 37.682715004448944 ], [ 140.046994166290403, 37.682718891600757 ], [ 140.046947504769321, 37.682701378209138 ], [ 140.0469105521139, 37.682670276192724 ], [ 140.046902506798858, 37.68262999451165 ], [ 140.046865286370547, 37.682584438725073 ], [ 140.046865286370547, 37.68254361762866 ], [ 140.046887775559213, 37.682518058625107 ], [ 140.046937761382452, 37.682519175070809 ], [ 140.046981384101372, 37.682535822516726 ] ], [ [ 140.051198343961772, 37.678944177476126 ], [ 140.051148894617256, 37.678919157887918 ], [ 140.051139723163374, 37.678832223182233 ], [ 140.051100838251472, 37.678740284879034 ], [ 140.051079457474515, 37.678706661055877 ], [ 140.050959710755279, 37.678629735145854 ], [ 140.050755565201058, 37.678496668423548 ], [ 140.050583618634136, 37.678363042277915 ], [ 140.050484451239271, 37.678278320455647 ], [ 140.050377775008087, 37.678176951987773 ], [ 140.050323049511832, 37.678005007344794 ], [ 140.050325821474132, 37.677849999063078 ], [ 140.050363883474319, 37.677789721399293 ], [ 140.050454433621155, 37.677673609445598 ], [ 140.050591663949177, 37.677500837272255 ], [ 140.050667500583529, 37.677408051430703 ], [ 140.050930552436142, 37.67698583167401 ], [ 140.051021104448978, 37.676895278723862 ], [ 140.051105558331358, 37.676860558462991 ], [ 140.051201954696921, 37.676832498461003 ], [ 140.051355845722043, 37.676813887031031 ], [ 140.051462218726101, 37.676830823392287 ], [ 140.05155443149053, 37.676875820555857 ], [ 140.051651669427969, 37.676981116191513 ], [ 140.051692787024422, 37.677084447843114 ], [ 140.051727774768153, 37.677400006619088 ], [ 140.051692787024422, 37.677692220075251 ], [ 140.051575830927618, 37.678087784390684 ], [ 140.051491109272376, 37.678289445697011 ], [ 140.051450276242917, 37.678347222362355 ], [ 140.051358044818357, 37.678651675904952 ], [ 140.051361941986499, 37.678677504616175 ], [ 140.05144528839017, 37.678722501779738 ], [ 140.051482778457341, 37.678764996344235 ], [ 140.051506947990731, 37.678820272011137 ], [ 140.051533603986428, 37.678901104280641 ], [ 140.051496113919256, 37.678964712874176 ], [ 140.05159778643656, 37.679028610383057 ], [ 140.051654154024277, 37.679098607927166 ], [ 140.051680827747106, 37.679162505436047 ], [ 140.051669992742603, 37.679228346120674 ], [ 140.051739717251365, 37.679268897509424 ], [ 140.051771664326935, 37.679298613372453 ], [ 140.051817216503281, 37.679396383603851 ], [ 140.051806668864799, 37.679423885783152 ], [ 140.051793331536885, 37.679445287927223 ], [ 140.051868060692499, 37.679562226610962 ], [ 140.051862787339758, 37.679591943274318 ], [ 140.05181194221754, 37.679625835204504 ], [ 140.051777224112669, 37.679634437838807 ], [ 140.051715545851977, 37.679634437838807 ], [ 140.051669992742603, 37.679613055702724 ], [ 140.051635273704733, 37.679579163772544 ], [ 140.051611105104371, 37.679496385926335 ], [ 140.051557775385817, 37.679483606424562 ], [ 140.05150167370499, 37.67945167687779 ], [ 140.051458607057953, 37.679394169920116 ], [ 140.051453333705211, 37.679360277989929 ], [ 140.051423888953082, 37.679311392874233 ], [ 140.0514133413146, 37.679245282481936 ], [ 140.051351662120879, 37.67921139055175 ], [ 140.051325007058182, 37.67918388677181 ], [ 140.05126082554105, 37.679062502313243 ], [ 140.051252763431876, 37.67902222063217 ], [ 140.051247220440274, 37.678996661628616 ], [ 140.051198343961772, 37.678944177476126 ] ], [ [ 140.060808045937904, 37.667561662198878 ], [ 140.060898040945887, 37.66757138207921 ], [ 140.060951943530426, 37.667592783422961 ], [ 140.060951943530426, 37.667611951875301 ], [ 140.060933887055626, 37.6676452859828 ], [ 140.060870831677335, 37.667666668919196 ], [ 140.060820005215248, 37.667664436027792 ], [ 140.060771932988331, 37.667654716947787 ], [ 140.06074195175745, 37.667635836610458 ], [ 140.06073306673656, 37.667607237993451 ], [ 140.060753894240662, 37.66758556614171 ], [ 140.060783875471515, 37.667568898687797 ], [ 140.060808045937904, 37.667561662198878 ] ], [ [ 140.062313617067815, 37.66660722997468 ], [ 140.062394442487914, 37.666649995047166 ], [ 140.062457496933177, 37.666664448817336 ], [ 140.062508324328292, 37.666716932969827 ], [ 140.062511398584718, 37.666778886502641 ], [ 140.062412498029687, 37.666840839235135 ], [ 140.062310560538521, 37.666898057277471 ], [ 140.062274447588948, 37.666917226530131 ], [ 140.062214718378812, 37.666907776357476 ], [ 140.062145549008932, 37.666876675141388 ], [ 140.062127778967124, 37.666845554717632 ], [ 140.062142491546638, 37.666776383903567 ], [ 140.062193604441717, 37.666685830953419 ], [ 140.062271658832515, 37.666619162738428 ], [ 140.062313617067815, 37.66660722997468 ] ], [ [ 140.061310265609734, 37.710685270614505 ], [ 140.061253611589052, 37.710657229019866 ], [ 140.061232497651957, 37.710623337089679 ], [ 140.061218052845334, 37.710611942940957 ], [ 140.061204162244564, 37.710589444359172 ], [ 140.061182781467608, 37.710572776905266 ], [ 140.061147220857862, 37.710521947813504 ], [ 140.061104993916672, 37.710431934278695 ], [ 140.061097502807485, 37.710364168825677 ], [ 140.061168603500818, 37.710234720347827 ], [ 140.061225275248631, 37.710144436305029 ], [ 140.061260833992378, 37.71011639471039 ], [ 140.061366939223575, 37.710082502780203 ], [ 140.061508601332491, 37.710076940559681 ], [ 140.061586655723289, 37.710093896128605 ], [ 140.061800561458512, 37.710169166977899 ], [ 140.061830006210641, 37.710199711171619 ], [ 140.061848617824296, 37.710271383784445 ], [ 140.061849994008895, 37.710326388943358 ], [ 140.061826664181353, 37.710365554178729 ], [ 140.061749735929425, 37.710398061556177 ], [ 140.061653054063868, 37.710437785414562 ], [ 140.061528605924849, 37.710548892970429 ], [ 140.061492225202414, 37.710615002562406 ], [ 140.061425005816119, 37.710681671577717 ], [ 140.061363881761281, 37.710695277809535 ], [ 140.061310265609734, 37.710685270614505 ] ], [ [ 140.059909170681692, 37.666296117773854 ], [ 140.059918057568609, 37.666229179050873 ], [ 140.059954169585183, 37.666186395571039 ], [ 140.060034995005282, 37.666112490867128 ], [ 140.060098068110705, 37.666076673368231 ], [ 140.060143066081196, 37.666067223995896 ], [ 140.060215005547377, 37.666100558103388 ], [ 140.060301944959065, 37.66619361285229 ], [ 140.060328887387755, 37.66621971047087 ], [ 140.060445824824427, 37.666281663203364 ], [ 140.060490822794918, 37.666322215392427 ], [ 140.060520820819903, 37.666420004031174 ], [ 140.060523897875328, 37.666503609407741 ], [ 140.060505839534528, 37.666565542932567 ], [ 140.060487783992727, 37.666668047854124 ], [ 140.060484726530433, 37.666820822444123 ], [ 140.060484726530433, 37.666866109323351 ], [ 140.060421939858031, 37.66694222771099 ], [ 140.060295830967448, 37.666994711063161 ], [ 140.060203046270061, 37.667004450151161 ], [ 140.060094992921279, 37.666997213662242 ], [ 140.060019995059776, 37.666985281698814 ], [ 140.059989996101791, 37.666954179682406 ], [ 140.0599449981313, 37.666889993258188 ], [ 140.059924153833094, 37.666866109323351 ], [ 140.059840289610833, 37.666842224588187 ], [ 140.059771102513821, 37.666811104164431 ], [ 140.059732217601919, 37.666763604401787 ], [ 140.059672219685922, 37.666629998264142 ], [ 140.059663334665032, 37.6665561127679 ], [ 140.059675277148216, 37.666474990782739 ], [ 140.059708332635523, 37.666415270141329 ], [ 140.059756102568315, 37.666381936033837 ], [ 140.059840289610833, 37.666336668362277 ], [ 140.059909170681692, 37.666296117773854 ] ], [ [ 140.061350007954616, 37.658739164920661 ], [ 140.061493887819978, 37.658760566264412 ], [ 140.061544715215092, 37.658789165681746 ], [ 140.061559713294571, 37.658813049616583 ], [ 140.061559713294571, 37.65885111841424 ], [ 140.061505848963321, 37.658891670603303 ], [ 140.0614608313997, 37.658908337256889 ], [ 140.061412776899914, 37.658901389683308 ], [ 140.061368065362416, 37.658877504948151 ], [ 140.061343893963027, 37.658848886323149 ], [ 140.061340836500733, 37.658825001587992 ], [ 140.0613380477443, 37.658763068063166 ], [ 140.061350007954616, 37.658739164920661 ] ], [ [ 140.060810011782621, 37.663511652572005 ], [ 140.060736945244571, 37.663453047575977 ], [ 140.060687495900083, 37.663402219284535 ], [ 140.060623065270221, 37.663362784341494 ], [ 140.060589168211067, 37.663321386214719 ], [ 140.060595549975517, 37.663278333027215 ], [ 140.06060611627413, 37.663253042931011 ], [ 140.060673890799308, 37.663234432301358 ], [ 140.060768321320154, 37.663226945312438 ], [ 140.06087027747148, 37.663376949196319 ], [ 140.060882774160518, 37.663484168800061 ], [ 140.060871117177328, 37.663506110359471 ], [ 140.060810011782621, 37.663511652572005 ] ], [ [ 140.054001659956697, 37.724822496014909 ], [ 140.054049713523483, 37.724815278733658 ], [ 140.054115558591207, 37.724822496014909 ], [ 140.054157785532368, 37.724865550002733 ], [ 140.05417861210347, 37.724889164229893 ], [ 140.054175554641176, 37.724927502735227 ], [ 140.054217764788234, 37.724953619561468 ], [ 140.054244724011056, 37.724996673549292 ], [ 140.054241666548762, 37.725049157701783 ], [ 140.054193612048977, 37.725082491809275 ], [ 140.054160556561698, 37.72514694634053 ], [ 140.054124710451958, 37.725170831075687 ], [ 140.054076673679305, 37.725180281248342 ], [ 140.053977505351412, 37.725177778649261 ], [ 140.053941374674707, 37.725189710612689 ], [ 140.053923605565899, 37.725208899873344 ], [ 140.053893604741916, 37.72524473577959 ], [ 140.053884434221004, 37.725309171103177 ], [ 140.053854452990151, 37.725340004212235 ], [ 140.053756662712857, 37.725358883749237 ], [ 140.05362638794827, 37.725390004973313 ], [ 140.053470833372586, 37.725465835245942 ], [ 140.05323304173794, 37.725563893592359 ], [ 140.053049992393682, 37.725661663823757 ], [ 140.052950824998817, 37.725685547758594 ], [ 140.052845005267613, 37.725678330477344 ], [ 140.052792768099692, 37.725671113196093 ], [ 140.052756672877223, 37.725657775871625 ], [ 140.052699999263382, 37.725646381722903 ], [ 140.052460832377164, 37.725575825555786 ], [ 140.052324174915128, 37.725533619106315 ], [ 140.052173895558155, 37.725521956050237 ], [ 140.051353326604499, 37.725483040514554 ], [ 140.051211662629555, 37.725470838843457 ], [ 140.051082496276678, 37.725432770045799 ], [ 140.051028613285297, 37.725401668029392 ], [ 140.05101972639838, 37.725359172664575 ], [ 140.051023606772418, 37.725304726128677 ], [ 140.051037498306187, 37.725258612519404 ], [ 140.051120003137981, 37.725206955897278 ], [ 140.051367788205226, 37.725088611852492 ], [ 140.051581677146345, 37.725028602295744 ], [ 140.05191166381826, 37.724910835281314 ], [ 140.052232785062444, 37.724810544843812 ], [ 140.052586654834755, 37.724688889877257 ], [ 140.052869999578718, 37.724649435726548 ], [ 140.052997503314003, 37.72463278748031 ], [ 140.053203043712955, 37.72463278748031 ], [ 140.053482221649915, 37.724648338488514 ], [ 140.053698327414452, 37.724688889877257 ], [ 140.053933043859672, 37.724784716132589 ], [ 140.054001659956697, 37.724822496014909 ] ], [ [ 140.06187888548817, 37.664671941377357 ], [ 140.062026662521674, 37.664683604433428 ], [ 140.062120556563826, 37.664703331508782 ], [ 140.062190833412416, 37.664746384696286 ], [ 140.062231397736014, 37.664792786420577 ], [ 140.062240551462793, 37.664860821581271 ], [ 140.062285280727394, 37.66489305925105 ], [ 140.062316656803006, 37.664953895537842 ], [ 140.062316656803006, 37.665014713417285 ], [ 140.062267492025484, 37.665043332842608 ], [ 140.0622180604081, 37.665046931079083 ], [ 140.062118892080235, 37.665050549323539 ], [ 140.062060558647829, 37.665032497316901 ], [ 140.061916677849439, 37.664939441767672 ], [ 140.061916677849439, 37.664918060431916 ], [ 140.061966110399823, 37.664860821581271 ], [ 140.061952505299047, 37.664846675934108 ], [ 140.061862508425065, 37.664803603538942 ], [ 140.061840000576268, 37.664771385877145 ], [ 140.061834459450665, 37.664736665616282 ], [ 140.061844452883292, 37.664703331508782 ], [ 140.06187888548817, 37.664671941377357 ] ], [ [ 140.05607277484259, 37.660270285767929 ], [ 140.055980562078162, 37.660236662745099 ], [ 140.055966670544393, 37.660214164163314 ], [ 140.055980562078162, 37.660191665581529 ], [ 140.056008878825452, 37.660174729220273 ], [ 140.056157781997797, 37.660174729220273 ], [ 140.056251390539956, 37.660211392656883 ], [ 140.056215278523382, 37.660263607902024 ], [ 140.05607277484259, 37.660270285767929 ] ], [ [ 140.057192223098468, 37.687649447955586 ], [ 140.057126111190883, 37.687692770850759 ], [ 140.057094164115313, 37.687694714826826 ], [ 140.056957774426138, 37.68764750397952 ], [ 140.056916675489816, 37.687593326350971 ], [ 140.056777782544174, 37.687530007473086 ], [ 140.056766393333845, 37.687493881851175 ], [ 140.056775547993624, 37.687418052378874 ], [ 140.056807495069165, 37.687367223287104 ], [ 140.056830270690853, 37.687358331737464 ], [ 140.056859734103114, 37.687363605042648 ], [ 140.056964443556609, 37.687316663903012 ], [ 140.057009994799927, 37.687305828377305 ], [ 140.05709639959889, 37.687313064866224 ], [ 140.057146652261991, 37.687300286164763 ], [ 140.057198892228939, 37.687305828377305 ], [ 140.05730138485896, 37.687378058812818 ], [ 140.057317224510314, 37.687416127610476 ], [ 140.057310556312871, 37.687454177200465 ], [ 140.057317224510314, 37.687490282814387 ], [ 140.057364994443134, 37.687548059479731 ], [ 140.057364994443134, 37.687568057063075 ], [ 140.057278609237301, 37.687640286698269 ], [ 140.057192223098468, 37.687649447955586 ] ], [ [ 140.061968612723263, 37.667970006816411 ], [ 140.062034724630848, 37.667989175268751 ], [ 140.06209777907614, 37.668029727457814 ], [ 140.062136663988042, 37.668041659421242 ], [ 140.062175565694048, 37.668032229256575 ], [ 140.062190546979423, 37.668010558205154 ], [ 140.062175565694048, 37.667979725896416 ], [ 140.062178604496211, 37.66794860467234 ], [ 140.062205563719033, 37.667920004454686 ], [ 140.062268601370192, 37.6679033378011 ], [ 140.062346672555094, 37.667879434658595 ], [ 140.06240944243342, 37.66784361715969 ], [ 140.0624605543955, 37.667814998534688 ], [ 140.062517494849175, 37.667810283052198 ], [ 140.062571377840555, 37.667814998534688 ], [ 140.062610280479589, 37.66784361715969 ], [ 140.062637507475273, 37.667877221775178 ], [ 140.062658335912374, 37.66792250705376 ], [ 140.062700277353571, 37.667936671908592 ], [ 140.062766388328157, 37.667953340162818 ], [ 140.062805272307031, 37.667986943177667 ], [ 140.062853344533949, 37.668063061565313 ], [ 140.062853344533949, 37.668106114752817 ], [ 140.062829175933587, 37.668148879825296 ], [ 140.062799158315443, 37.668168067485311 ], [ 140.062748330920357, 37.668182502848133 ], [ 140.062544435411866, 37.668213065449194 ], [ 140.062379442542408, 37.66825138394654 ], [ 140.062334443638917, 37.668246399556693 ], [ 140.062295560593014, 37.668213065449194 ], [ 140.062274447588948, 37.668165276771212 ], [ 140.062184719420827, 37.668158329197631 ], [ 140.062106665030029, 37.668153613715141 ], [ 140.062043609651738, 37.668139179952959 ], [ 140.062004726605863, 37.668108058728876 ], [ 140.061974727647879, 37.668062772649975 ], [ 140.061959727702373, 37.668010558205154 ], [ 140.061968612723263, 37.667970006816411 ] ], [ [ 140.061226114954479, 37.664026947085596 ], [ 140.061274152660161, 37.664038898256692 ], [ 140.061289171265798, 37.664072213956835 ], [ 140.061331111773967, 37.664248873281984 ], [ 140.061313054366167, 37.664301396650131 ], [ 140.061292226862065, 37.664334710749642 ], [ 140.061259171374786, 37.664336943641047 ], [ 140.061196116929494, 37.664308325016044 ], [ 140.061163060509216, 37.664265559943566 ], [ 140.061169176366803, 37.664217771265577 ], [ 140.061157215223488, 37.664115287152327 ], [ 140.061172215168995, 37.664062783792168 ], [ 140.06120221319398, 37.664038898256692 ], [ 140.061226114954479, 37.664026947085596 ] ], [ [ 140.051554717923523, 37.661614451179688 ], [ 140.051716671990818, 37.661571397992184 ], [ 140.051782783898403, 37.661576113474673 ], [ 140.051836666889784, 37.661619166662177 ], [ 140.051872780772385, 37.661638335914844 ], [ 140.05199250696549, 37.66166223905735 ], [ 140.052046658662732, 37.661690838474684 ], [ 140.052040562398275, 37.661724153374507 ], [ 140.05197472012955, 37.661771653137151 ], [ 140.05186055185618, 37.661786107707641 ], [ 140.051824724406572, 37.661757506689668 ], [ 140.051788611456999, 37.661705004129828 ], [ 140.051710825772091, 37.661685834877169 ], [ 140.051668885263894, 37.66171943869233 ], [ 140.051704712713502, 37.661752773600149 ], [ 140.051710825772091, 37.661795556279657 ], [ 140.051626675116836, 37.661852775922632 ], [ 140.051560832848111, 37.661857779520147 ], [ 140.05148889151593, 37.661829160895145 ], [ 140.051500833999143, 37.661776676742655 ], [ 140.051530832957127, 37.661752773600149 ], [ 140.051500833999143, 37.661705004129828 ], [ 140.051512776482326, 37.661657216252166 ], [ 140.051554717923523, 37.661614451179688 ] ], [ [ 140.061673058656226, 37.666099441657686 ], [ 140.061647493345106, 37.666048054743229 ], [ 140.061618335025969, 37.665972783093615 ], [ 140.061624734517551, 37.665942509407884 ], [ 140.061650282101539, 37.665920261326107 ], [ 140.061657774143754, 37.665891391400784 ], [ 140.061664726908191, 37.665836944064559 ], [ 140.061621946694146, 37.665768043758483 ], [ 140.061566667925035, 37.665721371526203 ], [ 140.061486111210826, 37.665693061024214 ], [ 140.061331665046822, 37.665610283178005 ], [ 140.061211384647862, 37.665531394084255 ], [ 140.060914167030234, 37.665396382585563 ], [ 140.060775846950605, 37.665306388258422 ], [ 140.060715831307476, 37.665221666436153 ], [ 140.060555272084912, 37.664802776008578 ], [ 140.060550838438019, 37.664749156202717 ], [ 140.060559723458937, 37.664695555604524 ], [ 140.06059583640851, 37.664609718136873 ], [ 140.06059583640851, 37.664545282012966 ], [ 140.0606227788372, 37.664505827862257 ], [ 140.060681113202605, 37.664459445345635 ], [ 140.060739716273872, 37.664434444164769 ], [ 140.060779995097505, 37.664444991575465 ], [ 140.060928611836857, 37.664541664568823 ], [ 140.060955554265576, 37.664581118719539 ], [ 140.06095110382455, 37.664641935798663 ], [ 140.060910556295084, 37.664681101834354 ], [ 140.060915006736082, 37.664749156202717 ], [ 140.060960005639572, 37.66483139463358 ], [ 140.061013048925105, 37.664866941624489 ], [ 140.06114305591683, 37.664927509804251 ], [ 140.061328607584528, 37.66507943845653 ], [ 140.061395542403858, 37.665103611306712 ], [ 140.061487220555534, 37.665091370419958 ], [ 140.061588337000984, 37.665103053484017 ], [ 140.061684714706416, 37.665171107052061 ], [ 140.061756958332722, 37.665268338668433 ], [ 140.061871948584837, 37.665373056473413 ], [ 140.061891113471347, 37.665492228048564 ], [ 140.061901661109829, 37.665533606967671 ], [ 140.061933340412537, 37.665633899005812 ], [ 140.061927761966672, 37.665684169474567 ], [ 140.061876667731724, 37.665739713248506 ], [ 140.061835282362381, 37.665781958913634 ], [ 140.061834726290527, 37.665866660727914 ], [ 140.061860560307508, 37.665901111281109 ], [ 140.061864725248512, 37.665966663050398 ], [ 140.061815008131134, 37.666006387709096 ], [ 140.06181749366047, 37.666083043911449 ], [ 140.061789728320036, 37.666128349198026 ], [ 140.061720542156024, 37.666122229154809 ], [ 140.061673058656226, 37.666099441657686 ] ], [ [ 140.060822222038666, 37.658340847506153 ], [ 140.060969159366351, 37.658398047141134 ], [ 140.061005003610063, 37.65842916836521 ], [ 140.06100221485363, 37.658459999873628 ], [ 140.060975005585078, 37.658483884608785 ], [ 140.06092416139586, 37.658493603688797 ], [ 140.060900276429464, 37.658491101890036 ], [ 140.060855277525974, 37.65847443443613 ], [ 140.060768321320154, 37.658467217154879 ], [ 140.060729169568418, 37.658455284391138 ], [ 140.060699151950274, 37.658426665766136 ], [ 140.060699151950274, 37.658383881485982 ], [ 140.0607202845475, 37.658355282068655 ], [ 140.060762225055697, 37.658343330097239 ], [ 140.060798338938298, 37.658336113616308 ], [ 140.060822222038666, 37.658340847506153 ] ], [ [ 140.050741103600302, 37.682600277848302 ], [ 140.050698053747368, 37.682575007760086 ], [ 140.050661673024933, 37.68254388733633 ], [ 140.050624164297602, 37.682519175070809 ], [ 140.050580274738849, 37.682490286738137 ], [ 140.05055499679375, 37.6824463868126 ], [ 140.050564453747626, 37.682378602151914 ], [ 140.050593343360902, 37.682346653397474 ], [ 140.050673042642131, 37.682344459721719 ], [ 140.050751668032888, 37.68235471741675 ], [ 140.050838322877581, 37.682431374419423 ], [ 140.050840288722299, 37.682539999384197 ], [ 140.050810271104154, 37.682602780447375 ], [ 140.050741103600302, 37.682600277848302 ] ], [ [ 140.051216954642427, 37.660078614049603 ], [ 140.051139168024491, 37.660033616886032 ], [ 140.051116945675687, 37.65998305750194 ], [ 140.051117768587403, 37.659898336479991 ], [ 140.051103895713766, 37.659841945167699 ], [ 140.051089449041115, 37.659768887201821 ], [ 140.051132213394055, 37.659723601923233 ], [ 140.051188886074868, 37.659712495889529 ], [ 140.051308880973835, 37.659712495889529 ], [ 140.051401113331394, 37.659723601923233 ], [ 140.051457785079208, 37.659740557492157 ], [ 140.051542775440311, 37.65975889841414 ], [ 140.051585002381501, 37.659808322144862 ], [ 140.051585002381501, 37.659819446585914 ], [ 140.051549711410644, 37.659858882329274 ], [ 140.051486120486629, 37.659909729828392 ], [ 140.051429448738816, 37.659926666189648 ], [ 140.0513799993943, 37.659965832225339 ], [ 140.051330262683791, 37.66002249244498 ], [ 140.051287784763872, 37.660067220701194 ], [ 140.051216954642427, 37.660078614049603 ] ], [ [ 140.061146667585007, 37.66829832508617 ], [ 140.061218607051188, 37.66831277885634 ], [ 140.0612725087027, 37.668348615562913 ], [ 140.061356389719066, 37.668443883195231 ], [ 140.061401388622585, 37.668503603836641 ], [ 140.061479443013354, 37.668575006741797 ], [ 140.061524440983845, 37.668625278010865 ], [ 140.061542211025653, 37.66869444802461 ], [ 140.061521383521551, 37.66873499941336 ], [ 140.061461386538554, 37.668777783693507 ], [ 140.06144944405537, 37.668808885709915 ], [ 140.061431388513569, 37.668880287814751 ], [ 140.061413331105769, 37.668899437859743 ], [ 140.061365561172977, 37.668904172549908 ], [ 140.061317506673191, 37.668890006894756 ], [ 140.061293336206802, 37.668875553924906 ], [ 140.061239452282393, 37.668796932938186 ], [ 140.061110553702406, 37.66867999425444 ], [ 140.061059728173319, 37.668610843448363 ], [ 140.061047500190142, 37.668541672634298 ], [ 140.061056670711025, 37.668513054009296 ], [ 140.061119438723296, 37.668455835166647 ], [ 140.06114055266039, 37.668412781178823 ], [ 140.061131667639501, 37.668379447071331 ], [ 140.061119438723296, 37.668331948109007 ], [ 140.061128610177207, 37.668308044166182 ], [ 140.061146667585007, 37.66829832508617 ] ], [ [ 140.051115551763985, 37.66211667807648 ], [ 140.051101661163187, 37.662109440787241 ], [ 140.051091953230582, 37.662083324761312 ], [ 140.051117768587403, 37.662039155128113 ], [ 140.051181394965681, 37.662005281605275 ], [ 140.051320823457047, 37.66198278302349 ], [ 140.051389437688073, 37.661984168376542 ], [ 140.051393049356221, 37.662013885039897 ], [ 140.051351662120879, 37.662050278768838 ], [ 140.051301389864648, 37.662072777350623 ], [ 140.05125832321761, 37.662072777350623 ], [ 140.051115551763985, 37.66211667807648 ] ], [ [ 140.062593886622381, 37.676142218090334 ], [ 140.062496953778066, 37.676124165283376 ], [ 140.062469171643528, 37.676108883982842 ], [ 140.062438332046668, 37.676085288963343 ], [ 140.06241832745431, 37.676043061705563 ], [ 140.062430286731626, 37.676012230197145 ], [ 140.062487227185301, 37.67598832705464 ], [ 140.062670278395586, 37.675997776426975 ], [ 140.062744452412318, 37.676046391835001 ], [ 140.062769444857452, 37.67611221331196 ], [ 140.062698328302986, 37.676143065628686 ], [ 140.062593886622381, 37.676142218090334 ] ], [ [ 140.063282785966749, 37.675190827080236 ], [ 140.063210827840436, 37.675219445705238 ], [ 140.063153602819767, 37.675214730222741 ], [ 140.063111679105702, 37.675171677035237 ], [ 140.063078604025264, 37.675136110036341 ], [ 140.063087777345174, 37.675083606676182 ], [ 140.063153602819767, 37.675028601517269 ], [ 140.063159715878356, 37.674966667992443 ], [ 140.063183617638884, 37.674928618402454 ], [ 140.063222788983779, 37.674902212660868 ], [ 140.063270843483565, 37.674897497178378 ], [ 140.063312785857761, 37.674899999777452 ], [ 140.063360840357547, 37.674954716021027 ], [ 140.063399725269448, 37.674961952509946 ], [ 140.063480835256513, 37.674959430703204 ], [ 140.063495835202019, 37.674976117364778 ], [ 140.063523062197703, 37.675016669553841 ], [ 140.063520006601408, 37.675057220142264 ], [ 140.063447778836206, 37.675093056848837 ], [ 140.063460007752411, 37.675150275691493 ], [ 140.063405838328038, 37.67518861419682 ], [ 140.063363897819841, 37.675207493733822 ], [ 140.06332778393724, 37.675212228423987 ], [ 140.063282785966749, 37.675190827080236 ] ], [ [ 140.050685824831191, 37.682758615459136 ], [ 140.050711945281165, 37.6827319408102 ], [ 140.050737778365118, 37.682711116496812 ], [ 140.050815830889889, 37.682696662726642 ], [ 140.050906937108607, 37.682684441047556 ], [ 140.050940832301762, 37.682694718750575 ], [ 140.050958889709563, 37.682709172520745 ], [ 140.051036942234333, 37.682715273356294 ], [ 140.051089165407149, 37.682754727507003 ], [ 140.051094169121001, 37.682814448148413 ], [ 140.051068336037048, 37.682830826686981 ], [ 140.051023893205411, 37.682835002754132 ], [ 140.050977213024197, 37.682874168789823 ], [ 140.050933056625581, 37.682890835443416 ], [ 140.050886109604505, 37.682882502516776 ], [ 140.050836677054122, 37.6828513812927 ], [ 140.050743052650887, 37.682861947911057 ], [ 140.050696391129804, 37.682849457324622 ], [ 140.050678065949143, 37.68280193755399 ], [ 140.050685824831191, 37.682758615459136 ] ], [ [ 140.060858889194122, 37.667437775141238 ], [ 140.060951943530426, 37.66734250750892 ], [ 140.060999998963212, 37.667323338256253 ], [ 140.061071957089524, 37.667323338256253 ], [ 140.061098880858083, 37.66734250750892 ], [ 140.061107765878972, 37.667383058897663 ], [ 140.061095823395789, 37.667423322171388 ], [ 140.061029996988196, 37.667516396127958 ], [ 140.060969999072199, 37.66752611520797 ], [ 140.060925001101708, 37.667514162436234 ], [ 140.060873871412497, 37.667483062020466 ], [ 140.060858889194122, 37.667437775141238 ] ], [ [ 140.05012943480196, 37.68227305681657 ], [ 140.050220556881783, 37.682221380986775 ], [ 140.050215283529042, 37.682143048915393 ], [ 140.050230836747403, 37.682116104558787 ], [ 140.050272491755607, 37.682113891675371 ], [ 140.050314165423941, 37.68212443828574 ], [ 140.050381672176229, 37.682155289001827 ], [ 140.050449446701407, 37.682211102483436 ], [ 140.050433892550046, 37.682281389743203 ], [ 140.050399995490892, 37.682301944348922 ], [ 140.050329718642303, 37.682320554978574 ], [ 140.050311663100501, 37.682374444492105 ], [ 140.050295822516148, 37.682405276800843 ], [ 140.050223042411119, 37.682440554884408 ], [ 140.050165834184554, 37.682438322793317 ], [ 140.050140000167573, 37.682428064297966 ], [ 140.050124160516219, 37.682405276800843 ], [ 140.05012943480196, 37.68227305681657 ] ], [ [ 140.060835006093754, 37.666640006259485 ], [ 140.061002787719616, 37.666625822196991 ], [ 140.061089727131304, 37.66663777336808 ], [ 140.061167780589102, 37.666685273130724 ], [ 140.061272776475562, 37.666794995333539 ], [ 140.061380544324351, 37.666950002814936 ], [ 140.061386390543078, 37.66699305680276 ], [ 140.061368332202278, 37.667038342881668 ], [ 140.061356389719066, 37.667086111551662 ], [ 140.061308336152308, 37.667112227577583 ], [ 140.061251394765605, 37.667119445659154 ], [ 140.061020843261417, 37.66711694306008 ], [ 140.060880002198218, 37.667098062722758 ], [ 140.060805005269742, 37.667069444097756 ], [ 140.060771932988331, 37.667023888311178 ], [ 140.060729991547134, 37.666916668707444 ], [ 140.060706106580739, 37.666823613958535 ], [ 140.060718049063922, 37.666740278289645 ], [ 140.060760007299251, 37.666671126683241 ], [ 140.060805005269742, 37.666644720941662 ], [ 140.060835006093754, 37.666640006259485 ] ], [ [ 140.051216668209435, 37.662321398203936 ], [ 140.051181394965681, 37.662292490663596 ], [ 140.05115305862526, 37.662247493500033 ], [ 140.051167503431913, 37.662213600769526 ], [ 140.051216668209435, 37.662166678837558 ], [ 140.051296385217796, 37.662176398717889 ], [ 140.051347497179876, 37.662246396261999 ], [ 140.05135055464217, 37.662308330587145 ], [ 140.051289447381464, 37.662327499039485 ], [ 140.051216668209435, 37.662321398203936 ] ], [ [ 140.063247494995892, 37.679247496165672 ], [ 140.063307492911889, 37.679266664618012 ], [ 140.063331395605388, 37.679285544955341 ], [ 140.063364451092696, 37.679280830273164 ], [ 140.06338556502979, 37.679338067523169 ], [ 140.063388336059091, 37.679402503647069 ], [ 140.063361395496401, 37.679445556834573 ], [ 140.0633433380886, 37.679505008568633 ], [ 140.063295283588815, 37.679524157813304 ], [ 140.063259456139207, 37.679526390704709 ], [ 140.063226381058797, 37.679519443131134 ], [ 140.063217229198045, 37.679502776477541 ], [ 140.063217229198045, 37.679447770518308 ], [ 140.063202212458407, 37.679428601265649 ], [ 140.063175270029717, 37.679414455618485 ], [ 140.06317555552971, 37.679366666940496 ], [ 140.063187498012894, 37.679333332833004 ], [ 140.063187498012894, 37.679295283243015 ], [ 140.063202497025401, 37.679266664618012 ], [ 140.063247494995892, 37.679247496165672 ] ], [ [ 140.060533604874962, 37.65969777321201 ], [ 140.060596659320254, 37.659683608357177 ], [ 140.060692502412962, 37.659688342247023 ], [ 140.060761385349849, 37.659726391837012 ], [ 140.060806382387341, 37.659795562651077 ], [ 140.060821382332819, 37.659864732664822 ], [ 140.060797497366423, 37.659974165952292 ], [ 140.060767498408438, 37.660007500059791 ], [ 140.060716387379358, 37.660024167513697 ], [ 140.060599448076687, 37.660031383994628 ], [ 140.060566678089373, 37.660052786138692 ], [ 140.060554718812057, 37.660083888155107 ], [ 140.060572506580968, 37.660107772089944 ], [ 140.060623618543076, 37.660129154226027 ], [ 140.060776383429328, 37.660174441105248 ], [ 140.060818343530656, 37.660214991693678 ], [ 140.06083943787462, 37.660272211336647 ], [ 140.060794440837128, 37.660453604551641 ], [ 140.060737500383453, 37.660522775365706 ], [ 140.060647503509472, 37.660599163461029 ], [ 140.060578603778453, 37.6606180622057 ], [ 140.060530564206772, 37.6606180622057 ], [ 140.060410552513702, 37.660587211489613 ], [ 140.060353612059998, 37.660548892191954 ], [ 140.060323613102014, 37.66050139322963 ], [ 140.060299728135618, 37.660417787853063 ], [ 140.060296653879192, 37.66032250101307 ], [ 140.060302785597912, 37.660234161746658 ], [ 140.060299728135618, 37.660176942103689 ], [ 140.060281672593817, 37.660136372307598 ], [ 140.060215828459093, 37.660055268729785 ], [ 140.060203885975909, 37.659998069094797 ], [ 140.06021278965693, 37.659938329245719 ], [ 140.060236673690326, 37.659883613002144 ], [ 140.060278615131523, 37.659847776295578 ], [ 140.06031778461039, 37.659828607843231 ], [ 140.060383610084983, 37.659812229304663 ], [ 140.060410552513702, 37.659788345369826 ], [ 140.060476664421287, 37.659726391837012 ], [ 140.060533604874962, 37.65969777321201 ] ], [ [ 140.03984749511153, 37.65100832264811 ], [ 140.039802497141039, 37.650977490339372 ], [ 140.039787497195533, 37.650929721669371 ], [ 140.039787497195533, 37.65082943043155 ], [ 140.039811382161929, 37.650769998705478 ], [ 140.039919453237843, 37.650681678646741 ], [ 140.039991106271003, 37.650626672687501 ], [ 140.040068892888939, 37.650603885990698 ], [ 140.040177213077584, 37.65056833819947 ], [ 140.040192213023062, 37.650546936855719 ], [ 140.040165270594372, 37.650499168185725 ], [ 140.040068892888939, 37.650513890863245 ], [ 140.040040842048512, 37.650513890863245 ], [ 140.039973336229224, 37.650520838436826 ], [ 140.039906115909901, 37.650542221373222 ], [ 140.039856666565413, 37.650570262967868 ], [ 140.039786102350803, 37.6506152793391 ], [ 140.039751383312932, 37.650639991604621 ], [ 140.039658617275649, 37.650666108430869 ], [ 140.039562507343078, 37.650649441777276 ], [ 140.039502776266943, 37.650620841559629 ], [ 140.039436664359386, 37.650563603509305 ], [ 140.039409990636557, 37.650528884048761 ], [ 140.039347222624258, 37.650435000969168 ], [ 140.039311950313532, 37.650339174713835 ], [ 140.039283613040112, 37.65015889714423 ], [ 140.03929888075848, 37.649986394678557 ], [ 140.039323052157869, 37.649848323558416 ], [ 140.039347222624258, 37.649798610912356 ], [ 140.039396671968746, 37.649731942697365 ], [ 140.039382781367976, 37.649680286075238 ], [ 140.039371947296502, 37.649646393344732 ], [ 140.039389719204308, 37.649623625855597 ], [ 140.039453326922455, 37.649584440612237 ], [ 140.039587768494073, 37.649595545045301 ], [ 140.039715002590469, 37.649539172940678 ], [ 140.039799992951572, 37.649550547881731 ], [ 140.039934451317322, 37.649663348913663 ], [ 140.039984170300698, 37.649719432903261 ], [ 140.040005283304794, 37.649736388472192 ], [ 140.040012505708091, 37.649747781820594 ], [ 140.040066388699501, 37.649792221161469 ], [ 140.040069160661801, 37.649845820959342 ], [ 140.040036390674487, 37.649886391555754 ], [ 140.040024448191303, 37.649924441145743 ], [ 140.040045007922544, 37.649968880486618 ], [ 140.040144176250408, 37.650069999254804 ], [ 140.040165270594372, 37.650129719896213 ], [ 140.040159157535783, 37.650196388111205 ], [ 140.040189174220899, 37.650244176789187 ], [ 140.040348052165768, 37.650379995810255 ], [ 140.040462220439139, 37.650487216214309 ], [ 140.040477237178749, 37.650544453464313 ], [ 140.040474162922351, 37.650604174105723 ], [ 140.040444164897366, 37.650643609849084 ], [ 140.040394713686851, 37.65070527446656 ], [ 140.040387491283525, 37.650722210827816 ], [ 140.040331105968704, 37.650801100721893 ], [ 140.040267228611697, 37.650846386000481 ], [ 140.04021611478359, 37.650846386000481 ], [ 140.040129176304902, 37.650848618891885 ], [ 140.040033601918083, 37.650874447603108 ], [ 140.04002666594775, 37.650874447603108 ], [ 140.040019441678425, 37.650885552036172 ], [ 140.039941388220655, 37.650986940512027 ], [ 140.039899161279465, 37.651009439093812 ], [ 140.03984749511153, 37.65100832264811 ] ], [ [ 140.055786391296436, 37.670353344681978 ], [ 140.055693605666022, 37.670332501160921 ], [ 140.055578330846942, 37.670270566835775 ], [ 140.055444998620032, 37.670200838999335 ], [ 140.055431107086264, 37.670166946268829 ], [ 140.055508892771172, 37.670127780233138 ], [ 140.05565776142231, 37.670138885466521 ], [ 140.055784175405989, 37.670191677742018 ], [ 140.055909174951836, 37.670208055480266 ], [ 140.055954442561188, 37.670215273561837 ], [ 140.055994737245925, 37.670235000637192 ], [ 140.055957498157483, 37.670291102233826 ], [ 140.055891655888786, 37.670324726056975 ], [ 140.055786391296436, 37.670353344681978 ] ], [ [ 140.050553887449013, 37.668154999868513 ], [ 140.050500004457632, 37.668107789021207 ], [ 140.050451662591826, 37.668084154786051 ], [ 140.050371945583464, 37.668070836669251 ], [ 140.050295822516148, 37.668066390894431 ], [ 140.050275262784908, 37.668052226039599 ], [ 140.050275262784908, 37.668016389333033 ], [ 140.050290280457546, 37.667966118864278 ], [ 140.050282771621227, 37.667924431822158 ], [ 140.05023832878959, 37.667799447526484 ], [ 140.050245836692909, 37.667715284327222 ], [ 140.050288617839954, 37.667620843424949 ], [ 140.050325553701271, 37.667551943118873 ], [ 140.050388608146562, 37.667544456129953 ], [ 140.050455559759996, 37.667551943118873 ], [ 140.050546396339826, 37.667562220821893 ], [ 140.050639164243108, 37.667582775427611 ], [ 140.050748056364739, 37.667630005482586 ], [ 140.05081111267603, 37.667673058670083 ], [ 140.050867212490857, 37.667716940188271 ], [ 140.050880263385778, 37.667743345929857 ], [ 140.050831956974235, 37.667827508328791 ], [ 140.050789443600053, 37.667917503456252 ], [ 140.050759998847923, 37.667982786318184 ], [ 140.050668895428231, 37.668101938685666 ], [ 140.050616941894305, 37.668147493671924 ], [ 140.050553887449013, 37.668154999868513 ] ], [ [ 140.062445000244139, 37.681188327775857 ], [ 140.062481937038456, 37.681163346602979 ], [ 140.062504176181392, 37.681161941241939 ], [ 140.062554162004631, 37.681194178911717 ], [ 140.062574453029981, 37.681211942803344 ], [ 140.062583893189753, 37.681260270096352 ], [ 140.062541111109709, 37.681280824702071 ], [ 140.06253195831593, 37.681310270857431 ], [ 140.062493056609924, 37.68132499433527 ], [ 140.062431949349218, 37.681317777054019 ], [ 140.06240250459706, 37.681296933532963 ], [ 140.062363621551185, 37.681258883942974 ], [ 140.062371112660372, 37.681223625067084 ], [ 140.062404169080679, 37.681192774350997 ], [ 140.062415288652147, 37.681180822379581 ], [ 140.062445000244139, 37.681188327775857 ] ], [ [ 140.05764195462362, 37.667487506994966 ], [ 140.057568334812743, 37.667490278501397 ], [ 140.05737332432517, 37.667446128876179 ], [ 140.057248055140434, 37.667369162950187 ], [ 140.05719249087133, 37.667273895317862 ], [ 140.057194155354921, 37.667174161902729 ], [ 140.057256940161352, 37.667088612550096 ], [ 140.057326662804087, 37.667063054346869 ], [ 140.057470008056725, 37.667068885474741 ], [ 140.057539712972329, 37.667080279623463 ], [ 140.057606110379908, 37.667068885474741 ], [ 140.057674171338078, 37.667029161616362 ], [ 140.057793898464183, 37.666960839140962 ], [ 140.057912212085427, 37.666925271341746 ], [ 140.058005266421731, 37.666902503852612 ], [ 140.058125279047829, 37.666895285771041 ], [ 140.058216384333519, 37.666918054860815 ], [ 140.058321934425862, 37.666964996000452 ], [ 140.058402491140072, 37.667037784258653 ], [ 140.058433062031071, 37.667157224741153 ], [ 140.058388332766441, 37.667248066606639 ], [ 140.058321934425862, 37.667308056955719 ], [ 140.058162769115, 37.667359174962826 ], [ 140.057908601350277, 37.667385002073409 ], [ 140.057697216598626, 37.667467491804594 ], [ 140.05764195462362, 37.667487506994966 ] ], [ [ 140.061032499311636, 37.667893041690732 ], [ 140.061092498160605, 37.667890558299327 ], [ 140.0611136111647, 37.667919158516973 ], [ 140.061128610177207, 37.667962211704477 ], [ 140.061137496131096, 37.668038619007461 ], [ 140.061146667585007, 37.66807666859745 ], [ 140.061188608093175, 37.668133886639787 ], [ 140.061179437572292, 37.668167220747279 ], [ 140.06114945634144, 37.668193607281196 ], [ 140.061089440698311, 37.668203057453852 ], [ 140.06103555770693, 37.668176959835272 ], [ 140.060960560778454, 37.668079170396204 ], [ 140.060957503316132, 37.668028899927457 ], [ 140.060999712530219, 37.667976395766978 ], [ 140.061011672740534, 37.667921679523403 ], [ 140.061032499311636, 37.667893041690732 ] ], [ [ 140.058234726308314, 37.649714158797757 ], [ 140.0583036101782, 37.649728612567927 ], [ 140.058360550631903, 37.649759714584334 ], [ 140.058390548656888, 37.649807232754327 ], [ 140.058411662593983, 37.649859716906818 ], [ 140.058492504808186, 37.650000540325721 ], [ 140.058504447291369, 37.650041111722452 ], [ 140.058504447291369, 37.650069711139786 ], [ 140.058477506728678, 37.650083895202286 ], [ 140.058429451295893, 37.650093614282291 ], [ 140.058396662648477, 37.65008639700104 ], [ 140.058207767085491, 37.650024444268546 ], [ 140.058162769115, 37.649990840453384 ], [ 140.058105560888436, 37.649940838891979 ], [ 140.058084733384334, 37.649895553613391 ], [ 140.058087772186525, 37.649831117489491 ], [ 140.058108618350758, 37.649781115928086 ], [ 140.058150558858927, 37.649747781820594 ], [ 140.058186670875529, 37.649721396086996 ], [ 140.058234726308314, 37.649714158797757 ] ], [ [ 140.062419453593151, 37.665839446663639 ], [ 140.062466382887095, 37.665848896035975 ], [ 140.06250778784954, 37.665883327381501 ], [ 140.062513328975143, 37.665979442552171 ], [ 140.06252332240777, 37.666055272024479 ], [ 140.062520552311469, 37.666110835006087 ], [ 140.062472496878684, 37.666137221539998 ], [ 140.062310560538521, 37.666196942181408 ], [ 140.062274447588948, 37.666189724900157 ], [ 140.062214718378812, 37.66615887418407 ], [ 140.062175565694048, 37.66615415870158 ], [ 140.06212472150483, 37.666168323556413 ], [ 140.062079722601339, 37.666194729297992 ], [ 140.062037782093142, 37.666218343525159 ], [ 140.062004726605863, 37.666218343525159 ], [ 140.061968612723263, 37.66620639235407 ], [ 140.061950824021352, 37.666180274727502 ], [ 140.061962785164667, 37.666135008656582 ], [ 140.062016669089076, 37.666049170388611 ], [ 140.062076665139045, 37.665987217656117 ], [ 140.06222360339973, 37.665889448225037 ], [ 140.062307503076227, 37.665846394237214 ], [ 140.062379711248269, 37.665835847626845 ], [ 140.062419453593151, 37.665839446663639 ] ], [ [ 140.047615846248476, 37.677639158892397 ], [ 140.047664992365867, 37.677639158892397 ], [ 140.0477138875045, 37.677644990820596 ], [ 140.047768056928902, 37.677635270940272 ], [ 140.047792781601146, 37.677646954004331 ], [ 140.047817219840397, 37.677656673084336 ], [ 140.047817219840397, 37.677691951167901 ], [ 140.047814735244089, 37.677748611387543 ], [ 140.047802506327884, 37.677775825451818 ], [ 140.047750841092949, 37.677797226795569 ], [ 140.047679722672484, 37.677820822615388 ], [ 140.047647775596943, 37.677793338843436 ], [ 140.047586381903216, 37.677797226795569 ], [ 140.047564161420411, 37.67777971340395 ], [ 140.047549447907898, 37.677719165232176 ], [ 140.047588617386793, 37.677662505012535 ], [ 140.047615846248476, 37.677639158892397 ] ], [ [ 140.062787502265252, 37.67591832871021 ], [ 140.062731115084404, 37.675889998200226 ], [ 140.06266666579441, 37.675850563257185 ], [ 140.062644445311605, 37.675788899440029 ], [ 140.062636936475286, 37.675714724228129 ], [ 140.062658067206513, 37.675667494173162 ], [ 140.062708894601599, 37.67563000320618 ], [ 140.062814442827943, 37.67561999521083 ], [ 140.062891104240009, 37.675646958775111 ], [ 140.062927771395465, 37.675685566988108 ], [ 140.062958322693305, 37.675726117576531 ], [ 140.062962239454606, 37.675780276797738 ], [ 140.062901650945491, 37.675891673268943 ], [ 140.062787502265252, 37.67591832871021 ] ], [ [ 140.062727773055116, 37.674888066213384 ], [ 140.06265277612664, 37.674892781695881 ], [ 140.062604720693855, 37.674899999777452 ], [ 140.062523608840763, 37.674876115042295 ], [ 140.062490552420485, 37.674892781695881 ], [ 140.062430555437487, 37.674938049367441 ], [ 140.062385557466996, 37.674942764049611 ], [ 140.06231944555941, 37.674942764049611 ], [ 140.062277505051242, 37.675019152144934 ], [ 140.062253333651853, 37.675031104116343 ], [ 140.062205278219039, 37.675026388633853 ], [ 140.062121377609543, 37.674964165393362 ], [ 140.062109435126331, 37.674918899322442 ], [ 140.062109435126331, 37.67489028069744 ], [ 140.062142491546638, 37.674856946589948 ], [ 140.06213026449646, 37.674811678918388 ], [ 140.062148336832365, 37.674783060293386 ], [ 140.062184450714938, 37.67476639283948 ], [ 140.06219639319815, 37.67475193906931 ], [ 140.062277505051242, 37.674744991495736 ], [ 140.062352501979717, 37.674763891040726 ], [ 140.062388614929318, 37.674740007105889 ], [ 140.062457496933177, 37.674735272415724 ], [ 140.062547493807159, 37.674735272415724 ], [ 140.06258360675676, 37.674768606523216 ], [ 140.062616663177067, 37.674778344810896 ], [ 140.062706676845153, 37.674802229546053 ], [ 140.062733619273871, 37.674833061054471 ], [ 140.062730847311542, 37.674856946589948 ], [ 140.062727773055116, 37.674888066213384 ] ], [ [ 140.059864441417091, 37.664825004882687 ], [ 140.059823893887597, 37.664776947297355 ], [ 140.059781381446442, 37.66475444871557 ], [ 140.05976028616945, 37.66475444871557 ], [ 140.059703612555637, 37.664759991728424 ], [ 140.059661118774585, 37.664776947297355 ], [ 140.059381671198764, 37.6648491585252 ], [ 140.059278052429875, 37.66485639501412 ], [ 140.059163617316642, 37.664849717148208 ], [ 140.059089727866876, 37.664806663960711 ], [ 140.059065003194604, 37.664779718803779 ], [ 140.059031374841339, 37.664720556785383 ], [ 140.058980835745245, 37.664623613284029 ], [ 140.058945277001527, 37.664561103529159 ], [ 140.058945008295638, 37.664532773019182 ], [ 140.058958882102303, 37.66445611521619 ], [ 140.058987771715579, 37.664415006004759 ], [ 140.059023331392297, 37.664381382981922 ], [ 140.059130561829335, 37.664292774007841 ], [ 140.059211673682427, 37.664219157418955 ], [ 140.059303046741007, 37.664190000178927 ], [ 140.059343054992723, 37.664185284696437 ], [ 140.059477496564341, 37.664145830545721 ], [ 140.059618891833395, 37.664140287532867 ], [ 140.059703882194498, 37.66415139196593 ], [ 140.059753331539014, 37.66415139196593 ], [ 140.059866657307509, 37.664145830545721 ], [ 140.059951113055888, 37.66407304068688 ], [ 140.059967220480104, 37.664022501310775 ], [ 140.060020281492768, 37.663957507364181 ], [ 140.060101678845854, 37.663941667440632 ], [ 140.060185560795247, 37.663988051557894 ], [ 140.060200847173718, 37.664103046265573 ], [ 140.0602488839464, 37.664095001453958 ], [ 140.060256375055587, 37.663980005945966 ], [ 140.060226108324713, 37.663921671457928 ], [ 140.06015250437494, 37.663879175292799 ], [ 140.060106935404463, 37.663838893611725 ], [ 140.060099176522414, 37.66379445427085 ], [ 140.060144996471621, 37.663751939698365 ], [ 140.060203331770026, 37.66374389488675 ], [ 140.060264170324899, 37.663730288654932 ], [ 140.060284441757119, 37.66366527470035 ], [ 140.060286390807676, 37.663614445608587 ], [ 140.060286945946558, 37.663576665726268 ], [ 140.060251386269812, 37.66354415994946 ], [ 140.060223606001273, 37.663518042322892 ], [ 140.060226108324713, 37.663487787844836 ], [ 140.060226108324713, 37.663459438127191 ], [ 140.060198326190175, 37.663443328495973 ], [ 140.060152774013829, 37.663459438127191 ], [ 140.060114712013643, 37.663536114337525 ], [ 140.060074164484178, 37.663657210681066 ], [ 140.060036103417019, 37.663705557181743 ], [ 140.059957495753366, 37.66372776684819 ], [ 140.05980778739638, 37.663731943715661 ], [ 140.059725262971455, 37.663726381495138 ], [ 140.059647227240816, 37.663700841699253 ], [ 140.059604714799633, 37.663661386748217 ], [ 140.059606394211329, 37.663570564090399 ], [ 140.059647227240816, 37.663492503327333 ], [ 140.059703882194498, 37.663447216448105 ], [ 140.059824163526486, 37.663396677072001 ], [ 140.059894995513957, 37.663357222120965 ], [ 140.059965844295533, 37.663328891610988 ], [ 140.060051387929491, 37.663259721597242 ], [ 140.060081655593365, 37.663227503935445 ], [ 140.060129997459143, 37.663183044586582 ], [ 140.060175566429592, 37.663146670065309 ], [ 140.060221388244827, 37.663116665286935 ], [ 140.060312493530546, 37.663116665286935 ], [ 140.060355827950445, 37.663146670065309 ], [ 140.06038332365199, 37.663185007770316 ], [ 140.060401112353929, 37.663223327067975 ], [ 140.060413877748857, 37.66325583444543 ], [ 140.060449167786714, 37.663312224157082 ], [ 140.060487212059769, 37.663356664298277 ], [ 140.060568609412826, 37.663398889955417 ], [ 140.060669993631137, 37.663473602982016 ], [ 140.060738607862163, 37.663530552917315 ], [ 140.060824725295106, 37.663626936195023 ], [ 140.060829176669131, 37.66368694655209 ], [ 140.060816947752926, 37.663730288654932 ], [ 140.06068055992975, 37.663830559884772 ], [ 140.06061916810205, 37.663866107676 ], [ 140.060598893870804, 37.663896382162044 ], [ 140.06061916810205, 37.663960837493619 ], [ 140.060642211496599, 37.66402750570861 ], [ 140.060634434887419, 37.664102217934889 ], [ 140.060591385967513, 37.664301935265158 ], [ 140.060555825357767, 37.664416929972838 ], [ 140.060463327093345, 37.664470261663674 ], [ 140.060226948030561, 37.66462028475523 ], [ 140.06018194912707, 37.664663337942727 ], [ 140.060216113959086, 37.664738628800009 ], [ 140.060322236917415, 37.664899448201623 ], [ 140.060357222795147, 37.665071104729577 ], [ 140.060343887333261, 37.66514943600064 ], [ 140.06028083102197, 37.665292492310947 ], [ 140.060271946001052, 37.665367782367909 ], [ 140.060339452753368, 37.665550274421577 ], [ 140.060366394249058, 37.66565027674406 ], [ 140.060361942875033, 37.665754167818996 ], [ 140.060334714013351, 37.665771950918284 ], [ 140.060271946001052, 37.665768331873508 ], [ 140.06018194912707, 37.665714712067647 ], [ 140.060060559383373, 37.665585840620153 ], [ 140.059939170572704, 37.665400000830019 ], [ 140.059921113164904, 37.665339163742907 ], [ 140.059934450492818, 37.665213891332215 ], [ 140.059961677488502, 37.665135271145807 ], [ 140.059983883043202, 37.665067235985113 ], [ 140.059974998022312, 37.664985286469594 ], [ 140.059911942644021, 37.664881396194978 ], [ 140.059864441417091, 37.664825004882687 ] ] ], [ [ [ 140.110671662118023, 37.658712219763736 ], [ 140.110648886496364, 37.659152782043051 ], [ 140.110580556832332, 37.659356674640151 ], [ 140.110462777823784, 37.659538069455785 ], [ 140.110333611470935, 37.659667787641304 ], [ 140.110216674034262, 37.659711399451815 ], [ 140.109790844269611, 37.660259719949892 ], [ 140.109779439198149, 37.660324733104154 ], [ 140.109917508299048, 37.660427506933068 ], [ 140.10994999185337, 37.660451661375895 ], [ 140.110120831874553, 37.66054806546191 ], [ 140.110183618546955, 37.66054833436926 ], [ 140.11027277384909, 37.660523891811408 ], [ 140.110653891143215, 37.660391382111477 ], [ 140.110698066201991, 37.660376100810943 ], [ 140.110823337252725, 37.660276387403798 ], [ 140.110830826495885, 37.660173613574891 ], [ 140.110804172366187, 37.660046935002832 ], [ 140.110815541983413, 37.659968334824413 ], [ 140.111001666517097, 37.659726661544681 ], [ 140.111267508992142, 37.65936722125052 ], [ 140.111366389954014, 37.659334176058366 ], [ 140.11149916797504, 37.65935222886533 ], [ 140.111643333340396, 37.659435276419202 ], [ 140.111677498172412, 37.659477502076342 ], [ 140.111685274781593, 37.659646655204902 ], [ 140.111751118916317, 37.659651947717762 ], [ 140.111826115844792, 37.659632779265415 ], [ 140.111901112773268, 37.659599444357603 ], [ 140.112019445054671, 37.659586395948473 ], [ 140.112156102516735, 37.659580275905256 ], [ 140.112209162596372, 37.659628602397945 ], [ 140.112300285609194, 37.65980666708414 ], [ 140.112361106436936, 37.659858053998597 ], [ 140.113272226470457, 37.660175287042961 ], [ 140.113549455356832, 37.660267225346168 ], [ 140.113632784033371, 37.66025833379652 ], [ 140.113773338663577, 37.660200827639166 ], [ 140.113940280583591, 37.660128326695663 ], [ 140.114088611822979, 37.660110273888698 ], [ 140.11417583673466, 37.660128326695663 ], [ 140.114225287945175, 37.66025833379652 ], [ 140.114305004953536, 37.660342786711439 ], [ 140.114335289411514, 37.660363899139846 ], [ 140.115049163473884, 37.660366958761294 ], [ 140.11529971957043, 37.660368613822023 ], [ 140.115527499112318, 37.660256679536111 ], [ 140.11561862212514, 37.660214433870983 ], [ 140.115694727465353, 37.660259719949892 ], [ 140.115763057129385, 37.660353332521488 ], [ 140.115823609251237, 37.660416671407354 ], [ 140.11589193704927, 37.660446945893405 ], [ 140.116643606271936, 37.660616119029953 ], [ 140.116841101355817, 37.660655284265324 ], [ 140.117479175171098, 37.660789718733653 ], [ 140.117589176637466, 37.660853326526876 ], [ 140.117691669267487, 37.660952771826992 ], [ 140.117816956179325, 37.661113051813253 ], [ 140.117915838074225, 37.661161110198911 ], [ 140.118010553162065, 37.661146117013395 ], [ 140.118534443775872, 37.660968052327199 ], [ 140.118891389670608, 37.660818606266005 ], [ 140.118997493968806, 37.660809714716365 ], [ 140.119103883766996, 37.660833888366859 ], [ 140.119206395057176, 37.660903328088281 ], [ 140.119308887687225, 37.660942494123972 ], [ 140.119407769582097, 37.660978887852913 ], [ 140.11947722351897, 37.660986663757171 ], [ 140.119513890674426, 37.660990839824329 ], [ 140.119643058893303, 37.660984719781112 ], [ 140.119795000867839, 37.660990839824329 ], [ 140.119927777955837, 37.661000001081639 ], [ 140.120026678510868, 37.661024173931821 ], [ 140.120056945241714, 37.661078332352702 ], [ 140.120015272506407, 37.661184166603384 ], [ 140.119939166233195, 37.661247505489257 ], [ 140.119813897981487, 37.661256666746567 ], [ 140.119726673069806, 37.661256397038898 ], [ 140.119608894061287, 37.661343889567277 ], [ 140.119510279939249, 37.661361943174562 ], [ 140.119441932548114, 37.661331957603849 ], [ 140.119399992039916, 37.661271370216426 ], [ 140.119371656632495, 37.661221119755659 ], [ 140.119320847897541, 37.661209167784243 ], [ 140.119251947233522, 37.66124138544604 ], [ 140.1191608242207, 37.66129250265282 ], [ 140.119012778481306, 37.66133499801763 ], [ 140.118598891199866, 37.66133499801763 ], [ 140.118405275556995, 37.661262497874446 ], [ 140.118037228750921, 37.661265558296215 ], [ 140.117980268704088, 37.661277491059963 ], [ 140.11796500098572, 37.661338057639078 ], [ 140.117995555082587, 37.661434442517425 ], [ 140.117961373456438, 37.661570550453831 ], [ 140.117862508355671, 37.661688337476242 ], [ 140.117744729347152, 37.661709430696988 ], [ 140.117680280057158, 37.661682216632705 ], [ 140.117593055145477, 37.661555289161285 ], [ 140.117520829246303, 37.661410288874912 ], [ 140.117441113170941, 37.661338057639078 ], [ 140.117384171784238, 37.661268329802645 ], [ 140.117277781986047, 37.661056931008957 ], [ 140.117201945351724, 37.66100277258807 ], [ 140.117133615687692, 37.661020825395035 ], [ 140.117126947490249, 37.661092497207534 ], [ 140.11713722735584, 37.661162784467301 ], [ 140.11723973864602, 37.661268329802645 ], [ 140.117342214481937, 37.661353051624914 ], [ 140.117391663826453, 37.661464717003469 ], [ 140.117391663826453, 37.661516103917926 ], [ 140.117179169730065, 37.661600556032525 ], [ 140.117072778065847, 37.661676115797157 ], [ 140.116795548246472, 37.66207472132669 ], [ 140.116757504906417, 37.662178880508655 ], [ 140.116776669792955, 37.662330001638566 ], [ 140.116837221914807, 37.662369166873937 ], [ 140.116936102876679, 37.662384448974791 ], [ 140.117076658439885, 37.662423614210162 ], [ 140.117182761805083, 37.662450846681786 ], [ 140.117311946818063, 37.662444726638569 ], [ 140.117459991624457, 37.662429715045711 ], [ 140.117589176637466, 37.662393321316763 ], [ 140.117676382888988, 37.66232082117358 ], [ 140.117718325263212, 37.662254441073607 ], [ 140.117767507767837, 37.6622302874311 ], [ 140.117839714073881, 37.6622302874311 ], [ 140.118033061943891, 37.662308888409832 ], [ 140.118124167229581, 37.662342222517331 ], [ 140.11816222829674, 37.662381387752703 ], [ 140.118203884237971, 37.662499154767126 ], [ 140.118234455128942, 37.662644174261168 ], [ 140.118336947758962, 37.662840272546653 ], [ 140.118294434384808, 37.663056386822831 ], [ 140.118315565116006, 37.663092222729084 ], [ 140.11846221601067, 37.663107773737288 ], [ 140.118591382363547, 37.663149999394427 ], [ 140.118689996485557, 37.663231391887578 ], [ 140.11874693787226, 37.663328045673275 ], [ 140.118758342943721, 37.663427778288089 ], [ 140.118720567376556, 37.663536384045194 ], [ 140.118663323695756, 37.663690275881208 ], [ 140.118640564868201, 37.663880542238502 ], [ 140.118625547195563, 37.66417360163237 ], [ 140.118593044981139, 37.664340003262495 ], [ 140.118587503855537, 37.664368333772472 ], [ 140.11854193301906, 37.664525286030262 ], [ 140.118511665355186, 37.665138331567576 ], [ 140.118526666233691, 37.665192778103481 ], [ 140.118720567376556, 37.665339163742907 ], [ 140.118781102704276, 37.665330272193266 ], [ 140.118857224838592, 37.66520332471385 ], [ 140.118990001926619, 37.665034170784971 ], [ 140.119073616103151, 37.664967772277656 ], [ 140.119187497943528, 37.664940559013694 ], [ 140.11926721495189, 37.664913344949419 ], [ 140.119286112065538, 37.664871118491959 ], [ 140.119339439918065, 37.664617493240812 ], [ 140.119411398044377, 37.6644544409478 ], [ 140.119555833048622, 37.664294178568561 ], [ 140.119616652943336, 37.664230821275346 ], [ 140.119639447225126, 37.66417943356057 ], [ 140.119650834569455, 37.664039168764681 ], [ 140.119684999401471, 37.663924442164038 ], [ 140.119776121481294, 37.663782502299433 ], [ 140.119817776489498, 37.663679997377876 ], [ 140.119836673603146, 37.663601397199457 ], [ 140.119829165699855, 37.663371944798492 ], [ 140.119753327199504, 37.663091106283382 ], [ 140.119722774968665, 37.662935540178971 ], [ 140.119741956649278, 37.662298322591795 ], [ 140.119779733149471, 37.662071661705241 ], [ 140.119825285325817, 37.661934436522813 ], [ 140.119916371951376, 37.66187082792927 ], [ 140.120007780464221, 37.661846675087084 ], [ 140.12011778193056, 37.66185889596585 ], [ 140.120254439392625, 37.661876948772807 ], [ 140.120349442779485, 37.66187082792927 ], [ 140.120467219922006, 37.661834722315348 ], [ 140.120573325153202, 37.66178943623644 ], [ 140.12070249150608, 37.66177444385125 ], [ 140.120835268594078, 37.661765282593933 ], [ 140.120930002342078, 37.661768342215382 ], [ 140.121032495905126, 37.661750271001068 ], [ 140.12122611061497, 37.66169582366485 ], [ 140.121416116455691, 37.661656947344817 ], [ 140.121511117976553, 37.66165082570096 ], [ 140.121573619148961, 37.661666395916832 ], [ 140.121621942354636, 37.661686374292508 ], [ 140.121658609510092, 37.661714453502171 ], [ 140.121740006863149, 37.661818055661762 ], [ 140.121757776904957, 37.66202804909441 ], [ 140.121786113245349, 37.662134999790794 ], [ 140.121860555967999, 37.662176936532589 ], [ 140.12192999311074, 37.66216943113632 ], [ 140.122133888619231, 37.662159712056315 ], [ 140.12217472164869, 37.662199166207024 ], [ 140.122211388804146, 37.662290835602874 ], [ 140.122208331341852, 37.662335563859088 ], [ 140.122239438711546, 37.66242249776446 ], [ 140.122289729627909, 37.662455832672272 ], [ 140.122388055450926, 37.662482776228558 ], [ 140.122511377451076, 37.662527234777102 ], [ 140.122587214085399, 37.662563051475686 ], [ 140.122703616909348, 37.66267027187974 ], [ 140.12274861301384, 37.662760286214862 ], [ 140.12276304102636, 37.662783053703997 ], [ 140.122876118615125, 37.662873068039126 ], [ 140.122982508413315, 37.662923896330568 ], [ 140.123081676741208, 37.662963062366259 ], [ 140.123177213807764, 37.663037505685189 ], [ 140.123243344375481, 37.663171112623161 ], [ 140.123345281866676, 37.663233065355655 ], [ 140.123513046698434, 37.663304449053136 ], [ 140.123932780198601, 37.663466654608122 ], [ 140.123998605673194, 37.663523893458759 ], [ 140.124097506228196, 37.663652784113914 ], [ 140.124173611568409, 37.663760274225638 ], [ 140.124190541904369, 37.663887778727421 ], [ 140.12423249920667, 37.664024714194191 ], [ 140.124367780484135, 37.664203607211064 ], [ 140.124553601790694, 37.664304168156562 ], [ 140.124648890677548, 37.664301935265158 ], [ 140.12472333246717, 37.664230821275346 ], [ 140.124766937458958, 37.664176951769804 ], [ 140.124781667765575, 37.664102776557904 ], [ 140.124738885685531, 37.663931390537932 ], [ 140.124735830089236, 37.663873324957251 ], [ 140.124763898656767, 37.663750824052983 ], [ 140.124797775189791, 37.6636724919816 ], [ 140.124797775189791, 37.663575550080886 ], [ 140.124772497244692, 37.663486382483796 ], [ 140.12471832782029, 37.663400006401119 ], [ 140.124694996126749, 37.663340844382716 ], [ 140.12468110552598, 37.663261665573309 ], [ 140.12465278784569, 37.663222499537618 ], [ 140.124553601790694, 37.663086949423899 ], [ 140.12442722419425, 37.663026670159482 ], [ 140.124284434080465, 37.662951957933196 ], [ 140.124086384790729, 37.662777221775805 ], [ 140.124001663135488, 37.662698602389717 ], [ 140.12396583568588, 37.662647773297955 ], [ 140.123860840732419, 37.662532219967268 ], [ 140.123807492353762, 37.662410007178018 ], [ 140.123771111631299, 37.662245838439304 ], [ 140.12376499857271, 37.662212504331812 ], [ 140.123703891312005, 37.662081380785253 ], [ 140.123571953929826, 37.661927219241562 ], [ 140.12324445185422, 37.661673325083065 ], [ 140.123159444698985, 37.661606676075742 ], [ 140.123135273299596, 37.661520837807771 ], [ 140.123135273299596, 37.661191672799973 ], [ 140.123153884913251, 37.661073886577881 ], [ 140.12319611185444, 37.660975558523795 ], [ 140.123277508274498, 37.660890837501839 ], [ 140.123405280715644, 37.660857772301696 ], [ 140.123759992059831, 37.660783617097785 ], [ 140.123852491257253, 37.660732499891004 ], [ 140.123900277984177, 37.660685558751368 ], [ 140.124016947647959, 37.660600279106411 ], [ 140.124088888980168, 37.660581109853744 ], [ 140.12422111279534, 37.660529722939287 ], [ 140.124306103156442, 37.660484725775717 ], [ 140.124369712740588, 37.660439728612154 ], [ 140.124469719841301, 37.66039667542465 ], [ 140.124485273992661, 37.660376948349295 ], [ 140.124617783307826, 37.660208601942792 ], [ 140.124681374231841, 37.660112775687459 ], [ 140.124780559353837, 37.659842772698063 ], [ 140.124850837135455, 37.659630546374011 ], [ 140.12494639379517, 37.659341393339616 ], [ 140.125006944050995, 37.659296107260708 ], [ 140.125070553635169, 37.659296107260708 ], [ 140.125103323622454, 37.659323051617314 ], [ 140.125129174433539, 37.659346397737451 ], [ 140.125146392135491, 37.659410563353362 ], [ 140.125138060387457, 37.65956083694492 ], [ 140.125078045677355, 37.659842234083037 ], [ 140.125070267202148, 37.659961116742849 ], [ 140.12517417240403, 37.660209160565799 ], [ 140.125252781933682, 37.660426390487366 ], [ 140.12533333864792, 37.660532783361056 ], [ 140.125506949698405, 37.660641947741176 ], [ 140.125616951164744, 37.660690004526195 ], [ 140.125728614315676, 37.660780827184013 ], [ 140.125821383151987, 37.660884717458629 ], [ 140.125895289395856, 37.66101722635824 ], [ 140.125964170466744, 37.661190826061947 ], [ 140.126025564160443, 37.661425550967778 ], [ 140.126055276685463, 37.661483886256136 ], [ 140.126239167601568, 37.661696670402875 ], [ 140.12631110613475, 37.661773057697872 ], [ 140.126331933638852, 37.661831932401576 ], [ 140.126357499882971, 37.661937227236912 ], [ 140.126395274517137, 37.662016386038339 ], [ 140.12646499902587, 37.662095833755103 ], [ 140.126555262739714, 37.66215638192687 ], [ 140.126611934487528, 37.662235830443954 ], [ 140.126671950130657, 37.662315008453049 ], [ 140.126751112933164, 37.66240527248786 ], [ 140.126814720651282, 37.662591113078314 ], [ 140.12685943312178, 37.662711958921854 ], [ 140.12690055258426, 37.662780282197573 ], [ 140.127065546386717, 37.662892506199135 ], [ 140.127186936130414, 37.66310444440817 ], [ 140.127215002831946, 37.663166397140664 ], [ 140.127229163071604, 37.663250848454943 ], [ 140.127323058046727, 37.66333749504561 ], [ 140.127398893748051, 37.663352217723137 ], [ 140.127476948138849, 37.663391672674166 ], [ 140.12759638976496, 37.663465827077758 ], [ 140.127665003995986, 37.663543889441463 ], [ 140.127768049898862, 37.663677784494453 ], [ 140.128036394697347, 37.66396805397455 ], [ 140.128149436831876, 37.664095559276653 ], [ 140.128163613865667, 37.66412388898631 ], [ 140.12822028561348, 37.664219446334293 ], [ 140.128316395546051, 37.664351397411217 ], [ 140.128475276289919, 37.664499168403694 ], [ 140.128627773403338, 37.664722788876468 ], [ 140.128646383150965, 37.664907224105882 ], [ 140.128626110785746, 37.665021103168179 ], [ 140.128577501147106, 37.665128053064237 ], [ 140.128479440297923, 37.665236100998655 ], [ 140.128362217361286, 37.665355831196813 ], [ 140.128376107962055, 37.665374441826465 ], [ 140.128432779709868, 37.665363048478063 ], [ 140.128588335218581, 37.665256944519712 ], [ 140.128797770919647, 37.665169990606358 ], [ 140.128912225626038, 37.665135001438138 ], [ 140.129083332487085, 37.665126398803835 ], [ 140.129087784794109, 37.66512722553388 ], [ 140.129256675764708, 37.665159713703659 ], [ 140.129417502760163, 37.66525415380562 ], [ 140.129501116936666, 37.665318897252213 ], [ 140.130043348592267, 37.665836116534194 ], [ 140.130186386885754, 37.665929152875755 ], [ 140.130412504743049, 37.666040837461978 ], [ 140.130590835873448, 37.666125847399265 ], [ 140.130770274482558, 37.666235261479073 ], [ 140.131092787772417, 37.666417502232413 ], [ 140.13122527936045, 37.666493890327729 ], [ 140.131443888381426, 37.666609713366093 ], [ 140.131532222637816, 37.66670917627323 ], [ 140.131603607898143, 37.666850288607471 ], [ 140.131681662288941, 37.666951657875664 ], [ 140.131695553822709, 37.666957509011525 ], [ 140.131716934599666, 37.666974444572467 ], [ 140.131787783381242, 37.66698000759331 ], [ 140.131862495742752, 37.666969711482942 ], [ 140.131906671734527, 37.666930564654919 ], [ 140.131958892108315, 37.666872499074238 ], [ 140.132013329305579, 37.666843610741566 ], [ 140.132109726604142, 37.666829176179064 ], [ 140.132184991305479, 37.666833333038547 ], [ 140.132247777977909, 37.666844727187268 ], [ 140.13244777631823, 37.666895285771041 ], [ 140.132523058746699, 37.666924174904032 ], [ 140.132637780292953, 37.666959991602617 ], [ 140.132889712574098, 37.667017228852615 ], [ 140.13314749107397, 37.667021944335112 ], [ 140.133273601830552, 37.667012494162456 ], [ 140.13337555798185, 37.666998060400275 ], [ 140.133543053174748, 37.666957509011525 ], [ 140.133748613166802, 37.666861663548524 ], [ 140.133804998481622, 37.666822228605483 ], [ 140.133974997863987, 37.666687217106791 ], [ 140.134116393133041, 37.666596933864312 ], [ 140.13418000085116, 37.666568892269673 ], [ 140.134314442422777, 37.666461671865619 ], [ 140.134425552300854, 37.666399449425455 ], [ 140.134493898759018, 37.666349718372047 ], [ 140.134581374649429, 37.666243056591 ], [ 140.134682777527871, 37.666173346361589 ], [ 140.134760543619649, 37.666152214725514 ], [ 140.134810281263157, 37.666140820576793 ], [ 140.134859730607673, 37.666123884215537 ], [ 140.134991954422844, 37.666112490867128 ], [ 140.135038328577906, 37.666086392448236 ], [ 140.135128897384874, 37.666022495739675 ], [ 140.135333883577971, 37.665848050098262 ], [ 140.135418890733177, 37.665831112936679 ], [ 140.135645563729355, 37.665825551516477 ], [ 140.135723618120124, 37.665836655949541 ], [ 140.13595000375031, 37.665814157367755 ], [ 140.136325005186819, 37.665819738795946 ], [ 140.136502227905481, 37.665836116534194 ], [ 140.136568053380074, 37.665810000508273 ], [ 140.1366827749263, 37.665748893713491 ], [ 140.136759433539368, 37.665690289517784 ], [ 140.136871669556285, 37.665603065896754 ], [ 140.136939730514456, 37.66560527878017 ], [ 140.137119724262419, 37.665621118703719 ], [ 140.137216657106734, 37.665594444054783 ], [ 140.137339440762133, 37.665583608529069 ], [ 140.137695833384015, 37.665533338060321 ], [ 140.137778893354664, 37.665528603370156 ], [ 140.137787491942561, 37.665445556616596 ], [ 140.137788331648409, 37.665436664266636 ], [ 140.137793607800177, 37.665389992834676 ], [ 140.137684176400796, 37.665346381824477 ], [ 140.137604729031324, 37.665245262255972 ], [ 140.137580004359052, 37.665126667711185 ], [ 140.13753638257316, 37.665056939874745 ], [ 140.137436105833558, 37.665042216396905 ], [ 140.137174733392641, 37.664972776675491 ], [ 140.136976397669912, 37.664963615418174 ], [ 140.13686861395999, 37.664982494955176 ], [ 140.136681665581591, 37.665033613762603 ], [ 140.136549996905273, 37.665058056320447 ], [ 140.136292504838394, 37.664997219233335 ], [ 140.135812773422259, 37.664936671061568 ], [ 140.135591948510836, 37.664862226141992 ], [ 140.13545917048981, 37.664816651948065 ], [ 140.135304455619945, 37.664788880861416 ], [ 140.135213888678976, 37.664783067340572 ], [ 140.135058065397402, 37.664738050969333 ], [ 140.134332784397571, 37.664450284088318 ], [ 140.134108884296722, 37.664354168917647 ], [ 140.133940833031943, 37.664311384637493 ], [ 140.133762502834571, 37.664242213823428 ], [ 140.133628348628974, 37.664157781716817 ], [ 140.133545557364187, 37.664053603327183 ], [ 140.133396940624806, 37.663782214184415 ], [ 140.133282505511573, 37.663627225110361 ], [ 140.133033611099592, 37.663442501765928 ], [ 140.132807224536407, 37.663261954488647 ], [ 140.132693897834912, 37.663166397140664 ], [ 140.132615844377113, 37.66311889817834 ], [ 140.132430006276451, 37.663080541265664 ], [ 140.132297496028286, 37.663008618152837 ], [ 140.131857222390011, 37.662729433898136 ], [ 140.131651948830921, 37.662584722527107 ], [ 140.131451665923606, 37.662396380938212 ], [ 140.131386393721868, 37.662312775561645 ], [ 140.131126667104439, 37.661931395308713 ], [ 140.131056388389823, 37.661860839941916 ], [ 140.130948889246895, 37.661755005691234 ], [ 140.130756936221616, 37.661588045438101 ], [ 140.130553060306283, 37.661406670630456 ], [ 140.130294458894667, 37.661251105326365 ], [ 140.13024500955018, 37.661183608780696 ], [ 140.130145555722294, 37.661042766154125 ], [ 140.130067786831518, 37.660873611424925 ], [ 140.13003249679366, 37.660823052841153 ], [ 140.129922781760285, 37.660706671980101 ], [ 140.129670276613155, 37.660561941401397 ], [ 140.129584444680205, 37.660503894228064 ], [ 140.129519441184328, 37.660408896303416 ], [ 140.129499167886109, 37.660338879551638 ], [ 140.129395281344358, 37.659978053904425 ], [ 140.129353053470169, 37.659927224812662 ], [ 140.129168894781174, 37.659769445024516 ], [ 140.128994177184978, 37.659593882937394 ], [ 140.128887500953766, 37.65942222640944 ], [ 140.128830273134099, 37.659258616293734 ], [ 140.128853602961613, 37.659149163798595 ], [ 140.12893943489459, 37.659037227912044 ], [ 140.129048883088075, 37.658946386846878 ], [ 140.129158614915553, 37.658890554157601 ], [ 140.12923389921005, 37.658873887504015 ], [ 140.129335551201223, 37.658882220430648 ], [ 140.129475838058568, 37.658900831060301 ], [ 140.129752228172094, 37.658956663749578 ], [ 140.129874457621639, 37.658987765765986 ], [ 140.130088347495757, 37.659093330308998 ], [ 140.130316662583368, 37.659265005244301 ], [ 140.130392214650698, 37.659295837553039 ], [ 140.130587225138299, 37.659316661866427 ], [ 140.130740275524545, 37.659363892721721 ], [ 140.130981105961354, 37.659442781815478 ], [ 140.131130832045443, 37.659531101874215 ], [ 140.131230822352052, 37.659608894530258 ], [ 140.131344434553569, 37.659708339030047 ], [ 140.131427225818356, 37.659748890418797 ], [ 140.131664160019994, 37.659748062888433 ], [ 140.131864175154448, 37.659759995652173 ], [ 140.132268051276156, 37.659808880767876 ], [ 140.132358048150138, 37.659837499392879 ], [ 140.132675823632979, 37.659980555703179 ], [ 140.13278584375945, 37.660023051067995 ], [ 140.132867776658259, 37.660013889810678 ], [ 140.133076105813643, 37.659978053904425 ], [ 140.133378042578158, 37.659910558159069 ], [ 140.133650285477785, 37.659909172005698 ], [ 140.133836392284337, 37.659952225193202 ], [ 140.13410972400257, 37.660017776962491 ], [ 140.134276935561502, 37.660047493625839 ], [ 140.134598054006631, 37.660166934908659 ], [ 140.134977776456054, 37.660384164830226 ], [ 140.135064715867742, 37.660427776640738 ], [ 140.135191398557311, 37.660453046728954 ], [ 140.135736936787907, 37.660443616564287 ], [ 140.136096939211967, 37.660515000261768 ], [ 140.136318050556383, 37.660558611271959 ], [ 140.136480847128524, 37.660597776507331 ], [ 140.136650844644862, 37.660626107017315 ], [ 140.136798336178401, 37.660638886519088 ], [ 140.136956661783415, 37.660674992133011 ], [ 140.137081947762226, 37.660725551517103 ], [ 140.137201102955373, 37.660779171322964 ], [ 140.137310836648851, 37.660887508172721 ], [ 140.137333326770516, 37.660963607352699 ], [ 140.137334721615247, 37.660993881038422 ], [ 140.137336115526949, 37.661029159121988 ], [ 140.137329448262506, 37.661065822558598 ], [ 140.137309174964258, 37.661110550814819 ], [ 140.137266948023097, 37.661200276234602 ], [ 140.13726998682526, 37.661255281393515 ], [ 140.137279443779136, 37.661291387007438 ], [ 140.137310836648851, 37.661307495038017 ], [ 140.137360823405089, 37.661286382609603 ], [ 140.137475275312454, 37.661206665185169 ], [ 140.13753638257316, 37.661176660406795 ], [ 140.137594162732711, 37.66116861559518 ], [ 140.137575552052056, 37.661124715669644 ], [ 140.13754138722004, 37.661085568841621 ], [ 140.137475275312454, 37.66093860617184 ], [ 140.137470557098567, 37.660836947988308 ], [ 140.137471396804415, 37.660810003631703 ], [ 140.137465837018681, 37.660780556676023 ], [ 140.137436392266551, 37.660717236997819 ], [ 140.137421392321045, 37.660701397874597 ], [ 140.137389177472613, 37.660661385100873 ], [ 140.137332773497661, 37.660626396732972 ], [ 140.137220001002021, 37.660544158302109 ], [ 140.137133614863188, 37.660449447692159 ], [ 140.137005271422055, 37.660370827505758 ], [ 140.136898611985004, 37.660348328923973 ], [ 140.136856385043814, 37.660326119257533 ], [ 140.136758897060645, 37.660256101705436 ], [ 140.136651667556606, 37.660071396768345 ], [ 140.136609727048409, 37.660033327970694 ], [ 140.136395837174291, 37.659989447252826 ], [ 140.136332227590145, 37.659961386450519 ], [ 140.136182787939049, 37.659871392123378 ], [ 140.13609082522035, 37.659823333737727 ], [ 140.136043056220558, 37.65981861905555 ], [ 140.135815275745671, 37.659809169683214 ], [ 140.135712210249665, 37.659776104483072 ], [ 140.13557694763233, 37.65971195727451 ], [ 140.13538195580486, 37.659635569179194 ], [ 140.135249446489695, 37.659634453533812 ], [ 140.135086670443684, 37.659628891313282 ], [ 140.134954714401402, 37.659623040977742 ], [ 140.134769733733691, 37.659577504398825 ], [ 140.134509434250248, 37.6594719390555 ], [ 140.134355006746404, 37.659441953484794 ], [ 140.134173333586716, 37.659457504492998 ], [ 140.134031116338946, 37.659436930679611 ], [ 140.133713053490084, 37.659364161629071 ], [ 140.133408613469129, 37.659277495830736 ], [ 140.133239169225646, 37.659279439806802 ], [ 140.133048055906215, 37.659285271735001 ], [ 140.132759724242504, 37.659274994832302 ], [ 140.132573617435952, 37.659273896793948 ], [ 140.132478060776236, 37.659251110097145 ], [ 140.132325832368679, 37.659183884059459 ], [ 140.132134719049247, 37.659059727294149 ], [ 140.132034711948535, 37.658970540489392 ], [ 140.131914447410679, 37.658907490518857 ], [ 140.131483612999176, 37.6587783493637 ], [ 140.131150836637829, 37.658648611170193 ], [ 140.130634170293348, 37.658389443706511 ], [ 140.130499730587729, 37.658310553812434 ], [ 140.130428881806154, 37.658237496646876 ], [ 140.130350827415384, 37.658123058961571 ], [ 140.130282783251317, 37.657991665707343 ], [ 140.130318610700925, 37.657879442506093 ], [ 140.130407767869059, 37.657815006382187 ], [ 140.13057667563379, 37.657763060844722 ], [ 140.130741383003254, 37.657777226499874 ], [ 140.130970271889879, 37.657844433329885 ], [ 140.131296111347893, 37.657953616117354 ], [ 140.131636377885457, 37.658045844136211 ], [ 140.131851106532395, 37.658144171389985 ], [ 140.132007215313962, 37.65818861153118 ], [ 140.132166112851962, 37.658190824414596 ], [ 140.132218886498634, 37.658199447056887 ], [ 140.132320558082938, 37.65821611371048 ], [ 140.132440284276043, 37.65824111409102 ], [ 140.132548052124832, 37.658235821578167 ], [ 140.132764711162253, 37.658226102498155 ], [ 140.132849434683493, 37.65824860107994 ], [ 140.132984160822076, 37.658304992392232 ], [ 140.133054991876548, 37.658361382904204 ], [ 140.133115562658531, 37.658378608180797 ], [ 140.133281396166836, 37.658344446542941 ], [ 140.133368888851379, 37.658328048796704 ], [ 140.133486935632789, 37.658317213270998 ], [ 140.133700824573879, 37.658315000387574 ], [ 140.133827507263447, 37.658340847506153 ], [ 140.133968061893654, 37.658350008763463 ], [ 140.134138060342991, 37.658288055230649 ], [ 140.134286392515378, 37.658254452215807 ], [ 140.134457212943431, 37.658235282162821 ], [ 140.134633326317356, 37.658226102498155 ], [ 140.134874175414296, 37.658237496646876 ], [ 140.135126126355573, 37.658254163300462 ], [ 140.135241670813542, 37.658307224483316 ], [ 140.135275260913545, 37.658362499349906 ], [ 140.135288061762736, 37.658399162786516 ], [ 140.135308603766845, 37.65847416552878 ], [ 140.135349723229297, 37.658509173104349 ], [ 140.135682498657673, 37.658632772046971 ], [ 140.135760838548435, 37.658640567158898 ], [ 140.135843613019091, 37.658558616843059 ], [ 140.136032776354938, 37.658465273979132 ], [ 140.136150824069347, 37.658421950283639 ], [ 140.136462771993621, 37.658355282068655 ], [ 140.136659998371641, 37.658325566205619 ], [ 140.136743898981138, 37.658335266077955 ], [ 140.136818895909641, 37.658365270056009 ], [ 140.136906674094149, 37.658421392460951 ], [ 140.136967782287883, 37.658486945030553 ], [ 140.137004716283201, 37.658592509573566 ], [ 140.137032211984746, 37.658623899704992 ], [ 140.137280552190873, 37.658772499028153 ], [ 140.137359177581629, 37.658822499789238 ], [ 140.137427775018523, 37.658812222086219 ], [ 140.137461956644671, 37.658761663502446 ], [ 140.137427220812668, 37.658651941299631 ], [ 140.137419156837495, 37.658540544828426 ], [ 140.137475561745447, 37.658473895020791 ], [ 140.137571117472163, 37.658417774216488 ], [ 140.137841394527101, 37.658311671058456 ], [ 140.138123343493362, 37.658211398227984 ], [ 140.138231396842144, 37.65821611371048 ], [ 140.13831527785851, 37.658249716725322 ], [ 140.138644442551708, 37.658498049463617 ], [ 140.138732509035236, 37.658590275881842 ], [ 140.138754444951076, 37.658710275787669 ], [ 140.138780563535022, 37.658750269353725 ], [ 140.138868324925426, 37.658749152908022 ], [ 140.139027507963419, 37.658720842406026 ], [ 140.139085002622977, 37.658737220944595 ], [ 140.139128052475883, 37.65877276793551 ], [ 140.139227219870776, 37.658875272857067 ], [ 140.139307778450984, 37.658912494116372 ], [ 140.139439715833163, 37.659003335981858 ], [ 140.139476114282729, 37.659036670089357 ], [ 140.139512780505186, 37.659171103757366 ], [ 140.139559442026268, 37.659194160962159 ], [ 140.139613325017649, 37.659165561544832 ], [ 140.139647508509796, 37.659054433980977 ], [ 140.139694169097879, 37.658975563294568 ], [ 140.139828608803469, 37.658880007547232 ], [ 140.140003059559831, 37.658817226484054 ], [ 140.140218897551506, 37.658769457814053 ], [ 140.140482772315863, 37.658750557468743 ], [ 140.140698896740531, 37.658779176894065 ], [ 140.140862494765287, 37.658840552596196 ], [ 140.140967778017739, 37.658950005091341 ], [ 140.141032227307761, 37.659026392386338 ], [ 140.141067499618487, 37.659054433980977 ], [ 140.141090830379028, 37.659065000599334 ], [ 140.141124726505183, 37.659080281899868 ], [ 140.141184150622166, 37.659092502778634 ], [ 140.141221104210615, 37.659053606450613 ], [ 140.141223338761165, 37.659016115483638 ], [ 140.141266674114092, 37.658899175999572 ], [ 140.141357225193929, 37.658804158066935 ], [ 140.14146000425697, 37.658751943622114 ], [ 140.141721108924997, 37.658624727235356 ], [ 140.141865275223381, 37.658556941774343 ], [ 140.142119173349215, 37.658455284391138 ], [ 140.142281951261225, 37.658445276395788 ], [ 140.142408059218809, 37.658469161130945 ], [ 140.142530271874222, 37.658542219096823 ], [ 140.142612777639016, 37.658660274226264 ], [ 140.142666107357542, 37.658771382582451 ], [ 140.142695837609665, 37.658812491793888 ], [ 140.142737779050861, 37.658817226484054 ], [ 140.142785548983653, 37.658758333373008 ], [ 140.142801941907862, 37.658647225817141 ], [ 140.142839735202159, 37.65851194461078 ], [ 140.142891955575976, 37.658443044304704 ], [ 140.142971672584338, 37.658397507725795 ], [ 140.143226662327777, 37.658373045960275 ], [ 140.143592494176431, 37.658339711852776 ], [ 140.14377416826909, 37.658344446542941 ], [ 140.143955001722929, 37.658368889100792 ], [ 140.144014998705899, 37.658411654173271 ], [ 140.14405749435295, 37.658463887825761 ], [ 140.1441152754455, 37.658622225436602 ], [ 140.144166119634718, 37.658772499028153 ], [ 140.14421889421439, 37.658803061629222 ], [ 140.144260834722587, 37.658788607058732 ], [ 140.144255007163963, 37.658712507878754 ], [ 140.144263052479033, 37.6585980517861 ], [ 140.144308604655379, 37.658483325985777 ], [ 140.14436611704204, 37.658389712613861 ], [ 140.144493602117194, 37.658310823520104 ], [ 140.144704435462017, 37.658244713127807 ], [ 140.144939722907196, 37.65822082919297 ], [ 140.145130836226627, 37.658221118108308 ], [ 140.145238334436556, 37.658264152088144 ], [ 140.145399736163995, 37.658373045960275 ], [ 140.145525272188564, 37.658422777814003 ], [ 140.145641102146527, 37.658464715356125 ], [ 140.145734441049797, 37.658526110265925 ], [ 140.145797497361087, 37.658595569195015 ], [ 140.145899167079392, 37.658749152908022 ], [ 140.145958056583652, 37.658792783926202 ], [ 140.146195275352284, 37.658798057231387 ], [ 140.146273883015937, 37.65881612924602 ], [ 140.146373336843794, 37.658863051177981 ], [ 140.146509457827108, 37.658943885048124 ], [ 140.146629722364963, 37.658988882211688 ], [ 140.14680860676819, 37.659043329547913 ], [ 140.147003885028653, 37.659170834049696 ], [ 140.147176386734429, 37.659313601444659 ], [ 140.147216397785172, 37.65936250576803 ], [ 140.147266936881266, 37.65942694189193 ], [ 140.147316386225754, 37.659519727733482 ], [ 140.147349174873199, 37.659563339544 ], [ 140.147421383045241, 37.659619441140627 ], [ 140.147524162108283, 37.659690286223089 ], [ 140.147898343432104, 37.65997277979892 ], [ 140.148121940305828, 37.660134177831523 ], [ 140.148160555578869, 37.660126672435254 ], [ 140.148172782629047, 37.66009389535013 ], [ 140.148161949490571, 37.66003721592282 ], [ 140.148103615125166, 37.65992778263535 ], [ 140.148064443780271, 37.659771120093225 ], [ 140.148013618251184, 37.659665285842543 ], [ 140.147956104931495, 37.659621674032032 ], [ 140.147786677482145, 37.659532776142612 ], [ 140.147713612810122, 37.659460834622436 ], [ 140.147626386965442, 37.659327786307479 ], [ 140.147582496473689, 37.659237772772677 ], [ 140.147581102561958, 37.659233615112875 ], [ 140.147553606860413, 37.659152492327394 ], [ 140.14748778138582, 37.659065828129698 ], [ 140.147074733810229, 37.658696399848175 ], [ 140.14692917453317, 37.658506672105908 ], [ 140.146927761961337, 37.658417774216488 ], [ 140.146963606205048, 37.658369735838825 ], [ 140.147037493788787, 37.658302509000819 ], [ 140.147223333755477, 37.65823083718832 ], [ 140.147403344297572, 37.658211667935653 ], [ 140.147511110280362, 37.658211667935653 ], [ 140.147619164562144, 37.658230278565306 ], [ 140.147826671738784, 37.658297216487966 ], [ 140.148004446797302, 37.658328048796704 ], [ 140.148140567780615, 37.658311939965813 ], [ 140.148316109221554, 37.658256934806893 ], [ 140.148457503557609, 37.658204162539384 ], [ 140.148577784889568, 37.658187225377809 ], [ 140.148811393856079, 37.658136665993709 ], [ 140.14888556787281, 37.658107507953368 ], [ 140.148970272733948, 37.658100830087463 ], [ 140.149080542906148, 37.658113897704254 ], [ 140.149215822317615, 37.658195828012111 ], [ 140.149281666452339, 37.658193615128695 ], [ 140.149311665410323, 37.658164457088347 ], [ 140.149336372355464, 37.658117227833699 ], [ 140.149448341532519, 37.658029446389975 ], [ 140.149494160548727, 37.658003887386428 ], [ 140.149648893145695, 37.65797332478536 ], [ 140.149903060910418, 37.657973882608054 ], [ 140.15000444419573, 37.658005560854498 ], [ 140.150085556048793, 37.658045844136211 ], [ 140.150226664884883, 37.65814388327496 ], [ 140.150299444989912, 37.658125541552664 ], [ 140.150333609821928, 37.658098057780713 ], [ 140.150384454944145, 37.658027213498571 ], [ 140.150446113611707, 37.657963066290009 ], [ 140.15053888151499, 37.657899997111812 ], [ 140.150645557746174, 37.657871396894159 ], [ 140.1507169439395, 37.65786693191167 ], [ 140.150891108262869, 37.657861388898809 ], [ 140.151017218086452, 37.65784083429309 ], [ 140.151119174237749, 37.657843605799521 ], [ 140.151280001233175, 37.657922495693597 ], [ 140.151364993460305, 37.657913893059288 ], [ 140.151451396393242, 37.65786693191167 ], [ 140.15152667882171, 37.65782333930882 ], [ 140.151657776498041, 37.657787214487229 ], [ 140.151855843514909, 37.657791949177394 ], [ 140.151992214543981, 37.657838062786666 ], [ 140.152088324476551, 37.657883887480594 ], [ 140.152311671304545, 37.65788723601738 ], [ 140.152474716056417, 37.657906674977717 ], [ 140.152626104758099, 37.65784916802005 ], [ 140.152734157173882, 37.657835003165218 ], [ 140.152881666434553, 37.657871666601828 ], [ 140.153122496871333, 37.657916952680736 ], [ 140.153217785758187, 37.65794999867321 ], [ 140.153298611178286, 37.658006947007877 ], [ 140.153347507249919, 37.658084720456245 ], [ 140.153360003005986, 37.658274717906181 ], [ 140.153393612699119, 37.658350008763463 ], [ 140.153507780972518, 37.658426396858779 ], [ 140.153571388690636, 37.658408882666848 ], [ 140.153606376434396, 37.658372507345248 ], [ 140.153629438489077, 37.658112493143534 ], [ 140.153640003854662, 37.658084450748575 ], [ 140.153679728472412, 37.658053060617142 ], [ 140.153808053253414, 37.658001943410362 ], [ 140.153867784329549, 37.657961949844307 ], [ 140.153993053514256, 37.657860831876441 ], [ 140.154084998505823, 37.657821376125092 ], [ 140.154157224404997, 37.657807231278248 ], [ 140.15442528277049, 37.657806672655234 ], [ 140.154488622715775, 37.657798877543307 ], [ 140.154566390673551, 37.657714445436696 ], [ 140.154630000257697, 37.657663616344934 ], [ 140.154749173177947, 37.657611112984775 ], [ 140.154948617312414, 37.657573333102455 ], [ 140.155092228471915, 37.657557493178913 ], [ 140.155142499795147, 37.657514998614417 ], [ 140.155168602517989, 37.657493057055007 ], [ 140.155282787585492, 37.657391669379471 ], [ 140.155348880832946, 37.657361934308767 ], [ 140.155474168677785, 37.657330274469665 ], [ 140.155611665845697, 37.657324442541466 ], [ 140.155723885068511, 37.657335836690187 ], [ 140.155932498790861, 37.657432508883232 ], [ 140.156010285408769, 37.657432508883232 ], [ 140.156062505782586, 37.657391669379471 ], [ 140.156095562202864, 37.65730306040539 ], [ 140.156206385647948, 37.657105557559177 ], [ 140.15629638252193, 37.657024434773696 ], [ 140.1567202809631, 37.656727505835043 ], [ 140.156841670706797, 37.656671385030748 ], [ 140.156958608143469, 37.656643882051128 ], [ 140.157127212681104, 37.656633894063766 ], [ 140.157280835933335, 37.656625271421476 ], [ 140.157638605672815, 37.656632777618064 ], [ 140.157801382651854, 37.656621383469343 ], [ 140.157879167403763, 37.656590282253255 ], [ 140.158070280723194, 37.656508601645086 ], [ 140.158131119278039, 37.656489991015434 ], [ 140.15842749625682, 37.656467780548667 ], [ 140.158552228962805, 37.656438873008327 ], [ 140.158721673206259, 37.656379171574585 ], [ 140.158796938840624, 37.656361388475297 ], [ 140.158883895046415, 37.656354151986378 ], [ 140.159024719315511, 37.656385273210454 ], [ 140.159203334079876, 37.656482504026513 ], [ 140.159337220512612, 37.656506677677008 ], [ 140.159440554714507, 37.656509178675442 ], [ 140.159550001041993, 37.656482772933863 ], [ 140.159756381146792, 37.656375823037799 ], [ 140.159936391688888, 37.656332789057963 ], [ 140.160167229626069, 37.656271105232825 ], [ 140.160342503294146, 37.65619360149212 ], [ 140.160406112878292, 37.656137229387504 ], [ 140.160441652028879, 37.656086381088066 ], [ 140.160509998487044, 37.655932508459721 ], [ 140.160549990877655, 37.655732503814754 ], [ 140.160604446735022, 37.655646954462121 ], [ 140.160643884919779, 37.655633329022635 ], [ 140.160707225798063, 37.65559610696301 ], [ 140.160916663365157, 37.655565004946595 ], [ 140.160975266436424, 37.655575551556971 ], [ 140.160989711243047, 37.655583885283924 ], [ 140.161047224562736, 37.655541390719435 ], [ 140.16109250896622, 37.655503321921778 ], [ 140.161064441331689, 37.655433053869672 ], [ 140.161000831747543, 37.65529777266331 ], [ 140.160916396525295, 37.655196942810463 ], [ 140.160844724831975, 37.655121383045831 ], [ 140.160730842991597, 37.655073614375837 ], [ 140.160425008125941, 37.654968896570857 ], [ 140.16032889819337, 37.654925823375365 ], [ 140.160299167008219, 37.654844720597879 ], [ 140.160314434726587, 37.654784999956469 ], [ 140.160455829062641, 37.654677779552415 ], [ 140.16061860697468, 37.654599160166327 ], [ 140.161057504428356, 37.654452773726582 ], [ 140.161217224878072, 37.654434721719944 ], [ 140.161390833129559, 37.654453332349597 ], [ 140.161576656302145, 37.654436665696011 ], [ 140.161644716327288, 37.654406660117317 ], [ 140.16170138807513, 37.654362490484111 ], [ 140.161892501394561, 37.654126110517552 ], [ 140.162565829793436, 37.653499997363433 ], [ 140.162637768326618, 37.653428343958282 ], [ 140.162756101541021, 37.653192772314412 ], [ 140.162802494356214, 37.652956103432508 ], [ 140.162767222978488, 37.652651110474572 ], [ 140.162673882209219, 37.652445831724101 ], [ 140.162582492356535, 37.652291940688407 ], [ 140.162265001440659, 37.651928324327095 ], [ 140.162091943663, 37.651799721786958 ], [ 140.161983337974391, 37.65169277109058 ], [ 140.161955555839825, 37.651648601457374 ], [ 140.161898884092011, 37.651485549164363 ], [ 140.16191527701622, 37.651406101447598 ], [ 140.161980835650951, 37.651337218748552 ], [ 140.162071385797788, 37.651252228018926 ], [ 140.162109732364939, 37.651162773107139 ], [ 140.162062215276904, 37.651162773107139 ], [ 140.161984714158962, 37.651219163619103 ], [ 140.161825280142239, 37.651348881804623 ], [ 140.161583055793727, 37.651572771985066 ], [ 140.161420277881689, 37.651670002801126 ], [ 140.161262776121418, 37.651714999964689 ], [ 140.161099999142408, 37.651714999964689 ], [ 140.161008055083869, 37.651650834348779 ], [ 140.160958604806353, 37.651568615125584 ], [ 140.160967775327236, 37.651401385965102 ], [ 140.161004997621546, 37.651255558148371 ], [ 140.160990837381917, 37.651134711504504 ], [ 140.160834175327494, 37.650800542098878 ], [ 140.160841113163826, 37.650736395690636 ], [ 140.160901663419651, 37.650649729892301 ], [ 140.161298067092304, 37.650430824902017 ], [ 140.161502766852379, 37.650290271190791 ], [ 140.161663881213826, 37.650187766269234 ], [ 140.161603060386085, 37.65012138696958 ], [ 140.161533336810351, 37.650044729166595 ], [ 140.161411393793799, 37.650059163729097 ], [ 140.161220280474367, 37.650081393403525 ], [ 140.160852232735294, 37.65010389198531 ], [ 140.160384443802343, 37.650119711900871 ], [ 140.160101940630199, 37.650092786751927 ], [ 140.159868886802599, 37.650033874433213 ], [ 140.159755274601082, 37.649979716012332 ], [ 140.159669997806986, 37.649912509182322 ], [ 140.159634456790371, 37.649878616451815 ], [ 140.159570829479094, 37.64972666859186 ], [ 140.159521397861738, 37.649478605561242 ], [ 140.159476113458254, 37.649384454374619 ], [ 140.159353060163966, 37.649251386851994 ], [ 140.159149451088467, 37.64914666904702 ], [ 140.158825560681009, 37.649046397016861 ], [ 140.158715273714677, 37.648986387460113 ], [ 140.158692228454129, 37.648921932128545 ], [ 140.158720279294556, 37.648879456771716 ], [ 140.158799727597057, 37.648864714086208 ], [ 140.158870273151507, 37.648847776924633 ], [ 140.159012221693445, 37.648825278342848 ], [ 140.159104166684983, 37.648802491646045 ], [ 140.159163056189271, 37.648768330008181 ], [ 140.159335004622164, 37.648619711477352 ], [ 140.159467228437336, 37.648555006446095 ], [ 140.159682761335887, 37.648516937648445 ], [ 140.159811678576034, 37.648470284623826 ], [ 140.159939163651188, 37.648419726040053 ], [ 140.160339714537713, 37.648199434896405 ], [ 140.160524176453805, 37.648202225610497 ], [ 140.160569727697151, 37.648202225610497 ], [ 140.160547774987208, 37.648161655014086 ], [ 140.160403055415998, 37.64808222570467 ], [ 140.160347776646887, 37.648104455379098 ], [ 140.160185554806731, 37.648157228446934 ], [ 140.160044445970669, 37.648191101169452 ], [ 140.159862504105121, 37.648263890227973 ], [ 140.159634456790371, 37.648301381995267 ], [ 140.159288057601117, 37.648391395530076 ], [ 140.158825560681009, 37.648550271755937 ], [ 140.158600837668445, 37.648693058358567 ], [ 140.15811583289954, 37.648963888878328 ], [ 140.157693060597211, 37.649157504572727 ], [ 140.157351667920807, 37.649278332008919 ], [ 140.157260545840984, 37.64931332037682 ], [ 140.157043884937565, 37.649334722520891 ], [ 140.156956105820029, 37.649314437622841 ], [ 140.156865555673193, 37.649204176805007 ], [ 140.15686276598376, 37.649158601810761 ], [ 140.156905833563798, 37.649090836357736 ], [ 140.156968334736234, 37.649056943627237 ], [ 140.157098609500821, 37.648985559929748 ], [ 140.15734582170208, 37.648817503238902 ], [ 140.157375839320196, 37.648750566116561 ], [ 140.157321937668684, 37.6486458283036 ], [ 140.157273883168898, 37.648627775496635 ], [ 140.157233335639432, 37.64863304960214 ], [ 140.156814441845114, 37.648948607577793 ], [ 140.156746668252936, 37.648982788423325 ], [ 140.15665361484966, 37.64901027219527 ], [ 140.156462502463228, 37.649035003668459 ], [ 140.156303604925256, 37.648994721987386 ], [ 140.156210550588952, 37.648947222224741 ], [ 140.156009732135914, 37.648763344818022 ], [ 140.155911957719752, 37.648687496138045 ], [ 140.15579639646765, 37.648621116038079 ], [ 140.155732500450512, 37.648564725526107 ], [ 140.155671108622812, 37.648498326218473 ], [ 140.155614436874998, 37.64835750279957 ], [ 140.155553045047299, 37.648359446775636 ], [ 140.155565004324615, 37.648502772793613 ], [ 140.155543338047664, 37.648658607805373 ], [ 140.155537222190077, 37.648685282454309 ], [ 140.155451105690105, 37.648783880216072 ], [ 140.155409165181936, 37.648855283121222 ], [ 140.155382492392107, 37.648994163364378 ], [ 140.155426935223716, 37.649055558274178 ], [ 140.155502504085206, 37.649154444951279 ], [ 140.155546662349849, 37.649314437622841 ], [ 140.155549164673261, 37.649443058570327 ], [ 140.155502772791067, 37.649570006049736 ], [ 140.15547472195064, 37.649614734305956 ], [ 140.155363897572556, 37.649673338501657 ], [ 140.155316665984515, 37.649729729013629 ], [ 140.155326677144245, 37.64981860689506 ], [ 140.155313323022227, 37.649966378687864 ], [ 140.155276118455021, 37.650030834019432 ], [ 140.155118331194757, 37.650221947915078 ], [ 140.15486360829118, 37.650430555994667 ], [ 140.154778884769939, 37.65048138428611 ], [ 140.154436115908965, 37.650826658925119 ], [ 140.15436639326623, 37.650876371571186 ], [ 140.154209177005953, 37.650990289048814 ], [ 140.154141938026498, 37.651038885249172 ], [ 140.154063885501728, 37.651061384631276 ], [ 140.153872772182297, 37.65112916849165 ], [ 140.153768883774546, 37.651191372524465 ], [ 140.153583044740856, 37.651320282387289 ], [ 140.153444993367089, 37.651391666084777 ], [ 140.153243063703286, 37.651444458360274 ], [ 140.152863324459759, 37.65149166920758 ], [ 140.152785287796092, 37.651520287832575 ], [ 140.152695274128007, 37.65163472471756 ], [ 140.152591672153221, 37.651697775488415 ], [ 140.152479436136304, 37.651758611775207 ], [ 140.152317499796141, 37.651796930272546 ], [ 140.151741944880428, 37.651901957000852 ], [ 140.151685557699579, 37.651940006590841 ], [ 140.151610274338111, 37.652008329066234 ], [ 140.151536940027199, 37.65205276920743 ], [ 140.151411938615354, 37.652092493065815 ], [ 140.151289995598802, 37.652133332569576 ], [ 140.15115777178363, 37.652198885139185 ], [ 140.150824156649435, 37.652388323966115 ], [ 140.150572491208152, 37.65246471206143 ], [ 140.150374441918387, 37.652483611606421 ], [ 140.150290541308891, 37.652478896924244 ], [ 140.150152507662227, 37.652426393564085 ], [ 140.150062761767003, 37.652393059456593 ], [ 140.149990553594961, 37.652407494019094 ], [ 140.149857775573935, 37.652531380276415 ], [ 140.149828886893658, 37.652555553126597 ], [ 140.149720546178884, 37.652612772769565 ], [ 140.149519726792818, 37.652683617051707 ], [ 140.149282506158187, 37.652729172838285 ], [ 140.149061394813771, 37.652760274054373 ], [ 140.148887498263264, 37.652803327241877 ], [ 140.148806673776193, 37.652832774197563 ], [ 140.148748052044795, 37.652871650517596 ], [ 140.148656392553221, 37.652962762090752 ], [ 140.148542493918711, 37.65308249228891 ], [ 140.148261958457311, 37.653151951217993 ], [ 140.148106386154467, 37.653165558250137 ], [ 140.147981957608607, 37.653227491774963 ], [ 140.147873063620978, 37.653229994374037 ], [ 140.147573343679909, 37.653186381763206 ], [ 140.147484169717671, 37.653208323322616 ], [ 140.147355271137656, 37.653289445307777 ], [ 140.147232237436526, 37.653332498495281 ], [ 140.14711973178072, 37.653348049503485 ], [ 140.146737507007856, 37.653398897002596 ], [ 140.146644720444442, 37.653413602073087 ], [ 140.146422769394178, 37.653501113008815 ], [ 140.146050555781073, 37.653541665197878 ], [ 140.145943056638146, 37.653494723257928 ], [ 140.145888333940917, 37.653393335582393 ], [ 140.14586666486494, 37.653033607173214 ], [ 140.14579638801635, 37.65284665093737 ], [ 140.145711950928103, 37.652730558191344 ], [ 140.145571932776647, 37.652618603897444 ], [ 140.145478325167488, 37.652559729994067 ], [ 140.145393048373393, 37.652529726016013 ], [ 140.145308611285145, 37.652465289892106 ], [ 140.145291664155081, 37.652426393564085 ], [ 140.145286677235333, 37.652334993875911 ], [ 140.145318891150765, 37.652262492932408 ], [ 140.145328331310537, 37.652206660243124 ], [ 140.14533889760915, 37.652145554248662 ], [ 140.145322235046052, 37.65208916293637 ], [ 140.145290001537489, 37.65204249150441 ], [ 140.145238604075416, 37.652040008913325 ], [ 140.145202507919947, 37.652078058503314 ], [ 140.14515166279773, 37.65232028880542 ], [ 140.145138057696954, 37.65238749643575 ], [ 140.145099174651051, 37.652472218258019 ], [ 140.14508388920558, 37.652532497522436 ], [ 140.145063616840332, 37.652728614215278 ], [ 140.145028612302468, 37.652845842614674 ], [ 140.144932786003864, 37.653008067377328 ], [ 140.14484917276036, 37.653121676731949 ], [ 140.144716931218085, 37.653232226465121 ], [ 140.144575553676134, 37.653295546143326 ], [ 140.144410829512537, 37.653323068330607 ], [ 140.144210831172217, 37.65331694828739 ], [ 140.143863877777079, 37.653269448524746 ], [ 140.143727238042146, 37.653246661027623 ], [ 140.143587775029545, 37.653263616596554 ], [ 140.143481383365355, 37.653294448905292 ], [ 140.14328610603792, 37.653326936274752 ], [ 140.143201384382678, 37.653321393261898 ], [ 140.143007785533911, 37.653270544962467 ], [ 140.142671933983138, 37.653260845090124 ], [ 140.14231334413094, 37.653348049503485 ], [ 140.142073067900014, 37.653421395584381 ], [ 140.141946118370583, 37.653446936180586 ], [ 140.141622764441877, 37.6534419501901 ], [ 140.141405280626714, 37.653420279138679 ], [ 140.141286661912318, 37.653423051445422 ], [ 140.14106778511848, 37.653475554805581 ], [ 140.140978057883359, 37.653499457948094 ], [ 140.140618053593329, 37.653523323475582 ], [ 140.14053472584979, 37.653546938503069 ], [ 140.140125558648236, 37.653658891996642 ], [ 140.139964711126652, 37.653678330956978 ], [ 140.139653049635399, 37.653656948820895 ], [ 140.139489432950541, 37.653590280605911 ], [ 140.139382775379488, 37.653527788458071 ], [ 140.13927000195082, 37.653370548085263 ], [ 140.139123601101886, 37.652979717659676 ], [ 140.139076387240948, 37.652879715337193 ], [ 140.139022217816574, 37.652841396039534 ], [ 140.138964721291018, 37.652850827004521 ], [ 140.138956945614837, 37.652901116680944 ], [ 140.138941105963482, 37.653143328575702 ], [ 140.138898895816425, 37.653315273218681 ], [ 140.138859994110391, 37.653378612104547 ], [ 140.138691103139791, 37.653490008575751 ], [ 140.138591114699182, 37.653470550407754 ], [ 140.138459176384004, 37.653384712940095 ], [ 140.138368607577036, 37.653256400115623 ], [ 140.138309164799921, 37.653179434189624 ], [ 140.13823722346774, 37.653155839170125 ], [ 140.138186397938654, 37.653181397373359 ], [ 140.138177227417742, 37.653274991537607 ], [ 140.138129440690847, 37.653484715262579 ], [ 140.138054441896344, 37.653564163779663 ], [ 140.137931104968089, 37.653615261778782 ], [ 140.137670554505888, 37.653674713512842 ], [ 140.137446116993317, 37.653696384564263 ], [ 140.137236947199085, 37.653716380546967 ], [ 140.13702749190486, 37.653732509385854 ], [ 140.136865288724834, 37.653746116417992 ], [ 140.13672639671222, 37.653785281653363 ], [ 140.136435276292048, 37.653875834603511 ], [ 140.136317497283528, 37.653920831767074 ], [ 140.13607416359028, 37.653938057043675 ], [ 140.13578749547716, 37.653894445233163 ], [ 140.135695549552594, 37.653838054721191 ], [ 140.135641666561185, 37.653773618597285 ], [ 140.135613061514903, 37.653610007681266 ], [ 140.135619711985242, 37.653494434342591 ], [ 140.135698891581882, 37.653212230482417 ], [ 140.135700554199445, 37.653149719126908 ], [ 140.1356550020231, 37.653127777567498 ], [ 140.135440005603272, 37.653184457795128 ], [ 140.135388338502338, 37.653247777473325 ], [ 140.135317776153755, 37.653405287553802 ], [ 140.135242777359252, 37.653536102977355 ], [ 140.135123052099146, 37.653678330956978 ], [ 140.135018323985548, 37.653783067969627 ], [ 140.134906104762734, 37.653875834603511 ], [ 140.134727773632363, 37.653945004617256 ], [ 140.134499726317614, 37.653997508777735 ], [ 140.134318320930817, 37.653980841323829 ], [ 140.134099999275833, 37.653947218300992 ], [ 140.133897497679044, 37.653877508871901 ], [ 140.133841397864217, 37.653869714560294 ], [ 140.133763057973454, 37.653877508871901 ], [ 140.133736670683618, 37.653909996241367 ], [ 140.133605000141301, 37.654051127783276 ], [ 140.133501935578266, 37.654099435068296 ], [ 140.133417498490019, 37.654104727581149 ], [ 140.133221666956729, 37.654081940884346 ], [ 140.132819453452612, 37.654023894511326 ], [ 140.13272945657863, 37.654033343883661 ], [ 140.132524168091436, 37.654093045317403 ], [ 140.132416114742654, 37.654109174156289 ], [ 140.132181398297462, 37.654082499507354 ], [ 140.131955834646021, 37.654035558367724 ], [ 140.131886951709134, 37.654028321078485 ], [ 140.131706673394177, 37.654058345064527 ], [ 140.131467236869099, 37.654047509538813 ], [ 140.131256941869026, 37.654001107014203 ], [ 140.131074177091762, 37.653903336782804 ], [ 140.130945278511746, 37.653784992738025 ], [ 140.130891395520365, 37.653703889960532 ], [ 140.130879453037153, 37.653570264615212 ], [ 140.130832774721966, 37.653403612485093 ], [ 140.130790261347784, 37.653347779795808 ], [ 140.130761942734495, 37.653229454958698 ], [ 140.130784432856188, 37.653100563503223 ], [ 140.130841678402987, 37.652966110627538 ], [ 140.130826392024488, 37.652930005013616 ], [ 140.130733337688213, 37.652868052281121 ], [ 140.130693882709352, 37.652812219591844 ], [ 140.130617223163284, 37.652801114358461 ], [ 140.130540831390078, 37.652901675303958 ], [ 140.130530551524458, 37.652939455186271 ], [ 140.130533895419745, 37.65314638899747 ], [ 140.130518322608253, 37.653202491394417 ], [ 140.130466388667458, 37.653298336857418 ], [ 140.130303899054439, 37.653513064980231 ], [ 140.130156102427776, 37.653716668661986 ], [ 140.130046101894436, 37.653804161990685 ], [ 140.130018873032725, 37.653815825046763 ], [ 140.12983750496619, 37.653893617702799 ], [ 140.129692783528952, 37.653916655699923 ], [ 140.129440278381821, 37.653901663314734 ], [ 140.129261126205733, 37.653810282033902 ], [ 140.129146655638237, 37.6536897251057 ], [ 140.129086943222234, 37.653559178589497 ], [ 140.129026677533375, 37.653489449952744 ], [ 140.128840553932719, 37.653408327967583 ], [ 140.128694725016771, 37.653263058773859 ], [ 140.128659434045915, 37.653190000807982 ], [ 140.128652784508574, 37.653038610770722 ], [ 140.128633886461927, 37.652969439956657 ], [ 140.128561391856863, 37.652971383932723 ], [ 140.128385564915931, 37.653035839264298 ], [ 140.12819972588224, 37.653054738809288 ], [ 140.12799361448333, 37.653043884075913 ], [ 140.127790828319576, 37.653015824073918 ], [ 140.127596657537822, 37.652912221914328 ], [ 140.127554733823757, 37.652831119136835 ], [ 140.127557504853058, 37.652735561788852 ], [ 140.127633324693278, 37.652513885292144 ], [ 140.127706677664321, 37.652403336359292 ], [ 140.127980277155388, 37.652163626263288 ], [ 140.12803444657979, 37.652126116088645 ], [ 140.12809360478991, 37.652077499880299 ], [ 140.128091656672353, 37.652034715600152 ], [ 140.128041114777233, 37.651988872498869 ], [ 140.127836397290025, 37.652010831665308 ], [ 140.12765917643739, 37.652066934062262 ], [ 140.127591383252081, 37.652096381017941 ], [ 140.127519997991755, 37.652170554629201 ], [ 140.12742083059689, 37.652238050374557 ], [ 140.127212786941499, 37.652292498511102 ], [ 140.127128333059147, 37.652313880647178 ], [ 140.126996377016837, 37.652470005374603 ], [ 140.126955831353371, 37.652558613548365 ], [ 140.126888324601055, 37.65264999402887 ], [ 140.126719165857594, 37.652752229242765 ], [ 140.126458883168254, 37.652838335617766 ], [ 140.126276388029879, 37.65287582818538 ], [ 140.126067219168647, 37.65284056850917 ], [ 140.125962491055049, 37.652789721010059 ], [ 140.12583943869376, 37.652659443401213 ], [ 140.125743059122328, 37.652423890965011 ], [ 140.125683616345185, 37.652334993875911 ], [ 140.12565222254247, 37.652293614156484 ], [ 140.125545546311287, 37.652172788320925 ], [ 140.125495274055055, 37.65202944309528 ], [ 140.12548833808475, 37.651933616839948 ], [ 140.125460002677329, 37.651713326496619 ], [ 140.125329171840889, 37.651429715674766 ], [ 140.125305824286215, 37.651309716569251 ], [ 140.125259449198154, 37.651020005712169 ], [ 140.125218617101666, 37.650895829739191 ], [ 140.125205834912634, 37.650728061163363 ], [ 140.125020281378937, 37.650740552550118 ], [ 140.12501443609321, 37.650708334088009 ], [ 140.124985276841045, 37.65054832220877 ], [ 140.124982505811744, 37.650532772000886 ], [ 140.124939992437561, 37.650517778815377 ], [ 140.124913051874898, 37.650528884048761 ], [ 140.124911657030168, 37.650540546304512 ], [ 140.124889166908474, 37.650720844682432 ], [ 140.124883338416879, 37.650766958291698 ], [ 140.124757229526324, 37.650785568921357 ], [ 140.124787227551309, 37.650913324723462 ], [ 140.124703881147639, 37.650961939331168 ], [ 140.124832226454799, 37.651128052846268 ], [ 140.124791662131202, 37.651265566143714 ], [ 140.124815832597591, 37.651370552856044 ], [ 140.124785832706579, 37.651461106606511 ], [ 140.124738332412676, 37.651511396282935 ], [ 140.12465166077385, 37.651629990827722 ], [ 140.124623610866422, 37.651714154026976 ], [ 140.124604178207051, 37.651885000631601 ], [ 140.124548346165085, 37.652009176604587 ], [ 140.12445917126982, 37.652110006457434 ], [ 140.124420270496813, 37.652175559027036 ], [ 140.124604178207051, 37.652301948683757 ], [ 140.124687773723423, 37.652392789748923 ], [ 140.124727212841208, 37.652468619221224 ], [ 140.124707225042954, 37.652651110474572 ], [ 140.1246538953244, 37.652747783467937 ], [ 140.124577235778361, 37.652797785029342 ], [ 140.124467502084855, 37.652894996637727 ], [ 140.124389447694085, 37.65309249948394 ], [ 140.124328055866386, 37.653158898791574 ], [ 140.124258333223651, 37.65320333733213 ], [ 140.124051666685858, 37.653201105241045 ], [ 140.123789723244954, 37.653173045239058 ], [ 140.123637494837425, 37.653125006061067 ], [ 140.123469997778528, 37.653118617110501 ], [ 140.123091383740814, 37.653369161931892 ], [ 140.123011666732452, 37.653388331984878 ], [ 140.122897785825074, 37.653387215539176 ], [ 140.122790269888043, 37.653346105527419 ], [ 140.122585283694974, 37.653229723866048 ], [ 140.122334172459546, 37.653115556688732 ], [ 140.122262500766226, 37.653050562742138 ], [ 140.122198606615086, 37.652969729672321 ], [ 140.122094432707343, 37.652697492991201 ], [ 140.12205917812372, 37.652636944819427 ], [ 140.12199138493844, 37.652611386616194 ], [ 140.121864453136141, 37.652496948930889 ], [ 140.121832506060571, 37.652453895743385 ], [ 140.121836384568581, 37.652368058275734 ], [ 140.121830824782847, 37.652311109140754 ], [ 140.121807781388327, 37.652289726204351 ], [ 140.121769719388141, 37.652273618173773 ], [ 140.121726939174124, 37.652268613775938 ], [ 140.121659162782947, 37.65227277063542 ], [ 140.121632775493111, 37.65227806314828 ], [ 140.121591388257769, 37.652300561730058 ], [ 140.121546945426132, 37.652346117516643 ], [ 140.121507220808382, 37.652419157075165 ], [ 140.121494991892206, 37.652511941316085 ], [ 140.121513335732999, 37.652582498283522 ], [ 140.1215622131445, 37.652700823120639 ], [ 140.121583612581588, 37.65279834285203 ], [ 140.121568344863221, 37.652934720496113 ], [ 140.121537488472256, 37.653120002463552 ], [ 140.1215313922078, 37.653256400115623 ], [ 140.121555830447051, 37.653497494764359 ], [ 140.121516105829301, 37.653568051731796 ], [ 140.12135055875396, 37.653597228179486 ], [ 140.120891387069065, 37.653604445460736 ], [ 140.120486939947369, 37.653606947259497 ], [ 140.120287781312896, 37.65357888725751 ], [ 140.120088606817291, 37.653556946498412 ], [ 140.119950840010517, 37.653561930888259 ], [ 140.119723882447374, 37.65360082721628 ], [ 140.119319435325707, 37.653730006786773 ], [ 140.119132773380272, 37.653795828263732 ], [ 140.11891194753585, 37.65383110714761 ], [ 140.118416128288601, 37.653892213142079 ], [ 140.118339433288298, 37.653882224354398 ], [ 140.118155542372165, 37.653848331623891 ], [ 140.118005548515214, 37.653843347234044 ], [ 140.117864457406256, 37.653843347234044 ], [ 140.117735844326262, 37.653860553302977 ], [ 140.117622499897607, 37.653882224354398 ], [ 140.117490848015422, 37.653890846196369 ], [ 140.117383618511383, 37.653895831386535 ], [ 140.117092498091239, 37.653888344397615 ], [ 140.11689639691906, 37.653873890627445 ], [ 140.116605276498888, 37.653790823865897 ], [ 140.116403043607988, 37.653713051217849 ], [ 140.116259163742626, 37.653649731539645 ], [ 140.116194733112764, 37.65360082721628 ], [ 140.11607223402433, 37.653463333126496 ], [ 140.115983613334947, 37.653392508052029 ], [ 140.11570472183098, 37.653343891843683 ], [ 140.11559445259175, 37.653319449285831 ], [ 140.115527213612324, 37.653275568567963 ], [ 140.115508603864669, 37.653226953159937 ], [ 140.115588337667162, 37.653143887198716 ], [ 140.116066387805603, 37.652802788626857 ], [ 140.116124454398147, 37.652761390500075 ], [ 140.116133609057925, 37.652700553412963 ], [ 140.116118341339558, 37.652654170896341 ], [ 140.116038875309926, 37.652627495447092 ], [ 140.115778324847753, 37.652629728338496 ], [ 140.115306387767902, 37.652627495447092 ], [ 140.11500638232684, 37.652596932045704 ], [ 140.114801110633778, 37.652565273006921 ], [ 140.114555846550076, 37.652489713242289 ], [ 140.114448615180038, 37.652358069488052 ], [ 140.114332214222088, 37.652309454080026 ], [ 140.11420667633152, 37.652284991514186 ], [ 140.114078064184497, 37.652292228803425 ], [ 140.113891117672097, 37.652355566888978 ], [ 140.113701380537265, 37.652394714517321 ], [ 140.113566672125785, 37.652411670086245 ], [ 140.113321389381952, 37.652433610045016 ], [ 140.11299971673094, 37.652433610045016 ], [ 140.112843607949372, 37.652436112644097 ], [ 140.111997222705838, 37.653747501771043 ], [ 140.111770837075682, 37.653763609801622 ], [ 140.111709999453836, 37.653873890627445 ], [ 140.111698612109507, 37.653894445233163 ], [ 140.11153361830705, 37.654156384203276 ], [ 140.111632500201921, 37.654194453000933 ], [ 140.111660835609342, 37.654207501410056 ], [ 140.109638883634943, 37.657211949632547 ], [ 140.109691944647608, 37.65733500915983 ], [ 140.109802214819837, 37.657628068553699 ], [ 140.109851396391463, 37.657739735532893 ], [ 140.109961665630692, 37.657878614975729 ], [ 140.110193325546589, 37.658129448712458 ], [ 140.110314716223286, 37.658271387776743 ], [ 140.110353331496299, 37.658295830334595 ], [ 140.110393610319932, 37.658303336531183 ], [ 140.110424717689654, 37.658340847506153 ], [ 140.110645006122326, 37.658597493963413 ], [ 140.110671662118023, 37.658712219763736 ] ], [ [ 140.12617389539983, 37.658403339653987 ], [ 140.126109999382692, 37.658390829859883 ], [ 140.12602778005089, 37.658374451321315 ], [ 140.125800269214892, 37.658353896715596 ], [ 140.125707501311609, 37.65832722126634 ], [ 140.125672496773717, 37.658271118869393 ], [ 140.125674714530192, 37.65815693168409 ], [ 140.125704176076425, 37.658120826070167 ], [ 140.125716386332499, 37.658105833684978 ], [ 140.125782211807092, 37.658066937356956 ], [ 140.12587027829062, 37.658051386348752 ], [ 140.12609221254678, 37.658051656056422 ], [ 140.126238058256831, 37.658072499577479 ], [ 140.126335830806994, 37.658123616784266 ], [ 140.126384726878655, 37.658202775585693 ], [ 140.126395006744247, 37.658367503747733 ], [ 140.126370835344858, 37.658421392460951 ], [ 140.126297501033974, 37.658431111540956 ], [ 140.12617389539983, 37.658403339653987 ] ], [ [ 140.117893347952531, 37.655663602708358 ], [ 140.117773047960441, 37.655601668383213 ], [ 140.117688057599338, 37.655522778489143 ], [ 140.117610272847429, 37.655409996664879 ], [ 140.117652786221612, 37.655348063140053 ], [ 140.117699178103805, 37.655322773844169 ], [ 140.117759176019803, 37.655325834265938 ], [ 140.117963892574011, 37.655365288416654 ], [ 140.118020547527692, 37.655393349218961 ], [ 140.118084442611831, 37.655443889395386 ], [ 140.118106664960663, 37.655482227900713 ], [ 140.118105288776064, 37.655494718487148 ], [ 140.118112778952252, 37.655518044599297 ], [ 140.118103607498369, 37.655560828079125 ], [ 140.118063043174743, 37.655624166964998 ], [ 140.117999452250729, 37.655652228567625 ], [ 140.117893347952531, 37.655663602708358 ] ], [ [ 140.116763601170902, 37.655201946407978 ], [ 140.116689998154129, 37.655156661129389 ], [ 140.116647771212939, 37.655100289024773 ], [ 140.116619434872547, 37.654970820538935 ], [ 140.11661972130554, 37.654868335625366 ], [ 140.116676108486359, 37.654835829048231 ], [ 140.116753626398406, 37.654829997120032 ], [ 140.117008614275846, 37.654863889850539 ], [ 140.117090565834786, 37.654892220360523 ], [ 140.117141393229872, 37.654918606894434 ], [ 140.11717832815819, 37.654959716105871 ], [ 140.117121942843369, 37.655032773271429 ], [ 140.117039437078574, 37.655109162167065 ], [ 140.116923607120611, 37.655184721931704 ], [ 140.116763601170902, 37.655201946407978 ] ], [ [ 140.121757776904957, 37.660169166999744 ], [ 140.121729458291668, 37.66015221143082 ], [ 140.121736377467869, 37.659977784196755 ], [ 140.121763336690691, 37.659926397282298 ], [ 140.121787221657087, 37.659906650999275 ], [ 140.121826677568976, 37.659900838278745 ], [ 140.121912776341787, 37.659955555322639 ], [ 140.121925828169708, 37.660011118304247 ], [ 140.12190832590079, 37.660076670073536 ], [ 140.121843053699052, 37.660146937325315 ], [ 140.121757776904957, 37.660169166999744 ] ], [ [ 140.129588611487236, 37.657690002878844 ], [ 140.129373613201381, 37.657640848055472 ], [ 140.129182768587839, 37.657633881274229 ], [ 140.129107502953474, 37.657581666829408 ], [ 140.129089447411673, 37.657495848569425 ], [ 140.129119445436686, 37.657357507741615 ], [ 140.129170826104627, 37.657308333710574 ], [ 140.129250274407127, 37.657270842743593 ], [ 140.12933889416351, 37.65727973429324 ], [ 140.129467774083395, 37.657324731456811 ], [ 140.12962082540264, 37.657380833853757 ], [ 140.129718886251823, 37.657448059891436 ], [ 140.129841669907222, 37.657535553220136 ], [ 140.129880821658986, 37.657566115821204 ], [ 140.129871114659352, 37.657652491903882 ], [ 140.129812225155092, 37.65768750108009 ], [ 140.129741661873481, 37.657701665934916 ], [ 140.129588611487236, 37.657690002878844 ] ], [ [ 140.118197501540493, 37.654906673330373 ], [ 140.11814721062413, 37.654885002278952 ], [ 140.118126116280166, 37.654846952688963 ], [ 140.118120001355578, 37.654756958361823 ], [ 140.118141383998534, 37.654644157329898 ], [ 140.118169451633065, 37.65461028380706 ], [ 140.118232773851219, 37.65457082965635 ], [ 140.118341381405855, 37.654532221443354 ], [ 140.118446395019475, 37.654525004962416 ], [ 140.118537212939174, 37.654537226641501 ], [ 140.118563332456148, 37.654563054552405 ], [ 140.118572217477038, 37.654622774393495 ], [ 140.118579726313357, 37.654655551478619 ], [ 140.118558612376262, 37.654756958361823 ], [ 140.118521105514958, 37.654825551345212 ], [ 140.118422224553086, 37.65487083742412 ], [ 140.118329438922672, 37.654894721358957 ], [ 140.118197501540493, 37.654906673330373 ] ], [ [ 140.123237212656761, 37.659765557072383 ], [ 140.123207231425909, 37.659698042119359 ], [ 140.123321380106148, 37.659660551152385 ], [ 140.123435278740658, 37.659646386297553 ], [ 140.123555006799762, 37.659695829235943 ], [ 140.123552218043329, 37.6597472161504 ], [ 140.123492220127332, 37.659780550257892 ], [ 140.12332917537546, 37.659791655491276 ], [ 140.123237212656761, 37.659765557072383 ] ], [ [ 140.115297217247019, 37.655791108010462 ], [ 140.11536000391942, 37.655786392527965 ], [ 140.1154291732893, 37.655798344499381 ], [ 140.115524997721877, 37.65583639408937 ], [ 140.115644992620872, 37.655910279585605 ], [ 140.11572277923878, 37.655986667680928 ], [ 140.115788891146366, 37.656082224228584 ], [ 140.115806946688139, 37.656148892443575 ], [ 140.115791946742661, 37.656215541450898 ], [ 140.115755834726059, 37.656258614646383 ], [ 140.115686933129041, 37.656289446955121 ], [ 140.11564193515855, 37.656301398926537 ], [ 140.115578880713286, 37.656303880717303 ], [ 140.115489170272298, 37.656303880717303 ], [ 140.115423058364712, 37.656282498581227 ], [ 140.115369157646199, 37.656241947192477 ], [ 140.115342215217481, 37.656182226551067 ], [ 140.115255275805822, 37.655879447276874 ], [ 140.1152522183435, 37.655829176808119 ], [ 140.115270276684328, 37.655805561780632 ], [ 140.115297217247019, 37.655791108010462 ] ], [ [ 140.124071117072361, 37.657634997719931 ], [ 140.12406110684563, 37.657635286635269 ], [ 140.124048610156564, 37.657628339061688 ], [ 140.123989451946414, 37.657595561976564 ], [ 140.123911399421644, 37.657490556056572 ], [ 140.123909718143921, 37.657446386423366 ], [ 140.12394028903492, 37.657424445664269 ], [ 140.124055277421007, 37.657400003106424 ], [ 140.124160006467633, 37.657442228763564 ], [ 140.124187501236179, 37.657472502449288 ], [ 140.124201106336955, 37.657523890164065 ], [ 140.124158898055896, 37.657586670426923 ], [ 140.124095843610633, 37.657634150981899 ], [ 140.124071117072361, 37.657634997719931 ] ] ], [ [ [ 140.099442774944464, 37.67647638829628 ], [ 140.099648333070519, 37.676431391132716 ], [ 140.099711942654693, 37.676431391132716 ], [ 140.099867781797371, 37.676465282262583 ], [ 140.099981108498895, 37.676521673574868 ], [ 140.100170004994879, 37.676695831901583 ], [ 140.10034944360396, 37.676927227478302 ], [ 140.100413339621127, 37.677028615153837 ], [ 140.100447502587116, 37.677131947605758 ], [ 140.100448610998853, 37.677135566650541 ], [ 140.10046999177581, 37.677191937154525 ], [ 140.100461948326767, 37.677419176672075 ], [ 140.100464718423069, 37.677586116116899 ], [ 140.100498346776334, 37.677760832266301 ], [ 140.100526951822616, 37.67780611834521 ], [ 140.10056222413337, 37.677845554088577 ], [ 140.10065443689777, 37.677873614090565 ], [ 140.100718331981909, 37.677873614090565 ], [ 140.100838613313897, 37.677868052670355 ], [ 140.100881109893947, 37.677862220742163 ], [ 140.100966386688043, 37.677828616926995 ], [ 140.101476669402047, 37.677518601964195 ], [ 140.101518896343237, 37.677501952917638 ], [ 140.101703321872066, 37.677428606036422 ], [ 140.101880276817866, 37.677439731277794 ], [ 140.101929726162382, 37.677456667639049 ], [ 140.101972222742432, 37.677490540361568 ], [ 140.102007494120159, 37.677513058951341 ], [ 140.102213338679206, 37.677676380952029 ], [ 140.102305551443635, 37.677755270846099 ], [ 140.1024047188385, 37.677828616926995 ], [ 140.102503887166392, 37.677913049833926 ], [ 140.10254695474643, 37.678000003747279 ], [ 140.102544165056997, 37.678076391042282 ], [ 140.102495268985336, 37.678199450569558 ], [ 140.102269992699917, 37.678538335457681 ], [ 140.102310557023515, 37.678599442252462 ], [ 140.102439993015253, 37.678634161713013 ], [ 140.102695285985817, 37.678634161713013 ], [ 140.102751957733631, 37.678645555861735 ], [ 140.10282277292697, 37.67866805444352 ], [ 140.10288666707811, 37.678735550188868 ], [ 140.102905545531627, 37.678824448078288 ], [ 140.102909442699797, 37.678872504863307 ], [ 140.102887222216992, 37.678953896556138 ], [ 140.102810830443786, 37.67904999331946 ], [ 140.102744163397318, 37.679138043670534 ], [ 140.102744163397318, 37.679179710704659 ], [ 140.102736118082277, 37.679343052713328 ], [ 140.102758895569963, 37.679524157813304 ], [ 140.102801372556883, 37.679659458227334 ], [ 140.102865266708022, 37.67972695397269 ], [ 140.102915002485531, 37.679738059206073 ], [ 140.10300694747707, 37.679653607091474 ], [ 140.10306360243078, 37.679473328721542 ], [ 140.103106384510824, 37.679433893778501 ], [ 140.10314167548168, 37.679394439627785 ], [ 140.103311656203886, 37.679298613372453 ], [ 140.103474737343049, 37.679270552570145 ], [ 140.103546390376238, 37.679285276047985 ], [ 140.103594713581884, 37.679304445300652 ], [ 140.103736949489786, 37.679360566104947 ], [ 140.103843320627846, 37.679400001047995 ], [ 140.104005847561126, 37.679411395196716 ], [ 140.104069724918162, 37.679456392360279 ], [ 140.104098043531451, 37.679512783672571 ], [ 140.104098043531451, 37.679569155777195 ], [ 140.104119442968511, 37.679636651522543 ], [ 140.104197228653447, 37.679676105673259 ], [ 140.104239724300498, 37.679676105673259 ], [ 140.104346114098689, 37.679698605055357 ], [ 140.104594168804795, 37.679681668694101 ], [ 140.104891938762279, 37.679698605055357 ], [ 140.104976662283548, 37.679732496985544 ], [ 140.105104166018805, 37.679811386079301 ], [ 140.105182505909596, 37.679890276773691 ], [ 140.105236389833976, 37.680013605208323 ], [ 140.105248332317188, 37.68010417736614 ], [ 140.105236389833976, 37.680240286102865 ], [ 140.105245005216005, 37.680292499747367 ], [ 140.10528167423746, 37.680324160386782 ], [ 140.105338327325143, 37.680307223225206 ], [ 140.105444449350472, 37.680233895551659 ], [ 140.105558044757856, 37.680115551506873 ], [ 140.105593603501603, 37.680008601610808 ], [ 140.105593603501603, 37.679952229506185 ], [ 140.105586399758408, 37.679845278809807 ], [ 140.105461666119425, 37.679605838421473 ], [ 140.105413611619639, 37.679484165047569 ], [ 140.105366664598563, 37.679388896614931 ], [ 140.105320843716356, 37.679285276047985 ], [ 140.105316945615186, 37.679276383698024 ], [ 140.105317499821069, 37.679174995222162 ], [ 140.105395267778846, 37.679073607546627 ], [ 140.105529726144567, 37.678983613219494 ], [ 140.105529726144567, 37.678977762083626 ], [ 140.105664167716185, 37.678927221907202 ], [ 140.105919442026618, 37.678882224743631 ], [ 140.106151942581391, 37.678868059088487 ], [ 140.10632360458132, 37.678882224743631 ], [ 140.106493621690788, 37.678904723325417 ], [ 140.106882784299955, 37.67903971481612 ], [ 140.107060540698342, 37.679137504255188 ], [ 140.107168612707255, 37.679209157660345 ], [ 140.107669724900376, 37.679591943274318 ], [ 140.107906945535007, 37.679728897948756 ], [ 140.108163042757184, 37.67980888508086 ], [ 140.108331110816067, 37.679856672158209 ], [ 140.108845828109963, 37.680138050088658 ], [ 140.108916678757538, 37.680166380598635 ], [ 140.10897333184522, 37.680200273329142 ], [ 140.109151108769765, 37.680296387699492 ], [ 140.10920027168126, 37.680335284027514 ], [ 140.109221654324216, 37.680357782609299 ], [ 140.109292217605827, 37.680403068688207 ], [ 140.109462233782267, 37.680543603992085 ], [ 140.109540555945927, 37.680594451491203 ], [ 140.109752782269453, 37.680701382979912 ], [ 140.10980250125283, 37.680729712689576 ], [ 140.109863053374681, 37.680784448941139 ], [ 140.109888617752773, 37.680806100784892 ], [ 140.109948043735784, 37.68086139485915 ], [ 140.10998944776523, 37.680909452444482 ], [ 140.110089151638846, 37.680984454386426 ], [ 140.110277493928976, 37.681101393070165 ], [ 140.110305829336369, 37.681129723580149 ], [ 140.110341389013115, 37.681197219325497 ], [ 140.110355280546884, 37.681241678674361 ], [ 140.110382221109575, 37.681308057974015 ], [ 140.110389998651755, 37.681366662169722 ], [ 140.110388050534198, 37.681449728931263 ], [ 140.110383615954305, 37.681557775265041 ], [ 140.110404997664261, 37.681636665159118 ], [ 140.110504165059126, 37.68181694352905 ], [ 140.110645845828174, 37.682143895653425 ], [ 140.110730836189276, 37.682284430156983 ], [ 140.110773332769355, 37.682318342095158 ], [ 140.110816112983372, 37.682369151979252 ], [ 140.11105694435318, 37.682560554790236 ], [ 140.11117749345803, 37.682628069743252 ], [ 140.111354447470802, 37.682645006104515 ], [ 140.111400839353024, 37.682626664382212 ], [ 140.111425279458274, 37.682616944501888 ], [ 140.111510001113516, 37.682532493187608 ], [ 140.111573897130654, 37.682487227116688 ], [ 140.111630551151364, 37.682419711363345 ], [ 140.111758341319643, 37.682306947946437 ], [ 140.111840274218423, 37.682250558234784 ], [ 140.1119513840965, 37.682255542624631 ], [ 140.112215563953981, 37.682331661012277 ], [ 140.112500839088398, 37.682415284796193 ], [ 140.112584720104792, 37.68243193224211 ], [ 140.112679437058659, 37.682431104711746 ], [ 140.112743331209771, 37.682419711363345 ], [ 140.112714995802378, 37.682374714199781 ], [ 140.112679437058659, 37.682346653397474 ], [ 140.11253055068039, 37.68225084634981 ], [ 140.112374728331815, 37.682155000886809 ], [ 140.112293618344751, 37.682044451153629 ], [ 140.112282766546144, 37.681952223935092 ], [ 140.112227506437165, 37.681743884762852 ], [ 140.112173604785653, 37.681648617130527 ], [ 140.111987497979101, 37.681400554099909 ], [ 140.11190027213442, 37.681287503368296 ], [ 140.111786659932932, 37.681095831649962 ], [ 140.111354447470802, 37.680273600202369 ], [ 140.111226944668545, 37.680014432738687 ], [ 140.111228337647248, 37.679857789404231 ], [ 140.111304999059314, 37.679681956809119 ], [ 140.111429444399306, 37.679560822050242 ], [ 140.111555555155888, 37.679467786509001 ], [ 140.111738604500118, 37.679369997069941 ], [ 140.111942785508603, 37.679287777846746 ], [ 140.112028043642567, 37.679264990349623 ], [ 140.11253055068039, 37.679197493803947 ], [ 140.113141665272877, 37.679092238184268 ], [ 140.11338805642842, 37.67904527783697 ], [ 140.113501668629908, 37.679006111801279 ], [ 140.113615013991563, 37.678943888560788 ], [ 140.113671668012245, 37.678882224743631 ], [ 140.113700004352665, 37.678825544516002 ], [ 140.113704724432552, 37.678678889969227 ], [ 140.113711677196989, 37.678656391387442 ], [ 140.113762504592074, 37.678639723933536 ], [ 140.113785834419616, 37.678641667909602 ], [ 140.113827774927813, 37.678664725114395 ], [ 140.113844170651021, 37.678676387370153 ], [ 140.114011952276911, 37.678820001503148 ], [ 140.114154723730564, 37.678889730940227 ], [ 140.114227503835593, 37.678908899392567 ], [ 140.114286946612737, 37.678906397593813 ], [ 140.114263884558056, 37.678876104700414 ], [ 140.11407999550795, 37.678744441738516 ], [ 140.11400667892417, 37.678670825949943 ], [ 140.113995844852695, 37.678654447411375 ], [ 140.113976661306054, 37.678606389826044 ], [ 140.114018888247244, 37.67853860516535 ], [ 140.114108885121226, 37.678493338294111 ], [ 140.114217492675863, 37.678482502768404 ], [ 140.114274164423676, 37.678510544363043 ], [ 140.114316677797859, 37.678533042944828 ], [ 140.114366396781236, 37.678555541526613 ], [ 140.11453249899543, 37.678641399002252 ], [ 140.114590546927815, 37.678652503435316 ], [ 140.114585272642074, 37.678620554680876 ], [ 140.114238606612957, 37.678301954690795 ], [ 140.11413250231476, 37.678240271665977 ], [ 140.113933897886142, 37.678178068433475 ], [ 140.113406666176047, 37.677987224245506 ], [ 140.112856943411288, 37.677907775728421 ], [ 140.112451387877883, 37.677877502042698 ], [ 140.11200666286561, 37.677845842203595 ], [ 140.111793882336229, 37.677817781401288 ], [ 140.111588610643167, 37.677774997921453 ], [ 140.111404166454179, 37.677716393725746 ], [ 140.111170557487696, 37.677626109682954 ], [ 140.110931103235487, 37.677530553135291 ], [ 140.110539724735872, 37.677282490104666 ], [ 140.110429722336505, 37.677246673406088 ], [ 140.110158893874711, 37.677194170846249 ], [ 140.10947694822778, 37.677017491513105 ], [ 140.109334997819872, 37.676933059406494 ], [ 140.10911971590005, 37.676817505275487 ], [ 140.108761106454722, 37.676595001248415 ], [ 140.108591107072385, 37.676443054188788 ], [ 140.10850583027829, 37.676319167131147 ], [ 140.108470557034536, 37.676206385306884 ], [ 140.108483054656602, 37.676098067664796 ], [ 140.108520275084913, 37.676026106136632 ], [ 140.108626398043242, 37.675918887333218 ], [ 140.109058608639344, 37.675592222523548 ], [ 140.10912221822349, 37.675547225359978 ], [ 140.109217773950206, 37.67548721660355 ], [ 140.109272497580434, 37.675429998561214 ], [ 140.10931694227807, 37.6753622131002 ], [ 140.109349444492494, 37.675237498512196 ], [ 140.10933860948802, 37.675046673531895 ], [ 140.10930666241245, 37.675023328212085 ], [ 140.109251938782222, 37.675036376621208 ], [ 140.109206117899987, 37.67511417007757 ], [ 140.109174438597279, 37.675161937947244 ], [ 140.10904500353854, 37.675217212813834 ], [ 140.108896655505049, 37.675242213994693 ], [ 140.108626398043242, 37.675327493639656 ], [ 140.108598061702821, 37.675333324767529 ], [ 140.108518059194466, 37.675359441593777 ], [ 140.10835694390002, 37.675411944953936 ], [ 140.108139176450891, 37.675407788094454 ], [ 140.107927503400248, 37.675397780099104 ], [ 140.107776114698538, 37.675405266287704 ], [ 140.107662788930043, 37.675434712443071 ], [ 140.107413054812213, 37.675560563484765 ], [ 140.107325006988816, 37.67559333976957 ], [ 140.107255551185915, 37.675605829555685 ], [ 140.107145282879713, 37.675614721105326 ], [ 140.107081673295568, 37.675614721105326 ], [ 140.107003887610659, 37.675593897592258 ], [ 140.106871664728487, 37.675503325434441 ], [ 140.10669889338385, 37.675327493639656 ], [ 140.106578612051891, 37.675231667384324 ], [ 140.106486399287462, 37.675181107199911 ], [ 140.106458063880041, 37.675175276072032 ], [ 140.106337496115088, 37.675124735895608 ], [ 140.106046945761904, 37.675034433445461 ], [ 140.105940824669602, 37.675017785199223 ], [ 140.10588527906063, 37.675001118545637 ], [ 140.105671390119511, 37.674893898141583 ], [ 140.105508326707508, 37.674521948853638 ], [ 140.105423336346377, 37.674347213496567 ], [ 140.105386115918094, 37.674294999051746 ], [ 140.105310277417743, 37.674228888659449 ], [ 140.105260558434367, 37.674245825821025 ], [ 140.105232223026945, 37.674364169865811 ], [ 140.105218045993183, 37.67439221066013 ], [ 140.105133055632081, 37.674499450271853 ], [ 140.104963057182744, 37.674640273690756 ], [ 140.104835284741597, 37.67465722925968 ], [ 140.104757498123689, 37.674634441762556 ], [ 140.104651126052602, 37.674583882378464 ], [ 140.104580277271026, 37.674527491866499 ], [ 140.104481109876161, 37.674353044624439 ], [ 140.104388895245734, 37.674054442217717 ], [ 140.104236399065314, 37.673798065468127 ], [ 140.104191382434692, 37.673743329216563 ], [ 140.104125270527135, 37.673700276029059 ], [ 140.104020275573646, 37.673671117988718 ], [ 140.103864720064934, 37.673699448498695 ], [ 140.103785826901316, 37.673753895034601 ], [ 140.103694453842735, 37.673761382023521 ], [ 140.103616381724834, 37.673710841847097 ], [ 140.103326101010538, 37.67329945761611 ], [ 140.103278331077718, 37.67323111433241 ], [ 140.103223321947496, 37.673162213226014 ], [ 140.103165558582077, 37.673145564979777 ], [ 140.103099446674491, 37.673147220840818 ], [ 140.10304971183001, 37.673170007537628 ], [ 140.103007217115959, 37.673231653747749 ], [ 140.10297889850267, 37.673378326701879 ], [ 140.102950543502118, 37.673631663838002 ], [ 140.102908335221059, 37.673693328455478 ], [ 140.102836931300629, 37.673710841847097 ], [ 140.102744432103208, 37.673678335269969 ], [ 140.102525555309342, 37.673530275362147 ], [ 140.102426118275588, 37.673513608708561 ], [ 140.102114439990231, 37.673530275362147 ], [ 140.101965553611961, 37.673462779616798 ], [ 140.101872785708679, 37.673374439550066 ], [ 140.101788064053437, 37.673220547714052 ], [ 140.101717213405863, 37.673158614189219 ], [ 140.101547501389518, 37.673113328110318 ], [ 140.101523044490136, 37.673117215262124 ], [ 140.101414722435464, 37.673086383753706 ], [ 140.101341674557574, 37.673018040470005 ], [ 140.101249729566007, 37.672910820866271 ], [ 140.101221393225615, 37.672843324320603 ], [ 140.101210004948257, 37.672681118765617 ], [ 140.101186102254758, 37.672572764308832 ], [ 140.101162773360215, 37.672535830364225 ], [ 140.101136384204381, 37.67249416252978 ], [ 140.101060278864168, 37.672385556772667 ], [ 140.101023057502857, 37.672319447180691 ], [ 140.101006109439794, 37.672261380799689 ], [ 140.101008899129226, 37.672178604554126 ], [ 140.101065821855798, 37.672088609426666 ], [ 140.101206948418962, 37.671985834797439 ], [ 140.101292225213086, 37.671863064985814 ], [ 140.10136305720053, 37.671705285197667 ], [ 140.101444167187623, 37.671652223214501 ], [ 140.101505005742467, 37.671643331664853 ], [ 140.101688877998441, 37.671632227231797 ], [ 140.10172443580916, 37.671603896721813 ], [ 140.101731676872618, 37.671536381768796 ], [ 140.101681941095109, 37.671491114097236 ], [ 140.101596665234013, 37.671463054095241 ], [ 140.101419728948372, 37.671395558349893 ], [ 140.101264174372659, 37.671265839364054 ], [ 140.101221660998476, 37.671169993901053 ], [ 140.10121443859515, 37.67104054542321 ], [ 140.101276385561732, 37.670906957692907 ], [ 140.101441379364189, 37.670764440797946 ], [ 140.101675005124804, 37.67057305799495 ], [ 140.101710277435529, 37.670533603043921 ], [ 140.101731676872618, 37.67044917093731 ], [ 140.101675272897666, 37.670358887694832 ], [ 140.101576677435787, 37.670303323912904 ], [ 140.101477492313791, 37.670291660856833 ], [ 140.101292492985948, 37.670302496382547 ], [ 140.101135276725671, 37.670303323912904 ], [ 140.101044440145813, 37.670279997800762 ], [ 140.10097360815837, 37.670246394785913 ], [ 140.100881395393941, 37.670167215976498 ], [ 140.100838881086759, 37.670088614197446 ], [ 140.100824722713099, 37.670018058830649 ], [ 140.100821111044951, 37.669906662359438 ], [ 140.100900828053312, 37.66967749967413 ], [ 140.101008613629233, 37.669531941565069 ], [ 140.101044440145813, 37.669473067661691 ], [ 140.101107494591105, 37.669453339786017 ], [ 140.101233888981653, 37.669431668734596 ], [ 140.101307779364447, 37.669385555125324 ], [ 140.101316110179482, 37.669338884493683 ], [ 140.101228348789078, 37.669227507230147 ], [ 140.101148613120557, 37.669139994693779 ], [ 140.101104723561804, 37.669052771873069 ], [ 140.10109916377607, 37.668932503059885 ], [ 140.101154728045174, 37.668760558416913 ], [ 140.101268626679683, 37.6685458302941 ], [ 140.10142471680112, 37.668338337859893 ], [ 140.101588047052985, 37.668169434431015 ], [ 140.101634727234199, 37.668064716626034 ], [ 140.10164000058694, 37.667979436981078 ], [ 140.101631936611739, 37.667894446251452 ], [ 140.101593321338726, 37.667808050961106 ], [ 140.10148637733468, 37.66771416868184 ], [ 140.101369993170863, 37.667606948277786 ], [ 140.101236679604114, 37.6675288867144 ], [ 140.101132219263349, 37.66749389754618 ], [ 140.101000568314191, 37.667487218879948 ], [ 140.100939997532208, 37.667487218879948 ], [ 140.100904457448593, 37.667509178046387 ], [ 140.100874154330484, 37.667563875082301 ], [ 140.100857778200407, 37.667668323979925 ], [ 140.100811117612324, 37.667733895757195 ], [ 140.100736943595592, 37.667790555976836 ], [ 140.10063527201126, 37.667823332261641 ], [ 140.100566676440366, 37.667840827245911 ], [ 140.100478895456831, 37.667840827245911 ], [ 140.100338895965479, 37.667793886106281 ], [ 140.100246664540947, 37.667736397555956 ], [ 140.100171667612443, 37.667667227542211 ], [ 140.100097491729684, 37.667619169956872 ], [ 140.100023335440056, 37.667606102340081 ], [ 140.099913602679578, 37.667599442881517 ], [ 140.099825554856181, 37.667606102340081 ], [ 140.099751398566553, 37.667638897032226 ], [ 140.099710280037101, 37.667708605660998 ], [ 140.099669179234752, 37.667771945347184 ], [ 140.099603335100028, 37.667831108165906 ], [ 140.099498893419423, 37.667874719176098 ], [ 140.099405554516153, 37.667898603911254 ], [ 140.099331397293525, 37.667898603911254 ], [ 140.099249177028724, 37.667896390227519 ], [ 140.09920249871351, 37.667911671528053 ], [ 140.099155838125455, 37.667953340162818 ], [ 140.099139175562357, 37.668030823895535 ], [ 140.099081662242696, 37.668430276163093 ], [ 140.099029441868879, 37.668611670978727 ], [ 140.098944433780645, 37.668701106682853 ], [ 140.098818056184228, 37.668806114203491 ], [ 140.098735551352434, 37.668847493122598 ], [ 140.098672495041143, 37.668858347855974 ], [ 140.098620274667326, 37.668858347855974 ], [ 140.098551677230432, 37.668827785254912 ], [ 140.098477503213672, 37.668806114203491 ], [ 140.098420009487143, 37.668795008970108 ], [ 140.09835943870516, 37.668797222653843 ], [ 140.098312777184077, 37.668808058179557 ], [ 140.098244162953051, 37.668840833664035 ], [ 140.098150841776913, 37.668904172549908 ], [ 140.098084998575217, 37.668915276982972 ], [ 140.097997218524654, 37.668923880417594 ], [ 140.097944997217866, 37.668895569915598 ], [ 140.097958602318641, 37.668813600392092 ], [ 140.097961391075074, 37.668641117134094 ], [ 140.097928604293656, 37.668536399329113 ], [ 140.097514163739362, 37.668048338087473 ], [ 140.096959721827716, 37.667467779919612 ], [ 140.096827783512538, 37.667356383448407 ], [ 140.09667417798741, 37.667303880088248 ], [ 140.096556114411896, 37.667275549578271 ], [ 140.096232224004439, 37.667263617614843 ], [ 140.096081103075619, 37.667243890539488 ], [ 140.095880836962408, 37.667036379697933 ], [ 140.095779435016965, 37.666988322112594 ], [ 140.095524157907533, 37.66691861188319 ], [ 140.095304442340847, 37.666892226149592 ], [ 140.095021669529842, 37.666888896820474 ], [ 140.094818328227205, 37.666923885988695 ], [ 140.094670283420811, 37.667030835884752 ], [ 140.094475272933238, 37.667218601243611 ], [ 140.094406675496344, 37.66725805619464 ], [ 140.094335272508886, 37.667273336694855 ], [ 140.09422555654254, 37.667279996153411 ], [ 140.09413221763927, 37.667297221430012 ], [ 140.094049711874476, 37.667349724790171 ], [ 140.094008627866259, 37.667458888369971 ], [ 140.093997508294791, 37.667541935123523 ], [ 140.093967491609675, 37.667676946622215 ], [ 140.093876673689977, 37.667705565247218 ], [ 140.09380528842965, 37.667688051055279 ], [ 140.09376416803417, 37.667637780586524 ], [ 140.09376693999647, 37.667565838266029 ], [ 140.093775002105644, 37.667550557765821 ], [ 140.093808057592923, 37.667489450971033 ], [ 140.093857508803438, 37.667399995258926 ], [ 140.093835554227496, 37.667355287010693 ], [ 140.093772499782204, 37.667335559935339 ], [ 140.093692782773843, 37.66728305577486 ], [ 140.093596939681134, 37.667134726159368 ], [ 140.093542216983906, 37.667075833848642 ], [ 140.093478893832753, 37.667060552548108 ], [ 140.093306105693983, 37.667060552548108 ], [ 140.093204435042651, 37.667064728615259 ], [ 140.093152214668862, 37.667082223599529 ], [ 140.093086389194269, 37.667139172734508 ], [ 140.093034168820452, 37.66720888136328 ], [ 140.092981947513664, 37.667246103422904 ], [ 140.09289693849243, 37.667248336314309 ], [ 140.092819993446369, 37.667228608438634 ], [ 140.092770542235854, 37.667189173495593 ], [ 140.092748607253043, 37.667071388073822 ], [ 140.092715838198728, 37.666903331382976 ], [ 140.092649726291171, 37.666814722408894 ], [ 140.092496103038911, 37.666692509619644 ], [ 140.092273612710869, 37.666574435282534 ], [ 140.092023898186198, 37.666484998778088 ], [ 140.091760559900592, 37.666426105667043 ], [ 140.091368053396081, 37.666353046900845 ], [ 140.090818886703204, 37.666322504307765 ], [ 140.090604711329092, 37.66632027141636 ], [ 140.090453609060404, 37.666309166182977 ], [ 140.090360287884266, 37.66628972722264 ], [ 140.090256113976523, 37.666226389137094 ], [ 140.090148883539484, 37.666188050631767 ], [ 140.090052771740886, 37.666192496406588 ], [ 140.089976113127818, 37.666207777707122 ], [ 140.089899167148758, 37.666268884501903 ], [ 140.089688049236969, 37.666295001328152 ], [ 140.089589168275097, 37.666323331838129 ], [ 140.089451937947047, 37.666378067289372 ], [ 140.089248615304541, 37.666471949568638 ], [ 140.089048348258359, 37.666476395343459 ], [ 140.088963321509993, 37.666419446208479 ], [ 140.088875273686597, 37.666259992952263 ], [ 140.088870018993987, 37.666039721816595 ], [ 140.088891954909798, 37.665828900053263 ], [ 140.088913890825609, 37.665767774851133 ], [ 140.088979716300202, 37.665641115486743 ], [ 140.088988064842368, 37.665529719015538 ], [ 140.089042770745493, 37.665461935155164 ], [ 140.08913056852316, 37.665403060451467 ], [ 140.089232221447332, 37.665361662324692 ], [ 140.089333892098665, 37.665344167340422 ], [ 140.089402505396663, 37.665322227381651 ], [ 140.089550838502049, 37.665193336726496 ], [ 140.089591956098502, 37.66511694863118 ], [ 140.089578332337595, 37.665054726191009 ], [ 140.089457497732781, 37.664989444129397 ], [ 140.089353056052175, 37.664971949145126 ], [ 140.089254156430144, 37.664996121194982 ], [ 140.089141652640365, 37.665033055139588 ], [ 140.089031937607018, 37.665050280416189 ], [ 140.088935844468551, 37.665015849070656 ], [ 140.088886395124064, 37.664928337334615 ], [ 140.088864439615094, 37.664810551112517 ], [ 140.088825824342081, 37.664775561944296 ], [ 140.088749164796013, 37.664758047752358 ], [ 140.088658328216184, 37.664742785659499 ], [ 140.088609165304689, 37.664738320677003 ], [ 140.088548613182837, 37.664736106993267 ], [ 140.088523887577566, 37.664753601977537 ], [ 140.088499162905322, 37.664806124545365 ], [ 140.088471666270749, 37.664851949239292 ], [ 140.088408611825486, 37.66485639501412 ], [ 140.088345558313193, 37.664788610353426 ], [ 140.08830166875444, 37.664673884553103 ], [ 140.088252217543925, 37.664612778558634 ], [ 140.088175557997857, 37.664553885447589 ], [ 140.088106943766832, 37.664453343709766 ], [ 140.088046372984849, 37.664368333772472 ], [ 140.088043890254568, 37.664294178568561 ], [ 140.088024438935065, 37.664134724512024 ], [ 140.087873621233342, 37.664029718592026 ], [ 140.08766584721684, 37.663947210453493 ], [ 140.087648326287791, 37.66394028208758 ], [ 140.087480830161866, 37.663927213670462 ], [ 140.087384720229295, 37.663941398533282 ], [ 140.087275005195949, 37.663987223227217 ], [ 140.087121398737821, 37.664094173923594 ], [ 140.087019729019516, 37.664155260710395 ], [ 140.086918056502185, 37.664142211500945 ], [ 140.086731379628674, 37.664118327566108 ], [ 140.086624452418732, 37.66411388179128 ], [ 140.086459726389137, 37.664105278356658 ], [ 140.08640750601532, 37.664087764965039 ], [ 140.086366388418867, 37.664028602146324 ], [ 140.086319726897784, 37.663899999606187 ], [ 140.086262213578124, 37.663860564663146 ], [ 140.086182497502762, 37.663866107676 ], [ 140.086094716519199, 37.663887778727421 ], [ 140.085993046800894, 37.663962222846671 ], [ 140.085899724691757, 37.664097503252719 ], [ 140.08583388242306, 37.66421111340766 ], [ 140.085724165523686, 37.664241656801053 ], [ 140.085683064721337, 37.664267773627301 ], [ 140.08565555129266, 37.664340003262495 ], [ 140.085611661733907, 37.664436119233486 ], [ 140.085551109612055, 37.664497225227947 ], [ 140.085460559465218, 37.664527767821028 ], [ 140.085331393112341, 37.664545282012966 ], [ 140.085262777948316, 37.664531945488818 ], [ 140.08517222686848, 37.664497225227947 ], [ 140.08509277763298, 37.664494992336543 ], [ 140.085034997473429, 37.664490565769391 ], [ 140.084974714057466, 37.664486100786903 ], [ 140.084914162868614, 37.664479711036009 ], [ 140.084873061133266, 37.664460003168323 ], [ 140.084856668209056, 37.664405286124428 ], [ 140.084878604124896, 37.664322509078545 ], [ 140.084944447326592, 37.664220832487665 ], [ 140.085068052960736, 37.664081105506483 ], [ 140.08515583394427, 37.664059164747385 ], [ 140.085323329137168, 37.664055007887903 ], [ 140.085411108254704, 37.664059164747385 ], [ 140.08544139457868, 37.664033067128813 ], [ 140.085413898877135, 37.663996114776857 ], [ 140.085334163208643, 37.663943611416698 ], [ 140.085164164759306, 37.663836661520634 ], [ 140.085117504171222, 37.663797225777273 ], [ 140.085106382733755, 37.663736100575143 ], [ 140.085117504171222, 37.663677226671766 ], [ 140.085158603107573, 37.663624723311607 ], [ 140.085208054318088, 37.663576665726268 ], [ 140.085232778990331, 37.663528608941256 ], [ 140.085202494532354, 37.663489442905565 ], [ 140.085139457814194, 37.663455569382727 ], [ 140.084963611280102, 37.663392230496854 ], [ 140.084798887116506, 37.663313610310453 ], [ 140.084672490859958, 37.663202233847237 ], [ 140.084510555452795, 37.663016662964452 ], [ 140.084475281276042, 37.662876935983263 ], [ 140.084444996818064, 37.662776375037772 ], [ 140.084384714335101, 37.662685822887944 ], [ 140.084310557112445, 37.662615824543515 ], [ 140.084173327717423, 37.662426116008916 ], [ 140.084200000507252, 37.66233082916893 ], [ 140.084321391183948, 37.66227555350202 ], [ 140.084365279809703, 37.662240545126132 ], [ 140.084392776444247, 37.662155554396513 ], [ 140.084447768780365, 37.661940286858361 ], [ 140.08457139307464, 37.661759162550716 ], [ 140.084642779267966, 37.661691397097691 ], [ 140.084664715183777, 37.661575554851666 ], [ 140.08470583278023, 37.66140749816082 ], [ 140.084770568503217, 37.661354167270297 ], [ 140.084652772700565, 37.66120056434962 ], [ 140.084535565625032, 37.661047211928945 ], [ 140.08442027214582, 37.661012221960405 ], [ 140.084316116898179, 37.660996941460191 ], [ 140.084230821443953, 37.660994726976135 ], [ 140.084101941524096, 37.661012221960405 ], [ 140.084027785234468, 37.661034162719503 ], [ 140.083950820595277, 37.661084452395919 ], [ 140.083871105452914, 37.661194714014073 ], [ 140.083832774746867, 37.66125583921621 ], [ 140.083788885188113, 37.661306109684958 ], [ 140.083690003293242, 37.661321390985492 ], [ 140.083436944873228, 37.661320833162804 ], [ 140.083239718495207, 37.661343062837233 ], [ 140.083127212839429, 37.661413060381342 ], [ 140.082990002104509, 37.661535273170593 ], [ 140.082951385898497, 37.661590008621836 ], [ 140.083003606272285, 37.661620552015229 ], [ 140.083140836600336, 37.661618339131813 ], [ 140.083297498654758, 37.661517778186322 ], [ 140.08339888287307, 37.661461117966681 ], [ 140.083459434994921, 37.661452225616713 ], [ 140.083533609011681, 37.661445836666147 ], [ 140.083599453146377, 37.661452225616713 ], [ 140.083668049650271, 37.661476399267215 ], [ 140.083703627054149, 37.661550554471127 ], [ 140.083711956936185, 37.661616106240409 ], [ 140.083668049650271, 37.661683890901102 ], [ 140.083481387704865, 37.661771113721812 ], [ 140.083363341856455, 37.661814726332643 ], [ 140.083313892511967, 37.661854161275684 ], [ 140.083289167839723, 37.661974160381199 ], [ 140.083313892511967, 37.662006955073345 ], [ 140.083376946024231, 37.66201777219171 ], [ 140.083503323620675, 37.661948043554951 ], [ 140.083577499503434, 37.661915287278134 ], [ 140.083643342705159, 37.661928335687264 ], [ 140.083709723318606, 37.661945541756197 ], [ 140.083754720356097, 37.662012498886526 ], [ 140.083739721343591, 37.662126954979179 ], [ 140.083703627054149, 37.662182787668456 ], [ 140.083670838406704, 37.662215544745592 ], [ 140.083618618032915, 37.662235271820947 ], [ 140.083585544818504, 37.662215544745592 ], [ 140.083574728474133, 37.662141389541681 ], [ 140.083536398701114, 37.662125838533477 ], [ 140.083484178327296, 37.662132497992033 ], [ 140.083426397234746, 37.662206672403613 ], [ 140.083308332726233, 37.66240971826268 ], [ 140.083289167839723, 37.662468881081402 ], [ 140.083366112885784, 37.662584164704413 ], [ 140.083349433528582, 37.66259305705438 ], [ 140.083294727625457, 37.662608337554595 ], [ 140.083108064747023, 37.662694445530235 ], [ 140.083039451449025, 37.66274916177381 ], [ 140.082976110570741, 37.662858344561279 ], [ 140.083067786856418, 37.663000554133554 ], [ 140.083161664104438, 37.663146111442302 ], [ 140.083169172007729, 37.663189723252813 ], [ 140.083126945066567, 37.663223327067975 ], [ 140.083086934948824, 37.663258894066878 ], [ 140.083069718179871, 37.66338945899043 ], [ 140.082992504427949, 37.663403334929917 ], [ 140.082915272015896, 37.66340722288205 ], [ 140.082965007793376, 37.663470561767916 ], [ 140.083079442906609, 37.663575550080886 ], [ 140.083179166373355, 37.663646663270377 ], [ 140.083206393369039, 37.663686387929083 ], [ 140.083179166373355, 37.66373777484354 ], [ 140.083109442797621, 37.663773322634768 ], [ 140.082980007738882, 37.663844725539917 ], [ 140.082885560423904, 37.66386637658335 ], [ 140.082810849928421, 37.663854733535267 ], [ 140.082738605369087, 37.663815008876561 ], [ 140.082711396100535, 37.663779442677985 ], [ 140.082721389533162, 37.663729999739594 ], [ 140.082815836848141, 37.663650820930179 ], [ 140.082840561520413, 37.663605265143602 ], [ 140.082800836902663, 37.663579457240687 ], [ 140.082736102112648, 37.663565541285223 ], [ 140.082698898478469, 37.663573606104819 ], [ 140.082563046201017, 37.663652226291227 ], [ 140.082344150747048, 37.663795262593538 ], [ 140.082275822949015, 37.663864433407603 ], [ 140.082313062037457, 37.664022771018445 ], [ 140.082318049890205, 37.664284998103575 ], [ 140.082268330906828, 37.664556117538673 ], [ 140.082258337474201, 37.664726388713582 ], [ 140.082265829516388, 37.664814457471998 ], [ 140.082228606289078, 37.664848042879818 ], [ 140.082136376730546, 37.66487388999839 ], [ 140.082091664260048, 37.664899448201623 ], [ 140.082069441911216, 37.664941116836388 ], [ 140.082024443940725, 37.665048048325104 ], [ 140.08200472578136, 37.665394168901827 ], [ 140.081947498894692, 37.665509723032834 ], [ 140.081972223566936, 37.665598889829603 ], [ 140.08200472578136, 37.665624717740506 ], [ 140.082059448478589, 37.665634456028187 ], [ 140.082101675419779, 37.665654434403862 ], [ 140.082146387890276, 37.665695832530638 ], [ 140.082166392482662, 37.665755283464378 ], [ 140.082176385915261, 37.665776935308131 ], [ 140.082226103965638, 37.665784999327414 ], [ 140.082288337365213, 37.66578888727954 ], [ 140.082365568844267, 37.66578888727954 ], [ 140.08242999947413, 37.665800838450636 ], [ 140.082489711890133, 37.665812772014704 ], [ 140.082522212238558, 37.66584833821328 ], [ 140.082546955570933, 37.665907769939352 ], [ 140.082561936856308, 37.666002787871989 ], [ 140.082596942327172, 37.66606389386645 ], [ 140.082671385049792, 37.666140281161447 ], [ 140.082793328999344, 37.666222770892631 ], [ 140.082880553911025, 37.666233336710675 ], [ 140.083019713696501, 37.666134161118237 ], [ 140.083129447389979, 37.666063066336086 ], [ 140.083231386747173, 37.665944164468613 ], [ 140.083308618226226, 37.665910560653451 ], [ 140.083383043221716, 37.665926381369324 ], [ 140.083402763247108, 37.66596804840345 ], [ 140.083397773528333, 37.666072785416098 ], [ 140.083395271204921, 37.666156102677647 ], [ 140.083422784633598, 37.666173885776935 ], [ 140.083457504604468, 37.666161953013187 ], [ 140.083514712831033, 37.66611639722661 ], [ 140.083564448608513, 37.666090839023376 ], [ 140.08361416665889, 37.666090839023376 ], [ 140.083726384015677, 37.666106658938936 ], [ 140.08388556705367, 37.666153060663227 ], [ 140.084024726839147, 37.666250004164581 ], [ 140.084196658477964, 37.666428068850777 ], [ 140.084363331692117, 37.666669722122521 ], [ 140.084462785520003, 37.666784447922844 ], [ 140.084589716389274, 37.666866398238689 ], [ 140.084711662204853, 37.666868611122105 ], [ 140.084918060036756, 37.66686056631049 ], [ 140.085005284948437, 37.66687638622605 ], [ 140.085067499687881, 37.666892226149592 ], [ 140.085102217792752, 37.666929717916886 ], [ 140.085089722036685, 37.666981393746681 ], [ 140.085052499742375, 37.667044731832235 ], [ 140.085064997364441, 37.667115846622366 ], [ 140.085067499687881, 37.667153607297017 ], [ 140.084940567885582, 37.667282228244495 ], [ 140.084636949843343, 37.667528617006724 ], [ 140.084445283251057, 37.667655005863125 ], [ 140.084256387688072, 37.667793327483267 ], [ 140.084081381792856, 37.668035000763005 ], [ 140.084057212259466, 37.668068603777847 ], [ 140.084046932393846, 37.668083616171032 ], [ 140.084127775541077, 37.66806221482728 ], [ 140.0841616539401, 37.66805472783836 ], [ 140.084447768780365, 37.667945833165909 ], [ 140.084659458625168, 37.667811380290232 ], [ 140.085169169406186, 37.667532504158537 ], [ 140.085306113301215, 37.667534448134603 ], [ 140.085763890141436, 37.667597787820789 ], [ 140.085898331713054, 37.667632218366002 ], [ 140.085987772515153, 37.667695557251868 ], [ 140.086102227221517, 37.667845830843426 ], [ 140.086239169250575, 37.668172494852783 ], [ 140.086209456725555, 37.668219993815107 ], [ 140.086050004048701, 37.66831110458795 ], [ 140.08603999382197, 37.668339724013265 ], [ 140.08605250823814, 37.668494173671974 ], [ 140.086000287864351, 37.668511956771262 ], [ 140.085948047897404, 37.668515825515726 ], [ 140.085893325200175, 37.66855139171431 ], [ 140.085888337347427, 37.668593060349075 ], [ 140.085935552141365, 37.66868417112191 ], [ 140.085963065570041, 37.668753321927994 ], [ 140.085953054410282, 37.668828612785276 ], [ 140.085900834036494, 37.668874167771534 ], [ 140.085816129175356, 37.668891950870822 ], [ 140.085696668889113, 37.668907771586696 ], [ 140.085604725763574, 37.668915547490961 ], [ 140.085522504565773, 37.668943338585599 ], [ 140.085462775355637, 37.669010565423598 ], [ 140.085425554927355, 37.669112492514479 ], [ 140.085425554927355, 37.669168055496087 ], [ 140.085477775301143, 37.66919361449964 ], [ 140.085544996553466, 37.669215554458411 ], [ 140.085649437301072, 37.669237226310152 ], [ 140.085753878981677, 37.669253046225705 ], [ 140.085831110460731, 37.669276950168538 ], [ 140.085898331713054, 37.669304433140162 ], [ 140.085948047897404, 37.669346120182283 ], [ 140.085970556679229, 37.669385555125324 ], [ 140.085943060977655, 37.66944889401119 ], [ 140.085895827523586, 37.669567777471322 ], [ 140.085810550729491, 37.66967749967413 ], [ 140.085757776149848, 37.66972721232019 ], [ 140.085731103360018, 37.669751384370052 ], [ 140.085705269343038, 37.669781947771433 ], [ 140.085689160985822, 37.669835278661957 ], [ 140.085713045952218, 37.669894441480679 ], [ 140.085767787309578, 37.669924445458733 ], [ 140.085828892704285, 37.66998027814801 ], [ 140.085826390380845, 37.67003139615511 ], [ 140.085780838204499, 37.670071678636511 ], [ 140.085671677377007, 37.670168889444575 ], [ 140.085624157489946, 37.670187770582217 ], [ 140.085568611880973, 37.6701786093249 ], [ 140.085525829800929, 37.670156110743115 ], [ 140.08543388574239, 37.670128338856152 ], [ 140.08528750262056, 37.670127222410443 ], [ 140.08522750563759, 37.67019138882668 ], [ 140.085248618641685, 37.670267776121676 ], [ 140.085337237465069, 37.670344164216992 ], [ 140.085554167074349, 37.670420840427326 ], [ 140.085719177670939, 37.670410274609289 ], [ 140.086034719536229, 37.670360561162909 ], [ 140.086086117931302, 37.670346126600407 ], [ 140.086183890481465, 37.670331942537906 ], [ 140.086332509086844, 37.670329441539472 ], [ 140.086510285078361, 37.670405001304104 ], [ 140.08667166721267, 37.670415566321822 ], [ 140.086718882006608, 37.670427499885889 ], [ 140.08675361877161, 37.670458331394308 ], [ 140.086835283897528, 37.670559162047475 ], [ 140.086858041792084, 37.670623616578723 ], [ 140.08686499642252, 37.670640553740299 ], [ 140.086893332762941, 37.670680007891015 ], [ 140.086909727553177, 37.670728334383703 ], [ 140.086950273216644, 37.670746119083631 ], [ 140.087115285679232, 37.670699446851351 ], [ 140.087268603838368, 37.670622789048359 ], [ 140.087288054224871, 37.670619171604223 ], [ 140.087324721380298, 37.670588339295485 ], [ 140.087344155905697, 37.670559162047475 ], [ 140.087344155905697, 37.670528329738737 ], [ 140.087325830725035, 37.670466107298566 ], [ 140.08725360575886, 37.670399996906269 ], [ 140.087197504078034, 37.670346397108396 ], [ 140.087162785973163, 37.670251956206116 ], [ 140.087162785973163, 37.67022360648847 ], [ 140.087162785973163, 37.670195546486482 ], [ 140.087162785973163, 37.670184171545429 ], [ 140.087150003784103, 37.670032224485794 ], [ 140.08719832698975, 37.669947771570875 ], [ 140.087318894754731, 37.66984638389534 ], [ 140.087373617451959, 37.669781389948746 ], [ 140.08737638848126, 37.66974139638269 ], [ 140.0873788908047, 37.66967749967413 ], [ 140.087396662712507, 37.66956666102562 ], [ 140.087428342015215, 37.669457786361157 ], [ 140.087463614325941, 37.66942389363065 ], [ 140.087506394539986, 37.669390270607821 ], [ 140.087676108422329, 37.669373334246558 ], [ 140.087874444145086, 37.669390270607821 ], [ 140.088029998720799, 37.669446392212436 ], [ 140.088072778934816, 37.66942389363065 ], [ 140.088143610922288, 37.669333898503197 ], [ 140.088249447447623, 37.669311380713744 ], [ 140.088334724241719, 37.669305838501209 ], [ 140.088553887468578, 37.669457786361157 ], [ 140.08857471403968, 37.669519719885983 ], [ 140.088567492569354, 37.66967749967413 ], [ 140.088550275800401, 37.669784718477544 ], [ 140.088544447308806, 37.669964727139806 ], [ 140.088591394329882, 37.670059995572444 ], [ 140.088666676758351, 37.670133323245992 ], [ 140.088844435955735, 37.670334156221642 ], [ 140.088847778918023, 37.670388333850198 ], [ 140.088834174750247, 37.670494168100873 ], [ 140.088776107224732, 37.670716941835622 ], [ 140.088635839027518, 37.67106999157857 ], [ 140.088519722636562, 37.671167761809969 ], [ 140.088430834174289, 37.671200287594765 ], [ 140.088353047556382, 37.671192781398176 ], [ 140.088253059115772, 37.671146109966216 ], [ 140.088215282615607, 37.671064448565716 ], [ 140.088161667397088, 37.670939156147028 ], [ 140.088154713699652, 37.670860286260947 ], [ 140.088182780401183, 37.670782224697554 ], [ 140.088197780346661, 37.670734166311895 ], [ 140.088183050040044, 37.67065750930923 ], [ 140.088062785502188, 37.670623616578723 ], [ 140.087977491913989, 37.670623616578723 ], [ 140.087887495040007, 37.670639167586927 ], [ 140.087828891968741, 37.670741941415841 ], [ 140.087758043187137, 37.670854435125079 ], [ 140.08770971904849, 37.670902493510738 ], [ 140.087641945456312, 37.670987502647705 ], [ 140.087633041775291, 37.671025841153032 ], [ 140.087658606153383, 37.671079999573919 ], [ 140.087687227993797, 37.671119453724629 ], [ 140.087743882947507, 37.671175825829252 ], [ 140.087758043187137, 37.671196958265647 ], [ 140.087743043241659, 37.67122582659033 ], [ 140.087687227993797, 37.67125332956995 ], [ 140.087622494136809, 37.671243609689625 ], [ 140.087601397926846, 37.671248325172115 ], [ 140.08756222844795, 37.671289165476203 ], [ 140.087574170931163, 37.671326387535828 ], [ 140.087595265275127, 37.67135500616083 ], [ 140.087715565267217, 37.671479990456504 ], [ 140.08782749712401, 37.671566116839493 ], [ 140.087911380006403, 37.671666677784991 ], [ 140.087973897972944, 37.671754997843735 ], [ 140.088005827321382, 37.671818067822251 ], [ 140.088048608468426, 37.671857501964972 ], [ 140.088190002804481, 37.671902499928862 ], [ 140.088331666779425, 37.671924998510647 ], [ 140.088360002186818, 37.672011663508663 ], [ 140.08832083364095, 37.672098328506678 ], [ 140.08833499201458, 37.672123059979867 ], [ 140.088375288565317, 37.672129160815416 ], [ 140.088463604161603, 37.67213166341449 ], [ 140.088499448405315, 37.672150274044142 ], [ 140.088615279296278, 37.672184165974329 ], [ 140.088714714464004, 37.672202776603982 ], [ 140.088741387253833, 37.672200832627915 ], [ 140.088763323169644, 37.672176101955046 ], [ 140.088765845086215, 37.672138341280402 ], [ 140.088752222258307, 37.672073885948826 ], [ 140.08870277198082, 37.672028330962569 ], [ 140.088726656947216, 37.671997228946161 ], [ 140.0887719413507, 37.671971112119913 ], [ 140.088841933632324, 37.671958891241147 ], [ 140.088924724897083, 37.671943051317605 ], [ 140.089040552989047, 37.671908062149384 ], [ 140.089217507934848, 37.671818067822251 ], [ 140.089352216346299, 37.671756113489117 ], [ 140.089508056422005, 37.671744720941035 ], [ 140.089557774472382, 37.671761656501971 ], [ 140.089593333216101, 37.671773050650692 ], [ 140.089692500610965, 37.671835003383187 ], [ 140.08971388325395, 37.671857501964972 ], [ 140.089758058312697, 37.671939991696156 ], [ 140.089727772921719, 37.672082778298794 ], [ 140.089727772921719, 37.672122213241835 ], [ 140.089777223199206, 37.672189997902528 ], [ 140.089869453690767, 37.672167229613073 ], [ 140.09011722103088, 37.67214471182362 ], [ 140.090216944497627, 37.672178604554126 ], [ 140.09029417597668, 37.672231395228984 ], [ 140.090410273707505, 37.6724169469041 ], [ 140.090530555039464, 37.672467507088513 ], [ 140.090663332127491, 37.67257861464438 ], [ 140.090691382034919, 37.672690837845629 ], [ 140.090650566732563, 37.672768053471309 ], [ 140.090641109778687, 37.6728858396934 ], [ 140.090684445131586, 37.67295583723751 ], [ 140.090726941711637, 37.672972774399085 ], [ 140.090788600379199, 37.672989441852991 ], [ 140.09087999303091, 37.672988054899299 ], [ 140.090993337459565, 37.672914728026072 ], [ 140.091050832119095, 37.672838320723088 ], [ 140.0910911100097, 37.672748614510972 ], [ 140.0910911100097, 37.672718322417893 ], [ 140.09111667438782, 37.672640567376874 ], [ 140.091166393371196, 37.672612506574566 ], [ 140.091225836148311, 37.672621378916539 ], [ 140.09125889256859, 37.672638335285789 ], [ 140.091346940392015, 37.672716396849175 ], [ 140.09135777353049, 37.672723345223076 ], [ 140.09138721828262, 37.672726943459551 ], [ 140.091413605572455, 37.672722498485044 ], [ 140.091413605572455, 37.672696669773821 ], [ 140.091348335236717, 37.672569164471724 ], [ 140.091265560766061, 37.672473607924061 ], [ 140.091179444266118, 37.672417505527108 ], [ 140.091105001543497, 37.672368890119081 ], [ 140.091018062131809, 37.672362789283532 ], [ 140.090934447955277, 37.672359170238757 ], [ 140.090861667850248, 37.672381380705517 ], [ 140.09075139674502, 37.672411655191567 ], [ 140.090684445131586, 37.672381380705517 ], [ 140.09062861402262, 37.672348065805693 ], [ 140.090599454770484, 37.672263055868406 ], [ 140.090599454770484, 37.672246119507143 ], [ 140.090592213707026, 37.672088609426666 ], [ 140.090648887320867, 37.672009449824927 ], [ 140.090684445131586, 37.671992782371014 ], [ 140.090728067850478, 37.671965569907378 ], [ 140.090803618051837, 37.671961392239588 ], [ 140.090939452602157, 37.672009449824927 ], [ 140.09098221602207, 37.67202082476598 ], [ 140.091060002639978, 37.67202082476598 ], [ 140.09122306511901, 37.671998326184195 ], [ 140.091322215719742, 37.672054717496479 ], [ 140.091393064501347, 37.672110838300782 ], [ 140.091481935236487, 37.672173042333597 ], [ 140.091544166770035, 37.672192499701282 ], [ 140.091646945833048, 37.672216672551464 ], [ 140.091744720249238, 37.672208608532181 ], [ 140.091834161984337, 37.67222473737106 ], [ 140.091853898803834, 37.672240557286621 ], [ 140.091880554799559, 37.672272774948411 ], [ 140.09188833140874, 37.6722975064216 ], [ 140.091881948711261, 37.672323335132823 ], [ 140.091858046017734, 37.672356669240315 ], [ 140.091647500971931, 37.672378320283755 ], [ 140.091581389064345, 37.67240693970907 ], [ 140.091556395686212, 37.672451397457294 ], [ 140.091558058303804, 37.672499455842953 ], [ 140.091646945833048, 37.672623053985255 ], [ 140.091689727913121, 37.672644994744346 ], [ 140.091733331038881, 37.672646111190048 ], [ 140.091759718328717, 37.672621378916539 ], [ 140.091881948711261, 37.672482769181379 ], [ 140.092037771059836, 37.672443333438018 ], [ 140.0922930640304, 37.672443333438018 ], [ 140.092328338207125, 37.672460270599593 ], [ 140.092506936177386, 37.672596936358694 ], [ 140.092550272463285, 37.672609177245441 ], [ 140.09273026341225, 37.672620282478825 ], [ 140.092887767038519, 37.672748056688278 ], [ 140.092916389811933, 37.672769727739698 ], [ 140.092973330265608, 37.672781102680752 ], [ 140.09300806609761, 37.672755005062179 ], [ 140.093030002013421, 37.672696939481497 ], [ 140.093030002013421, 37.672539178901012 ], [ 140.093043892614219, 37.672465832019796 ], [ 140.093114724601662, 37.672426397076755 ], [ 140.093157505748707, 37.672415273436023 ], [ 140.093604162084461, 37.67244889565854 ], [ 140.09371166122736, 37.672549995219057 ], [ 140.093864998979626, 37.673321108659543 ], [ 140.093857508803438, 37.673358061811818 ], [ 140.09382055521499, 37.673391664826667 ], [ 140.09363360683659, 37.67341472203146 ], [ 140.093541948278016, 37.673462220993784 ], [ 140.093490568543075, 37.673513608708561 ], [ 140.093476391509313, 37.673552773943932 ], [ 140.093462231269655, 37.673603603035694 ], [ 140.09346945553898, 37.673643057186403 ], [ 140.093511949320032, 37.673699448498695 ], [ 140.093709998609796, 37.67381221111529 ], [ 140.09379500856403, 37.673890831301691 ], [ 140.093885004505012, 37.67398860153309 ], [ 140.093979434092859, 37.674076652684477 ], [ 140.094051660925061, 37.674074727916079 ], [ 140.09408972105922, 37.674050843180922 ], [ 140.094078601487752, 37.673969720395441 ], [ 140.094033889017226, 37.673902224650092 ], [ 140.094021946534042, 37.673783880605306 ], [ 140.09406555152583, 37.673781109098876 ], [ 140.094248618597192, 37.673766944244051 ], [ 140.094276955870612, 37.673733051513544 ], [ 140.094305272617902, 37.673665555768189 ], [ 140.094276955870612, 37.673581104453909 ], [ 140.094241664899755, 37.673552773943932 ], [ 140.094085556118188, 37.673440281035013 ], [ 140.094048049256884, 37.673361660048293 ], [ 140.094037787118395, 37.673318895776127 ], [ 140.094029152143236, 37.673278324379396 ], [ 140.094057237504899, 37.673147220840818 ], [ 140.094158067517355, 37.673043330566209 ], [ 140.094184991285914, 37.672974159752144 ], [ 140.094206105223009, 37.672838320723088 ], [ 140.094248618597192, 37.672753061086112 ], [ 140.094376104605374, 37.672668609771833 ], [ 140.094440000622512, 37.672657503738129 ], [ 140.094510830743957, 37.672668609771833 ], [ 140.094688052529619, 37.672769727739698 ], [ 140.094765820487396, 37.672831931772521 ], [ 140.094869725689279, 37.672910551158601 ], [ 140.094921947929095, 37.6729502758173 ], [ 140.094957220239849, 37.672972774399085 ], [ 140.09502111439096, 37.672989441852991 ], [ 140.095148600399114, 37.673011940434776 ], [ 140.095425007306773, 37.672978335819295 ], [ 140.09558111608834, 37.672995003273201 ], [ 140.095651948075812, 37.673057225713364 ], [ 140.095703615176774, 37.673138617406195 ], [ 140.09570944273537, 37.673221953075092 ], [ 140.095713895042394, 37.673250553292746 ], [ 140.09570694041193, 37.673290276350805 ], [ 140.095658044340297, 37.673396669224495 ], [ 140.095630280865862, 37.673441108565378 ], [ 140.095566671281716, 37.673485278198577 ], [ 140.095337765600988, 37.673637783881219 ], [ 140.095156395668425, 37.673873894940428 ], [ 140.095120281785853, 37.673936117380599 ], [ 140.095002772416194, 37.674178059567687 ], [ 140.094975275781621, 37.674200000326778 ], [ 140.09493805535331, 37.67421416518161 ], [ 140.094889445714671, 37.674220824640166 ], [ 140.09482278053423, 37.674206390077664 ], [ 140.09463833634527, 37.674015006474349 ], [ 140.094537773172675, 37.673990834424494 ], [ 140.094461381399469, 37.674003613125947 ], [ 140.094407784841081, 37.674095552229467 ], [ 140.094404440945766, 37.674206390077664 ], [ 140.094411948849086, 37.674228330836755 ], [ 140.094433045992048, 37.674296384404798 ], [ 140.094449171143395, 37.674425833682967 ], [ 140.094445273975253, 37.674440846076145 ], [ 140.094434725403744, 37.674488883653495 ], [ 140.094400829277618, 37.6745083418215 ], [ 140.09432804917256, 37.674527222158822 ], [ 140.094270001240176, 37.674556399406839 ], [ 140.094226397181387, 37.674582497025412 ], [ 140.094219995823806, 37.6746922184279 ], [ 140.094254160655822, 37.674810832180356 ], [ 140.094301948315746, 37.674892493580863 ], [ 140.094446953386949, 37.675090824757753 ], [ 140.094609998138822, 37.675377783316073 ], [ 140.09462415837848, 37.675682218451321 ], [ 140.094651118534301, 37.675719997533314 ], [ 140.094708058988004, 37.675751118757397 ], [ 140.094801397891274, 37.675744171183815 ], [ 140.095258888298474, 37.675395836123037 ], [ 140.09531611518517, 37.675379169469451 ], [ 140.095382494865618, 37.675377783316073 ], [ 140.095509999533903, 37.67549610815319 ], [ 140.095573607252021, 37.6756708243026 ], [ 140.095601390319587, 37.675935284279134 ], [ 140.095591109520967, 37.67617166504602 ], [ 140.095594721189116, 37.676313066295599 ], [ 140.095623058462536, 37.67647638829628 ], [ 140.095665553176588, 37.676516111354346 ], [ 140.09585305482787, 37.676551101322886 ], [ 140.096105273542008, 37.676625006026789 ], [ 140.096239713247599, 37.676679164447677 ], [ 140.09687054693245, 37.67699472322365 ], [ 140.097026387008157, 37.67712444140917 ], [ 140.097126930587621, 37.677236934318088 ], [ 140.097175003747509, 37.677327238368875 ], [ 140.097295553785358, 37.677710273682528 ], [ 140.097465554100694, 37.677986396715141 ], [ 140.097571657465892, 37.678127220134044 ], [ 140.097614457273068, 37.678115845192991 ], [ 140.097869714789397, 37.677738333684523 ], [ 140.09807500514259, 37.677546950881528 ], [ 140.098521392772454, 37.677265284035741 ], [ 140.09860666956655, 37.677203331303247 ], [ 140.098726950898509, 37.677135566650541 ], [ 140.098981940641949, 37.676938601619035 ], [ 140.099336671579266, 37.676566671538758 ], [ 140.099442774944464, 37.67647638829628 ] ], [ [ 140.092951107916804, 37.669579729442731 ], [ 140.092822227996919, 37.669561675835453 ], [ 140.09275833197978, 37.669490562645962 ], [ 140.09275833197978, 37.6693450045369 ], [ 140.092800845353963, 37.66925500940944 ], [ 140.092863328799268, 37.669163051898572 ], [ 140.092942222895914, 37.669108604562346 ], [ 140.093013054883357, 37.669108604562346 ], [ 140.093060286471427, 37.669122499709509 ], [ 140.093083618164968, 37.669159163946439 ], [ 140.093175830929397, 37.669322505955115 ], [ 140.093168054320216, 37.669397776804409 ], [ 140.093140558618643, 37.669446392212436 ], [ 140.093075822895656, 37.669508614652599 ], [ 140.093004990908184, 37.669556941945608 ], [ 140.092951107916804, 37.669579729442731 ] ], [ [ 140.084974158918584, 37.666000286073235 ], [ 140.085112228952482, 37.665919433795743 ], [ 140.085282783473701, 37.665792505524003 ], [ 140.085366395784206, 37.66573193814456 ], [ 140.085413612444142, 37.665717503582059 ], [ 140.085511654633166, 37.665703068219237 ], [ 140.085609443977432, 37.66571444316029 ], [ 140.085769163494177, 37.66576944831921 ], [ 140.085914455931373, 37.665850282189346 ], [ 140.085954163755019, 37.665890544662751 ], [ 140.085961386158317, 37.665922493417192 ], [ 140.085921680200698, 37.666017780257185 ], [ 140.085899724691757, 37.666078328428952 ], [ 140.085885261225002, 37.666136105094296 ], [ 140.085827213292589, 37.666185279125337 ], [ 140.085671123171153, 37.666202504401937 ], [ 140.085587508994621, 37.666205544815718 ], [ 140.085478615006991, 37.666176657283366 ], [ 140.085398898931629, 37.666173616869585 ], [ 140.08528639514185, 37.666185279125337 ], [ 140.08517750115422, 37.66621110783656 ], [ 140.085086664574391, 37.666254449139082 ], [ 140.085010559234178, 37.666306664384223 ], [ 140.084974158918584, 37.666309454298002 ], [ 140.084930555792823, 37.666297772834575 ], [ 140.084894158276256, 37.666245827297111 ], [ 140.084861655128805, 37.666150559664786 ], [ 140.08487611859556, 37.666084160357151 ], [ 140.084912500251022, 37.666029155198238 ], [ 140.084974158918584, 37.666000286073235 ] ], [ [ 140.086763057065355, 37.664816383040716 ], [ 140.086559161556863, 37.664658334345219 ], [ 140.08654721907368, 37.664560005490806 ], [ 140.086571945611922, 37.664484176018505 ], [ 140.086684735834694, 37.664457212454231 ], [ 140.086851391321744, 37.664458617815271 ], [ 140.087000277700014, 37.664536660971315 ], [ 140.087019995859379, 37.664560005490806 ], [ 140.0870316715027, 37.664611662112932 ], [ 140.087027773401559, 37.664642783337015 ], [ 140.087025288805251, 37.664686933762546 ], [ 140.08701611735134, 37.664723886114501 ], [ 140.086976679166611, 37.664776947297355 ], [ 140.086940279784017, 37.664805277807332 ], [ 140.086853893645184, 37.664822214968915 ], [ 140.086763057065355, 37.664816383040716 ] ], [ [ 140.08722138904443, 37.665550004713907 ], [ 140.087279723409836, 37.665541113164259 ], [ 140.087395839800763, 37.665550004713907 ], [ 140.087493881989815, 37.6655902871953 ], [ 140.087570004124132, 37.665653875780855 ], [ 140.08762084831335, 37.665697237091365 ], [ 140.087642785162188, 37.66574639191473 ], [ 140.087639173494011, 37.665829996490977 ], [ 140.087613607249892, 37.66587611010025 ], [ 140.087555540657377, 37.665902226926491 ], [ 140.087388617397465, 37.665948340535763 ], [ 140.08722138904443, 37.665977229668755 ], [ 140.087159728510841, 37.665971666647913 ], [ 140.087101661918325, 37.665928325345391 ], [ 140.087076114334337, 37.665870548680047 ], [ 140.087076114334337, 37.665812772014704 ], [ 140.087101661918325, 37.665694176669597 ], [ 140.087148894439366, 37.665601950251371 ], [ 140.08722138904443, 37.665550004713907 ] ], [ [ 140.097061105113028, 37.668684728144285 ], [ 140.097113611919809, 37.668653338012859 ], [ 140.097197781235195, 37.668630551316049 ], [ 140.097279447294142, 37.668636651351278 ], [ 140.097355550768356, 37.668672219150501 ], [ 140.097410829537466, 37.668724452802984 ], [ 140.097431675701699, 37.668785269882115 ], [ 140.097423897226491, 37.66886889446635 ], [ 140.097389715600372, 37.668929442638117 ], [ 140.097303062621677, 37.668983601059004 ], [ 140.097155822066895, 37.669048615013587 ], [ 140.097071671411641, 37.669065281667173 ], [ 140.097021666928271, 37.66905694794022 ], [ 140.096984999772815, 37.669031947559681 ], [ 140.096982211016382, 37.669002500603995 ], [ 140.096987503962254, 37.66896500963702 ], [ 140.097029712243312, 37.668841661194399 ], [ 140.097040277608926, 37.668791390725644 ], [ 140.097042779932366, 37.668726665686407 ], [ 140.097061105113028, 37.668684728144285 ] ] ], [ [ [ 140.009690972845306, 37.624999999720821 ], [ 140.009692916297837, 37.62499797251153 ], [ 140.009738306131055, 37.624950777670612 ], [ 140.009780250371278, 37.624931611619225 ], [ 140.009834138960713, 37.62491744436344 ], [ 140.009885250922792, 37.624891056228883 ], [ 140.009927195163016, 37.624853000236335 ], [ 140.009975250595801, 37.624824388814211 ], [ 140.010077193684992, 37.624793277193973 ], [ 140.010143027556637, 37.624769388457217 ], [ 140.01016108123244, 37.62473133246467 ], [ 140.010136915431076, 37.624697999957817 ], [ 140.010109971136359, 37.62467161182326 ], [ 140.010047192861009, 37.624659667855042 ], [ 140.010005250486785, 37.624635777517646 ], [ 140.009978027223127, 37.624614388979012 ], [ 140.00991219428451, 37.624602443410154 ], [ 140.009822194611502, 37.624602443410154 ], [ 140.009786360630841, 37.624588276954682 ], [ 140.009774138245689, 37.624549943251274 ], [ 140.009780250371278, 37.624509388661252 ], [ 140.009816082485912, 37.624485777635364 ], [ 140.009874694887259, 37.624463000542391 ], [ 140.010034693372916, 37.624398556415294 ], [ 140.010078859101611, 37.624372167480416 ], [ 140.010141917278929, 37.624314389214433 ], [ 140.010251081838447, 37.624208000342342 ], [ 140.010359137986228, 37.624116332547132 ], [ 140.010417749454575, 37.624083832372555 ], [ 140.010492750115077, 37.624053277774685 ], [ 140.010548027951188, 37.624043556293721 ], [ 140.010617471624982, 37.624024111731146 ], [ 140.010682750357745, 37.623979389077171 ], [ 140.010714694634288, 37.623939111397689 ], [ 140.010804137302415, 37.623799389218419 ], [ 140.010909137853929, 37.623628556219231 ], [ 140.010923028454698, 37.623613555830843 ], [ 140.010944138659767, 37.623590499426363 ], [ 140.010971638093366, 37.623549943235702 ], [ 140.011027472001331, 37.623449111782222 ], [ 140.011070528385289, 37.623324388390699 ], [ 140.01103330609098, 37.623301611297727 ], [ 140.010983306272635, 37.623292999859906 ], [ 140.010961637196687, 37.62329827716669 ], [ 140.010938582606059, 37.623311611289886 ], [ 140.010824694234628, 37.623373556019182 ], [ 140.010594971240209, 37.623377999393043 ], [ 140.010499416446521, 37.623403556795957 ], [ 140.010391916370594, 37.623429944130194 ], [ 140.01029858213235, 37.623425222245146 ], [ 140.010252166925, 37.62339411142522 ], [ 140.010181331205501, 37.623341888977208 ], [ 140.010163556498668, 37.623329111076067 ], [ 140.01015022290278, 37.623321611282037 ], [ 140.010130501011389, 37.623305500050179 ], [ 140.010034944351673, 37.623218277229469 ], [ 140.010014110316519, 37.623197722623757 ], [ 140.009960499763025, 37.623147722662992 ], [ 140.009926610167923, 37.623057167311885 ], [ 140.00994161011343, 37.622988000499419 ], [ 140.009959388552289, 37.622959667588482 ], [ 140.009972166076295, 37.622934388696756 ], [ 140.00997911044368, 37.622904944142029 ], [ 140.009973831492914, 37.622901056189896 ], [ 140.009878278565225, 37.622867444371536 ], [ 140.009815222253934, 37.622838832149093 ], [ 140.009779388273273, 37.622807999840354 ], [ 140.009749388382289, 37.622760222366843 ], [ 140.009719388491277, 37.622741056315455 ], [ 140.009695222689913, 37.622736332829767 ], [ 140.009668278395196, 37.622753000283673 ], [ 140.009617444469058, 37.622796055872136 ], [ 140.009569388103273, 37.622814944212656 ], [ 140.009515499513839, 37.622819943808572 ], [ 140.009431332064452, 37.622810222327608 ], [ 140.009356609439891, 37.622786331990213 ], [ 140.009278555049121, 37.622767443649693 ], [ 140.009200499725324, 37.622767443649693 ], [ 140.009146609269891, 37.622776888220109 ], [ 140.009086609487866, 37.622757722168721 ], [ 140.009029944271106, 37.622731611745039 ], [ 140.008966888892814, 37.622695777439425 ], [ 140.008894943828608, 37.622679111586159 ], [ 140.008777999860882, 37.622657723047517 ], [ 140.008736055620659, 37.622636055997695 ], [ 140.008724110338449, 37.622607443775252 ], [ 140.008682166098225, 37.622564667498295 ], [ 140.00864022185803, 37.622545500646588 ], [ 140.008601055178161, 37.62253355667837 ], [ 140.008595221088513, 37.622502721968679 ], [ 140.008601055178161, 37.622426333073037 ], [ 140.008577165546711, 37.62240966721977 ], [ 140.008547165655727, 37.622419111790194 ], [ 140.008508277011799, 37.622447722411998 ], [ 140.008475221524492, 37.622498000083624 ], [ 140.008442165104213, 37.622531331790164 ], [ 140.008355222893499, 37.622574111268399 ], [ 140.008349943942733, 37.622575611067141 ], [ 140.008333332695003, 37.62258033215187 ], [ 140.008262444727137, 37.622600500203269 ], [ 140.008064387973349, 37.622688556156575 ], [ 140.007944110373387, 37.622715777423728 ], [ 140.007866332152531, 37.622725499705012 ], [ 140.00774633165554, 37.62271827762185 ], [ 140.007620499867897, 37.622694361674228 ], [ 140.007554387960312, 37.622668250450225 ], [ 140.00747938729981, 37.622601306125006 ], [ 140.007401610944953, 37.622510749973578 ], [ 140.007362443332084, 37.622432138590696 ], [ 140.007326610284451, 37.62229605626451 ], [ 140.007284638054045, 37.622246056303752 ], [ 140.007176859009178, 37.622196027531487 ], [ 140.007143806320897, 37.622172137994411 ], [ 140.007131859172659, 37.622136306089757 ], [ 140.007122972285742, 37.622100499795323 ], [ 140.007092972394759, 37.622076582247068 ], [ 140.006934082320811, 37.622036027657046 ], [ 140.006891860044647, 37.622017138516206 ], [ 140.006864916682957, 37.621978805613111 ], [ 140.006832138298591, 37.621950193390667 ], [ 140.006774916076949, 37.621931306650787 ], [ 140.006685193506883, 37.621904916915597 ], [ 140.006637138074069, 37.621885749263569 ], [ 140.006604081653791, 37.621842972186293 ], [ 140.006574081762778, 37.621785750142365 ], [ 140.006538249648145, 37.621752417635513 ], [ 140.006472137740559, 37.621726027900316 ], [ 140.006406306667941, 37.621676027139237 ], [ 140.006397137080057, 37.62163797274733 ], [ 140.006397137080057, 37.621611582211813 ], [ 140.006373249314635, 37.621580749903082 ], [ 140.006328250411144, 37.621559082853253 ], [ 140.006250750226229, 37.621541027645335 ], [ 140.006190750444233, 37.62150991762573 ], [ 140.006157694023926, 37.621467138947814 ], [ 140.006094637712636, 37.621436027327576 ], [ 140.00602880570699, 37.62137880688428 ], [ 140.005998805816006, 37.621316861354664 ], [ 140.00597769374491, 37.621276305964322 ], [ 140.005908805209998, 37.621192972696385 ], [ 140.005854915687564, 37.621128805479835 ], [ 140.005821859267257, 37.621100194057703 ], [ 140.005776859430767, 37.621073805923153 ], [ 140.005755749225699, 37.621033249732491 ], [ 140.005752970732317, 37.62094019418327 ], [ 140.005773805700471, 37.620916583157374 ], [ 140.005800749062189, 37.62090686087609 ], [ 140.005836859212764, 37.620911582761138 ], [ 140.005917693962914, 37.620930750413166 ], [ 140.006124638536647, 37.621021332174813 ], [ 140.006181582722348, 37.62104049982684 ], [ 140.006211582613361, 37.621043000024962 ], [ 140.006220750335217, 37.621002443033973 ], [ 140.006193528004559, 37.620968832015933 ], [ 140.006112694187436, 37.620928556737418 ], [ 140.006106582061847, 37.620890223034003 ], [ 140.006130749729209, 37.620861610811559 ], [ 140.006160749620221, 37.620837722875123 ], [ 140.006133806258504, 37.620811610850801 ], [ 140.006085749892719, 37.620804388767631 ], [ 140.006007693635922, 37.620809111452999 ], [ 140.005958806894341, 37.620807167476933 ], [ 140.005898806179317, 37.620795222708395 ], [ 140.005817972362166, 37.620788250324914 ], [ 140.005769916929381, 37.620792973010282 ], [ 140.005731305388395, 37.620792973010282 ], [ 140.005689360215172, 37.62077852724331 ], [ 140.005656305660892, 37.620747694134252 ], [ 140.00562630576988, 37.620680750609353 ], [ 140.005590193753306, 37.620621306078171 ], [ 140.00554547101973, 37.620561583035801 ], [ 140.005524359881662, 37.620482972453239 ], [ 140.005530471074223, 37.620399388685293 ], [ 140.005542415423463, 37.620275500027013 ], [ 140.005566305987884, 37.620208556502114 ], [ 140.005575471843741, 37.62001800042917 ], [ 140.005587415259953, 37.619982166923876 ], [ 140.00562630576988, 37.619886611176533 ], [ 140.005635193589796, 37.619829388332285 ], [ 140.005632416029471, 37.619767443602981 ], [ 140.005615471698405, 37.619664388861928 ], [ 140.005624638487262, 37.619566611427651 ], [ 140.005648528118712, 37.619518832353499 ], [ 140.005681582672992, 37.619454667537909 ], [ 140.005693527955202, 37.619402167379029 ], [ 140.00568741676264, 37.619247167100504 ], [ 140.005705472304413, 37.619187444058134 ], [ 140.005771306176058, 37.619094388508913 ], [ 140.005807387403451, 37.61899688878551 ], [ 140.005816277089366, 37.618913556317892 ], [ 140.005831277967872, 37.618703277171178 ], [ 140.005852387239941, 37.618586332885201 ], [ 140.005879331534658, 37.618486056053129 ], [ 140.005915443551231, 37.618431332606676 ], [ 140.005993221772087, 37.618326332288916 ], [ 140.00603516601231, 37.618290499583942 ], [ 140.0060801658488, 37.618254667679288 ], [ 140.006092110198011, 37.618207167116324 ], [ 140.00608627797439, 37.618176055496086 ], [ 140.006023221663099, 37.61812605633564 ], [ 140.005984332086172, 37.618111611368988 ], [ 140.005933221990091, 37.618118832651831 ], [ 140.005813499529012, 37.618140222791112 ], [ 140.005753498814016, 37.618140222791112 ], [ 140.005721831640386, 37.618132443685568 ], [ 140.005690443435725, 37.618111611368988 ], [ 140.005685166350958, 37.61806800035879 ], [ 140.005684331310135, 37.618061611408223 ], [ 140.005705443381231, 37.618021056017881 ], [ 140.005744332025159, 37.617987721910382 ], [ 140.005750443217721, 37.617961332175192 ], [ 140.005732387675948, 37.617939943636557 ], [ 140.005708498977498, 37.617930499866453 ], [ 140.005630442720701, 37.617935222551822 ], [ 140.005564610715084, 37.617935222551822 ], [ 140.005531556160804, 37.617913832412547 ], [ 140.00545572139248, 37.617841333069684 ], [ 140.005425721501467, 37.617772167057531 ], [ 140.005425721501467, 37.617648000688384 ], [ 140.00538683192454, 37.617641056316081 ], [ 140.00530266540818, 37.617648000688384 ], [ 140.005239887132831, 37.617636056720166 ], [ 140.005185721440455, 37.617593277241937 ], [ 140.005152944922116, 37.617543277281172 ], [ 140.005152944922116, 37.617462167300808 ], [ 140.005083778351263, 37.617383277406731 ], [ 140.005066000845403, 37.617352443497353 ], [ 140.00507488866532, 37.617271332716669 ], [ 140.005089888610826, 37.617223556043477 ], [ 140.005083778351263, 37.617194943821033 ], [ 140.005017944479619, 37.61713300069237 ], [ 140.0049729446431, 37.617068556565272 ], [ 140.004886000566387, 37.616996888754365 ], [ 140.004862110001937, 37.616951610678655 ], [ 140.00486488849532, 37.616894388634726 ], [ 140.004882944037092, 37.616861056127867 ], [ 140.004991000184901, 37.616787443540581 ], [ 140.005008778623761, 37.616749388348353 ], [ 140.005021000075885, 37.616680222336207 ], [ 140.00502144325398, 37.616666667324836 ], [ 140.005021528157584, 37.616664667326404 ], [ 140.005023778569239, 37.616596610557082 ], [ 140.0050140557085, 37.616555499745004 ], [ 140.004959888150154, 37.616519943950578 ], [ 140.004950999397209, 37.616491332528454 ], [ 140.00495127743315, 37.616448277740311 ], [ 140.004966277378657, 37.616402999664601 ], [ 140.004966277378657, 37.616364943672053 ], [ 140.004918221945871, 37.616290777263671 ], [ 140.00490627759666, 37.616236056218177 ], [ 140.004909331326928, 37.616131055900418 ], [ 140.004915443452518, 37.616081055939652 ], [ 140.004891277651154, 37.6159952224736 ], [ 140.004879331435916, 37.615890222155841 ], [ 140.004879331435916, 37.615732722479514 ], [ 140.004893500072626, 37.615563556545844 ], [ 140.004914332241754, 37.615475222081351 ], [ 140.004941278402498, 37.615386888417177 ], [ 140.004944333065765, 37.615356056908759 ], [ 140.004905444421837, 37.615291611181021 ], [ 140.004905444421837, 37.615260500361096 ], [ 140.004911556547427, 37.615134111504702 ], [ 140.004890444476359, 37.615093556114353 ], [ 140.004863500181642, 37.615088832628665 ], [ 140.004836555886925, 37.615100777397203 ], [ 140.004770443979339, 37.615169943409356 ], [ 140.004740444088327, 37.615186610863262 ], [ 140.00466849995712, 37.615181888177894 ], [ 140.00463541647963, 37.615196333144546 ], [ 140.004563472348423, 37.615286888495653 ], [ 140.004530693964057, 37.615301055751438 ], [ 140.004476528271709, 37.615279667212803 ], [ 140.004464582056471, 37.61524383210687 ], [ 140.004479582001977, 37.615222443568236 ], [ 140.004569582607985, 37.615177167893478 ], [ 140.004569582607985, 37.615139111100618 ], [ 140.004581528823223, 37.615046056351709 ], [ 140.004604028274969, 37.614985500176743 ], [ 140.004550138752535, 37.615012722244217 ], [ 140.004502082386722, 37.615012722244217 ], [ 140.004439305977399, 37.614988831906821 ], [ 140.004394306140881, 37.614953000002167 ], [ 140.004373194069814, 37.614903000041409 ], [ 140.004325137704001, 37.614862443850747 ], [ 140.004253193572794, 37.614850499882529 ], [ 140.004172359755643, 37.614857722766011 ], [ 140.003941528349515, 37.614910222924891 ], [ 140.003839582461268, 37.614922167693429 ], [ 140.003746528124992, 37.614914943209307 ], [ 140.003629582291268, 37.614886332587503 ], [ 140.003522916323163, 37.614836332626737 ], [ 140.003259305599641, 37.614697999802118 ], [ 140.003214304830152, 37.614690777718955 ], [ 140.003181249342845, 37.61470494417442 ], [ 140.003118472933522, 37.614750499960998 ], [ 140.00308847304251, 37.614783832467857 ], [ 140.003067359105415, 37.614793277038274 ], [ 140.003052359159909, 37.614776611185007 ], [ 140.003043472272992, 37.614750499960998 ], [ 140.003058472218498, 37.614702722487486 ], [ 140.003067359105415, 37.61466688818188 ], [ 140.003055416622203, 37.614635778162274 ], [ 140.003022359268897, 37.614609943848812 ], [ 140.002956528196279, 37.61457661134196 ], [ 140.002932360528916, 37.614547999919836 ], [ 140.002932360528916, 37.61450966701674 ], [ 140.002959306689633, 37.614481056394936 ], [ 140.003025416731219, 37.61444550060051 ], [ 140.003079307186653, 37.614426332948483 ], [ 140.003109307077665, 37.614411888782151 ], [ 140.003097358996428, 37.614364388219187 ], [ 140.003061248845853, 37.614354667538535 ], [ 140.002881528468777, 37.614316610745675 ], [ 140.002842360855908, 37.614292722809239 ], [ 140.002826249699666, 37.614263832875928 ], [ 140.002824029144193, 37.614176611655857 ], [ 140.002822638964517, 37.614144943013244 ], [ 140.002801806795389, 37.61413550004346 ], [ 140.002627915842936, 37.614130499647224 ], [ 140.002590971584539, 37.614138277152129 ], [ 140.0025834711453, 37.614162167489525 ], [ 140.002602915933778, 37.614223832106994 ], [ 140.002562081971291, 37.614234943742936 ], [ 140.002546805855872, 37.614223555996766 ], [ 140.002531805910365, 37.614209388740981 ], [ 140.002435972147708, 37.614197443172124 ], [ 140.002396805467839, 37.614187722491479 ], [ 140.002375971432713, 37.614156888582102 ], [ 140.002369860240123, 37.61411633239144 ], [ 140.00235958130753, 37.61409466774257 ], [ 140.00231875014407, 37.614090500478937 ], [ 140.002274027410493, 37.614113832993638 ], [ 140.002244027519481, 37.61413550004346 ], [ 140.002202081413259, 37.614152167497366 ], [ 140.002157081576769, 37.614149667299252 ], [ 140.002127081685757, 37.614121055877128 ], [ 140.002124027022489, 37.614087722569948 ], [ 140.002142081631263, 37.614016056359688 ], [ 140.002139026967967, 37.613987444137237 ], [ 140.002103194853333, 37.613980222854394 ], [ 140.002049029160986, 37.613987444137237 ], [ 140.002004028391468, 37.614016056359688 ], [ 140.001953194465329, 37.614039944296124 ], [ 140.001917082448756, 37.614047167179606 ], [ 140.001887082557744, 37.6140304997257 ], [ 140.001884305930417, 37.614001888303576 ], [ 140.001899028772982, 37.613966056398922 ], [ 140.001911528261047, 37.613922166877543 ], [ 140.001908471731753, 37.613898277340468 ], [ 140.001884582100331, 37.613845777981908 ], [ 140.001881500379852, 37.61381494327221 ], [ 140.001899582045837, 37.613800499906191 ], [ 140.001941528152059, 37.613805222591566 ], [ 140.002001527934056, 37.613850500667276 ], [ 140.002043472174279, 37.61388633257193 ], [ 140.002073472065263, 37.613893556255739 ], [ 140.002094306100417, 37.613874388603712 ], [ 140.002091250504122, 37.613841056096859 ], [ 140.002079306154911, 37.613791056136094 ], [ 140.002082360818207, 37.613738555977214 ], [ 140.002067360872701, 37.613700499984667 ], [ 140.002016527879562, 37.613669389164748 ], [ 140.001941501094876, 37.613662167881898 ], [ 140.001887331670474, 37.613674111049797 ], [ 140.001845387430279, 37.613719389125507 ], [ 140.001797610966435, 37.613729111406791 ], [ 140.001743444341059, 37.613714667240458 ], [ 140.001686500155358, 37.613676611247911 ], [ 140.001623444777067, 37.61363855605569 ], [ 140.001633443807719, 37.613766331865783 ], [ 140.001694831903393, 37.613819667558218 ], [ 140.001744555551795, 37.613887167305165 ], [ 140.00175149991918, 37.613977444145085 ], [ 140.001746777973295, 37.614021611377332 ], [ 140.001694831903393, 37.614048277222757 ], [ 140.001632332596984, 37.61407133282691 ], [ 140.001590943495643, 37.61408605550443 ], [ 140.001567331900134, 37.614095777785721 ], [ 140.001554832412069, 37.61412800024943 ], [ 140.001556221658745, 37.614190500400461 ], [ 140.001579000079431, 37.614211332717048 ], [ 140.001624028839132, 37.61422577688338 ], [ 140.001644305869405, 37.614227167838671 ], [ 140.001656250218616, 37.614244943735088 ], [ 140.001662915617032, 37.614376056077177 ], [ 140.001671805302976, 37.614402167301179 ], [ 140.001737915344535, 37.614426056037935 ], [ 140.001756250788276, 37.614458556212512 ], [ 140.001764859639252, 37.614516332877855 ], [ 140.001794859530264, 37.614592722573811 ], [ 140.001839859366754, 37.614622167128537 ], [ 140.001911805363989, 37.61464522273269 ], [ 140.00197485980928, 37.614637999849208 ], [ 140.002022638139124, 37.614602167944554 ], [ 140.002052638030136, 37.614585499690328 ], [ 140.002100694395921, 37.614590222375696 ], [ 140.002166528267566, 37.614616611310566 ], [ 140.002226528049562, 37.614659388387842 ], [ 140.00227152881908, 37.61467855603987 ], [ 140.00231652865557, 37.61467133235606 ], [ 140.002355694402439, 37.614642721734256 ], [ 140.002391528383072, 37.614597443658546 ], [ 140.002439581016858, 37.614597443658546 ], [ 140.002502359292208, 37.614606889029282 ], [ 140.002559581513879, 37.614594943460425 ], [ 140.002601527620101, 37.614571610945724 ], [ 140.002637359734734, 37.614571610945724 ], [ 140.002674860064985, 37.614590222375696 ], [ 140.002715415991531, 37.614647443619305 ], [ 140.002784305459443, 37.614761888507488 ], [ 140.002808194157893, 37.614836056516509 ], [ 140.002818195054545, 37.614871611510615 ], [ 140.00279736008639, 37.614902723130861 ], [ 140.002791250759856, 37.614940777522762 ], [ 140.00279736008639, 37.614974388540809 ], [ 140.002830138470756, 37.615045777840528 ], [ 140.002830138470756, 37.615081611345822 ], [ 140.00277625081435, 37.615169943409356 ], [ 140.002761250868843, 37.615210500400337 ], [ 140.002768193370201, 37.615239944154737 ], [ 140.002800416615685, 37.615257167830698 ], [ 140.002833195000051, 37.61526272204803 ], [ 140.002956251093366, 37.615286611585105 ], [ 140.003058193249558, 37.615301055751438 ], [ 140.003147637783684, 37.615331888860496 ], [ 140.003201806275058, 37.615362999680421 ], [ 140.00323180616607, 37.615408277756131 ], [ 140.003246806111576, 37.615477443768285 ], [ 140.003243749582282, 37.615556055951487 ], [ 140.003255693931493, 37.615589666969534 ], [ 140.003255693931493, 37.615670776949898 ], [ 140.003237638389692, 37.615699389172342 ], [ 140.003222638444214, 37.615725500396351 ], [ 140.003228749636776, 37.615754111018155 ], [ 140.003249859841844, 37.615791888499515 ], [ 140.00328263822621, 37.615822722408886 ], [ 140.003297638171716, 37.615856056516385 ], [ 140.003285693822477, 37.615889667534425 ], [ 140.003255693931493, 37.615934943209176 ], [ 140.003210694094975, 37.615951611463409 ], [ 140.003138749963767, 37.615970777514789 ], [ 140.003030971851899, 37.615982722283327 ], [ 140.00294125114786, 37.616006332508896 ], [ 140.002908194727553, 37.616042167614829 ], [ 140.00288430696213, 37.616099388858444 ], [ 140.002830138470756, 37.616142444446901 ], [ 140.002722360358888, 37.616166332383337 ], [ 140.002677360522398, 37.61616855567091 ], [ 140.002641250371823, 37.616163832985542 ], [ 140.002581250589827, 37.616127999480248 ], [ 140.0025423600799, 37.616092167575594 ], [ 140.002488471490466, 37.616082723005171 ], [ 140.00242235958288, 37.616080499717604 ], [ 140.002362359800884, 37.616068556549706 ], [ 140.002335415506167, 37.616042167614829 ], [ 140.002293471265943, 37.615973000002043 ], [ 140.002266526971226, 37.615954111661523 ], [ 140.002227637394299, 37.615956332548137 ], [ 140.002149581137502, 37.615982722283327 ], [ 140.002110694359601, 37.615987443368063 ], [ 140.002059581464493, 37.616008831906697 ], [ 140.00204763898131, 37.616034943130707 ], [ 140.002053750173872, 37.616066056351585 ], [ 140.002095694414095, 37.616085222402972 ], [ 140.002101527570716, 37.6161232775952 ], [ 140.002086528558237, 37.616180499639128 ], [ 140.002044581519016, 37.616213832145981 ], [ 140.001984580803992, 37.616225777714838 ], [ 140.001942638429796, 37.616232999798008 ], [ 140.001897638593277, 37.616290222642256 ], [ 140.001885137239185, 37.616336889272304 ], [ 140.001890971328834, 37.61640605608477 ], [ 140.001858192944496, 37.616501611832113 ], [ 140.001810137511683, 37.616542168022775 ], [ 140.001753195191981, 37.616558832275402 ], [ 140.001732081254886, 37.616611056324054 ], [ 140.001720136905675, 37.616656331998811 ], [ 140.001710888012241, 37.616664667326404 ], [ 140.001708666523768, 37.616666667324836 ], [ 140.001675137069185, 37.616696888989793 ], [ 140.001606250400272, 37.616708805747145 ], [ 140.001552360877838, 37.616689638895444 ], [ 140.001536806726477, 37.616666667324836 ], [ 140.001535444536984, 37.616664639315218 ], [ 140.001510416637615, 37.616627693365821 ], [ 140.001477360217336, 37.616617971884857 ], [ 140.001372360598822, 37.616620472883291 ], [ 140.001312359883826, 37.616620472883291 ], [ 140.001249305438535, 37.616613249999808 ], [ 140.001216527987168, 37.616587138775799 ], [ 140.001210415861607, 37.616532417730305 ], [ 140.00122847140338, 37.616503806308181 ], [ 140.001261527823686, 37.616477694283859 ], [ 140.001306527660176, 37.616444360976679 ], [ 140.001333471954894, 37.616401306188536 ], [ 140.001360416249611, 37.61636077720874 ], [ 140.001408471682396, 37.616315499933343 ], [ 140.001459306541562, 37.616274944543001 ], [ 140.001570138383698, 37.616189111076949 ], [ 140.001591250454766, 37.616148556486927 ], [ 140.001585138329176, 37.616122443662277 ], [ 140.001559583281164, 37.616106332430427 ], [ 140.001490416710283, 37.616092167575594 ], [ 140.001440137922998, 37.616102167567746 ], [ 140.001363471845906, 37.616134389231135 ], [ 140.001318472009388, 37.616134389231135 ], [ 140.001222360210818, 37.616100777412775 ], [ 140.001155415128437, 37.616076056343736 ], [ 140.001129582044456, 37.616084111559509 ], [ 140.001099581220444, 37.616100777412775 ], [ 140.001032081932209, 37.616180193917081 ], [ 140.000943471505877, 37.616203527232102 ], [ 140.000907637525216, 37.616239082226208 ], [ 140.00086569515102, 37.616291582385088 ], [ 140.000826528471151, 37.61637741745178 ], [ 140.000794028122726, 37.616413250156754 ], [ 140.000724860618874, 37.616456306545537 ], [ 140.000662082343524, 37.616491582228136 ], [ 140.000590138212289, 37.616560749840929 ], [ 140.000577915827137, 37.616615749397603 ], [ 140.000584027952726, 37.616649082704782 ], [ 140.000587999761393, 37.616664639315218 ], [ 140.000588498919882, 37.616666667324836 ], [ 140.000590693351171, 37.616675193928785 ], [ 140.000633471699189, 37.616737138658088 ], [ 140.000679860782355, 37.61678074966828 ], [ 140.000739307291525, 37.616816027751838 ], [ 140.00082430604968, 37.616849638769885 ], [ 140.00100097269646, 37.616872138952303 ], [ 140.001123748887807, 37.616911861210049 ], [ 140.001186527163185, 37.616969082453657 ], [ 140.001241805932295, 37.617001861139421 ], [ 140.001330416358599, 37.617004639048403 ], [ 140.001413193628309, 37.617032138826744 ], [ 140.001461527097035, 37.617080750233178 ], [ 140.001496805938814, 37.617137139144504 ], [ 140.001510693740556, 37.617221582455592 ], [ 140.00153902821495, 37.617272138638405 ], [ 140.001574027154788, 37.617276861323774 ], [ 140.001581805629968, 37.617277972967564 ], [ 140.001628193780135, 37.617254361141349 ], [ 140.001716250000612, 37.617238527620366 ], [ 140.001834860317928, 37.617244361949517 ], [ 140.001970972904189, 37.617283527184888 ], [ 140.002211528104084, 37.61733991769686 ], [ 140.002402638624488, 37.617412999672325 ], [ 140.002468194460192, 37.617459944013234 ], [ 140.002507361140061, 37.617505222088944 ], [ 140.00255791516426, 37.617595472518325 ], [ 140.002617915879256, 37.617675472455545 ], [ 140.00267180540169, 37.6177390818494 ], [ 140.002692915606758, 37.61779158200828 ], [ 140.002692915606758, 37.61786297290864 ], [ 140.002680971257547, 37.617922693550049 ], [ 140.002635971421057, 37.617946582286805 ], [ 140.002572915109766, 37.617989361765041 ], [ 140.002522361085568, 37.618051306494337 ], [ 140.002450416021333, 37.618187417632022 ], [ 140.002405416184843, 37.618263528016477 ], [ 140.002351250492467, 37.618289917751667 ], [ 140.002294306306766, 37.618292138638282 ], [ 140.002240415851333, 37.618280473181251 ], [ 140.002215415942146, 37.618273249497442 ], [ 140.002130972322874, 37.618239082257347 ], [ 140.002076805697499, 37.618231027841901 ], [ 140.001805693601739, 37.618272694075706 ], [ 140.001659581984825, 37.618269361545309 ], [ 140.001519028287618, 37.618288249885829 ], [ 140.001362916707023, 37.618330193830502 ], [ 140.001249028335593, 37.618325749656321 ], [ 140.000710972817103, 37.618319917728122 ], [ 140.000576527513459, 37.618336861292256 ], [ 140.00041402857039, 37.618382138567654 ], [ 140.000265138460122, 37.618432693950147 ], [ 140.000166250034169, 37.618449639114921 ], [ 140.000016527682106, 37.618455138910527 ], [ 139.999999999471953, 37.61845575035462 ], [ 139.999886806190375, 37.61845991761826 ], [ 139.999790971494718, 37.618472138497026 ], [ 139.999762637953324, 37.618511306133357 ], [ 139.999755415549998, 37.618567693444049 ], [ 139.999870416065193, 37.618742139085462 ], [ 139.999925694834303, 37.618826860907731 ], [ 139.999949027460843, 37.61889380683359 ], [ 139.999940137774928, 37.618989360980294 ], [ 139.999883193589199, 37.619151582541662 ], [ 139.9997481950127, 37.619337417529884 ], [ 139.999577360589541, 37.619463806386278 ], [ 139.999496250602476, 37.619492417008082 ], [ 139.999430415797832, 37.619497417404318 ], [ 139.999331527371908, 37.619490193720516 ], [ 139.999289582198685, 37.619506861974742 ], [ 139.999271527589883, 37.619556027202265 ], [ 139.999280416342827, 37.61970380619794 ], [ 139.999280416342827, 37.619813526800115 ], [ 139.999271527589883, 37.619856582388572 ], [ 139.999196804965322, 37.619941582722028 ], [ 139.999153750447363, 37.619987417019793 ], [ 139.999097359534517, 37.620066027602363 ], [ 139.999095694117926, 37.620144917496432 ], [ 139.999160972850689, 37.620308249901271 ], [ 139.999181805019816, 37.620379916911858 ], [ 139.999214859574096, 37.620571027606225 ], [ 139.999279305132092, 37.620779638887093 ], [ 139.999316527426402, 37.620865749263693 ], [ 139.99943208214745, 37.621045749922757 ], [ 139.999449582550369, 37.621166027539459 ], [ 139.999425694784946, 37.621303250320928 ], [ 139.999465972675551, 37.621336306717552 ], [ 139.999613749709056, 37.621416027343273 ], [ 139.999712916170921, 37.621524917213797 ], [ 139.99976958232071, 37.621676861072153 ], [ 139.999804859296461, 37.621727693365195 ], [ 139.999847360541565, 37.621704917872862 ], [ 139.99988958281773, 37.621620472160821 ], [ 139.999941806923545, 37.621569916778327 ], [ 139.999999999471953, 37.62155616728932 ], [ 140.000001804839542, 37.621555749522535 ], [ 140.000016527682106, 37.621553805546469 ], [ 140.000217638166191, 37.621527138900731 ], [ 140.00033152840362, 37.621522138504496 ], [ 140.000385694095996, 37.621534082472714 ], [ 140.000448472371346, 37.621555749522535 ], [ 140.000493499265048, 37.621565194092959 ], [ 140.0005446093611, 37.621562693894838 ], [ 140.000574610185112, 37.621536581870515 ], [ 140.000628499707545, 37.621462693172994 ], [ 140.000691556018836, 37.621405472729705 ], [ 140.000757388024482, 37.621379082994508 ], [ 140.000841278370928, 37.62134824988545 ], [ 140.000928222447641, 37.621331582431544 ], [ 140.001012388964, 37.621295749726571 ], [ 140.001066278486434, 37.621264638906652 ], [ 140.001135165155347, 37.621267138304447 ], [ 140.001151555280529, 37.621267138304447 ], [ 140.001330165379869, 37.621267138304447 ], [ 140.001417109456582, 37.621252694138114 ], [ 140.001521831972155, 37.621228806201678 ], [ 140.001599611126011, 37.62122408191567 ], [ 140.001677666449808, 37.621236027484521 ], [ 140.001746556850748, 37.621259917821916 ], [ 140.001833499061462, 37.621283806558672 ], [ 140.001908499721964, 37.621307693694789 ], [ 140.001989609709028, 37.621372138622206 ], [ 140.002016555869744, 37.621417417498243 ], [ 140.00201960960004, 37.621452972492349 ], [ 140.002007388147888, 37.621484082511955 ], [ 140.001983499449466, 37.621519917617881 ], [ 140.00186655548174, 37.621662972327549 ], [ 140.00180349917045, 37.621712973088634 ], [ 140.001650722155091, 37.621798806554686 ], [ 140.001626832523669, 37.62184908262568 ], [ 140.001617666667812, 37.621906306270247 ], [ 140.001638778738879, 37.621968250199231 ], [ 140.001689610799019, 37.622073250516991 ], [ 140.001698778520876, 37.622113806707652 ], [ 140.00165655624474, 37.622151861099553 ], [ 140.001575722427589, 37.62219713837495 ], [ 140.00154266694031, 37.622247139136029 ], [ 140.001512666116298, 37.622335472800202 ], [ 140.001494888610438, 37.622390472356884 ], [ 140.001506832026649, 37.622492972476529 ], [ 140.001488778350875, 37.622600193680903 ], [ 140.001419887949936, 37.622712416882152 ], [ 140.001338777962872, 37.622810193516102 ], [ 140.001290999633, 37.62286741796099 ], [ 140.001272944091227, 37.622912693635747 ], [ 140.001290999633, 37.622962694396826 ], [ 140.001287944036704, 37.623007693961355 ], [ 140.001254887616426, 37.623052972837385 ], [ 140.001221832129147, 37.623067417003725 ], [ 140.001161831414123, 37.623067417003725 ], [ 140.001059887391904, 37.623043527466649 ], [ 140.000970166687836, 37.623034082095906 ], [ 140.00091016690584, 37.623043527466649 ], [ 140.000868222665645, 37.623062694318357 ], [ 140.000874056755265, 37.623088805542359 ], [ 140.000889056700771, 37.623115193676917 ], [ 140.0009279434787, 37.623131861130823 ], [ 140.000990998856992, 37.623167417725568 ], [ 140.001024057143297, 37.623207972315591 ], [ 140.001032943097186, 37.623272417243008 ], [ 140.001027109007538, 37.623379916958569 ], [ 140.001002943206203, 37.623511027700019 ], [ 140.000949056482767, 37.623577693514051 ], [ 140.000880167014856, 37.623601582250799 ], [ 140.000853222720139, 37.623644638639583 ], [ 140.000853222720139, 37.623677972747075 ], [ 140.000871001158998, 37.623706582568566 ], [ 140.000919056591783, 37.62375408233121 ], [ 140.00093405653729, 37.623801861405362 ], [ 140.000957943369684, 37.623856860962036 ], [ 140.000960998965979, 37.62395686088356 ], [ 140.000982109171048, 37.624016582325289 ], [ 140.00101210906206, 37.624057138515951 ], [ 140.001050999571987, 37.624071305771743 ], [ 140.001080999462999, 37.624064360599121 ], [ 140.001191832238135, 37.623995193786655 ], [ 140.001227943321709, 37.623959361081681 ], [ 140.00124599979651, 37.623906861723121 ], [ 140.001269887561932, 37.623880749698792 ], [ 140.001317943927717, 37.623844917794138 ], [ 140.001584610247505, 37.623720749824351 ], [ 140.001629611017023, 37.623711306854574 ], [ 140.001935444016681, 37.623711306854574 ], [ 140.001983499449466, 37.623725472509719 ], [ 140.002007388147888, 37.623744639361426 ], [ 140.001980443853171, 37.623766027900068 ], [ 140.001845722379613, 37.623797138719986 ], [ 140.001779609539028, 37.62382575014211 ], [ 140.001718500412295, 37.623873806126809 ], [ 140.00163461006585, 37.624000471893758 ], [ 140.001565444427996, 37.624136306120896 ], [ 140.001475721857901, 37.624276861432762 ], [ 140.001385721251893, 37.624384361148323 ], [ 140.001316555614039, 37.624446305877619 ], [ 140.001265721687901, 37.62452741745863 ], [ 140.001127665649108, 37.624784917856793 ], [ 140.001033778138009, 37.6248960270133 ], [ 140.000946832195297, 37.62499797251153 ], [ 140.000945109865285, 37.624999999720821 ], [ 140.000926000026141, 37.625022417470333 ], [ 140.00086294371485, 37.625134638270623 ], [ 140.000812109788711, 37.625260750216476 ], [ 140.000791556588524, 37.625319638525603 ], [ 140.000799610300618, 37.625340193131322 ], [ 140.000830165330484, 37.625352999843962 ], [ 140.000856000280493, 37.625365472023049 ], [ 140.000893500610744, 37.625357972229018 ], [ 140.000922388357992, 37.62530074938477 ], [ 140.000957665333743, 37.625222417313388 ], [ 140.000978777404839, 37.625186861518962 ], [ 140.001068778010847, 37.625107972425205 ], [ 140.001165388967905, 37.624999999720821 ], [ 140.001167194335494, 37.62499797251153 ], [ 140.001179609852983, 37.624984082166286 ], [ 140.001197666327784, 37.624948250261632 ], [ 140.001215721869556, 37.62490769407097 ], [ 140.001242666164273, 37.624883806134534 ], [ 140.00130266594627, 37.624833806173768 ], [ 140.001317665891776, 37.624797972668475 ], [ 140.001359610131999, 37.624714638600217 ], [ 140.001413500587432, 37.624633527819533 ], [ 140.001443500478445, 37.624621582250676 ], [ 140.001488500314935, 37.624624082448797 ], [ 140.001506556789735, 37.624640749902703 ], [ 140.001506556789735, 37.624712139202423 ], [ 140.001515444609652, 37.624807693349126 ], [ 140.001515444609652, 37.624898250300866 ], [ 140.00149738906785, 37.624952972947 ], [ 140.001474137612888, 37.62499797251153 ], [ 140.001473110372729, 37.624999999720821 ], [ 140.001392666552277, 37.625155749898717 ], [ 140.001287666000792, 37.625303527293752 ], [ 140.001251555850217, 37.62538686056169 ], [ 140.001179609852983, 37.625489361481648 ], [ 140.001161556177209, 37.625529917672317 ], [ 140.001164609907477, 37.625549082923378 ], [ 140.001191556068221, 37.625553806409073 ], [ 140.001230721815062, 37.625520473101894 ], [ 140.001296555686707, 37.62544658200342 ], [ 140.001356556401731, 37.625391582446738 ], [ 140.001407666497784, 37.625324917433026 ], [ 140.001434610792501, 37.625243805852023 ], [ 140.001479610629019, 37.625167693866935 ], [ 140.001539331442075, 37.625084361399317 ], [ 140.001584331278565, 37.625000750420512 ], [ 140.001584581324295, 37.624999999720821 ], [ 140.00158519337657, 37.62499797251153 ], [ 140.00160544521566, 37.624931582007406 ], [ 140.001611556408221, 37.624886306332648 ], [ 140.001620445161166, 37.624669360524507 ], [ 140.001637943698057, 37.624587694322088 ], [ 140.001645166101383, 37.624544081711257 ], [ 140.001687665480461, 37.624431306289551 ], [ 140.001715999954854, 37.624380750106738 ], [ 140.001765443701316, 37.624262417266422 ], [ 140.001836555590756, 37.624155193661096 ], [ 140.001915722125261, 37.624079917209563 ], [ 140.001956555154749, 37.62404825016759 ], [ 140.002013222237537, 37.624014361438675 ], [ 140.002076831821682, 37.624014361438675 ], [ 140.002190165987258, 37.62403686082078 ], [ 140.002274887642471, 37.62403686082078 ], [ 140.002487388269913, 37.624025749985165 ], [ 140.002586305619047, 37.62404825016759 ], [ 140.002777415206452, 37.624070750350008 ], [ 140.002812972084172, 37.624053805985554 ], [ 140.002819916451557, 37.624025749985165 ], [ 140.002805749680846, 37.624008806421031 ], [ 140.002706859388923, 37.623975193802352 ], [ 140.002685472080913, 37.623941305873757 ], [ 140.002706859388923, 37.623918527180152 ], [ 140.002742138230701, 37.623901861326885 ], [ 140.002855471463249, 37.623896305508914 ], [ 140.002904916142711, 37.623907417945169 ], [ 140.003251860207769, 37.623912972162501 ], [ 140.003480750960392, 37.62392019344535 ], [ 140.003770193834868, 37.624039638729769 ], [ 140.003952694571296, 37.624110194096566 ], [ 140.004044637696836, 37.62412713926134 ], [ 140.004228806648911, 37.624177972354701 ], [ 140.004292138197115, 37.624211582572421 ], [ 140.004320472671509, 37.624279361630883 ], [ 140.004348527243963, 37.624312972648923 ], [ 140.004506027138206, 37.624309082295831 ], [ 140.004622972038931, 37.624344638090257 ], [ 140.004738250590066, 37.624431306289551 ], [ 140.005099637595748, 37.62449269399648 ], [ 140.005686581721818, 37.62463991757042 ], [ 140.005778555636567, 37.624673526987827 ], [ 140.005821331185587, 37.624707417317374 ], [ 140.005852166117393, 37.624762138362861 ], [ 140.005834387678533, 37.624812138323627 ], [ 140.005785500936952, 37.62484797262924 ], [ 140.005807166280903, 37.624952972947 ], [ 140.006291056107017, 37.624906582427187 ], [ 140.006396331895445, 37.624900749698668 ], [ 140.006636331956457, 37.62487436156411 ], [ 140.006760223090595, 37.624865472415429 ], [ 140.006894943631153, 37.62485519391209 ], [ 140.00702216653147, 37.624841861389541 ], [ 140.007168000112443, 37.624831582886202 ], [ 140.007609527711452, 37.62499797251153 ], [ 140.007614888766796, 37.624999999720821 ], [ 140.007806332370535, 37.625072138119592 ], [ 140.008049110924901, 37.625172418152943 ], [ 140.008333332695003, 37.625287277606624 ], [ 140.008349943942733, 37.625293972279238 ], [ 140.008432722145415, 37.625327417631148 ], [ 140.008769665313821, 37.625454917331012 ], [ 140.008857444431356, 37.625507138178385 ], [ 140.008863860717042, 37.625548249790782 ], [ 140.008965806605289, 37.625584917228991 ], [ 140.009003583105454, 37.625537417466347 ], [ 140.009033581130439, 37.625494361077571 ], [ 140.009057470761888, 37.625437138233316 ], [ 140.00917747125888, 37.625284638152912 ], [ 140.009210527679187, 37.625256027531108 ], [ 140.009255527515677, 37.625244081962251 ], [ 140.0092974717559, 37.625241582564449 ], [ 140.009363305627545, 37.62525130644638 ], [ 140.00939941577812, 37.625244081962251 ], [ 140.009423305409541, 37.625217693827693 ], [ 140.009441360018315, 37.625182138833587 ], [ 140.009489415451128, 37.625141582642925 ], [ 140.009585250146756, 37.625079361803401 ], [ 140.009654415784638, 37.625036582325166 ], [ 140.00969025069827, 37.625000750420512 ], [ 140.009690972845306, 37.624999999720821 ] ], [ [ 140.001989306481903, 37.614340777193298 ], [ 140.002040416577984, 37.614321611141911 ], [ 140.002085416414474, 37.614326333026959 ], [ 140.002130416250992, 37.614347722365913 ], [ 140.002154306815441, 37.614383555871207 ], [ 140.002151250286147, 37.614419388576181 ], [ 140.002115416305486, 37.61449800075939 ], [ 140.002076250558645, 37.614521888695826 ], [ 140.002031527825068, 37.614521888695826 ], [ 140.001971528043072, 37.614486056791172 ], [ 140.00193541602647, 37.614428832346285 ], [ 140.001938472555764, 37.614386056069328 ], [ 140.001965415917482, 37.614354943648763 ], [ 140.001989306481903, 37.614340777193298 ] ] ], [ [ [ 140.074132503963767, 37.684859998363898 ], [ 140.074054432778865, 37.684779992024119 ], [ 140.073991662900568, 37.684702777198758 ], [ 140.073975269976359, 37.684629430317543 ], [ 140.073960555530846, 37.684531679293812 ], [ 140.073875548375611, 37.684351112808862 ], [ 140.073771679560991, 37.684285002416566 ], [ 140.073673065438982, 37.684215004072136 ], [ 140.073421955136553, 37.684097777273372 ], [ 140.073293342989558, 37.684087210655015 ], [ 140.073224173619678, 37.684078338313043 ], [ 140.073158884623808, 37.684044157467511 ], [ 140.073129725371672, 37.684019714909667 ], [ 140.073100280619542, 37.683899176388813 ], [ 140.073097492796109, 37.683847501359338 ], [ 140.073101371304148, 37.683813877536181 ], [ 140.073109165640432, 37.68378943497833 ], [ 140.073209442380033, 37.683708890823851 ], [ 140.073367767052048, 37.683661949684222 ], [ 140.073412211749684, 37.683643069346893 ], [ 140.073544452358959, 37.683568336312305 ], [ 140.073631945043502, 37.683508884578245 ], [ 140.073681396254017, 37.683422778203244 ], [ 140.073654453825299, 37.683320274082 ], [ 140.073631945043502, 37.68329250139471 ], [ 140.073578331690982, 37.683230548662216 ], [ 140.073476105900824, 37.683172502289203 ], [ 140.073391668812548, 37.683131950900453 ], [ 140.073307214930196, 37.683047499586174 ], [ 140.073281668279208, 37.683020823336605 ], [ 140.073238618426302, 37.682941106712484 ], [ 140.073209442380033, 37.682779728687869 ], [ 140.073117497388495, 37.682616387479513 ], [ 140.072923345266872, 37.682500006618461 ], [ 140.072833884871642, 37.682447502457983 ], [ 140.072749162283401, 37.682391111145698 ], [ 140.072699176460162, 37.68235167620265 ], [ 140.072673342443181, 37.682319169625522 ], [ 140.07260805344734, 37.682197495451298 ], [ 140.0725874937161, 37.682106384678455 ], [ 140.072617780040105, 37.68202945796812 ], [ 140.072642504712348, 37.681866944290128 ], [ 140.072621390775254, 37.681805280472972 ], [ 140.072593053501834, 37.681748600245342 ], [ 140.072479441300317, 37.681630564323569 ], [ 140.072451104959924, 37.681619170975168 ], [ 140.072334167523252, 37.681570285859465 ], [ 140.072098895939178, 37.681560277864122 ], [ 140.071995277170288, 37.681526116226259 ], [ 140.071884720565066, 37.681444454825758 ], [ 140.071622221985308, 37.681279997171707 ], [ 140.07126500831771, 37.681077778042685 ], [ 140.071114728960737, 37.68103054878803 ], [ 140.071013056443434, 37.681032492764096 ], [ 140.070917216149724, 37.681070830469103 ], [ 140.070874166296818, 37.681145563503691 ], [ 140.070869446216932, 37.681222508621381 ], [ 140.070909170834682, 37.681313619394217 ], [ 140.070947500607701, 37.681380558117198 ], [ 140.070985830380749, 37.681535276683256 ], [ 140.070961677641492, 37.681623615949668 ], [ 140.070920271746019, 37.681663899231381 ], [ 140.070866102321645, 37.681715824760865 ], [ 140.070786671746276, 37.681772773895844 ], [ 140.070698892628741, 37.681814441730289 ], [ 140.070636945662159, 37.681837229227412 ], [ 140.070526944195819, 37.681843060355291 ], [ 140.070436394048983, 37.681825277256003 ], [ 140.070372498031816, 37.681821678219208 ], [ 140.070259439103182, 37.681829165208129 ], [ 140.070241955494367, 37.681856936294778 ], [ 140.070216390183276, 37.681879723791909 ], [ 140.070213333653982, 37.681913885429765 ], [ 140.070222771947726, 37.681950549666695 ], [ 140.070227778460605, 37.681996104652953 ], [ 140.070237218620377, 37.682023896547911 ], [ 140.070304170233811, 37.682109445100224 ], [ 140.070438896372394, 37.682171398633038 ], [ 140.070460279015379, 37.682176940845579 ], [ 140.070523886733525, 37.682210833576086 ], [ 140.070566955246562, 37.682231946804812 ], [ 140.070595541632713, 37.68227138174786 ], [ 140.070600278506703, 37.682310547783551 ], [ 140.070558891271389, 37.68235471741675 ], [ 140.070533326893269, 37.682380006712634 ], [ 140.070522224115933, 37.682416670149244 ], [ 140.070520561498341, 37.682445828189593 ], [ 140.070545286170585, 37.682509167075459 ], [ 140.070630276531688, 37.682537497585443 ], [ 140.07072944485958, 37.682588345084554 ], [ 140.070774997968925, 37.682656669160586 ], [ 140.070672773111767, 37.682791102828602 ], [ 140.070665550708441, 37.68281916363091 ], [ 140.070693886115862, 37.682847224433218 ], [ 140.070826664136888, 37.682903057122495 ], [ 140.070856394389011, 37.682936372022326 ], [ 140.070872217246233, 37.683004715306026 ], [ 140.070813327741973, 37.683096672816895 ], [ 140.070777500292365, 37.683138321443678 ], [ 140.070735827557058, 37.683182221369208 ], [ 140.07070000010745, 37.683236937612783 ], [ 140.070571673460421, 37.683388346857711 ], [ 140.070569994048725, 37.683389444095745 ], [ 140.070456381847237, 37.683456670933744 ], [ 140.070288883855312, 37.6835138897764 ], [ 140.07020389349421, 37.6835413919557 ], [ 140.070070544473197, 37.683630270637451 ], [ 140.069994724632977, 37.683755562255811 ], [ 140.069914722124622, 37.683862493744527 ], [ 140.069792778175071, 37.683952507279329 ], [ 140.069698044427099, 37.683999448418966 ], [ 140.069613054065996, 37.684018059848938 ], [ 140.069501389982065, 37.684070004586083 ], [ 140.069407495939913, 37.684127781251433 ], [ 140.069369433939755, 37.684163059334992 ], [ 140.069361941897569, 37.684232787971744 ], [ 140.069391673082691, 37.684286388569937 ], [ 140.069581106990427, 37.684689170166621 ], [ 140.069671943570256, 37.684780550647133 ], [ 140.069741111074137, 37.684863057985346 ], [ 140.069733602237818, 37.684956671357263 ], [ 140.06966472116693, 37.684982788983824 ], [ 140.069617774145883, 37.684975282787235 ], [ 140.069533067418746, 37.684964447261521 ], [ 140.069484172280113, 37.684936385658894 ], [ 140.069389724032106, 37.684866388114784 ], [ 140.069294167372391, 37.684770831567121 ], [ 140.069201382674976, 37.684697214978236 ], [ 140.069111385800994, 37.684642767642011 ], [ 140.068951381717312, 37.684591380727554 ], [ 140.068845277419115, 37.684566380347015 ], [ 140.068731110078716, 37.684550270715796 ], [ 140.068619445994784, 37.684552504407527 ], [ 140.068563042019832, 37.684569440768783 ], [ 140.068500004368673, 37.684598329101455 ], [ 140.068473045145851, 37.684630277055575 ], [ 140.068451662502895, 37.684686937275217 ], [ 140.068423327095502, 37.684758609888043 ], [ 140.068337782528516, 37.68499805027637 ], [ 140.068212495616677, 37.685126113401161 ], [ 140.068143611746791, 37.685167493120588 ], [ 140.068045839196628, 37.68519611174559 ], [ 140.067703338108515, 37.685127229846863 ], [ 140.067593336642176, 37.685128346292565 ], [ 140.067507773415088, 37.685129443530599 ], [ 140.067437781133464, 37.685160006131667 ], [ 140.067399165860451, 37.68518306253614 ], [ 140.067368881402444, 37.685208603132345 ], [ 140.067331677768266, 37.685262222137887 ], [ 140.067315283911057, 37.685448061928021 ], [ 140.067298604553855, 37.685539712116203 ], [ 140.067233886557972, 37.685633344695788 ], [ 140.06717195731855, 37.685676937298631 ], [ 140.067086663730322, 37.685704458685599 ], [ 140.066739728995316, 37.685699435880416 ], [ 140.066643332629752, 37.685743335005633 ], [ 140.066641955512154, 37.685782501841643 ], [ 140.06665472090711, 37.685849458971973 ], [ 140.066794739058565, 37.685994728165696 ], [ 140.066803052146469, 37.686105007390879 ], [ 140.066734168276582, 37.6862011041542 ], [ 140.066647496637756, 37.686248891231543 ], [ 140.066542788117289, 37.686277221741527 ], [ 140.066424992314637, 37.686255550690106 ], [ 140.066274711091665, 37.686250835207609 ], [ 140.066216393520392, 37.686279454632931 ], [ 140.06614860220111, 37.686310286141349 ], [ 140.066123341050115, 37.686401667422182 ], [ 140.066157773654993, 37.686465275215397 ], [ 140.066264716726039, 37.686531115900024 ], [ 140.066356931356466, 37.686610005794101 ], [ 140.066400837709352, 37.686649709644492 ], [ 140.0664572248902, 37.686742226578694 ], [ 140.066493892045656, 37.686837494211012 ], [ 140.066552496049923, 37.686902237657605 ], [ 140.066566654423553, 37.686983340435098 ], [ 140.066548884381774, 37.687075837361313 ], [ 140.066527788171783, 37.687270839209084 ], [ 140.066591111322936, 37.687363335334979 ], [ 140.066683057247502, 37.687436105185832 ], [ 140.066693603952984, 37.687525829805296 ], [ 140.066637235432268, 37.687623889752352 ], [ 140.066450003419874, 37.687775009281623 ], [ 140.066248895734816, 37.687898337716256 ], [ 140.066047772188654, 37.687965564554254 ], [ 140.065987773339657, 37.68806389340866 ], [ 140.065949999638491, 37.688236934489353 ], [ 140.065949158066644, 37.68824028302614 ], [ 140.065851671016475, 37.688389729087334 ], [ 140.065688054331588, 37.688484169189294 ], [ 140.065571384667777, 37.688568332388556 ], [ 140.065550287524815, 37.68865805780834 ], [ 140.065574995402955, 37.688747783228123 ], [ 140.065634994251951, 37.688786948463495 ], [ 140.065825551499501, 37.688761948082956 ], [ 140.066121946205413, 37.688744992514025 ], [ 140.066553604461632, 37.688699725642785 ], [ 140.066706942213898, 37.688701938526201 ], [ 140.066796937221881, 37.688752228202624 ], [ 140.066820284776526, 37.688798323404548 ], [ 140.066933343705188, 37.688862778736116 ], [ 140.067035550835243, 37.688857235723262 ], [ 140.067219155318355, 37.688778614736542 ], [ 140.067301106877295, 37.688723609577622 ], [ 140.067448347432077, 37.688668604418709 ], [ 140.067638888818522, 37.68865805780834 ], [ 140.067772507478395, 37.688659174254042 ], [ 140.067988344537099, 37.688682211450846 ], [ 140.068110288486622, 37.688695279867964 ], [ 140.068219718020003, 37.688729441505821 ], [ 140.068282504692405, 37.688792492276669 ], [ 140.068266110835197, 37.688911105228804 ], [ 140.068249162772133, 37.689021115546637 ], [ 140.068269167364491, 37.689102776947138 ], [ 140.068316383091428, 37.689133051433188 ], [ 140.068403339297248, 37.689143617251226 ], [ 140.068454719965189, 37.689113881380202 ], [ 140.068498895956964, 37.689086957031584 ], [ 140.068716665272092, 37.688835274956183 ], [ 140.068787495393536, 37.688790008885263 ], [ 140.068836946604051, 37.68876749109581 ], [ 140.06896473583933, 37.688737216609766 ], [ 140.06901111092742, 37.688700553173149 ], [ 140.069080833570155, 37.688642506800136 ], [ 140.06912388342306, 37.688563617706379 ], [ 140.069133877788687, 37.688476663793026 ], [ 140.069176944435725, 37.688397773898949 ], [ 140.069263060935697, 37.688303064089318 ], [ 140.069333052284293, 37.688254718388961 ], [ 140.069431950973296, 37.688221384281469 ], [ 140.069528044111763, 37.688192495148478 ], [ 140.069647218898012, 37.688131946976704 ], [ 140.069720283570035, 37.688076653702772 ], [ 140.069776670750855, 37.687979171586392 ], [ 140.069736946133105, 37.687877494995512 ], [ 140.069727238200471, 37.687758053712699 ], [ 140.06975666429247, 37.687676662019868 ], [ 140.069836113527998, 37.687567786555086 ], [ 140.070061389813418, 37.687401116017611 ], [ 140.070147221746396, 37.687299727541756 ], [ 140.070141106821779, 37.687185540356452 ], [ 140.07014527362881, 37.687128341521792 ], [ 140.070192220649886, 37.687071661294162 ], [ 140.07031167907013, 37.686997217975225 ], [ 140.070387497977322, 37.686980550521319 ], [ 140.070566668813569, 37.686964999513116 ], [ 140.070631118103563, 37.686957493316527 ], [ 140.070676383846916, 37.686944713814754 ], [ 140.070764718103305, 37.686897503767767 ], [ 140.070870822401531, 37.686841112455475 ], [ 140.070884999435293, 37.686829718306754 ], [ 140.070948893586404, 37.686767784781928 ], [ 140.070975836015123, 37.686723056525707 ], [ 140.071048044187165, 37.686649440737142 ], [ 140.071111938338305, 37.686616665252657 ], [ 140.071201381939431, 37.686601114244453 ], [ 140.071291932086268, 37.686598323530355 ], [ 140.071459177233436, 37.686626942155357 ], [ 140.071650273758735, 37.686705832049434 ], [ 140.071707214212438, 37.68673972397962 ], [ 140.07191749055238, 37.68682306044883 ], [ 140.071956107691392, 37.68679222733978 ], [ 140.071973054821456, 37.686753331011758 ], [ 140.072025008355411, 37.686706948495136 ], [ 140.072189179246152, 37.686700289036573 ], [ 140.072266947203929, 37.686711393469636 ], [ 140.072429724182967, 37.686756661141196 ], [ 140.072571386291884, 37.68681861387369 ], [ 140.072663617716415, 37.686846674675998 ], [ 140.072826662468316, 37.686914440129023 ], [ 140.072897494455788, 37.686970543326296 ], [ 140.072961120834066, 37.687026933037941 ], [ 140.073053333598466, 37.687145277883047 ], [ 140.073060556001792, 37.687179150605566 ], [ 140.073084440968188, 37.687226939283548 ], [ 140.073105287132421, 37.687241931668744 ], [ 140.07313306740096, 37.687253613932484 ], [ 140.07322971661128, 37.687263602720165 ], [ 140.073464449850604, 37.687258058906991 ], [ 140.073595547526935, 37.687249995688028 ], [ 140.073697772384094, 37.687224167777124 ], [ 140.073733884400696, 37.687173338685355 ], [ 140.07375499833779, 37.68715084010357 ], [ 140.073697772384094, 37.68702972455236 ], [ 140.073702223758119, 37.686961959099335 ], [ 140.073751941808496, 37.686907492555441 ], [ 140.073808881329171, 37.68688278109024 ], [ 140.074014724955219, 37.686869711872809 ], [ 140.074058347674139, 37.68685943497011 ], [ 140.07408278591339, 37.686836936388325 ], [ 140.074102219505761, 37.686779178930649 ], [ 140.074095551308318, 37.68674443946211 ], [ 140.074052770161273, 37.686593339140515 ], [ 140.074041667383909, 37.686534176321793 ], [ 140.074041667383909, 37.686471126351265 ], [ 140.074081106501694, 37.686373605819547 ], [ 140.074130555846182, 37.686305821959181 ], [ 140.074293887031075, 37.686237228175472 ], [ 140.074379432531032, 37.686186399083709 ], [ 140.074448618695044, 37.686110281496383 ], [ 140.074483051299921, 37.686050271939635 ], [ 140.074486948468063, 37.685979446865161 ], [ 140.074471662089564, 37.685885833493245 ], [ 140.074447223850314, 37.685817779925202 ], [ 140.074378609619316, 37.685624453146147 ], [ 140.074328891568939, 37.685500546080512 ], [ 140.074222787270742, 37.685286394988069 ], [ 140.074222787270742, 37.685185006512206 ], [ 140.074242505430107, 37.685074456779034 ], [ 140.074215832640277, 37.684980825800089 ], [ 140.074143338035242, 37.684871392512619 ], [ 140.074132503963767, 37.684859998363898 ] ], [ [ 140.070917216149724, 37.685991109921233 ], [ 140.07081139641852, 37.685989434852523 ], [ 140.070691115086532, 37.685926673797333 ], [ 140.070635283044567, 37.685864162441824 ], [ 140.070614436880362, 37.685801670293991 ], [ 140.070631118103563, 37.685729459066138 ], [ 140.0708052637668, 37.685572776516025 ], [ 140.070870822401531, 37.685511940229233 ], [ 140.070900553586654, 37.685493886621956 ], [ 140.070934716552642, 37.685466672557681 ], [ 140.070973064985822, 37.68545416356389 ], [ 140.071053890405892, 37.685459167161405 ], [ 140.07111916260763, 37.685534169903669 ], [ 140.071194999241982, 37.685650280256731 ], [ 140.071194999241982, 37.685742508275588 ], [ 140.071145280258577, 37.685850824317036 ], [ 140.071020834918613, 37.685946381665019 ], [ 140.070917216149724, 37.685991109921233 ] ] ], [ [ [ 140.090048806463273, 37.65096625065231 ], [ 140.090084638577906, 37.650909027808062 ], [ 140.090114637535891, 37.650882917384372 ], [ 140.090144637426903, 37.650839861795916 ], [ 140.090147694889197, 37.65081597225884 ], [ 140.090132694943691, 37.650782638951661 ], [ 140.089949610145197, 37.650630138070937 ], [ 140.089913777097564, 37.650587082482481 ], [ 140.089907665904974, 37.650556249373423 ], [ 140.08992266585048, 37.650517918070967 ], [ 140.089955721337759, 37.650484582362836 ], [ 140.089979610036181, 37.65045347234323 ], [ 140.089964610090703, 37.650417917349124 ], [ 140.089940721392253, 37.650384305530764 ], [ 140.089910721501269, 37.65040097218435 ], [ 140.089877665080962, 37.650446527970928 ], [ 140.089850721719273, 37.650470138196496 ], [ 140.089814888671611, 37.650475138592732 ], [ 140.089781831318334, 37.650455972541351 ], [ 140.089775721058743, 37.650429582806154 ], [ 140.089820720895261, 37.650346250338536 ], [ 140.089865721664751, 37.650291527692403 ], [ 140.089862665135456, 37.650253193988995 ], [ 140.089850721719273, 37.650198472943501 ], [ 140.089862665135456, 37.650129306931355 ], [ 140.089865721664751, 37.650084028055325 ], [ 140.089829886751119, 37.650060138518249 ], [ 140.089793778466543, 37.650031527896438 ], [ 140.089745723033758, 37.650024306613595 ], [ 140.089598778242049, 37.650024306613595 ], [ 140.08956361042803, 37.650000000110062 ], [ 140.08939475024664, 37.650000000110062 ], [ 140.089347110001739, 37.65002680601139 ], [ 140.089304887725575, 37.650036249781493 ], [ 140.089143221024301, 37.65003847306906 ], [ 140.089077109116715, 37.650048193749711 ], [ 140.089020164931014, 37.650079027659089 ], [ 140.088987109443707, 37.650102917196158 ], [ 140.088957109552723, 37.650148193671235 ], [ 140.088921278371089, 37.650219861482142 ], [ 140.088885165421487, 37.650274582527629 ], [ 140.08881322222328, 37.650320139114534 ], [ 140.088753222441284, 37.650348749736338 ], [ 140.088705722147353, 37.650396249498982 ], [ 140.088672665727074, 37.650444026972494 ], [ 140.088666556400511, 37.650482082164714 ], [ 140.088669332094838, 37.650658750293381 ], [ 140.088684332040344, 37.650701527370657 ], [ 140.088765166790495, 37.650785139149782 ], [ 140.088792388188153, 37.65082319354169 ], [ 140.088780166736001, 37.650925693661328 ], [ 140.088759332700846, 37.651002082556964 ], [ 140.088729332809862, 37.651087917623663 ], [ 140.088717388460651, 37.651164305718979 ], [ 140.088708222604794, 37.651245418100302 ], [ 140.088714332864356, 37.651345417221506 ], [ 140.088741278092073, 37.651481527558872 ], [ 140.088774332646352, 37.651581527480396 ], [ 140.088816278752574, 37.651636527837397 ], [ 140.088897109770699, 37.651726806277956 ], [ 140.088993221569297, 37.651803194373272 ], [ 140.089011278977097, 37.651845972250868 ], [ 140.089011278977097, 37.651900972607862 ], [ 140.08897822162379, 37.651922361146504 ], [ 140.088939331113863, 37.65193180651724 ], [ 140.088792388188153, 37.651936806113156 ], [ 140.088729887948716, 37.651948193859326 ], [ 140.088660999413804, 37.651979026968377 ], [ 140.088621831800936, 37.651986250652186 ], [ 140.088585999686302, 37.65198402736462 ], [ 140.088490164990645, 37.651952917345014 ], [ 140.088415167129142, 37.651950417146892 ], [ 140.088256277988222, 37.651945693661204 ], [ 140.088124610244904, 37.651950417146892 ], [ 140.088058500203346, 37.651964860512912 ], [ 140.08799849948835, 37.651990972537234 ], [ 140.087920721267466, 37.652060139349707 ], [ 140.087869609305386, 37.652086527484258 ], [ 140.087776554969111, 37.652105417425417 ], [ 140.087623778886751, 37.652136527445023 ], [ 140.087485722847958, 37.652186528206101 ], [ 140.087422944572609, 37.652241527762783 ], [ 140.087389888152302, 37.652305972690201 ], [ 140.08733100051407, 37.652367917419504 ], [ 140.087208222456695, 37.652420417578384 ], [ 140.086962387373035, 37.652496527962832 ], [ 140.086878221789675, 37.652558749602676 ], [ 140.086830443459803, 37.652634861587764 ], [ 140.086791277712962, 37.652663472209575 ], [ 140.086707387366516, 37.652725693849419 ], [ 140.086650445046814, 37.652782917493987 ], [ 140.08660238868103, 37.652849582507699 ], [ 140.086572388790017, 37.652944861344494 ], [ 140.086542388899005, 37.653059582342905 ], [ 140.086522387105674, 37.653150972427248 ], [ 140.086521556729878, 37.653154861980013 ], [ 140.08648266621995, 37.65320736133858 ], [ 140.08641960990866, 37.653247917529242 ], [ 140.086308500030583, 37.653271806265998 ], [ 140.086242666158938, 37.65326708197999 ], [ 140.086185694916026, 37.653250139216169 ], [ 140.086089582184428, 37.653190693884667 ], [ 140.086023750178811, 37.653128749955691 ], [ 140.085966805993081, 37.65305458194667 ], [ 140.085741805877575, 37.652866249961605 ], [ 140.085623750699114, 37.652799027925525 ], [ 140.085485972696262, 37.652741805881597 ], [ 140.085362916602946, 37.652705972376303 ], [ 140.08529097153874, 37.652698750293133 ], [ 140.085258194087373, 37.652687056024597 ], [ 140.085219027407533, 37.652655943604039 ], [ 140.085123193644876, 37.652627332181915 ], [ 140.084940137769564, 37.652582055706837 ], [ 140.084799306036444, 37.652531778035211 ], [ 140.084715416622998, 37.6525031674134 ], [ 140.084661249997652, 37.652488999357296 ], [ 140.084607360475218, 37.652479556387512 ], [ 140.084463472212775, 37.652415110659774 ], [ 140.084400415901484, 37.652364832988148 ], [ 140.084358471661261, 37.652300667372238 ], [ 140.084343471715755, 37.652214832305539 ], [ 140.08433458202984, 37.652129000440127 ], [ 140.084325416173982, 37.652076500281247 ], [ 140.08430152747556, 37.652054832431098 ], [ 140.084211527802552, 37.652021499924246 ], [ 140.084169581696329, 37.652019277436992 ], [ 140.084130693052401, 37.65202400012236 ], [ 140.084109580981305, 37.652035944090578 ], [ 140.084028750896181, 37.652157611061931 ], [ 140.084001806601464, 37.652197888741405 ], [ 140.083998751005197, 37.65223622324514 ], [ 140.084010694421409, 37.652272055950107 ], [ 140.084040695245392, 37.652302888258845 ], [ 140.084172637292596, 37.652427056228632 ], [ 140.084235693603915, 37.652479556387512 ], [ 140.084310416228476, 37.652596222162309 ], [ 140.084376527203062, 37.652698723082267 ], [ 140.084391528081568, 37.652763167209365 ], [ 140.084388471552273, 37.652842056303122 ], [ 140.084355416064966, 37.65291816748789 ], [ 140.084307637735122, 37.653004000153629 ], [ 140.084298471879265, 37.653039832858603 ], [ 140.084343471715755, 37.653099556701285 ], [ 140.084376527203062, 37.653116777976287 ], [ 140.084427360196202, 37.653109556693444 ], [ 140.084505416452998, 37.653083167758567 ], [ 140.084697360148198, 37.653042610767585 ], [ 140.084805416296007, 37.653033166997488 ], [ 140.084883193583863, 37.653049832050435 ], [ 140.084952081185776, 37.653090389041417 ], [ 140.08512013804858, 37.653188167276006 ], [ 140.08514402768003, 37.653221499782866 ], [ 140.085147081410298, 37.65328372302335 ], [ 140.085159027625508, 37.653314556132408 ], [ 140.08535402785003, 37.653462610437991 ], [ 140.085545694442317, 37.653612639131779 ], [ 140.085833193864261, 37.653832082737082 ], [ 140.085884027790399, 37.653846527703735 ], [ 140.085932082290185, 37.653848750190988 ], [ 140.086034055235586, 37.653841805818686 ], [ 140.086142109517368, 37.653844026705301 ], [ 140.086247110068882, 37.653858472472272 ], [ 140.086312943940527, 37.653894305977566 ], [ 140.086402944546535, 37.653970417962661 ], [ 140.08646877841818, 37.654003749669194 ], [ 140.086585722385905, 37.654037361487553 ], [ 140.086693777600686, 37.654061249423989 ], [ 140.086744887696767, 37.65405402734082 ], [ 140.086798777219201, 37.654034861289439 ], [ 140.086837665863129, 37.65397513904739 ], [ 140.086897665645125, 37.65392291820001 ], [ 140.086933777661727, 37.653863193557008 ], [ 140.086963777552711, 37.653784582974438 ], [ 140.087011555882583, 37.653717638649219 ], [ 140.08706572157493, 37.653667638688461 ], [ 140.087163221687177, 37.653595972478193 ], [ 140.087259056382834, 37.653514860897189 ], [ 140.08733100051407, 37.653476806505282 ], [ 140.087391000296066, 37.653448193482518 ], [ 140.087469056552862, 37.653445694084716 ], [ 140.08754100068407, 37.65344347239779 ], [ 140.087616000411572, 37.653424306346402 ], [ 140.08768183148419, 37.653414860975666 ], [ 140.087753499445483, 37.653422082258508 ], [ 140.087795721721648, 37.653448193482518 ], [ 140.087834610365576, 37.653491249871301 ], [ 140.087879610202066, 37.653500693641398 ], [ 140.087918499778993, 37.653491249871301 ], [ 140.087960444019217, 37.653460138251056 ], [ 140.088014610644592, 37.653424306346402 ], [ 140.088113500003516, 37.653386249553535 ], [ 140.088164331130656, 37.653374305585317 ], [ 140.088230444904241, 37.653371806187522 ], [ 140.088299331573154, 37.653386249553535 ], [ 140.08836933225183, 37.65339097223891 ], [ 140.088423221774264, 37.653374305585317 ], [ 140.088465166014487, 37.653326527311492 ], [ 140.088534056415426, 37.653185971999619 ], [ 140.088534056415426, 37.653145417409597 ], [ 140.088510166783976, 37.653102361821134 ], [ 140.088432110527179, 37.653049861662254 ], [ 140.088375166341478, 37.653007082184025 ], [ 140.088360166395972, 37.652997361503374 ], [ 140.088222387460092, 37.653047639175007 ], [ 140.088159332081801, 37.653066527515527 ], [ 140.088075443601383, 37.653100138533567 ], [ 140.088015442886388, 37.653100138533567 ], [ 140.087949330978802, 37.653076249796811 ], [ 140.08783544447337, 37.653023750438251 ], [ 140.08777266619802, 37.652980693249148 ], [ 140.087754887759161, 37.652911527237002 ], [ 140.087759056432191, 37.652871806579896 ], [ 140.087763778378104, 37.652828193969064 ], [ 140.087781832053878, 37.652780418096192 ], [ 140.087829888419662, 37.652711249683087 ], [ 140.087898777887602, 37.652622917619546 ], [ 140.087928778711614, 37.652572916858468 ], [ 140.08796155709598, 37.652501527558748 ], [ 140.087994608851233, 37.652470417539142 ], [ 140.088039609620751, 37.65245180610917 ], [ 140.088219609899767, 37.652430417570535 ], [ 140.088312665169042, 37.652418472801997 ], [ 140.088381555569981, 37.652418472801997 ], [ 140.088447387575627, 37.652437361142518 ], [ 140.088510443886918, 37.652442360738434 ], [ 140.088597387963631, 37.652430417570535 ], [ 140.088747388351635, 37.652404027035018 ], [ 140.088837388957643, 37.652389860579554 ], [ 140.08896016514899, 37.65240652723314 ], [ 140.089032109280225, 37.652427917372414 ], [ 140.089050165754998, 37.652454306307291 ], [ 140.089044055495435, 37.652492361499512 ], [ 140.088975165094496, 37.652570972082081 ], [ 140.088894333143372, 37.652625972439083 ], [ 140.088834332428348, 37.652661805944376 ], [ 140.088807388133631, 37.652699861136597 ], [ 140.088822389012137, 37.652740417327259 ], [ 140.088870166409009, 37.652759582578327 ], [ 140.088936278316595, 37.652783193604215 ], [ 140.089002109389213, 37.652776250032232 ], [ 140.089071276893094, 37.652752361295477 ], [ 140.089128221078795, 37.652721249675238 ], [ 140.089487971591069, 37.652704582221332 ], [ 140.089532971427587, 37.652723749873353 ], [ 140.089559915722305, 37.652757082380212 ], [ 140.089607972088089, 37.652764306864334 ], [ 140.089661859744524, 37.652747638610109 ], [ 140.08973380574173, 37.65270930570702 ], [ 140.089841860023512, 37.652668750316678 ], [ 140.089937694719168, 37.652659306546575 ], [ 140.090093529196821, 37.652664026830983 ], [ 140.090195193317101, 37.652678472597962 ], [ 140.090264359887954, 37.652671250514793 ], [ 140.090315193814121, 37.652654582260567 ], [ 140.0903663057762, 37.652659306546575 ], [ 140.090441305503703, 37.652671250514793 ], [ 140.090564082628049, 37.652699861136597 ], [ 140.090624082410045, 37.652702082823531 ], [ 140.090690194317631, 37.652692639053427 ], [ 140.090752972593009, 37.652685417770584 ], [ 140.090833527441191, 37.652697082427295 ], [ 140.090926305607553, 37.652709027996153 ], [ 140.09099241564914, 37.652706526997711 ], [ 140.091049359834841, 37.652665972407689 ], [ 140.091091305941063, 37.652599306593658 ], [ 140.091139360440849, 37.652546806434778 ], [ 140.091235194203506, 37.652451249887122 ], [ 140.091346026978641, 37.6523773611896 ], [ 140.091402971164371, 37.652322638543467 ], [ 140.0914121370202, 37.652277361268077 ], [ 140.091391026815131, 37.652248749845953 ], [ 140.091136306710581, 37.652031527127264 ], [ 140.091004359998351, 37.651929027807938 ], [ 140.090959360161833, 37.651874305962124 ], [ 140.090959360161833, 37.651838472456831 ], [ 140.090986306322577, 37.651800138753423 ], [ 140.091001306268055, 37.651766806246563 ], [ 140.090989360052845, 37.651645417786405 ], [ 140.091013250617294, 37.651574027686365 ], [ 140.091058250453784, 37.651521527527485 ], [ 140.091100194694008, 37.65147152756672 ], [ 140.09111825023578, 37.65142624949101 ], [ 140.091100194694008, 37.651385694100668 ], [ 140.091064360713347, 37.651349861395694 ], [ 140.091019359943857, 37.651325972658938 ], [ 140.090968249847776, 37.651340139114403 ], [ 140.090875471681414, 37.651385694100668 ], [ 140.090839359664841, 37.651428471978257 ], [ 140.090824359719335, 37.65149041750788 ], [ 140.090812415370124, 37.65158819334151 ], [ 140.090797415424618, 37.651657361754623 ], [ 140.090764359937339, 37.651724027568655 ], [ 140.09074713850336, 37.651757917097882 ], [ 140.090729082961559, 37.651812638943689 ], [ 140.090677972865507, 37.651853193533718 ], [ 140.090617972150483, 37.651877083070787 ], [ 140.090498249689404, 37.651905693692598 ], [ 140.090420194365635, 37.651910417978605 ], [ 140.090282415429755, 37.651915138263014 ], [ 140.090159637372381, 37.6519129173764 ], [ 140.090036581279094, 37.651898472409748 ], [ 140.08991075042448, 37.651874582072352 ], [ 140.08972797165211, 37.651831806595716 ], [ 140.089658778957045, 37.651819861026858 ], [ 140.089541832190321, 37.651800693374831 ], [ 140.089464055835464, 37.651767360867979 ], [ 140.089392109838229, 37.651717361707533 ], [ 140.089364888440599, 37.651672360542371 ], [ 140.089374056162455, 37.65161986198413 ], [ 140.089406832680822, 37.651560138141441 ], [ 140.089499887950097, 37.65148624944392 ], [ 140.089538778460053, 37.651462361507484 ], [ 140.089580999803189, 37.65145986130937 ], [ 140.089748778630053, 37.651476806474143 ], [ 140.089787665407954, 37.651471806077907 ], [ 140.089808778412049, 37.651447918141471 ], [ 140.089817665298966, 37.651421806117142 ], [ 140.089820720895261, 37.651350139106562 ], [ 140.089829886751119, 37.651292917062626 ], [ 140.089871830991314, 37.651223750250161 ], [ 140.089976582430097, 37.651099861591881 ], [ 140.09001880657226, 37.651066527484382 ], [ 140.090036581279094, 37.651028193780974 ], [ 140.090048806463273, 37.65096625065231 ] ], [ [ 140.090231305333674, 37.652444582425368 ], [ 140.090267415484249, 37.652387361181752 ], [ 140.090327138163332, 37.652344582503837 ], [ 140.090390194474622, 37.65229430643285 ], [ 140.090438249907407, 37.652225138820064 ], [ 140.090489081967547, 37.652172638661185 ], [ 140.090519082791559, 37.652155972007591 ], [ 140.090546028019276, 37.652172638661185 ], [ 140.090591028788765, 37.652203750281423 ], [ 140.090617972150483, 37.6522301392163 ], [ 140.090632973028988, 37.652268193608201 ], [ 140.09062713893934, 37.652313472484238 ], [ 140.090561027964782, 37.652468471962436 ], [ 140.090549082682543, 37.652523473119757 ], [ 140.090528250513415, 37.652552082941241 ], [ 140.090492138496842, 37.652566250197033 ], [ 140.090450194256618, 37.652568749594828 ], [ 140.090258249628391, 37.652520972121323 ], [ 140.090222415647759, 37.652509027352785 ], [ 140.090210194195606, 37.652480417531294 ], [ 140.090231305333674, 37.652444582425368 ] ], [ [ 140.089144332235037, 37.651580417437252 ], [ 140.089189332071555, 37.65158513852198 ], [ 140.089219331962539, 37.651609028059056 ], [ 140.089243499629902, 37.651642361366235 ], [ 140.089255443979113, 37.651670972788359 ], [ 140.089252388382846, 37.651697082411722 ], [ 140.089216278232271, 37.651723194436052 ], [ 140.089186555444201, 37.651739861089638 ], [ 140.089135443482121, 37.651747082372488 ], [ 140.089084609555982, 37.651730417319541 ], [ 140.089048499405408, 37.651706527782466 ], [ 140.089036555056197, 37.651673472986474 ], [ 140.089051555001674, 37.651635417794253 ], [ 140.089081555825686, 37.651609028059056 ], [ 140.089102387994814, 37.65159236060515 ], [ 140.089144332235037, 37.651580417437252 ] ] ], [ [ [ 140.075000000345369, 37.650018638750893 ], [ 140.074947027968335, 37.650000000110062 ], [ 140.074941721960357, 37.64999813936722 ], [ 140.074932249145348, 37.649994806036503 ], [ 140.074863081641496, 37.64995286129151 ], [ 140.074798081877645, 37.649901194265226 ], [ 140.074729193342733, 37.649822305971796 ], [ 140.074664194511911, 37.649757027111455 ], [ 140.074621138127924, 37.649708693415889 ], [ 140.074538915064124, 37.6496470279981 ], [ 140.074478360143246, 37.649626194080874 ], [ 140.074417806155367, 37.649629806723098 ], [ 140.074374749771408, 37.649643417756835 ], [ 140.074348638651514, 37.649663972362553 ], [ 140.07427530620663, 37.649708693415889 ], [ 140.074197527985774, 37.649732860663832 ], [ 140.074119471728977, 37.649736193994549 ], [ 140.074024472074115, 37.649750638961208 ], [ 140.074002806730192, 37.649771472878427 ], [ 140.073990028273158, 37.649812582089865 ], [ 140.074011415581168, 37.64985397221345 ], [ 140.07399419414719, 37.649895083025527 ], [ 140.073946693853259, 37.649957027754823 ], [ 140.073916165880576, 37.64999813936722 ], [ 140.073914777566927, 37.650000000110062 ], [ 140.073890582842353, 37.650032582717543 ], [ 140.073860306781427, 37.650149527003521 ], [ 140.073851694198424, 37.650252582544894 ], [ 140.07384725028848, 37.650335081879916 ], [ 140.073868915632403, 37.650376472803813 ], [ 140.074119471728977, 37.650658417360475 ], [ 140.074296693514611, 37.650826749361229 ], [ 140.074361693278462, 37.650864527642902 ], [ 140.074435027589345, 37.650895639263148 ], [ 140.074461138709268, 37.650933417544827 ], [ 140.074517249720174, 37.651070917236844 ], [ 140.074569194857048, 37.651112027248601 ], [ 140.074655581928909, 37.651156472191708 ], [ 140.07491060992561, 37.65123897232705 ], [ 140.074984221339434, 37.651242582568315 ], [ 140.075000000345369, 37.651240582569883 ], [ 140.075017277759741, 37.651238416905315 ], [ 140.07506588833138, 37.651232305665616 ], [ 140.075139500678233, 37.651208138417672 ], [ 140.075191443949109, 37.651197860714653 ], [ 140.075207278002409, 37.651225917515369 ], [ 140.075217278899089, 37.651254249625985 ], [ 140.075225887750065, 37.651307861428648 ], [ 140.075308109880893, 37.651338693737387 ], [ 140.075372831608775, 37.651331750165404 ], [ 140.075398665625755, 37.651300917056346 ], [ 140.07541172211873, 37.65123897232705 ], [ 140.075476443846611, 37.651098417815504 ], [ 140.075519778266511, 37.65105702769192 ], [ 140.075541443610462, 37.650988417101502 ], [ 140.075588943904364, 37.65094036111681 ], [ 140.075658110475246, 37.650919527199584 ], [ 140.075748943323049, 37.650912861338469 ], [ 140.075793665123598, 37.650949527976358 ], [ 140.07579644361698, 37.650991750432219 ], [ 140.075779222183002, 37.65101925021056 ], [ 140.075722832203127, 37.651043417458503 ], [ 140.075610609248315, 37.651218417721331 ], [ 140.075609500836578, 37.651256193602052 ], [ 140.075626166198703, 37.651292582529074 ], [ 140.075683943559198, 37.651386749722086 ], [ 140.075766165690027, 37.651513972511403 ], [ 140.075805056199982, 37.651541472289743 ], [ 140.075848388753855, 37.651541472289743 ], [ 140.075921723064766, 37.651493417105364 ], [ 140.076034221256492, 37.65142813904535 ], [ 140.076038388063523, 37.651386749722086 ], [ 140.076042831973496, 37.651318138331348 ], [ 140.076098944850401, 37.651208138417672 ], [ 140.076107555567404, 37.651149806330594 ], [ 140.076087831809986, 37.651103693521648 ], [ 140.076005331643245, 37.651051193362761 ], [ 140.075976443895968, 37.651019527121107 ], [ 140.075964222443844, 37.65092897257032 ], [ 140.075978110245586, 37.650881750518543 ], [ 140.076060056206472, 37.650761472101529 ], [ 140.076074499147097, 37.650727305661754 ], [ 140.076064501049444, 37.650687306493467 ], [ 140.07604338711235, 37.650658138849288 ], [ 140.075961999089344, 37.650631473003862 ], [ 140.075925056696974, 37.650611193708052 ], [ 140.075874221837836, 37.650534527901868 ], [ 140.075870055963804, 37.650486471917176 ], [ 140.075891443271814, 37.650410917754776 ], [ 140.075878666680779, 37.650390082236918 ], [ 140.075748943323049, 37.650280082323235 ], [ 140.075701443962117, 37.65027341806276 ], [ 140.075662556251217, 37.65028369416514 ], [ 140.075597556487367, 37.65031119394348 ], [ 140.075554500103408, 37.650317861405235 ], [ 140.075329499987902, 37.650252582544894 ], [ 140.075260609586962, 37.650214806664181 ], [ 140.075200306577841, 37.650146193672803 ], [ 140.075139750723963, 37.650080638702242 ], [ 140.075079193937086, 37.650046472262467 ], [ 140.07501724976953, 37.650024693167914 ], [ 140.075000000345369, 37.650018638750893 ] ] ], [ [ [ 140.066666665256321, 37.651314277590082 ], [ 140.066612471573762, 37.651311722970242 ], [ 140.066562749791359, 37.65129338925113 ], [ 140.066448582450988, 37.65124505635589 ], [ 140.066341638446943, 37.651208667428861 ], [ 140.06623497247881, 37.651187278089907 ], [ 140.066082471633393, 37.65118116765052 ], [ 140.066048027832437, 37.651172277701519 ], [ 140.065945250635423, 37.651132832354321 ], [ 140.065880250871572, 37.651114500235856 ], [ 140.065811638506574, 37.651111443815687 ], [ 140.065720249586889, 37.651111443815687 ], [ 140.06565163722189, 37.651123667895725 ], [ 140.065601915439487, 37.65113894359402 ], [ 140.065499138242473, 37.651260056744277 ], [ 140.065392472274368, 37.651411722891766 ], [ 140.065316082367161, 37.651481443525327 ], [ 140.06525136063928, 37.651517832452349 ], [ 140.065213027134206, 37.651526999311905 ], [ 140.06519024964652, 37.651560332619077 ], [ 140.065186359009431, 37.651602831985485 ], [ 140.065224694380504, 37.651627000033749 ], [ 140.065304693156833, 37.65165144339192 ], [ 140.065396082076518, 37.651660332540608 ], [ 140.065472471983696, 37.651669499400157 ], [ 140.065522748904954, 37.65168200039075 ], [ 140.065537193711577, 37.651754499733613 ], [ 140.065598306570337, 37.651784777420936 ], [ 140.065750805549754, 37.651821167148285 ], [ 140.065895528853019, 37.651869777754392 ], [ 140.066086360404483, 37.651930332328725 ], [ 140.066204415582945, 37.651975888915622 ], [ 140.066250250460257, 37.652006167403265 ], [ 140.066303581111811, 37.652036444290268 ], [ 140.066368306571718, 37.652045611149823 ], [ 140.066452193186137, 37.652036444290268 ], [ 140.066589416983135, 37.652015332662181 ], [ 140.066661916253224, 37.652006167403265 ], [ 140.066666665256321, 37.652006167403265 ], [ 140.066683859633088, 37.652006167403265 ], [ 140.066833581985179, 37.652006167403265 ], [ 140.066913581694507, 37.652000056163565 ], [ 140.067031915841909, 37.651975888915622 ], [ 140.0671613592977, 37.651939499988593 ], [ 140.067271915902921, 37.651915056630429 ], [ 140.06733275072574, 37.65188172252293 ], [ 140.067409136900892, 37.651805889049029 ], [ 140.067462472217471, 37.651769500122001 ], [ 140.06752330704029, 37.651760610973312 ], [ 140.067637750550603, 37.651757556153783 ], [ 140.067805527511439, 37.651766443701831 ], [ 140.067854971257901, 37.651760610973312 ], [ 140.067900806135242, 37.651736167615148 ], [ 140.067908581811395, 37.65169366744842 ], [ 140.067908581811395, 37.651642277332684 ], [ 140.067938859738348, 37.651560332619077 ], [ 140.067946637280528, 37.651502832063962 ], [ 140.067927472394018, 37.651463389117723 ], [ 140.067893306628974, 37.651445056999258 ], [ 140.067782750023753, 37.651427000190701 ], [ 140.067645528092783, 37.651427000190701 ], [ 140.067584416167023, 37.651405610851739 ], [ 140.067424416748366, 37.651335889417858 ], [ 140.067378859906967, 37.651329778178159 ], [ 140.067302470932788, 37.651332832197369 ], [ 140.067211081080103, 37.651360332776029 ], [ 140.067134694904951, 37.651369222725037 ], [ 140.067066082539952, 37.651363110685011 ], [ 140.06695941563882, 37.651302556110686 ], [ 140.066917471398597, 37.651299500490836 ], [ 140.066818305869759, 37.651296443270347 ], [ 140.066757193011, 37.651305611730535 ], [ 140.066683859633088, 37.651314027090081 ], [ 140.066677194234671, 37.651314777789771 ], [ 140.066666665256321, 37.651314277590082 ] ] ], [ [ [ 140.072505000080383, 37.648140082401966 ], [ 140.072376665036302, 37.648216472898241 ], [ 140.072241944495744, 37.648280361603604 ], [ 140.072178055942658, 37.648341472399984 ], [ 140.072171388678214, 37.648384805699308 ], [ 140.072171388678214, 37.648430638396441 ], [ 140.072001666398791, 37.648632306105327 ], [ 140.071985556175548, 37.648662861503517 ], [ 140.071985556175548, 37.648706194002521 ], [ 140.0720208312853, 37.648836193900507 ], [ 140.072017499519092, 37.648877027802037 ], [ 140.071985556175548, 37.648912582796143 ], [ 140.071947220804475, 37.648938138598417 ], [ 140.071754721970393, 37.649012027295932 ], [ 140.071745000042682, 37.649050360999347 ], [ 140.071754721970393, 37.649088693902435 ], [ 140.07181888855942, 37.649142027994237 ], [ 140.071821944155715, 37.649167582996192 ], [ 140.071815555860212, 37.649195638196261 ], [ 140.071648888244084, 37.649389527599929 ], [ 140.07164250088158, 37.64945063919663 ], [ 140.07167777785736, 37.649486472701923 ], [ 140.071738608948152, 37.649514527901999 ], [ 140.07183500064869, 37.64953480639749 ], [ 140.071915000358018, 37.649539806793726 ], [ 140.071982499646253, 37.649537305795285 ], [ 140.07205277836087, 37.649514527901999 ], [ 140.072232499670946, 37.649455917303733 ], [ 140.072296666259973, 37.649435361097375 ], [ 140.072392806981753, 37.649425082594036 ], [ 140.072626693984205, 37.649392027798051 ], [ 140.072716416554272, 37.649363972597975 ], [ 140.072767805619264, 37.649323139496765 ], [ 140.072780582210299, 37.649274806601525 ], [ 140.072771137385502, 37.649238972295912 ], [ 140.072706972662473, 37.649142027994237 ], [ 140.072678081183199, 37.649078417800055 ], [ 140.07267474941699, 37.649035082900092 ], [ 140.072671693820695, 37.648945917703955 ], [ 140.072661972825983, 37.648907582399907 ], [ 140.072626693984205, 37.648833693702386 ], [ 140.072620305688673, 37.648777582501921 ], [ 140.072623610397699, 37.648728971895814 ], [ 140.072636387921733, 37.648650082001737 ], [ 140.072642779016263, 37.648606750303053 ], [ 140.072626665993994, 37.648570917598079 ], [ 140.072607500174485, 37.648514806397614 ], [ 140.072575555897913, 37.648374527195976 ], [ 140.072559443808672, 37.648270083100265 ], [ 140.07254333171943, 37.648178416905694 ], [ 140.072530556061423, 37.648155360501221 ], [ 140.072505000080383, 37.648140082401966 ] ] ], [ [ [ 140.076732860255731, 37.654423693317234 ], [ 140.076684805755946, 37.654390360810375 ], [ 140.076684805755946, 37.654292582575785 ], [ 140.076672859540707, 37.654258973158385 ], [ 140.076567859922221, 37.654168693917505 ], [ 140.076525888624815, 37.654111472673897 ], [ 140.076507832150014, 37.654049527144274 ], [ 140.076430055795157, 37.653892027467954 ], [ 140.076394221814525, 37.653865917044264 ], [ 140.076367277519807, 37.65386341764647 ], [ 140.076337277628795, 37.653870638929313 ], [ 140.076322277683317, 37.653887306383218 ], [ 140.076295331522573, 37.653927860973248 ], [ 140.076217277131803, 37.653985083017176 ], [ 140.076166165169724, 37.654037583176056 ], [ 140.076145331134569, 37.654092582732737 ], [ 140.076136165278712, 37.654161472634655 ], [ 140.076121165333205, 37.654207027620913 ], [ 140.076139221808006, 37.654237582218784 ], [ 140.076184221644496, 37.654306750631896 ], [ 140.076190331904087, 37.654359249190136 ], [ 140.076178387554876, 37.654409249951215 ], [ 140.076160331080075, 37.654442860969262 ], [ 140.076112277513289, 37.654502306300763 ], [ 140.076094221038488, 37.654547582775834 ], [ 140.076094221038488, 37.654607306618523 ], [ 140.076124220929501, 37.654657305778962 ], [ 140.076193387500354, 37.654755082412919 ], [ 140.076211165939213, 37.654795638603581 ], [ 140.076214221535508, 37.65485536164595 ], [ 140.076199221590002, 37.65496036116339 ], [ 140.076211194862424, 37.654986472387399 ], [ 140.076255915729973, 37.655019805694572 ], [ 140.076603693902854, 37.654793417716967 ], [ 140.076672859540707, 37.654764806294843 ], [ 140.07678980630746, 37.654726471791115 ], [ 140.076873694787878, 37.654678972828791 ], [ 140.076921750220663, 37.654647861208545 ], [ 140.076978694406392, 37.654628693556518 ], [ 140.077035638592093, 37.654609806016317 ], [ 140.077059529156543, 37.654578693595759 ], [ 140.0770506385376, 37.654550082173635 ], [ 140.077020638646587, 37.654528693634994 ], [ 140.076972583213802, 37.65450008301319 ], [ 140.076732860255731, 37.654423693317234 ] ] ], [ [ [ 140.078089527280241, 37.654652306183046 ], [ 140.078035637757807, 37.654683417803291 ], [ 140.078032581228513, 37.654726193279927 ], [ 140.078041471847456, 37.654778693438807 ], [ 140.078071471738468, 37.654809806659692 ], [ 140.078179527886249, 37.654867027102981 ], [ 140.078221472126472, 37.654869250390554 ], [ 140.078323416148692, 37.654857582532564 ], [ 140.078386194424041, 37.654867027102981 ], [ 140.078437306386121, 37.654878972671838 ], [ 140.078490916939614, 37.654867027102981 ], [ 140.07854508263199, 37.654845638564346 ], [ 140.078598973087423, 37.65482175062791 ], [ 140.078649805147563, 37.654823972314837 ], [ 140.078688970894405, 37.65484063816811 ], [ 140.078715915189122, 37.65487425078679 ], [ 140.078739805753571, 37.654917027864066 ], [ 140.078763971554906, 37.654978972593362 ], [ 140.07880591579513, 37.655012582010762 ], [ 140.078871749666774, 37.655036193036658 ], [ 140.078940638201715, 37.655038694035092 ], [ 140.079030637874723, 37.65502452757962 ], [ 140.079162582720926, 37.654986193876212 ], [ 140.07927369446503, 37.654936222726953 ], [ 140.07936955621787, 37.654876500484903 ], [ 140.079462610554145, 37.654797888301694 ], [ 140.079507610390635, 37.654731222487662 ], [ 140.079513444480284, 37.654680943215396 ], [ 140.079492610445158, 37.654640389425694 ], [ 140.079462610554145, 37.654633167342524 ], [ 140.079435639202245, 37.654628443856836 ], [ 140.079396472522376, 37.654635667540646 ], [ 140.079252582393934, 37.654673721932546 ], [ 140.079183693859022, 37.654673721932546 ], [ 140.079144528112153, 37.654662056475516 ], [ 140.07893174944877, 37.654685638689905 ], [ 140.078880915522632, 37.654692860773068 ], [ 140.078838694179495, 37.654709527426661 ], [ 140.078739805753571, 37.654714249311709 ], [ 140.078655915407126, 37.654714249311709 ], [ 140.078617028629196, 37.654692860773068 ], [ 140.078610915570607, 37.654666749549065 ], [ 140.078619805256551, 37.654573693199524 ], [ 140.07859008246848, 37.654528417524766 ], [ 140.078545360667931, 37.654499806902962 ], [ 140.07847619409705, 37.654473417167772 ], [ 140.078452306331627, 37.654475917365886 ], [ 140.078386194424041, 37.654502027789576 ], [ 140.078278416312202, 37.6545306392117 ], [ 140.078251472017485, 37.654554527948456 ], [ 140.078197305392109, 37.654599806024166 ], [ 140.078089527280241, 37.654652306183046 ] ] ], [ [ [ 140.071687500718099, 37.650489806848533 ], [ 140.071648611141171, 37.650517306626874 ], [ 140.071644166298199, 37.650548418247112 ], [ 140.071795582057064, 37.650634250112532 ], [ 140.071864750493944, 37.650651472187853 ], [ 140.072175859645341, 37.650641193684514 ], [ 140.072245028082222, 37.650634250112532 ], [ 140.07256502785259, 37.65054147307449 ], [ 140.072634193490444, 37.650500082950913 ], [ 140.072677249874403, 37.650445082593912 ], [ 140.072685860591378, 37.650338693721821 ], [ 140.072655581731453, 37.650321472446819 ], [ 140.072625305670527, 37.650317861405235 ], [ 140.072521693432691, 37.650338693721821 ], [ 140.072465582421785, 37.650328417619441 ], [ 140.072413637284882, 37.650314527274197 ], [ 140.072353082364003, 37.650300917841101 ], [ 140.072288360636122, 37.650293972668479 ], [ 140.072197528721318, 37.650245917484099 ], [ 140.072136971934441, 37.650252582544894 ], [ 140.072059193713585, 37.650262861048233 ], [ 140.072003081769651, 37.650290360826574 ], [ 140.071912250787875, 37.650352306356197 ], [ 140.071825832926805, 37.650417582815571 ], [ 140.071687500718099, 37.650489806848533 ] ] ], [ [ [ 140.080633165174078, 37.653528167009192 ], [ 140.080570109795786, 37.653532888894247 ], [ 140.080473998930216, 37.653582888054686 ], [ 140.080405109462276, 37.653647332181784 ], [ 140.080348167142574, 37.653752332499543 ], [ 140.080327333107419, 37.653835667368121 ], [ 140.080324278444152, 37.65389538880985 ], [ 140.080351222738869, 37.653931223115464 ], [ 140.08041427905016, 37.653954832540713 ], [ 140.080462055514005, 37.653959832936948 ], [ 140.080528165555563, 37.653954832540713 ], [ 140.080585109741293, 37.653935943399873 ], [ 140.080627055847515, 37.653916777348492 ], [ 140.080725944273439, 37.653838167566242 ], [ 140.08078899965173, 37.65379761137558 ], [ 140.080911778642104, 37.653742611018579 ], [ 140.081070666850025, 37.653673444206113 ], [ 140.08113038766308, 37.653649832379905 ], [ 140.081160387554092, 37.653628166930716 ], [ 140.081190387445105, 37.653580667168072 ], [ 140.08119955703296, 37.653542332664344 ], [ 140.081187608951723, 37.65350649995937 ], [ 140.081118443313869, 37.653447056228508 ], [ 140.081094556481474, 37.653430388774602 ], [ 140.081049832814898, 37.653425389178686 ], [ 140.080974832154368, 37.6534423319425 ], [ 140.080911778642104, 37.653470944164944 ], [ 140.080782888459169, 37.653518443927588 ], [ 140.080732055466029, 37.653525667611397 ], [ 140.080672055684005, 37.653523167413276 ], [ 140.080633165174078, 37.653528167009192 ] ] ] ] } }
]
}
