{
"type": "FeatureCollection",
"crs": { "type": "name", "properties": { "name": "urn:ogc:def:crs:EPSG::4612" } },
"features": [
{ "type": "Feature", "properties": { "P12_001": 10001, "P12_002": "秋田竿燈まつり", "P12_003": "05", "P12_004": "05201", "P12_005": "年中行事", "P12_006": "秋田市旭北", "P12_007": 1 }, "geometry": { "type": "MultiPoint", "coordinates": [ [ 140.102615555663419, 39.719876109794711 ] ] } },
{ "type": "Feature", "properties": { "P12_001": 10002, "P12_002": "秋田市大森山公園", "P12_003": "05", "P12_004": "05201", "P12_005": "‐", "P12_006": "秋田市浜田", "P12_007": 4 }, "geometry": { "type": "MultiPoint", "coordinates": [ [ 140.072465999906058, 39.672973000003992 ] ] } },
{ "type": "Feature", "properties": { "P12_001": 10003, "P12_002": "秋田市花木観光農園", "P12_003": "05", "P12_004": "05201", "P12_005": "‐", "P12_006": "秋田市雄和向野字桧谷地1", "P12_007": 6 }, "geometry": { "type": "MultiPoint", "coordinates": [ [ 140.237062000011406, 39.541128000257061 ] ] } },
{ "type": "Feature", "properties": { "P12_001": 10004, "P12_002": "秋田市浜田森林総合公園", "P12_003": "05", "P12_004": "05201", "P12_005": "‐", "P12_006": "秋田市浜田", "P12_007": 1 }, "geometry": { "type": "MultiPoint", "coordinates": [ [ 140.082418000190614, 39.65611499960761 ] ] } },
{ "type": "Feature", "properties": { "P12_001": 10005, "P12_002": "自然科学学習館", "P12_003": "05", "P12_004": "05201", "P12_005": "‐", "P12_006": "秋田市東通仲町4-1", "P12_007": 6 }, "geometry": { "type": "MultiPoint", "coordinates": [ [ 140.131523000186348, 39.715840000115975 ] ] } },
{ "type": "Feature", "properties": { "P12_001": 10006, "P12_002": "秋田市文化会館", "P12_003": "05", "P12_004": "05201", "P12_005": "‐", "P12_006": "秋田市山王7-3-1", "P12_007": 6 }, "geometry": { "type": "MultiPoint", "coordinates": [ [ 140.098049999807699, 39.718498000382453 ] ] } },
{ "type": "Feature", "properties": { "P12_001": 10007, "P12_002": "秋田県児童会館", "P12_003": "05", "P12_004": "05201", "P12_005": "‐", "P12_006": "秋田市山王中島町1-2", "P12_007": 6 }, "geometry": { "type": "MultiPoint", "coordinates": [ [ 140.092584999598103, 39.717808000039213 ] ] } },
{ "type": "Feature", "properties": { "P12_001": 10008, "P12_002": "向浜運動公園野球広場", "P12_003": "05", "P12_004": "05201", "P12_005": "‐", "P12_006": "秋田市新屋町字砂奴寄4-6", "P12_007": 4 }, "geometry": { "type": "MultiPoint", "coordinates": [ [ 140.070268000168085, 39.724272999599293 ] ] } },
{ "type": "Feature", "properties": { "P12_001": 10009, "P12_002": "秋田県立総合プール", "P12_003": "05", "P12_004": "05201", "P12_005": "‐", "P12_006": "秋田市新屋町字砂奴寄4-6", "P12_007": 4 }, "geometry": { "type": "MultiPoint", "coordinates": [ [ 140.067938999785042, 39.72329899964916 ] ] } },
{ "type": "Feature", "properties": { "P12_001": 10010, "P12_002": "種沢リンゴ園", "P12_003": "05", "P12_004": "05201", "P12_005": "‐", "P12_006": "秋田市雄和種沢熊野堂272", "P12_007": 1 }, "geometry": { "type": "MultiPoint", "coordinates": [ [ 140.20211700009952, 39.579868999854511 ] ] } },
{ "type": "Feature", "properties": { "P12_001": 10011, "P12_002": "ザ・パワーオブミュージックフロムアキタ", "P12_003": "05", "P12_004": "05201", "P12_005": "‐", "P12_006": "秋田市大町", "P12_007": 1 }, "geometry": { "type": "MultiPoint", "coordinates": [ [ 140.11603299992305, 39.714425999660193 ] ] } },
{ "type": "Feature", "properties": { "P12_001": 10012, "P12_002": "仲小路JAZZフェスティバル", "P12_003": "05", "P12_004": "05201", "P12_005": "‐", "P12_006": "秋田市中通", "P12_007": 1 }, "geometry": { "type": "MultiPoint", "coordinates": [ [ 140.126493000251799, 39.714600999636502 ] ] } },
{ "type": "Feature", "properties": { "P12_001": 10013, "P12_002": "秋田市一つ森公園（コミュニティ体育館）", "P12_003": "05", "P12_004": "05201", "P12_005": "‐", "P12_006": "秋田市横森", "P12_007": 4 }, "geometry": { "type": "MultiPoint", "coordinates": [ [ 140.142055000238088, 39.699823999877765 ] ] } },
{ "type": "Feature", "properties": { "P12_001": 10014, "P12_002": "秋田リバーサイドグリーン", "P12_003": "05", "P12_004": "05201", "P12_005": "‐", "P12_006": "秋田市仁井田字新中島", "P12_007": 4 }, "geometry": { "type": "MultiPoint", "coordinates": [ [ 140.108204999561167, 39.675732000431537 ] ] } },
{ "type": "Feature", "properties": { "P12_001": 10015, "P12_002": "秋田温泉プラザ", "P12_003": "05", "P12_004": "05201", "P12_005": "‐", "P12_006": "秋田市添川字境内川原142-3", "P12_007": 3 }, "geometry": { "type": "MultiPoint", "coordinates": [ [ 140.131373999610446, 39.749785999824098 ] ] } },
{ "type": "Feature", "properties": { "P12_001": 10016, "P12_002": "秋田県立中央公園", "P12_003": "05", "P12_004": "05201", "P12_005": "‐", "P12_006": "秋田市雄和椿川字駒坂台4-1", "P12_007": 4 }, "geometry": { "type": "MultiPoint", "coordinates": [ [ 140.206254000221975, 39.623956999615871 ] ] } },
{ "type": "Feature", "properties": { "P12_001": 10017, "P12_002": "秋田ポートタワー・セリオン", "P12_003": "05", "P12_004": "05201", "P12_005": "‐", "P12_006": "秋田市土崎港西1-9-1", "P12_007": 6 }, "geometry": { "type": "MultiPoint", "coordinates": [ [ 140.061084000226515, 39.752704999536149 ] ] } },
{ "type": "Feature", "properties": { "P12_001": 10018, "P12_002": "秋田市大森山動物園", "P12_003": "05", "P12_004": "05201", "P12_005": "‐", "P12_006": "秋田市浜田字潟端154", "P12_007": 2 }, "geometry": { "type": "MultiPoint", "coordinates": [ [ 140.074537859834436, 39.671960000054014 ] ] } },
{ "type": "Feature", "properties": { "P12_001": 10019, "P12_002": "秋田市赤れんが郷土館", "P12_003": "05", "P12_004": "05201", "P12_005": "‐", "P12_006": "秋田市大町3-3-21", "P12_007": 2 }, "geometry": { "type": "MultiPoint", "coordinates": [ [ 140.115693857485553, 39.71666474498204 ] ] } },
{ "type": "Feature", "properties": { "P12_001": 10020, "P12_002": "秋田市民俗芸能伝承館", "P12_003": "05", "P12_004": "05201", "P12_005": "‐", "P12_006": "秋田市大町1-3-30", "P12_007": 2 }, "geometry": { "type": "MultiPoint", "coordinates": [ [ 140.11698282609666, 39.720360259818165 ] ] } },
{ "type": "Feature", "properties": { "P12_001": 10021, "P12_002": "秋田市佐竹史料館", "P12_003": "05", "P12_004": "05201", "P12_005": "‐", "P12_006": "秋田市千秋公園1-1", "P12_007": 2 }, "geometry": { "type": "MultiPoint", "coordinates": [ [ 140.121862315493559, 39.720693597131856 ] ] } },
{ "type": "Feature", "properties": { "P12_001": 10022, "P12_002": "久保田城御隅櫓", "P12_003": "05", "P12_004": "05201", "P12_005": "‐", "P12_006": "秋田市千秋公園1-1", "P12_007": 2 }, "geometry": { "type": "MultiPoint", "coordinates": [ [ 140.121862190487718, 39.720693162759289 ] ] } },
{ "type": "Feature", "properties": { "P12_001": 10023, "P12_002": "秋田城跡外郭東門", "P12_003": "05", "P12_004": "05201", "P12_005": "‐", "P12_006": "秋田市寺内大畑", "P12_007": 2 }, "geometry": { "type": "MultiPoint", "coordinates": [ [ 140.079694000477843, 39.740318000275522 ] ] } },
{ "type": "Feature", "properties": { "P12_001": 10024, "P12_002": "秋田市観光案内所", "P12_003": "05", "P12_004": "05201", "P12_005": "‐", "P12_006": "秋田市中通7-1-2", "P12_007": 6 }, "geometry": { "type": "MultiPoint", "coordinates": [ [ 140.129715000446936, 39.716870999996729 ] ] } },
{ "type": "Feature", "properties": { "P12_001": 10025, "P12_002": "秋田市千秋公園", "P12_003": "05", "P12_004": "05201", "P12_005": "‐", "P12_006": "秋田市千秋公園1-1", "P12_007": 4 }, "geometry": { "type": "MultiPoint", "coordinates": [ [ 140.12340100065569, 39.721249999587883 ] ] } },
{ "type": "Feature", "properties": { "P12_001": 10026, "P12_002": "クアドーム　ザ・ブーン", "P12_003": "05", "P12_004": "05201", "P12_005": "‐", "P12_006": "秋田市仁別字マンタラメ231", "P12_007": 4 }, "geometry": { "type": "MultiPoint", "coordinates": [ [ 140.225785998924721, 39.798669001273424 ] ] } },
{ "type": "Feature", "properties": { "P12_001": 10027, "P12_002": "太平山スキー場オーパス", "P12_003": "05", "P12_004": "05201", "P12_005": "‐", "P12_006": "秋田市仁別字蛇馬目沢111", "P12_007": 4 }, "geometry": { "type": "MultiPoint", "coordinates": [ [ 140.219651001092871, 39.787452999356503 ] ] } },
{ "type": "Feature", "properties": { "P12_001": 10028, "P12_002": "秋田市太平山リゾート公園・テニスの森", "P12_003": "05", "P12_004": "05201", "P12_005": "‐", "P12_006": "秋田市仁別字小水沢134", "P12_007": 4 }, "geometry": { "type": "MultiPoint", "coordinates": [ [ 140.221549998733508, 39.793253999772332 ] ] } },
{ "type": "Feature", "properties": { "P12_001": 10029, "P12_002": "秋田市太平山リゾート公園・グラウンドゴルフ場", "P12_003": "05", "P12_004": "05201", "P12_005": "‐", "P12_006": "秋田市仁別マンタラメ", "P12_007": 4 }, "geometry": { "type": "MultiPoint", "coordinates": [ [ 140.220924964515575, 39.796598810486785 ] ] } },
{ "type": "Feature", "properties": { "P12_001": 10030, "P12_002": "森林学習館木こりの宿", "P12_003": "05", "P12_004": "05201", "P12_005": "‐", "P12_006": "秋田市仁別字マンタラメ210", "P12_007": 3 }, "geometry": { "type": "MultiPoint", "coordinates": [ [ 140.222324319511813, 39.79585790761638 ] ] } },
{ "type": "Feature", "properties": { "P12_001": 10031, "P12_002": "秋田市植物園", "P12_003": "05", "P12_004": "05201", "P12_005": "‐", "P12_006": "秋田市仁別字マンタラメ", "P12_007": 2 }, "geometry": { "type": "MultiPoint", "coordinates": [ [ 140.222394999929406, 39.799789001661168 ] ] } },
{ "type": "Feature", "properties": { "P12_001": 10032, "P12_002": "秋田県立美術館", "P12_003": "05", "P12_004": "05201", "P12_005": "‐", "P12_006": "秋田市中通1-4-2", "P12_007": 2 }, "geometry": { "type": "MultiPoint", "coordinates": [ [ 140.121524000432373, 39.717351000548263 ] ] } },
{ "type": "Feature", "properties": { "P12_001": 10033, "P12_002": "平野政吉美術館", "P12_003": "05", "P12_004": "05201", "P12_005": "‐", "P12_006": "秋田市千秋明徳町3-7", "P12_007": 2 }, "geometry": { "type": "MultiPoint", "coordinates": [ [ 140.121524831405964, 39.717363859054899 ] ] } },
{ "type": "Feature", "properties": { "P12_001": 10034, "P12_002": "秋田県立博物館", "P12_003": "05", "P12_004": "05201", "P12_005": "‐", "P12_006": "秋田市金足鳰崎字後山52", "P12_007": 2 }, "geometry": { "type": "MultiPoint", "coordinates": [ [ 140.066209000944696, 39.817416998895453 ] ] } },
{ "type": "Feature", "properties": { "P12_001": 10035, "P12_002": "秋田県立博物館分館（旧奈良家）", "P12_003": "05", "P12_004": "05201", "P12_005": "‐", "P12_006": "秋田市金足小泉字上前8", "P12_007": 2 }, "geometry": { "type": "MultiPoint", "coordinates": [ [ 140.065415001201359, 39.823038000903068 ] ] } },
{ "type": "Feature", "properties": { "P12_001": 10036, "P12_002": "秋田県立小泉潟公園", "P12_003": "05", "P12_004": "05201", "P12_005": "‐", "P12_006": "秋田市金足鳰崎字後谷地21", "P12_007": 4 }, "geometry": { "type": "MultiPoint", "coordinates": [ [ 140.067153000410713, 39.814897998743675 ] ] } },
{ "type": "Feature", "properties": { "P12_001": 10037, "P12_002": "水心苑", "P12_003": "05", "P12_004": "05201", "P12_005": "‐", "P12_006": "秋田市金足鳰崎字後谷地21", "P12_007": 2 }, "geometry": { "type": "MultiPoint", "coordinates": [ [ 140.067151078559505, 39.814896015738611 ] ] } },
{ "type": "Feature", "properties": { "P12_001": 10038, "P12_002": "秋田県立野球場こまちスタジアム", "P12_003": "05", "P12_004": "05201", "P12_005": "‐", "P12_006": "秋田市新屋町字砂奴寄4-6", "P12_007": 4 }, "geometry": { "type": "MultiPoint", "coordinates": [ [ 140.069677999939813, 39.726186999730317 ] ] } },
{ "type": "Feature", "properties": { "P12_001": 10039, "P12_002": "秋田県立スケート場", "P12_003": "05", "P12_004": "05201", "P12_005": "‐", "P12_006": "秋田市新屋砂奴寄2-2", "P12_007": 4 }, "geometry": { "type": "MultiPoint", "coordinates": [ [ 140.078346341210704, 39.726050130109456 ] ] } },
{ "type": "Feature", "properties": { "P12_001": 10040, "P12_002": "太平山登山", "P12_003": "05", "P12_004": "05201", "P12_005": "‐", "P12_006": "秋田市仁別", "P12_007": 1 }, "geometry": { "type": "MultiPoint", "coordinates": [ [ 140.310675999797581, 39.796911002041156 ] ] } },
{ "type": "Feature", "properties": { "P12_001": 10041, "P12_002": "仁別国民の森", "P12_003": "05", "P12_004": "05201", "P12_005": "‐", "P12_006": "秋田市仁別", "P12_007": 1 }, "geometry": { "type": "MultiPoint", "coordinates": [ [ 140.264305999122598, 39.806405000090706 ] ] } },
{ "type": "Feature", "properties": { "P12_001": 10042, "P12_002": "雄和観光交流館Ｖｉｌｌａフローラ", "P12_003": "05", "P12_004": "05201", "P12_005": "‐", "P12_006": "秋田市雄和妙法字糠塚1-1", "P12_007": 5 }, "geometry": { "type": "MultiPoint", "coordinates": [ [ 140.1862210224823, 39.59560537388893 ] ] } },
{ "type": "Feature", "properties": { "P12_001": 10043, "P12_002": "雄和里の家", "P12_003": "05", "P12_004": "05201", "P12_005": "‐", "P12_006": "秋田市雄和妙法字糠塚21", "P12_007": 5 }, "geometry": { "type": "MultiPoint", "coordinates": [ [ 140.187707000177966, 39.594740000350782 ] ] } },
{ "type": "Feature", "properties": { "P12_001": 10044, "P12_002": "雄和サイクリングターミナル", "P12_003": "05", "P12_004": "05201", "P12_005": "‐", "P12_006": "秋田市雄和椿川字椿岱194-1", "P12_007": 6 }, "geometry": { "type": "MultiPoint", "coordinates": [ [ 140.195932552145678, 39.627355510648329 ] ] } },
{ "type": "Feature", "properties": { "P12_001": 10045, "P12_002": "秋田国際ダリア園", "P12_003": "05", "P12_004": "05201", "P12_005": "‐", "P12_006": "秋田市雄和妙法字糠塚21", "P12_007": 2 }, "geometry": { "type": "MultiPoint", "coordinates": [ [ 140.187118000895111, 39.595603999724858 ] ] } },
{ "type": "Feature", "properties": { "P12_001": 10046, "P12_002": "雄和トールケーゼ組合チーズ館", "P12_003": "05", "P12_004": "05201", "P12_005": "‐", "P12_006": "秋田市雄和妙法字糠塚9", "P12_007": 5 }, "geometry": { "type": "MultiPoint", "coordinates": [ [ 140.188429423778985, 39.595182137645565 ] ] } },
{ "type": "Feature", "properties": { "P12_001": 10047, "P12_002": "三吉梵天祭", "P12_003": "05", "P12_004": "05201", "P12_005": "‐", "P12_006": "秋田市広面字赤沼3-2", "P12_007": 1 }, "geometry": { "type": "MultiPoint", "coordinates": [ [ 140.144317832102388, 39.726115539600528 ] ] } },
{ "type": "Feature", "properties": { "P12_001": 10048, "P12_002": "星辻神社だるま祭", "P12_003": "05", "P12_004": "05201", "P12_005": "‐", "P12_006": "秋田市大町1-2", "P12_007": 1 }, "geometry": { "type": "MultiPoint", "coordinates": [ [ 140.118169999545898, 39.719809998832432 ] ] } },
{ "type": "Feature", "properties": { "P12_001": 10049, "P12_002": "千秋公園桜まつり", "P12_003": "05", "P12_004": "05201", "P12_005": "‐", "P12_006": "秋田市千秋公園1-1", "P12_007": 1 }, "geometry": { "type": "MultiPoint", "coordinates": [ [ 140.121864081762055, 39.720691829964039 ] ] } },
{ "type": "Feature", "properties": { "P12_001": 10050, "P12_002": "太平川観桜会", "P12_003": "05", "P12_004": "05201", "P12_005": "‐", "P12_006": "秋田市楢山", "P12_007": 1 }, "geometry": { "type": "MultiPoint", "coordinates": [ [ 140.102617750009244, 39.719874968555018 ] ] } },
{ "type": "Feature", "properties": { "P12_001": 10051, "P12_002": "あらやさくら公園観桜会", "P12_003": "05", "P12_004": "05201", "P12_005": "‐", "P12_006": "秋田市新屋元町18", "P12_007": 1 }, "geometry": { "type": "MultiPoint", "coordinates": [ [ 140.08757799982493, 39.684216001367417 ] ] } },
{ "type": "Feature", "properties": { "P12_001": 10052, "P12_002": "千秋公園つつじまつり", "P12_003": "05", "P12_004": "05201", "P12_005": "‐", "P12_006": "秋田市千秋公園1-1", "P12_007": 1 }, "geometry": { "type": "MultiPoint", "coordinates": [ [ 140.121862353265101, 39.720692880372212 ] ] } },
{ "type": "Feature", "properties": { "P12_001": 10053, "P12_002": "ヤートセ秋田祭", "P12_003": "05", "P12_004": "05201", "P12_005": "‐", "P12_006": "秋田市大町1（通町商店街通り）", "P12_007": 1 }, "geometry": { "type": "MultiPoint", "coordinates": [ [ 140.115885000292565, 39.720976000442136 ] ] } },
{ "type": "Feature", "properties": { "P12_001": 10054, "P12_002": "土崎港曳山まつり", "P12_003": "05", "P12_004": "05201", "P12_005": "‐", "P12_006": "秋田市土崎港中央", "P12_007": 1 }, "geometry": { "type": "MultiPoint", "coordinates": [ [ 140.102619000966229, 39.719878835639804 ] ] } },
{ "type": "Feature", "properties": { "P12_001": 10055, "P12_002": "雄物川花火大会", "P12_003": "05", "P12_004": "05201", "P12_005": "‐", "P12_006": "秋田市新屋", "P12_007": 1 }, "geometry": { "type": "MultiPoint", "coordinates": [ [ 140.085312377364403, 39.677142581664839 ] ] } },
{ "type": "Feature", "properties": { "P12_001": 10056, "P12_002": "大正寺おけさまつり", "P12_003": "05", "P12_004": "05201", "P12_005": "‐", "P12_006": "秋田市雄和新波", "P12_007": 1 }, "geometry": { "type": "MultiPoint", "coordinates": [ [ 140.229217999810885, 39.529476999863732 ] ] } },
{ "type": "Feature", "properties": { "P12_001": 10057, "P12_002": "アキタミュージックフェスティバル", "P12_003": "05", "P12_004": "05201", "P12_005": "‐", "P12_006": "秋田市中通", "P12_007": 1 }, "geometry": { "type": "MultiPoint", "coordinates": [ [ 140.102615667179407, 39.719875968601116 ] ] } },
{ "type": "Feature", "properties": { "P12_001": 10058, "P12_002": "岩見温泉", "P12_003": "05", "P12_004": "05201", "P12_005": "‐", "P12_006": "秋田市河辺三内字外川原110", "P12_007": 3 }, "geometry": { "type": "MultiPoint", "coordinates": [ [ 140.288746049690531, 39.708036853418093 ] ] } },
{ "type": "Feature", "properties": { "P12_001": 10059, "P12_002": "秋田県健康増進交流センター　ユフォーレ", "P12_003": "05", "P12_004": "05201", "P12_005": "‐", "P12_006": "秋田市河辺三内字丸舞1-1", "P12_007": 3 }, "geometry": { "type": "MultiPoint", "coordinates": [ [ 140.316465018545841, 39.741808513252352 ] ] } },
{ "type": "Feature", "properties": { "P12_001": 10060, "P12_002": "雄和ふるさと温泉ユアシス", "P12_003": "05", "P12_004": "05201", "P12_005": "‐", "P12_006": "秋田市雄和神ヶ村字舟卸145-2", "P12_007": 3 }, "geometry": { "type": "MultiPoint", "coordinates": [ [ 140.217821753071462, 39.515490848623813 ] ] } },
{ "type": "Feature", "properties": { "P12_001": 10061, "P12_002": "秋田温泉さとみ", "P12_003": "05", "P12_004": "05201", "P12_005": "‐", "P12_006": "秋田市添川字境内川原142-1", "P12_007": 3 }, "geometry": { "type": "MultiPoint", "coordinates": [ [ 140.132195999745704, 39.749179000610468 ] ] } },
{ "type": "Feature", "properties": { "P12_001": 10062, "P12_002": "貝の沢温泉", "P12_003": "05", "P12_004": "05201", "P12_005": "‐", "P12_006": "秋田市太平貝の沢66", "P12_007": 3 }, "geometry": { "type": "MultiPoint", "coordinates": [ [ 140.260876936321665, 39.721153935805546 ] ] } },
{ "type": "Feature", "properties": { "P12_001": 10063, "P12_002": "秋田カントリー倶楽部", "P12_003": "05", "P12_004": "05201", "P12_005": "‐", "P12_006": "秋田市新屋砂奴寄5-1", "P12_007": 4 }, "geometry": { "type": "MultiPoint", "coordinates": [ [ 140.078646307381291, 39.718796944923099 ] ] } },
{ "type": "Feature", "properties": { "P12_001": 10064, "P12_002": "南秋田カントリークラブ", "P12_003": "05", "P12_004": "05201", "P12_005": "‐", "P12_006": "秋田市金足吉田字浅田1-1", "P12_007": 4 }, "geometry": { "type": "MultiPoint", "coordinates": [ [ 140.111853236138018, 39.823234378663699 ] ] } },
{ "type": "Feature", "properties": { "P12_001": 10065, "P12_002": "ノースハンプトンゴルフ倶楽部", "P12_003": "05", "P12_004": "05201", "P12_005": "‐", "P12_006": "秋田市河辺神内字沼の沢1-1", "P12_007": 4 }, "geometry": { "type": "MultiPoint", "coordinates": [ [ 140.294404000344457, 39.663800999716443 ] ] } },
{ "type": "Feature", "properties": { "P12_001": 10066, "P12_002": "下浜海水浴場", "P12_003": "05", "P12_004": "05201", "P12_005": "‐", "P12_006": "秋田市下浜", "P12_007": 4 }, "geometry": { "type": "MultiPoint", "coordinates": [ [ 140.062477998860572, 39.626888000780639 ] ] } },
{ "type": "Feature", "properties": { "P12_001": 10067, "P12_002": "桂浜海水浴場", "P12_003": "05", "P12_004": "05201", "P12_005": "‐", "P12_006": "秋田市浜田境川", "P12_007": 4 }, "geometry": { "type": "MultiPoint", "coordinates": [ [ 140.063806998993869, 39.655952000184698 ] ] } },
{ "type": "Feature", "properties": { "P12_001": 10068, "P12_002": "秋田まるごと市場", "P12_003": "05", "P12_004": "05201", "P12_005": "‐", "P12_006": "秋田市卸町2-2-7", "P12_007": 5 }, "geometry": { "type": "MultiPoint", "coordinates": [ [ 140.109814087250356, 39.700292784984072 ] ] } },
{ "type": "Feature", "properties": { "P12_001": 10069, "P12_002": "秋田市民市場", "P12_003": "05", "P12_004": "05201", "P12_005": "‐", "P12_006": "秋田市中通4-7-35", "P12_007": 5 }, "geometry": { "type": "MultiPoint", "coordinates": [ [ 140.125756000439083, 39.714777000558172 ] ] } },
{ "type": "Feature", "properties": { "P12_001": 10070, "P12_002": "あきた県産品プラザ", "P12_003": "05", "P12_004": "05201", "P12_005": "‐", "P12_006": "秋田市中通2-3-8", "P12_007": 5 }, "geometry": { "type": "MultiPoint", "coordinates": [ [ 140.124608999705629, 39.717373000663486 ] ] } },
{ "type": "Feature", "properties": { "P12_001": 10071, "P12_002": "秋田県北部地方のきりたんぽ鍋", "P12_003": "05", "P12_004": "05202", "P12_005": "食", "P12_006": "能代市", "P12_007": -1 }, "geometry": { "type": "MultiPoint", "coordinates": [ [ 140.026624000197558, 40.212150999868811 ] ] } },
{ "type": "Feature", "properties": { "P12_001": 10072, "P12_002": "白神山地のブナ原生林", "P12_003": "05", "P12_004": "05202", "P12_005": "植物", "P12_006": "能代市（秋田県北西部）", "P12_007": -1 }, "geometry": { "type": "MultiPoint", "coordinates": [ [ 140.139995999715666, 40.299999999600345 ] ] } },
{ "type": "Feature", "properties": { "P12_001": 10073, "P12_002": "太鼓フェスティバルｉｎのしろ", "P12_003": "05", "P12_004": "05202", "P12_005": "‐", "P12_006": "能代市", "P12_007": 1 }, "geometry": { "type": "MultiPoint", "coordinates": [ [ 140.026624000197558, 40.212150999868811 ] ] } },
{ "type": "Feature", "properties": { "P12_001": 10074, "P12_002": "こども冬まつり", "P12_003": "05", "P12_004": "05202", "P12_005": "‐", "P12_006": "能代市", "P12_007": 1 }, "geometry": { "type": "MultiPoint", "coordinates": [ [ 140.026667324137748, 40.212146126442633 ] ] } },
{ "type": "Feature", "properties": { "P12_001": 10075, "P12_002": "能代公園さくらまつり", "P12_003": "05", "P12_004": "05202", "P12_005": "‐", "P12_006": "能代市清助町9", "P12_007": 1 }, "geometry": { "type": "MultiPoint", "coordinates": [ [ 140.018742999190181, 40.212694000627664 ] ] } },
{ "type": "Feature", "properties": { "P12_001": 10076, "P12_002": "能代凧揚げ大会", "P12_003": "05", "P12_004": "05202", "P12_005": "‐", "P12_006": "能代市能代町下浜", "P12_007": 1 }, "geometry": { "type": "MultiPoint", "coordinates": [ [ 140.014166666758342, 40.216666666733317 ] ] } },
{ "type": "Feature", "properties": { "P12_001": 10077, "P12_002": "能代カップ高校選抜バスケットボール大会", "P12_003": "05", "P12_004": "05202", "P12_005": "‐", "P12_006": "能代市大町9-53", "P12_007": 1 }, "geometry": { "type": "MultiPoint", "coordinates": [ [ 140.026660000958373, 40.216301707457887 ] ] } },
{ "type": "Feature", "properties": { "P12_001": 10078, "P12_002": "能代公園つつじまつり", "P12_003": "05", "P12_004": "05202", "P12_005": "‐", "P12_006": "能代市清助町9", "P12_007": 1 }, "geometry": { "type": "MultiPoint", "coordinates": [ [ 140.018742999190181, 40.212694000627664 ] ] } },
{ "type": "Feature", "properties": { "P12_001": 10079, "P12_002": "のしろこどもまつり", "P12_003": "05", "P12_004": "05202", "P12_005": "‐", "P12_006": "能代市大町10−1", "P12_007": 1 }, "geometry": { "type": "MultiPoint", "coordinates": [ [ 140.024850999374166, 40.216394000382877 ] ] } },
{ "type": "Feature", "properties": { "P12_001": 10080, "P12_002": "嫁見まつり", "P12_003": "05", "P12_004": "05202", "P12_005": "‐", "P12_006": "能代市柳町13-8", "P12_007": 1 }, "geometry": { "type": "MultiPoint", "coordinates": [ [ 140.025438870907237, 40.208949388203735 ] ] } },
{ "type": "Feature", "properties": { "P12_001": 10081, "P12_002": "みなと祭り", "P12_003": "05", "P12_004": "05202", "P12_005": "‐", "P12_006": "能代市能代港下浜ふ頭", "P12_007": 1 }, "geometry": { "type": "MultiPoint", "coordinates": [ [ 140.014166666758342, 40.216666666733317 ] ] } },
{ "type": "Feature", "properties": { "P12_001": 10082, "P12_002": "能代港まつり花火大会", "P12_003": "05", "P12_004": "05202", "P12_005": "‐", "P12_006": "能代市能代港下浜ふ頭", "P12_007": 1 }, "geometry": { "type": "MultiPoint", "coordinates": [ [ 140.014166666758342, 40.216666666733317 ] ] } },
{ "type": "Feature", "properties": { "P12_001": 10083, "P12_002": "御神幸祭（柳町祭典夜店）", "P12_003": "05", "P12_004": "05202", "P12_005": "‐", "P12_006": "能代市柳町13-8", "P12_007": 1 }, "geometry": { "type": "MultiPoint", "coordinates": [ [ 140.025397999418146, 40.208624999144433 ] ] } },
{ "type": "Feature", "properties": { "P12_001": 10084, "P12_002": "こども七夕", "P12_003": "05", "P12_004": "05202", "P12_005": "‐", "P12_006": "能代市", "P12_007": 1 }, "geometry": { "type": "MultiPoint", "coordinates": [ [ 140.026667324137748, 40.212146126442633 ] ] } },
{ "type": "Feature", "properties": { "P12_001": 10085, "P12_002": "能代役七夕", "P12_003": "05", "P12_004": "05202", "P12_005": "‐", "P12_006": "能代市", "P12_007": 1 }, "geometry": { "type": "MultiPoint", "coordinates": [ [ 140.026667324137748, 40.212146126442633 ] ] } },
{ "type": "Feature", "properties": { "P12_001": 10086, "P12_002": "シャチ流し", "P12_003": "05", "P12_004": "05202", "P12_005": "‐", "P12_006": "能代市", "P12_007": 1 }, "geometry": { "type": "MultiPoint", "coordinates": [ [ 140.026667324137748, 40.212146126442633 ] ] } },
{ "type": "Feature", "properties": { "P12_001": 10087, "P12_002": "おなごりフェスティバル", "P12_003": "05", "P12_004": "05202", "P12_005": "‐", "P12_006": "能代市畠町", "P12_007": 1 }, "geometry": { "type": "MultiPoint", "coordinates": [ [ 140.029841999308928, 40.208477000413268 ] ] } },
{ "type": "Feature", "properties": { "P12_001": 10088, "P12_002": "八幡神社祭典", "P12_003": "05", "P12_004": "05202", "P12_005": "‐", "P12_006": "能代市柳町13-8", "P12_007": 1 }, "geometry": { "type": "MultiPoint", "coordinates": [ [ 140.025580807308529, 40.20796467912669 ] ] } },
{ "type": "Feature", "properties": { "P12_001": 10089, "P12_002": "産業フェア", "P12_003": "05", "P12_004": "05202", "P12_005": "‐", "P12_006": "能代市大町9-53", "P12_007": 1 }, "geometry": { "type": "MultiPoint", "coordinates": [ [ 140.026661923708843, 40.216305499898965 ] ] } },
{ "type": "Feature", "properties": { "P12_001": 10090, "P12_002": "檜山城跡周辺", "P12_003": "05", "P12_004": "05202", "P12_005": "‐", "P12_006": "能代市檜山", "P12_007": 2 }, "geometry": { "type": "MultiPoint", "coordinates": [ [ 140.121653000085985, 40.163628999778552 ] ] } },
{ "type": "Feature", "properties": { "P12_001": 10091, "P12_002": "能代市木の学校", "P12_003": "05", "P12_004": "05202", "P12_005": "‐", "P12_006": "能代市河戸川南西山18-19", "P12_007": 2 }, "geometry": { "type": "MultiPoint", "coordinates": [ [ 140.001507999394676, 40.176799000073856 ] ] } },
{ "type": "Feature", "properties": { "P12_001": 10092, "P12_002": "井坂記念館", "P12_003": "05", "P12_004": "05202", "P12_005": "‐", "P12_006": "能代市御指南町3-6", "P12_007": 2 }, "geometry": { "type": "MultiPoint", "coordinates": [ [ 140.035846687174967, 40.210934238724178 ] ] } },
{ "type": "Feature", "properties": { "P12_001": 10093, "P12_002": "能代市子ども館", "P12_003": "05", "P12_004": "05202", "P12_005": "‐", "P12_006": "能代市大町10-1", "P12_007": 2 }, "geometry": { "type": "MultiPoint", "coordinates": [ [ 140.024850099152786, 40.216390082036696 ] ] } },
{ "type": "Feature", "properties": { "P12_001": 10094, "P12_002": "はまなす展望台", "P12_003": "05", "P12_004": "05202", "P12_005": "‐", "P12_006": "能代市大森山", "P12_007": 4 }, "geometry": { "type": "MultiPoint", "coordinates": [ [ 139.998202460275365, 40.208950921547853 ] ] } },
{ "type": "Feature", "properties": { "P12_001": 10095, "P12_002": "能代エナジアムパーク", "P12_003": "05", "P12_004": "05202", "P12_005": "‐", "P12_006": "能代市大森山1-6", "P12_007": 2 }, "geometry": { "type": "MultiPoint", "coordinates": [ [ 139.996168999599718, 40.190995999166091 ] ] } },
{ "type": "Feature", "properties": { "P12_001": 10096, "P12_002": "能代木材工業総合展示館", "P12_003": "05", "P12_004": "05202", "P12_005": "‐", "P12_006": "能代市河戸川字上西山63-6", "P12_007": 2 }, "geometry": { "type": "MultiPoint", "coordinates": [ [ 140.001531340399083, 40.180573362071073 ] ] } },
{ "type": "Feature", "properties": { "P12_001": 10097, "P12_002": "旧料亭金勇", "P12_003": "05", "P12_004": "05202", "P12_005": "‐", "P12_006": "能代市柳町13", "P12_007": 2 }, "geometry": { "type": "MultiPoint", "coordinates": [ [ 140.025438870907237, 40.208949388203735 ] ] } },
{ "type": "Feature", "properties": { "P12_001": 10098, "P12_002": "能代山本スポーツリゾートセンターアリナス（入浴）　", "P12_003": "05", "P12_004": "05202", "P12_005": "‐", "P12_006": "能代市落合字下台2-1", "P12_007": 4 }, "geometry": { "type": "MultiPoint", "coordinates": [ [ 140.016067999938286, 40.233773998771085 ] ] } },
{ "type": "Feature", "properties": { "P12_001": 10099, "P12_002": "能代公園周辺（市民球場、陸上競技場、テニスコート）", "P12_003": "05", "P12_004": "05202", "P12_005": "‐", "P12_006": "能代市盤若町", "P12_007": 4 }, "geometry": { "type": "MultiPoint", "coordinates": [ [ 140.017046999219701, 40.211490999110367 ] ] } },
{ "type": "Feature", "properties": { "P12_001": 10100, "P12_002": "能代温泉周辺（土床体育館、Ｂ＆Ｇ、弓道場、テニスコート、能代・落合第一・誠邦園、落合三面球場）", "P12_003": "05", "P12_004": "05202", "P12_005": "‐", "P12_006": "能代市落合亀谷地", "P12_007": 4 }, "geometry": { "type": "MultiPoint", "coordinates": [ [ 140.012740000250915, 40.232971999558174 ] ] } },
{ "type": "Feature", "properties": { "P12_001": 10101, "P12_002": "能代山本スポーツリゾートセンターアリナス（スポーツ施設）", "P12_003": "05", "P12_004": "05202", "P12_005": "‐", "P12_006": "能代市落合字下台2-1", "P12_007": 3 }, "geometry": { "type": "MultiPoint", "coordinates": [ [ 140.016067999938286, 40.233773998771085 ] ] } },
{ "type": "Feature", "properties": { "P12_001": 10102, "P12_002": "能代公園", "P12_003": "05", "P12_004": "05202", "P12_005": "‐", "P12_006": "能代市盤若町", "P12_007": 4 }, "geometry": { "type": "MultiPoint", "coordinates": [ [ 140.018742999190181, 40.212692515846982 ] ] } },
{ "type": "Feature", "properties": { "P12_001": 10103, "P12_002": "毘沙門憩の森", "P12_003": "05", "P12_004": "05202", "P12_005": "‐", "P12_006": "能代市常盤字毘沙門127-2", "P12_007": 1 }, "geometry": { "type": "MultiPoint", "coordinates": [ [ 140.153487000424775, 40.279257999956769 ] ] } },
{ "type": "Feature", "properties": { "P12_001": 10104, "P12_002": "岩関・愛宕神社まつり", "P12_003": "05", "P12_004": "05202", "P12_005": "‐", "P12_006": "能代市", "P12_007": 1 }, "geometry": { "type": "MultiPoint", "coordinates": [ [ 140.026667324137748, 40.212146126442633 ] ] } },
{ "type": "Feature", "properties": { "P12_001": 10105, "P12_002": "秋田杉の里二ツ井まつり", "P12_003": "05", "P12_004": "05202", "P12_005": "‐", "P12_006": "能代市二ツ井町小繋字中島109-10", "P12_007": 1 }, "geometry": { "type": "MultiPoint", "coordinates": [ [ 140.260864998720763, 40.218453999152814 ] ] } },
{ "type": "Feature", "properties": { "P12_001": 10106, "P12_002": "きみまちの里フェスティバル", "P12_003": "05", "P12_004": "05202", "P12_005": "‐", "P12_006": "能代市二ツ井町上台60", "P12_007": 1 }, "geometry": { "type": "MultiPoint", "coordinates": [ [ 140.233727000900444, 40.204018257036978 ] ] } },
{ "type": "Feature", "properties": { "P12_001": 10107, "P12_002": "二ツ井テニスコート", "P12_003": "05", "P12_004": "05202", "P12_005": "‐", "P12_006": "能代市二ツ井町小繋字湯ノ沢28-1", "P12_007": 4 }, "geometry": { "type": "MultiPoint", "coordinates": [ [ 140.262482999590816, 40.218261000145105 ] ] } },
{ "type": "Feature", "properties": { "P12_001": 10108, "P12_002": "二ツ井総合観光センター", "P12_003": "05", "P12_004": "05202", "P12_005": "‐", "P12_006": "能代市二ツ井町小繋中島109-10", "P12_007": 5 }, "geometry": { "type": "MultiPoint", "coordinates": [ [ 140.260068999784608, 40.21869699956693 ] ] } },
{ "type": "Feature", "properties": { "P12_001": 10109, "P12_002": "杉ちょくん", "P12_003": "05", "P12_004": "05202", "P12_005": "‐", "P12_006": "能代市二ツ井町小繋字湯ノ沢32−1", "P12_007": 5 }, "geometry": { "type": "MultiPoint", "coordinates": [ [ 140.261537000032604, 40.218534000144018 ] ] } },
{ "type": "Feature", "properties": { "P12_001": 10110, "P12_002": "二ツ井歴史資料館", "P12_003": "05", "P12_004": "05202", "P12_005": "‐", "P12_006": "能代市二ツ井町小繋湯ノ沢34-1", "P12_007": 2 }, "geometry": { "type": "MultiPoint", "coordinates": [ [ 140.26086001557735, 40.218876434999515 ] ] } },
{ "type": "Feature", "properties": { "P12_001": 10111, "P12_002": "銀杏山神社・七座天神宮", "P12_003": "05", "P12_004": "05202", "P12_005": "‐", "P12_006": "能代市二ツ井町仁鮒　および　小繋字天神道上67", "P12_007": 2 }, "geometry": { "type": "MultiPoint", "coordinates": [ [ 140.241118000895085, 40.200287999591581 ], [ 140.257269450724607, 40.201952100608992 ] ] } },
{ "type": "Feature", "properties": { "P12_001": 10112, "P12_002": "七座山", "P12_003": "05", "P12_004": "05202", "P12_005": "‐", "P12_006": "能代市二ツ井町", "P12_007": 1 }, "geometry": { "type": "MultiPoint", "coordinates": [ [ 140.251927001130298, 40.192475999967485 ] ] } },
{ "type": "Feature", "properties": { "P12_001": 10113, "P12_002": "桜づつみ河畔公園", "P12_003": "05", "P12_004": "05202", "P12_005": "‐", "P12_006": "能代市", "P12_007": 4 }, "geometry": { "type": "MultiPoint", "coordinates": [ [ 140.041858999493343, 40.207231000510319 ] ] } },
{ "type": "Feature", "properties": { "P12_001": 10114, "P12_002": "道の駅ふたつい（遊びの広場・庭園）", "P12_003": "05", "P12_004": "05202", "P12_005": "‐", "P12_006": "能代市二ツ井町小繋字中島109-10", "P12_007": 4 }, "geometry": { "type": "MultiPoint", "coordinates": [ [ 140.260865368342138, 40.218453818389037 ] ] } },
{ "type": "Feature", "properties": { "P12_001": 10115, "P12_002": "米代川（釣り）", "P12_003": "05", "P12_004": "05202", "P12_005": "‐", "P12_006": "能代市", "P12_007": 1 }, "geometry": { "type": "MultiPoint", "coordinates": [ [ 140.023919999608324, 40.220441999998343 ] ] } },
{ "type": "Feature", "properties": { "P12_001": 10116, "P12_002": "仁鮒水沢スギ植物群落保護林", "P12_003": "05", "P12_004": "05202", "P12_005": "‐", "P12_006": "能代市二ツ井町田代", "P12_007": 1 }, "geometry": { "type": "MultiPoint", "coordinates": [ [ 140.229462000271155, 40.122085998669945 ] ] } },
{ "type": "Feature", "properties": { "P12_001": 10117, "P12_002": "県立自然公園きみまち阪", "P12_003": "05", "P12_004": "05202", "P12_005": "‐", "P12_006": "能代市二ツ井町小繋114-12", "P12_007": 4 }, "geometry": { "type": "MultiPoint", "coordinates": [ [ 140.256249000790831, 40.221379001839523 ] ] } },
{ "type": "Feature", "properties": { "P12_001": 10118, "P12_002": "ふたつい白神郷土の森", "P12_003": "05", "P12_004": "05202", "P12_005": "‐", "P12_006": "能代市二ツ井町梅内字岳", "P12_007": 1 }, "geometry": { "type": "MultiPoint", "coordinates": [ [ 140.181707598526941, 40.343190127922128 ] ] } },
{ "type": "Feature", "properties": { "P12_001": 10119, "P12_002": "松風荘", "P12_003": "05", "P12_004": "05202", "P12_005": "‐", "P12_006": "能代市二ツ井町駒形字塚ノ台36-1", "P12_007": 3 }, "geometry": { "type": "MultiPoint", "coordinates": [ [ 140.175266547013621, 40.21521738677302 ] ] } },
{ "type": "Feature", "properties": { "P12_001": 10120, "P12_002": "加護山・高岩山", "P12_003": "05", "P12_004": "05202", "P12_005": "‐", "P12_006": "能代市二ツ井町荷上場字下中島", "P12_007": 1 }, "geometry": { "type": "MultiPoint", "coordinates": [ [ 140.253716151978892, 40.226473506547165 ], [ 140.259657000570201, 40.236662999797659 ] ] } },
{ "type": "Feature", "properties": { "P12_001": 10121, "P12_002": "皆瀬川白鳥見学", "P12_003": "05", "P12_004": "05203", "P12_005": "‐", "P12_006": "横手市十文字町", "P12_007": 1 }, "geometry": { "type": "MultiPoint", "coordinates": [ [ 140.51858599994398, 39.206264000183523 ] ] } },
{ "type": "Feature", "properties": { "P12_001": 10122, "P12_002": "沖掵神社･手足観音まつり", "P12_003": "05", "P12_004": "05203", "P12_005": "‐", "P12_006": "横手市平鹿町下鍋倉字上掵", "P12_007": 1 }, "geometry": { "type": "MultiPoint", "coordinates": [ [ 140.500816999804783, 39.250674000404842 ] ] } },
{ "type": "Feature", "properties": { "P12_001": 10123, "P12_002": "保呂羽山（登山）", "P12_003": "05", "P12_004": "05203", "P12_005": "‐", "P12_006": "横手市大森町八沢木", "P12_007": 1 }, "geometry": { "type": "MultiPoint", "coordinates": [ [ 140.308624999644053, 39.371987000100034 ] ] } },
{ "type": "Feature", "properties": { "P12_001": 10124, "P12_002": "カヌー体験（雄物川）", "P12_003": "05", "P12_004": "05203", "P12_005": "‐", "P12_006": "横手市雄物川町深井", "P12_007": 4 }, "geometry": { "type": "MultiPoint", "coordinates": [ [ 140.404661000105079, 39.279069000434049 ] ] } },
{ "type": "Feature", "properties": { "P12_001": 10125, "P12_002": "松茸まつり", "P12_003": "05", "P12_004": "05203", "P12_005": "‐", "P12_006": "横手市雄物川町", "P12_007": 1 }, "geometry": { "type": "MultiPoint", "coordinates": [ [ 140.429585000147654, 39.290882000204192 ] ] } },
{ "type": "Feature", "properties": { "P12_001": 10126, "P12_002": "三吉山荘", "P12_003": "05", "P12_004": "05203", "P12_005": "‐", "P12_006": "横手市雄物川町今宿字末館52", "P12_007": 3 }, "geometry": { "type": "MultiPoint", "coordinates": [ [ 140.403030999581006, 39.281778000354507 ] ] } },
{ "type": "Feature", "properties": { "P12_001": 10127, "P12_002": "木戸五郎兵衛神社初午祭", "P12_003": "05", "P12_004": "05203", "P12_005": "‐", "P12_006": "横手市雄物川町沼館字高畑", "P12_007": 1 }, "geometry": { "type": "MultiPoint", "coordinates": [ [ 140.432419000436539, 39.29834800006023 ] ] } },
{ "type": "Feature", "properties": { "P12_001": 10128, "P12_002": "そば打ち体験（増田）", "P12_003": "05", "P12_004": "05203", "P12_005": "‐", "P12_006": "横手市増田町", "P12_007": 1 }, "geometry": { "type": "MultiPoint", "coordinates": [ [ 140.545213000279773, 39.204038000053686 ] ] } },
{ "type": "Feature", "properties": { "P12_001": 10129, "P12_002": "りんご収穫体験（増田）", "P12_003": "05", "P12_004": "05203", "P12_005": "‐", "P12_006": "横手市増田町", "P12_007": 1 }, "geometry": { "type": "MultiPoint", "coordinates": [ [ 140.545213000279773, 39.204038000053686 ] ] } },
{ "type": "Feature", "properties": { "P12_001": 10130, "P12_002": "ころり地蔵", "P12_003": "05", "P12_004": "05203", "P12_005": "‐", "P12_006": "横手市増田町増田字田町", "P12_007": 2 }, "geometry": { "type": "MultiPoint", "coordinates": [ [ 140.54356900000937, 39.206700999651446 ] ] } },
{ "type": "Feature", "properties": { "P12_001": 10131, "P12_002": "天下森キャンプ場", "P12_003": "05", "P12_004": "05203", "P12_005": "‐", "P12_006": "横手市増田町狙半内字夏虫沢188", "P12_007": 4 }, "geometry": { "type": "MultiPoint", "coordinates": [ [ 140.622183000145355, 39.163562999632802 ] ] } },
{ "type": "Feature", "properties": { "P12_001": 10132, "P12_002": "石坂文学記念館", "P12_003": "05", "P12_004": "05203", "P12_005": "‐", "P12_006": "横手市幸町2-10", "P12_007": 2 }, "geometry": { "type": "MultiPoint", "coordinates": [ [ 140.565713999601485, 39.324167000007094 ] ] } },
{ "type": "Feature", "properties": { "P12_001": 10133, "P12_002": "後三年の役金沢資料館", "P12_003": "05", "P12_004": "05203", "P12_005": "‐", "P12_006": "横手市金沢中野字根小屋102-4", "P12_007": 2 }, "geometry": { "type": "MultiPoint", "coordinates": [ [ 140.569531932852442, 39.374439836229499 ] ] } },
{ "type": "Feature", "properties": { "P12_001": 10134, "P12_002": "旧日新館", "P12_003": "05", "P12_004": "05203", "P12_005": "‐", "P12_006": "横手市城南町7-1", "P12_007": 2 }, "geometry": { "type": "MultiPoint", "coordinates": [ [ 140.57236405625622, 39.317705748821311 ] ] } },
{ "type": "Feature", "properties": { "P12_001": 10135, "P12_002": "かまくら", "P12_003": "05", "P12_004": "05203", "P12_005": "‐", "P12_006": "横手市中央町", "P12_007": 1 }, "geometry": { "type": "MultiPoint", "coordinates": [ [ 140.553161159959586, 39.311265772897173 ] ] } },
{ "type": "Feature", "properties": { "P12_001": 10136, "P12_002": "ぼんでん", "P12_003": "05", "P12_004": "05203", "P12_005": "‐", "P12_006": "横手市中央町", "P12_007": 1 }, "geometry": { "type": "MultiPoint", "coordinates": [ [ 140.553161210321718, 39.311269146254176 ] ] } },
{ "type": "Feature", "properties": { "P12_001": 10137, "P12_002": "送り盆まつり", "P12_003": "05", "P12_004": "05203", "P12_005": "‐", "P12_006": "横手市中央町　および　蛇の崎町", "P12_007": 1 }, "geometry": { "type": "MultiPoint", "coordinates": [ [ 140.566776915522269, 39.313574316401628 ] ] } },
{ "type": "Feature", "properties": { "P12_001": 10138, "P12_002": "横手公園桜まつり", "P12_003": "05", "P12_004": "05203", "P12_005": "‐", "P12_006": "横手市城山町", "P12_007": 1 }, "geometry": { "type": "MultiPoint", "coordinates": [ [ 140.570927000780557, 39.319886000438601 ] ] } },
{ "type": "Feature", "properties": { "P12_001": 10139, "P12_002": "菊まつり", "P12_003": "05", "P12_004": "05203", "P12_005": "‐", "P12_006": "横手市赤坂字富ケ沢62-46", "P12_007": 1 }, "geometry": { "type": "MultiPoint", "coordinates": [ [ 140.546753000250874, 39.292333999714344 ] ] } },
{ "type": "Feature", "properties": { "P12_001": 10140, "P12_002": "簡易保険保養センター", "P12_003": "05", "P12_004": "05203", "P12_005": "‐", "P12_006": "横手市睦成字城付1-20", "P12_007": 3 }, "geometry": { "type": "MultiPoint", "coordinates": [ [ 140.574141999753579, 39.327916999370075 ] ] } },
{ "type": "Feature", "properties": { "P12_001": 10141, "P12_002": "ゆうゆうプラザ", "P12_003": "05", "P12_004": "05203", "P12_005": "‐", "P12_006": "横手市駅前町7-7", "P12_007": 3 }, "geometry": { "type": "MultiPoint", "coordinates": [ [ 140.561492000055864, 39.308753998798068 ] ] } },
{ "type": "Feature", "properties": { "P12_001": 10142, "P12_002": "横手スキー場", "P12_003": "05", "P12_004": "05203", "P12_005": "‐", "P12_006": "横手市睦成城付", "P12_007": 4 }, "geometry": { "type": "MultiPoint", "coordinates": [ [ 140.574079999592414, 39.324342000882666 ] ] } },
{ "type": "Feature", "properties": { "P12_001": 10143, "P12_002": "横手公園", "P12_003": "05", "P12_004": "05203", "P12_005": "‐", "P12_006": "横手市睦成城付", "P12_007": 4 }, "geometry": { "type": "MultiPoint", "coordinates": [ [ 140.570927000780557, 39.319886000438601 ] ] } },
{ "type": "Feature", "properties": { "P12_001": 10144, "P12_002": "金沢公園", "P12_003": "05", "P12_004": "05203", "P12_005": "‐", "P12_006": "横手市金沢中野", "P12_007": 2 }, "geometry": { "type": "MultiPoint", "coordinates": [ [ 140.571554000017159, 39.373240999472614 ] ] } },
{ "type": "Feature", "properties": { "P12_001": 10145, "P12_002": "平安の風わたる公園", "P12_003": "05", "P12_004": "05203", "P12_005": "‐", "P12_006": "横手市金沢中野三貫堰", "P12_007": 4 }, "geometry": { "type": "MultiPoint", "coordinates": [ [ 140.554240999322701, 39.364972001256888 ] ] } },
{ "type": "Feature", "properties": { "P12_001": 10146, "P12_002": "金沢ささら舞", "P12_003": "05", "P12_004": "05203", "P12_005": "‐", "P12_006": "横手市金沢", "P12_007": 1 }, "geometry": { "type": "MultiPoint", "coordinates": [ [ 140.575606999863226, 39.373693000531603 ] ] } },
{ "type": "Feature", "properties": { "P12_001": 10147, "P12_002": "秋田ふるさと村", "P12_003": "05", "P12_004": "05203", "P12_005": "‐", "P12_006": "横手市赤坂字富ヶ沢62-46", "P12_007": 4 }, "geometry": { "type": "MultiPoint", "coordinates": [ [ 140.546754603741988, 39.292333667864511 ] ] } },
{ "type": "Feature", "properties": { "P12_001": 10148, "P12_002": "横手城展望台", "P12_003": "05", "P12_004": "05203", "P12_005": "‐", "P12_006": "横手市城山町29-1", "P12_007": 2 }, "geometry": { "type": "MultiPoint", "coordinates": [ [ 140.569260999495555, 39.32106500084916 ] ] } },
{ "type": "Feature", "properties": { "P12_001": 10149, "P12_002": "かまくら館", "P12_003": "05", "P12_004": "05203", "P12_005": "‐", "P12_006": "横手市中央町8-12", "P12_007": 6 }, "geometry": { "type": "MultiPoint", "coordinates": [ [ 140.566281999714533, 39.313601000186054 ] ] } },
{ "type": "Feature", "properties": { "P12_001": 10150, "P12_002": "ウェルネス横手路", "P12_003": "05", "P12_004": "05203", "P12_005": "‐", "P12_006": "横手市婦気大堤字田久保1-294", "P12_007": 3 }, "geometry": { "type": "MultiPoint", "coordinates": [ [ 140.543308677753316, 39.290100474957001 ] ] } },
{ "type": "Feature", "properties": { "P12_001": 10151, "P12_002": "全国線香花火大会", "P12_003": "05", "P12_004": "05203", "P12_005": "‐", "P12_006": "横手市蛇の崎町字", "P12_007": 1 }, "geometry": { "type": "MultiPoint", "coordinates": [ [ 140.562706991334608, 39.317242258023839 ] ] } },
{ "type": "Feature", "properties": { "P12_001": 10152, "P12_002": "横手やきそば四天王決定戦", "P12_003": "05", "P12_004": "05203", "P12_005": "‐", "P12_006": "横手市赤坂字富ヶ沢62-46（特設会場）", "P12_007": 1 }, "geometry": { "type": "MultiPoint", "coordinates": [ [ 140.546752440872524, 39.292331727127532 ] ] } },
{ "type": "Feature", "properties": { "P12_001": 10153, "P12_002": "にぎわいカーニバル", "P12_003": "05", "P12_004": "05203", "P12_005": "‐", "P12_006": "横手市中央町", "P12_007": 1 }, "geometry": { "type": "MultiPoint", "coordinates": [ [ 140.56618265430609, 39.313796725938232 ] ] } },
{ "type": "Feature", "properties": { "P12_001": 10154, "P12_002": "増田町まんが美術館", "P12_003": "05", "P12_004": "05203", "P12_005": "‐", "P12_006": "横手市増田町増田字新町285", "P12_007": 2 }, "geometry": { "type": "MultiPoint", "coordinates": [ [ 140.550507380211457, 39.204696918927709 ] ] } },
{ "type": "Feature", "properties": { "P12_001": 10155, "P12_002": "梨ノ木塚遺跡", "P12_003": "05", "P12_004": "05203", "P12_005": "‐", "P12_006": "横手市増田町吉野字梨ノ木塚21-25", "P12_007": 2 }, "geometry": { "type": "MultiPoint", "coordinates": [ [ 140.582158255199374, 39.201621451568769 ] ] } },
{ "type": "Feature", "properties": { "P12_001": 10156, "P12_002": "八木番楽", "P12_003": "05", "P12_004": "05203", "P12_005": "‐", "P12_006": "横手市増田町八木", "P12_007": 1 }, "geometry": { "type": "MultiPoint", "coordinates": [ [ 140.535227448088335, 39.198457489121893 ] ] } },
{ "type": "Feature", "properties": { "P12_001": 10157, "P12_002": "月山神社祭典", "P12_003": "05", "P12_004": "05203", "P12_005": "‐", "P12_006": "横手市増田町", "P12_007": 1 }, "geometry": { "type": "MultiPoint", "coordinates": [ [ 140.543488648282505, 39.199771938224444 ] ] } },
{ "type": "Feature", "properties": { "P12_001": 10158, "P12_002": "天下森ふれあい農園", "P12_003": "05", "P12_004": "05203", "P12_005": "‐", "P12_006": "横手市増田町狙半内字夏虫沢109", "P12_007": 4 }, "geometry": { "type": "MultiPoint", "coordinates": [ [ 140.6213665776055, 39.16222032081123 ] ] } },
{ "type": "Feature", "properties": { "P12_001": 10159, "P12_002": "天下森スキー場", "P12_003": "05", "P12_004": "05203", "P12_005": "‐", "P12_006": "横手市増田町狙半内字夏虫沢18", "P12_007": 4 }, "geometry": { "type": "MultiPoint", "coordinates": [ [ 140.618227999422743, 39.159340000940347 ] ] } },
{ "type": "Feature", "properties": { "P12_001": 10160, "P12_002": "増田まちなみ見学", "P12_003": "05", "P12_004": "05203", "P12_005": "‐", "P12_006": "横手市増田町", "P12_007": 2 }, "geometry": { "type": "MultiPoint", "coordinates": [ [ 140.542094582199297, 39.201271805949148 ] ] } },
{ "type": "Feature", "properties": { "P12_001": 10161, "P12_002": "漆蔵資料館", "P12_003": "05", "P12_004": "05203", "P12_005": "‐", "P12_006": "横手市増田町増田字本町5", "P12_007": 2 }, "geometry": { "type": "MultiPoint", "coordinates": [ [ 140.545021560696568, 39.205156142442092 ] ] } },
{ "type": "Feature", "properties": { "P12_001": 10162, "P12_002": "蔵の日", "P12_003": "05", "P12_004": "05203", "P12_005": "‐", "P12_006": "横手市増田町中七日町通り", "P12_007": 1 }, "geometry": { "type": "MultiPoint", "coordinates": [ [ 140.545876999424081, 39.203619999663317 ] ] } },
{ "type": "Feature", "properties": { "P12_001": 10163, "P12_002": "三所神社梵天まつり", "P12_003": "05", "P12_004": "05203", "P12_005": "‐", "P12_006": "横手市増田町増田字伊勢堂34", "P12_007": 1 }, "geometry": { "type": "MultiPoint", "coordinates": [ [ 140.538825374791259, 39.206640573303844 ] ] } },
{ "type": "Feature", "properties": { "P12_001": 10164, "P12_002": "増田盆踊り", "P12_003": "05", "P12_004": "05203", "P12_005": "‐", "P12_006": "横手市増田町増田字七日町通り", "P12_007": 1 }, "geometry": { "type": "MultiPoint", "coordinates": [ [ 140.545877299797667, 39.20362044662636 ] ] } },
{ "type": "Feature", "properties": { "P12_001": 10165, "P12_002": "真人公園桜まつり", "P12_003": "05", "P12_004": "05203", "P12_005": "‐", "P12_006": "横手市増田町亀田字上掵", "P12_007": 1 }, "geometry": { "type": "MultiPoint", "coordinates": [ [ 140.572933999804263, 39.209901999777514 ] ] } },
{ "type": "Feature", "properties": { "P12_001": 10166, "P12_002": "上畑温泉・ゆ〜らく", "P12_003": "05", "P12_004": "05203", "P12_005": "‐", "P12_006": "横手市増田町狙半内字古家沢口1-2", "P12_007": 3 }, "geometry": { "type": "MultiPoint", "coordinates": [ [ 140.64707035461322, 39.123841224592866 ] ] } },
{ "type": "Feature", "properties": { "P12_001": 10167, "P12_002": "上畑温泉・さわらび", "P12_003": "05", "P12_004": "05203", "P12_005": "‐", "P12_006": "横手市狙半内字古家沢口15", "P12_007": 3 }, "geometry": { "type": "MultiPoint", "coordinates": [ [ 140.648306343263243, 39.123105969464973 ] ] } },
{ "type": "Feature", "properties": { "P12_001": 10168, "P12_002": "全日本元祖たらいこぎ選手権", "P12_003": "05", "P12_004": "05203", "P12_005": "‐", "P12_006": "横手市増田町亀田字上掵", "P12_007": 1 }, "geometry": { "type": "MultiPoint", "coordinates": [ [ 140.572677842308622, 39.210234185059619 ] ] } },
{ "type": "Feature", "properties": { "P12_001": 10169, "P12_002": "増田の花火", "P12_003": "05", "P12_004": "05203", "P12_005": "‐", "P12_006": "横手市増田町八木河原", "P12_007": 1 }, "geometry": { "type": "MultiPoint", "coordinates": [ [ 140.5301750001762, 39.200959999304587 ] ] } },
{ "type": "Feature", "properties": { "P12_001": 10170, "P12_002": "りんごまつり", "P12_003": "05", "P12_004": "05203", "P12_005": "‐", "P12_006": "横手市増田町亀田字上掵", "P12_007": 1 }, "geometry": { "type": "MultiPoint", "coordinates": [ [ 140.572676710062183, 39.210233934148789 ] ] } },
{ "type": "Feature", "properties": { "P12_001": 10171, "P12_002": "真人公園", "P12_003": "05", "P12_004": "05203", "P12_005": "‐", "P12_006": "横手市増田町亀田字上掵", "P12_007": 4 }, "geometry": { "type": "MultiPoint", "coordinates": [ [ 140.572933999804263, 39.209901999777514 ] ] } },
{ "type": "Feature", "properties": { "P12_001": 10172, "P12_002": "真人山荘", "P12_003": "05", "P12_004": "05203", "P12_005": "‐", "P12_006": "横手市増田町亀田字女亀森21", "P12_007": 6 }, "geometry": { "type": "MultiPoint", "coordinates": [ [ 140.572809596585671, 39.21195769349282 ] ] } },
{ "type": "Feature", "properties": { "P12_001": 10173, "P12_002": "真人温泉旅館", "P12_003": "05", "P12_004": "05203", "P12_005": "‐", "P12_006": "横手市増田町亀田字女亀森22", "P12_007": 3 }, "geometry": { "type": "MultiPoint", "coordinates": [ [ 140.573070411670187, 39.21115221750091 ] ] } },
{ "type": "Feature", "properties": { "P12_001": 10174, "P12_002": "観光物産センター「蔵の駅」", "P12_003": "05", "P12_004": "05203", "P12_005": "‐", "P12_006": "横手市増田町増田字中町103", "P12_007": 6 }, "geometry": { "type": "MultiPoint", "coordinates": [ [ 140.546150222454912, 39.203632213356002 ] ] } },
{ "type": "Feature", "properties": { "P12_001": 10175, "P12_002": "戸波鉱泉", "P12_003": "05", "P12_004": "05203", "P12_005": "‐", "P12_006": "横手市増田町戸波字吉ヶ沢口9-3", "P12_007": 3 }, "geometry": { "type": "MultiPoint", "coordinates": [ [ 140.540558999698192, 39.181107999334756 ] ] } },
{ "type": "Feature", "properties": { "P12_001": 10176, "P12_002": "平鹿農村文化伝承館", "P12_003": "05", "P12_004": "05203", "P12_005": "‐", "P12_006": "横手市平鹿町浅舞字蒋沼25", "P12_007": 2 }, "geometry": { "type": "MultiPoint", "coordinates": [ [ 140.493575434758554, 39.258158583851639 ] ] } },
{ "type": "Feature", "properties": { "P12_001": 10177, "P12_002": "たいまつ焼", "P12_003": "05", "P12_004": "05203", "P12_005": "‐", "P12_006": "横手市平鹿町醍醐上醍醐地区　および　金屋地区", "P12_007": 1 }, "geometry": { "type": "MultiPoint", "coordinates": [ [ 140.524212998631015, 39.254405000690269 ] ] } },
{ "type": "Feature", "properties": { "P12_001": 10178, "P12_002": "沼入り梵天", "P12_003": "05", "P12_004": "05203", "P12_005": "‐", "P12_006": "横手市平鹿町醍醐字堤ノ上", "P12_007": 1 }, "geometry": { "type": "MultiPoint", "coordinates": [ [ 140.528071000276555, 39.282635000305049 ] ] } },
{ "type": "Feature", "properties": { "P12_001": 10179, "P12_002": "あやめまつり", "P12_003": "05", "P12_004": "05203", "P12_005": "‐", "P12_006": "横手市平鹿町浅舞字蒋沼", "P12_007": 1 }, "geometry": { "type": "MultiPoint", "coordinates": [ [ 140.493296000110377, 39.259417998941558 ] ] } },
{ "type": "Feature", "properties": { "P12_001": 10180, "P12_002": "浅舞八幡神社祭典", "P12_003": "05", "P12_004": "05203", "P12_005": "‐", "P12_006": "横手市平鹿町浅舞", "P12_007": 1 }, "geometry": { "type": "MultiPoint", "coordinates": [ [ 140.488999998950817, 39.263119998788966 ] ] } },
{ "type": "Feature", "properties": { "P12_001": 10181, "P12_002": "ゆっぷる", "P12_003": "05", "P12_004": "05203", "P12_005": "‐", "P12_006": "横手市平鹿町醍醐字沢口166", "P12_007": 3 }, "geometry": { "type": "MultiPoint", "coordinates": [ [ 140.564646314575839, 39.233091613187469 ] ] } },
{ "type": "Feature", "properties": { "P12_001": 10182, "P12_002": "ゆとり館", "P12_003": "05", "P12_004": "05203", "P12_005": "‐", "P12_006": "横手市平鹿町浅舞字蒋沼289", "P12_007": 3 }, "geometry": { "type": "MultiPoint", "coordinates": [ [ 140.493048353798599, 39.261161710644501 ] ] } },
{ "type": "Feature", "properties": { "P12_001": 10183, "P12_002": "吉田城跡", "P12_003": "05", "P12_004": "05203", "P12_005": "‐", "P12_006": "横手市平鹿町上吉田間内字吉田", "P12_007": 2 }, "geometry": { "type": "MultiPoint", "coordinates": [ [ 140.507200000080047, 39.290944000365357 ] ] } },
{ "type": "Feature", "properties": { "P12_001": 10184, "P12_002": "浅舞公園", "P12_003": "05", "P12_004": "05203", "P12_005": "‐", "P12_006": "横手市平鹿町浅舞字蒋沼", "P12_007": 4 }, "geometry": { "type": "MultiPoint", "coordinates": [ [ 140.493292313789311, 39.259411183879081 ] ] } },
{ "type": "Feature", "properties": { "P12_001": 10185, "P12_002": "平鹿町盆踊り", "P12_003": "05", "P12_004": "05203", "P12_005": "‐", "P12_006": "横手市平鹿町浅舞", "P12_007": 1 }, "geometry": { "type": "MultiPoint", "coordinates": [ [ 140.488376998999343, 39.263160999780382 ] ] } },
{ "type": "Feature", "properties": { "P12_001": 10186, "P12_002": "槻の木ファンタジー", "P12_003": "05", "P12_004": "05203", "P12_005": "‐", "P12_006": "横手市平鹿町浅舞字浅舞", "P12_007": 1 }, "geometry": { "type": "MultiPoint", "coordinates": [ [ 140.48899549964267, 39.263120952070324 ] ] } },
{ "type": "Feature", "properties": { "P12_001": 10187, "P12_002": "深間内神楽", "P12_003": "05", "P12_004": "05203", "P12_005": "‐", "P12_006": "横手市平鹿町上吉田字板子神社", "P12_007": 1 }, "geometry": { "type": "MultiPoint", "coordinates": [ [ 140.523137999419191, 39.283795999885513 ] ] } },
{ "type": "Feature", "properties": { "P12_001": 10188, "P12_002": "琵琶沼", "P12_003": "05", "P12_004": "05203", "P12_005": "‐", "P12_006": "横手市平鹿町浅舞字浅舞", "P12_007": 1 }, "geometry": { "type": "MultiPoint", "coordinates": [ [ 140.487338678637229, 39.263785769597632 ] ] } },
{ "type": "Feature", "properties": { "P12_001": 10189, "P12_002": "白藤清水自然公園", "P12_003": "05", "P12_004": "05203", "P12_005": "‐", "P12_006": "横手市平鹿町中吉田字年子狐", "P12_007": 4 }, "geometry": { "type": "MultiPoint", "coordinates": [ [ 140.501490000263402, 39.272273000898338 ] ] } },
{ "type": "Feature", "properties": { "P12_001": 10190, "P12_002": "きてたんシェひらかまつり", "P12_003": "05", "P12_004": "05203", "P12_005": "‐", "P12_006": "横手市平鹿町浅舞覚町後140", "P12_007": 1 }, "geometry": { "type": "MultiPoint", "coordinates": [ [ 140.492268339412362, 39.263220467450651 ] ] } },
{ "type": "Feature", "properties": { "P12_001": 10191, "P12_002": "平鹿りんご味覚まつり", "P12_003": "05", "P12_004": "05203", "P12_005": "‐", "P12_006": "横手市平鹿町醍醐字沢口166", "P12_007": 1 }, "geometry": { "type": "MultiPoint", "coordinates": [ [ 140.564646319971757, 39.233088810000652 ] ] } },
{ "type": "Feature", "properties": { "P12_001": 10192, "P12_002": "秋田スカイフェスタ", "P12_003": "05", "P12_004": "05203", "P12_005": "‐", "P12_006": "横手市平鹿町浅舞字釜池175", "P12_007": 1 }, "geometry": { "type": "MultiPoint", "coordinates": [ [ 140.467673999355611, 39.290626000089901 ] ] } },
{ "type": "Feature", "properties": { "P12_001": 10193, "P12_002": "沼の柵史跡", "P12_003": "05", "P12_004": "05203", "P12_005": "‐", "P12_006": "横手市雄物川町沼館字沼館", "P12_007": 2 }, "geometry": { "type": "MultiPoint", "coordinates": [ [ 140.427355320891365, 39.296747515285631 ] ] } },
{ "type": "Feature", "properties": { "P12_001": 10194, "P12_002": "雄物川町郷土資料館", "P12_003": "05", "P12_004": "05203", "P12_005": "‐", "P12_006": "横手市雄物川町沼館字高畑366", "P12_007": 2 }, "geometry": { "type": "MultiPoint", "coordinates": [ [ 140.431563000532151, 39.297597998748699 ] ] } },
{ "type": "Feature", "properties": { "P12_001": 10195, "P12_002": "首塚神社", "P12_003": "05", "P12_004": "05203", "P12_005": "‐", "P12_006": "横手市雄物川町今宿字高花", "P12_007": 2 }, "geometry": { "type": "MultiPoint", "coordinates": [ [ 140.429938000238621, 39.28498100057277 ] ] } },
{ "type": "Feature", "properties": { "P12_001": 10196, "P12_002": "二井山裸参り", "P12_003": "05", "P12_004": "05203", "P12_005": "‐", "P12_006": "横手市雄物川町二井山45-2", "P12_007": 1 }, "geometry": { "type": "MultiPoint", "coordinates": [ [ 140.383482000094318, 39.313324000002638 ] ] } },
{ "type": "Feature", "properties": { "P12_001": 10197, "P12_002": "深井の鹿嶋送り", "P12_003": "05", "P12_004": "05203", "P12_005": "‐", "P12_006": "横手市雄物川町深井", "P12_007": 1 }, "geometry": { "type": "MultiPoint", "coordinates": [ [ 140.429440702126726, 39.290610589307278 ] ] } },
{ "type": "Feature", "properties": { "P12_001": 10198, "P12_002": "銀河系宇宙ほらふき決勝大会", "P12_003": "05", "P12_004": "05203", "P12_005": "‐", "P12_006": "横手市雄物川沼館字高畑338", "P12_007": 1 }, "geometry": { "type": "MultiPoint", "coordinates": [ [ 140.432209089677826, 39.297642265178467 ] ] } },
{ "type": "Feature", "properties": { "P12_001": 10199, "P12_002": "かまくらｉｎ木戸五郎兵衛村", "P12_003": "05", "P12_004": "05203", "P12_005": "‐", "P12_006": "横手市雄物川町沼館字高畑315", "P12_007": 1 }, "geometry": { "type": "MultiPoint", "coordinates": [ [ 140.431563000532151, 39.297597998748699 ] ] } },
{ "type": "Feature", "properties": { "P12_001": 10200, "P12_002": "沼館八幡神社祭典", "P12_003": "05", "P12_004": "05203", "P12_005": "‐", "P12_006": "横手市雄物川町沼館字沼館", "P12_007": 1 }, "geometry": { "type": "MultiPoint", "coordinates": [ [ 140.427351111164967, 39.296746111443952 ] ] } },
{ "type": "Feature", "properties": { "P12_001": 10201, "P12_002": "雄物川中央公園", "P12_003": "05", "P12_004": "05203", "P12_005": "‐", "P12_006": "横手市雄物川町沼館字高畑", "P12_007": 4 }, "geometry": { "type": "MultiPoint", "coordinates": [ [ 140.432169998846462, 39.298564999275357 ] ] } },
{ "type": "Feature", "properties": { "P12_001": 10202, "P12_002": "鍛冶台いこいの森", "P12_003": "05", "P12_004": "05203", "P12_005": "‐", "P12_006": "横手市雄物川町大沢字鍛冶台", "P12_007": 4 }, "geometry": { "type": "MultiPoint", "coordinates": [ [ 140.347165999910999, 39.255185999834055 ] ] } },
{ "type": "Feature", "properties": { "P12_001": 10203, "P12_002": "童子ケ沢スキー場", "P12_003": "05", "P12_004": "05203", "P12_005": "‐", "P12_006": "横手市雄物川町大沢字童子ケ沢3", "P12_007": 4 }, "geometry": { "type": "MultiPoint", "coordinates": [ [ 140.378332321079824, 39.262422257081539 ] ] } },
{ "type": "Feature", "properties": { "P12_001": 10204, "P12_002": "わか杉カップ横手大会", "P12_003": "05", "P12_004": "05203", "P12_005": "‐", "P12_006": "横手市雄物川町今宿前田面7", "P12_007": 1 }, "geometry": { "type": "MultiPoint", "coordinates": [ [ 140.432295838282357, 39.289427966427581 ] ] } },
{ "type": "Feature", "properties": { "P12_001": 10205, "P12_002": "わくわくフェアｉｎ雄物川", "P12_003": "05", "P12_004": "05203", "P12_005": "‐", "P12_006": "横手市雄物川町深井字郷中島", "P12_007": 1 }, "geometry": { "type": "MultiPoint", "coordinates": [ [ 140.412909083687282, 39.289729626920803 ] ] } },
{ "type": "Feature", "properties": { "P12_001": 10206, "P12_002": "雄物川河川公園", "P12_003": "05", "P12_004": "05203", "P12_005": "‐", "P12_006": "横手市雄物川町深井字郷中島", "P12_007": 4 }, "geometry": { "type": "MultiPoint", "coordinates": [ [ 140.412909083687282, 39.289729626920803 ] ] } },
{ "type": "Feature", "properties": { "P12_001": 10207, "P12_002": "木戸五郎兵衛村民家苑", "P12_003": "05", "P12_004": "05203", "P12_005": "‐", "P12_006": "横手市雄物川町沼館字高畑315", "P12_007": 2 }, "geometry": { "type": "MultiPoint", "coordinates": [ [ 140.431563000532151, 39.297597998748699 ] ] } },
{ "type": "Feature", "properties": { "P12_001": 10208, "P12_002": "えがおの丘", "P12_003": "05", "P12_004": "05203", "P12_005": "‐", "P12_006": "横手市雄物川町今宿字末館57-1", "P12_007": 3 }, "geometry": { "type": "MultiPoint", "coordinates": [ [ 140.402942065623847, 39.281861452044438 ] ] } },
{ "type": "Feature", "properties": { "P12_001": 10209, "P12_002": "雄川荘", "P12_003": "05", "P12_004": "05203", "P12_005": "‐", "P12_006": "横手市雄物川町今宿字郷72-1", "P12_007": 3 }, "geometry": { "type": "MultiPoint", "coordinates": [ [ 140.405262593493944, 39.283760433497264 ] ] } },
{ "type": "Feature", "properties": { "P12_001": 10210, "P12_002": "は・は・は・祭", "P12_003": "05", "P12_004": "05203", "P12_005": "‐", "P12_006": "横手市雄物川町今宿商店街通り", "P12_007": 1 }, "geometry": { "type": "MultiPoint", "coordinates": [ [ 140.427697001215734, 39.291364000848034 ] ] } },
{ "type": "Feature", "properties": { "P12_001": 10211, "P12_002": "山下太郎記念館", "P12_003": "05", "P12_004": "05203", "P12_005": "‐", "P12_006": "横手市大森町字大森145", "P12_007": 2 }, "geometry": { "type": "MultiPoint", "coordinates": [ [ 140.427244000110591, 39.342563999429103 ] ] } },
{ "type": "Feature", "properties": { "P12_001": 10212, "P12_002": "波宇志別神社神楽殿", "P12_003": "05", "P12_004": "05203", "P12_005": "‐", "P12_006": "横手市大森町八沢木字宮脇106", "P12_007": 2 }, "geometry": { "type": "MultiPoint", "coordinates": [ [ 140.358574999936309, 39.374194398652605 ] ] } },
{ "type": "Feature", "properties": { "P12_001": 10213, "P12_002": "赤レンガ蔵", "P12_003": "05", "P12_004": "05203", "P12_005": "‐", "P12_006": "横手市大森町字大森176", "P12_007": 2 }, "geometry": { "type": "MultiPoint", "coordinates": [ [ 140.428695998721423, 39.345266000825347 ] ] } },
{ "type": "Feature", "properties": { "P12_001": 10214, "P12_002": "三助稲荷神社梵天", "P12_003": "05", "P12_004": "05203", "P12_005": "‐", "P12_006": "横手市大森町袴形字影取", "P12_007": 1 }, "geometry": { "type": "MultiPoint", "coordinates": [ [ 140.445366350176982, 39.382476619600368 ] ] } },
{ "type": "Feature", "properties": { "P12_001": 10215, "P12_002": "田楽灯ろう", "P12_003": "05", "P12_004": "05203", "P12_005": "‐", "P12_006": "横手市大森町字大森176（赤レンガ蔵前）", "P12_007": 1 }, "geometry": { "type": "MultiPoint", "coordinates": [ [ 140.42870248193401, 39.345266869570423 ] ] } },
{ "type": "Feature", "properties": { "P12_001": 10216, "P12_002": "霜月神楽", "P12_003": "05", "P12_004": "05203", "P12_005": "‐", "P12_006": "横手市大森町八沢木字木ノ根坂200", "P12_007": 1 }, "geometry": { "type": "MultiPoint", "coordinates": [ [ 140.36574628925996, 39.367744516696121 ] ] } },
{ "type": "Feature", "properties": { "P12_001": 10217, "P12_002": "さくら荘", "P12_003": "05", "P12_004": "05203", "P12_005": "‐", "P12_006": "横手市大森町字持向165", "P12_007": 2 }, "geometry": { "type": "MultiPoint", "coordinates": [ [ 140.4363328382899, 39.354468355929953 ] ] } },
{ "type": "Feature", "properties": { "P12_001": 10218, "P12_002": "大森健康温泉", "P12_003": "05", "P12_004": "05203", "P12_005": "‐", "P12_006": "横手市大森町字文天鏡田318", "P12_007": 3 }, "geometry": { "type": "MultiPoint", "coordinates": [ [ 140.430574257995659, 39.353395969248652 ] ] } },
{ "type": "Feature", "properties": { "P12_001": 10219, "P12_002": "大森公園", "P12_003": "05", "P12_004": "05203", "P12_005": "‐", "P12_006": "横手市大森町高口下水戸堤1", "P12_007": 4 }, "geometry": { "type": "MultiPoint", "coordinates": [ [ 140.43454299945995, 39.348433999429574 ] ] } },
{ "type": "Feature", "properties": { "P12_001": 10220, "P12_002": "大森公園さくらまつり", "P12_003": "05", "P12_004": "05203", "P12_005": "‐", "P12_006": "横手市大森町高口下水戸堤1", "P12_007": 1 }, "geometry": { "type": "MultiPoint", "coordinates": [ [ 140.43454299945995, 39.348433999429574 ] ] } },
{ "type": "Feature", "properties": { "P12_001": 10221, "P12_002": "大森リゾート村芝桜フェスタ", "P12_003": "05", "P12_004": "05203", "P12_005": "‐", "P12_006": "横手市大森町高口下水戸堤1", "P12_007": 1 }, "geometry": { "type": "MultiPoint", "coordinates": [ [ 140.434327063243472, 39.352700321162956 ] ] } },
{ "type": "Feature", "properties": { "P12_001": 10222, "P12_002": "南部シルバーエリア雪祭り", "P12_003": "05", "P12_004": "05203", "P12_005": "‐", "P12_006": "横手市大森町字菅生田245-34", "P12_007": 1 }, "geometry": { "type": "MultiPoint", "coordinates": [ [ 140.414967838694906, 39.349363031478788 ] ] } },
{ "type": "Feature", "properties": { "P12_001": 10223, "P12_002": "農作業体験（大森）", "P12_003": "05", "P12_004": "05203", "P12_005": "‐", "P12_006": "横手市大森町大中島268", "P12_007": 1 }, "geometry": { "type": "MultiPoint", "coordinates": [ [ 140.434093081230799, 39.3425588238307 ] ] } },
{ "type": "Feature", "properties": { "P12_001": 10224, "P12_002": "少年自然の家（キャンプ場含む）", "P12_003": "05", "P12_004": "05203", "P12_005": "‐", "P12_006": "横手市大森町八沢木字大木屋773", "P12_007": 4 }, "geometry": { "type": "MultiPoint", "coordinates": [ [ 140.312936099521494, 39.357302903905918 ] ] } },
{ "type": "Feature", "properties": { "P12_001": 10225, "P12_002": "羽後カントリークラブ", "P12_003": "05", "P12_004": "05203", "P12_005": "‐", "P12_006": "横手市大森町字持向209", "P12_007": 4 }, "geometry": { "type": "MultiPoint", "coordinates": [ [ 140.431871048909898, 39.35509827616454 ] ] } },
{ "type": "Feature", "properties": { "P12_001": 10226, "P12_002": "大森スキー場", "P12_003": "05", "P12_004": "05203", "P12_005": "‐", "P12_006": "横手市大森町高口下水戸堤1", "P12_007": 4 }, "geometry": { "type": "MultiPoint", "coordinates": [ [ 140.433678000039777, 39.349781000392909 ] ] } },
{ "type": "Feature", "properties": { "P12_001": 10227, "P12_002": "ほろわの里資料館", "P12_003": "05", "P12_004": "05203", "P12_005": "‐", "P12_006": "横手市大森町八沢木字宮脇74", "P12_007": 2 }, "geometry": { "type": "MultiPoint", "coordinates": [ [ 140.360925210829919, 39.380660788564569 ] ] } },
{ "type": "Feature", "properties": { "P12_001": 10228, "P12_002": "十字館歴史資料展示室", "P12_003": "05", "P12_004": "05203", "P12_005": "‐", "P12_006": "横手市十文字町字西上24-1", "P12_007": 2 }, "geometry": { "type": "MultiPoint", "coordinates": [ [ 140.523957999462141, 39.226571000451372 ] ] } },
{ "type": "Feature", "properties": { "P12_001": 10229, "P12_002": "梨木水かぶり", "P12_003": "05", "P12_004": "05203", "P12_005": "‐", "P12_006": "横手市十文字町梨木堂の後28", "P12_007": 1 }, "geometry": { "type": "MultiPoint", "coordinates": [ [ 140.530928244442975, 39.231661108373487 ] ] } },
{ "type": "Feature", "properties": { "P12_001": 10230, "P12_002": "今泉祇園ばやし", "P12_003": "05", "P12_004": "05203", "P12_005": "‐", "P12_006": "横手市十文字町睦合字川前", "P12_007": 1 }, "geometry": { "type": "MultiPoint", "coordinates": [ [ 140.44871203233447, 39.227654223963327 ] ] } },
{ "type": "Feature", "properties": { "P12_001": 10231, "P12_002": "さくらんぼ祭り", "P12_003": "05", "P12_004": "05203", "P12_005": "‐", "P12_006": "横手市十文字町", "P12_007": 1 }, "geometry": { "type": "MultiPoint", "coordinates": [ [ 140.521714000300904, 39.225618999717142 ] ] } },
{ "type": "Feature", "properties": { "P12_001": 10232, "P12_002": "猩々祭り", "P12_003": "05", "P12_004": "05203", "P12_005": "‐", "P12_006": "横手市十文字町本町通町　および　中央通商店街", "P12_007": 1 }, "geometry": { "type": "MultiPoint", "coordinates": [ [ 140.522410000021523, 39.221730000239347 ] ] } },
{ "type": "Feature", "properties": { "P12_001": 10233, "P12_002": "十文字秋まつり", "P12_003": "05", "P12_004": "05203", "P12_005": "‐", "P12_006": "横手市十文字町字海道下21-4", "P12_007": 1 }, "geometry": { "type": "MultiPoint", "coordinates": [ [ 140.521488298346412, 39.226126024896189 ] ] } },
{ "type": "Feature", "properties": { "P12_001": 10234, "P12_002": "十文字映画祭", "P12_003": "05", "P12_004": "05203", "P12_005": "‐", "P12_006": "横手市十文字町西上38-1", "P12_007": 1 }, "geometry": { "type": "MultiPoint", "coordinates": [ [ 140.523098500295646, 39.22664859395752 ] ] } },
{ "type": "Feature", "properties": { "P12_001": 10235, "P12_002": "植木盆栽市", "P12_003": "05", "P12_004": "05203", "P12_005": "‐", "P12_006": "横手市十文字町字海道下21-4", "P12_007": 1 }, "geometry": { "type": "MultiPoint", "coordinates": [ [ 140.521488463821584, 39.226126143606677 ] ] } },
{ "type": "Feature", "properties": { "P12_001": 10236, "P12_002": "仁井田番楽", "P12_003": "05", "P12_004": "05203", "P12_005": "‐", "P12_006": "横手市十文字町仁井田屋布西", "P12_007": 1 }, "geometry": { "type": "MultiPoint", "coordinates": [ [ 140.523311766424968, 39.213434313742653 ] ] } },
{ "type": "Feature", "properties": { "P12_001": 10237, "P12_002": "梨木公園", "P12_003": "05", "P12_004": "05203", "P12_005": "‐", "P12_006": "横手市十文字町西原二番町", "P12_007": 4 }, "geometry": { "type": "MultiPoint", "coordinates": [ [ 140.53039200029059, 39.23000000119913 ] ] } },
{ "type": "Feature", "properties": { "P12_001": 10238, "P12_002": "道の駅十文字", "P12_003": "05", "P12_004": "05203", "P12_005": "‐", "P12_006": "横手市十文字町字海道下21-4", "P12_007": 6 }, "geometry": { "type": "MultiPoint", "coordinates": [ [ 140.521488422452762, 39.226125993419885 ] ] } },
{ "type": "Feature", "properties": { "P12_001": 10239, "P12_002": "いものこまつり", "P12_003": "05", "P12_004": "05203", "P12_005": "‐", "P12_006": "横手市山内土渕字鶴ヶ池", "P12_007": 1 }, "geometry": { "type": "MultiPoint", "coordinates": [ [ 140.620321000613785, 39.280830000704043 ] ] } },
{ "type": "Feature", "properties": { "P12_001": 10240, "P12_002": "筏の大杉", "P12_003": "05", "P12_004": "05203", "P12_005": "‐", "P12_006": "横手市山内筏字植田表56", "P12_007": 1 }, "geometry": { "type": "MultiPoint", "coordinates": [ [ 140.654678952771519, 39.263211032663094 ] ] } },
{ "type": "Feature", "properties": { "P12_001": 10241, "P12_002": "比叡山神社大松明", "P12_003": "05", "P12_004": "05203", "P12_005": "‐", "P12_006": "横手市山内筏字植田表56", "P12_007": 1 }, "geometry": { "type": "MultiPoint", "coordinates": [ [ 140.654681619261396, 39.263211712550572 ] ] } },
{ "type": "Feature", "properties": { "P12_001": 10242, "P12_002": "百万遍念仏講", "P12_003": "05", "P12_004": "05203", "P12_005": "‐", "P12_006": "横手市山内南郷字三ツ屋", "P12_007": 1 }, "geometry": { "type": "MultiPoint", "coordinates": [ [ 140.689757000185523, 39.244273000198859 ] ] } },
{ "type": "Feature", "properties": { "P12_001": 10243, "P12_002": "長瀞観光ぶどう園", "P12_003": "05", "P12_004": "05203", "P12_005": "‐", "P12_006": "横手市大沢字羽根山", "P12_007": 1 }, "geometry": { "type": "MultiPoint", "coordinates": [ [ 140.589884999093442, 39.294208999845523 ] ] } },
{ "type": "Feature", "properties": { "P12_001": 10244, "P12_002": "そば打ち体験（山内）", "P12_003": "05", "P12_004": "05203", "P12_005": "‐", "P12_006": "横手市山内土渕字小目倉沢34", "P12_007": 1 }, "geometry": { "type": "MultiPoint", "coordinates": [ [ 140.625684021300572, 39.289303441800428 ] ] } },
{ "type": "Feature", "properties": { "P12_001": 10245, "P12_002": "あいのの温泉鶴ケ池荘", "P12_003": "05", "P12_004": "05203", "P12_005": "‐", "P12_006": "横手市山内土渕字鶴ヶ池24-2", "P12_007": 3 }, "geometry": { "type": "MultiPoint", "coordinates": [ [ 140.62027522062499, 39.281736565889844 ] ] } },
{ "type": "Feature", "properties": { "P12_001": 10246, "P12_002": "南郷温泉共林荘", "P12_003": "05", "P12_004": "05203", "P12_005": "‐", "P12_006": "横手市山内南郷字大払川139-1", "P12_007": 3 }, "geometry": { "type": "MultiPoint", "coordinates": [ [ 140.672076325162379, 39.252807516953396 ] ] } },
{ "type": "Feature", "properties": { "P12_001": 10247, "P12_002": "三ツ又温泉", "P12_003": "05", "P12_004": "05203", "P12_005": "‐", "P12_006": "横手市山内三又字甲79", "P12_007": 3 }, "geometry": { "type": "MultiPoint", "coordinates": [ [ 140.726821962063923, 39.2083628325787 ] ] } },
{ "type": "Feature", "properties": { "P12_001": 10248, "P12_002": "相野々ダム公園", "P12_003": "05", "P12_004": "05203", "P12_005": "‐", "P12_006": "横手市山内平野沢字岩野目沢", "P12_007": 4 }, "geometry": { "type": "MultiPoint", "coordinates": [ [ 140.645228999019196, 39.282941000926485 ] ] } },
{ "type": "Feature", "properties": { "P12_001": 10249, "P12_002": "道の駅さんない", "P12_003": "05", "P12_004": "05203", "P12_005": "‐", "P12_006": "横手市山内土渕字小目倉沢34", "P12_007": 6 }, "geometry": { "type": "MultiPoint", "coordinates": [ [ 140.625684452075916, 39.289300159275001 ] ] } },
{ "type": "Feature", "properties": { "P12_001": 10250, "P12_002": "大松川ダム公園", "P12_003": "05", "P12_004": "05203", "P12_005": "‐", "P12_006": "横手市山内大松川字古沼", "P12_007": 4 }, "geometry": { "type": "MultiPoint", "coordinates": [ [ 140.653869651962964, 39.313780510262404 ] ] } },
{ "type": "Feature", "properties": { "P12_001": 10251, "P12_002": "長太郎稲荷神社梵天", "P12_003": "05", "P12_004": "05203", "P12_005": "‐", "P12_006": "横手市大雄字中島", "P12_007": 1 }, "geometry": { "type": "MultiPoint", "coordinates": [ [ 140.455369487711778, 39.34911999059517 ] ] } },
{ "type": "Feature", "properties": { "P12_001": 10252, "P12_002": "鹿島送り", "P12_003": "05", "P12_004": "05203", "P12_005": "‐", "P12_006": "横手市大雄", "P12_007": 1 }, "geometry": { "type": "MultiPoint", "coordinates": [ [ 140.474972297233762, 39.333795621171021 ] ] } },
{ "type": "Feature", "properties": { "P12_001": 10253, "P12_002": "桜つづみ公園", "P12_003": "05", "P12_004": "05203", "P12_005": "‐", "P12_006": "横手市大雄字木戸口西54地先", "P12_007": 4 }, "geometry": { "type": "MultiPoint", "coordinates": [ [ 140.448603787235015, 39.3468498670278 ] ] } },
{ "type": "Feature", "properties": { "P12_001": 10254, "P12_002": "ゆとりおん大雄", "P12_003": "05", "P12_004": "05203", "P12_005": "‐", "P12_006": "横手市大雄三村東21-4", "P12_007": 3 }, "geometry": { "type": "MultiPoint", "coordinates": [ [ 140.474297046671381, 39.334905627392857 ] ] } },
{ "type": "Feature", "properties": { "P12_001": 10255, "P12_002": "大雄サマーフェスティバル", "P12_003": "05", "P12_004": "05203", "P12_005": "‐", "P12_006": "横手市大雄字本庄道下20", "P12_007": 1 }, "geometry": { "type": "MultiPoint", "coordinates": [ [ 140.475429792251134, 39.336211675028835 ] ] } },
{ "type": "Feature", "properties": { "P12_001": 10256, "P12_002": "たいゆう緑花園", "P12_003": "05", "P12_004": "05203", "P12_005": "‐", "P12_006": "横手市大雄字精兵西121-1", "P12_007": 4 }, "geometry": { "type": "MultiPoint", "coordinates": [ [ 140.479916562099675, 39.336758532979957 ] ] } },
{ "type": "Feature", "properties": { "P12_001": 10257, "P12_002": "ケダニ地蔵", "P12_003": "05", "P12_004": "05203", "P12_005": "‐", "P12_006": "横手市大雄木戸口", "P12_007": 2 }, "geometry": { "type": "MultiPoint", "coordinates": [ [ 140.452098000522369, 39.347378999341402 ] ] } },
{ "type": "Feature", "properties": { "P12_001": 10258, "P12_002": "厄神様", "P12_003": "05", "P12_004": "05203", "P12_005": "‐", "P12_006": "横手市大雄字藤巻", "P12_007": 1 }, "geometry": { "type": "MultiPoint", "coordinates": [ [ 140.474974791053796, 39.333797579894451 ] ] } },
{ "type": "Feature", "properties": { "P12_001": 10259, "P12_002": "本場大館きりたんぽまつり", "P12_003": "05", "P12_004": "05204", "P12_005": "‐", "P12_006": "大館市上代野字稲荷台1-1（大館樹海ドーム）", "P12_007": 1 }, "geometry": { "type": "MultiPoint", "coordinates": [ [ 140.586745798579841, 40.292666260339672 ] ] } },
{ "type": "Feature", "properties": { "P12_001": 10260, "P12_002": "大館圏域産業祭", "P12_003": "05", "P12_004": "05204", "P12_005": "‐", "P12_006": "大館市上代野字稲荷台1-1（大館樹海ドーム）", "P12_007": 1 }, "geometry": { "type": "MultiPoint", "coordinates": [ [ 140.586745798579841, 40.292666260339672 ] ] } },
{ "type": "Feature", "properties": { "P12_001": 10261, "P12_002": "大館市日まつり（春）", "P12_003": "05", "P12_004": "05204", "P12_005": "‐", "P12_006": "大館市字中町46（柳町児童公園）", "P12_007": 1 }, "geometry": { "type": "MultiPoint", "coordinates": [ [ 140.559824265777252, 40.269223182903602 ] ] } },
{ "type": "Feature", "properties": { "P12_001": 10262, "P12_002": "大館市日まつり（秋）", "P12_003": "05", "P12_004": "05204", "P12_005": "‐", "P12_006": "大館市字中町46（柳町児童公園）", "P12_007": 1 }, "geometry": { "type": "MultiPoint", "coordinates": [ [ 140.559822380798323, 40.269222050657163 ] ] } },
{ "type": "Feature", "properties": { "P12_001": 10263, "P12_002": "アメッコ市", "P12_003": "05", "P12_004": "05204", "P12_005": "‐", "P12_006": "大館市（おおまちハチ公通り）", "P12_007": 1 }, "geometry": { "type": "MultiPoint", "coordinates": [ [ 140.558767387005332, 40.270042226067915 ] ] } },
{ "type": "Feature", "properties": { "P12_001": 10264, "P12_002": "バラまつり", "P12_003": "05", "P12_004": "05204", "P12_005": "‐", "P12_006": "大館市字三ノ丸10", "P12_007": 1 }, "geometry": { "type": "MultiPoint", "coordinates": [ [ 140.563062406105246, 40.273236232166425 ] ] } },
{ "type": "Feature", "properties": { "P12_001": 10265, "P12_002": "大文字まつり", "P12_003": "05", "P12_004": "05204", "P12_005": "‐", "P12_006": "大館市（鳳凰山、長木川、大町ハチ公通り）", "P12_007": 1 }, "geometry": { "type": "MultiPoint", "coordinates": [ [ 140.556641000281957, 40.288021999415776 ] ] } },
{ "type": "Feature", "properties": { "P12_001": 10266, "P12_002": "神明社祭典", "P12_003": "05", "P12_004": "05204", "P12_005": "‐", "P12_006": "大館市", "P12_007": 1 }, "geometry": { "type": "MultiPoint", "coordinates": [ [ 140.564240776990346, 40.271391821575378 ] ] } },
{ "type": "Feature", "properties": { "P12_001": 10267, "P12_002": "大館樹海ドーム", "P12_003": "05", "P12_004": "05204", "P12_005": "‐", "P12_006": "大館市上代野字稲荷台1-1", "P12_007": 4 }, "geometry": { "type": "MultiPoint", "coordinates": [ [ 140.586743316450907, 40.292673273253001 ] ] } },
{ "type": "Feature", "properties": { "P12_001": 10268, "P12_002": "長走風穴館", "P12_003": "05", "P12_004": "05204", "P12_005": "‐", "P12_006": "大館市長走字長走362-6", "P12_007": 2 }, "geometry": { "type": "MultiPoint", "coordinates": [ [ 140.60385300021585, 40.38188699958539 ] ] } },
{ "type": "Feature", "properties": { "P12_001": 10269, "P12_002": "雪沢・日景・矢立", "P12_003": "05", "P12_004": "05204", "P12_005": "‐", "P12_006": "大館市雪沢　および　長走", "P12_007": 3 }, "geometry": { "type": "MultiPoint", "coordinates": [ [ 140.564240776990346, 40.271391821575378 ] ] } },
{ "type": "Feature", "properties": { "P12_001": 10270, "P12_002": "大滝温泉", "P12_003": "05", "P12_004": "05204", "P12_005": "‐", "P12_006": "大館市字十二所字上川代", "P12_007": 3 }, "geometry": { "type": "MultiPoint", "coordinates": [ [ 140.642561000090154, 40.212571001250751 ] ] } },
{ "type": "Feature", "properties": { "P12_001": 10271, "P12_002": "比内とりの市", "P12_003": "05", "P12_004": "05204", "P12_005": "‐", "P12_006": "大館市比内町扇田字伊勢堂岱地内 （大館市立比内グラウンド）", "P12_007": 1 }, "geometry": { "type": "MultiPoint", "coordinates": [ [ 140.583665000039787, 40.224255000467963 ] ] } },
{ "type": "Feature", "properties": { "P12_001": 10272, "P12_002": "大館カントリークラブ", "P12_003": "05", "P12_004": "05204", "P12_005": "‐", "P12_006": "大館市比内町扇田字横沢128-1", "P12_007": 4 }, "geometry": { "type": "MultiPoint", "coordinates": [ [ 140.600637036270314, 40.21519454309373 ] ] } },
{ "type": "Feature", "properties": { "P12_001": 10273, "P12_002": "たけのこ祭り", "P12_003": "05", "P12_004": "05204", "P12_005": "‐", "P12_006": "大館市岩瀬字上岩瀬塚の岱地内（田代多目的運動広場）", "P12_007": 1 }, "geometry": { "type": "MultiPoint", "coordinates": [ [ 140.450005037102869, 40.291062247524735 ] ] } },
{ "type": "Feature", "properties": { "P12_001": 10274, "P12_002": "山菜採り（田代岳周辺）", "P12_003": "05", "P12_004": "05204", "P12_005": "‐", "P12_006": "大館市早口　および　岩瀬", "P12_007": 1 }, "geometry": { "type": "MultiPoint", "coordinates": [ [ 140.409090999350155, 40.428460999775382 ] ] } },
{ "type": "Feature", "properties": { "P12_001": 10275, "P12_002": "男鹿水族館ＧＡＯ", "P12_003": "05", "P12_004": "05206", "P12_005": "‐", "P12_006": "男鹿市戸賀塩浜", "P12_007": 2 }, "geometry": { "type": "MultiPoint", "coordinates": [ [ 139.704590000028588, 39.942177000168499 ] ] } },
{ "type": "Feature", "properties": { "P12_001": 10276, "P12_002": "温浴ランドおが", "P12_003": "05", "P12_004": "05206", "P12_005": "‐", "P12_006": "男鹿市北浦北浦字平岱山1", "P12_007": 3 }, "geometry": { "type": "MultiPoint", "coordinates": [ [ 139.753752121363391, 39.951682978986355 ] ] } },
{ "type": "Feature", "properties": { "P12_001": 10277, "P12_002": "なまはげ館", "P12_003": "05", "P12_004": "05206", "P12_005": "‐", "P12_006": "男鹿市北浦真山字水喰沢97", "P12_007": 2 }, "geometry": { "type": "MultiPoint", "coordinates": [ [ 139.766635406099226, 39.929344586483523 ] ] } },
{ "type": "Feature", "properties": { "P12_001": 10278, "P12_002": "夕陽温泉ＷＡＯ", "P12_003": "05", "P12_004": "05206", "P12_005": "‐", "P12_006": "男鹿市野石大場沢下1-17", "P12_007": 3 }, "geometry": { "type": "MultiPoint", "coordinates": [ [ 139.924304298104971, 40.037385761943426 ] ] } },
{ "type": "Feature", "properties": { "P12_001": 10279, "P12_002": "川連漆器伝統工芸館", "P12_003": "05", "P12_004": "05207", "P12_005": "‐", "P12_006": "湯沢市川連町字大舘中野142-1", "P12_007": 2 }, "geometry": { "type": "MultiPoint", "coordinates": [ [ 140.567989999339034, 39.144722001319337 ] ] } },
{ "type": "Feature", "properties": { "P12_001": 10280, "P12_002": "稲庭うどん工場見学・手造り体験", "P12_003": "05", "P12_004": "05207", "P12_005": "‐", "P12_006": "湯沢市稲庭町字稲庭80", "P12_007": 2 }, "geometry": { "type": "MultiPoint", "coordinates": [ [ 140.582155801848785, 39.107014577260998 ] ] } },
{ "type": "Feature", "properties": { "P12_001": 10281, "P12_002": "道の駅おがち「小町の郷」", "P12_003": "05", "P12_004": "05207", "P12_005": "‐", "P12_006": "湯沢市小野字橋本90", "P12_007": 6 }, "geometry": { "type": "MultiPoint", "coordinates": [ [ 140.460313177011585, 39.06503430778713 ] ] } },
{ "type": "Feature", "properties": { "P12_001": 10282, "P12_002": "湯沢市小安峡温泉総合案内拠点施設", "P12_003": "05", "P12_004": "05207", "P12_005": "‐", "P12_006": "湯沢市皆瀬字湯元5-1", "P12_007": 6 }, "geometry": { "type": "MultiPoint", "coordinates": [ [ 140.664636500074494, 39.006049598610161 ] ] } },
{ "type": "Feature", "properties": { "P12_001": 10283, "P12_002": "市民プラザ", "P12_003": "05", "P12_004": "05207", "P12_005": "‐", "P12_006": "湯沢市柳町1-1-13", "P12_007": 6 }, "geometry": { "type": "MultiPoint", "coordinates": [ [ 140.492557341947872, 39.164411755498179 ] ] } },
{ "type": "Feature", "properties": { "P12_001": 10284, "P12_002": "犬っこまつり", "P12_003": "05", "P12_004": "05207", "P12_005": "‐", "P12_006": "湯沢市佐竹町", "P12_007": 1 }, "geometry": { "type": "MultiPoint", "coordinates": [ [ 140.494773999920199, 39.164075999907539 ] ] } },
{ "type": "Feature", "properties": { "P12_001": 10285, "P12_002": "小町まつり", "P12_003": "05", "P12_004": "05207", "P12_005": "‐", "P12_006": "湯沢市小野字小町", "P12_007": 1 }, "geometry": { "type": "MultiPoint", "coordinates": [ [ 140.459728526850085, 39.069391879231887 ] ] } },
{ "type": "Feature", "properties": { "P12_001": 10286, "P12_002": "七夕絵どうろうまつり", "P12_003": "05", "P12_004": "05207", "P12_005": "‐", "P12_006": "湯沢市大町", "P12_007": 1 }, "geometry": { "type": "MultiPoint", "coordinates": [ [ 140.494774456775872, 39.16407599631026 ] ] } },
{ "type": "Feature", "properties": { "P12_001": 10287, "P12_002": "雄勝花火大会", "P12_003": "05", "P12_004": "05207", "P12_005": "‐", "P12_006": "湯沢市横堀字赤塚", "P12_007": 1 }, "geometry": { "type": "MultiPoint", "coordinates": [ [ 140.447214999272887, 39.049869999700775 ] ] } },
{ "type": "Feature", "properties": { "P12_001": 10288, "P12_002": "稲川ふるさとまつり", "P12_003": "05", "P12_004": "05207", "P12_005": "‐", "P12_006": "湯沢市三梨町川連町大舘中野87-1", "P12_007": 1 }, "geometry": { "type": "MultiPoint", "coordinates": [ [ 140.566761000220026, 39.143669999570875 ] ] } },
{ "type": "Feature", "properties": { "P12_001": 10289, "P12_002": "大名行列", "P12_003": "05", "P12_004": "05207", "P12_005": "‐", "P12_006": "湯沢市大町", "P12_007": 1 }, "geometry": { "type": "MultiPoint", "coordinates": [ [ 140.494769282976108, 39.164073734515284 ] ] } },
{ "type": "Feature", "properties": { "P12_001": 10290, "P12_002": "全国まるごとうどんエキスポ", "P12_003": "05", "P12_004": "05207", "P12_005": "‐", "P12_006": "湯沢市中心商店街", "P12_007": 1 }, "geometry": { "type": "MultiPoint", "coordinates": [ [ 140.492117999745915, 39.162826999866184 ] ] } },
{ "type": "Feature", "properties": { "P12_001": 10291, "P12_002": "秋の宮温泉郷", "P12_003": "05", "P12_004": "05207", "P12_005": "‐", "P12_006": "湯沢市秋ノ宮字山居野", "P12_007": 3 }, "geometry": { "type": "MultiPoint", "coordinates": [ [ 140.540527000021143, 38.959837000876917 ] ] } },
{ "type": "Feature", "properties": { "P12_001": 10292, "P12_002": "小安峡温泉", "P12_003": "05", "P12_004": "05207", "P12_005": "‐", "P12_006": "湯沢市皆瀬字湯元", "P12_007": 3 }, "geometry": { "type": "MultiPoint", "coordinates": [ [ 140.663594724516997, 39.006587309556721 ] ] } },
{ "type": "Feature", "properties": { "P12_001": 10293, "P12_002": "奥小安・大湯温泉", "P12_003": "05", "P12_004": "05207", "P12_005": "‐", "P12_006": "湯沢市皆瀬字小安奥山", "P12_007": 3 }, "geometry": { "type": "MultiPoint", "coordinates": [ [ 140.68818799977646, 38.989287000994352 ] ] } },
{ "type": "Feature", "properties": { "P12_001": 10294, "P12_002": "泥湯温泉", "P12_003": "05", "P12_004": "05207", "P12_005": "‐", "P12_006": "湯沢市高松字泥湯沢", "P12_007": 3 }, "geometry": { "type": "MultiPoint", "coordinates": [ [ 140.612130549185508, 38.990750613450075 ] ] } },
{ "type": "Feature", "properties": { "P12_001": 10295, "P12_002": "木地山高原温泉", "P12_003": "05", "P12_004": "05207", "P12_005": "‐", "P12_006": "湯沢市高松湯尻村下32", "P12_007": 3 }, "geometry": { "type": "MultiPoint", "coordinates": [ [ 140.619133494415337, 39.013976605336097 ] ] } },
{ "type": "Feature", "properties": { "P12_001": 10296, "P12_002": "湯の原温泉・ゆざわ温泉", "P12_003": "05", "P12_004": "05207", "P12_005": "‐", "P12_006": "湯沢市湯の原", "P12_007": 3 }, "geometry": { "type": "MultiPoint", "coordinates": [ [ 140.500028734138823, 39.166225911096944 ] ] } },
{ "type": "Feature", "properties": { "P12_001": 10297, "P12_002": "湯ノ沢温泉・横堀温泉", "P12_003": "05", "P12_004": "05207", "P12_005": "‐", "P12_006": "湯沢市", "P12_007": 3 }, "geometry": { "type": "MultiPoint", "coordinates": [ [ 140.408050000806952, 39.025450000417266 ] ] } },
{ "type": "Feature", "properties": { "P12_001": 10297, "P12_002": "湯ノ沢温泉・横堀温泉", "P12_003": "05", "P12_004": "05207", "P12_005": "‐", "P12_006": "湯沢市横堀", "P12_007": 3 }, "geometry": { "type": "MultiPoint", "coordinates": [ [ 140.454639999936148, 39.061669000623908 ] ] } },
{ "type": "Feature", "properties": { "P12_001": 10298, "P12_002": "後生掛温泉の泥火山、箱蒸し、泥、オンドル湯治", "P12_003": "05", "P12_004": "05209", "P12_005": "温泉", "P12_006": "鹿角市八幡平字熊沢国有林", "P12_007": -1 }, "geometry": { "type": "MultiPoint", "coordinates": [ [ 140.800363999898764, 39.972063999753857 ] ] } },
{ "type": "Feature", "properties": { "P12_001": 10299, "P12_002": "八幡平温泉郷", "P12_003": "05", "P12_004": "05209", "P12_005": "‐", "P12_006": "鹿角市八幡平", "P12_007": 3 }, "geometry": { "type": "MultiPoint", "coordinates": [ [ 140.814518999752067, 40.052384999468188 ] ] } },
{ "type": "Feature", "properties": { "P12_001": 10300, "P12_002": "湯瀬温泉郷", "P12_003": "05", "P12_004": "05209", "P12_005": "‐", "P12_006": "鹿角市八幡平字湯瀬", "P12_007": 3 }, "geometry": { "type": "MultiPoint", "coordinates": [ [ 140.836309999207174, 40.122534998691265 ] ] } },
{ "type": "Feature", "properties": { "P12_001": 10301, "P12_002": "大湯温泉郷", "P12_003": "05", "P12_004": "05209", "P12_005": "‐", "P12_006": "鹿角市十和田大湯", "P12_007": 3 }, "geometry": { "type": "MultiPoint", "coordinates": [ [ 140.832923000396249, 40.294356000129369 ] ] } },
{ "type": "Feature", "properties": { "P12_001": 10302, "P12_002": "大湯ストーンサークル館", "P12_003": "05", "P12_004": "05209", "P12_005": "‐", "P12_006": "鹿角市十和田大湯字万座45", "P12_007": 2 }, "geometry": { "type": "MultiPoint", "coordinates": [ [ 140.806389106871848, 40.274083843194887 ] ] } },
{ "type": "Feature", "properties": { "P12_001": 10303, "P12_002": "八幡平ビジターセンター", "P12_003": "05", "P12_004": "05209", "P12_005": "‐", "P12_006": "鹿角市八幡平字大沼2", "P12_007": 2 }, "geometry": { "type": "MultiPoint", "coordinates": [ [ 140.802164973234994, 39.98230515096202 ] ] } },
{ "type": "Feature", "properties": { "P12_001": 10304, "P12_002": "史跡尾去沢鉱山", "P12_003": "05", "P12_004": "05209", "P12_005": "‐", "P12_006": "鹿角市尾去沢字獅子沢13-5", "P12_007": 2 }, "geometry": { "type": "MultiPoint", "coordinates": [ [ 140.7471609988811, 40.185632999163658 ] ] } },
{ "type": "Feature", "properties": { "P12_001": 10305, "P12_002": "鹿角観光ふるさと館あんとらあ", "P12_003": "05", "P12_004": "05209", "P12_005": "‐", "P12_006": "鹿角市花輪字新田町11-4", "P12_007": 6 }, "geometry": { "type": "MultiPoint", "coordinates": [ [ 140.785275038812074, 40.181779240519575 ] ] } },
{ "type": "Feature", "properties": { "P12_001": 10306, "P12_002": "秋田八幡平スキー場", "P12_003": "05", "P12_004": "05209", "P12_005": "‐", "P12_006": "鹿角市八幡平字熊沢国有林", "P12_007": 4 }, "geometry": { "type": "MultiPoint", "coordinates": [ [ 140.801704999686081, 39.978536000536053 ] ] } },
{ "type": "Feature", "properties": { "P12_001": 10307, "P12_002": "花輪スキー場", "P12_003": "05", "P12_004": "05209", "P12_005": "‐", "P12_006": "鹿角市花輪字百合沢81-1", "P12_007": 4 }, "geometry": { "type": "MultiPoint", "coordinates": [ [ 140.822090071000048, 40.187931749950337 ] ] } },
{ "type": "Feature", "properties": { "P12_001": 10308, "P12_002": "水晶山スキー場", "P12_003": "05", "P12_004": "05209", "P12_005": "‐", "P12_006": "鹿角市尾去沢字尾去山国有林", "P12_007": 4 }, "geometry": { "type": "MultiPoint", "coordinates": [ [ 140.763806274540002, 40.177368337478867 ] ] } },
{ "type": "Feature", "properties": { "P12_001": 10309, "P12_002": "大日堂舞楽", "P12_003": "05", "P12_004": "05209", "P12_005": "‐", "P12_006": "鹿角市八幡平字堂の上16", "P12_007": 1 }, "geometry": { "type": "MultiPoint", "coordinates": [ [ 140.805820519501481, 40.144287821026182 ] ] } },
{ "type": "Feature", "properties": { "P12_001": 10310, "P12_002": "毛馬内月山神社祭典", "P12_003": "05", "P12_004": "05209", "P12_005": "‐", "P12_006": "鹿角市十和田毛馬内", "P12_007": 1 }, "geometry": { "type": "MultiPoint", "coordinates": [ [ 140.76770599933252, 40.271543999456071 ] ] } },
{ "type": "Feature", "properties": { "P12_001": 10311, "P12_002": "花輪ねぷた", "P12_003": "05", "P12_004": "05209", "P12_005": "‐", "P12_006": "鹿角市花輪", "P12_007": 1 }, "geometry": { "type": "MultiPoint", "coordinates": [ [ 140.792242023750418, 40.192355200332258 ] ] } },
{ "type": "Feature", "properties": { "P12_001": 10312, "P12_002": "花輪ばやし", "P12_003": "05", "P12_004": "05209", "P12_005": "‐", "P12_006": "鹿角市花輪", "P12_007": 1 }, "geometry": { "type": "MultiPoint", "coordinates": [ [ 140.792239911242973, 40.192357312839761 ] ] } },
{ "type": "Feature", "properties": { "P12_001": 10313, "P12_002": "毛馬内の盆踊", "P12_003": "05", "P12_004": "05209", "P12_005": "‐", "P12_006": "鹿角市十和田毛馬内", "P12_007": 1 }, "geometry": { "type": "MultiPoint", "coordinates": [ [ 140.768001531845243, 40.269449538665356 ] ] } },
{ "type": "Feature", "properties": { "P12_001": 10314, "P12_002": "大湯温泉夏まつり", "P12_003": "05", "P12_004": "05209", "P12_005": "‐", "P12_006": "鹿角市十和田大湯", "P12_007": 1 }, "geometry": { "type": "MultiPoint", "coordinates": [ [ 140.826725573426529, 40.293589550217632 ] ] } },
{ "type": "Feature", "properties": { "P12_001": 10315, "P12_002": "中滝ふるさと学舎", "P12_003": "05", "P12_004": "05209", "P12_005": "‐", "P12_006": "鹿角市十和田大湯字白沢45-1", "P12_007": 6 }, "geometry": { "type": "MultiPoint", "coordinates": [ [ 140.884994466321587, 40.372610171622171 ] ] } },
{ "type": "Feature", "properties": { "P12_001": 10316, "P12_002": "十和田八幡平国立公園", "P12_003": "05", "P12_004": "05209、05215、05303", "P12_005": "‐", "P12_006": "鹿角市　および　仙北市　および　小坂町", "P12_007": 1 }, "geometry": { "type": "MultiPoint", "coordinates": [ [ 140.852235999791674, 39.945260999395657 ] ] } },
{ "type": "Feature", "properties": { "P12_001": 10317, "P12_002": "鳥海山", "P12_003": "05", "P12_004": "05210", "P12_005": "山岳", "P12_006": "由利本荘市", "P12_007": -1 }, "geometry": { "type": "MultiPoint", "coordinates": [ [ 140.063151919325719, 39.112620504832478 ] ] } },
{ "type": "Feature", "properties": { "P12_001": 10318, "P12_002": "石沢峡", "P12_003": "05", "P12_004": "05210", "P12_005": "‐", "P12_006": "由利本荘市大簗猿木沢", "P12_007": 1 }, "geometry": { "type": "MultiPoint", "coordinates": [ [ 140.173752638173823, 39.348776750846412 ] ] } },
{ "type": "Feature", "properties": { "P12_001": 10319, "P12_002": "長谷寺・五峰苑", "P12_003": "05", "P12_004": "05210", "P12_005": "‐", "P12_006": "由利本荘市赤田字上田表115", "P12_007": 2 }, "geometry": { "type": "MultiPoint", "coordinates": [ [ 140.103030652142934, 39.427947353987236 ] ] } },
{ "type": "Feature", "properties": { "P12_001": 10320, "P12_002": "本荘マリーナ海水浴場", "P12_003": "05", "P12_004": "05210", "P12_005": "‐", "P12_006": "由利本荘市石脇字田尻", "P12_007": 4 }, "geometry": { "type": "MultiPoint", "coordinates": [ [ 140.018434999375813, 39.398769000389109 ] ] } },
{ "type": "Feature", "properties": { "P12_001": 10321, "P12_002": "本荘マリーナ", "P12_003": "05", "P12_004": "05210", "P12_005": "‐", "P12_006": "由利本荘市石脇字田尻32", "P12_007": 4 }, "geometry": { "type": "MultiPoint", "coordinates": [ [ 140.01589643357363, 39.393214840492533 ] ] } },
{ "type": "Feature", "properties": { "P12_001": 10322, "P12_002": "本荘公園", "P12_003": "05", "P12_004": "05210", "P12_005": "‐", "P12_006": "由利本荘市尾崎", "P12_007": 4 }, "geometry": { "type": "MultiPoint", "coordinates": [ [ 140.047371111587609, 39.384678889319332 ] ] } },
{ "type": "Feature", "properties": { "P12_001": 10323, "P12_002": "三望苑", "P12_003": "05", "P12_004": "05210", "P12_005": "‐", "P12_006": "由利本荘市大浦鳥屋81", "P12_007": 4 }, "geometry": { "type": "MultiPoint", "coordinates": [ [ 140.049888943520045, 39.417099913130528 ] ] } },
{ "type": "Feature", "properties": { "P12_001": 10324, "P12_002": "ボートプラザ・アクアパル", "P12_003": "05", "P12_004": "05210", "P12_005": "‐", "P12_006": "由利本荘市北裏地54-1", "P12_007": 4 }, "geometry": { "type": "MultiPoint", "coordinates": [ [ 140.038404396845522, 39.392298577917074 ] ] } },
{ "type": "Feature", "properties": { "P12_001": 10325, "P12_002": "鶴舞温泉", "P12_003": "05", "P12_004": "05210", "P12_005": "‐", "P12_006": "由利本荘市西小人町23-1", "P12_007": 3 }, "geometry": { "type": "MultiPoint", "coordinates": [ [ 140.047105999542282, 39.381911999139504 ] ] } },
{ "type": "Feature", "properties": { "P12_001": 10326, "P12_002": "ぱいんすぱ新山", "P12_003": "05", "P12_004": "05210", "P12_005": "‐", "P12_006": "由利本荘市石脇字田尻30-12", "P12_007": 3 }, "geometry": { "type": "MultiPoint", "coordinates": [ [ 140.025429000847794, 39.403106998988846 ] ] } },
{ "type": "Feature", "properties": { "P12_001": 10327, "P12_002": "由利本荘　春の花巡り　本荘さくらまつり", "P12_003": "05", "P12_004": "05210", "P12_005": "‐", "P12_006": "由利本荘市尾崎", "P12_007": 1 }, "geometry": { "type": "MultiPoint", "coordinates": [ [ 140.047371111587609, 39.384678889319332 ] ] } },
{ "type": "Feature", "properties": { "P12_001": 10328, "P12_002": "由利本荘　春の花巡り　本荘つつじまつり", "P12_003": "05", "P12_004": "05210", "P12_005": "‐", "P12_006": "由利本荘市尾崎", "P12_007": 1 }, "geometry": { "type": "MultiPoint", "coordinates": [ [ 140.047371111587609, 39.384678889319332 ] ] } },
{ "type": "Feature", "properties": { "P12_001": 10329, "P12_002": "本荘八幡神社祭典", "P12_003": "05", "P12_004": "05210", "P12_005": "‐", "P12_006": "由利本荘市東町63-1", "P12_007": 1 }, "geometry": { "type": "MultiPoint", "coordinates": [ [ 140.05466300089688, 39.390735001319285 ] ] } },
{ "type": "Feature", "properties": { "P12_001": 10330, "P12_002": "菖蒲カーニバル", "P12_003": "05", "P12_004": "05210", "P12_005": "‐", "P12_006": "由利本荘市尾崎町（駅前通り）", "P12_007": 1 }, "geometry": { "type": "MultiPoint", "coordinates": [ [ 140.053914999677545, 39.387277999280286 ] ] } },
{ "type": "Feature", "properties": { "P12_001": 10331, "P12_002": "本荘川まつり花火大会", "P12_003": "05", "P12_004": "05210", "P12_005": "‐", "P12_006": "由利本荘市北裏地54-1", "P12_007": 1 }, "geometry": { "type": "MultiPoint", "coordinates": [ [ 140.038403870742059, 39.392297877345243 ] ] } },
{ "type": "Feature", "properties": { "P12_001": 10332, "P12_002": "鳥海山（祓川ヒュッテ）", "P12_003": "05", "P12_004": "05210", "P12_005": "‐", "P12_006": "由利本荘市矢島町荒沢", "P12_007": 1 }, "geometry": { "type": "MultiPoint", "coordinates": [ [ 140.068205556141606, 39.130018611070113 ] ] } },
{ "type": "Feature", "properties": { "P12_001": 10333, "P12_002": "鳥海高原矢島スキー場", "P12_003": "05", "P12_004": "05210", "P12_005": "‐", "P12_006": "由利本荘市矢島町荒沢字長保田6", "P12_007": 4 }, "geometry": { "type": "MultiPoint", "coordinates": [ [ 140.087462000770756, 39.189759999924092 ] ] } },
{ "type": "Feature", "properties": { "P12_001": 10334, "P12_002": "花立牧場公園", "P12_003": "05", "P12_004": "05210", "P12_005": "‐", "P12_006": "由利本荘市矢島町城内字花立96", "P12_007": 4 }, "geometry": { "type": "MultiPoint", "coordinates": [ [ 140.088523001135627, 39.206319000921212 ] ] } },
{ "type": "Feature", "properties": { "P12_001": 10335, "P12_002": "矢島八朔まつり", "P12_003": "05", "P12_004": "05210", "P12_005": "‐", "P12_006": "由利本荘市矢島町", "P12_007": 1 }, "geometry": { "type": "MultiPoint", "coordinates": [ [ 140.135148871523256, 39.22979906387576 ] ] } },
{ "type": "Feature", "properties": { "P12_001": 10336, "P12_002": "由利本荘ひな街道「町中ひなめぐり」", "P12_003": "05", "P12_004": "05210", "P12_005": "‐", "P12_006": "由利本荘市", "P12_007": 1 }, "geometry": { "type": "MultiPoint", "coordinates": [ [ 140.04890600071144, 39.385841998709338 ] ] } },
{ "type": "Feature", "properties": { "P12_001": 10337, "P12_002": "鳥海オコジョランドスキー場", "P12_003": "05", "P12_004": "05210", "P12_005": "‐", "P12_006": "由利本荘市鳥海町猿倉字奥山前3-11", "P12_007": 4 }, "geometry": { "type": "MultiPoint", "coordinates": [ [ 140.11656500017466, 39.173039999596369 ] ] } },
{ "type": "Feature", "properties": { "P12_001": 10338, "P12_002": "法体園地", "P12_003": "05", "P12_004": "05210", "P12_005": "‐", "P12_006": "由利本荘市鳥海町百宅字奥山", "P12_007": 1 }, "geometry": { "type": "MultiPoint", "coordinates": [ [ 140.155562710350864, 39.108634759886286 ] ] } },
{ "type": "Feature", "properties": { "P12_001": 10339, "P12_002": "法体園地キャンプ場", "P12_003": "05", "P12_004": "05210", "P12_005": "‐", "P12_006": "由利本荘市鳥海町百宅字奥山", "P12_007": 4 }, "geometry": { "type": "MultiPoint", "coordinates": [ [ 140.155579551055553, 39.108634759886286 ] ] } },
{ "type": "Feature", "properties": { "P12_001": 10340, "P12_002": "猿倉温泉（鳥海荘）", "P12_003": "05", "P12_004": "05210", "P12_005": "‐", "P12_006": "由利本荘市鳥海町猿倉湯ノ沢103-1", "P12_007": 3 }, "geometry": { "type": "MultiPoint", "coordinates": [ [ 140.133805999347487, 39.168361998807256 ] ] } },
{ "type": "Feature", "properties": { "P12_001": 10341, "P12_002": "猿倉温泉（ホテルフォレスタ鳥海）", "P12_003": "05", "P12_004": "05210", "P12_005": "‐", "P12_006": "由利本荘市鳥海町猿倉奥山前8-45", "P12_007": 3 }, "geometry": { "type": "MultiPoint", "coordinates": [ [ 140.116075000061301, 39.173372000517475 ] ] } },
{ "type": "Feature", "properties": { "P12_001": 10342, "P12_002": "生産物直売所菜らんど", "P12_003": "05", "P12_004": "05210", "P12_005": "‐", "P12_006": "由利本荘市鳥海町伏見字久保146-1", "P12_007": 5 }, "geometry": { "type": "MultiPoint", "coordinates": [ [ 140.188421999875459, 39.188820000642579 ] ] } },
{ "type": "Feature", "properties": { "P12_001": 10343, "P12_002": "道の駅清水の里鳥海郷", "P12_003": "05", "P12_004": "05210", "P12_005": "‐", "P12_006": "由利本荘市鳥海町上笹子字堺台100", "P12_007": 6 }, "geometry": { "type": "MultiPoint", "coordinates": [ [ 140.291634270105533, 39.109435867871071 ] ] } },
{ "type": "Feature", "properties": { "P12_001": 10344, "P12_002": "黄桜温泉　湯楽里", "P12_003": "05", "P12_004": "05210", "P12_005": "‐", "P12_006": "由利本荘市東由利老方字畑田28", "P12_007": 3 }, "geometry": { "type": "MultiPoint", "coordinates": [ [ 140.285106095869651, 39.301532325856215 ] ] } },
{ "type": "Feature", "properties": { "P12_001": 10345, "P12_002": "レストランやしお", "P12_003": "05", "P12_004": "05210", "P12_005": "‐", "P12_006": "由利本荘市東由利老方字畑田28", "P12_007": 5 }, "geometry": { "type": "MultiPoint", "coordinates": [ [ 140.285113111480996, 39.301528115230383 ] ] } },
{ "type": "Feature", "properties": { "P12_001": 10346, "P12_002": "由利本荘　春の花巡り　黄桜まつり", "P12_003": "05", "P12_004": "05210", "P12_005": "‐", "P12_006": "由利本荘市東由利田代字深山", "P12_007": 1 }, "geometry": { "type": "MultiPoint", "coordinates": [ [ 140.240619998614079, 39.262641652989942 ] ] } },
{ "type": "Feature", "properties": { "P12_001": 10347, "P12_002": "八塩いこいの森", "P12_003": "05", "P12_004": "05210", "P12_005": "‐", "P12_006": "由利本荘市東由利田代字深山", "P12_007": 4 }, "geometry": { "type": "MultiPoint", "coordinates": [ [ 140.24061719272936, 39.262638848004485 ] ] } },
{ "type": "Feature", "properties": { "P12_001": 10348, "P12_002": "雪ものがたり", "P12_003": "05", "P12_004": "05210", "P12_005": "‐", "P12_006": "由利本荘市東由利老方字畑田28", "P12_007": 1 }, "geometry": { "type": "MultiPoint", "coordinates": [ [ 140.285107496114165, 39.301528115230383 ] ] } },
{ "type": "Feature", "properties": { "P12_001": 10349, "P12_002": "天鷺村", "P12_003": "05", "P12_004": "05210", "P12_005": "‐", "P12_006": "由利本荘市岩城亀田亀田町字亀田町92-2", "P12_007": 2 }, "geometry": { "type": "MultiPoint", "coordinates": [ [ 140.083952999931057, 39.500127999907306 ] ] } },
{ "type": "Feature", "properties": { "P12_001": 10350, "P12_002": "天鷺ワイン城", "P12_003": "05", "P12_004": "05210", "P12_005": "‐", "P12_006": "由利本荘市岩城下蛇田字高城2-1", "P12_007": 5 }, "geometry": { "type": "MultiPoint", "coordinates": [ [ 140.088364767220241, 39.495984312426117 ] ] } },
{ "type": "Feature", "properties": { "P12_001": 10351, "P12_002": "秋田プレステージゴルフ倶楽部", "P12_003": "05", "P12_004": "05210", "P12_005": "‐", "P12_006": "由利本荘市岩城二古字繋46-1", "P12_007": 4 }, "geometry": { "type": "MultiPoint", "coordinates": [ [ 140.088047227397738, 39.516585708463708 ] ] } },
{ "type": "Feature", "properties": { "P12_001": 10352, "P12_002": "岩城少年自然の家", "P12_003": "05", "P12_004": "05210", "P12_005": "‐", "P12_006": "由利本荘市岩城赤平字長ヶ沢260-8", "P12_007": 4 }, "geometry": { "type": "MultiPoint", "coordinates": [ [ 140.070655839995084, 39.512729876882361 ] ] } },
{ "type": "Feature", "properties": { "P12_001": 10353, "P12_002": "道川海水浴場", "P12_003": "05", "P12_004": "05210", "P12_005": "‐", "P12_006": "由利本荘市岩城内道川烏森", "P12_007": 4 }, "geometry": { "type": "MultiPoint", "coordinates": [ [ 140.054430000044476, 39.556252998976788 ] ] } },
{ "type": "Feature", "properties": { "P12_001": 10354, "P12_002": "総合交流ターミナル「ケベック」", "P12_003": "05", "P12_004": "05210", "P12_005": "‐", "P12_006": "由利本荘市岩城内道川字新鶴潟192-43", "P12_007": 6 }, "geometry": { "type": "MultiPoint", "coordinates": [ [ 140.052839435691453, 39.542378370865151 ] ] } },
{ "type": "Feature", "properties": { "P12_001": 10355, "P12_002": "岩城町産地直売所", "P12_003": "05", "P12_004": "05210", "P12_005": "‐", "P12_006": "由利本荘市岩城内道川字新鶴潟192-43", "P12_007": 5 }, "geometry": { "type": "MultiPoint", "coordinates": [ [ 140.052751898381416, 39.541008167393045 ] ] } },
{ "type": "Feature", "properties": { "P12_001": 10356, "P12_002": "岩城町活魚センター", "P12_003": "05", "P12_004": "05210", "P12_005": "‐", "P12_006": "由利本荘市岩城内道川字新鶴潟192-43", "P12_007": 5 }, "geometry": { "type": "MultiPoint", "coordinates": [ [ 140.052839772937205, 39.542378234168211 ] ] } },
{ "type": "Feature", "properties": { "P12_001": 10357, "P12_002": "岩城温泉「港の湯」", "P12_003": "05", "P12_004": "05210", "P12_005": "‐", "P12_006": "由利本荘市岩城内道川字新鶴潟192-43", "P12_007": 3 }, "geometry": { "type": "MultiPoint", "coordinates": [ [ 140.052838369994788, 39.542375429182755 ] ] } },
{ "type": "Feature", "properties": { "P12_001": 10358, "P12_002": "旧藩祭", "P12_003": "05", "P12_004": "05210", "P12_005": "‐", "P12_006": "由利本荘市岩城亀田亀田町字亀田町92-2", "P12_007": 1 }, "geometry": { "type": "MultiPoint", "coordinates": [ [ 140.083953677120576, 39.500128628533446 ] ] } },
{ "type": "Feature", "properties": { "P12_001": 10359, "P12_002": "日本海洋上花火大会", "P12_003": "05", "P12_004": "05210", "P12_005": "‐", "P12_006": "由利本荘市岩城内道川字新鶴潟192-43", "P12_007": 1 }, "geometry": { "type": "MultiPoint", "coordinates": [ [ 140.052838893400235, 39.542377709863445 ] ] } },
{ "type": "Feature", "properties": { "P12_001": 10360, "P12_002": "サイクリングターミナルやまゆり", "P12_003": "05", "P12_004": "05210", "P12_005": "‐", "P12_006": "由利本荘市西沢字南由利原360", "P12_007": 4 }, "geometry": { "type": "MultiPoint", "coordinates": [ [ 140.068324053512356, 39.237914748367018 ] ] } },
{ "type": "Feature", "properties": { "P12_001": 10361, "P12_002": "鳥海高原由利原まつり", "P12_003": "05", "P12_004": "05210", "P12_005": "‐", "P12_006": "由利本荘市西沢字南由利原373", "P12_007": 1 }, "geometry": { "type": "MultiPoint", "coordinates": [ [ 140.066308001013454, 39.238424999414235 ] ] } },
{ "type": "Feature", "properties": { "P12_001": 10362, "P12_002": "ハーブワールドＡＫＩＴＡ", "P12_003": "05", "P12_004": "05210", "P12_005": "‐", "P12_006": "由利本荘市西目町沼田字新道下490-5", "P12_007": 6 }, "geometry": { "type": "MultiPoint", "coordinates": [ [ 140.011398386226574, 39.35767569807507 ] ] } },
{ "type": "Feature", "properties": { "P12_001": 10363, "P12_002": "西目海水浴場", "P12_003": "05", "P12_004": "05210", "P12_005": "‐", "P12_006": "由利本荘市西目町出戸字浜山", "P12_007": 4 }, "geometry": { "type": "MultiPoint", "coordinates": [ [ 139.998487999521672, 39.345348999256942 ] ] } },
{ "type": "Feature", "properties": { "P12_001": 10364, "P12_002": "由利本荘市西目Ｂ＆Ｇ海洋センター", "P12_003": "05", "P12_004": "05210", "P12_005": "‐", "P12_006": "由利本荘市西目町沼田字新道下2-682", "P12_007": 4 }, "geometry": { "type": "MultiPoint", "coordinates": [ [ 140.016711821893182, 39.347464928663555 ] ] } },
{ "type": "Feature", "properties": { "P12_001": 10365, "P12_002": "西目カントリーパークサッカー場", "P12_003": "05", "P12_004": "05210", "P12_005": "‐", "P12_006": "由利本荘市西目町出戸字浜山6-1", "P12_007": 4 }, "geometry": { "type": "MultiPoint", "coordinates": [ [ 140.004943592173049, 39.344906237832674 ] ] } },
{ "type": "Feature", "properties": { "P12_001": 10366, "P12_002": "道の駅にしめ", "P12_003": "05", "P12_004": "05210", "P12_005": "‐", "P12_006": "由利本荘市西目町沼田字新道下1112-2", "P12_007": 6 }, "geometry": { "type": "MultiPoint", "coordinates": [ [ 140.014672797111984, 39.362855648269601 ] ] } },
{ "type": "Feature", "properties": { "P12_001": 10367, "P12_002": "由利本荘　春の花巡り　桜・菜の花まつり", "P12_003": "05", "P12_004": "05210", "P12_005": "‐", "P12_006": "由利本荘市西目町沼田字新道下1112-2", "P12_007": 1 }, "geometry": { "type": "MultiPoint", "coordinates": [ [ 140.014678412478816, 39.362857052111337 ] ] } },
{ "type": "Feature", "properties": { "P12_001": 10368, "P12_002": "かしわ温泉", "P12_003": "05", "P12_004": "05210", "P12_005": "‐", "P12_006": "由利本荘市西目町西目字釜ヶ沢96-5", "P12_007": 3 }, "geometry": { "type": "MultiPoint", "coordinates": [ [ 140.031309517520299, 39.330721475815494 ] ] } },
{ "type": "Feature", "properties": { "P12_001": 10369, "P12_002": "ひまわりまつり", "P12_003": "05", "P12_004": "05210", "P12_005": "‐", "P12_006": "由利本荘市西目町沼田字新道下1112-2", "P12_007": 1 }, "geometry": { "type": "MultiPoint", "coordinates": [ [ 140.014678407082897, 39.362854243528545 ] ] } },
{ "type": "Feature", "properties": { "P12_001": 10370, "P12_002": "滝温泉", "P12_003": "05", "P12_004": "05210", "P12_005": "‐", "P12_006": "由利本荘市滝字湯の沢30", "P12_007": 3 }, "geometry": { "type": "MultiPoint", "coordinates": [ [ 140.233527121179804, 39.355301056198812 ] ] } },
{ "type": "Feature", "properties": { "P12_001": 10371, "P12_002": "総合交流ターミナル「ぽぽろっこ」", "P12_003": "05", "P12_004": "05210", "P12_005": "‐", "P12_006": "由利本荘市岩谷町字西越36", "P12_007": 6 }, "geometry": { "type": "MultiPoint", "coordinates": [ [ 140.090486740970391, 39.443477419047724 ] ] } },
{ "type": "Feature", "properties": { "P12_001": 10372, "P12_002": "鳥海国定公園", "P12_003": "05", "P12_004": "05210、05214", "P12_005": "‐", "P12_006": "由利本荘市　および　にかほ市", "P12_007": 1 }, "geometry": { "type": "MultiPoint", "coordinates": [ [ 140.066907958535467, 39.107021797018376 ] ] } },
{ "type": "Feature", "properties": { "P12_001": 10373, "P12_002": "ブルーメッセあきた", "P12_003": "05", "P12_004": "05211", "P12_005": "‐", "P12_006": "潟上市昭和豊川竜毛字山の下1-1", "P12_007": 6 }, "geometry": { "type": "MultiPoint", "coordinates": [ [ 140.077741536342842, 39.864666691214893 ] ] } },
{ "type": "Feature", "properties": { "P12_001": 10374, "P12_002": "天王グリーンランド", "P12_003": "05", "P12_004": "05211", "P12_005": "‐", "P12_006": "潟上市天王字江川上谷地109-2", "P12_007": 4 }, "geometry": { "type": "MultiPoint", "coordinates": [ [ 140.009938998785856, 39.857441001001462 ] ] } },
{ "type": "Feature", "properties": { "P12_001": 10375, "P12_002": "天王温泉　くらら", "P12_003": "05", "P12_004": "05211", "P12_005": "‐", "P12_006": "潟上市天王字江川上谷地109-2", "P12_007": 3 }, "geometry": { "type": "MultiPoint", "coordinates": [ [ 140.00993648787869, 39.857444291620823 ] ] } },
{ "type": "Feature", "properties": { "P12_001": 10376, "P12_002": "ブルーホール", "P12_003": "05", "P12_004": "05211", "P12_005": "‐", "P12_006": "潟上市飯田川飯塚字飯塚34-1", "P12_007": 2 }, "geometry": { "type": "MultiPoint", "coordinates": [ [ 140.077074000164998, 39.897228001171356 ] ] } },
{ "type": "Feature", "properties": { "P12_001": 10377, "P12_002": "出戸浜海水浴場", "P12_003": "05", "P12_004": "05211", "P12_005": "‐", "P12_006": "潟上市天王字下浜山", "P12_007": 4 }, "geometry": { "type": "MultiPoint", "coordinates": [ [ 140.012653999882218, 39.8393810000332 ] ] } },
{ "type": "Feature", "properties": { "P12_001": 10378, "P12_002": "東湖八坂神社祭典", "P12_003": "05", "P12_004": "05211", "P12_005": "‐", "P12_006": "潟上市天王字天王106", "P12_007": 1 }, "geometry": { "type": "MultiPoint", "coordinates": [ [ 139.962887999981263, 39.897288999487785 ] ] } },
{ "type": "Feature", "properties": { "P12_001": 10379, "P12_002": "グリーンランドまつり", "P12_003": "05", "P12_004": "05211", "P12_005": "‐", "P12_006": "潟上市天王字江川上谷地109-2", "P12_007": 1 }, "geometry": { "type": "MultiPoint", "coordinates": [ [ 140.009936486979313, 39.857441465051636 ] ] } },
{ "type": "Feature", "properties": { "P12_001": 10380, "P12_002": "食菜館くらら", "P12_003": "05", "P12_004": "05211", "P12_005": "‐", "P12_006": "潟上市天王字江川上谷地109-2", "P12_007": 5 }, "geometry": { "type": "MultiPoint", "coordinates": [ [ 140.00993648787869, 39.857432985344076 ] ] } },
{ "type": "Feature", "properties": { "P12_001": 10381, "P12_002": "全国花火競技大会「大曲の花火」", "P12_003": "05", "P12_004": "05212", "P12_005": "年中行事", "P12_006": "大仙市大曲雄物川河川敷", "P12_007": 1 }, "geometry": { "type": "MultiPoint", "coordinates": [ [ 140.475446999879182, 39.453085998819859 ] ] } },
{ "type": "Feature", "properties": { "P12_001": 10382, "P12_002": "大仙市産業展示館", "P12_003": "05", "P12_004": "05212", "P12_005": "‐", "P12_006": "大仙市大曲大町7-3", "P12_007": 2 }, "geometry": { "type": "MultiPoint", "coordinates": [ [ 140.480303766105976, 39.459484716546456 ] ] } },
{ "type": "Feature", "properties": { "P12_001": 10383, "P12_002": "秋田県立農業科学館", "P12_003": "05", "P12_004": "05212", "P12_005": "‐", "P12_006": "大仙市内小友字中沢171-4", "P12_007": 2 }, "geometry": { "type": "MultiPoint", "coordinates": [ [ 140.439000152834865, 39.4369051861255 ] ] } },
{ "type": "Feature", "properties": { "P12_001": 10384, "P12_002": "川を渡る梵天", "P12_003": "05", "P12_004": "05212", "P12_005": "‐", "P12_006": "大仙市花館地区　から　雄物川　から　伊豆山神社（大仙市揚の森1 ）", "P12_007": 1 }, "geometry": { "type": "MultiPoint", "coordinates": [ [ 140.475446999879182, 39.453085998819859 ] ] } },
{ "type": "Feature", "properties": { "P12_001": 10385, "P12_002": "大仙市秋の稔りフェア", "P12_003": "05", "P12_004": "05212", "P12_005": "‐", "P12_006": "大仙市大曲花園町1-1（他）", "P12_007": 1 }, "geometry": { "type": "MultiPoint", "coordinates": [ [ 140.475446999879182, 39.453085998819859 ] ] } },
{ "type": "Feature", "properties": { "P12_001": 10386, "P12_002": "大仙市民ゴルフ場", "P12_003": "05", "P12_004": "05212", "P12_005": "‐", "P12_006": "大仙市花館柳町1-1", "P12_007": 4 }, "geometry": { "type": "MultiPoint", "coordinates": [ [ 140.459548999686604, 39.473924000192483 ] ] } },
{ "type": "Feature", "properties": { "P12_001": 10387, "P12_002": "大曲ファミリースキー場", "P12_003": "05", "P12_004": "05212", "P12_005": "‐", "P12_006": "大仙市内小友字中沢地内", "P12_007": 4 }, "geometry": { "type": "MultiPoint", "coordinates": [ [ 140.433140999557509, 39.440322999307 ] ] } },
{ "type": "Feature", "properties": { "P12_001": 10388, "P12_002": "姫神公園", "P12_003": "05", "P12_004": "05212", "P12_005": "‐", "P12_006": "大仙市花館字松山", "P12_007": 4 }, "geometry": { "type": "MultiPoint", "coordinates": [ [ 140.449608999955444, 39.47657600018232 ] ] } },
{ "type": "Feature", "properties": { "P12_001": 10389, "P12_002": "余目公園", "P12_003": "05", "P12_004": "05212", "P12_005": "‐", "P12_006": "大仙市内小友字余目　および　北太田地内", "P12_007": 4 }, "geometry": { "type": "MultiPoint", "coordinates": [ [ 140.441248119804982, 39.422944135863247 ] ] } },
{ "type": "Feature", "properties": { "P12_001": 10390, "P12_002": "新作花火コレクション", "P12_003": "05", "P12_004": "05212", "P12_005": "‐", "P12_006": "大仙市内小友字中沢地内", "P12_007": 1 }, "geometry": { "type": "MultiPoint", "coordinates": [ [ 140.433137369893757, 39.440324050614493 ] ] } },
{ "type": "Feature", "properties": { "P12_001": 10391, "P12_002": "夏まつり大曲花火ウィーク", "P12_003": "05", "P12_004": "05212", "P12_005": "‐", "P12_006": "大仙市", "P12_007": 1 }, "geometry": { "type": "MultiPoint", "coordinates": [ [ 140.475446999879182, 39.453085998819859 ] ] } },
{ "type": "Feature", "properties": { "P12_001": 10392, "P12_002": "神岡南外花火大会", "P12_003": "05", "P12_004": "05212", "P12_005": "‐", "P12_006": "大仙市神宮寺吉貝人着137", "P12_007": 1 }, "geometry": { "type": "MultiPoint", "coordinates": [ [ 140.424383000375201, 39.486522999337012 ] ] } },
{ "type": "Feature", "properties": { "P12_001": 10393, "P12_002": "かみおか嶽雄館", "P12_003": "05", "P12_004": "05212", "P12_005": "‐", "P12_006": "大仙市神宮寺字下川原前開102", "P12_007": 2 }, "geometry": { "type": "MultiPoint", "coordinates": [ [ 140.413746758106413, 39.496400854116189 ] ] } },
{ "type": "Feature", "properties": { "P12_001": 10394, "P12_002": "かみおか温泉　嶽の湯", "P12_003": "05", "P12_004": "05212", "P12_005": "‐", "P12_006": "大仙市神宮寺字下川原前開86-1", "P12_007": 3 }, "geometry": { "type": "MultiPoint", "coordinates": [ [ 140.4149669600572, 39.495433299607157 ] ] } },
{ "type": "Feature", "properties": { "P12_001": 10395, "P12_002": "道の駅かみおか「茶屋っこ一里塚」", "P12_003": "05", "P12_004": "05212", "P12_005": "‐", "P12_006": "大仙市北楢岡字船戸187", "P12_007": 6 }, "geometry": { "type": "MultiPoint", "coordinates": [ [ 140.376737387820299, 39.522122997978045 ] ] } },
{ "type": "Feature", "properties": { "P12_001": 10396, "P12_002": "刈和野の大綱引き", "P12_003": "05", "P12_004": "05212", "P12_005": "‐", "P12_006": "大仙市字刈和野大町通り（大仙市字刈和野190-1付近）", "P12_007": 1 }, "geometry": { "type": "MultiPoint", "coordinates": [ [ 140.371007000372856, 39.542350999998689 ] ] } },
{ "type": "Feature", "properties": { "P12_001": 10397, "P12_002": "強首温泉", "P12_003": "05", "P12_004": "05212", "P12_005": "‐", "P12_006": "大仙市強首字強首268", "P12_007": 3 }, "geometry": { "type": "MultiPoint", "coordinates": [ [ 140.282655660030741, 39.558353710955032 ] ] } },
{ "type": "Feature", "properties": { "P12_001": 10398, "P12_002": "大佐沢公園", "P12_003": "05", "P12_004": "05212", "P12_005": "‐", "P12_006": "大仙市刈和野字山堂ケ沢", "P12_007": 4 }, "geometry": { "type": "MultiPoint", "coordinates": [ [ 140.381294862368122, 39.554417013234627 ] ] } },
{ "type": "Feature", "properties": { "P12_001": 10399, "P12_002": "ふるさと西仙まつり", "P12_003": "05", "P12_004": "05212", "P12_005": "‐", "P12_006": "大仙市刈和野橋上流右岸河川敷（大仙市刈和野字一里塚東）", "P12_007": 1 }, "geometry": { "type": "MultiPoint", "coordinates": [ [ 140.475446999879182, 39.453085998819859 ] ] } },
{ "type": "Feature", "properties": { "P12_001": 10400, "P12_002": "西仙北ぬく森温泉ユメリア", "P12_003": "05", "P12_004": "05212", "P12_005": "‐", "P12_006": "大仙市刈和野字山北ノ沢5-4", "P12_007": 3 }, "geometry": { "type": "MultiPoint", "coordinates": [ [ 140.375662658405076, 39.563841273356161 ] ] } },
{ "type": "Feature", "properties": { "P12_001": 10401, "P12_002": "八乙女さくらまつり", "P12_003": "05", "P12_004": "05212", "P12_005": "‐", "P12_006": "大仙市長野字長野山地内", "P12_007": 1 }, "geometry": { "type": "MultiPoint", "coordinates": [ [ 140.519395999525841, 39.534795999635719 ] ] } },
{ "type": "Feature", "properties": { "P12_001": 10402, "P12_002": "ドンパン祭り", "P12_003": "05", "P12_004": "05212", "P12_005": "‐", "P12_006": "大仙市大仙市北長野字茶畑141", "P12_007": 1 }, "geometry": { "type": "MultiPoint", "coordinates": [ [ 140.543854270358338, 39.544559825775366 ] ] } },
{ "type": "Feature", "properties": { "P12_001": 10403, "P12_002": "長野神社祭典", "P12_003": "05", "P12_004": "05212", "P12_005": "‐", "P12_006": "大仙市長野二日町116", "P12_007": 1 }, "geometry": { "type": "MultiPoint", "coordinates": [ [ 140.530264234506831, 39.542092346884374 ] ] } },
{ "type": "Feature", "properties": { "P12_001": 10404, "P12_002": "八乙女交流センター", "P12_003": "05", "P12_004": "05212", "P12_005": "‐", "P12_006": "大仙市長野字長野山88", "P12_007": 4 }, "geometry": { "type": "MultiPoint", "coordinates": [ [ 140.519731441253043, 39.536414201054583 ] ] } },
{ "type": "Feature", "properties": { "P12_001": 10405, "P12_002": "八乙女温泉さくら荘", "P12_003": "05", "P12_004": "05212", "P12_005": "‐", "P12_006": "大仙市長野字長野山91", "P12_007": 3 }, "geometry": { "type": "MultiPoint", "coordinates": [ [ 140.520917370939969, 39.536293340265502 ] ] } },
{ "type": "Feature", "properties": { "P12_001": 10406, "P12_002": "八乙女運動公園", "P12_003": "05", "P12_004": "05212", "P12_005": "‐", "P12_006": "大仙市長野字八乙女公園内", "P12_007": 4 }, "geometry": { "type": "MultiPoint", "coordinates": [ [ 140.519395999525841, 39.534795999635719 ] ] } },
{ "type": "Feature", "properties": { "P12_001": 10407, "P12_002": "ジャンボうさぎフェスティバル", "P12_003": "05", "P12_004": "05212", "P12_005": "‐", "P12_006": "大仙市北長野字茶畑141", "P12_007": 1 }, "geometry": { "type": "MultiPoint", "coordinates": [ [ 140.543855086942813, 39.544560072189654 ] ] } },
{ "type": "Feature", "properties": { "P12_001": 10408, "P12_002": "道の駅なかせん「ドンパン節の里」", "P12_003": "05", "P12_004": "05212", "P12_005": "‐", "P12_006": "大仙市長野字高畑95-1", "P12_007": 6 }, "geometry": { "type": "MultiPoint", "coordinates": [ [ 140.533193095285128, 39.5384928697502 ] ] } },
{ "type": "Feature", "properties": { "P12_001": 10409, "P12_002": "協和七夕花火", "P12_003": "05", "P12_004": "05212", "P12_005": "‐", "P12_006": "大仙市協和船岡字上宇津野", "P12_007": 1 }, "geometry": { "type": "MultiPoint", "coordinates": [ [ 140.346087000514672, 39.657723999163295 ] ] } },
{ "type": "Feature", "properties": { "P12_001": 10410, "P12_002": "協和温泉　四季の湯", "P12_003": "05", "P12_004": "05212", "P12_005": "‐", "P12_006": "大仙市協和船岡字庄内214", "P12_007": 3 }, "geometry": { "type": "MultiPoint", "coordinates": [ [ 140.386928999873476, 39.679152999911082 ] ] } },
{ "type": "Feature", "properties": { "P12_001": 10411, "P12_002": "からまつ山荘＆温泉", "P12_003": "05", "P12_004": "05212", "P12_005": "‐", "P12_006": "大仙市協和船岡字東兵衛屋敷91", "P12_007": 3 }, "geometry": { "type": "MultiPoint", "coordinates": [ [ 140.410149999622831, 39.690455001297323 ] ] } },
{ "type": "Feature", "properties": { "P12_001": 10412, "P12_002": "唐松神社", "P12_003": "05", "P12_004": "05212", "P12_005": "‐", "P12_006": "大仙市協和境字下台84", "P12_007": 2 }, "geometry": { "type": "MultiPoint", "coordinates": [ [ 140.320700000704505, 39.610253999922236 ] ] } },
{ "type": "Feature", "properties": { "P12_001": 10413, "P12_002": "協和スキー場", "P12_003": "05", "P12_004": "05212", "P12_005": "‐", "P12_006": "大仙市協和船岡字上庄内71-1", "P12_007": 4 }, "geometry": { "type": "MultiPoint", "coordinates": [ [ 140.394726000604464, 39.679773999770305 ] ] } },
{ "type": "Feature", "properties": { "P12_001": 10414, "P12_002": "ロイヤルセンチュリーゴルフ倶楽部", "P12_003": "05", "P12_004": "05212", "P12_005": "‐", "P12_006": "大仙市協和船岡字上中野2-3", "P12_007": 4 }, "geometry": { "type": "MultiPoint", "coordinates": [ [ 140.339449001070648, 39.659151000218515 ] ] } },
{ "type": "Feature", "properties": { "P12_001": 10415, "P12_002": "ラングスゴルフコース秋田", "P12_003": "05", "P12_004": "05212", "P12_005": "‐", "P12_006": "大仙市船沢木戸ヶ沢1", "P12_007": 4 }, "geometry": { "type": "MultiPoint", "coordinates": [ [ 140.270661999951358, 39.647450998464876 ] ] } },
{ "type": "Feature", "properties": { "P12_001": 10416, "P12_002": "新秋田ウインズカントリークラブ", "P12_003": "05", "P12_004": "05212", "P12_005": "‐", "P12_006": "大仙市協和中淀川字古種沢ノ内油沢1-1", "P12_007": 4 }, "geometry": { "type": "MultiPoint", "coordinates": [ [ 140.295223354674135, 39.614942738616548 ] ] } },
{ "type": "Feature", "properties": { "P12_001": 10417, "P12_002": "道の駅協和「四季の森」", "P12_003": "05", "P12_004": "05212", "P12_005": "‐", "P12_006": "大仙市協和荒川字新田表15-2", "P12_007": 6 }, "geometry": { "type": "MultiPoint", "coordinates": [ [ 140.362431686772993, 39.618924798140995 ] ] } },
{ "type": "Feature", "properties": { "P12_001": 10418, "P12_002": "松木田温泉南外　ふるさと館", "P12_003": "05", "P12_004": "05212", "P12_005": "‐", "P12_006": "大仙市南外字松木田44-2", "P12_007": 3 }, "geometry": { "type": "MultiPoint", "coordinates": [ [ 140.355621691088231, 39.426173015872052 ] ] } },
{ "type": "Feature", "properties": { "P12_001": 10419, "P12_002": "国指定史跡　払田柵跡", "P12_003": "05", "P12_004": "05212", "P12_005": "‐", "P12_006": "大仙市払田字仲谷地95", "P12_007": 2 }, "geometry": { "type": "MultiPoint", "coordinates": [ [ 140.54868499941324, 39.468002000491992 ] ] } },
{ "type": "Feature", "properties": { "P12_001": 10420, "P12_002": "彩夏せんぼく", "P12_003": "05", "P12_004": "05212", "P12_005": "‐", "P12_006": "大仙市払田字仲谷地95", "P12_007": 1 }, "geometry": { "type": "MultiPoint", "coordinates": [ [ 140.547766943589636, 39.465311943891152 ] ] } },
{ "type": "Feature", "properties": { "P12_001": 10421, "P12_002": "史跡の里交流プラザ　柵の湯", "P12_003": "05", "P12_004": "05212", "P12_005": "‐", "P12_006": "大仙市板見内字一ツ森149", "P12_007": 3 }, "geometry": { "type": "MultiPoint", "coordinates": [ [ 140.536143597349223, 39.472841211053094 ] ] } },
{ "type": "Feature", "properties": { "P12_001": 10422, "P12_002": "国指定名勝　旧池田氏庭園", "P12_003": "05", "P12_004": "05212", "P12_005": "‐", "P12_006": "大仙市高梨字大嶋1", "P12_007": 2 }, "geometry": { "type": "MultiPoint", "coordinates": [ [ 140.509877628050162, 39.456658597016713 ] ] } },
{ "type": "Feature", "properties": { "P12_001": 10423, "P12_002": "奥羽グラウンドゴルフ場", "P12_003": "05", "P12_004": "05212", "P12_005": "‐", "P12_006": "大仙市太田町太田字惣行大谷地10-5", "P12_007": 4 }, "geometry": { "type": "MultiPoint", "coordinates": [ [ 140.65434800045989, 39.506966000480588 ] ] } },
{ "type": "Feature", "properties": { "P12_001": 10424, "P12_002": "大台スキー場", "P12_003": "05", "P12_004": "05212", "P12_005": "‐", "P12_006": "大仙市太田町川口字大台1-2", "P12_007": 4 }, "geometry": { "type": "MultiPoint", "coordinates": [ [ 140.656663001096717, 39.520058001675466 ] ] } },
{ "type": "Feature", "properties": { "P12_001": 10425, "P12_002": "奥羽山荘", "P12_003": "05", "P12_004": "05212", "P12_005": "‐", "P12_006": "大仙市太田町太田字惣行大谷地10-5", "P12_007": 3 }, "geometry": { "type": "MultiPoint", "coordinates": [ [ 140.656217258419815, 39.505025354336681 ] ] } },
{ "type": "Feature", "properties": { "P12_001": 10426, "P12_002": "中里温泉", "P12_003": "05", "P12_004": "05212", "P12_005": "‐", "P12_006": "大仙市太田町中里字新屋敷114", "P12_007": 3 }, "geometry": { "type": "MultiPoint", "coordinates": [ [ 140.585201999872424, 39.500348001059479 ] ] } },
{ "type": "Feature", "properties": { "P12_001": 10427, "P12_002": "太田の秋まつり", "P12_003": "05", "P12_004": "05212", "P12_005": "‐", "P12_006": "大仙市太田町横沢字堤田487 （太田交流プラザ周辺）", "P12_007": 1 }, "geometry": { "type": "MultiPoint", "coordinates": [ [ 140.603892001115014, 39.50456699956743 ] ] } },
{ "type": "Feature", "properties": { "P12_001": 10428, "P12_002": "真木真昼県立自然公園", "P12_003": "05", "P12_004": "05212", "P12_005": "‐", "P12_006": "大仙市太田町太田", "P12_007": 1 }, "geometry": { "type": "MultiPoint", "coordinates": [ [ 140.692304000729109, 39.535671998663872 ] ] } },
{ "type": "Feature", "properties": { "P12_001": 10429, "P12_002": "大太鼓の館", "P12_003": "05", "P12_004": "05213", "P12_005": "‐", "P12_006": "北秋田市綴子字大堤道下62-1", "P12_007": 2 }, "geometry": { "type": "MultiPoint", "coordinates": [ [ 140.375994415609853, 40.251061549550911 ] ] } },
{ "type": "Feature", "properties": { "P12_001": 10430, "P12_002": "北秋田市文化会館", "P12_003": "05", "P12_004": "05213", "P12_005": "‐", "P12_006": "北秋田市材木町2-3", "P12_007": 2 }, "geometry": { "type": "MultiPoint", "coordinates": [ [ 140.373482234117887, 40.23214718094772 ] ] } },
{ "type": "Feature", "properties": { "P12_001": 10431, "P12_002": "大太鼓の里ぶっさん館", "P12_003": "05", "P12_004": "05213", "P12_005": "‐", "P12_006": "北秋田市綴子字大堤道下62-1", "P12_007": 5 }, "geometry": { "type": "MultiPoint", "coordinates": [ [ 140.37559818960483, 40.25174305309946 ] ] } },
{ "type": "Feature", "properties": { "P12_001": 10432, "P12_002": "もちっこ市", "P12_003": "05", "P12_004": "05213", "P12_005": "‐", "P12_006": "北秋田市綴子字大堤道下62-1", "P12_007": 1 }, "geometry": { "type": "MultiPoint", "coordinates": [ [ 140.375994134122038, 40.251057771499006 ] ] } },
{ "type": "Feature", "properties": { "P12_001": 10433, "P12_002": "ふるさと踊りと餅っこまつり", "P12_003": "05", "P12_004": "05213", "P12_005": "‐", "P12_006": "北秋田市鷹巣商店街", "P12_007": 1 }, "geometry": { "type": "MultiPoint", "coordinates": [ [ 140.370014513958722, 40.229747142216866 ] ] } },
{ "type": "Feature", "properties": { "P12_001": 10434, "P12_002": "鷹巣中央公園桜まつり", "P12_003": "05", "P12_004": "05213", "P12_005": "‐", "P12_006": "北秋田市脇神字高村岱217", "P12_007": 1 }, "geometry": { "type": "MultiPoint", "coordinates": [ [ 140.382885259447221, 40.214324401350098 ] ] } },
{ "type": "Feature", "properties": { "P12_001": 10435, "P12_002": "八幡宮綴子神社例大祭", "P12_003": "05", "P12_004": "05213", "P12_005": "‐", "P12_006": "北秋田市綴子字西館46", "P12_007": 1 }, "geometry": { "type": "MultiPoint", "coordinates": [ [ 140.368495875584244, 40.253011936251937 ] ] } },
{ "type": "Feature", "properties": { "P12_001": 10436, "P12_002": "鷹巣神社祭典", "P12_003": "05", "P12_004": "05213", "P12_005": "‐", "P12_006": "北秋田市宮前町10-37", "P12_007": 1 }, "geometry": { "type": "MultiPoint", "coordinates": [ [ 140.370936112211893, 40.223031170652064 ] ] } },
{ "type": "Feature", "properties": { "P12_001": 10437, "P12_002": "湯の岱温泉", "P12_003": "05", "P12_004": "05213", "P12_005": "‐", "P12_006": "北秋田市小森字湯ノ岱67", "P12_007": 3 }, "geometry": { "type": "MultiPoint", "coordinates": [ [ 140.477142999849661, 40.175710998463842 ] ] } },
{ "type": "Feature", "properties": { "P12_001": 10438, "P12_002": "薬師山スキー場", "P12_003": "05", "P12_004": "05213", "P12_005": "‐", "P12_006": "北秋田市今泉字鳥越13-1-4", "P12_007": 4 }, "geometry": { "type": "MultiPoint", "coordinates": [ [ 140.276693001081185, 40.213394998780245 ] ] } },
{ "type": "Feature", "properties": { "P12_001": 10439, "P12_002": "米代川花火大会", "P12_003": "05", "P12_004": "05213", "P12_005": "‐", "P12_006": "北秋田市鷹巣本屋敷", "P12_007": 1 }, "geometry": { "type": "MultiPoint", "coordinates": [ [ 140.363043000034509, 40.216421000728644 ] ] } },
{ "type": "Feature", "properties": { "P12_001": 10440, "P12_002": "１００キロチャレンジマラソン", "P12_003": "05", "P12_004": "05213", "P12_005": "‐", "P12_006": "北秋田市材木町2-2", "P12_007": 1 }, "geometry": { "type": "MultiPoint", "coordinates": [ [ 140.374665001788458, 40.232360779826195 ] ] } },
{ "type": "Feature", "properties": { "P12_001": 10441, "P12_002": "北秋田市産業祭", "P12_003": "05", "P12_004": "05213", "P12_005": "‐", "P12_006": "北秋田市鷹巣字東中岱11", "P12_007": 1 }, "geometry": { "type": "MultiPoint", "coordinates": [ [ 140.361656812911633, 40.222694056185787 ] ] } },
{ "type": "Feature", "properties": { "P12_001": 10442, "P12_002": "たかのす情報プラザ", "P12_003": "05", "P12_004": "05213", "P12_005": "‐", "P12_006": "北秋田市綴子字大堤道下62-1", "P12_007": 6 }, "geometry": { "type": "MultiPoint", "coordinates": [ [ 140.37559622818344, 40.251743035113009 ] ] } },
{ "type": "Feature", "properties": { "P12_001": 10443, "P12_002": "大館能代空港スカイフェスタ", "P12_003": "05", "P12_004": "05213", "P12_005": "‐", "P12_006": "北秋田市脇神字カラムシ岱21-144", "P12_007": 1 }, "geometry": { "type": "MultiPoint", "coordinates": [ [ 140.371635999701653, 40.191911000892048 ] ] } },
{ "type": "Feature", "properties": { "P12_001": 10444, "P12_002": "伊勢堂岱温泉　縄文の湯", "P12_003": "05", "P12_004": "05213", "P12_005": "‐", "P12_006": "北秋田市脇神字平崎川戸沼86-2", "P12_007": 3 }, "geometry": { "type": "MultiPoint", "coordinates": [ [ 140.365620000162949, 40.213450999564031 ] ] } },
{ "type": "Feature", "properties": { "P12_001": 10445, "P12_002": "太平湖紅葉まつり", "P12_003": "05", "P12_004": "05213", "P12_005": "‐", "P12_006": "北秋田市森吉字桐内沢国有林地内", "P12_007": 1 }, "geometry": { "type": "MultiPoint", "coordinates": [ [ 140.616768000442903, 40.045948998547487 ] ] } },
{ "type": "Feature", "properties": { "P12_001": 10446, "P12_002": "森吉山麓たなばた火まつり", "P12_003": "05", "P12_004": "05213", "P12_005": "‐", "P12_006": "北秋田市小又字向川原", "P12_007": 1 }, "geometry": { "type": "MultiPoint", "coordinates": [ [ 140.414961000250059, 40.060078999046596 ] ] } },
{ "type": "Feature", "properties": { "P12_001": 10447, "P12_002": "四季美館", "P12_003": "05", "P12_004": "05213", "P12_005": "‐", "P12_006": "北秋田市阿仁前田字大道上3-1", "P12_007": 6 }, "geometry": { "type": "MultiPoint", "coordinates": [ [ 140.410052871942526, 40.060889273820976 ] ] } },
{ "type": "Feature", "properties": { "P12_001": 10448, "P12_002": "クウィンス森吉", "P12_003": "05", "P12_004": "05213", "P12_005": "‐", "P12_006": "北秋田市小又字堂ノ下21-2", "P12_007": 3 }, "geometry": { "type": "MultiPoint", "coordinates": [ [ 140.417726000054927, 40.061321998811252 ] ] } },
{ "type": "Feature", "properties": { "P12_001": 10449, "P12_002": "アグリハウス", "P12_003": "05", "P12_004": "05213", "P12_005": "‐", "P12_006": "北秋田市米内沢楢岱57", "P12_007": 6 }, "geometry": { "type": "MultiPoint", "coordinates": [ [ 140.381482879131681, 40.134243601561025 ] ] } },
{ "type": "Feature", "properties": { "P12_001": 10450, "P12_002": "灯篭流し・花火大会", "P12_003": "05", "P12_004": "05213", "P12_005": "‐", "P12_006": "北秋田市阿仁銀山字下新町", "P12_007": 1 }, "geometry": { "type": "MultiPoint", "coordinates": [ [ 140.403611111763439, 40.000000001099238 ] ] } },
{ "type": "Feature", "properties": { "P12_001": 10451, "P12_002": "安の滝・幸兵衛滝", "P12_003": "05", "P12_004": "05213", "P12_005": "‐", "P12_006": "北秋田市阿仁打当国有林地内", "P12_007": 1 }, "geometry": { "type": "MultiPoint", "coordinates": [ [ 140.613675999947532, 39.944103999999641 ], [ 140.624240999722474, 39.901879998063521 ] ] } },
{ "type": "Feature", "properties": { "P12_001": 10452, "P12_002": "打当温泉", "P12_003": "05", "P12_004": "05213", "P12_005": "‐", "P12_006": "北秋田市阿仁打当字仙北渡上ミ67", "P12_007": 3 }, "geometry": { "type": "MultiPoint", "coordinates": [ [ 140.536138346207736, 39.921127490841059 ] ] } },
{ "type": "Feature", "properties": { "P12_001": 10453, "P12_002": "森吉山登山", "P12_003": "05", "P12_004": "05213", "P12_005": "‐", "P12_006": "北秋田市国有林", "P12_007": 1 }, "geometry": { "type": "MultiPoint", "coordinates": [ [ 140.544597999797929, 39.976885000842174 ] ] } },
{ "type": "Feature", "properties": { "P12_001": 10454, "P12_002": "北緯４０度カントリーパーク", "P12_003": "05", "P12_004": "05213", "P12_005": "‐", "P12_006": "北秋田市阿仁銀山字下新町", "P12_007": 4 }, "geometry": { "type": "MultiPoint", "coordinates": [ [ 140.400432000236719, 40.001145999987955 ] ] } },
{ "type": "Feature", "properties": { "P12_001": 10455, "P12_002": "熊牧場", "P12_003": "05", "P12_004": "05213", "P12_005": "‐", "P12_006": "北秋田市阿仁打当字陣場1-39", "P12_007": 2 }, "geometry": { "type": "MultiPoint", "coordinates": [ [ 140.536198000037757, 39.913066000395645 ] ] } },
{ "type": "Feature", "properties": { "P12_001": 10456, "P12_002": "阿仁スキー場", "P12_003": "05", "P12_004": "05213", "P12_005": "‐", "P12_006": "北秋田市阿仁鍵ノ滝字鍵ノ滝79-5", "P12_007": 4 }, "geometry": { "type": "MultiPoint", "coordinates": [ [ 140.494993999273674, 39.954707998875108 ] ] } },
{ "type": "Feature", "properties": { "P12_001": 10457, "P12_002": "ゴンドラ紅葉", "P12_003": "05", "P12_004": "05213", "P12_005": "‐", "P12_006": "北秋田市阿仁鍵ノ滝字鍵ノ滝79-5", "P12_007": 1 }, "geometry": { "type": "MultiPoint", "coordinates": [ [ 140.494993999273674, 39.954707998875108 ] ] } },
{ "type": "Feature", "properties": { "P12_001": 10458, "P12_002": "道の駅またたび館", "P12_003": "05", "P12_004": "05213", "P12_005": "‐", "P12_006": "北秋田市阿仁比立内字家ノ後8-1（外）", "P12_007": 6 }, "geometry": { "type": "MultiPoint", "coordinates": [ [ 140.456795999535871, 39.901849001130529 ] ] } },
{ "type": "Feature", "properties": { "P12_001": 10459, "P12_002": "北欧の杜公園", "P12_003": "05", "P12_004": "05213", "P12_005": "‐", "P12_006": "北秋田市上杉字中山沢128", "P12_007": 4 }, "geometry": { "type": "MultiPoint", "coordinates": [ [ 140.367490000063526, 40.16420699945354 ] ] } },
{ "type": "Feature", "properties": { "P12_001": 10460, "P12_002": "ふるさと祭り", "P12_003": "05", "P12_004": "05213", "P12_005": "‐", "P12_006": "北秋田市李岱字下豊田20", "P12_007": 1 }, "geometry": { "type": "MultiPoint", "coordinates": [ [ 140.316755999589759, 40.15744600063249 ] ] } },
{ "type": "Feature", "properties": { "P12_001": 10461, "P12_002": "翠雲公園", "P12_003": "05", "P12_004": "05213", "P12_005": "‐", "P12_006": "北秋田市三木田", "P12_007": 4 }, "geometry": { "type": "MultiPoint", "coordinates": [ [ 140.324763000112398, 40.109319000771336 ] ] } },
{ "type": "Feature", "properties": { "P12_001": 10462, "P12_002": "フローラルフェスタｉｎ北欧の杜", "P12_003": "05", "P12_004": "05213", "P12_005": "‐", "P12_006": "北秋田市上杉字中山沢128", "P12_007": 1 }, "geometry": { "type": "MultiPoint", "coordinates": [ [ 140.367490000063526, 40.16420699945354 ] ] } },
{ "type": "Feature", "properties": { "P12_001": 10463, "P12_002": "フェライト子ども科学館", "P12_003": "05", "P12_004": "05214", "P12_005": "‐", "P12_006": "にかほ市平沢字宝田4-1", "P12_007": 2 }, "geometry": { "type": "MultiPoint", "coordinates": [ [ 139.96095745772061, 39.284847751622465 ] ] } },
{ "type": "Feature", "properties": { "P12_001": 10464, "P12_002": "仁賀保運動公園", "P12_003": "05", "P12_004": "05214", "P12_005": "‐", "P12_006": "にかほ市平沢字馬飼森30", "P12_007": 2 }, "geometry": { "type": "MultiPoint", "coordinates": [ [ 139.96392537155873, 39.287286770568073 ] ] } },
{ "type": "Feature", "properties": { "P12_001": 10465, "P12_002": "平沢海水浴場", "P12_003": "05", "P12_004": "05214", "P12_005": "‐", "P12_006": "にかほ市両平沢字琴浦地先", "P12_007": 4 }, "geometry": { "type": "MultiPoint", "coordinates": [ [ 139.973522999387001, 39.302940001380023 ] ] } },
{ "type": "Feature", "properties": { "P12_001": 10466, "P12_002": "ひばり荘", "P12_003": "05", "P12_004": "05214", "P12_005": "‐", "P12_006": "にかほ市馬場字曲師小屋4-6", "P12_007": 1 }, "geometry": { "type": "MultiPoint", "coordinates": [ [ 140.00339000164729, 39.238219999853186 ] ] } },
{ "type": "Feature", "properties": { "P12_001": 10467, "P12_002": "白瀬南極探検隊記念館", "P12_003": "05", "P12_004": "05214", "P12_005": "‐", "P12_006": "にかほ市黒川字岩潟15-3", "P12_007": 2 }, "geometry": { "type": "MultiPoint", "coordinates": [ [ 139.926313000444679, 39.26847699941402 ] ] } },
{ "type": "Feature", "properties": { "P12_001": 10468, "P12_002": "はまなす", "P12_003": "05", "P12_004": "05214", "P12_005": "‐", "P12_006": "にかほ市金浦字中谷地20-1", "P12_007": 3 }, "geometry": { "type": "MultiPoint", "coordinates": [ [ 139.913405952922403, 39.238696788925722 ] ] } },
{ "type": "Feature", "properties": { "P12_001": 10469, "P12_002": "勢至公園・南極公園", "P12_003": "05", "P12_004": "05214", "P12_005": "‐", "P12_006": "にかほ市金浦字上林地内　および　黒川字岩潟15-3", "P12_007": 4 }, "geometry": { "type": "MultiPoint", "coordinates": [ [ 139.920451765236862, 39.261219117068663 ], [ 139.925340999687478, 39.268056998931399 ] ] } },
{ "type": "Feature", "properties": { "P12_001": 10470, "P12_002": "掛魚まつり", "P12_003": "05", "P12_004": "05214", "P12_005": "‐", "P12_006": "にかほ市金浦字木の浦山地内", "P12_007": 1 }, "geometry": { "type": "MultiPoint", "coordinates": [ [ 139.919618999317436, 39.261478001308774 ] ] } },
{ "type": "Feature", "properties": { "P12_001": 10471, "P12_002": "勢至公園観桜会", "P12_003": "05", "P12_004": "05214", "P12_005": "‐", "P12_006": "にかほ市金浦字上林地内", "P12_007": 1 }, "geometry": { "type": "MultiPoint", "coordinates": [ [ 139.920451765236862, 39.261219117068663 ] ] } },
{ "type": "Feature", "properties": { "P12_001": 10472, "P12_002": "鳥海山・鉾立", "P12_003": "05", "P12_004": "05214", "P12_005": "‐", "P12_006": "にかほ市象潟町小滝字鉾立地内", "P12_007": 1 }, "geometry": { "type": "MultiPoint", "coordinates": [ [ 139.991376261505366, 39.122571565325529 ] ] } },
{ "type": "Feature", "properties": { "P12_001": 10473, "P12_002": "元滝", "P12_003": "05", "P12_004": "05214", "P12_005": "‐", "P12_006": "にかほ市象潟町小滝字麻針堰地内", "P12_007": 1 }, "geometry": { "type": "MultiPoint", "coordinates": [ [ 139.952529000712843, 39.159929001122578 ] ] } },
{ "type": "Feature", "properties": { "P12_001": 10474, "P12_002": "奈曽の白滝", "P12_003": "05", "P12_004": "05214", "P12_005": "‐", "P12_006": "にかほ市象潟町小滝字大ヒド地内", "P12_007": 1 }, "geometry": { "type": "MultiPoint", "coordinates": [ [ 139.943808000538866, 39.181468999794561 ] ] } },
{ "type": "Feature", "properties": { "P12_001": 10475, "P12_002": "象潟海岸", "P12_003": "05", "P12_004": "05214", "P12_005": "‐", "P12_006": "にかほ市象潟町字冠石地先", "P12_007": 1 }, "geometry": { "type": "MultiPoint", "coordinates": [ [ 139.894241549408093, 39.206413115872635 ] ] } },
{ "type": "Feature", "properties": { "P12_001": 10476, "P12_002": "ビジターセンター", "P12_003": "05", "P12_004": "05214", "P12_005": "‐", "P12_006": "にかほ市象潟町小滝字鉾立1", "P12_007": 6 }, "geometry": { "type": "MultiPoint", "coordinates": [ [ 139.991381380446455, 39.12257278210825 ] ] } },
{ "type": "Feature", "properties": { "P12_001": 10477, "P12_002": "観光情報センター", "P12_003": "05", "P12_004": "05214", "P12_005": "‐", "P12_006": "にかほ市象潟町字大塩越73-1", "P12_007": 6 }, "geometry": { "type": "MultiPoint", "coordinates": [ [ 139.900198434710092, 39.220169337445043 ] ] } },
{ "type": "Feature", "properties": { "P12_001": 10478, "P12_002": "中島台レクリエーションの森", "P12_003": "05", "P12_004": "05214", "P12_005": "‐", "P12_006": "にかほ市象潟町横岡字中島台", "P12_007": 1 }, "geometry": { "type": "MultiPoint", "coordinates": [ [ 140.024242438937449, 39.170381498407494 ] ] } },
{ "type": "Feature", "properties": { "P12_001": 10479, "P12_002": "象潟海水浴場", "P12_003": "05", "P12_004": "05214", "P12_005": "‐", "P12_006": "にかほ市象潟町字冠石地先", "P12_007": 4 }, "geometry": { "type": "MultiPoint", "coordinates": [ [ 139.894722221753227, 39.206360823892965 ] ] } },
{ "type": "Feature", "properties": { "P12_001": 10480, "P12_002": "三崎公園", "P12_003": "05", "P12_004": "05214", "P12_005": "‐", "P12_006": "にかほ市象潟町小砂川字三崎地先", "P12_007": 4 }, "geometry": { "type": "MultiPoint", "coordinates": [ [ 139.873370999771851, 39.119687999801386 ] ] } },
{ "type": "Feature", "properties": { "P12_001": 10481, "P12_002": "栗山池公園", "P12_003": "05", "P12_004": "05214", "P12_005": "‐", "P12_006": "にかほ市象潟町関上栗山地内", "P12_007": 4 }, "geometry": { "type": "MultiPoint", "coordinates": [ [ 139.941074053424927, 39.168511322239794 ] ] } },
{ "type": "Feature", "properties": { "P12_001": 10482, "P12_002": "奈曽川河川公園", "P12_003": "05", "P12_004": "05214", "P12_005": "‐", "P12_006": "にかほ市象潟町本郷字上の平", "P12_007": 4 }, "geometry": { "type": "MultiPoint", "coordinates": [ [ 139.961566999317597, 39.173910998393922 ] ] } },
{ "type": "Feature", "properties": { "P12_001": 10483, "P12_002": "海洋センター", "P12_003": "05", "P12_004": "05214", "P12_005": "‐", "P12_006": "にかほ市象潟町字2-塩越213-1", "P12_007": 4 }, "geometry": { "type": "MultiPoint", "coordinates": [ [ 139.893172663787482, 39.20910983734916 ] ] } },
{ "type": "Feature", "properties": { "P12_001": 10484, "P12_002": "鶴泉荘", "P12_003": "05", "P12_004": "05214", "P12_005": "‐", "P12_006": "にかほ市象潟町横岡字目貫谷地1", "P12_007": 3 }, "geometry": { "type": "MultiPoint", "coordinates": [ [ 139.961925501460769, 39.193169859501495 ] ] } },
{ "type": "Feature", "properties": { "P12_001": 10485, "P12_002": "ねむの丘", "P12_003": "05", "P12_004": "05214", "P12_005": "‐", "P12_006": "にかほ市象潟町字大塩越73-1", "P12_007": 3 }, "geometry": { "type": "MultiPoint", "coordinates": [ [ 139.900197001190691, 39.220169999346069 ] ] } },
{ "type": "Feature", "properties": { "P12_001": 10486, "P12_002": "グルメ祭り", "P12_003": "05", "P12_004": "05214", "P12_005": "‐", "P12_006": "にかほ市象潟町字大塩越73-1", "P12_007": 1 }, "geometry": { "type": "MultiPoint", "coordinates": [ [ 139.900197001190691, 39.220169999346069 ] ] } },
{ "type": "Feature", "properties": { "P12_001": 10487, "P12_002": "さくら祭り", "P12_003": "05", "P12_004": "05214", "P12_005": "‐", "P12_006": "にかほ市象潟町小砂川字三崎地先他", "P12_007": 1 }, "geometry": { "type": "MultiPoint", "coordinates": [ [ 139.873370999771851, 39.119687999801386 ] ] } },
{ "type": "Feature", "properties": { "P12_001": 10488, "P12_002": "海の幸まつり", "P12_003": "05", "P12_004": "05214", "P12_005": "‐", "P12_006": "にかほ市象潟町字大塩越73-1", "P12_007": 1 }, "geometry": { "type": "MultiPoint", "coordinates": [ [ 139.900196419329404, 39.220166322018201 ] ] } },
{ "type": "Feature", "properties": { "P12_001": 10489, "P12_002": "トライアスロン大会", "P12_003": "05", "P12_004": "05214", "P12_005": "‐", "P12_006": "にかほ市内全域", "P12_007": 1 }, "geometry": { "type": "MultiPoint", "coordinates": [ [ 139.907693999778303, 39.203027999342737 ] ] } },
{ "type": "Feature", "properties": { "P12_001": 10490, "P12_002": "花火大会", "P12_003": "05", "P12_004": "05214", "P12_005": "‐", "P12_006": "にかほ市象潟町字冠石地先", "P12_007": 1 }, "geometry": { "type": "MultiPoint", "coordinates": [ [ 139.894727835321419, 39.206360825691604 ] ] } },
{ "type": "Feature", "properties": { "P12_001": 10491, "P12_002": "角館武家屋敷", "P12_003": "05", "P12_004": "05215", "P12_005": "集落・街", "P12_006": "仙北市角館町東勝楽丁9", "P12_007": 2 }, "geometry": { "type": "MultiPoint", "coordinates": [ [ 140.562505945193266, 39.597422496351157 ] ] } },
{ "type": "Feature", "properties": { "P12_001": 10492, "P12_002": "玉川温泉", "P12_003": "05", "P12_004": "05215", "P12_005": "温泉", "P12_006": "仙北市田沢湖玉川字渋黒沢", "P12_007": 3 }, "geometry": { "type": "MultiPoint", "coordinates": [ [ 140.724036161839422, 39.963049320569723 ] ] } },
{ "type": "Feature", "properties": { "P12_001": 10493, "P12_002": "乳頭温泉郷の源泉浴場群", "P12_003": "05", "P12_004": "05215", "P12_005": "温泉", "P12_006": "仙北市田沢湖", "P12_007": -1 }, "geometry": { "type": "MultiPoint", "coordinates": [ [ 140.79757299979417, 39.803405000240616 ] ] } },
{ "type": "Feature", "properties": { "P12_001": 10494, "P12_002": "角館の火振りかまくら", "P12_003": "05", "P12_004": "05215", "P12_005": "‐", "P12_006": "仙北市角館町", "P12_007": 1 }, "geometry": { "type": "MultiPoint", "coordinates": [ [ 140.562051761479665, 39.596273987454595 ] ] } },
{ "type": "Feature", "properties": { "P12_001": 10495, "P12_002": "角館の桜まつり", "P12_003": "05", "P12_004": "05215", "P12_005": "‐", "P12_006": "仙北市角館町", "P12_007": 1 }, "geometry": { "type": "MultiPoint", "coordinates": [ [ 140.557788869760543, 39.602176257828091 ] ] } },
{ "type": "Feature", "properties": { "P12_001": 10496, "P12_002": "角館の夏祭り　送り盆", "P12_003": "05", "P12_004": "05215", "P12_005": "‐", "P12_006": "仙北市角館町", "P12_007": 1 }, "geometry": { "type": "MultiPoint", "coordinates": [ [ 140.562051761479665, 39.596273987454595 ] ] } },
{ "type": "Feature", "properties": { "P12_001": 10497, "P12_002": "角館のお祭り", "P12_003": "05", "P12_004": "05215", "P12_005": "‐", "P12_006": "仙北市角館町", "P12_007": 1 }, "geometry": { "type": "MultiPoint", "coordinates": [ [ 140.562051761479665, 39.596273987454595 ] ] } },
{ "type": "Feature", "properties": { "P12_001": 10498, "P12_002": "角館樺細工伝承館", "P12_003": "05", "P12_004": "05215", "P12_005": "‐", "P12_006": "仙北市角館町表町下丁10", "P12_007": 2 }, "geometry": { "type": "MultiPoint", "coordinates": [ [ 140.561035907980795, 39.599545548388392 ] ] } },
{ "type": "Feature", "properties": { "P12_001": 10499, "P12_002": "角館町平福記念美術館", "P12_003": "05", "P12_004": "05215", "P12_005": "‐", "P12_006": "仙北市角館町表町上丁4-4", "P12_007": 2 }, "geometry": { "type": "MultiPoint", "coordinates": [ [ 140.560102999853598, 39.601933999354628 ] ] } },
{ "type": "Feature", "properties": { "P12_001": 10500, "P12_002": "あきた角館　西宮家", "P12_003": "05", "P12_004": "05215", "P12_005": "‐", "P12_006": "仙北市角館町田町上丁11-1", "P12_007": 5 }, "geometry": { "type": "MultiPoint", "coordinates": [ [ 140.564781397243792, 39.593017779746788 ] ] } },
{ "type": "Feature", "properties": { "P12_001": 10501, "P12_002": "上桧木内の紙風船上げ", "P12_003": "05", "P12_004": "05215", "P12_005": "‐", "P12_006": "仙北市西木町上桧木内字大地田（紙風船広場）", "P12_007": 1 }, "geometry": { "type": "MultiPoint", "coordinates": [ [ 140.583900000085009, 39.815106000241769 ] ] } },
{ "type": "Feature", "properties": { "P12_001": 10502, "P12_002": "西木温泉クリオン", "P12_003": "05", "P12_004": "05215", "P12_005": "‐", "P12_006": "仙北市西木町門屋字屋敷田83-2", "P12_007": 3 }, "geometry": { "type": "MultiPoint", "coordinates": [ [ 140.566366769810656, 39.661297645070306 ] ] } },
{ "type": "Feature", "properties": { "P12_001": 10503, "P12_002": "むらっこ物産館", "P12_003": "05", "P12_004": "05215", "P12_005": "‐", "P12_006": "仙北市西木町西明寺字潟尻119", "P12_007": 5 }, "geometry": { "type": "MultiPoint", "coordinates": [ [ 140.626131032920853, 39.714548523295775 ] ] } },
{ "type": "Feature", "properties": { "P12_001": 10504, "P12_002": "田沢湖マラソン", "P12_003": "05", "P12_004": "05215", "P12_005": "‐", "P12_006": "仙北市田沢湖（田沢湖畔特設会場）", "P12_007": 1 }, "geometry": { "type": "MultiPoint", "coordinates": [ [ 140.66191057221522, 39.726709832292954 ] ] } },
{ "type": "Feature", "properties": { "P12_001": 10505, "P12_002": "アルパこまくさ", "P12_003": "05", "P12_004": "05215", "P12_005": "‐", "P12_006": "仙北市田沢湖生保内字駒ヶ岳2-16", "P12_007": 6 }, "geometry": { "type": "MultiPoint", "coordinates": [ [ 140.761356512293219, 39.775518775471141 ] ] } },
{ "type": "Feature", "properties": { "P12_001": 10506, "P12_002": "たざわ湖スキー場", "P12_003": "05", "P12_004": "05215", "P12_005": "‐", "P12_006": "仙北市田沢湖生保内字下高野73-2", "P12_007": 4 }, "geometry": { "type": "MultiPoint", "coordinates": [ [ 140.75982438408812, 39.762264709248996 ] ] } },
{ "type": "Feature", "properties": { "P12_001": 10507, "P12_002": "高原・水沢温泉郷地区", "P12_003": "05", "P12_004": "05215", "P12_005": "‐", "P12_006": "仙北市田沢湖生保内字下高野　および　生保内字駒ヶ岳", "P12_007": 3 }, "geometry": { "type": "MultiPoint", "coordinates": [ [ 140.761470008534161, 39.772845711560365 ] ] } },
{ "type": "Feature", "properties": { "P12_001": 10508, "P12_002": "わらび座（ミュージカルを除く）", "P12_003": "05", "P12_004": "05215", "P12_005": "‐", "P12_006": "仙北市田沢湖卒田字早稲田430", "P12_007": 3 }, "geometry": { "type": "MultiPoint", "coordinates": [ [ 140.622669145764576, 39.611360453821931 ] ] } },
{ "type": "Feature", "properties": { "P12_001": 10509, "P12_002": "田沢湖高原雪まつり", "P12_003": "05", "P12_004": "05215", "P12_005": "‐", "P12_006": "仙北市田沢湖生保内字下高野（田沢湖スキー場特設会場）", "P12_007": 1 }, "geometry": { "type": "MultiPoint", "coordinates": [ [ 140.759823110648085, 39.762265756959152 ] ] } },
{ "type": "Feature", "properties": { "P12_001": 10510, "P12_002": "たざわ湖まつり", "P12_003": "05", "P12_004": "05215", "P12_005": "‐", "P12_006": "仙北市田沢湖畔白浜特設会場", "P12_007": 1 }, "geometry": { "type": "MultiPoint", "coordinates": [ [ 140.661892741356951, 39.726757477475644 ] ] } },
{ "type": "Feature", "properties": { "P12_001": 10511, "P12_002": "生保内公園つつじ祭り", "P12_003": "05", "P12_004": "05215", "P12_005": "‐", "P12_006": "仙北市田沢湖生保内", "P12_007": 1 }, "geometry": { "type": "MultiPoint", "coordinates": [ [ 140.737000000649573, 39.706691000889009 ] ] } },
{ "type": "Feature", "properties": { "P12_001": 10512, "P12_002": "抱返紅葉祭", "P12_003": "05", "P12_004": "05215", "P12_005": "‐", "P12_006": "仙北市田沢湖卒田字黒倉", "P12_007": 1 }, "geometry": { "type": "MultiPoint", "coordinates": [ [ 140.670912999935013, 39.61096000100332 ] ] } },
{ "type": "Feature", "properties": { "P12_001": 10513, "P12_002": "田沢湖遊覧船", "P12_003": "05", "P12_004": "05215", "P12_005": "‐", "P12_006": "仙北市田沢湖田沢字春山", "P12_007": 4 }, "geometry": { "type": "MultiPoint", "coordinates": [ [ 140.698358999368338, 39.730996000265236 ] ] } },
{ "type": "Feature", "properties": { "P12_001": 10514, "P12_002": "田沢湖ハート・ハーブ", "P12_003": "05", "P12_004": "05215", "P12_005": "‐", "P12_006": "仙北市田沢湖田沢字潟前78", "P12_007": 6 }, "geometry": { "type": "MultiPoint", "coordinates": [ [ 140.686890680960232, 39.743365090426607 ] ] } },
{ "type": "Feature", "properties": { "P12_001": 10515, "P12_002": "玉川ダム・宝仙湖", "P12_003": "05", "P12_004": "05215", "P12_005": "‐", "P12_006": "仙北市田沢湖玉川字下水無", "P12_007": 1 }, "geometry": { "type": "MultiPoint", "coordinates": [ [ 140.640545999798064, 39.830687999351767 ], [ 140.650856843968199, 39.850478876898705 ] ] } },
{ "type": "Feature", "properties": { "P12_001": 10516, "P12_002": "田沢湖", "P12_003": "05", "P12_004": "05215", "P12_005": "‐", "P12_006": "仙北市田沢湖田沢字春山　および　潟前　および　上石神", "P12_007": 1 }, "geometry": { "type": "MultiPoint", "coordinates": [ [ 140.66191057221522, 39.726709832292954 ] ] } },
{ "type": "Feature", "properties": { "P12_001": 10517, "P12_002": "刺巻水ばしょう祭り", "P12_003": "05", "P12_004": "05215", "P12_005": "‐", "P12_006": "仙北市田沢湖刺巻", "P12_007": 1 }, "geometry": { "type": "MultiPoint", "coordinates": [ [ 140.692080000291867, 39.663685000662326 ] ] } },
{ "type": "Feature", "properties": { "P12_001": 10518, "P12_002": "思い出の潟分校", "P12_003": "05", "P12_004": "05215", "P12_005": "‐", "P12_006": "仙北市田沢湖潟字一ノ渡226", "P12_007": 2 }, "geometry": { "type": "MultiPoint", "coordinates": [ [ 140.672631000020715, 39.696954000626704 ] ] } },
{ "type": "Feature", "properties": { "P12_001": 10519, "P12_002": "白浜（田沢湖　湖水浴）", "P12_003": "05", "P12_004": "05215", "P12_005": "‐", "P12_006": "仙北市田沢湖田沢字春山", "P12_007": 1 }, "geometry": { "type": "MultiPoint", "coordinates": [ [ 140.698355876022902, 39.730996052425951 ] ] } },
{ "type": "Feature", "properties": { "P12_001": 10520, "P12_002": "抱返り（田沢湖）", "P12_003": "05", "P12_004": "05215", "P12_005": "‐", "P12_006": "仙北市田沢湖卒田", "P12_007": 1 }, "geometry": { "type": "MultiPoint", "coordinates": [ [ 140.670902677516665, 39.610954613164893 ] ] } },
{ "type": "Feature", "properties": { "P12_001": 10521, "P12_002": "抱返り（角館）", "P12_003": "05", "P12_004": "05215", "P12_005": "‐", "P12_006": "仙北市角館町広久内", "P12_007": 1 }, "geometry": { "type": "MultiPoint", "coordinates": [ [ 140.651096999826791, 39.608399999860183 ] ] } },
{ "type": "Feature", "properties": { "P12_001": 10522, "P12_002": "十和田湖", "P12_003": "05", "P12_004": "05303", "P12_005": "湖沼", "P12_006": "鹿角郡小坂町十和田湖", "P12_007": -1 }, "geometry": { "type": "MultiPoint", "coordinates": [ [ 140.862193235029849, 40.463082311199742 ] ] } },
{ "type": "Feature", "properties": { "P12_001": 10523, "P12_002": "康楽館", "P12_003": "05", "P12_004": "05303", "P12_005": "‐", "P12_006": "小坂町小坂鉱山字松ノ下2", "P12_007": 2 }, "geometry": { "type": "MultiPoint", "coordinates": [ [ 140.74513491804214, 40.326561594941722 ] ] } },
{ "type": "Feature", "properties": { "P12_001": 10524, "P12_002": "小坂鉱山事務所", "P12_003": "05", "P12_004": "05303", "P12_005": "‐", "P12_006": "小坂町小坂鉱山字古館48-2", "P12_007": 2 }, "geometry": { "type": "MultiPoint", "coordinates": [ [ 140.744239410920159, 40.328556579922292 ] ] } },
{ "type": "Feature", "properties": { "P12_001": 10525, "P12_002": "道の駅こさか七滝", "P12_003": "05", "P12_004": "05303", "P12_005": "‐", "P12_006": "小坂町上向字藤原35-3", "P12_007": 6 }, "geometry": { "type": "MultiPoint", "coordinates": [ [ 140.781882999301047, 40.356870999796854 ] ] } },
{ "type": "Feature", "properties": { "P12_001": 10526, "P12_002": "十和田湖畔温泉", "P12_003": "05", "P12_004": "05303", "P12_005": "‐", "P12_006": "小坂町十和田湖字休平", "P12_007": 3 }, "geometry": { "type": "MultiPoint", "coordinates": [ [ 140.894547000343891, 40.423449998918386 ] ] } },
{ "type": "Feature", "properties": { "P12_001": 10527, "P12_002": "十和田湖西湖畔温泉", "P12_003": "05", "P12_004": "05303", "P12_005": "‐", "P12_006": "小坂町十和田湖字大川岱65-1", "P12_007": 3 }, "geometry": { "type": "MultiPoint", "coordinates": [ [ 140.842384224452417, 40.453204102087682 ] ] } },
{ "type": "Feature", "properties": { "P12_001": 10528, "P12_002": "国立公園十和田湖", "P12_003": "05", "P12_004": "05303", "P12_005": "‐", "P12_006": "小坂町十和田湖字十和田国有林", "P12_007": 1 }, "geometry": { "type": "MultiPoint", "coordinates": [ [ 140.862193235029849, 40.463082311199742 ] ] } },
{ "type": "Feature", "properties": { "P12_001": 10529, "P12_002": "アカシアまつり", "P12_003": "05", "P12_004": "05303", "P12_005": "‐", "P12_006": "小坂町小坂字砂森（小坂町中央公園　および　明治百年通り）", "P12_007": 1 }, "geometry": { "type": "MultiPoint", "coordinates": [ [ 140.743618000070683, 40.326246000352683 ] ] } },
{ "type": "Feature", "properties": { "P12_001": 10530, "P12_002": "食と農の祭典", "P12_003": "05", "P12_004": "05303", "P12_005": "‐", "P12_006": "小坂町上向字滝ノ下22", "P12_007": 1 }, "geometry": { "type": "MultiPoint", "coordinates": [ [ 140.77963496308314, 40.357803676798312 ] ] } },
{ "type": "Feature", "properties": { "P12_001": 10531, "P12_002": "道の駅かみこあに", "P12_003": "05", "P12_004": "05327", "P12_005": "‐", "P12_006": "上小阿仁村小沢田字向川原66-1", "P12_007": 6 }, "geometry": { "type": "MultiPoint", "coordinates": [ [ 140.297175968096553, 40.063489807408757 ] ] } },
{ "type": "Feature", "properties": { "P12_001": 10532, "P12_002": "コミュニティセンター山ふじ温泉", "P12_003": "05", "P12_004": "05327", "P12_005": "‐", "P12_006": "上小阿仁村五反沢字八森沢111-4", "P12_007": 3 }, "geometry": { "type": "MultiPoint", "coordinates": [ [ 140.312501001220312, 40.022434001428053 ] ] } },
{ "type": "Feature", "properties": { "P12_001": 10533, "P12_002": "岳岱自然観察教育林", "P12_003": "05", "P12_004": "05346", "P12_005": "‐", "P12_006": "藤里町藤琴字藤琴沢国有林内", "P12_007": 1 }, "geometry": { "type": "MultiPoint", "coordinates": [ [ 140.291687999201827, 40.407567999463652 ] ] } },
{ "type": "Feature", "properties": { "P12_001": 10534, "P12_002": "素波里", "P12_003": "05", "P12_004": "05346", "P12_005": "‐", "P12_006": "藤里町粕毛字南鹿瀬内38-1", "P12_007": 1 }, "geometry": { "type": "MultiPoint", "coordinates": [ [ 140.247124000871963, 40.342735000819687 ] ] } },
{ "type": "Feature", "properties": { "P12_001": 10535, "P12_002": "健康保養館", "P12_003": "05", "P12_004": "05346", "P12_005": "‐", "P12_006": "藤里町藤琴字上湯の沢1-2", "P12_007": 3 }, "geometry": { "type": "MultiPoint", "coordinates": [ [ 140.288867141605351, 40.308759313591509 ] ] } },
{ "type": "Feature", "properties": { "P12_001": 10536, "P12_002": "白神街道ふじさと", "P12_003": "05", "P12_004": "05346", "P12_005": "‐", "P12_006": "藤里町矢坂字上野蟹子沢85-6", "P12_007": 5 }, "geometry": { "type": "MultiPoint", "coordinates": [ [ 140.250854461564245, 40.254189069669906 ] ] } },
{ "type": "Feature", "properties": { "P12_001": 10537, "P12_002": "白神山地世界遺産センター藤里館", "P12_003": "05", "P12_004": "05346", "P12_005": "‐", "P12_006": "藤里町藤琴字里栗63", "P12_007": 2 }, "geometry": { "type": "MultiPoint", "coordinates": [ [ 140.287250244203506, 40.308965180099051 ] ] } },
{ "type": "Feature", "properties": { "P12_001": 10538, "P12_002": "森のえき", "P12_003": "05", "P12_004": "05346", "P12_005": "‐", "P12_006": "藤里町藤琴字里栗38-2", "P12_007": 5 }, "geometry": { "type": "MultiPoint", "coordinates": [ [ 140.287241759999233, 40.308959527859997 ] ] } },
{ "type": "Feature", "properties": { "P12_001": 10539, "P12_002": "藤里峡", "P12_003": "05", "P12_004": "05346", "P12_005": "‐", "P12_006": "藤里町藤琴字藤琴沢国有林内　および　藤里町藤琴字滝の沢地内　および　藤里町粕毛字南鹿瀬内地内", "P12_007": 1 }, "geometry": { "type": "MultiPoint", "coordinates": [ [ 140.214305999222574, 40.329722001469236 ], [ 140.298390866745194, 40.39752155867302 ], [ 140.299522999886563, 40.319123998373868 ] ] } },
{ "type": "Feature", "properties": { "P12_001": 10540, "P12_002": "琴丘総合体育館", "P12_003": "05", "P12_004": "05348", "P12_005": "‐", "P12_006": "三種町鹿渡字盤若台75-1", "P12_007": 4 }, "geometry": { "type": "MultiPoint", "coordinates": [ [ 140.097160150320747, 40.036565257380801 ] ] } },
{ "type": "Feature", "properties": { "P12_001": 10541, "P12_002": "体験学習物産館サンバリオ", "P12_003": "05", "P12_004": "05348", "P12_005": "‐", "P12_006": "三種町鹿渡字高石野126-1", "P12_007": 5 }, "geometry": { "type": "MultiPoint", "coordinates": [ [ 140.080622390411008, 40.020952255042573 ] ] } },
{ "type": "Feature", "properties": { "P12_001": 10542, "P12_002": "グリーンぴあ", "P12_003": "05", "P12_004": "05348", "P12_005": "‐", "P12_006": "三種町鹿渡字高石野123-2", "P12_007": 5 }, "geometry": { "type": "MultiPoint", "coordinates": [ [ 140.08081400086553, 40.021509999287105 ] ] } },
{ "type": "Feature", "properties": { "P12_001": 10543, "P12_002": "森岳温泉夏まつり", "P12_003": "05", "P12_004": "05348", "P12_005": "‐", "P12_006": "三種町森岳字東堤沢内", "P12_007": 1 }, "geometry": { "type": "MultiPoint", "coordinates": [ [ 140.08581874064248, 40.08838285548444 ] ] } },
{ "type": "Feature", "properties": { "P12_001": 10544, "P12_002": "惣三郎沼公園", "P12_003": "05", "P12_004": "05348", "P12_005": "‐", "P12_006": "三種町森岳字東堤沢内", "P12_007": 4 }, "geometry": { "type": "MultiPoint", "coordinates": [ [ 140.085937211033524, 40.088477196165741 ] ] } },
{ "type": "Feature", "properties": { "P12_001": 10545, "P12_002": "森岳温泉３６ゴルフ場", "P12_003": "05", "P12_004": "05348", "P12_005": "‐", "P12_006": "三種町森岳字木戸沢199-183", "P12_007": 4 }, "geometry": { "type": "MultiPoint", "coordinates": [ [ 140.10932109149519, 40.079393133386475 ] ] } },
{ "type": "Feature", "properties": { "P12_001": 10546, "P12_002": "森岳温泉郷", "P12_003": "05", "P12_004": "05348", "P12_005": "‐", "P12_006": "三種町森岳字木戸沢内", "P12_007": 3 }, "geometry": { "type": "MultiPoint", "coordinates": [ [ 140.091776999209173, 40.088141999953393 ] ] } },
{ "type": "Feature", "properties": { "P12_001": 10547, "P12_002": "森岳温泉ゆうぱる", "P12_003": "05", "P12_004": "05348", "P12_005": "‐", "P12_006": "三種町森岳字木戸沢48-4", "P12_007": 3 }, "geometry": { "type": "MultiPoint", "coordinates": [ [ 140.088411257673442, 40.088461933771271 ] ] } },
{ "type": "Feature", "properties": { "P12_001": 10548, "P12_002": "ふるさと文化館", "P12_003": "05", "P12_004": "05348", "P12_005": "‐", "P12_006": "三種町森岳字東堤沢72-44", "P12_007": 5 }, "geometry": { "type": "MultiPoint", "coordinates": [ [ 140.087142611941999, 40.088077731702015 ] ] } },
{ "type": "Feature", "properties": { "P12_001": 10549, "P12_002": "テレトラック山本", "P12_003": "05", "P12_004": "05348", "P12_005": "‐", "P12_006": "三種町森岳字東堤沢72-3", "P12_007": 6 }, "geometry": { "type": "MultiPoint", "coordinates": [ [ 140.086890257679329, 40.08520467745393 ] ] } },
{ "type": "Feature", "properties": { "P12_001": 10550, "P12_002": "山本体育館", "P12_003": "05", "P12_004": "05348", "P12_005": "‐", "P12_006": "三種町森岳字小中野80-2", "P12_007": 4 }, "geometry": { "type": "MultiPoint", "coordinates": [ [ 140.071370700297621, 40.09584425530818 ] ] } },
{ "type": "Feature", "properties": { "P12_001": 10551, "P12_002": "砂丘温泉ゆめろん", "P12_003": "05", "P12_004": "05348", "P12_005": "‐", "P12_006": "三種町大口字上の沢17-4", "P12_007": 3 }, "geometry": { "type": "MultiPoint", "coordinates": [ [ 139.977267100995959, 40.095931439184596 ] ] } },
{ "type": "Feature", "properties": { "P12_001": 10552, "P12_002": "多目的広場ゆめっぴい", "P12_003": "05", "P12_004": "05348", "P12_005": "‐", "P12_006": "三種町大口字上の沢17-4", "P12_007": 4 }, "geometry": { "type": "MultiPoint", "coordinates": [ [ 139.977267104593238, 40.095931439184596 ] ] } },
{ "type": "Feature", "properties": { "P12_001": 10553, "P12_002": "釜谷浜海水浴場", "P12_003": "05", "P12_004": "05348", "P12_005": "‐", "P12_006": "三種町大口字釜谷南", "P12_007": 4 }, "geometry": { "type": "MultiPoint", "coordinates": [ [ 139.963221000049202, 40.103905000215661 ] ] } },
{ "type": "Feature", "properties": { "P12_001": 10554, "P12_002": "多目的交流施設ゆめすた", "P12_003": "05", "P12_004": "05348", "P12_005": "‐", "P12_006": "三種町鵜川字西本田10", "P12_007": 4 }, "geometry": { "type": "MultiPoint", "coordinates": [ [ 140.004438282001161, 40.09966462931925 ] ] } },
{ "type": "Feature", "properties": { "P12_001": 10555, "P12_002": "サンドクラフトｉｎみたね", "P12_003": "05", "P12_004": "05348", "P12_005": "‐", "P12_006": "三種町大口字釜谷南", "P12_007": 1 }, "geometry": { "type": "MultiPoint", "coordinates": [ [ 139.963223695317311, 40.103909280089283 ] ] } },
{ "type": "Feature", "properties": { "P12_001": 10556, "P12_002": "八竜体育館", "P12_003": "05", "P12_004": "05348", "P12_005": "‐", "P12_006": "三種町鵜川字西本田65-1", "P12_007": 4 }, "geometry": { "type": "MultiPoint", "coordinates": [ [ 140.005417058250714, 40.100598627424745 ] ] } },
{ "type": "Feature", "properties": { "P12_001": 10557, "P12_002": "はちもり観光市", "P12_003": "05", "P12_004": "05349", "P12_005": "‐", "P12_006": "八峰町八森字横間156", "P12_007": 5 }, "geometry": { "type": "MultiPoint", "coordinates": [ [ 140.002651709508882, 40.376101806553208 ] ] } },
{ "type": "Feature", "properties": { "P12_001": 10558, "P12_002": "ハタハタ館", "P12_003": "05", "P12_004": "05349", "P12_005": "‐", "P12_006": "八峰町八森字御所の台51", "P12_007": 3 }, "geometry": { "type": "MultiPoint", "coordinates": [ [ 139.987123955706011, 40.386176758550619 ] ] } },
{ "type": "Feature", "properties": { "P12_001": 10559, "P12_002": "お殿水（道の駅はちもり）", "P12_003": "05", "P12_004": "05349", "P12_005": "‐", "P12_006": "八峰町八森字乙の水72-4", "P12_007": 6 }, "geometry": { "type": "MultiPoint", "coordinates": [ [ 139.94887428901734, 40.421566564045747 ] ] } },
{ "type": "Feature", "properties": { "P12_001": 10560, "P12_002": "八森ぶなっこランド", "P12_003": "05", "P12_004": "05349", "P12_005": "‐", "P12_006": "八峰町八森字三十釜144-1", "P12_007": 1 }, "geometry": { "type": "MultiPoint", "coordinates": [ [ 140.025167600304599, 40.390890134172423 ] ] } },
{ "type": "Feature", "properties": { "P12_001": 10561, "P12_002": "尼子岩・白瀑神社", "P12_003": "05", "P12_004": "05349", "P12_005": "‐", "P12_006": "八峰町八森字館10", "P12_007": 2 }, "geometry": { "type": "MultiPoint", "coordinates": [ [ 140.038430000544167, 40.338827999612533 ] ] } },
{ "type": "Feature", "properties": { "P12_001": 10562, "P12_002": "八森湯っこランド", "P12_003": "05", "P12_004": "05349", "P12_005": "‐", "P12_006": "八峰町八森字長坂2-1", "P12_007": 3 }, "geometry": { "type": "MultiPoint", "coordinates": [ [ 139.989274999141912, 40.383727000800491 ] ] } },
{ "type": "Feature", "properties": { "P12_001": 10563, "P12_002": "能代カントリークラブ", "P12_003": "05", "P12_004": "05349", "P12_005": "‐", "P12_006": "八峰町峰浜田中字大土面18", "P12_007": 4 }, "geometry": { "type": "MultiPoint", "coordinates": [ [ 140.031099774934773, 40.281614546574133 ] ] } },
{ "type": "Feature", "properties": { "P12_001": 10564, "P12_002": "白神山地及びその周辺", "P12_003": "05", "P12_004": "05349", "P12_005": "‐", "P12_006": "八峰町八森字三十釜", "P12_007": 1 }, "geometry": { "type": "MultiPoint", "coordinates": [ [ 140.025726000154805, 40.390723000566084 ] ] } },
{ "type": "Feature", "properties": { "P12_001": 10565, "P12_002": "留山", "P12_003": "05", "P12_004": "05349", "P12_005": "‐", "P12_006": "八峰町八森字水の目地内", "P12_007": 1 }, "geometry": { "type": "MultiPoint", "coordinates": [ [ 140.061607000063077, 40.339953000230821 ] ] } },
{ "type": "Feature", "properties": { "P12_001": 10566, "P12_002": "岩館駅及び岩館海岸", "P12_003": "05", "P12_004": "05349", "P12_005": "‐", "P12_006": "八峰町八森字岩館地内", "P12_007": 1 }, "geometry": { "type": "MultiPoint", "coordinates": [ [ 139.965944897239297, 40.404508675834791 ] ] } },
{ "type": "Feature", "properties": { "P12_001": 10567, "P12_002": "御所の台ふれあいパーク", "P12_003": "05", "P12_004": "05349", "P12_005": "‐", "P12_006": "八峰町八森字御所の台61", "P12_007": 4 }, "geometry": { "type": "MultiPoint", "coordinates": [ [ 139.985214999872369, 40.388762000066322 ] ] } },
{ "type": "Feature", "properties": { "P12_001": 10568, "P12_002": "ポンポコ山公園", "P12_003": "05", "P12_004": "05349", "P12_005": "‐", "P12_006": "八峰町峰浜沼田字ホンコ谷地地内", "P12_007": 4 }, "geometry": { "type": "MultiPoint", "coordinates": [ [ 140.026380999783328, 40.266768001342257 ] ] } },
{ "type": "Feature", "properties": { "P12_001": 10569, "P12_002": "海水浴（八峰町）", "P12_003": "05", "P12_004": "05349", "P12_005": "‐", "P12_006": "八峰町八森字岩館　および　滝ノ間地内", "P12_007": 4 }, "geometry": { "type": "MultiPoint", "coordinates": [ [ 139.968917916528653, 40.402537923986074 ], [ 139.99795500012317, 40.380094998785239 ] ] } },
{ "type": "Feature", "properties": { "P12_001": 10570, "P12_002": "あきた白神体験センター", "P12_003": "05", "P12_004": "05349", "P12_005": "‐", "P12_006": "八峰町八森字御所の台53-1", "P12_007": 4 }, "geometry": { "type": "MultiPoint", "coordinates": [ [ 139.987699746646058, 40.385939195437572 ] ] } },
{ "type": "Feature", "properties": { "P12_001": 10571, "P12_002": "峰浜産直施設おらほの館", "P12_003": "05", "P12_004": "05349", "P12_005": "‐", "P12_006": "八峰町峰浜沼田字ホンコ谷地147-6", "P12_007": 5 }, "geometry": { "type": "MultiPoint", "coordinates": [ [ 140.028702778610409, 40.264349165881356 ] ] } },
{ "type": "Feature", "properties": { "P12_001": 10572, "P12_002": "八森産直施設ぶりこ", "P12_003": "05", "P12_004": "05349", "P12_005": "‐", "P12_006": "八峰町八森字御所の台51", "P12_007": 5 }, "geometry": { "type": "MultiPoint", "coordinates": [ [ 139.987126920770834, 40.386170823025111 ] ] } },
{ "type": "Feature", "properties": { "P12_001": 10573, "P12_002": "さくらまつり", "P12_003": "05", "P12_004": "05349", "P12_005": "‐", "P12_006": "八峰町八森字御所の台61", "P12_007": 1 }, "geometry": { "type": "MultiPoint", "coordinates": [ [ 139.985214999872369, 40.388762000066322 ] ] } },
{ "type": "Feature", "properties": { "P12_001": 10574, "P12_002": "ラベンダーまつり", "P12_003": "05", "P12_004": "05349", "P12_005": "‐", "P12_006": "八峰町峰浜沼田字ホンコ谷地地内", "P12_007": 1 }, "geometry": { "type": "MultiPoint", "coordinates": [ [ 140.026384578185798, 40.266762515477751 ] ] } },
{ "type": "Feature", "properties": { "P12_001": 10575, "P12_002": "白瀑神社例大祭", "P12_003": "05", "P12_004": "05349", "P12_005": "‐", "P12_006": "八峰町八森字館10", "P12_007": 1 }, "geometry": { "type": "MultiPoint", "coordinates": [ [ 140.032872999689289, 40.354816999504976 ] ] } },
{ "type": "Feature", "properties": { "P12_001": 10576, "P12_002": "雄島花火", "P12_003": "05", "P12_004": "05349", "P12_005": "‐", "P12_006": "八峰町八森字中浜海岸沖", "P12_007": 1 }, "geometry": { "type": "MultiPoint", "coordinates": [ [ 140.013961999946446, 40.367448001024457 ] ] } },
{ "type": "Feature", "properties": { "P12_001": 10577, "P12_002": "はっぽう”んめもの”まつり", "P12_003": "05", "P12_004": "05349", "P12_005": "‐", "P12_006": "八峰町峰浜沼田字ホンコ谷地147-6", "P12_007": 1 }, "geometry": { "type": "MultiPoint", "coordinates": [ [ 140.026393190993076, 40.266764030835418 ] ] } },
{ "type": "Feature", "properties": { "P12_001": 10578, "P12_002": "環境と文化の村", "P12_003": "05", "P12_004": "05361", "P12_005": "‐", "P12_006": "五城目町上樋口字山田沢156-1", "P12_007": 1 }, "geometry": { "type": "MultiPoint", "coordinates": [ [ 140.120677000043543, 39.929289000287213 ] ] } },
{ "type": "Feature", "properties": { "P12_001": 10579, "P12_002": "悠紀の国五城目", "P12_003": "05", "P12_004": "05361", "P12_005": "‐", "P12_006": "五城目町富津内下山内宇上広ヶ野76-1", "P12_007": 6 }, "geometry": { "type": "MultiPoint", "coordinates": [ [ 140.144092299220347, 39.947168472247256 ] ] } },
{ "type": "Feature", "properties": { "P12_001": 10580, "P12_002": "三平の家", "P12_003": "05", "P12_004": "05361", "P12_005": "‐", "P12_006": "五城目町馬場目字北ノ又37", "P12_007": 1 }, "geometry": { "type": "MultiPoint", "coordinates": [ [ 140.238349539599653, 39.88186303365211 ] ] } },
{ "type": "Feature", "properties": { "P12_001": 10581, "P12_002": "きゃどっこまつり", "P12_003": "05", "P12_004": "05361", "P12_005": "‐", "P12_006": "五城目町中心街", "P12_007": 1 }, "geometry": { "type": "MultiPoint", "coordinates": [ [ 140.119805001199893, 39.94370700057766 ] ] } },
{ "type": "Feature", "properties": { "P12_001": 10582, "P12_002": "産業文化祭", "P12_003": "05", "P12_004": "05361", "P12_005": "‐", "P12_006": "五城目町上樋口字堂社75", "P12_007": 1 }, "geometry": { "type": "MultiPoint", "coordinates": [ [ 140.121824962152346, 39.939778760081765 ] ] } },
{ "type": "Feature", "properties": { "P12_001": 10583, "P12_002": "一日市盆踊り", "P12_003": "05", "P12_004": "05363", "P12_005": "‐", "P12_006": "八郎潟町一日市上町（大通り）", "P12_007": 1 }, "geometry": { "type": "MultiPoint", "coordinates": [ [ 140.076858000996026, 39.944498000182591 ] ] } },
{ "type": "Feature", "properties": { "P12_001": 10584, "P12_002": "日本国花苑さくらまつり", "P12_003": "05", "P12_004": "05366", "P12_005": "‐", "P12_006": "井川町浜井川字二階地内", "P12_007": 1 }, "geometry": { "type": "MultiPoint", "coordinates": [ [ 140.095386999310676, 39.904137001421532 ] ] } },
{ "type": "Feature", "properties": { "P12_001": 10585, "P12_002": "定住促進センター", "P12_003": "05", "P12_004": "05366", "P12_005": "‐", "P12_006": "井川町浜井川字二階102-2", "P12_007": 3 }, "geometry": { "type": "MultiPoint", "coordinates": [ [ 140.095465222342227, 39.904681347566168 ] ] } },
{ "type": "Feature", "properties": { "P12_001": 10586, "P12_002": "日本国花苑ふれあいプラザ", "P12_003": "05", "P12_004": "05366", "P12_005": "‐", "P12_006": "井川町浜井川字二階地内", "P12_007": 4 }, "geometry": { "type": "MultiPoint", "coordinates": [ [ 140.095387156692027, 39.904136078717102 ] ] } },
{ "type": "Feature", "properties": { "P12_001": 10587, "P12_002": "日本国花苑バラ園", "P12_003": "05", "P12_004": "05366", "P12_005": "‐", "P12_006": "井川町浜井川字二階地内", "P12_007": 2 }, "geometry": { "type": "MultiPoint", "coordinates": [ [ 140.095384330122783, 39.904136078717102 ] ] } },
{ "type": "Feature", "properties": { "P12_001": 10588, "P12_002": "老人福祉センターゆうゆう", "P12_003": "05", "P12_004": "05366", "P12_005": "‐", "P12_006": "井川町寺沢字綱木145-1", "P12_007": 3 }, "geometry": { "type": "MultiPoint", "coordinates": [ [ 140.12196793816986, 39.893636653908516 ] ] } },
{ "type": "Feature", "properties": { "P12_001": 10589, "P12_002": "大潟村潟の店", "P12_003": "05", "P12_004": "05368", "P12_005": "‐", "P12_006": "大潟村字西5-2", "P12_007": 5 }, "geometry": { "type": "MultiPoint", "coordinates": [ [ 139.951518919962268, 40.015170358025671 ] ] } },
{ "type": "Feature", "properties": { "P12_001": 10590, "P12_002": "大潟村多目的運動広場", "P12_003": "05", "P12_004": "05368", "P12_005": "‐", "P12_006": "大潟村字北1-3", "P12_007": 4 }, "geometry": { "type": "MultiPoint", "coordinates": [ [ 139.95453192041191, 40.026855590213358 ] ] } },
{ "type": "Feature", "properties": { "P12_001": 10591, "P12_002": "大潟村干拓博物館", "P12_003": "05", "P12_004": "05368", "P12_005": "‐", "P12_006": "大潟村字西5-2", "P12_007": 2 }, "geometry": { "type": "MultiPoint", "coordinates": [ [ 139.951196668591479, 40.015952057741345 ] ] } },
{ "type": "Feature", "properties": { "P12_001": 10592, "P12_002": "大潟村生態系公園", "P12_003": "05", "P12_004": "05368", "P12_005": "‐", "P12_006": "大潟村字東1-1", "P12_007": 4 }, "geometry": { "type": "MultiPoint", "coordinates": [ [ 139.965166411700579, 40.014489976831044 ] ] } },
{ "type": "Feature", "properties": { "P12_001": 10593, "P12_002": "大潟村ポルダー潟の湯", "P12_003": "05", "P12_004": "05368", "P12_005": "‐", "P12_006": "大潟村字北1-3", "P12_007": 3 }, "geometry": { "type": "MultiPoint", "coordinates": [ [ 139.954529246727475, 40.02684343497657 ] ] } },
{ "type": "Feature", "properties": { "P12_001": 10594, "P12_002": "大潟村桜と菜の花まつり", "P12_003": "05", "P12_004": "05368", "P12_005": "‐", "P12_006": "大潟村", "P12_007": 5 }, "geometry": { "type": "MultiPoint", "coordinates": [ [ 139.959978889214426, 40.017807266492184 ] ] } },
{ "type": "Feature", "properties": { "P12_001": 10595, "P12_002": "大潟村サンルーラル大潟", "P12_003": "05", "P12_004": "05368", "P12_005": "‐", "P12_006": "大潟村北1-3", "P12_007": 1 }, "geometry": { "type": "MultiPoint", "coordinates": [ [ 139.954294998515479, 40.02782400087699 ] ] } },
{ "type": "Feature", "properties": { "P12_001": 10596, "P12_002": "千畑温泉サン･アール", "P12_003": "05", "P12_004": "05434", "P12_005": "‐", "P12_006": "美郷町金沢東根字仏沢210-1", "P12_007": 3 }, "geometry": { "type": "MultiPoint", "coordinates": [ [ 140.618908245719012, 39.433320160197297 ] ] } },
{ "type": "Feature", "properties": { "P12_001": 10597, "P12_002": "美郷町ラベンダー園", "P12_003": "05", "P12_004": "05434", "P12_005": "‐", "P12_006": "美郷町千屋字大台野", "P12_007": 1 }, "geometry": { "type": "MultiPoint", "coordinates": [ [ 140.617054563117676, 39.455859055650933 ] ] } },
{ "type": "Feature", "properties": { "P12_001": 10598, "P12_002": "美郷町大台野広場", "P12_003": "05", "P12_004": "05434", "P12_005": "‐", "P12_006": "美郷町千屋字大台野1-4", "P12_007": 4 }, "geometry": { "type": "MultiPoint", "coordinates": [ [ 140.6170565443241, 39.455856200303458 ] ] } },
{ "type": "Feature", "properties": { "P12_001": 10599, "P12_002": "美郷町学友館", "P12_003": "05", "P12_004": "05434", "P12_005": "‐", "P12_006": "美郷町六郷字安楽寺122", "P12_007": 2 }, "geometry": { "type": "MultiPoint", "coordinates": [ [ 140.554022575581484, 39.421346891345991 ] ] } },
{ "type": "Feature", "properties": { "P12_001": 10600, "P12_002": "六郷温泉あったか山", "P12_003": "05", "P12_004": "05434", "P12_005": "‐", "P12_006": "美郷町六郷東根字下馬転120", "P12_007": 3 }, "geometry": { "type": "MultiPoint", "coordinates": [ [ 140.61258849116598, 39.409346378432645 ] ] } },
{ "type": "Feature", "properties": { "P12_001": 10601, "P12_002": "六郷湧水群", "P12_003": "05", "P12_004": "05434", "P12_005": "‐", "P12_006": "美郷町六郷地区", "P12_007": 1 }, "geometry": { "type": "MultiPoint", "coordinates": [ [ 140.547647001008386, 39.421517999955768 ] ] } },
{ "type": "Feature", "properties": { "P12_001": 10602, "P12_002": "名水市場湧太郎", "P12_003": "05", "P12_004": "05434", "P12_005": "‐", "P12_006": "美郷町六郷字馬町83", "P12_007": 4 }, "geometry": { "type": "MultiPoint", "coordinates": [ [ 140.547461774841054, 39.421832738390208 ] ] } },
{ "type": "Feature", "properties": { "P12_001": 10603, "P12_002": "ニテコ名水庵", "P12_003": "05", "P12_004": "05434", "P12_005": "‐", "P12_006": "美郷町六郷字大町59", "P12_007": 5 }, "geometry": { "type": "MultiPoint", "coordinates": [ [ 140.541010295688693, 39.422177417953549 ] ] } },
{ "type": "Feature", "properties": { "P12_001": 10604, "P12_002": "手づくり工房湧子ちゃん", "P12_003": "05", "P12_004": "05434", "P12_005": "‐", "P12_006": "美郷町六郷字大町71-7", "P12_007": 5 }, "geometry": { "type": "MultiPoint", "coordinates": [ [ 140.540773121982056, 39.421918513928347 ] ] } },
{ "type": "Feature", "properties": { "P12_001": 10605, "P12_002": "あったか山グリーンパーク", "P12_003": "05", "P12_004": "05434", "P12_005": "‐", "P12_006": "美郷町六郷東根字下馬転69", "P12_007": 4 }, "geometry": { "type": "MultiPoint", "coordinates": [ [ 140.613156999396097, 39.409381999679567 ] ] } },
{ "type": "Feature", "properties": { "P12_001": 10606, "P12_002": "湯とぴあ雁の里温泉", "P12_003": "05", "P12_004": "05434", "P12_005": "‐", "P12_006": "美郷町飯詰字東西法寺181-2", "P12_007": 3 }, "geometry": { "type": "MultiPoint", "coordinates": [ [ 140.547207900724061, 39.363886654445594 ] ] } },
{ "type": "Feature", "properties": { "P12_001": 10607, "P12_002": "プールパークみさと", "P12_003": "05", "P12_004": "05434", "P12_005": "‐", "P12_006": "美郷町飯詰字糠渕20-4", "P12_007": 4 }, "geometry": { "type": "MultiPoint", "coordinates": [ [ 140.531815603707173, 39.388478033034858 ] ] } },
{ "type": "Feature", "properties": { "P12_001": 10608, "P12_002": "雁の里山本公園", "P12_003": "05", "P12_004": "05434", "P12_005": "‐", "P12_006": "美郷町飯詰字東西法寺34", "P12_007": 4 }, "geometry": { "type": "MultiPoint", "coordinates": [ [ 140.549391777508617, 39.363883502321812 ] ] } },
{ "type": "Feature", "properties": { "P12_001": 10609, "P12_002": "道の駅雁の里せんなん", "P12_003": "05", "P12_004": "05434", "P12_005": "‐", "P12_006": "美郷町金沢字下館124", "P12_007": 6 }, "geometry": { "type": "MultiPoint", "coordinates": [ [ 140.56758571720718, 39.379408957457485 ] ] } },
{ "type": "Feature", "properties": { "P12_001": 10610, "P12_002": "西馬音内盆踊り", "P12_003": "05", "P12_004": "05463", "P12_005": "‐", "P12_006": "羽後町西馬音内字本町", "P12_007": 1 }, "geometry": { "type": "MultiPoint", "coordinates": [ [ 140.401711065513382, 39.198912162965996 ] ] } },
{ "type": "Feature", "properties": { "P12_001": 10611, "P12_002": "五輪坂アルカディア公園", "P12_003": "05", "P12_004": "05463", "P12_005": "‐", "P12_006": "羽後町足田古堤上地内", "P12_007": 4 }, "geometry": { "type": "MultiPoint", "coordinates": [ [ 140.402165781625627, 39.220658167540478 ] ] } },
{ "type": "Feature", "properties": { "P12_001": 10612, "P12_002": "ゆきとぴあ七曲", "P12_003": "05", "P12_004": "05463", "P12_005": "‐", "P12_006": "羽後町西馬音内田代　七曲峠周辺", "P12_007": 1 }, "geometry": { "type": "MultiPoint", "coordinates": [ [ 140.41292800002725, 39.199323001155619 ] ] } },
{ "type": "Feature", "properties": { "P12_001": 10613, "P12_002": "五輪坂花火大会", "P12_003": "05", "P12_004": "05463", "P12_005": "‐", "P12_006": "羽後町足田古堤上地内", "P12_007": 1 }, "geometry": { "type": "MultiPoint", "coordinates": [ [ 140.396134990937185, 39.221696024751793 ] ] } },
{ "type": "Feature", "properties": { "P12_001": 10614, "P12_002": "むかしがたり館", "P12_003": "05", "P12_004": "05463", "P12_005": "‐", "P12_006": "羽後町貝沢字柳原188-1", "P12_007": 6 }, "geometry": { "type": "MultiPoint", "coordinates": [ [ 140.44760128686994, 39.190392260194699 ] ] } },
{ "type": "Feature", "properties": { "P12_001": 10615, "P12_002": "西馬音内盆踊り会館", "P12_003": "05", "P12_004": "05463", "P12_005": "‐", "P12_006": "羽後町西馬音内字本町108-1", "P12_007": 2 }, "geometry": { "type": "MultiPoint", "coordinates": [ [ 140.404454915961651, 39.19981772720638 ] ] } },
{ "type": "Feature", "properties": { "P12_001": 10616, "P12_002": "五輪坂温泉としとらんど", "P12_003": "05", "P12_004": "05463", "P12_005": "‐", "P12_006": "羽後町足田字五輪坂下43-4", "P12_007": 3 }, "geometry": { "type": "MultiPoint", "coordinates": [ [ 140.395925469584768, 39.217374534107535 ] ] } },
{ "type": "Feature", "properties": { "P12_001": 10617, "P12_002": "須川温泉（栗駒山荘）", "P12_003": "05", "P12_004": "05464", "P12_005": "‐", "P12_006": "東成瀬村椿川字仁郷山国有林", "P12_007": 2 }, "geometry": { "type": "MultiPoint", "coordinates": [ [ 140.767299399647641, 38.980026661201521 ] ] } },
{ "type": "Feature", "properties": { "P12_001": 10618, "P12_002": "ジュネス温泉（ホテルブラン）", "P12_003": "05", "P12_004": "05464", "P12_005": "‐", "P12_006": "東成瀬村椿川字柳沢39-7", "P12_007": 2 }, "geometry": { "type": "MultiPoint", "coordinates": [ [ 140.726008735714686, 39.159263491117258 ] ] } },
{ "type": "Feature", "properties": { "P12_001": 10619, "P12_002": "ジュネス栗駒スキー場", "P12_003": "05", "P12_004": "05464", "P12_005": "‐", "P12_006": "東成瀬村椿川字柳沢39-7", "P12_007": 4 }, "geometry": { "type": "MultiPoint", "coordinates": [ [ 140.726009295092922, 39.159267354604765 ] ] } },
{ "type": "Feature", "properties": { "P12_001": 10620, "P12_002": "ジュネスパークゴルフ場", "P12_003": "05", "P12_004": "05464", "P12_005": "‐", "P12_006": "東成瀬村岩井川字沼又57-4", "P12_007": 4 }, "geometry": { "type": "MultiPoint", "coordinates": [ [ 140.74740822431022, 39.160152903533742 ] ] } },
{ "type": "Feature", "properties": { "P12_001": 10539, "P12_002": "藤里峡", "P12_003": "05", "P12_004": "05346", "P12_005": "‐", "P12_006": "藤里町藤琴字藤琴沢国有林内　および　藤里町藤琴字滝の沢地内　および　藤里町粕毛字南鹿瀬内地内", "P12_007": 1 }, "geometry": { "type": "LineString", "coordinates": [ [ 140.299908903981418, 40.39925391078193 ], [ 140.299667812500985, 40.399218191713182 ], [ 140.299346341479861, 40.3991288961479 ], [ 140.299158820691559, 40.399039600582611 ], [ 140.29887307526198, 40.398852077578283 ], [ 140.29869448283128, 40.398709201303305 ], [ 140.298605186684227, 40.398512748531786 ], [ 140.298614115178481, 40.398164497091116 ], [ 140.298614115178481, 40.397789451082453 ], [ 140.298515890537203, 40.397566211115951 ], [ 140.298212276504529, 40.397387617878806 ], [ 140.298051552676924, 40.397235813943219 ], [ 140.297953316284378, 40.39701257292343 ], [ 140.297917602580725, 40.396726825639909 ], [ 140.297962256529871, 40.396432147535918 ], [ 140.298015827222002, 40.396253554298774 ], [ 140.298131908715106, 40.396083892935387 ], [ 140.298373011946779, 40.395914228412138 ], [ 140.298792707472529, 40.395824932846857 ], [ 140.299721383056465, 40.395842792381224 ], [ 140.30025716021197, 40.395789213778109 ], [ 140.300578631233094, 40.395673127857982 ], [ 140.300882221763231, 40.395458818711951 ], [ 140.301284072188423, 40.395333801971347 ], [ 140.301596591212814, 40.395226647924979 ], [ 140.302221676266583, 40.395146281073586 ], [ 140.302534218793483, 40.395021266439556 ], [ 140.303105709652641, 40.39464622148418 ] ] } },
{ "type": "Feature", "properties": { "P12_001": 10539, "P12_002": "藤里峡", "P12_003": "05", "P12_004": "05346", "P12_005": "‐", "P12_006": "藤里町藤琴字藤琴沢国有林内　および　藤里町藤琴字滝の沢地内　および　藤里町粕毛字南鹿瀬内地内", "P12_007": 1 }, "geometry": { "type": "LineString", "coordinates": [ [ 140.29568269424783, 40.319793140057094 ], [ 140.295998805193619, 40.319568138994732 ], [ 140.296256055879439, 40.319399249690711 ], [ 140.296498557100563, 40.319292305248453 ], [ 140.296976333204157, 40.319179527702794 ], [ 140.297277722423615, 40.319145918367909 ], [ 140.297769666441468, 40.319112026752109 ], [ 140.298240221945434, 40.319112026752109 ], [ 140.298321056642294, 40.319112026752109 ], [ 140.299261610832048, 40.319140334893525 ], [ 140.299460221798938, 40.319151443911508 ], [ 140.299592443504139, 40.31913450073683 ], [ 140.300555221913271, 40.318960055343886 ], [ 140.300988555453671, 40.318847277798227 ], [ 140.301311888365518, 40.31877422075862 ], [ 140.301694110915435, 40.318672832405284 ], [ 140.301885222258704, 40.318610889650103 ], [ 140.302407166137414, 40.318385888587734 ], [ 140.302539389345696, 40.318312556640223 ], [ 140.302664111427276, 40.318262000970797 ], [ 140.302767167474059, 40.318228389529338 ], [ 140.302943555587945, 40.318239498547328 ], [ 140.303119943701859, 40.318250888792946 ], [ 140.303318277011186, 40.318312556640223 ], [ 140.303524111447189, 40.31840283176242 ], [ 140.30399438792719, 40.318554777891748 ], [ 140.304354389127184, 40.318622556910199 ] ] } },
{ "type": "Feature", "properties": { "P12_001": 10539, "P12_002": "藤里峡", "P12_003": "05", "P12_004": "05346", "P12_005": "‐", "P12_006": "藤里町藤琴字藤琴沢国有林内　および　藤里町藤琴字滝の沢地内　および　藤里町粕毛字南鹿瀬内地内", "P12_007": 1 }, "geometry": { "type": "LineString", "coordinates": [ [ 140.216783708515237, 40.33130059334588 ], [ 140.216059270972977, 40.331103016717137 ], [ 140.21510432696158, 40.330872511176906 ], [ 140.214709172838752, 40.330658474832212 ], [ 140.214462207507182, 40.330329184664116 ], [ 140.214314030467165, 40.329901106708284 ], [ 140.21429755985352, 40.329654136185674 ], [ 140.214330489466221, 40.32944009984098 ], [ 140.214363418942298, 40.329275453176997 ], [ 140.214346948328625, 40.32889676911504 ], [ 140.214132912336481, 40.328287579512846 ], [ 140.214017664909221, 40.327628998123366 ], [ 140.213836558529778, 40.326756378282617 ], [ 140.213688369875172, 40.326344765309173 ], [ 140.213540192971834, 40.326130726857905 ], [ 140.213293227503613, 40.325966081247209 ], [ 140.212634643174511, 40.325768505671753 ], [ 140.212218908094997, 40.325653255008213 ], [ 140.211815530416573, 40.325488607290943 ], [ 140.211585023810784, 40.325348660207112 ], [ 140.211469776520147, 40.325159318176134 ], [ 140.211436846907418, 40.325035832914828 ], [ 140.211428611600581, 40.32487118835742 ], [ 140.211510941303032, 40.324657148852864 ], [ 140.211807295109736, 40.324146748091692 ] ] } },
{ "type": "Feature", "properties": { "P12_001": 10318, "P12_002": "石沢峡", "P12_003": "05", "P12_004": "05210", "P12_005": "‐", "P12_006": "由利本荘市大簗猿木沢", "P12_007": 1 }, "geometry": { "type": "LineString", "coordinates": [ [ 140.178749056024515, 39.350505609781173 ], [ 140.178517111802961, 39.350578944888547 ], [ 140.178350167462156, 39.350668942996265 ], [ 140.17780625051293, 39.351096999886352 ], [ 140.177755417180009, 39.351119499149959 ], [ 140.177654027898456, 39.351125055238882 ], [ 140.177552361095962, 39.351108112064203 ], [ 140.177298471815618, 39.351012554707701 ], [ 140.177088193765513, 39.350956165934868 ], [ 140.17695763868889, 39.350911167407652 ], [ 140.176812638177097, 39.350843665403687 ], [ 140.176725694467336, 39.350775889545098 ], [ 140.176573471852834, 39.35055061146825 ], [ 140.176508192948091, 39.350488666606495 ], [ 140.176305138367098, 39.350353665758412 ], [ 140.175826556209415, 39.349739803775094 ], [ 140.175514888877728, 39.349559527385324 ], [ 140.175289889101322, 39.349198971445915 ], [ 140.175166833784942, 39.349013138967223 ], [ 140.17464461088224, 39.348777027833577 ], [ 140.174492389770819, 39.348777027833577 ], [ 140.174231278251142, 39.34883869357428 ], [ 140.17400625059966, 39.34883869357428 ], [ 140.173752638840227, 39.348776750819098 ], [ 140.173447917456741, 39.348602305426155 ], [ 140.173331805082455, 39.348562859828007 ], [ 140.173201250142455, 39.348529250493122 ], [ 140.172998471715971, 39.348512307318444 ], [ 140.172940416280341, 39.348489807001549 ], [ 140.172461806110931, 39.348236471465597 ], [ 140.172142916813215, 39.348118138884296 ], [ 140.171961528403671, 39.348016748424385 ], [ 140.171671527243433, 39.347808418788652 ], [ 140.171352361927831, 39.347633693221375 ], [ 140.171207361279386, 39.347521192690188 ], [ 140.171084028305472, 39.347335360211495 ], [ 140.171047639041291, 39.347200082348934 ], [ 140.17101874940073, 39.347143693576101 ], [ 140.170931526803628, 39.347036749133842 ], [ 140.170743193812314, 39.346946748919557 ], [ 140.17034430688966, 39.346648139948485 ], [ 140.170039860157601, 39.346479250644464 ], [ 140.169648193697952, 39.346293416059197 ], [ 140.169104306126883, 39.346073694071272 ], [ 140.168908472145517, 39.346023138401847 ], [ 140.168589582847773, 39.345966749629014 ], [ 140.168234028131366, 39.345966749629014 ], [ 140.168045416116058, 39.345983694910274 ], [ 140.167711806595094, 39.345983694910274 ] ] } },
{ "type": "Feature", "properties": { "P12_001": 10528, "P12_002": "国立公園十和田湖", "P12_003": "05", "P12_004": "05303", "P12_005": "‐", "P12_006": "小坂町十和田湖字十和田国有林", "P12_007": 1 }, "geometry": { "type": "Polygon", "coordinates": [ [ [ 140.89199967720765, 40.42353339542646 ], [ 140.891940082079799, 40.423413861530932 ], [ 140.891930083300423, 40.423366361231125 ], [ 140.891917862088405, 40.423306917360783 ], [ 140.891932582530842, 40.42323941793498 ], [ 140.892197860730988, 40.423076082501019 ], [ 140.89231563851277, 40.42297469241187 ], [ 140.892477861231242, 40.422777750591031 ], [ 140.892632583162282, 40.422541084500516 ], [ 140.892691471124323, 40.422400250458878 ], [ 140.892765082624976, 40.422242750214956 ], [ 140.892823972444745, 40.422079414781003 ], [ 140.892838693506405, 40.421854139545232 ], [ 140.892831471993702, 40.421645807661506 ], [ 140.892735639263179, 40.421088555327891 ], [ 140.892683971575366, 40.420880221068593 ], [ 140.892603137942785, 40.420756331170836 ], [ 140.892514527963442, 40.420654945040972 ], [ 140.892352610527553, 40.420508555334614 ], [ 140.891792610765492, 40.420164942698385 ], [ 140.891673721457749, 40.420098779926235 ], [ 140.891666666519143, 40.420094861028765 ], [ 140.891549555652915, 40.420029668280741 ], [ 140.891188721520052, 40.419804387501983 ], [ 140.890864556596341, 40.419607443305566 ], [ 140.890541776900193, 40.419382167277945 ], [ 140.890510666559123, 40.419347999464847 ], [ 140.890384277702424, 40.419213276971135 ], [ 140.890215110269082, 40.419134388274301 ], [ 140.890060665755129, 40.419094943529956 ], [ 140.889810389129849, 40.418965499551199 ], [ 140.889604276308802, 40.418858554589193 ], [ 140.889030388355479, 40.41860494356294 ], [ 140.888780388528033, 40.418464109521295 ], [ 140.888478749497551, 40.418272720989599 ], [ 140.888442082765351, 40.418239111435284 ], [ 140.888221250740372, 40.417991611956957 ], [ 140.888177083220739, 40.41791827892483 ], [ 140.888118195258699, 40.417805779089967 ], [ 140.887757638542894, 40.417096057176337 ], [ 140.887595694479955, 40.416910221141919 ], [ 140.8873381944843, 40.416696333593478 ], [ 140.887300416226196, 40.416666665108615 ], [ 140.887292582909851, 40.416660498922596 ], [ 140.886771806699159, 40.416251332451807 ], [ 140.886352638819147, 40.415969942310134 ], [ 140.886028750074018, 40.415772722547686 ], [ 140.885557667431584, 40.415575500409666 ], [ 140.885027942663243, 40.415299666724557 ], [ 140.884329334070912, 40.415012442976568 ], [ 140.884012667457711, 40.414866055645781 ], [ 140.883997943299875, 40.41484910991818 ], [ 140.883975998867811, 40.41484355583718 ], [ 140.883961277806151, 40.414826610109579 ], [ 140.883836277892442, 40.414759109100061 ], [ 140.883578499860505, 40.414635221577875 ], [ 140.883340445066494, 40.414545220759763 ], [ 140.883333333777529, 40.414542528447896 ], [ 140.882997389156003, 40.414415499631254 ], [ 140.882702944391895, 40.414308832610857 ], [ 140.882430722096103, 40.414252443722624 ], [ 140.882335167401891, 40.414241056827159 ], [ 140.882173222100448, 40.414201611290956 ], [ 140.882011277418286, 40.414173278667889 ], [ 140.881940445042034, 40.414169389860966 ], [ 140.881716833892625, 40.414156611673754 ], [ 140.881356277176849, 40.414077721393205 ], [ 140.881077110785441, 40.41398188776062 ], [ 140.880878223192468, 40.413931331686847 ], [ 140.880848777972972, 40.413931331686847 ], [ 140.880826833540937, 40.413919943207674 ], [ 140.880488221257195, 40.413863557486863 ], [ 140.880223498510389, 40.413829945556984 ], [ 140.880120472751969, 40.413801611350202 ], [ 140.87982602798786, 40.413689111515339 ], [ 140.879296305696442, 40.4135313317461 ], [ 140.879053527381672, 40.413475222383184 ], [ 140.878604639342058, 40.413334389925254 ], [ 140.878104083614602, 40.413221611356931 ], [ 140.877817417674208, 40.413171056075015 ], [ 140.876963806637633, 40.413041610512551 ], [ 140.876559084259924, 40.413041610512551 ], [ 140.876470749839939, 40.413024666368656 ], [ 140.876272139044801, 40.41301883276234 ], [ 140.876073528249663, 40.413041610512551 ], [ 140.875816027634784, 40.413103555857354 ], [ 140.875646582784384, 40.413171056075015 ], [ 140.875521582870675, 40.413238583215794 ], [ 140.875315472526552, 40.413317471912627 ], [ 140.87516102801257, 40.413401915482318 ], [ 140.875043250230789, 40.413531359461075 ], [ 140.875007137713482, 40.413591917473411 ], [ 140.874999999797438, 40.413603861835803 ], [ 140.874697417053596, 40.414111362621775 ], [ 140.874528249001003, 40.414376081018176 ], [ 140.874277972375751, 40.414668860430879 ], [ 140.874130749993697, 40.414787195455773 ], [ 140.873909888245436, 40.415074138886595 ], [ 140.873887942574925, 40.415130526982971 ], [ 140.873814334170447, 40.415231915488413 ], [ 140.873740722669794, 40.415304972954495 ], [ 140.873615720898385, 40.415479694492056 ], [ 140.873578778606856, 40.415676638688474 ], [ 140.873534612325699, 40.415733027576707 ], [ 140.873461278242104, 40.415744417639594 ], [ 140.87331405586005, 40.41567108302376 ], [ 140.873203499590943, 40.415575250974889 ], [ 140.873034332776825, 40.415445806996139 ], [ 140.873027667955938, 40.415442196130819 ], [ 140.872578248613138, 40.415209416471669 ], [ 140.872475194989164, 40.415136083439542 ], [ 140.872335192881309, 40.414944694907845 ], [ 140.872269361442875, 40.414871360292004 ], [ 140.872188527810295, 40.414741916313254 ], [ 140.872173805510187, 40.414674416887451 ], [ 140.872114917548117, 40.414528027181099 ], [ 140.872100194628757, 40.414398581618627 ], [ 140.872077972779664, 40.414291639032193 ], [ 140.872004361898234, 40.414122751100948 ], [ 140.871827972332994, 40.413908861968793 ], [ 140.871662416894452, 40.413834417170243 ], [ 140.871489361287729, 40.413796638491824 ], [ 140.871276028192455, 40.413739692136659 ], [ 140.871003806515915, 40.413700528501352 ], [ 140.870223528324459, 40.413689139230314 ], [ 140.870046860722908, 40.413677749167427 ], [ 140.869627416045091, 40.41361580461448 ], [ 140.869171582052104, 40.413576639395451 ], [ 140.868811029051727, 40.413553862437098 ], [ 140.868700472163397, 40.413565249332564 ], [ 140.868428249867605, 40.413576639395451 ], [ 140.868148527403633, 40.413587471991413 ], [ 140.867979359970292, 40.413615526672871 ], [ 140.867927971557208, 40.413632472400472 ], [ 140.867390749716805, 40.413694418537133 ], [ 140.867074361759109, 40.413756359922658 ], [ 140.866742972226518, 40.413840808243485 ], [ 140.866673804971839, 40.413870387248572 ], [ 140.866666667055824, 40.413873443022538 ], [ 140.866426584268822, 40.413976083452994 ], [ 140.866066027553046, 40.414009971740768 ], [ 140.865705471456494, 40.414054970566113 ], [ 140.865131584122366, 40.414201360272465 ], [ 140.864770751847232, 40.414353307227245 ], [ 140.864645749456571, 40.414432195132228 ], [ 140.864417971478247, 40.414533582845806 ], [ 140.864005749551552, 40.414629418062106 ], [ 140.863814361507593, 40.414685527425021 ], [ 140.863593805661168, 40.414786918306028 ], [ 140.862865193299854, 40.415124722675344 ], [ 140.862504639061001, 40.415321666871755 ], [ 140.862254360578049, 40.415445556769505 ], [ 140.861393249992489, 40.415806110382199 ], [ 140.861111028917321, 40.415961666618585 ], [ 140.860657417356975, 40.416211389629765 ], [ 140.860510193736445, 40.416273332599005 ], [ 140.86026741666015, 40.416341111550125 ], [ 140.860134917197456, 40.416391666040184 ], [ 140.860054082326428, 40.4164422213221 ], [ 140.859928806853361, 40.416526944417114 ], [ 140.859884638714504, 40.416599999507632 ], [ 140.859864944580607, 40.416660555936261 ], [ 140.859862971080275, 40.416666665108615 ], [ 140.859862693043965, 40.416667499725293 ], [ 140.859774361100904, 40.416830834367389 ], [ 140.859700750838726, 40.416887222463771 ], [ 140.859641859161258, 40.416909721480515 ], [ 140.859516306890384, 40.417087778317359 ], [ 140.859332694573965, 40.417368333050497 ], [ 140.859162692412525, 40.417742778992398 ], [ 140.858951833159068, 40.418055000856036 ], [ 140.858686555578146, 40.418273332302761 ], [ 140.858496277202391, 40.418398332383227 ], [ 140.858340443745448, 40.418479332961162 ], [ 140.858333333075734, 40.418483056270098 ], [ 140.857986000731842, 40.418663611413983 ], [ 140.857727665388836, 40.418804166722154 ], [ 140.857390168346427, 40.418981943241825 ], [ 140.857279611458097, 40.419077499724658 ], [ 140.857213500744876, 40.419184445478521 ], [ 140.857205999957444, 40.419302500978098 ], [ 140.857221278330144, 40.419381389674932 ], [ 140.857262110652783, 40.419493889509795 ], [ 140.857313778340597, 40.419741665346017 ], [ 140.857313778340597, 40.420045859369161 ], [ 140.857300721162034, 40.420124751233423 ], [ 140.857269332784711, 40.420434470830742 ], [ 140.857247389591123, 40.420524471648861 ], [ 140.857180999603145, 40.420642806673754 ], [ 140.857092667660083, 40.420744194387332 ], [ 140.856900999102891, 40.420986416142554 ], [ 140.856775722391347, 40.421251139290092 ], [ 140.856539889410698, 40.421622805024072 ], [ 140.856488499139914, 40.421802527134986 ], [ 140.856510418802571, 40.421977249464405 ], [ 140.856606249056171, 40.42219697299474 ], [ 140.856702083025141, 40.42237141738255 ], [ 140.856724305493486, 40.422461416616954 ], [ 140.856731528244637, 40.422591140121028 ], [ 140.856679861176048, 40.422737526659951 ], [ 140.856584305862583, 40.422872529470844 ], [ 140.856436805444218, 40.423131693786246 ], [ 140.856163193586241, 40.423661417231067 ], [ 140.856179666462282, 40.423785721269731 ], [ 140.856090640976589, 40.423870222644943 ], [ 140.856152027549825, 40.423910139335725 ], [ 140.856142833156042, 40.424015776942767 ], [ 140.856090640976589, 40.424067416276131 ], [ 140.856130555593694, 40.424097943133361 ], [ 140.85616739013841, 40.424198888991057 ], [ 140.856142833156042, 40.424245831032081 ], [ 140.856219555071561, 40.424266972806905 ], [ 140.856256389616277, 40.424302166865935 ], [ 140.856296307948782, 40.424374944014843 ], [ 140.856314694259424, 40.424424251331025 ], [ 140.856397583131297, 40.424443027830698 ], [ 140.856465082787452, 40.424499362080837 ], [ 140.856458778980311, 40.424543888959754 ], [ 140.856520193419101, 40.424548582292815 ], [ 140.856603055044616, 40.424574417400699 ], [ 140.856624527619999, 40.424609611459729 ], [ 140.856606110347627, 40.424647166834632 ], [ 140.856587693694507, 40.424687082733556 ], [ 140.856655221835467, 40.424710555733711 ], [ 140.856704332704055, 40.424769251299722 ], [ 140.856692055760959, 40.424877250222636 ], [ 140.856735027538775, 40.424886638472472 ], [ 140.856784138407363, 40.424912443489809 ], [ 140.856816667414648, 40.424993915222323 ], [ 140.856817889783542, 40.424996971788147 ], [ 140.856816471117327, 40.424999999847131 ], [ 140.85678105585805, 40.425076778246584 ], [ 140.856814833242083, 40.425095556329964 ], [ 140.856848582760534, 40.425149555395492 ], [ 140.856891527911273, 40.425243445020541 ], [ 140.856848556752709, 40.425292751544866 ], [ 140.856863888998788, 40.425353777544352 ], [ 140.856857749288793, 40.425457083134205 ], [ 140.856808610554623, 40.425536971945718 ], [ 140.856839306627791, 40.425567499594806 ], [ 140.856851582951663, 40.425670778261541 ], [ 140.856784082057032, 40.425724776535212 ], [ 140.856811694342412, 40.42578347210123 ], [ 140.856781000126944, 40.425884416375212 ], [ 140.856719610457532, 40.425921971750114 ], [ 140.85672574892908, 40.425954833791955 ], [ 140.856713499232313, 40.426062833506727 ], [ 140.85666436173662, 40.426105082214697 ], [ 140.856673582138257, 40.426152029006857 ], [ 140.856609138404309, 40.426274110304526 ], [ 140.856553890302621, 40.426323417620708 ], [ 140.85655694312868, 40.426365664744957 ], [ 140.856520111060917, 40.426450193043287 ], [ 140.856446445067633, 40.426492445710537 ], [ 140.856461805179293, 40.426520639758728 ], [ 140.856455667326969, 40.426544110383311 ], [ 140.856375861004409, 40.426605139550226 ], [ 140.856305278798942, 40.426630973074396 ], [ 140.856332888607369, 40.426661472216658 ], [ 140.856332888607369, 40.426694332674785 ], [ 140.856305278798942, 40.426741305598213 ], [ 140.856250026981826, 40.426776498865387 ], [ 140.856283806223558, 40.426818777663897 ], [ 140.856240833207295, 40.42688450095573 ], [ 140.85618863855089, 40.426903277455395 ], [ 140.85621933338561, 40.426929110979565 ], [ 140.856222417173399, 40.42696430662231 ], [ 140.856185583247907, 40.42705589036143 ], [ 140.856210139611051, 40.427067638343424 ], [ 140.856234694116495, 40.427091112135436 ], [ 140.856237749419506, 40.427210832909083 ], [ 140.85618863855089, 40.427262472242454 ], [ 140.856228556883423, 40.427302388933235 ], [ 140.856222417173399, 40.427419776897835 ], [ 140.85617944477633, 40.427492527915483 ], [ 140.856216278082599, 40.427537139523039 ], [ 140.85621933338561, 40.427586443671792 ], [ 140.856182500079342, 40.427626360362574 ], [ 140.856185583247907, 40.42765452748764 ], [ 140.856225471857158, 40.42768502821361 ], [ 140.856250026981826, 40.427762499487443 ], [ 140.856200916113238, 40.427802416178217 ], [ 140.856170222516994, 40.427832943827305 ], [ 140.856200916113238, 40.427863445345132 ], [ 140.85614566801155, 40.427994918060058 ], [ 140.856142610231615, 40.428034807035864 ], [ 140.856133417695531, 40.428182721857702 ], [ 140.856090305351501, 40.428229776342341 ], [ 140.856090305351501, 40.428351831508742 ], [ 140.856050416742221, 40.428391749783238 ], [ 140.856044277032197, 40.428492694057212 ], [ 140.856001305873633, 40.428534945140747 ], [ 140.85599211147985, 40.428593639914908 ], [ 140.855946055295021, 40.428628834765796 ], [ 140.855952193766569, 40.428659360039312 ], [ 140.855915360460301, 40.42877205704643 ], [ 140.855860138366467, 40.428802554604971 ], [ 140.855906138200965, 40.428823694796087 ], [ 140.855878499907732, 40.428884722379287 ], [ 140.855804861160777, 40.428929332403129 ], [ 140.855860111120137, 40.42898802796914 ], [ 140.8558508888608, 40.429098362076665 ], [ 140.855771083157492, 40.429145304909554 ], [ 140.855786445126881, 40.429178166951395 ], [ 140.855734249851253, 40.429260333933854 ], [ 140.855682083679653, 40.42929555570786 ], [ 140.855709721972886, 40.429323721249212 ], [ 140.855700499713549, 40.429410583940303 ], [ 140.855663611295427, 40.429450556852885 ], [ 140.855688193666424, 40.429492805560848 ], [ 140.855678971407087, 40.429551501126866 ], [ 140.855639082797808, 40.429589056501769 ], [ 140.855540861060604, 40.429650082501261 ], [ 140.8555715571338, 40.42969000077575 ], [ 140.855553137384476, 40.429802695407297 ], [ 140.855500972451352, 40.429849639032035 ], [ 140.855550054835163, 40.429880139758005 ], [ 140.855562333635987, 40.429908333014339 ], [ 140.8555592770945, 40.429957611031831 ], [ 140.855513222767371, 40.429997527722612 ], [ 140.855531638801267, 40.430056223288624 ], [ 140.855519361238947, 40.430093777079819 ], [ 140.855448779652676, 40.430129000437539 ], [ 140.855470278235885, 40.430187665121153 ], [ 140.855439582162717, 40.43024166735411 ], [ 140.85539966692636, 40.430302721860429 ], [ 140.85536063905306, 40.430338942957249 ], [ 140.855213417909482, 40.430423388110654 ], [ 140.855007028290601, 40.430491167853631 ], [ 140.854535639127135, 40.430603666104787 ], [ 140.854343971189166, 40.430693666922906 ], [ 140.854203972796711, 40.430766999955026 ], [ 140.853982860877721, 40.430851445108431 ], [ 140.853798692488738, 40.430896443933776 ], [ 140.853644251070932, 40.430918942950527 ], [ 140.853290639069996, 40.430924776556843 ], [ 140.853047305921137, 40.430992277566361 ], [ 140.852900083539083, 40.43107088911345 ], [ 140.85270841683959, 40.431138390914818 ], [ 140.852561192599808, 40.431172277618884 ], [ 140.852472582001212, 40.431205888756914 ], [ 140.852421193588157, 40.431239775460973 ], [ 140.852406470668797, 40.431273666916177 ], [ 140.852406470668797, 40.43143700155828 ], [ 140.852450638807653, 40.431577582997718 ], [ 140.852450638807653, 40.431707306501785 ], [ 140.852421193588157, 40.43180869421537 ], [ 140.852214806446227, 40.432146471661568 ], [ 140.852030639295691, 40.432281471305032 ], [ 140.85187591736468, 40.432371751648468 ], [ 140.851691750214144, 40.432422306138527 ], [ 140.851595917483621, 40.432416750473813 ], [ 140.851418973084265, 40.432309807095521 ], [ 140.851249528233865, 40.432315359592806 ], [ 140.851065361083329, 40.432349249464302 ], [ 140.850954805433446, 40.432371751648468 ], [ 140.850652861120352, 40.432439251074271 ], [ 140.850417028139702, 40.432557584515457 ], [ 140.850144250390599, 40.432743417382447 ], [ 140.850007028026397, 40.432826360384205 ], [ 140.850004528176754, 40.432827859368423 ], [ 140.85000000033412, 40.432831084599663 ], [ 140.85000000033412, 40.43333333379379 ], [ 140.849346277573432, 40.43333333379379 ], [ 140.849333972145558, 40.433345639242717 ], [ 140.849223415876423, 40.433514527965812 ], [ 140.8490539722645, 40.433863694683041 ], [ 140.848832833718433, 40.434190361591668 ], [ 140.848729776998283, 40.434342306962733 ], [ 140.848538110918014, 40.434562028909355 ], [ 140.84833922146737, 40.434719806303029 ], [ 140.848057555845543, 40.434912582959051 ], [ 140.847981442637519, 40.434967861664575 ], [ 140.847948665936457, 40.43500119327728 ], [ 140.847609779331833, 40.435350082052899 ], [ 140.847477001213605, 40.435473971950657 ], [ 140.847278388560767, 40.435631751719896 ], [ 140.847248943960523, 40.43564286146561 ], [ 140.847013110979873, 40.435795082402713 ], [ 140.846851168155382, 40.435986470934409 ], [ 140.84674783339895, 40.436155388956202 ], [ 140.846696444985895, 40.436290668124983 ], [ 140.846703667117794, 40.436515943360746 ], [ 140.84677616647329, 40.436794000578708 ], [ 140.846791999680107, 40.436853720806944 ], [ 140.847064500631404, 40.437439557573967 ], [ 140.847123388593445, 40.437630943730099 ], [ 140.847138110893582, 40.437900943017027 ], [ 140.847263361597271, 40.438368443967292 ], [ 140.847254193830565, 40.438428444512709 ], [ 140.847241417165236, 40.438514833673651 ], [ 140.847123360727892, 40.438655666923431 ], [ 140.846895027915451, 40.438852611911699 ], [ 140.846784471646345, 40.439038444778689 ], [ 140.846762251654951, 40.439139832492273 ], [ 140.846666693245311, 40.439421499783698 ], [ 140.846504473003762, 40.439702889925371 ], [ 140.846349751072751, 40.439911221809105 ], [ 140.846084472253352, 40.44028261197704 ], [ 140.845833915734119, 40.440474278450345 ], [ 140.845671972290404, 40.440564276892893 ], [ 140.845532249457307, 40.440620665781132 ], [ 140.845348083545247, 40.440733166407853 ], [ 140.845230027107931, 40.440812057480258 ], [ 140.844986970756878, 40.44105983331648 ], [ 140.844891140503307, 40.441138721221456 ], [ 140.844883917132933, 40.441155667740915 ], [ 140.844728917165611, 40.441290668176237 ], [ 140.844412250552381, 40.441544306917464 ], [ 140.844299027859535, 40.441660695559257 ], [ 140.84429319467057, 40.441666666948599 ], [ 140.844242805701981, 40.441718471779957 ], [ 140.844198639420824, 40.441763470605302 ], [ 140.844132250052098, 40.441847915758707 ], [ 140.844058638551445, 40.441977639262781 ], [ 140.844065861302624, 40.442129583841989 ], [ 140.844132250052098, 40.442242082885002 ], [ 140.844235277668218, 40.442337914933866 ], [ 140.844338609947698, 40.442399861070527 ], [ 140.844640554260792, 40.442523747800855 ], [ 140.844817498660177, 40.44260819295426 ], [ 140.84495750014878, 40.442642082825749 ], [ 140.845133889094797, 40.442692638107665 ], [ 140.845251943674413, 40.442754582660612 ], [ 140.845318056245333, 40.442833471357453 ], [ 140.845355001013786, 40.442951805590489 ], [ 140.845362500562771, 40.443053193304074 ], [ 140.845340278094426, 40.44316013826608 ], [ 140.845288611025836, 40.443233194940312 ], [ 140.845237221374305, 40.443255972690515 ], [ 140.845178333412235, 40.443284027371973 ], [ 140.844846667081839, 40.443323470532611 ], [ 140.84470694424877, 40.443379862588266 ], [ 140.844544721530298, 40.443413472142581 ], [ 140.844441667906324, 40.443447362014076 ], [ 140.844345832698878, 40.443503750902309 ], [ 140.844228054297844, 40.443542918496902 ], [ 140.843859721235248, 40.443542918496902 ], [ 140.843579721354217, 40.443599307385142 ], [ 140.843336388205358, 40.443655693105946 ], [ 140.843122778312278, 40.443717638450757 ], [ 140.843071110624436, 40.443751250380636 ], [ 140.842518611649808, 40.444184860667562 ], [ 140.842406111603594, 40.444276527551608 ], [ 140.842076389669501, 40.444545139506069 ], [ 140.841693334926049, 40.444888748974876 ], [ 140.841673610449647, 40.444908862128194 ], [ 140.841666665734778, 40.444915942908395 ], [ 140.841428332904485, 40.445159029370835 ], [ 140.841124720992894, 40.445470137884328 ], [ 140.841060001080365, 40.445535970452347 ], [ 140.840721110141089, 40.445924584289493 ], [ 140.840669444310976, 40.446003500701302 ], [ 140.840499999460576, 40.446177943505404 ], [ 140.840330555229428, 40.446313221882328 ], [ 140.840153610830043, 40.446476557316288 ], [ 140.840035833667486, 40.446628500311782 ], [ 140.839969443679507, 40.446797389826735 ], [ 140.839888332010673, 40.446921278140778 ], [ 140.839785277148223, 40.447011556900499 ], [ 140.839785277148223, 40.447017110189648 ], [ 140.839755833786427, 40.447022665854355 ], [ 140.839652777685529, 40.447118500278798 ], [ 140.839608332129615, 40.447202945432203 ], [ 140.839593583202401, 40.447467666204169 ], [ 140.839718862390896, 40.44771516726621 ], [ 140.839807472370239, 40.44794600054226 ], [ 140.8398221934319, 40.448047389839552 ], [ 140.839811081888115, 40.448110444575214 ], [ 140.83978525114037, 40.448182389483016 ], [ 140.839630529209359, 40.448436001301125 ], [ 140.839483305588828, 40.448621833376258 ], [ 140.839409417290341, 40.448734333211121 ], [ 140.839335805170464, 40.448959609238742 ], [ 140.839328582419313, 40.449077944263635 ], [ 140.839313582702147, 40.449111555401664 ], [ 140.839306359950967, 40.449184890809356 ], [ 140.839269417659438, 40.449353779532458 ], [ 140.839262194289063, 40.449640998529311 ], [ 140.839343305957925, 40.449933777942022 ], [ 140.839349388698366, 40.449994057220891 ], [ 140.83934997201726, 40.450000000103401 ], [ 140.839358027638809, 40.450079889706764 ], [ 140.839387472858306, 40.450164611218064 ], [ 140.839446360820347, 40.450265720198182 ], [ 140.839542194789345, 40.450367111079188 ], [ 140.839601082751386, 40.450457389838917 ], [ 140.839608306741013, 40.450530444929434 ], [ 140.839578861521517, 40.450631834226726 ], [ 140.839601082751386, 40.450722109819026 ], [ 140.839659971951903, 40.450812110637145 ], [ 140.839792749450879, 40.450924636603268 ], [ 140.839902749028198, 40.450975472202359 ], [ 140.840433278801385, 40.451149918173883 ], [ 140.841022720686794, 40.451330194584301 ], [ 140.841251333393245, 40.451409082489285 ], [ 140.841604944155677, 40.451606027477553 ], [ 140.841666665734778, 40.451643471992554 ], [ 140.841673555337792, 40.451647665664211 ], [ 140.842069111806495, 40.451887694768978 ], [ 140.84299716659487, 40.452552138331946 ], [ 140.843579390682976, 40.453053527569992 ], [ 140.843652999706705, 40.453115472122938 ], [ 140.844161305153875, 40.453616581835668 ], [ 140.844389639824016, 40.453926027450656 ], [ 140.84441908256656, 40.45400491535564 ], [ 140.844418806387978, 40.454201861135765 ], [ 140.844374638249121, 40.454410193019491 ], [ 140.844404083468618, 40.454506027443934 ], [ 140.844477973624777, 40.454629917341684 ], [ 140.844499917437616, 40.454742693534442 ], [ 140.844492693447989, 40.454838250017275 ], [ 140.844487693748675, 40.454991581137094 ], [ 140.844485193899004, 40.455069081709603 ], [ 140.844529360180161, 40.45517630698879 ], [ 140.84460325033632, 40.455266307806909 ], [ 140.844625194149131, 40.455345193336321 ], [ 140.844625194149131, 40.455457693171184 ], [ 140.84460325033632, 40.455570470947649 ], [ 140.84433797151695, 40.456116582653152 ], [ 140.844323249836037, 40.456212417077587 ], [ 140.844278805518599, 40.456409082540539 ], [ 140.844234639856694, 40.456487972821087 ], [ 140.84408741747464, 40.456640221473165 ], [ 140.8439326955436, 40.456831611588576 ], [ 140.843792694054997, 40.456977999711221 ], [ 140.843645194875108, 40.457067998945625 ], [ 140.843343527979073, 40.457253833396322 ], [ 140.843049361251246, 40.457553832955959 ], [ 140.842938250148023, 40.457642443274189 ], [ 140.84290130537957, 40.45765938900179 ], [ 140.842805471410571, 40.457687442099534 ], [ 140.842739360078127, 40.457681888018534 ], [ 140.842562416297994, 40.457664942290933 ], [ 140.841729916823084, 40.457603000113558 ], [ 140.841673528091462, 40.457595637432469 ], [ 140.841666665734778, 40.457594748969555 ], [ 140.841427694473708, 40.457563554577355 ], [ 140.841354082353831, 40.457574943848385 ], [ 140.841206583793195, 40.457653833337076 ], [ 140.840764639849198, 40.457957445345748 ], [ 140.840742417380852, 40.457985777968808 ], [ 140.84042602818468, 40.45828966791909 ], [ 140.840383193876932, 40.458327445013794 ], [ 140.840376500571267, 40.458333333258203 ], [ 140.840042666920141, 40.458627720931318 ], [ 140.839917667006404, 40.458751610829076 ], [ 140.839674332619097, 40.459033278120501 ], [ 140.839563776969214, 40.459134387892476 ], [ 140.839490167945513, 40.459179665451281 ], [ 140.839129056395592, 40.45934855496624 ], [ 140.839003778445601, 40.459433000119645 ], [ 140.838915444025588, 40.459551055619222 ], [ 140.838723777945319, 40.45974800060749 ], [ 140.838605999544285, 40.459922749860027 ], [ 140.83846683278378, 40.46006469408438 ], [ 140.838407110093641, 40.460125248137437 ], [ 140.838193498962085, 40.460356360146946 ], [ 140.838104888982713, 40.460502749853305 ], [ 140.837957667839135, 40.460728027464633 ], [ 140.837788222988735, 40.460896917771443 ], [ 140.837596556289242, 40.461048859975087 ], [ 140.837264889958846, 40.46152719352132 ], [ 140.83717655677728, 40.461713028763874 ], [ 140.837154611106769, 40.46174135901137 ], [ 140.837124889089466, 40.461831359829489 ], [ 140.83711016678933, 40.462107473831772 ], [ 140.836999889175729, 40.462338306315957 ], [ 140.836535444107881, 40.463205526889801 ], [ 140.836321832976324, 40.463543333634689 ], [ 140.836181832106973, 40.463841666336542 ], [ 140.836130443693889, 40.463943057217548 ], [ 140.836078749998222, 40.464128890084531 ], [ 140.836078749998222, 40.464342777632979 ], [ 140.836100693191781, 40.464449722594985 ], [ 140.836211249460916, 40.464798888520356 ], [ 140.836240694680384, 40.465035556986436 ], [ 140.836285139617075, 40.465277499216342 ], [ 140.83629985944026, 40.465305834214973 ], [ 140.836307082810663, 40.465378888513634 ], [ 140.836365971391928, 40.465609721789683 ], [ 140.836410416328619, 40.466009722522287 ], [ 140.836461807218626, 40.466212501116878 ], [ 140.836491249961171, 40.466375556233658 ], [ 140.836447084299266, 40.466544442581188 ], [ 140.836386916998748, 40.466660832806689 ], [ 140.83638388956129, 40.466666665621155 ], [ 140.836336528030159, 40.466758334880772 ], [ 140.836159860428609, 40.467017499196167 ], [ 140.836149861649204, 40.467034721281664 ], [ 140.836078749998222, 40.467158055296203 ], [ 140.835916528518197, 40.467389168097569 ], [ 140.835769306136143, 40.467687529306247 ], [ 140.835665970760488, 40.467794472684545 ], [ 140.835496527767788, 40.467935306726183 ], [ 140.835201806205845, 40.468121139593173 ], [ 140.834973472154928, 40.468284471859704 ], [ 140.834671499357057, 40.468593918266549 ], [ 140.834465112215128, 40.468909195112282 ], [ 140.834332333477676, 40.469072527378813 ], [ 140.83411150021422, 40.469264193852119 ], [ 140.833728166815206, 40.469523084977048 ], [ 140.833367610718653, 40.469861139572998 ], [ 140.833340112372412, 40.469899470967206 ], [ 140.833333332993163, 40.469908944737533 ], [ 140.833323166401215, 40.469923083334088 ], [ 140.83324233400711, 40.470086139242724 ], [ 140.833043443937243, 40.470356693621014 ], [ 140.832763444056184, 40.470868639888984 ], [ 140.832557054437331, 40.471246166944255 ], [ 140.832394832957334, 40.471471442971875 ], [ 140.832252055440478, 40.471602277450515 ], [ 140.831952889013337, 40.471797832730751 ], [ 140.831834831337545, 40.471882557409472 ], [ 140.831805389214225, 40.471893666363329 ], [ 140.831606500382804, 40.472045610150687 ], [ 140.831451778451765, 40.472214776815392 ], [ 140.831334000050731, 40.472310333298225 ], [ 140.830914000538797, 40.472788667636308 ], [ 140.830729832769038, 40.473075889008733 ], [ 140.830648721719399, 40.473250612130009 ], [ 140.830604555438242, 40.473396999460796 ], [ 140.830575110837998, 40.473594221598816 ], [ 140.830530666520559, 40.473678666752221 ], [ 140.830354000157456, 40.473892555884376 ], [ 140.830287610169506, 40.474055888150907 ], [ 140.830250667877976, 40.47411227703914 ], [ 140.830118139311253, 40.474500639857794 ], [ 140.829970916929199, 40.47481036024697 ], [ 140.829889805260336, 40.474928415746547 ], [ 140.829822805326415, 40.474994249106416 ], [ 140.829816944891149, 40.474999999567814 ], [ 140.829683416879959, 40.475131194341131 ], [ 140.829373971779432, 40.475378973344782 ], [ 140.828946749516319, 40.475756192367896 ], [ 140.828681471935397, 40.476060361843494 ], [ 140.828445638335523, 40.476392581249407 ], [ 140.828195082435514, 40.477113139718284 ], [ 140.828172861205644, 40.477158167842319 ], [ 140.828047583255625, 40.477586222464531 ], [ 140.827985360096591, 40.478141777057957 ], [ 140.827988692816632, 40.47818872226641 ], [ 140.827973971754972, 40.478368997884971 ], [ 140.827996194842541, 40.47917955638011 ], [ 140.828018139274604, 40.479280944093695 ], [ 140.828047583255625, 40.4793653892471 ], [ 140.828077305272927, 40.479410667597762 ], [ 140.828165639692941, 40.479585110401864 ], [ 140.828217278276753, 40.479782333331741 ], [ 140.82823199871919, 40.480007333793324 ], [ 140.82829089039663, 40.480193444601916 ], [ 140.828379221101244, 40.480311499309636 ], [ 140.828511999838696, 40.480435388415529 ], [ 140.828600333020233, 40.480503167366656 ], [ 140.828813667353955, 40.480621221282519 ], [ 140.828961166533844, 40.480666223275293 ], [ 140.829189499346285, 40.480677610170751 ], [ 140.829285333315283, 40.480694555898353 ], [ 140.829683112835824, 40.480717055706954 ], [ 140.829852555209271, 40.480739556307412 ], [ 140.830051444659944, 40.480801497692937 ], [ 140.830358666708634, 40.480929556714791 ], [ 140.830483944658624, 40.480918167443761 ], [ 140.830581833247663, 40.480992612242311 ], [ 140.830631167040679, 40.481047887780406 ], [ 140.830706416416575, 40.481048806333867 ], [ 140.830802332124506, 40.481084081162251 ], [ 140.83084841679414, 40.481128861435224 ], [ 140.83086700064058, 40.481199832359614 ], [ 140.830893221506045, 40.48119252669219 ], [ 140.831028944084295, 40.481267332577275 ], [ 140.831066361328681, 40.481348888246572 ], [ 140.831146722485329, 40.481329277130222 ], [ 140.831293944867383, 40.481385666018461 ], [ 140.831301444416368, 40.48145900221801 ], [ 140.831419221578926, 40.481464557882724 ], [ 140.831529777228809, 40.4815489998687 ], [ 140.831515055547925, 40.48158844619676 ], [ 140.831616999503666, 40.48160044361353 ], [ 140.831707917369982, 40.481657167457037 ], [ 140.831715416918968, 40.481696721477569 ], [ 140.831788277288155, 40.48169863777013 ], [ 140.83184555647901, 40.481736305588647 ], [ 140.831868583952172, 40.481807332734846 ], [ 140.831955806227029, 40.481810192920271 ], [ 140.832010610337591, 40.481842111069255 ], [ 140.832064832986958, 40.481927389255624 ], [ 140.832192527809184, 40.481922138455637 ], [ 140.832282194202605, 40.481991722839417 ], [ 140.832301472830153, 40.482038416237529 ], [ 140.832371277277105, 40.482051249854685 ], [ 140.832450305221897, 40.482092806480132 ], [ 140.832495027575618, 40.482162638714982 ], [ 140.832609140108445, 40.482156168456093 ], [ 140.832724361071001, 40.482209556208453 ], [ 140.832788499522337, 40.482299138926379 ], [ 140.83288383314985, 40.482327222114669 ], [ 140.832972888358825, 40.482401081731318 ], [ 140.833010221387326, 40.482472082746256 ], [ 140.833109277233376, 40.482486362293258 ], [ 140.833174055973188, 40.482532110214784 ], [ 140.833226388099632, 40.482583112895583 ], [ 140.833235110017512, 40.482654556558266 ], [ 140.833296778342429, 40.482647887543415 ], [ 140.833333332993163, 40.482659390049918 ], [ 140.833339139555022, 40.48266122398941 ], [ 140.833340027537304, 40.482661942203187 ], [ 140.833436971793731, 40.482740305899213 ], [ 140.833449415930147, 40.482809389037875 ], [ 140.833528528090824, 40.482827473455025 ], [ 140.833606999963024, 40.482894168354697 ], [ 140.833653807279291, 40.482965610433666 ], [ 140.833716721504032, 40.48298180627323 ], [ 140.833815749484558, 40.483083777584994 ], [ 140.833806417001455, 40.48313708377615 ], [ 140.833879361586554, 40.48317047240252 ], [ 140.833977166578933, 40.483281472461307 ], [ 140.833952860386518, 40.48332722117469 ], [ 140.833953442466964, 40.483327637691175 ], [ 140.833961556296543, 40.483333331138908 ], [ 140.834032027659077, 40.48338291718855 ], [ 140.834054443947792, 40.483430081741233 ], [ 140.834005305832875, 40.483452360621889 ], [ 140.834042249362881, 40.48351986083955 ], [ 140.834037639162062, 40.483577778802555 ], [ 140.834094332557072, 40.483633055132501 ], [ 140.834088722292535, 40.483725000750013 ], [ 140.833979749406012, 40.483777639406199 ], [ 140.83399591699947, 40.483834139154332 ], [ 140.833854499940799, 40.483935610012836 ], [ 140.833808417748116, 40.483937082865801 ], [ 140.833678250322549, 40.484029501221599 ], [ 140.833584194175785, 40.484035693538878 ], [ 140.833447776816456, 40.48413527740351 ], [ 140.833342251208364, 40.484145138391632 ], [ 140.833340027537304, 40.484149833308408 ], [ 140.833333332993163, 40.484163998828087 ], [ 140.833321027565262, 40.484190056447623 ], [ 140.833275556557027, 40.484216749136024 ], [ 140.833215778755033, 40.484231028683027 ], [ 140.833155332798981, 40.484230556736591 ], [ 140.833103278708819, 40.484273971849078 ], [ 140.833080611010871, 40.484285804559711 ], [ 140.833012723094669, 40.484272000918423 ], [ 140.832967860793957, 40.484274387573706 ], [ 140.832954056818579, 40.484306417374441 ], [ 140.832885027653191, 40.484328694671383 ], [ 140.832796972507936, 40.484319584363163 ], [ 140.832760027120258, 40.484370418378539 ], [ 140.832686416858081, 40.484404027932854 ], [ 140.832623165769775, 40.484391580741629 ], [ 140.832476167550595, 40.484462082095163 ], [ 140.832414528948931, 40.484468778033133 ], [ 140.832327804538608, 40.484444582068058 ], [ 140.832268639778732, 40.484495139725546 ], [ 140.832180305358719, 40.484596527439123 ], [ 140.832143360590266, 40.484669859679393 ], [ 140.832099194928333, 40.484799306033715 ], [ 140.83208447138972, 40.485170971767687 ], [ 140.832099194928333, 40.485238472777205 ], [ 140.832106694477318, 40.485384860899842 ], [ 140.832077251115521, 40.485469332976372 ], [ 140.832069749708836, 40.485553776546062 ], [ 140.832099194928333, 40.485638499641077 ], [ 140.832217250127172, 40.485812945612601 ], [ 140.832276139327689, 40.485981834335696 ], [ 140.832305556062408, 40.486235165836632 ], [ 140.832379167563062, 40.486353500069669 ], [ 140.832570831785631, 40.48655627866426 ], [ 140.832696110974098, 40.486702388845295 ], [ 140.832769721855499, 40.48687127756839 ], [ 140.832784444774859, 40.48697266765754 ], [ 140.832769721855499, 40.487231831181084 ], [ 140.832725555574342, 40.487406277152608 ], [ 140.832703333106025, 40.487468221705555 ], [ 140.832644442667032, 40.487766834724582 ], [ 140.832637221773581, 40.48854350018081 ], [ 140.832710832654982, 40.488937667307098 ], [ 140.832762500342824, 40.489078501348736 ], [ 140.832887222220251, 40.489275721111191 ], [ 140.832968332650637, 40.489506582894066 ], [ 140.832999444230154, 40.489566028348122 ], [ 140.833042222187572, 40.489647416935703 ], [ 140.833130556607586, 40.489748804649288 ], [ 140.833333332993163, 40.489936778696062 ], [ 140.83333999967175, 40.489942944882081 ], [ 140.833373583235357, 40.489974082260623 ], [ 140.833506360734361, 40.490193528641207 ], [ 140.833631638684352, 40.490334362682844 ], [ 140.833904137777949, 40.49048658282809 ], [ 140.833992470959487, 40.490520194757977 ], [ 140.834154694297212, 40.490537140485579 ], [ 140.834486082591326, 40.490475195932632 ], [ 140.834618861328778, 40.490435750396429 ], [ 140.834847192902743, 40.490396307235791 ], [ 140.834987195629822, 40.490401859733083 ], [ 140.835104971553932, 40.490435750396429 ], [ 140.83523747163585, 40.49050325061409 ], [ 140.835406917105473, 40.49067241569508 ], [ 140.835495250287039, 40.490790472778372 ], [ 140.835583860266382, 40.490931305236295 ], [ 140.835789971848953, 40.491156583639487 ], [ 140.836062748978833, 40.491319640339981 ], [ 140.836202749848212, 40.491370192454468 ], [ 140.836423860528754, 40.491421028053558 ], [ 140.836711083780159, 40.491466026878904 ], [ 140.837049972861735, 40.491544917159459 ], [ 140.837182750360711, 40.491589917568518 ], [ 140.837449807002344, 40.491661029443357 ], [ 140.837471027549242, 40.491666665877425 ], [ 140.837690806256376, 40.49172519277802 ], [ 140.837764417137805, 40.4917532506269 ], [ 140.837882471098169, 40.491775750435501 ], [ 140.838044389772506, 40.491787137330967 ], [ 140.838221332933415, 40.491815193596139 ], [ 140.838331887964074, 40.491877138940943 ], [ 140.838390778403038, 40.491933527037318 ], [ 140.838464389284468, 40.492062971016068 ], [ 140.838538000785093, 40.492305195938719 ], [ 140.838545500334078, 40.492479640326529 ], [ 140.838567444766142, 40.492564082312512 ], [ 140.838597165544968, 40.492924639092628 ], [ 140.838751889952931, 40.493222971794481 ], [ 140.838840221896021, 40.493307416156028 ], [ 140.8390977206532, 40.493510192375048 ], [ 140.839237722761027, 40.493600473510341 ], [ 140.839563833319545, 40.493749361523733 ], [ 140.839959944622365, 40.493943805829396 ], [ 140.840298833703912, 40.494079083414469 ], [ 140.840564110665582, 40.494214083057933 ], [ 140.840630221998026, 40.494259081883278 ], [ 140.840939917888534, 40.494399915924916 ], [ 140.841212137707373, 40.494484361078328 ], [ 140.841477416526772, 40.494552136862026 ], [ 140.841646860757919, 40.494631028726289 ], [ 140.841666665734778, 40.494647222982138 ], [ 140.84167325005518, 40.494652611565144 ], [ 140.842059360720896, 40.494968529022735 ], [ 140.842339361840402, 40.495188249385642 ], [ 140.842501582701175, 40.49535713731688 ], [ 140.84271380674744, 40.495557694754183 ], [ 140.842906860532224, 40.495762418148168 ], [ 140.843002693262747, 40.495824360325543 ], [ 140.843179082827987, 40.495886306462204 ], [ 140.843628527559446, 40.496004636735961 ], [ 140.843650750027763, 40.496016026798848 ], [ 140.844070749539725, 40.496100471952253 ], [ 140.844284360671281, 40.496134080714711 ], [ 140.844903221149082, 40.496179362232809 ], [ 140.845205443498457, 40.496218529035545 ], [ 140.845404055532072, 40.496269361467213 ], [ 140.845499889501042, 40.496308806211559 ], [ 140.84581655549502, 40.496539637903894 ], [ 140.846044890165189, 40.49671436181702 ], [ 140.846133500144532, 40.496764917098936 ], [ 140.846229332875055, 40.496798806970425 ], [ 140.846376555257109, 40.496826861651883 ], [ 140.847024890058435, 40.496826861651883 ], [ 140.847194333051135, 40.496815471588995 ], [ 140.847555443362552, 40.49683241652474 ], [ 140.84762183335053, 40.496849362252341 ], [ 140.847769056351808, 40.496911306805295 ], [ 140.848255165338486, 40.497237970546493 ], [ 140.848350999307485, 40.497282972539267 ], [ 140.848564611677489, 40.497327971364612 ], [ 140.848652944859026, 40.497339360635642 ], [ 140.848792944489929, 40.497327971364612 ], [ 140.848866831549941, 40.497316862410756 ], [ 140.849470999450858, 40.49731099950575 ], [ 140.849611000320238, 40.497299887384465 ], [ 140.85000000033412, 40.497288555918956 ], [ 140.85000152674715, 40.497288500489006 ], [ 140.850006528923387, 40.497288749923776 ], [ 140.850237083549217, 40.497299887384465 ], [ 140.851025417362195, 40.497288500489006 ], [ 140.851165416993098, 40.497327943649637 ], [ 140.851349584143634, 40.497406833138328 ], [ 140.851725138099681, 40.497604055276348 ], [ 140.852049583536626, 40.497784056120729 ], [ 140.852196806537904, 40.497823501656931 ], [ 140.852336805549584, 40.497885445418021 ], [ 140.852476805180487, 40.49799238879632 ], [ 140.85257263791101, 40.498155721854701 ], [ 140.852631527111527, 40.498206557453798 ], [ 140.852716806228528, 40.498254331735929 ], [ 140.852852639030516, 40.498330444975977 ], [ 140.853036528144742, 40.498397942818073 ], [ 140.853419581649746, 40.49849933369908 ], [ 140.853493193769623, 40.498516277842967 ], [ 140.853905972388134, 40.498640166157003 ], [ 140.854333167404917, 40.498848500416308 ], [ 140.85452483410441, 40.498915998258397 ], [ 140.854848999647373, 40.498989334457946 ], [ 140.855136499696613, 40.499006277018125 ], [ 140.855939278392697, 40.499180722989649 ], [ 140.856373998966291, 40.49926516655934 ], [ 140.856624557343252, 40.499316001366573 ], [ 140.856771778486831, 40.499372112313203 ], [ 140.857000111299271, 40.499484889297818 ], [ 140.857132888798276, 40.49953544299602 ], [ 140.857243443209683, 40.499586277011396 ], [ 140.857523444329189, 40.499665166500094 ], [ 140.857700110692264, 40.499681832702372 ], [ 140.857965388273186, 40.499665166500094 ], [ 140.858164278343082, 40.499710168492861 ], [ 140.858333333075734, 40.499735887989708 ], [ 140.858339832561001, 40.49973688810438 ], [ 140.858385110987314, 40.499743777255318 ], [ 140.858628444136173, 40.499755167318213 ], [ 140.859018721630804, 40.499704331719116 ], [ 140.859202888781311, 40.499676278621372 ], [ 140.859659805815426, 40.499670722164808 ], [ 140.859770360846056, 40.499653779604628 ], [ 140.860271472026852, 40.49963127900417 ], [ 140.86050702882892, 40.499608749896879 ], [ 140.860735637819971, 40.49957486002539 ], [ 140.861126193350884, 40.499535416864759 ], [ 140.861376473072312, 40.499529861200045 ], [ 140.861678417385406, 40.499546806927647 ], [ 140.861877307455302, 40.499586250088278 ], [ 140.862267861747739, 40.499710139194178 ], [ 140.862547860390322, 40.499783195076553 ], [ 140.862680361710716, 40.499783195076553 ], [ 140.863129805822922, 40.499721249731742 ], [ 140.863358139873839, 40.499676528848006 ], [ 140.863387859414189, 40.499670695241683 ], [ 140.863579250554352, 40.49961430635345 ], [ 140.863741472034349, 40.499541251262933 ], [ 140.863844528135274, 40.4994848623747 ], [ 140.864065638815788, 40.499400417221295 ], [ 140.864485638327722, 40.499304863114034 ], [ 140.864691751148769, 40.499265417577831 ], [ 140.864949529180706, 40.499180972424426 ], [ 140.865192583054807, 40.499079581543413 ], [ 140.865347583022128, 40.499000693638436 ], [ 140.865443140193292, 40.498910692820317 ], [ 140.865570361301167, 40.49874041518104 ], [ 140.865590638134705, 40.498713472266012 ], [ 140.865818972185622, 40.498477084117106 ], [ 140.865907306605635, 40.49834761242338 ], [ 140.866010638885115, 40.498268722142832 ], [ 140.866157861267197, 40.498178724492142 ], [ 140.866253693997692, 40.498133441390337 ], [ 140.866393693628595, 40.498048999404354 ], [ 140.866489527597594, 40.497975942730122 ], [ 140.866666667055824, 40.49787844223976 ], [ 140.866673138675537, 40.497874861464979 ], [ 140.866747305629531, 40.497829554607485 ], [ 140.866975917097506, 40.497745111037794 ], [ 140.86716008177109, 40.497728444835509 ], [ 140.867476751480467, 40.497722610437336 ], [ 140.86762424942188, 40.497694554964021 ], [ 140.867926193734974, 40.49759872291515 ], [ 140.868383139253865, 40.497407333591596 ], [ 140.868662861098613, 40.497249556989779 ], [ 140.868847027629897, 40.497193446043148 ], [ 140.869252305460947, 40.497035667065767 ], [ 140.86953952871238, 40.496928721311896 ], [ 140.86984174982328, 40.496844276950348 ], [ 140.869922860872919, 40.496832886887461 ], [ 140.870630083636286, 40.496838720493784 ], [ 140.870865916616935, 40.496799277333146 ], [ 140.870991195186178, 40.496804832206003 ], [ 140.871057583935681, 40.496844276950348 ], [ 140.871094250667852, 40.496894833024122 ], [ 140.871145917117218, 40.497114557346315 ], [ 140.871256470909373, 40.497215945059892 ], [ 140.871381750717092, 40.49728900015041 ], [ 140.871484806198765, 40.497312610933584 ], [ 140.871875056447067, 40.497401777926882 ], [ 140.8721622778408, 40.497520082861236 ], [ 140.872206443502733, 40.497548137542694 ], [ 140.872390610653241, 40.497604528806498 ], [ 140.872700056992244, 40.497627027823242 ], [ 140.872803389890976, 40.4976495284237 ], [ 140.872994778554187, 40.497728417120534 ], [ 140.873083388533558, 40.497750919304707 ], [ 140.873274778435217, 40.497756471801992 ], [ 140.873473668505113, 40.497728417120534 ], [ 140.87400422180923, 40.497542584253544 ], [ 140.874158943121046, 40.497548137542694 ], [ 140.874269499390152, 40.497593139535461 ], [ 140.874446443789509, 40.497728417120534 ], [ 140.874600610267208, 40.497829804834119 ], [ 140.874711167774791, 40.497891750178923 ], [ 140.874865889086607, 40.497992861534605 ], [ 140.874999999797438, 40.498067500337982 ], [ 140.875006445409298, 40.498071083488327 ], [ 140.875028109328127, 40.498083138710619 ], [ 140.87529338876675, 40.498162027407453 ], [ 140.87566894519972, 40.498207027024662 ], [ 140.876074221792294, 40.498212582689369 ], [ 140.876265889111039, 40.498167580696602 ], [ 140.876560610672982, 40.498116750640506 ], [ 140.876973111255182, 40.498054806087552 ], [ 140.877422277331078, 40.49804397349159 ], [ 140.877584498811103, 40.498015917226425 ], [ 140.877842248977487, 40.498015917226425 ], [ 140.87800181889537, 40.498053380745979 ], [ 140.877735001278268, 40.497134740974857 ], [ 140.876146752728744, 40.491666677755269 ], [ 140.875006509809708, 40.487741024956108 ], [ 140.874999988651211, 40.48771858057745 ], [ 140.874452488756674, 40.485833663744231 ], [ 140.873726277786716, 40.483333327179622 ], [ 140.873724570557215, 40.483327522080131 ], [ 140.871305832567941, 40.475000002735236 ], [ 140.871304124719217, 40.474994146956938 ], [ 140.871170036920034, 40.474532562757915 ], [ 140.868885327283436, 40.466666679874571 ], [ 140.868883620053936, 40.466660772625602 ], [ 140.867887587560347, 40.463231461771599 ], [ 140.866673436527321, 40.459051440931432 ], [ 140.866666667055824, 40.459028118383998 ], [ 140.866464851722185, 40.458333329298924 ], [ 140.866463143873432, 40.458327399086116 ], [ 140.864605073800277, 40.451930386124687 ], [ 140.864044376160905, 40.450000004854537 ], [ 140.86404266831218, 40.449994022379208 ], [ 140.861623931561383, 40.44166665427889 ], [ 140.86132259162116, 40.44062930810221 ], [ 140.866666667055824, 40.437651102811088 ], [ 140.866673591955191, 40.437647255972557 ], [ 140.867860165379966, 40.436985994088722 ], [ 140.874414540828326, 40.433333328250797 ], [ 140.874425410251405, 40.433327272924679 ], [ 140.874999988651211, 40.433007058062238 ], [ 140.875006975474037, 40.433003162920464 ], [ 140.88009302951761, 40.430168765883735 ], [ 140.883333340589104, 40.428362991141412 ], [ 140.889367946082871, 40.425000006973839 ], [ 140.889378939352866, 40.424993871670218 ], [ 140.891666660946044, 40.423718974899394 ], [ 140.891673711549998, 40.423715052834496 ], [ 140.89199967720765, 40.42353339542646 ] ], [ [ 140.855488139435664, 40.430471999385034 ], [ 140.85546566679659, 40.430512806122437 ], [ 140.855448139364199, 40.43052561044091 ], [ 140.855381749376249, 40.430542556168511 ], [ 140.855359249490846, 40.430594777516355 ], [ 140.855319249419381, 40.430613388518033 ], [ 140.855254806304686, 40.430613388518033 ], [ 140.855206472575361, 40.430579501813966 ], [ 140.85522702744521, 40.430520057943625 ], [ 140.855287028171659, 40.430493389802777 ], [ 140.855339249455113, 40.430487277462994 ], [ 140.855379528182112, 40.430471999385034 ], [ 140.855419806289859, 40.430450332609396 ], [ 140.855488139435664, 40.430471999385034 ] ] ] } },
{ "type": "Feature", "properties": { "P12_001": 10316, "P12_002": "十和田八幡平国立公園", "P12_003": "05", "P12_004": "05209、05215、05303", "P12_005": "‐", "P12_006": "鹿角市　および　仙北市　および　小坂町", "P12_007": 1 }, "geometry": { "type": "Polygon", "coordinates": [ [ [ 140.87787200814887, 39.874300010545959 ], [ 140.877568991321624, 39.874177994180513 ], [ 140.877189985752523, 39.874061002144124 ], [ 140.876960005776311, 39.873969998043911 ], [ 140.876705990213168, 39.8738689888377 ], [ 140.87568399817107, 39.873529999059315 ], [ 140.87528999412325, 39.873442011140241 ], [ 140.874912013387217, 39.873361008186734 ], [ 140.874457985082046, 39.87327900274299 ], [ 140.87428601251645, 39.873244997260457 ], [ 140.874109008051335, 39.873209008177575 ], [ 140.873760995168709, 39.873127000358259 ], [ 140.873676002757264, 39.873077990780097 ], [ 140.873479994604736, 39.872963010059038 ], [ 140.872987987409488, 39.872683008041683 ], [ 140.872655003348058, 39.872380009721745 ], [ 140.872057011072741, 39.871912998930611 ], [ 140.871768992724242, 39.871673006251235 ], [ 140.871504014852803, 39.871486999967694 ], [ 140.870766004369557, 39.871166007502239 ], [ 140.870138014517579, 39.871016997542959 ], [ 140.868945010961824, 39.870961002207373 ], [ 140.868074993926513, 39.871078999901428 ], [ 140.866770011720007, 39.87153900117945 ], [ 140.866254993151671, 39.871593990065513 ], [ 140.865450993944421, 39.871483005051999 ], [ 140.8653869942016, 39.871478004478647 ], [ 140.864700997558259, 39.871422989461315 ], [ 140.864282990123684, 39.87138901011005 ], [ 140.863333008861076, 39.871395995867474 ], [ 140.862768990267114, 39.871209011641241 ], [ 140.861907012753278, 39.871109989202814 ], [ 140.861302997184026, 39.870868012131233 ], [ 140.860858005367845, 39.870720005454046 ], [ 140.860838004712861, 39.870712994357213 ], [ 140.859798002235465, 39.870483007575693 ], [ 140.859612987352932, 39.870414996610634 ], [ 140.859106012021442, 39.870290993477411 ], [ 140.858823986005149, 39.87030999407245 ], [ 140.858461005605534, 39.870333994448984 ], [ 140.857922013992948, 39.87010400608375 ], [ 140.857324984008045, 39.869613996614461 ], [ 140.856681003044457, 39.868663986659008 ], [ 140.856391989586086, 39.86762000789286 ], [ 140.856344012535857, 39.867492006676521 ], [ 140.856271006646551, 39.867297002528367 ], [ 140.855948984893416, 39.867023989435864 ], [ 140.854990991974887, 39.866719005139998 ], [ 140.854072996650871, 39.866061010455795 ], [ 140.853709985908779, 39.865900010206452 ], [ 140.853509009018637, 39.865800007449771 ], [ 140.853186986027055, 39.865751000247172 ], [ 140.852912009995464, 39.865796013325934 ], [ 140.852818011437535, 39.865838988166246 ], [ 140.850098990541312, 39.8670710130381 ], [ 140.84910500833314, 39.867469009582088 ], [ 140.847977994120612, 39.867739009660873 ], [ 140.847468999465463, 39.868009008155944 ], [ 140.846808994570836, 39.868563003584057 ], [ 140.84642498930242, 39.868768991572757 ], [ 140.84566499165993, 39.869123007618768 ], [ 140.845239003531162, 39.869469988812249 ], [ 140.845106004965487, 39.869707993140125 ], [ 140.845031009475747, 39.870204008840439 ], [ 140.844563006286478, 39.870558001922603 ], [ 140.844076992661911, 39.870871002181111 ], [ 140.843894989735929, 39.870988999083309 ], [ 140.84333599994531, 39.871118005165457 ], [ 140.843159991209262, 39.871220997180167 ], [ 140.843076985302105, 39.871342990581766 ], [ 140.843076985302105, 39.871484009917815 ], [ 140.843193993994646, 39.871593990065513 ], [ 140.843835989073199, 39.872134995088899 ], [ 140.844513011151008, 39.87250099984125 ], [ 140.844721006444928, 39.872764989729738 ], [ 140.844771000961146, 39.873010009113727 ], [ 140.844646011574412, 39.873299986938385 ], [ 140.844228998630427, 39.873583004345022 ], [ 140.842976001159798, 39.874085002520665 ], [ 140.842058005216586, 39.874516001265079 ], [ 140.841649002070795, 39.874606000499483 ], [ 140.840822987219525, 39.874716004402877 ], [ 140.840622010948636, 39.874747999361936 ], [ 140.840028987410903, 39.874927998622603 ], [ 140.839377986185838, 39.87533999518827 ], [ 140.838676990444554, 39.875551989407988 ], [ 140.838626001437717, 39.875561014195718 ], [ 140.837950004193004, 39.875680994698278 ], [ 140.837541996157086, 39.875718996680206 ], [ 140.837027007931226, 39.875536005785946 ], [ 140.836357003637971, 39.875204003348692 ], [ 140.835638990094282, 39.874817993927351 ], [ 140.835421991130801, 39.874785999760149 ], [ 140.835238001081336, 39.874792006783032 ], [ 140.834863001959434, 39.874863005422398 ], [ 140.83455399032303, 39.874857000775087 ], [ 140.834028011304127, 39.874857000775087 ], [ 140.833434987766395, 39.874998997261969 ], [ 140.833008999637656, 39.875095005102963 ], [ 140.832474013853016, 39.87515301096203 ], [ 140.832265989455095, 39.875325996750298 ], [ 140.832141000068361, 39.875570990003027 ], [ 140.832558013631569, 39.876259998536163 ], [ 140.832834013877005, 39.876774990283963 ], [ 140.833359995372831, 39.877192994664362 ], [ 140.834035993236768, 39.877631005297467 ], [ 140.834418009524001, 39.878098997990577 ], [ 140.834878994928744, 39.878666993440376 ], [ 140.834978986438131, 39.878950011638871 ], [ 140.835006001781466, 39.87912699392654 ], [ 140.835037987100861, 39.879335996512673 ], [ 140.834871013615327, 39.879664000866811 ], [ 140.834469991782953, 39.880173011722995 ], [ 140.834295007260778, 39.880552990365771 ], [ 140.834019007015343, 39.881221992646203 ], [ 140.833743999402799, 39.881453993118626 ], [ 140.833343009151406, 39.881614989408689 ], [ 140.833158986282513, 39.881756008744738 ], [ 140.832993006668346, 39.881974990305594 ], [ 140.832749984375198, 39.882283994064693 ], [ 140.832474013853016, 39.882425993719004 ], [ 140.831180989683844, 39.882239006325335 ], [ 140.830246008138403, 39.882026008823523 ], [ 140.829678012201271, 39.882058003782575 ], [ 140.829461012618566, 39.882173989369441 ], [ 140.829442007692677, 39.882196005353762 ], [ 140.829252986982169, 39.882406012805703 ], [ 140.82909300031946, 39.882576010127806 ], [ 140.828876994608123, 39.882804010141541 ], [ 140.828709989541636, 39.883126009056518 ], [ 140.828690985854195, 39.883253003823327 ], [ 140.828535005019432, 39.884278011293127 ], [ 140.828501002234049, 39.88481200205225 ], [ 140.828368000572198, 39.885031006576945 ], [ 140.827924995879499, 39.885152999978551 ], [ 140.827649988886208, 39.885178006804608 ], [ 140.827298993151032, 39.885293993183332 ], [ 140.826914989121065, 39.885590003370275 ], [ 140.826231009943712, 39.886150006613121 ], [ 140.826005004833718, 39.886232994750699 ], [ 140.825804991472467, 39.88624598990657 ], [ 140.825044993829977, 39.886150006613121 ], [ 140.823842987223884, 39.885730997366913 ], [ 140.823701010996473, 39.885582993065299 ], [ 140.82364300234741, 39.88539701212116 ], [ 140.823593007831192, 39.884927006529004 ], [ 140.82362598578348, 39.88443099082869 ], [ 140.823358989826829, 39.883510989064504 ], [ 140.823116992366778, 39.883234004020153 ], [ 140.822721995066814, 39.883026006299829 ], [ 140.822139995760836, 39.8827189877248 ], [ 140.821864988148292, 39.88262899007411 ], [ 140.821613984541727, 39.882609009160809 ], [ 140.820362011904194, 39.882634994721414 ], [ 140.819761008291522, 39.882576988070497 ], [ 140.819535996433672, 39.882506996672504 ], [ 140.819411007046938, 39.882358989995325 ], [ 140.819293997115921, 39.882235990144196 ], [ 140.818884995208606, 39.882140010018176 ], [ 140.818409012563649, 39.882023998300042 ], [ 140.818025007295205, 39.882069010586953 ], [ 140.817849991192048, 39.882197989745976 ], [ 140.817473999437226, 39.882467989824761 ], [ 140.817132009848564, 39.882557989059173 ], [ 140.81694798883737, 39.882557989059173 ], [ 140.816806013229211, 39.882506996672504 ], [ 140.816506007739321, 39.8822559963969 ], [ 140.816221993980264, 39.881804992983497 ], [ 140.816112998801316, 39.881321995402892 ], [ 140.816054990152253, 39.881129004153777 ], [ 140.815913014544094, 39.880788004643762 ], [ 140.815896991851503, 39.88024800765362 ], [ 140.816022012199966, 39.879907008935461 ], [ 140.816023999323477, 39.879903991962465 ], [ 140.816155013242593, 39.879765010073015 ], [ 140.816130015365246, 39.879598003592655 ], [ 140.816004995636035, 39.87949500999423 ], [ 140.815638007550774, 39.879359998472921 ], [ 140.815510006207461, 39.879339992220217 ], [ 140.815220000116199, 39.879295004480859 ], [ 140.813965014902834, 39.879103997623957 ], [ 140.811230994289446, 39.879096005417011 ], [ 140.807713998718384, 39.879266002739108 ], [ 140.806579996444583, 39.879459999645889 ], [ 140.804617992196, 39.880059010528335 ], [ 140.80245600430942, 39.880718010078347 ], [ 140.801529996710286, 39.881058001555125 ], [ 140.800295009674954, 39.881388999126571 ], [ 140.799663014614254, 39.881625997004924 ], [ 140.799501009247081, 39.881686994497578 ], [ 140.799215008364541, 39.881643994317862 ], [ 140.798664000506591, 39.881186002771464 ], [ 140.798387999641903, 39.881067000211594 ], [ 140.798023992551521, 39.881016006241218 ], [ 140.797758984956857, 39.881023999240021 ], [ 140.79756098968079, 39.880913993752912 ], [ 140.797317997730147, 39.880471988204121 ], [ 140.796547007436885, 39.878441002366401 ], [ 140.79655101326486, 39.878352007205947 ], [ 140.796569987848272, 39.877993993868685 ], [ 140.796538996400244, 39.877886000488765 ], [ 140.796513998522897, 39.877793989147165 ], [ 140.795553988757604, 39.877300989627997 ], [ 140.793869009587553, 39.876068012152857 ], [ 140.792402985542736, 39.874759007750022 ], [ 140.791685996832143, 39.874367994587892 ], [ 140.791311992820027, 39.874282998302412 ], [ 140.790881998863341, 39.874333989897224 ], [ 140.790022009711464, 39.874461991113556 ], [ 140.78967998854182, 39.874470007868055 ], [ 140.788080996273806, 39.874206995922265 ], [ 140.78788399424991, 39.874045997256637 ], [ 140.787365002673056, 39.873619999877427 ], [ 140.787023013084365, 39.873432987936219 ], [ 140.786638015802282, 39.873271989270592 ], [ 140.786350989467422, 39.873042001697208 ], [ 140.786207990264614, 39.872872005958818 ], [ 140.786141008288496, 39.872642996328132 ], [ 140.786162994209235, 39.871929007100199 ], [ 140.785425012210766, 39.871674011908901 ], [ 140.785017004794071, 39.871622992599121 ], [ 140.784762989230927, 39.871622992599121 ], [ 140.784686008475404, 39.871571999420595 ], [ 140.784575987224883, 39.871409994305445 ], [ 140.784377990710368, 39.870696005077512 ], [ 140.784246015120061, 39.870194006901869 ], [ 140.784146987139536, 39.869394992881624 ], [ 140.784047988882293, 39.869174003172859 ], [ 140.783794004280878, 39.868978999024698 ], [ 140.783419998411091, 39.868782990010729 ], [ 140.783084003012306, 39.868364006103924 ], [ 140.782483992032553, 39.868009988474206 ], [ 140.782222991504284, 39.867857006563071 ], [ 140.782198985640605, 39.867714002834809 ], [ 140.782211004362921, 39.867369008409113 ], [ 140.782211004362921, 39.867363000594381 ], [ 140.782616994313656, 39.86638599942065 ], [ 140.782728009435516, 39.865816997521328 ], [ 140.7827159907132, 39.865228995818832 ], [ 140.782616000442289, 39.864365995839755 ], [ 140.782679006932966, 39.863397990946929 ], [ 140.782777011318842, 39.862952992180837 ], [ 140.783073010980786, 39.86262099132729 ], [ 140.783257000411027, 39.862345991467009 ], [ 140.78335599866827, 39.862032011682103 ], [ 140.783331000790923, 39.861766987629125 ], [ 140.783010996503776, 39.860885010810705 ], [ 140.783073010980786, 39.860657009213249 ], [ 140.783380002674249, 39.860420008167473 ], [ 140.784179996053552, 39.860287006377781 ], [ 140.784820004008623, 39.860315005629289 ], [ 140.785362006958565, 39.860164009694081 ], [ 140.785430013767808, 39.860131990187476 ], [ 140.786370988264679, 39.859689004320423 ], [ 140.786826011060469, 39.859509005059756 ], [ 140.787404005157754, 39.85930100733944 ], [ 140.787601005943174, 39.859149007330281 ], [ 140.78763799034266, 39.858959003755473 ], [ 140.787563991820463, 39.858750002753062 ], [ 140.787429003035101, 39.858608002306894 ], [ 140.785792000915279, 39.857506995624377 ], [ 140.783922006243415, 39.85647399911506 ], [ 140.783873004360089, 39.856321997522187 ], [ 140.7840819922869, 39.855932994091681 ], [ 140.785082993518074, 39.855162003078632 ], [ 140.786029993166608, 39.854612004149921 ], [ 140.786151007067872, 39.854462013080521 ], [ 140.786952988809162, 39.853463999204571 ], [ 140.787518995765083, 39.853103999891381 ], [ 140.788146983759361, 39.852744002161899 ], [ 140.78857800378762, 39.85234499758468 ], [ 140.788688987328527, 39.851955995737889 ], [ 140.788701006050843, 39.850940991790374 ], [ 140.788933004112266, 39.850485013934872 ], [ 140.789082991376347, 39.850191990630385 ], [ 140.789180995142999, 39.849157008936999 ], [ 140.788934991235777, 39.84868398874741 ], [ 140.78867600693502, 39.84830400852092 ], [ 140.788540987807181, 39.847953008656056 ], [ 140.787968987899802, 39.847166007889705 ], [ 140.787962994948373, 39.847156005951142 ], [ 140.787646997108396, 39.84663799960591 ], [ 140.787581008384393, 39.846528999776467 ], [ 140.787272991238609, 39.845409997364726 ], [ 140.787095986773494, 39.844876005813745 ], [ 140.786965005054526, 39.844479992870113 ], [ 140.786903986306584, 39.844156989881192 ], [ 140.786727013422421, 39.843830994466813 ], [ 140.786596000122529, 39.843588994431393 ], [ 140.786152993572131, 39.843047989408007 ], [ 140.785926989700641, 39.842896992680949 ], [ 140.785462990481619, 39.842588993787658 ], [ 140.784997006616038, 39.842279009710296 ], [ 140.785274001352064, 39.841739011136433 ], [ 140.785318004155329, 39.841654992001786 ], [ 140.785318004155329, 39.841653988719692 ], [ 140.785540003437347, 39.841335005985862 ], [ 140.785999002337803, 39.840674999986327 ], [ 140.7862029905653, 39.840380999531007 ], [ 140.786313011196569, 39.839888000011833 ], [ 140.786344996515965, 39.839392987593619 ], [ 140.786264009932495, 39.83870199546012 ], [ 140.786201996074709, 39.838571003402052 ], [ 140.785906990903356, 39.837942992361569 ], [ 140.785846001878667, 39.836975990750837 ], [ 140.786014000816522, 39.836533004883783 ], [ 140.785990989443434, 39.836254009315951 ], [ 140.785963009952013, 39.836120001076736 ], [ 140.786160011975909, 39.835167001071405 ], [ 140.786028998676016, 39.834571007953812 ], [ 140.785733000252549, 39.834202991886123 ], [ 140.785170999124574, 39.833828994134961 ], [ 140.785141000309437, 39.833809995123637 ], [ 140.784647998623598, 39.833353009234905 ], [ 140.784435005488064, 39.832819998002186 ], [ 140.784204993930899, 39.832486010380862 ], [ 140.783913993968298, 39.832216991412189 ], [ 140.78316101534881, 39.83170401097972 ], [ 140.783046988270343, 39.831494005111495 ], [ 140.783005003552319, 39.831247002127149 ], [ 140.783054006054897, 39.830550001387067 ], [ 140.783168996662226, 39.829217999889785 ], [ 140.783192006177615, 39.828869009756545 ], [ 140.783275012084772, 39.828588005248946 ], [ 140.783405001790072, 39.828356003984666 ], [ 140.783924987238294, 39.827898993548381 ], [ 140.785009987009545, 39.827417002417306 ], [ 140.786407009754527, 39.826935010494367 ], [ 140.786414991067943, 39.82693199431322 ], [ 140.787176013543501, 39.826704996789722 ], [ 140.787424997207125, 39.826630002442812 ], [ 140.787715002679164, 39.826573001449553 ], [ 140.787972993727749, 39.82655500651218 ], [ 140.788155989905846, 39.82655500651218 ], [ 140.788227008052445, 39.826551010804636 ], [ 140.788273992469783, 39.826503987994258 ], [ 140.788249988463804, 39.826421001440394 ], [ 140.788029014014853, 39.826206996697195 ], [ 140.787715002679164, 39.825960997786808 ], [ 140.787563991820463, 39.825807992119977 ], [ 140.787368014010383, 39.825587000827504 ], [ 140.787227002550338, 39.825372998459876 ], [ 140.786965005054526, 39.824854011004525 ], [ 140.786734994735838, 39.824092995798786 ], [ 140.786738006692445, 39.823722996130741 ], [ 140.786649006595326, 39.823532994931504 ], [ 140.786630002907913, 39.823493988083762 ], [ 140.786635001988003, 39.823407005030504 ], [ 140.786753004551912, 39.823360005975815 ], [ 140.78719601110231, 39.82334500108832 ], [ 140.788065998414339, 39.823319994262263 ], [ 140.788550987205809, 39.823237006916543 ], [ 140.788940984187207, 39.823117001074579 ], [ 140.789381009742755, 39.822914003927615 ], [ 140.790350988564171, 39.8223560120001 ], [ 140.790880010501382, 39.822089001971193 ], [ 140.791033009722042, 39.822024991464822 ], [ 140.791517998513513, 39.821822999183667 ], [ 140.791884987217998, 39.821678989005882 ], [ 140.792175986561404, 39.821621009278083 ], [ 140.792346002345994, 39.821598993293762 ], [ 140.792731000866553, 39.821616989814842 ], [ 140.793620986975839, 39.821428999139087 ], [ 140.794359991330481, 39.821264001598479 ], [ 140.794951989415864, 39.821010992383115 ], [ 140.795493992365806, 39.820630008874531 ], [ 140.796479995737513, 39.819805987236364 ], [ 140.796676002651594, 39.8196670037632 ], [ 140.79679801104345, 39.819630988549051 ], [ 140.797253004115959, 39.819616010584681 ], [ 140.797761996913437, 39.819463004126 ], [ 140.798353995618072, 39.81903200538158 ], [ 140.7987149895134, 39.818498995732575 ], [ 140.798797001549218, 39.817839993015134 ], [ 140.798861001292039, 39.817350989995369 ], [ 140.798945001070564, 39.817091998304669 ], [ 140.798999001414728, 39.817013986192904 ], [ 140.799034993800547, 39.81696198814857 ], [ 140.799190010487195, 39.816853993184935 ], [ 140.799466012590358, 39.816740998439805 ], [ 140.799678013092972, 39.816686986704575 ], [ 140.800424003651159, 39.816710990248538 ], [ 140.801146985932462, 39.816648005988093 ], [ 140.801557013292097, 39.816509000342954 ], [ 140.801945986059621, 39.816313996986651 ], [ 140.802657012161291, 39.815837005637064 ], [ 140.803379992584865, 39.815278008051884 ], [ 140.803988014601288, 39.815113991621395 ], [ 140.80446499297534, 39.815164006857231 ], [ 140.80485899702316, 39.815253001225827 ], [ 140.804911010243842, 39.815317992842317 ], [ 140.805073014372539, 39.815520008087304 ], [ 140.805318987937284, 39.815848994343419 ], [ 140.805565985715901, 39.815989005646223 ], [ 140.80607500947508, 39.816040001200314 ], [ 140.807192988437095, 39.81624299755542 ], [ 140.808325996220304, 39.816559993521473 ], [ 140.808686990734884, 39.816745999013158 ], [ 140.80872099352024, 39.816762989084722 ], [ 140.808813004954686, 39.816934996138443 ], [ 140.808917994305688, 39.817131005152412 ], [ 140.809099003979526, 39.817410001512101 ], [ 140.809641007548692, 39.817777011130261 ], [ 140.810543011141846, 39.818208989401086 ], [ 140.811330985798833, 39.818336008715448 ], [ 140.812004996539287, 39.818298009900943 ], [ 140.812531007758395, 39.818146007516212 ], [ 140.813073010089084, 39.817853991453106 ], [ 140.81387800316773, 39.817180992673265 ], [ 140.814978995908291, 39.816344003594203 ], [ 140.815182985374236, 39.816092000828363 ], [ 140.815274994950983, 39.815976993976037 ], [ 140.815520998238981, 39.815926000005661 ], [ 140.8160799880296, 39.815963998820166 ], [ 140.816523986593666, 39.816065988344633 ], [ 140.817576009651077, 39.816459011238379 ], [ 140.81765798948669, 39.81648399351689 ], [ 140.818019014343776, 39.816597994711543 ], [ 140.818050999663171, 39.816596989053878 ], [ 140.818463012907813, 39.816586006005195 ], [ 140.819398988943846, 39.816268004381485 ], [ 140.821305998976896, 39.815430990754869 ], [ 140.822505989355477, 39.814784002083186 ], [ 140.823015014353132, 39.814175994919843 ], [ 140.823084013795267, 39.813999992950436 ], [ 140.823087988661484, 39.813989987844437 ], [ 140.823543010838023, 39.812823989545429 ], [ 140.823639990390831, 39.812577011108637 ], [ 140.823756005831257, 39.812277004422292 ], [ 140.823933009057896, 39.811823010167146 ], [ 140.823959000187386, 39.811709008972493 ], [ 140.824082996321977, 39.811182003970792 ], [ 140.824194012682312, 39.810941988327585 ], [ 140.82433098735271, 39.810646003480052 ], [ 140.824396012547851, 39.810504003825741 ], [ 140.824438991137242, 39.810411993276006 ], [ 140.824512991517139, 39.810250994610378 ], [ 140.824593014571747, 39.810078008030253 ], [ 140.82501999595263, 39.809748998018449 ], [ 140.825182993952694, 39.809718988243468 ], [ 140.825989013102884, 39.809571988015804 ], [ 140.826662992262385, 39.809520994837285 ], [ 140.827386004266913, 39.809585008511085 ], [ 140.828108986548187, 39.809889010904975 ], [ 140.828601985757103, 39.810016005671784 ], [ 140.82922600198134, 39.809268011753176 ], [ 140.830147009261907, 39.808633992106103 ], [ 140.83096799469061, 39.807922992136191 ], [ 140.831889003209653, 39.807187010679627 ], [ 140.832496993025899, 39.806934000672399 ], [ 140.832825009588191, 39.806870993448122 ], [ 140.833202989704972, 39.806888009650947 ], [ 140.833383998759587, 39.806896001857893 ], [ 140.834107010144891, 39.806793989369595 ], [ 140.834863001959434, 39.806617003914496 ], [ 140.835486984744989, 39.806311996654799 ], [ 140.838198987856657, 39.805017995555737 ], [ 140.838493994266457, 39.80495498833146 ], [ 140.839004012516227, 39.805296993499141 ], [ 140.839414008914133, 39.805462994321836 ], [ 140.839694015606767, 39.805575989066973 ], [ 140.840401004299508, 39.805525999962406 ], [ 140.841091006770796, 39.805247004394573 ], [ 140.841633010339962, 39.804929001187148 ], [ 140.841862990316173, 39.804447990374321 ], [ 140.84198801128386, 39.804124007067138 ], [ 140.842126012025801, 39.803761998022324 ], [ 140.842173989076059, 39.803684990776368 ], [ 140.842301990419372, 39.803480009237191 ], [ 140.842536999818151, 39.803102996096747 ], [ 140.84269301285309, 39.802874995291148 ], [ 140.842866010251782, 39.802621003381951 ], [ 140.843292991632666, 39.802391997710544 ], [ 140.843342987387359, 39.802101013436364 ], [ 140.843507011458996, 39.801365004264824 ], [ 140.843687988313405, 39.800972007502338 ], [ 140.843848005318591, 39.800813999678446 ], [ 140.844049014408938, 39.800617010346215 ], [ 140.844361006420939, 39.800464003095676 ], [ 140.844641012494321, 39.800388003882951 ], [ 140.845116995758531, 39.800350003484738 ], [ 140.845495008694741, 39.800172993482093 ], [ 140.845742004615659, 39.799995005536758 ], [ 140.846448000056256, 39.799068997541546 ], [ 140.847187998901489, 39.79827000727699 ], [ 140.847450987172465, 39.797611007726978 ], [ 140.847403010122207, 39.797531011223001 ], [ 140.847172006551403, 39.797141002926679 ], [ 140.847122009558234, 39.79690000696521 ], [ 140.847216008116163, 39.796532997347043 ], [ 140.847352985263512, 39.796000010661878 ], [ 140.847517008096673, 39.795441992603095 ], [ 140.847517008096673, 39.795099009492731 ], [ 140.847319012820606, 39.79487100631156 ], [ 140.847187998901489, 39.794603999450082 ], [ 140.847253986387017, 39.794261994282401 ], [ 140.847499990294267, 39.793906997918135 ], [ 140.8476850051768, 39.793763994189881 ], [ 140.848010008544037, 39.793513999571942 ], [ 140.848256012451287, 39.79326001003831 ], [ 140.848239988520248, 39.792994006458926 ], [ 140.8480429877348, 39.792829012085754 ], [ 140.847665006998767, 39.79273999158589 ], [ 140.847335999042059, 39.792587009674762 ], [ 140.84717601237935, 39.7926060102698 ], [ 140.847008014060748, 39.792625990391237 ], [ 140.846481009589496, 39.792663992373171 ], [ 140.846235006301498, 39.79253699602264 ], [ 140.846136008663478, 39.792131007271713 ], [ 140.845856995222988, 39.791787998030081 ], [ 140.845151000401614, 39.79159799445528 ], [ 140.843951010023034, 39.791407993256044 ], [ 140.843177007773193, 39.790829994283968 ], [ 140.842947990087396, 39.790658992096056 ], [ 140.841979004518123, 39.789923991749603 ], [ 140.841008995354201, 39.789315005059855 ], [ 140.840023987092337, 39.78851599103961 ], [ 140.8391199963757, 39.787576988680385 ], [ 140.838906008130351, 39.786968002782487 ], [ 140.838660004223101, 39.786347001255123 ], [ 140.838232990642041, 39.786093011721498 ], [ 140.837985994721123, 39.785903010522262 ], [ 140.83744299728059, 39.784900998563195 ], [ 140.836950990085342, 39.784381008617608 ], [ 140.836851993685798, 39.784178012262501 ], [ 140.836885996471153, 39.78377800123576 ], [ 140.836900994949872, 39.783595011925215 ], [ 140.836638998073312, 39.783353989832484 ], [ 140.836013989216212, 39.78294800108155 ], [ 140.835027988321457, 39.782160999523349 ], [ 140.834813998837632, 39.781894997527672 ], [ 140.834616998052184, 39.780893011699867 ], [ 140.834337984611693, 39.780741010106993 ], [ 140.833482996397606, 39.780448996419459 ], [ 140.83174100244986, 39.779536006543957 ], [ 140.830376990476594, 39.778761998557911 ], [ 140.829768998183397, 39.778166004648462 ], [ 140.829348009134719, 39.777718996942603 ], [ 140.82876600982874, 39.777100009106142 ], [ 140.828011013743264, 39.776251005189472 ], [ 140.827534003788259, 39.775857001977464 ], [ 140.826547008402912, 39.775312003622105 ], [ 140.825561999521824, 39.774336006522333 ], [ 140.82515101111025, 39.774412007318766 ], [ 140.823852986003288, 39.774550987624501 ], [ 140.822636009403254, 39.774615001298301 ], [ 140.822193004710584, 39.774550987624501 ], [ 140.822100993276138, 39.774436009279015 ], [ 140.822042985246298, 39.774362996948746 ], [ 140.821798006172145, 39.774056004504978 ], [ 140.82127299006288, 39.773498010993748 ], [ 140.820991989498907, 39.773242012520356 ], [ 140.820857000713545, 39.773119012669234 ], [ 140.820467996984263, 39.77276200498963 ], [ 140.81951400989368, 39.771862008686291 ], [ 140.819299991305826, 39.771328997453573 ], [ 140.819053988017828, 39.770264005193347 ], [ 140.818528007141225, 39.769135000051179 ], [ 140.818149996681939, 39.768284992852408 ], [ 140.81793600843659, 39.767638004180725 ], [ 140.817360996572631, 39.766776008275606 ], [ 140.816867994886792, 39.766280999024815 ], [ 140.816112004929948, 39.765493999050321 ], [ 140.816183985366933, 39.765363988102365 ], [ 140.816191003151488, 39.765350995322066 ], [ 140.816556003494014, 39.764695008785772 ], [ 140.81671999598467, 39.764188010828626 ], [ 140.816571995224848, 39.763642006023751 ], [ 140.816112004929948, 39.762894011313286 ], [ 140.8157499855823, 39.762538988817752 ], [ 140.814583999227551, 39.761841007759408 ], [ 140.813416988039734, 39.761396990103428 ], [ 140.812923986353894, 39.76107999572109 ], [ 140.812068998139807, 39.760331997843203 ], [ 140.811197985375458, 39.759685012338942 ], [ 140.810459011363321, 39.759481990644431 ], [ 140.809785001242091, 39.759465002156581 ], [ 140.808979014911358, 39.759443991829926 ], [ 140.808646000507451, 39.759404004663921 ], [ 140.808453997563618, 39.759381007569488 ], [ 140.807730983701362, 39.758721003945517 ], [ 140.806875996106527, 39.758176002422736 ], [ 140.805988992230567, 39.757173995214806 ], [ 140.805315012451842, 39.756652997235982 ], [ 140.805323987636598, 39.756448994431352 ], [ 140.805331005421152, 39.75629900415381 ], [ 140.805907012394925, 39.755322001396372 ], [ 140.806333992537361, 39.754447013502805 ], [ 140.806826994223201, 39.753774992665662 ], [ 140.806990986713856, 39.753140999149849 ], [ 140.806860997008584, 39.752797010381819 ], [ 140.806815008320314, 39.752149997162583 ], [ 140.806683001149025, 39.750896009360787 ], [ 140.806485999744353, 39.75036699462747 ], [ 140.806117988064472, 39.749248997873394 ], [ 140.806065010695676, 39.749056006624279 ], [ 140.806012996236547, 39.748294990626675 ], [ 140.806051999959692, 39.747615003713847 ], [ 140.805986011235689, 39.747341010303082 ], [ 140.805840992089969, 39.747025999521107 ], [ 140.805302995587226, 39.746355009681032 ], [ 140.804488003109952, 39.745521992553819 ], [ 140.803712012498153, 39.744759999405389 ], [ 140.803462005239908, 39.744638006003782 ], [ 140.803407008547424, 39.744614002459819 ], [ 140.80230598608361, 39.744131004879222 ], [ 140.801845000059643, 39.743957992959693 ], [ 140.80137199717106, 39.743672991160835 ], [ 140.800622992798566, 39.743155009363157 ], [ 140.800241007473062, 39.742841002655133 ], [ 140.799663014614254, 39.742331994174521 ], [ 140.799229013591145, 39.742089011445266 ], [ 140.798638008138624, 39.741814010793128 ], [ 140.798283007813978, 39.741784002601854 ], [ 140.797901985398113, 39.741498999219289 ], [ 140.797506988098149, 39.741184993303122 ], [ 140.797204995484776, 39.741093007300933 ], [ 140.796863939082471, 39.740979935745727 ], [ 140.792294832522686, 39.740149177784915 ], [ 140.75857651851652, 39.768246674127901 ], [ 140.74359177070798, 39.813202547597776 ], [ 140.74359177070798, 39.873144109208283 ], [ 140.755306825387436, 39.96877219803266 ], [ 140.767943301615333, 40.034236534599081 ], [ 140.803533768944817, 40.172850727892495 ], [ 140.835377149884067, 40.270255735419035 ], [ 140.840996617475867, 40.335816261953426 ], [ 140.837250578830407, 40.414488774066008 ], [ 140.824137984345185, 40.466938380069109 ], [ 140.824137984345185, 40.485669450933351 ], [ 140.839122732153697, 40.5025281265901 ], [ 140.879679873166083, 40.50793597308747 ], [ 140.878368953119974, 40.500000002199648 ], [ 140.878367991448812, 40.499994247778972 ], [ 140.87816425091512, 40.498760868040769 ], [ 140.878107453488724, 40.498417077236844 ], [ 140.877735001278268, 40.497134740974857 ], [ 140.876146752728744, 40.491666677755269 ], [ 140.875006509809708, 40.487741024956108 ], [ 140.874999988651211, 40.48771858057745 ], [ 140.874452488756674, 40.485833663744231 ], [ 140.873726277786716, 40.483333327179622 ], [ 140.873724570557215, 40.483327522080131 ], [ 140.871305832567941, 40.475000002735236 ], [ 140.871304124719217, 40.474994146956938 ], [ 140.871170036920034, 40.474532562757915 ], [ 140.868885327283436, 40.466666679874571 ], [ 140.868883620053936, 40.466660772625602 ], [ 140.867887587560347, 40.463231461771599 ], [ 140.866673436527321, 40.459051440931432 ], [ 140.866666667055824, 40.459028118383998 ], [ 140.866464851722185, 40.458333329298924 ], [ 140.866463143873432, 40.458327399086116 ], [ 140.864605073800277, 40.451930386124687 ], [ 140.864044376160905, 40.450000004854537 ], [ 140.86404266831218, 40.449994022379208 ], [ 140.861623931561383, 40.44166665427889 ], [ 140.86132259162116, 40.44062930810221 ], [ 140.866666667055824, 40.437651102811088 ], [ 140.866673591955191, 40.437647255972557 ], [ 140.867860165379966, 40.436985994088722 ], [ 140.874414540828326, 40.433333328250797 ], [ 140.874425410251405, 40.433327272924679 ], [ 140.874999988651211, 40.433007058062238 ], [ 140.875006975474037, 40.433003162920464 ], [ 140.88009302951761, 40.430168765883735 ], [ 140.883333340589104, 40.428362991141412 ], [ 140.889367946082871, 40.425000006973839 ], [ 140.889378939352866, 40.424993871670218 ], [ 140.891666660946044, 40.423718974899394 ], [ 140.891673711549998, 40.423715052834496 ], [ 140.892325922759284, 40.42335158519014 ], [ 140.892922018938577, 40.423395241026981 ], [ 140.893699002802492, 40.423745011138813 ], [ 140.894192997121252, 40.423963991115954 ], [ 140.894532999586431, 40.424114987843019 ], [ 140.895037986555934, 40.424366991400717 ], [ 140.895287001800511, 40.424489010141727 ], [ 140.895617005486315, 40.424603012128237 ], [ 140.895841985763184, 40.424732996944932 ], [ 140.895977005510275, 40.424854990346539 ], [ 140.896215990394523, 40.425010989230664 ], [ 140.896485999546201, 40.425144994302457 ], [ 140.896771004699673, 40.425201996087566 ], [ 140.897125011772204, 40.425120993925923 ], [ 140.897465014237383, 40.425042000704032 ], [ 140.897585005163279, 40.424996008890723 ], [ 140.897782005948727, 40.424934006532254 ], [ 140.89793699229287, 40.424921994862068 ], [ 140.898251995642255, 40.424895000476376 ], [ 140.899469997075357, 40.424959993676573 ], [ 140.899864993756069, 40.425025013799896 ], [ 140.900703990239322, 40.425124010107062 ], [ 140.901023994526469, 40.425189000931695 ], [ 140.901293009187555, 40.425238990036263 ], [ 140.901644996317174, 40.425260001946633 ], [ 140.90215001486763, 40.425218005049011 ], [ 140.90226199351838, 40.425206996660926 ], [ 140.902634011645461, 40.42517201086013 ], [ 140.903089003479494, 40.425153011848806 ], [ 140.903838007851988, 40.425125993707418 ], [ 140.904218004815533, 40.425110991987353 ], [ 140.904563007599251, 40.425110991987353 ], [ 140.905056006808167, 40.425133007971674 ], [ 140.905479015799756, 40.425151000533475 ], [ 140.905852989469366, 40.425170001128514 ], [ 140.906192991934546, 40.425208003110448 ], [ 140.906553983972174, 40.425252989266092 ], [ 140.90671300896372, 40.425272993935081 ], [ 140.907011989001262, 40.425166007004684 ], [ 140.907321993270557, 40.425036999338822 ], [ 140.907641997557704, 40.4248720057575 ], [ 140.909191988561645, 40.424157009288187 ], [ 140.910196000510922, 40.42378301312074 ], [ 140.910587985854306, 40.42358300760737 ], [ 140.910609008246183, 40.423493987107513 ], [ 140.91062301409201, 40.423430000356831 ], [ 140.910738003460864, 40.423353997976683 ], [ 140.910937987098862, 40.423304008872115 ], [ 140.911167998656026, 40.423304008872115 ], [ 140.911492008151896, 40.423311978115223 ], [ 140.911857007255975, 40.423414994677486 ], [ 140.912543005137763, 40.423607007983904 ], [ 140.912701003438514, 40.423651995723262 ], [ 140.913021006487213, 40.423746997906591 ], [ 140.913234994732562, 40.423887991903229 ], [ 140.913516989787155, 40.424024008290353 ], [ 140.913707003749778, 40.424180004798913 ], [ 140.913732994260016, 40.42423801065798 ], [ 140.913806995259165, 40.424408988298339 ], [ 140.913962013184289, 40.424748001832427 ], [ 140.914136997706464, 40.424947001688132 ], [ 140.914417003779846, 40.425129991790534 ], [ 140.915029002520214, 40.425337007608881 ], [ 140.915320995734987, 40.425413009989029 ], [ 140.915704005893559, 40.425541007246082 ], [ 140.916197007579427, 40.42573101082089 ], [ 140.916763014535348, 40.425963989236003 ], [ 140.917026004664024, 40.426120011083967 ], [ 140.917904003631946, 40.426745008318882 ], [ 140.918224007919122, 40.426971001768422 ], [ 140.918466005998397, 40.42711598909704 ], [ 140.918726014512998, 40.42722300453427 ], [ 140.919032012954318, 40.427281989127884 ], [ 140.919217990127265, 40.427322000841436 ], [ 140.919611993555861, 40.427324993266879 ], [ 140.92002301416764, 40.427310994037057 ], [ 140.920243988616562, 40.427249997336254 ], [ 140.92038400868222, 40.427131998850342 ], [ 140.920636998173791, 40.426973011500046 ], [ 140.92085098641914, 40.426697005190235 ], [ 140.920942995995887, 40.426407001234317 ], [ 140.921125994031684, 40.426197997064477 ], [ 140.921410006552264, 40.425967005417142 ], [ 140.92174001023804, 40.425725004589864 ], [ 140.922087991539684, 40.425448999071911 ], [ 140.92229201258661, 40.425252989266092 ], [ 140.922481001716164, 40.425045997995291 ], [ 140.922791005985431, 40.424745989725238 ], [ 140.923032009574115, 40.424473001972139 ], [ 140.923453991874936, 40.423994000890936 ], [ 140.923697014168084, 40.423773989124868 ], [ 140.923970997566755, 40.423508993578714 ], [ 140.924247992302782, 40.423304008872115 ], [ 140.924417016073733, 40.423103000076644 ], [ 140.92462100430123, 40.422905005878604 ], [ 140.924894987080677, 40.422493989631199 ], [ 140.925199991650629, 40.422218007077085 ], [ 140.925394012679675, 40.422015991832097 ], [ 140.925917010084504, 40.42155800107755 ], [ 140.926239995366501, 40.421327009430222 ], [ 140.926566986476473, 40.421179002753036 ], [ 140.926766999837724, 40.421111999029357 ], [ 140.927007009555069, 40.421080006445877 ], [ 140.927240002726307, 40.421048992596937 ], [ 140.927980994204432, 40.421072992973471 ], [ 140.92833900710491, 40.421138013096794 ], [ 140.928760989405703, 40.421271995204748 ], [ 140.929051989368332, 40.421355007889872 ], [ 140.92927700060693, 40.421341986602734 ], [ 140.929586011004858, 40.421363000096818 ], [ 140.929908996906107, 40.421303987788228 ], [ 140.93036100774529, 40.421212001786046 ], [ 140.930593006425937, 40.421204011162807 ], [ 140.930796000782067, 40.421186994959982 ], [ 140.931095013019814, 40.42120901094431 ], [ 140.931368995180037, 40.421251988952044 ], [ 140.931674000369242, 40.421332010795432 ], [ 140.931973011987765, 40.421389010204976 ], [ 140.932218984933286, 40.421383004765808 ], [ 140.932537994110589, 40.421313991310512 ], [ 140.932768006286977, 40.421275009010323 ], [ 140.932955008293021, 40.421280011959247 ], [ 140.933482012764273, 40.421545989407363 ], [ 140.933710005616973, 40.421687989061674 ], [ 140.933903001812922, 40.42191299902553 ], [ 140.934135000493598, 40.422100992868714 ], [ 140.934514004824223, 40.422394012213921 ], [ 140.93476401455942, 40.422522991372951 ], [ 140.935043991528772, 40.422654007186715 ], [ 140.935234005491424, 40.422729003909197 ], [ 140.935461998344124, 40.42284999086128 ], [ 140.935712008079321, 40.423119009829946 ], [ 140.935802994061447, 40.423313987846846 ], [ 140.935944005521492, 40.423593009545939 ], [ 140.936167993165498, 40.423910006303842 ], [ 140.936206995650195, 40.423958989750744 ], [ 140.936577988944151, 40.424432008356618 ], [ 140.936749993090729, 40.424651994783282 ], [ 140.936911003348058, 40.424859010601629 ], [ 140.937340005291105, 40.42543600391604 ], [ 140.937409997985355, 40.425631988382463 ], [ 140.937479991918082, 40.425914001715149 ], [ 140.937636998205164, 40.426794996631592 ], [ 140.937637992076532, 40.427081006463681 ], [ 140.937465986691507, 40.427594012235552 ], [ 140.937649014450557, 40.427706001323017 ], [ 140.938078015774352, 40.42797999631749 ], [ 140.938577010411649, 40.428289001660303 ], [ 140.938830995632316, 40.428446003826537 ], [ 140.939086997080466, 40.428608990843664 ], [ 140.93930499115379, 40.428713993381848 ], [ 140.940207986760583, 40.429248010272232 ], [ 140.940477996531513, 40.42940599275672 ], [ 140.941183990733663, 40.429844002597967 ], [ 140.941437012425439, 40.429974994656042 ], [ 140.941700996425482, 40.430096006155672 ], [ 140.941947992965623, 40.430206992752893 ], [ 140.942089006283396, 40.43019399838888 ], [ 140.942154994388176, 40.43014599526024 ], [ 140.942253992645419, 40.429994997741318 ], [ 140.942310013551747, 40.429804997333939 ], [ 140.94231799238824, 40.429775994800337 ], [ 140.942359014196626, 40.429624996489558 ], [ 140.942495989486247, 40.429405011646601 ], [ 140.942661006809999, 40.42925999897858 ], [ 140.942907010097997, 40.429172007892085 ], [ 140.943096994956619, 40.429125990739365 ], [ 140.943518013109298, 40.429125990739365 ], [ 140.94389900580191, 40.429130013370035 ], [ 140.944369989366805, 40.429157003796448 ], [ 140.944590996635156, 40.429153987615308 ], [ 140.944787997420605, 40.429109000667808 ], [ 140.945019996720504, 40.429030989347893 ], [ 140.945370991836455, 40.428831990284046 ], [ 140.945655998228375, 40.428667999984825 ], [ 140.945760988198629, 40.42850700131919 ], [ 140.9458280017557, 40.428309007913008 ], [ 140.945922994185025, 40.428014000216308 ], [ 140.946313985657014, 40.428001007436009 ], [ 140.946996006814913, 40.427967002745334 ], [ 140.947406997084158, 40.427940011527063 ], [ 140.947757991580886, 40.427875997853263 ], [ 140.948282015676483, 40.427782003703165 ], [ 140.948633008934735, 40.427706001323017 ], [ 140.948974998523397, 40.427651011645096 ], [ 140.94917898798937, 40.427618992930348 ], [ 140.949208984327555, 40.427608988616214 ], [ 140.949313012626618, 40.427574005982848 ], [ 140.949383006559344, 40.42752499878025 ], [ 140.949508989817446, 40.427294003965493 ], [ 140.949590007362644, 40.427197997708213 ], [ 140.949709003797949, 40.427120011727702 ], [ 140.950082015796369, 40.42698899512208 ], [ 140.950362984160165, 40.426845992185683 ], [ 140.951013984765979, 40.426499011784053 ], [ 140.951183007917678, 40.426351005898731 ], [ 140.951257007678379, 40.426314008782605 ], [ 140.951380008703126, 40.426319013315243 ], [ 140.951534002414405, 40.426366987937051 ], [ 140.951548007021756, 40.426370004118198 ], [ 140.951677995488552, 40.426391996346823 ], [ 140.951903007346402, 40.426442009998944 ], [ 140.952149011253653, 40.426522986821183 ], [ 140.952334989665076, 40.426595998359595 ], [ 140.952675984143923, 40.426737997222048 ], [ 140.95298800835613, 40.426915005640979 ], [ 140.953393004435469, 40.427167009198683 ], [ 140.953518987074347, 40.427191011158932 ], [ 140.953616990221775, 40.427186009001865 ], [ 140.953856006686948, 40.427095004901645 ], [ 140.954137007250949, 40.426953004455484 ], [ 140.954547997520223, 40.426780998193621 ], [ 140.954986003752055, 40.426565009850066 ], [ 140.955199991997404, 40.426479005531348 ], [ 140.955353983850983, 40.426474004957996 ], [ 140.955572008886008, 40.42649498915339 ], [ 140.955913005222556, 40.426556991511859 ], [ 140.956850999963052, 40.426655988610875 ], [ 140.957061011484484, 40.426688009701195 ], [ 140.957132000527025, 40.426707007920662 ], [ 140.957406013648978, 40.426690999751074 ], [ 140.957806008790527, 40.426633997965958 ], [ 140.957981987184098, 40.426592000276486 ], [ 140.958149986741176, 40.426592000276486 ], [ 140.958251996955028, 40.426594010008102 ], [ 140.958578986826524, 40.426641010646506 ], [ 140.958891008561778, 40.426685996802149 ], [ 140.959322992118928, 40.426813996434774 ], [ 140.959489002075571, 40.42688100095031 ], [ 140.959804999296296, 40.427041999615938 ], [ 140.960100005086872, 40.427130993984534 ], [ 140.960411997718126, 40.427190004709409 ], [ 140.960717996159445, 40.427205989915159 ], [ 140.960873013465346, 40.427196010940428 ], [ 140.961303007422032, 40.427100006266862 ], [ 140.961565996931483, 40.42702000897102 ], [ 140.961867989544885, 40.426939006017513 ], [ 140.96190401227318, 40.426935009518111 ], [ 140.962113993452107, 40.426911989459839 ], [ 140.962329006530553, 40.426917996482715 ], [ 140.962806015866335, 40.426953004455484 ], [ 140.963059005977158, 40.426987988672558 ], [ 140.963475987959384, 40.427086006245176 ], [ 140.963717987277164, 40.427168994382754 ], [ 140.963911013815618, 40.427265000640034 ], [ 140.964100996816512, 40.427385989175825 ], [ 140.964213006428992, 40.427552995656193 ], [ 140.964301012035492, 40.427790999984069 ], [ 140.964325015422219, 40.428025007812543 ], [ 140.964371004729742, 40.428155999870611 ], [ 140.964539996919711, 40.428359999507819 ], [ 140.964750009679619, 40.428453995241625 ], [ 140.965289993305873, 40.428536004644656 ], [ 140.965738993426925, 40.428608990843664 ], [ 140.966068995874252, 40.428702004675493 ], [ 140.966497996578823, 40.428712986932325 ], [ 140.966996989977645, 40.428858003559625 ], [ 140.967151015269877, 40.428975998878116 ], [ 140.96745900083468, 40.429123000689486 ], [ 140.967690998896103, 40.429294001293684 ], [ 140.968228002146731, 40.429425999009425 ], [ 140.968593002489257, 40.429481995136868 ], [ 140.968919992980005, 40.429536002120962 ], [ 140.969390014254486, 40.429603005844641 ], [ 140.970028003505092, 40.429717007831151 ], [ 140.970383003829767, 40.429850990730962 ], [ 140.970748004172293, 40.429967002449089 ], [ 140.971320997331787, 40.4303130017406 ], [ 140.971414995889717, 40.430382996306015 ], [ 140.971679010232265, 40.43058098892034 ], [ 140.971917995735737, 40.430747995400708 ], [ 140.972201015623398, 40.430855990364343 ], [ 140.972480991973526, 40.430861997387218 ], [ 140.972675011764125, 40.430835003793376 ], [ 140.972942007101523, 40.430743998901306 ], [ 140.9731869867949, 40.430544999837458 ], [ 140.973348990923597, 40.430403000183148 ], [ 140.973500003020774, 40.430252004247947 ], [ 140.973637009891377, 40.430235996078359 ], [ 140.973883013798599, 40.430223000922481 ], [ 140.974417005711871, 40.430167004795038 ], [ 140.974767998970123, 40.430050993868761 ], [ 140.975760989164627, 40.429609991602071 ], [ 140.97599298722605, 40.429569001153972 ], [ 140.976301998243201, 40.429472996480399 ], [ 140.976779008198207, 40.429249993872588 ], [ 140.977159005161752, 40.429105006543971 ], [ 140.977386998014453, 40.429081003 ], [ 140.977469770470208, 40.429078372452949 ], [ 140.983137395928765, 40.41969762149953 ], [ 140.982905996667085, 40.419451994761658 ], [ 140.982801005458384, 40.419389993986904 ], [ 140.982443986429274, 40.418924012609125 ], [ 140.982178014686497, 40.418728000427727 ], [ 140.980942997308659, 40.418228995469391 ], [ 140.980265011082764, 40.417949999109702 ], [ 140.97969499891812, 40.417715991281227 ], [ 140.979098995004762, 40.41715799697814 ], [ 140.978964998852291, 40.416606010489794 ], [ 140.97889401166745, 40.416401004403063 ], [ 140.978752005716785, 40.415985990864399 ], [ 140.978895998790961, 40.415650999960981 ], [ 140.979220009525278, 40.415175994587322 ], [ 140.979550011972606, 40.415359009237278 ], [ 140.980140985224892, 40.415548007154413 ], [ 140.981108012774712, 40.415533002266926 ], [ 140.981539001222018, 40.415439005741263 ], [ 140.981776993473375, 40.415202007862909 ], [ 140.981864004589255, 40.414813004432396 ], [ 140.982421007256391, 40.413975990805788 ], [ 140.982731010287182, 40.413516995185432 ], [ 140.982698001992418, 40.413060989614962 ], [ 140.982535997863721, 40.41204199154361 ], [ 140.98238899159449, 40.411889989950737 ], [ 140.981998000122502, 40.411483998032381 ], [ 140.981927011079932, 40.411183989762321 ], [ 140.982070012759664, 40.410750001759887 ], [ 140.982146993515215, 40.410288994824199 ], [ 140.982012997981968, 40.409982000796717 ], [ 140.982014986343927, 40.409734997812372 ], [ 140.982268007416479, 40.409214001417261 ], [ 140.98231399796245, 40.408832990193702 ], [ 140.982274994858528, 40.408581992293662 ], [ 140.982220000023744, 40.408230992428798 ], [ 140.982156992294591, 40.407870012797346 ], [ 140.981973996116494, 40.407552011965493 ], [ 140.981718986682012, 40.406647993031491 ], [ 140.981396995271353, 40.405652995336681 ], [ 140.981509004264581, 40.405354998381952 ], [ 140.981550987124905, 40.405243987237178 ], [ 140.982406008158421, 40.404676998236901 ], [ 140.982817991060585, 40.404661992557557 ], [ 140.983059987901413, 40.404551987862305 ], [ 140.983230004924479, 40.404553998385779 ], [ 140.983513987102555, 40.404436003067289 ], [ 140.984176011320898, 40.404442009298315 ], [ 140.985105993166997, 40.403907012881518 ], [ 140.985223994492458, 40.40363600635321 ], [ 140.985535987123711, 40.40342899053487 ], [ 140.985750998963681, 40.403199002961486 ], [ 140.985617999778754, 40.402801004041933 ], [ 140.985080996528126, 40.402379003953989 ], [ 140.985138008828898, 40.402066003695488 ], [ 140.985168007024782, 40.401901006154887 ], [ 140.985430996534234, 40.401836994064801 ], [ 140.985475992589613, 40.401585996164762 ], [ 140.985348984498444, 40.400968010818538 ], [ 140.985539000318767, 40.400798996190268 ], [ 140.986259993618859, 40.400460006411876 ], [ 140.986328000428074, 40.40022700265736 ], [ 140.986648997967364, 40.400048990164471 ], [ 140.986224002471516, 40.39973598990597 ], [ 140.986067991913501, 40.399478003872936 ], [ 140.986037994956064, 40.399186994259352 ], [ 140.986326013304591, 40.398940996140816 ], [ 140.986944996390832, 40.398436988233556 ], [ 140.987284998856012, 40.398379006922042 ], [ 140.987278011413963, 40.397573007144366 ], [ 140.987334994610706, 40.397295995968747 ], [ 140.987646986003483, 40.397188002588827 ], [ 140.987674002585265, 40.397100011502332 ], [ 140.987244008628579, 40.396640990542572 ], [ 140.987299003463363, 40.396038990402104 ], [ 140.987640991813549, 40.395744010420373 ], [ 140.987386015198496, 40.395578010389535 ], [ 140.987186001217992, 40.395234999564188 ], [ 140.987291985678809, 40.395082999555029 ], [ 140.987275000076608, 40.395041002657408 ], [ 140.987241991162591, 40.39496100615343 ], [ 140.987170008248683, 40.394707997729917 ], [ 140.986936984734911, 40.394512994373613 ], [ 140.986640986311443, 40.394380995866015 ], [ 140.986120005134154, 40.394232010454289 ], [ 140.985798014342748, 40.393818003365148 ], [ 140.985613992712331, 40.393236009477377 ], [ 140.985647002245599, 40.392677009516625 ], [ 140.985543998779605, 40.392398994267054 ], [ 140.985576014441506, 40.392230001810766 ], [ 140.985626011434647, 40.392002001005167 ], [ 140.985713984221718, 40.391512994817973 ], [ 140.985460993491671, 40.391302988949747 ], [ 140.985016000437014, 40.390824991942502 ], [ 140.984771984891751, 40.390359008981008 ], [ 140.9847480118475, 40.390031006210585 ], [ 140.984655008399386, 40.389746002828019 ], [ 140.984680999528848, 40.389671007689252 ], [ 140.984728013669468, 40.389534008608301 ], [ 140.984651994585107, 40.38951000823176 ], [ 140.984547004614853, 40.389327999239477 ], [ 140.984413009081635, 40.388980993498443 ], [ 140.98440198484991, 40.388433001133926 ], [ 140.984557996646402, 40.388306988269086 ], [ 140.984734006620897, 40.388050986628265 ], [ 140.98500000870618, 40.387804990093443 ], [ 140.985372987885171, 40.387599003688457 ], [ 140.985520989264245, 40.387398998175087 ], [ 140.985389012435462, 40.387360997776867 ], [ 140.985303988443064, 40.387226012386819 ], [ 140.985359016097249, 40.387031989348777 ], [ 140.985662995834133, 40.386494002090245 ], [ 140.985716002926182, 40.386088008588175 ], [ 140.98588400062556, 40.385922990459306 ], [ 140.986112987349628, 40.385395005139351 ], [ 140.986180000906728, 40.385017993582615 ], [ 140.986047993735468, 40.384757995442399 ], [ 140.986163014685275, 40.384541002233036 ], [ 140.986648997967364, 40.384163988300735 ], [ 140.986761006341368, 40.383945987058134 ], [ 140.986977013291181, 40.383428006844163 ], [ 140.987232984396854, 40.383171001921255 ], [ 140.987319995512763, 40.382816003973275 ], [ 140.987639004690067, 40.382458996293671 ], [ 140.987656985402111, 40.382146999317271 ], [ 140.987756013382608, 40.38177400959934 ], [ 140.987777999303376, 40.381690995330509 ], [ 140.988261002209839, 40.381332000883127 ], [ 140.988315997044594, 40.381182010605585 ], [ 140.988366986670655, 40.381041996927202 ], [ 140.98843899806937, 40.380746012871526 ], [ 140.988695995246616, 40.380564001503672 ], [ 140.98912201557556, 40.380267011790323 ], [ 140.989277993933371, 40.380026994563401 ], [ 140.989445993490477, 40.379670011431351 ], [ 140.989582006489684, 40.379423990348982 ], [ 140.989621009593606, 40.3792399930052 ], [ 140.989956011740247, 40.37879899232221 ], [ 140.990439013408235, 40.378216998434446 ], [ 140.990703990660421, 40.378025010467432 ], [ 140.991200003683616, 40.377996989043943 ], [ 140.991486004566156, 40.377882007531028 ], [ 140.991881001866091, 40.377565990299523 ], [ 140.992482005478763, 40.37740901268085 ], [ 140.99279399872924, 40.377257009504262 ], [ 140.993592996379476, 40.376972988023667 ], [ 140.99390200801588, 40.376769012934012 ], [ 140.994052989770552, 40.376551992801531 ], [ 140.994095004211829, 40.376412004462559 ], [ 140.99394299762406, 40.376130997579395 ], [ 140.993455990128126, 40.375824005135627 ], [ 140.993379009372603, 40.375549002899774 ], [ 140.993365004765252, 40.37549898924766 ], [ 140.993428011255929, 40.37512200144662 ], [ 140.993592004365837, 40.37503999204359 ], [ 140.99380599137271, 40.375124011178237 ], [ 140.99380599137271, 40.374991989706807 ], [ 140.994028984526096, 40.374520000514288 ], [ 140.99391800098519, 40.374100010157967 ], [ 140.994160991078132, 40.373783994510177 ], [ 140.994595985972637, 40.373297000430171 ], [ 140.994789011272616, 40.37317101132102 ], [ 140.994967009609098, 40.372919987289727 ], [ 140.995016011492424, 40.372422992854865 ], [ 140.995203013498468, 40.372024991559741 ], [ 140.995129013737795, 40.371466998840368 ], [ 140.994908007707892, 40.370886009818413 ], [ 140.994991013615078, 40.370700004326721 ], [ 140.995004987879923, 40.370175990166757 ], [ 140.994764014633745, 40.369870002588797 ], [ 140.99440298977666, 40.36975399087067 ], [ 140.99428799916933, 40.369497990021706 ], [ 140.994020010579789, 40.36939200637341 ], [ 140.993815990771338, 40.368677010695947 ], [ 140.993863004292706, 40.36853300051817 ], [ 140.994205987752764, 40.368298989522266 ], [ 140.99418499694184, 40.368214999686309 ], [ 140.994138011286026, 40.368023992829407 ], [ 140.993966008377924, 40.367943994741715 ], [ 140.993685007813923, 40.367814008341306 ], [ 140.993413012157987, 40.367451998504642 ], [ 140.992971001336656, 40.367209997677364 ], [ 140.992326987553639, 40.36712200975829 ], [ 140.991961988449589, 40.367407011557141 ], [ 140.991586990566134, 40.367433000285175 ], [ 140.991165005788389, 40.367345989516934 ], [ 140.99119500522275, 40.367212987727243 ], [ 140.991214008910191, 40.367126006257692 ], [ 140.990953007143474, 40.366995996101593 ], [ 140.991473985843811, 40.366709005951243 ], [ 140.991468988002197, 40.366247999015556 ], [ 140.991657014841337, 40.365874000472537 ], [ 140.991689992793624, 40.365528001181033 ], [ 140.991427002664949, 40.36505500870642 ], [ 140.991619998860898, 40.36470001075844 ], [ 140.991816999646346, 40.364225005384782 ], [ 140.991728002645431, 40.363809991846118 ], [ 140.991899012301388, 40.363501011050857 ], [ 140.992335993700152, 40.363096002618185 ], [ 140.992413999288772, 40.362875990060253 ], [ 140.992251993921599, 40.362421997388822 ], [ 140.991697011197402, 40.361904994325691 ], [ 140.991600995173485, 40.361814995091287 ], [ 140.99140799773906, 40.361429009425635 ], [ 140.991175007044717, 40.361069992014414 ], [ 140.991319994609484, 40.361044004870095 ], [ 140.991480011614698, 40.360955010501499 ], [ 140.991657014841337, 40.360950009136289 ], [ 140.99213399135769, 40.361105000779041 ], [ 140.992590009263296, 40.361026008349008 ], [ 140.993060993447415, 40.360833997418155 ], [ 140.993216011372539, 40.360459999666993 ], [ 140.99316300242279, 40.359781997938235 ], [ 140.993267994250715, 40.35920799546556 ], [ 140.99309701431801, 40.35882100572595 ], [ 140.99323399146536, 40.358329009488877 ], [ 140.99321299941596, 40.358100001441905 ], [ 140.992961995809395, 40.357699991998871 ], [ 140.993172008569303, 40.357447009706625 ], [ 140.993360998937305, 40.35711299595404 ], [ 140.993865986526032, 40.356870996710477 ], [ 140.993893003107843, 40.356457994487144 ], [ 140.994017991875353, 40.356244993817896 ], [ 140.994957010829694, 40.355958006043117 ], [ 140.995264002523157, 40.355641009285215 ], [ 140.995253010491638, 40.355484005535274 ], [ 140.995236985941347, 40.355249996123085 ], [ 140.995057995591225, 40.355112999417706 ], [ 140.994618995487997, 40.355076003885294 ], [ 140.994426993782639, 40.354921991768947 ], [ 140.994444010965822, 40.354598009253621 ], [ 140.994505993242626, 40.354252006794681 ], [ 140.994809011308348, 40.353811006111698 ], [ 140.995041009369771, 40.353636989326361 ], [ 140.995251985039317, 40.353571998501728 ], [ 140.995425013399739, 40.353371992988357 ], [ 140.995274995793153, 40.353142004623123 ], [ 140.994919995468507, 40.353096010434243 ], [ 140.99440298977666, 40.353099001275979 ], [ 140.994368985752828, 40.353000004968813 ], [ 140.994643993365344, 40.352779993994595 ], [ 140.994622008683052, 40.352656997310895 ], [ 140.994276012027967, 40.352509997083239 ], [ 140.99392200557466, 40.35244198611818 ], [ 140.993148997815439, 40.352299008521179 ], [ 140.993011991564089, 40.352068994816541 ], [ 140.992803997508645, 40.351808999843747 ], [ 140.992907993607503, 40.351740989670546 ], [ 140.993355005366624, 40.351721989075507 ], [ 140.9935620055507, 40.351593009916478 ], [ 140.993716993133319, 40.351294009679663 ], [ 140.993724011537097, 40.351032001807823 ], [ 140.993786987066045, 40.350986009202657 ], [ 140.993800991673396, 40.350793995896233 ], [ 140.993504993249928, 40.35053500420554 ], [ 140.99310098980348, 40.350422988986807 ], [ 140.992571998208746, 40.350400999133747 ], [ 140.992466012509453, 40.350293004170112 ], [ 140.992198986210326, 40.350021997641804 ], [ 140.991827652956601, 40.349962110331866 ], [ 140.991006013616271, 40.350195012728761 ], [ 140.990761999309484, 40.350336004349835 ], [ 140.988754003895679, 40.349256010369537 ], [ 140.988405989774606, 40.348986991400871 ], [ 140.988126013424477, 40.348971006986972 ], [ 140.988103997161204, 40.348970000537449 ], [ 140.987774987346796, 40.348621991514321 ], [ 140.98759699024879, 40.348041000908651 ], [ 140.987372009971892, 40.347814004968868 ], [ 140.986507984649592, 40.347508996125455 ], [ 140.985875988350415, 40.347172998772514 ], [ 140.985495991386898, 40.347061008101335 ], [ 140.98520300492001, 40.346904005143251 ], [ 140.985110993485563, 40.346638001563868 ], [ 140.984769003896872, 40.346431990611329 ], [ 140.984282990272305, 40.346369007934605 ], [ 140.983826011314761, 40.346270011627439 ], [ 140.983809986764498, 40.346188004599981 ], [ 140.983757009395703, 40.345919010970718 ], [ 140.983428000200519, 40.345895989328731 ], [ 140.983368999537817, 40.345796993021565 ], [ 140.983340989703862, 40.345748987517354 ], [ 140.983097997753219, 40.345340008716548 ], [ 140.982933012629644, 40.345269006117896 ], [ 140.982407002029788, 40.345256994447709 ], [ 140.981897014122495, 40.344986994368924 ], [ 140.981841988945234, 40.344957992627172 ], [ 140.981726998337905, 40.344898000000327 ], [ 140.981920987785998, 40.344730994311817 ], [ 140.981622006509951, 40.344677990609817 ], [ 140.981307003160595, 40.344559992915762 ], [ 140.981219992044714, 40.344335005915738 ], [ 140.981504004565267, 40.344135000402368 ], [ 140.982001012079081, 40.344024995707116 ], [ 140.981971013883168, 40.343804005998351 ], [ 140.98153400090348, 40.343648007906076 ], [ 140.981212010731298, 40.343378989729267 ], [ 140.980891014430483, 40.343274991265034 ], [ 140.980591007702117, 40.343355994218534 ], [ 140.979888988366213, 40.343321988736008 ], [ 140.979541005826093, 40.343429003381381 ], [ 140.979214014096897, 40.343383012359929 ], [ 140.978731013667385, 40.343444987003423 ], [ 140.978448988270316, 40.343581004974254 ], [ 140.978328004711528, 40.343639010833321 ], [ 140.978192985583661, 40.343856004834542 ], [ 140.977928007712251, 40.343923009350071 ], [ 140.977750011233468, 40.34387400214748 ], [ 140.977725013356121, 40.34345999189091 ], [ 140.97742901245573, 40.343321008417746 ], [ 140.977366005965052, 40.343194995552906 ], [ 140.977337995511874, 40.34313799297594 ], [ 140.977149006382348, 40.343209997272972 ], [ 140.97686098803382, 40.34328300960324 ], [ 140.976704013327691, 40.343534005919565 ], [ 140.976556013806345, 40.343672990184587 ], [ 140.976144000561675, 40.343709004606879 ], [ 140.97588399142785, 40.343649993090146 ], [ 140.975837006391288, 40.343478992485949 ], [ 140.975601002501918, 40.343279993422101 ], [ 140.975326988141489, 40.343405003004847 ], [ 140.975134986436132, 40.343407012736463 ], [ 140.974841999350019, 40.343250988512928 ], [ 140.974684001049269, 40.343303993798635 ], [ 140.974517989234926, 40.343585001473656 ], [ 140.974452995620766, 40.34381300465482 ], [ 140.97421199141283, 40.344107005110146 ], [ 140.973919003707493, 40.344147995558245 ], [ 140.973243005843528, 40.343994007197587 ], [ 140.973115998990806, 40.343880005211076 ], [ 140.972055995858454, 40.343604002068695 ], [ 140.971852007630957, 40.343715011629754 ], [ 140.971700996772256, 40.343898002524014 ], [ 140.971711989423028, 40.344180994591248 ], [ 140.972000007771555, 40.344465997973813 ], [ 140.972252999120826, 40.344961007224605 ], [ 140.972217007973484, 40.345266996386272 ], [ 140.972152014359324, 40.34555999197579 ], [ 140.971567995110377, 40.345756001781609 ], [ 140.970921994203877, 40.345944996531323 ], [ 140.970743003853727, 40.346037007081065 ], [ 140.970526004271022, 40.346147992886429 ], [ 140.969987012658436, 40.346649990270215 ], [ 140.969993999481233, 40.346976009440283 ], [ 140.969832988604679, 40.347150003261788 ], [ 140.969540996009158, 40.34766898834156 ], [ 140.969459014935069, 40.348123989046229 ], [ 140.969238008905194, 40.348223991802911 ], [ 140.969205992624069, 40.348445006059229 ], [ 140.969314990279941, 40.348597987970365 ], [ 140.96983901313709, 40.34907100974366 ], [ 140.969718991868717, 40.349336006873521 ], [ 140.969130999611252, 40.349248996105281 ], [ 140.968969988734699, 40.34929901134111 ], [ 140.968830994121362, 40.35003599766349 ], [ 140.9685099965821, 40.350199009228163 ], [ 140.967987991190938, 40.350119990666869 ], [ 140.967793009109954, 40.350195012728761 ], [ 140.967855984019678, 40.350370990150623 ], [ 140.968506985244744, 40.350678990627628 ], [ 140.968355011476405, 40.350863009351528 ], [ 140.968346998582035, 40.350872988326259 ], [ 140.967700997675507, 40.350868010716745 ], [ 140.967404004761448, 40.350806989468396 ], [ 140.966630998240674, 40.35050700653774 ], [ 140.96632301019892, 40.350475995064372 ], [ 140.965688996433755, 40.350412006729982 ], [ 140.965378992783712, 40.350299989927542 ], [ 140.964987008678833, 40.349826996661072 ], [ 140.964573005214504, 40.349217003521801 ], [ 140.964036001963876, 40.348626993671388 ], [ 140.963391990657783, 40.348084004255796 ], [ 140.962466013401155, 40.347493011711563 ], [ 140.962073997715294, 40.347141006189027 ], [ 140.962937990837418, 40.34669698774119 ], [ 140.963364011166334, 40.346180991127582 ], [ 140.963646003744003, 40.345614002127306 ], [ 140.964145992871892, 40.344653988649569 ], [ 140.964562012563732, 40.344292005736023 ], [ 140.964710013942778, 40.343881011660599 ], [ 140.964800998686428, 40.343628002445229 ], [ 140.965160006077525, 40.342734994274885 ], [ 140.965495006985662, 40.342364011121155 ], [ 140.966254010137561, 40.34192801259524 ], [ 140.966358008094119, 40.341164988449734 ], [ 140.966570007977538, 40.340572010721431 ], [ 140.967015994903534, 40.340057999291886 ], [ 140.967470986118343, 40.339510991204911 ], [ 140.967997989970343, 40.339027993624306 ], [ 140.968163008532571, 40.338728991011919 ], [ 140.968114006649245, 40.338268008623778 ], [ 140.968223003066669, 40.338077000975019 ], [ 140.968549993557389, 40.337499005170372 ], [ 140.968069009974641, 40.336813010442803 ], [ 140.967572001841603, 40.336067000916408 ], [ 140.967108005099504, 40.335234009128605 ], [ 140.967065990658227, 40.33471899283326 ], [ 140.967120985493011, 40.334215007889831 ], [ 140.967409003841539, 40.333669004668664 ], [ 140.966847002713564, 40.333092012937968 ], [ 140.965797994089655, 40.332299005148741 ], [ 140.965593011371567, 40.332035992411093 ], [ 140.965619996372396, 40.331721005384807 ], [ 140.965537985575054, 40.331405994602832 ], [ 140.965510006083633, 40.331039007948497 ], [ 140.965290987177241, 40.330745007493178 ], [ 140.964825002073184, 40.330324994173012 ], [ 140.964612009556902, 40.329973012406178 ], [ 140.964515992294508, 40.329711004534339 ], [ 140.964297004969069, 40.329405996482784 ], [ 140.963886014699796, 40.329186011639827 ], [ 140.963557006743088, 40.328922999694036 ], [ 140.963033013609191, 40.328555989284013 ], [ 140.962911999707927, 40.328470991414818 ], [ 140.96254200028531, 40.328176990959498 ], [ 140.962459988868744, 40.327987993834213 ], [ 140.962493991654128, 40.327658002712298 ], [ 140.962659008358628, 40.327437013003532 ], [ 140.962892001529895, 40.327237989392131 ], [ 140.962851011921714, 40.326996012320549 ], [ 140.962740989432717, 40.326775999762617 ], [ 140.962726983586919, 40.326209010762341 ], [ 140.96273400260992, 40.325845996851719 ], [ 140.96295401538768, 40.325488989172122 ], [ 140.962995004995861, 40.325122002517794 ], [ 140.962995999486481, 40.325114010310841 ], [ 140.963049007197753, 40.324681001834811 ], [ 140.963049007197753, 40.324564990908534 ], [ 140.962995004995861, 40.324408013289855 ], [ 140.962898988971943, 40.324291999196156 ], [ 140.962720991873937, 40.324051004026543 ], [ 140.962570011357712, 40.323862008484973 ], [ 140.962582991751219, 40.323598996539182 ], [ 140.962611000965921, 40.323368002516283 ], [ 140.962570011357712, 40.323169004244292 ], [ 140.962108993752793, 40.322980007119007 ], [ 140.961590000937463, 40.322821998503258 ], [ 140.961281985030155, 40.322769999667074 ], [ 140.961062996466239, 40.322881987962681 ], [ 140.961171000250772, 40.323199991961964 ], [ 140.961266985932212, 40.323284009512896 ], [ 140.961417998029361, 40.323463004699612 ], [ 140.960896986509596, 40.323556999641561 ], [ 140.960649988730978, 40.323693996346947 ], [ 140.960471992252224, 40.323787991288896 ], [ 140.960321011116775, 40.32390400379888 ], [ 140.96022598772575, 40.324017000127725 ], [ 140.960169999638822, 40.32408199332793 ], [ 140.960115996817706, 40.324303007584248 ], [ 140.960087987603032, 40.324544005129425 ], [ 140.960018987541673, 40.324744009059089 ], [ 140.959951011694159, 40.325037006232314 ], [ 140.959868007025449, 40.32528998852456 ], [ 140.959759009369549, 40.325479010197391 ], [ 140.95964898873828, 40.325521007095013 ], [ 140.959458011246767, 40.325479010197391 ], [ 140.959347989996274, 40.325446991482643 ], [ 140.959306997911142, 40.325321001581642 ], [ 140.959265016289294, 40.325132004456357 ], [ 140.959168997788424, 40.324932001318558 ], [ 140.959086986991082, 40.324744009059089 ], [ 140.95892299511965, 40.324564990908534 ], [ 140.9587859888683, 40.324375992991399 ], [ 140.95864798626863, 40.3242709888695 ], [ 140.958483995016451, 40.324228993555593 ], [ 140.958319008654428, 40.324261013062198 ], [ 140.958222992011258, 40.324387001379485 ], [ 140.958127007568294, 40.324534001607148 ], [ 140.958004005305042, 40.324681001834811 ], [ 140.957975995471116, 40.324701989197628 ], [ 140.957894014397027, 40.324649009251324 ], [ 140.957881003661043, 40.324544005129425 ], [ 140.957757006907201, 40.324460012126046 ], [ 140.957591991441149, 40.324597007247711 ], [ 140.957427998950493, 40.324681001834811 ], [ 140.957332013269053, 40.324522993219055 ], [ 140.957304997925718, 40.324313011898383 ], [ 140.957318008042478, 40.324019011443063 ], [ 140.957373002877262, 40.323809003991123 ], [ 140.957398000754608, 40.323592990308164 ], [ 140.957442003557844, 40.323210998766342 ], [ 140.957502992582533, 40.322763992644191 ], [ 140.957668009906286, 40.322439002095628 ], [ 140.958052012697777, 40.322218012386863 ], [ 140.958546008254984, 40.322091997938308 ], [ 140.9587649968189, 40.32194600257646 ], [ 140.958902001831774, 40.321630011476216 ], [ 140.958916007677601, 40.32127300379662 ], [ 140.958894984047248, 40.320965004903329 ], [ 140.958874986488439, 40.320674998571839 ], [ 140.958847006997019, 40.32027599399462 ], [ 140.95886101160437, 40.320003006241521 ], [ 140.958928986832632, 40.319729989981596 ], [ 140.958971002512385, 40.319540994440025 ], [ 140.958956997905034, 40.319236011727881 ], [ 140.958896009499568, 40.318852990772697 ], [ 140.958716988187717, 40.31865399170885 ], [ 140.958483995016451, 40.318391003518748 ], [ 140.958236997857085, 40.317960006358049 ], [ 140.958141012175645, 40.31765600396416 ], [ 140.957881003661043, 40.317161997995463 ], [ 140.957592985312516, 40.316102006308597 ], [ 140.957284997270762, 40.315066998483942 ], [ 140.957120013385662, 40.313997006442222 ], [ 140.95709305872731, 40.313598001865003 ], [ 140.95709305872731, 40.31359699541548 ], [ 140.95709299680388, 40.313230008761145 ], [ 140.95713398641206, 40.312903989591078 ], [ 140.957270995140362, 40.312473997296188 ], [ 140.957299003735812, 40.312249991406283 ], [ 140.957325989975118, 40.312032995821347 ], [ 140.957325989975118, 40.311675989725458 ], [ 140.957270995140362, 40.311403000388651 ], [ 140.957120013385662, 40.310931011196139 ], [ 140.957003999183712, 40.310579004089895 ], [ 140.956894007656473, 40.310106010823425 ], [ 140.956894007656473, 40.309643997438215 ], [ 140.95696300709858, 40.30909799263334 ], [ 140.95720901100583, 40.308352007654491 ], [ 140.957422005999064, 40.307224008169989 ], [ 140.957559012869638, 40.306897989791779 ], [ 140.957572985276784, 40.306519996333073 ], [ 140.957448990999893, 40.306195008951931 ], [ 140.957176002091813, 40.305543997649586 ], [ 140.956886988633443, 40.304725005091605 ], [ 140.956490005448472, 40.304115993062453 ], [ 140.956072991885264, 40.303606005055428 ], [ 140.955893006425299, 40.303385992497503 ], [ 140.955606013529092, 40.303165002788738 ], [ 140.955303989334737, 40.302956000202606 ], [ 140.955044011162641, 40.302755994689235 ], [ 140.954892999065464, 40.302608994461572 ], [ 140.954605011059442, 40.302242010974673 ], [ 140.954235012256078, 40.301768989201371 ], [ 140.953906003680117, 40.30135900157547 ], [ 140.95341200812291, 40.301054999973438 ], [ 140.952672010516153, 40.300791988027648 ], [ 140.951210986789903, 40.300355987918017 ], [ 140.950539988006028, 40.300294013274524 ], [ 140.950045993687297, 40.30018900677706 ], [ 140.949798995289456, 40.300146006597345 ], [ 140.949497997166674, 40.299989002847397 ], [ 140.948703002867433, 40.299631993584086 ], [ 140.948264004002709, 40.299390997622616 ], [ 140.947797987317699, 40.299265010097187 ], [ 140.946959985325066, 40.299218990568903 ], [ 140.946838008514163, 40.299212004811473 ], [ 140.946288986541219, 40.299137990782825 ], [ 140.945946998191005, 40.298918004356153 ], [ 140.945323014786197, 40.298450991981298 ], [ 140.944939009517782, 40.298052010367918 ], [ 140.944664995157382, 40.297600004464272 ], [ 140.944595995715247, 40.297295999694811 ], [ 140.944458989463897, 40.297043994553398 ], [ 140.944199011291801, 40.29666600188655 ], [ 140.944047999194623, 40.29641399674513 ], [ 140.943965987778057, 40.296265993235373 ], [ 140.944021014193794, 40.296088004498181 ], [ 140.944191993507246, 40.295757006926742 ], [ 140.944535007929034, 40.29544199614476 ], [ 140.944919011958973, 40.295032991212686 ], [ 140.945166008499115, 40.294759999500307 ], [ 140.945178988892621, 40.294402991820711 ], [ 140.945097009057008, 40.293899010044711 ], [ 140.94485001127839, 40.293530993977022 ], [ 140.944741014860966, 40.29330000074598 ], [ 140.944424986678513, 40.292806999643098 ], [ 140.944205998114597, 40.292491988069258 ], [ 140.944131004482557, 40.292140006302425 ], [ 140.944230002120577, 40.291827006043917 ], [ 140.944254007365032, 40.291752010113292 ], [ 140.94444600907039, 40.291500006555594 ], [ 140.944501003905174, 40.291288992654131 ], [ 140.944506996856632, 40.29114799944935 ], [ 140.944357009592551, 40.290590987840091 ], [ 140.944328999758596, 40.289982001150342 ], [ 140.94456298680123, 40.289216011502504 ], [ 140.944630992371998, 40.288911001075377 ], [ 140.944616987764647, 40.288334010136538 ], [ 140.944590002144565, 40.288144988463706 ], [ 140.944782005707623, 40.287997007917781 ], [ 140.945961002798356, 40.287588001402 ], [ 140.946303986877638, 40.28741001187295 ], [ 140.947031003471636, 40.287419987680252 ], [ 140.947516986753726, 40.287342001699749 ], [ 140.94831201263392, 40.28714199856195 ], [ 140.94897099269545, 40.287068988607246 ], [ 140.949574015631811, 40.287088993276235 ], [ 140.950656997317822, 40.287257003830554 ], [ 140.950716991232696, 40.287263991963549 ], [ 140.951520990439946, 40.287352006013883 ], [ 140.952383991548402, 40.287425996286842 ], [ 140.952782000185721, 40.28697401176332 ], [ 140.953392009944878, 40.285950012326765 ], [ 140.953763003238862, 40.285267990342902 ], [ 140.954256004305478, 40.284764006983195 ], [ 140.954462011856634, 40.284732993926113 ], [ 140.955435002634658, 40.284826988868069 ], [ 140.956106994670648, 40.284826988868069 ], [ 140.956778986087386, 40.28473198747659 ], [ 140.956860998742457, 40.284542990351312 ], [ 140.956709985406803, 40.284039988893575 ], [ 140.956778986087386, 40.283725001075432 ], [ 140.956888014085791, 40.283483001040011 ], [ 140.957259007379747, 40.28321001091134 ], [ 140.957382010262222, 40.282811006334121 ], [ 140.957502992582533, 40.282441006666076 ], [ 140.957505010048521, 40.282432988327869 ], [ 140.957574010729132, 40.282044992138736 ], [ 140.957210998748565, 40.281849987990576 ], [ 140.95686798494603, 40.281576997861912 ], [ 140.956634993013239, 40.281272995468022 ], [ 140.956333000399866, 40.280883992829374 ], [ 140.955991010811175, 40.280622011880652 ], [ 140.955441989457455, 40.280348995620727 ], [ 140.954866014064635, 40.280116997523869 ], [ 140.954551010715278, 40.279981005684299 ], [ 140.954276996354849, 40.27974998869756 ], [ 140.953981990564301, 40.278736995273519 ], [ 140.953686985392949, 40.277986008929467 ], [ 140.953633014772038, 40.277281997092544 ], [ 140.953467996829062, 40.276641995761999 ], [ 140.953194015288062, 40.276053995643217 ], [ 140.95283799013032, 40.275823000828453 ], [ 140.952699990007602, 40.275634005286889 ], [ 140.952688002866239, 40.275028989757132 ], [ 140.95267998997187, 40.274600003119907 ], [ 140.952707007792128, 40.273917000025932 ], [ 140.952693002565553, 40.273454989808144 ], [ 140.952939998486471, 40.273098005092386 ], [ 140.952913014104837, 40.272752005800875 ], [ 140.952776008472739, 40.272416007656076 ], [ 140.952810010638871, 40.271758994873849 ], [ 140.952768989449737, 40.271255990248683 ], [ 140.952426006608931, 40.270939999940303 ], [ 140.951987007124956, 40.270635997546414 ], [ 140.951069011181715, 40.270226009920506 ], [ 140.950651003127916, 40.26989599345918 ], [ 140.950266999097948, 40.269486007416994 ], [ 140.949828000233225, 40.269087002839775 ], [ 140.949690992124175, 40.268676989874464 ], [ 140.949690992124175, 40.268382989419138 ], [ 140.949732013313309, 40.268121007678566 ], [ 140.949732013313309, 40.267742989672307 ], [ 140.949581002454607, 40.267406992319366 ], [ 140.94946399438129, 40.267250993435233 ], [ 140.949286991154651, 40.267012989107357 ], [ 140.948792995597444, 40.266551002645272 ], [ 140.948505007591393, 40.266309001817987 ], [ 140.94824499907682, 40.266068005064668 ], [ 140.94810799282547, 40.265732007711726 ], [ 140.947779015211239, 40.265070997638233 ], [ 140.947476991016885, 40.264723991897206 ], [ 140.947258003691445, 40.264461005290819 ], [ 140.947209995060263, 40.264151999948005 ], [ 140.94730601108418, 40.263899994806586 ], [ 140.94730601108418, 40.263595012094441 ], [ 140.947209995060263, 40.263196007517223 ], [ 140.947181985226337, 40.262860010164275 ], [ 140.94722400090609, 40.26224099698841 ], [ 140.947264991133494, 40.261756992958283 ], [ 140.947189003010863, 40.261468999525839 ], [ 140.946942999103612, 40.260974993557149 ], [ 140.946791987006463, 40.260755010297906 ], [ 140.946653986883746, 40.26016700938726 ], [ 140.946489994393062, 40.259579006892899 ], [ 140.946326996392997, 40.258944007719428 ], [ 140.946326001902406, 40.258938001488403 ], [ 140.945783999571688, 40.258313006629066 ], [ 140.945701987535898, 40.258082011814309 ], [ 140.945948985314487, 40.257862000840092 ], [ 140.946386990927095, 40.257598988102444 ], [ 140.946572007048104, 40.257352991567615 ], [ 140.946764008134238, 40.25704800885547 ], [ 140.947025010520207, 40.256418011047202 ], [ 140.947642007721413, 40.255850995915665 ], [ 140.948026010512905, 40.25543100397563 ], [ 140.948643007714111, 40.255179001209783 ], [ 140.948936989910067, 40.254985003511145 ], [ 140.94899198474485, 40.254637998561968 ], [ 140.948936989910067, 40.253787990571347 ], [ 140.949074990032784, 40.253389011333532 ], [ 140.949320993940034, 40.253042005592498 ], [ 140.949680993344771, 40.252743003771961 ], [ 140.949977985639606, 40.252530005478292 ], [ 140.950396988803249, 40.252336988889773 ], [ 140.950913994495068, 40.252284008943462 ], [ 140.95143199158133, 40.252243997229918 ], [ 140.951644987193788, 40.252143994473229 ], [ 140.951957010167519, 40.251968995785916 ], [ 140.952338001002431, 40.251520003687844 ], [ 140.952580993572326, 40.251338999561369 ], [ 140.953328010821309, 40.250994005135666 ], [ 140.953601991123804, 40.25088900022191 ], [ 140.953929013195506, 40.250761000589286 ], [ 140.954127008471545, 40.250655997259251 ], [ 140.954233987422981, 40.250557000952085 ], [ 140.954294013538032, 40.250358001888237 ], [ 140.954363013599391, 40.250084006893765 ], [ 140.954488996857492, 40.249432995591413 ], [ 140.954565015322629, 40.249303992676694 ], [ 140.954626003108842, 40.249065005654991 ], [ 140.954883994157456, 40.248382005728438 ], [ 140.954991003451369, 40.248126004087624 ], [ 140.955065003212042, 40.247635994618335 ], [ 140.954891011941982, 40.247605007692513 ], [ 140.95456600981322, 40.247520009823319 ], [ 140.954020994287447, 40.247355993392837 ], [ 140.953676985994321, 40.247313997287073 ], [ 140.953249009503622, 40.247239001356448 ], [ 140.95278898762777, 40.24715799840294 ], [ 140.952383991548402, 40.247079009140336 ], [ 140.951716999211726, 40.246961009070709 ], [ 140.95107900996112, 40.24689998782236 ], [ 140.950439003244526, 40.246818006134312 ], [ 140.949592988976747, 40.246799005539273 ], [ 140.949035987548086, 40.246855001666717 ], [ 140.948827992254166, 40.246915999159377 ], [ 140.948769986082056, 40.246932007328965 ], [ 140.94848398396104, 40.247009993309469 ], [ 140.94790800856822, 40.246995994871497 ], [ 140.947166986128366, 40.246995994871497 ], [ 140.946763014882123, 40.246953997973883 ], [ 140.946671997319044, 40.246888000699727 ], [ 140.946529991368379, 40.246784000651779 ], [ 140.9463759976571, 40.246747005119374 ], [ 140.945971996068351, 40.246610990315965 ], [ 140.944939009517782, 40.246383011682347 ], [ 140.944675988427377, 40.246260994525052 ], [ 140.944486004807231, 40.246171999364599 ], [ 140.94416100267847, 40.245856987790766 ], [ 140.943885995065926, 40.245606994756535 ], [ 140.943745013329107, 40.245363007953337 ], [ 140.943609994201267, 40.245132995040549 ], [ 140.943523013427864, 40.244780987934305 ], [ 140.943511989815363, 40.244733990463331 ], [ 140.943492984889474, 40.244507997013784 ], [ 140.943530000869913, 40.244245010407397 ], [ 140.943530000869913, 40.243921001760803 ], [ 140.943484010323914, 40.243711999174678 ], [ 140.94343500905984, 40.243524008498916 ], [ 140.943318992380938, 40.243316992680569 ], [ 140.94313500356995, 40.24303500547915 ], [ 140.942853008515357, 40.242827986493381 ], [ 140.942700009294697, 40.242710996040699 ], [ 140.942460992829496, 40.242527001072489 ], [ 140.941980009865972, 40.242144005456716 ], [ 140.941784001094192, 40.24193299234711 ], [ 140.941649012308829, 40.241712001846487 ], [ 140.941532996868403, 40.241533986978034 ], [ 140.941186009438098, 40.241268009529911 ], [ 140.940825016161995, 40.241028998752512 ], [ 140.940273013194201, 40.240590991286837 ], [ 140.940156997753775, 40.24048299394763 ], [ 140.940082999231549, 40.2402480058009 ], [ 140.940300992066398, 40.239587999009508 ], [ 140.940393002262368, 40.23932998763707 ], [ 140.940502993170384, 40.239086001625722 ], [ 140.940669004365503, 40.238545000561622 ], [ 140.940753996776948, 40.238371005156409 ], [ 140.940911002444807, 40.238139007851409 ], [ 140.941113004168045, 40.237570006743944 ], [ 140.941205013744764, 40.23735899600991 ], [ 140.941284013204779, 40.237096006236101 ], [ 140.941300006174089, 40.236991002906059 ], [ 140.941364005916881, 40.236555005963858 ], [ 140.94136698691176, 40.236087990421581 ], [ 140.94136698691176, 40.236087010103319 ], [ 140.94136698691176, 40.235565987576948 ], [ 140.941134988231084, 40.234504013081576 ], [ 140.941123002947421, 40.23432099843162 ], [ 140.941100985445701, 40.233980000505326 ], [ 140.941020992733598, 40.233731010753196 ], [ 140.940880010996779, 40.233143988577098 ], [ 140.940873985225892, 40.232992993433747 ], [ 140.940807004488221, 40.232626988681396 ], [ 140.940837995317025, 40.232348997187515 ], [ 140.941207994739642, 40.231745992973096 ], [ 140.941943987137677, 40.230683990762749 ], [ 140.942114998651334, 40.230424999072049 ], [ 140.942201015895876, 40.230199986732622 ], [ 140.942247005822622, 40.229665996765348 ], [ 140.94227100920935, 40.22936599007901 ], [ 140.94225899172551, 40.229051003844582 ], [ 140.94219800270082, 40.228693996164978 ], [ 140.94210599250485, 40.228398008941873 ], [ 140.942074008423901, 40.228313991390941 ], [ 140.941989014774009, 40.228087998733251 ], [ 140.941723013307978, 40.227686003314297 ], [ 140.94147200908219, 40.227450989036299 ], [ 140.94095099818162, 40.22690599068094 ], [ 140.940778994654295, 40.226876987355482 ], [ 140.94059599909545, 40.226891992242969 ], [ 140.940227986796316, 40.227000012546014 ], [ 140.939701012667598, 40.227159001480025 ], [ 140.939185994718486, 40.227243999349213 ], [ 140.938647003725151, 40.227304995258159 ], [ 140.937957994505979, 40.227336009898956 ], [ 140.937326992078169, 40.227284008687199 ], [ 140.936842997777291, 40.227218010621186 ], [ 140.936235999355489, 40.227039997336441 ], [ 140.935746010864705, 40.226837002565048 ], [ 140.934777987585818, 40.226401002455418 ], [ 140.93458098680037, 40.226292002625975 ], [ 140.934330015394011, 40.226118990706446 ], [ 140.934096991880267, 40.226080991891941 ], [ 140.933450990973739, 40.226153999471073 ], [ 140.932892995673711, 40.226247995204879 ], [ 140.932424991865219, 40.226307007513469 ], [ 140.932114987595952, 40.226345987438094 ], [ 140.931796008761125, 40.226374989179838 ], [ 140.931490009081301, 40.226431010646692 ], [ 140.93094499417478, 40.22650201166163 ], [ 140.930490996212114, 40.226478008117667 ], [ 140.930203008206064, 40.226469009461198 ], [ 140.929533004532033, 40.226366996972892 ], [ 140.929128007214217, 40.226302006148259 ], [ 140.928466014576856, 40.226194011184624 ], [ 140.927792005074878, 40.226108985600455 ], [ 140.927406012682951, 40.226090011928534 ], [ 140.926994992071201, 40.226080991891941 ], [ 140.926573009770408, 40.226085991673443 ], [ 140.926357996691962, 40.226118990706446 ], [ 140.925966012587054, 40.226127989362922 ], [ 140.925337991773347, 40.226074002967096 ], [ 140.92501901293852, 40.226008005692933 ], [ 140.924744006564453, 40.225961008221958 ], [ 140.924217000854753, 40.225881010926123 ], [ 140.923848990413347, 40.225777992780152 ], [ 140.923590999364762, 40.225706990973357 ], [ 140.923039990887531, 40.225532999527424 ], [ 140.92256198953811, 40.225392006322643 ], [ 140.922230991980967, 40.225298991698949 ], [ 140.921726005011465, 40.225099012316839 ], [ 140.921628995116151, 40.225061990653167 ], [ 140.9211380108963, 40.224872993527889 ], [ 140.92058600854773, 40.22456800923203 ], [ 140.919949013168491, 40.2241350023397 ], [ 140.919502002647846, 40.223890990988949 ], [ 140.919102999519936, 40.223702997145764 ], [ 140.918797001078616, 40.223609002203816 ], [ 140.918205996245348, 40.223488995569994 ], [ 140.917751998282654, 40.223436994358238 ], [ 140.917237010676047, 40.223526995176357 ], [ 140.916533002978184, 40.22364401255215 ], [ 140.91607900501549, 40.223734011786561 ], [ 140.915576998421614, 40.223813005008445 ], [ 140.915226998415505, 40.223752007515785 ], [ 140.914881001760421, 40.223694001656717 ], [ 140.914373002215086, 40.223600006714769 ], [ 140.913979992657858, 40.223515006470009 ], [ 140.913201985199294, 40.223421011528053 ], [ 140.911940013782385, 40.223265992962183 ], [ 140.911226999318757, 40.223165009887239 ], [ 140.910714000074108, 40.223092000724392 ], [ 140.910453991559535, 40.223094010456016 ], [ 140.910226991339727, 40.223184012065985 ], [ 140.909835007234818, 40.223433000234408 ], [ 140.909620988646964, 40.223521994603004 ], [ 140.909319989904958, 40.223540995198036 ], [ 140.90902001599602, 40.223502994799823 ], [ 140.908775005340914, 40.223394999836188 ], [ 140.908444009641471, 40.223254004255836 ], [ 140.908242007918233, 40.223165009887239 ], [ 140.907953989569734, 40.223018989977838 ], [ 140.907598988006583, 40.222896997368089 ], [ 140.907199984878673, 40.222761004736661 ], [ 140.906900010969764, 40.222657007064292 ], [ 140.906324005234438, 40.222506990655489 ], [ 140.905925995977896, 40.222337999782908 ], [ 140.905471996157502, 40.222145005366372 ], [ 140.905150999856687, 40.221927006499342 ], [ 140.90500998777739, 40.221710011706264 ], [ 140.904973002139457, 40.221564998246386 ], [ 140.904776994606152, 40.220953999449442 ], [ 140.904751996728805, 40.220724012667922 ], [ 140.90457399963077, 40.219961993388225 ], [ 140.904549995624791, 40.219760002690784 ], [ 140.904411995502073, 40.219066999241953 ], [ 140.904424012985942, 40.218865007752662 ], [ 140.90436199974738, 40.218462007467892 ], [ 140.904345014145179, 40.218353008430306 ], [ 140.904247009759274, 40.218155994550528 ], [ 140.904026003110147, 40.21792100323637 ], [ 140.903909988908197, 40.217822006929204 ], [ 140.903704012318741, 40.217649999875484 ], [ 140.90317101489606, 40.21732599043704 ], [ 140.902896007283545, 40.217105000728274 ], [ 140.902767012688088, 40.216941010429046 ], [ 140.902552993481009, 40.216728993245489 ], [ 140.902181999567802, 40.216482995126952 ], [ 140.901869014303657, 40.216314004254379 ], [ 140.901514015217458, 40.216248006980223 ], [ 140.900980984975348, 40.216191005986964 ], [ 140.900153012104596, 40.216097008669443 ], [ 140.89946099216732, 40.215941993271002 ], [ 140.898532996206228, 40.215624995721235 ], [ 140.898043008953891, 40.215394001698336 ], [ 140.89728301131143, 40.214925002555702 ], [ 140.896491992497658, 40.214361005189019 ], [ 140.895938003025577, 40.21387401190087 ], [ 140.895834006307467, 40.213733997430637 ], [ 140.895777986020391, 40.213654000926653 ], [ 140.895845991591131, 40.213550001670562 ], [ 140.895899993173771, 40.213515997771751 ], [ 140.896047993314369, 40.213423006903753 ], [ 140.89644000900023, 40.213263995005903 ], [ 140.8970339954476, 40.213000001158136 ], [ 140.897383997311408, 40.212855010662096 ], [ 140.897787998900156, 40.212741989785705 ], [ 140.89841900008949, 40.212578001070192 ], [ 140.898689008621943, 40.21252100007694 ], [ 140.898940012228508, 40.212470006106557 ], [ 140.899099998891217, 40.212394003726409 ], [ 140.899149000774543, 40.212276988726181 ], [ 140.899192007848711, 40.212116994134504 ], [ 140.899145987579487, 40.211898994475618 ], [ 140.899065994867357, 40.211697004570034 ], [ 140.898956003340118, 40.211480008985106 ], [ 140.898753008983988, 40.210954010432928 ], [ 140.898600009763328, 40.21055000528235 ], [ 140.898521010303341, 40.210010008292208 ], [ 140.898504986991526, 40.209857000249812 ], [ 140.898400989034968, 40.209560990062869 ], [ 140.8982909993654, 40.209001990102117 ], [ 140.898326990512743, 40.208808998853002 ], [ 140.898375992396069, 40.208489009669648 ], [ 140.898566006977944, 40.20827299598669 ], [ 140.898651992641504, 40.208146000428016 ], [ 140.898676991138103, 40.208062007424637 ], [ 140.898616002113414, 40.208015010745513 ], [ 140.898334008297297, 40.20797200977394 ], [ 140.897980993857658, 40.207900003893194 ], [ 140.897589010991226, 40.207777004042072 ], [ 140.897240002379533, 40.207541989764074 ], [ 140.896896988576998, 40.20735000258891 ], [ 140.896597014668089, 40.207185008215738 ], [ 140.896314989271019, 40.206945997438339 ], [ 140.896191987007768, 40.206753006189224 ], [ 140.896145997700273, 40.206558000457349 ], [ 140.896115998885136, 40.206356011343622 ], [ 140.896072991191716, 40.206125998430842 ], [ 140.895962007650809, 40.205900005773152 ], [ 140.895889001142251, 40.205811012988264 ], [ 140.895777986020391, 40.205645990900116 ], [ 140.895643990487144, 40.20555199516631 ], [ 140.895509001701782, 40.205426005265302 ], [ 140.895257999333694, 40.205232987884926 ], [ 140.895025007400903, 40.205105994701825 ], [ 140.894804001371, 40.204970001278539 ], [ 140.894571008199762, 40.20483800593837 ], [ 140.89407800775237, 40.204479011490989 ], [ 140.893863989164515, 40.20428099353726 ], [ 140.893710989943855, 40.204092999694076 ], [ 140.893532991607373, 40.203924009613353 ], [ 140.893220005724004, 40.203684999627811 ], [ 140.893054989638728, 40.203534002900746 ], [ 140.892908014331226, 40.203336989020968 ], [ 140.892540002032121, 40.202881009581752 ], [ 140.892417994878713, 40.202716994734985 ], [ 140.892220992854789, 40.202421009095595 ], [ 140.892043988389673, 40.202218012740481 ], [ 140.891751995794152, 40.201999988534048 ], [ 140.891580986138194, 40.201881989256279 ], [ 140.891323988960949, 40.201792996471397 ], [ 140.890926011904611, 40.201582007909344 ], [ 140.890771986612378, 40.201388989737112 ], [ 140.89063699844624, 40.201182000050025 ], [ 140.890582003611485, 40.201102001170476 ], [ 140.89041698566848, 40.200985010717794 ], [ 140.890153003526137, 40.200904988874406 ], [ 140.889890013397462, 40.200843991381753 ], [ 140.889823993092477, 40.200806995849341 ], [ 140.889669006748335, 40.200721999563861 ], [ 140.889516007527646, 40.200543003585288 ], [ 140.889365990540313, 40.200155007396162 ], [ 140.889316988037763, 40.199751002245584 ], [ 140.889390987179212, 40.199440992036962 ], [ 140.889599012815609, 40.198843992469847 ], [ 140.890172007213579, 40.197896998695533 ], [ 140.890429004390796, 40.197686010925338 ], [ 140.89083999466007, 40.197351998756467 ], [ 140.891060004960906, 40.197202010062639 ], [ 140.891164002917463, 40.197084991894982 ], [ 140.891238003297389, 40.196952994179249 ], [ 140.891263001174735, 40.196756004847018 ], [ 140.891357991746332, 40.196141992244506 ], [ 140.891381996990788, 40.195889008368539 ], [ 140.891468014854553, 40.195155993206164 ], [ 140.891510990966992, 40.194910999953436 ], [ 140.891559994088794, 40.194813006928371 ], [ 140.891707000358025, 40.194539993835868 ], [ 140.891884996217556, 40.194164011692493 ], [ 140.892022996340273, 40.193870989179864 ], [ 140.891979989266105, 40.193625999094557 ], [ 140.891881984260976, 40.193344010309424 ], [ 140.891881984260976, 40.193108996031427 ], [ 140.891961014682693, 40.192870010593438 ], [ 140.892047002823205, 40.192780993261003 ], [ 140.89229701008145, 40.192658999859404 ], [ 140.892464015147937, 40.192577997697754 ], [ 140.892634995080641, 40.192527002143663 ], [ 140.892683996344743, 40.192466006234717 ], [ 140.89256198795286, 40.192414006606676 ], [ 140.892353000026048, 40.192287011839859 ], [ 140.892101997038736, 40.192112995054522 ], [ 140.891338988058891, 40.191594006807321 ], [ 140.891081991500897, 40.191372992551003 ], [ 140.889461012692891, 40.190182008806062 ], [ 140.888392004652474, 40.189409008061389 ], [ 140.887390009549932, 40.188683003995841 ], [ 140.88643400499339, 40.187982008340072 ], [ 140.885913987964216, 40.187602003566028 ], [ 140.885206005400107, 40.187091987844035 ], [ 140.884736015087327, 40.18674900473367 ], [ 140.884668007658888, 40.186699997531072 ], [ 140.8846030140447, 40.186651993610575 ], [ 140.884463987850438, 40.186551990853893 ], [ 140.884260994113532, 40.186395991969761 ], [ 140.884103989064926, 40.18627698940989 ], [ 140.883480997673786, 40.185802009375642 ], [ 140.882405996681939, 40.185020012350073 ], [ 140.881440987836584, 40.18431200243004 ], [ 140.8809469928986, 40.18396700642063 ], [ 140.880462997359245, 40.183646994273438 ], [ 140.880224011855773, 40.183412006126701 ], [ 140.879924005746659, 40.183158996119481 ], [ 140.879783986300254, 40.183091013661254 ], [ 140.879673001520871, 40.183037002717874 ], [ 140.879385015991772, 40.182976006017078 ], [ 140.879145997049648, 40.182929008546097 ], [ 140.878924992877472, 40.182853006165949 ], [ 140.878692993577573, 40.182707992706071 ], [ 140.878440996718865, 40.182407003325899 ], [ 140.878348985284447, 40.182251987135601 ], [ 140.878172013019508, 40.182006997050294 ], [ 140.877927004222101, 40.181414998056539 ], [ 140.877792015436739, 40.18121398846921 ], [ 140.877638984635126, 40.181039996231419 ], [ 140.877344009806279, 40.18086999970118 ], [ 140.877087012629033, 40.18080900220852 ], [ 140.876620997182499, 40.180729005704542 ], [ 140.876309004551246, 40.18065400977391 ], [ 140.876094987201867, 40.180526990459548 ], [ 140.875899010630292, 40.180274006583588 ], [ 140.875744985957283, 40.179986993469406 ], [ 140.87559801250751, 40.179793999052862 ], [ 140.875432994564505, 40.179620006815071 ], [ 140.875052996362513, 40.179474990979628 ], [ 140.874807985088154, 40.179408992913615 ], [ 140.874612009135802, 40.179306000107047 ], [ 140.874372992670601, 40.179254000479006 ], [ 140.873828007487333, 40.179160006328907 ], [ 140.873538995267438, 40.179085010398282 ], [ 140.873221010923231, 40.17896201054716 ], [ 140.872883989452902, 40.178740996290841 ], [ 140.872699999403437, 40.178535008302141 ], [ 140.872497997060975, 40.17828599558618 ], [ 140.872412011397415, 40.178223994811425 ], [ 140.872087009268654, 40.178135000442829 ], [ 140.871749987798324, 40.178140001808039 ], [ 140.871491997368963, 40.178228996176635 ], [ 140.87089500020349, 40.178181998705661 ], [ 140.87053400568891, 40.178132989127498 ], [ 140.870248004806371, 40.178110996898866 ], [ 140.86974099851318, 40.17803499768614 ], [ 140.869118009598992, 40.177937005452932 ], [ 140.868488001661774, 40.177834011062657 ], [ 140.868226004785214, 40.177738006389085 ], [ 140.867748002197317, 40.177519001072532 ], [ 140.867059986230288, 40.177189991852586 ], [ 140.866471993972851, 40.176814988443759 ], [ 140.865726001556936, 40.176284992600323 ], [ 140.865014012545657, 40.175818005564878 ], [ 140.864350002442308, 40.175391004111717 ], [ 140.863970996873206, 40.175138998970304 ], [ 140.863278014026292, 40.174749997915363 ], [ 140.862787993954527, 40.174524005257673 ], [ 140.862066004925396, 40.174246993290204 ], [ 140.861887014575245, 40.174155009663579 ], [ 140.861553006919223, 40.173983003401716 ], [ 140.860882008754572, 40.173645998807395 ], [ 140.860672989246808, 40.173529007562863 ], [ 140.860299015577226, 40.173278989981085 ], [ 140.860230014896615, 40.173193990528183 ], [ 140.8601830001368, 40.173136010800377 ], [ 140.860177007185342, 40.173019998290393 ], [ 140.860166013915347, 40.172914994960351 ], [ 140.860118999774755, 40.172842989079605 ], [ 140.859985004241508, 40.172663997060312 ], [ 140.859768999149395, 40.172454994474187 ], [ 140.859675993843609, 40.172231012339971 ], [ 140.859589014927906, 40.172039000617261 ], [ 140.859424990856269, 40.17181599800945 ], [ 140.859250999586209, 40.171591992119545 ], [ 140.859181005034259, 40.171433004769248 ], [ 140.859162993979709, 40.171173986947288 ], [ 140.85921600169101, 40.170900999194195 ], [ 140.859354996304319, 40.170624010982408 ], [ 140.859553986690202, 40.170487996179006 ], [ 140.859646991376763, 40.170372008216567 ], [ 140.859694004278907, 40.170229004488306 ], [ 140.859723008603424, 40.169965011432396 ], [ 140.859809989376828, 40.169751006689204 ], [ 140.859821943698762, 40.16956799441482 ], [ 140.859822038441649, 40.169567012512843 ], [ 140.859838991843674, 40.16941699610404 ], [ 140.859883987899053, 40.168992004382503 ], [ 140.859975999333471, 40.168799013133388 ], [ 140.860158995511568, 40.168658998663155 ], [ 140.861141986926697, 40.167921007474966 ], [ 140.8614400040546, 40.167586995306095 ], [ 140.861485993981347, 40.167340997979416 ], [ 140.861485993981347, 40.166902006236199 ], [ 140.861485993981347, 40.165917992381928 ], [ 140.861668990159444, 40.165673000712914 ], [ 140.86203399050197, 40.165374000476092 ], [ 140.862788987825894, 40.164846995474392 ], [ 140.863201001689788, 40.164424993802733 ], [ 140.863353007039109, 40.164247004273683 ], [ 140.863773002216391, 40.163758002045775 ], [ 140.864162005945673, 40.163687001030837 ], [ 140.86434500212377, 40.16365199226621 ], [ 140.86466500703014, 40.163546988144311 ], [ 140.865488010544084, 40.163195007961185 ], [ 140.865671006722181, 40.16312498726451 ], [ 140.866632010978037, 40.162457995507552 ], [ 140.866929003892125, 40.162247007737349 ], [ 140.867271987352154, 40.161561994911757 ], [ 140.867592984891445, 40.160947001990984 ], [ 140.867866998632621, 40.160524999527468 ], [ 140.868782012961759, 40.159523995601639 ], [ 140.869101984429477, 40.159489011384558 ], [ 140.871492991240331, 40.159939009140302 ], [ 140.872086014778063, 40.160085006085865 ], [ 140.872931998084113, 40.160147006860619 ], [ 140.873613990137954, 40.160347010790275 ], [ 140.874801992136724, 40.160683988461479 ], [ 140.875468985092624, 40.160783991218167 ], [ 140.876196997415718, 40.160646992929074 ], [ 140.877302989236341, 40.160247989935563 ], [ 140.878262999620858, 40.160097998074313 ], [ 140.879417993324836, 40.159911013056217 ], [ 140.880018998175984, 40.159822997422168 ], [ 140.880734991776734, 40.160023002143681 ], [ 140.880995000291335, 40.159986006611277 ], [ 140.881725000976388, 40.159412007306024 ], [ 140.881726986861423, 40.159411000856501 ], [ 140.882394011398276, 40.15901098982976 ], [ 140.882913997465749, 40.158398986958872 ], [ 140.883597012494988, 40.157325000001457 ], [ 140.882702991453698, 40.156787012742925 ], [ 140.882377986848013, 40.156350006183779 ], [ 140.882263990731275, 40.155925993988646 ], [ 140.882604987067822, 40.155412989800482 ], [ 140.882833010263028, 40.155025999269021 ], [ 140.882882012146354, 40.154776004651076 ], [ 140.882947005760514, 40.154101999421719 ], [ 140.88314199031845, 40.153590000099371 ], [ 140.883061003734952, 40.153114993933855 ], [ 140.882833010263028, 40.152577987785442 ], [ 140.882586013722886, 40.151587012721301 ], [ 140.882459005631688, 40.151079008314639 ], [ 140.88236100062656, 40.150853995975204 ], [ 140.881872999259258, 40.150540994924846 ], [ 140.881336991118474, 40.150066994417003 ], [ 140.880506998924034, 40.149542002314348 ], [ 140.879921987661447, 40.149367005210749 ], [ 140.879482988177472, 40.149030000616428 ], [ 140.879092990576851, 40.148505007721916 ], [ 140.878994986190946, 40.148130004313089 ], [ 140.878849004754812, 40.147929998799718 ], [ 140.878572010018786, 40.147829996043029 ], [ 140.877908992548328, 40.147080996466755 ], [ 140.877177005978268, 40.1462319941338 ], [ 140.876949012506316, 40.145832010822033 ], [ 140.876852003230255, 40.144994995611711 ], [ 140.876448993035922, 40.144567993366692 ], [ 140.876379993593815, 40.144495007959542 ], [ 140.875729986859341, 40.144083010602017 ], [ 140.875452992123314, 40.14379599907155 ], [ 140.874899996522601, 40.143446000905065 ], [ 140.874559001424529, 40.143130990914948 ], [ 140.874534996799298, 40.143107993820507 ], [ 140.874534002308707, 40.143040990096829 ], [ 140.874525991891289, 40.142533991347833 ], [ 140.874347994793254, 40.141759004627239 ], [ 140.874331008571829, 40.140784992711531 ], [ 140.874266014338417, 40.139922996806412 ], [ 140.874623995038689, 40.139513990290631 ], [ 140.873404006482076, 40.138723998682543 ], [ 140.872346986202274, 40.138099000655778 ], [ 140.871493985111698, 40.137636010119735 ], [ 140.871190998626957, 40.137412003437973 ], [ 140.870791002246904, 40.13702400724884 ], [ 140.870470997959757, 40.13647098897156 ], [ 140.870178010254421, 40.136184001988639 ], [ 140.869458010825696, 40.13530401035429 ], [ 140.86916499215863, 40.134873994303703 ], [ 140.868925013403015, 40.134238994338375 ], [ 140.868259014318483, 40.133480996897482 ], [ 140.867815015754417, 40.133104988622847 ], [ 140.867219011221835, 40.132601006846848 ], [ 140.866979000885266, 40.13237599450742 ], [ 140.867005985886124, 40.131946000628815 ], [ 140.8671919940208, 40.131105995368614 ], [ 140.867192987892167, 40.13063501183376 ], [ 140.867486007178485, 40.130286999643211 ], [ 140.867832994608762, 40.129938990620083 ], [ 140.868472008692464, 40.129365994596924 ], [ 140.868631994735949, 40.129263001790363 ], [ 140.868844989109931, 40.128976991958275 ], [ 140.868898990692571, 40.128629009066408 ], [ 140.869218994360494, 40.128178003277434 ], [ 140.869325009163816, 40.127972996398853 ], [ 140.869592005120467, 40.127686990526044 ], [ 140.869884992825803, 40.127317994140093 ], [ 140.870712001548441, 40.126561001565015 ], [ 140.870952012504233, 40.126375999355425 ], [ 140.871493985111698, 40.125539990594625 ], [ 140.871943013717555, 40.125035002369103 ], [ 140.872803002869432, 40.124221010384481 ], [ 140.873242002972631, 40.123621999502035 ], [ 140.873543001095413, 40.122879006948637 ], [ 140.874026996015516, 40.122393999636415 ], [ 140.873725005259843, 40.122037998406341 ], [ 140.873376991138741, 40.12134099449883 ], [ 140.873050993900165, 40.120980996769347 ], [ 140.872624011280806, 40.120286007344596 ], [ 140.871495009944795, 40.118889992965372 ], [ 140.871437996405547, 40.118713991787821 ], [ 140.870962011283638, 40.118001005841982 ], [ 140.870842984505856, 40.117780994075908 ], [ 140.870812987548447, 40.117598004765362 ], [ 140.870859007817671, 40.117286010164527 ], [ 140.871004989873029, 40.116614995776899 ], [ 140.871062002793025, 40.116352008378655 ], [ 140.871118985989767, 40.116090000506823 ], [ 140.871123985069858, 40.116066000130282 ], [ 140.871185999546867, 40.11597099873881 ], [ 140.871192986988916, 40.115959011616177 ], [ 140.871276984290517, 40.115921009634242 ], [ 140.871495009944795, 40.115821987987673 ], [ 140.871527987897082, 40.115817011961866 ], [ 140.871590995626207, 40.115807010023303 ], [ 140.87204399909831, 40.115732992827219 ], [ 140.872984011924018, 40.11563399652006 ], [ 140.873065993617331, 40.11562399458149 ], [ 140.873591009726596, 40.115560007038951 ], [ 140.874039014737832, 40.115504992813484 ], [ 140.874464009614456, 40.115426000383451 ], [ 140.874824010257669, 40.115376991597145 ], [ 140.87487999896382, 40.115371011497388 ], [ 140.875210994044011, 40.115337006014855 ], [ 140.876034991429322, 40.115347009537139 ], [ 140.876587987649259, 40.115395992192184 ], [ 140.87721899007704, 40.115356005026179 ], [ 140.877888000498928, 40.115238009707696 ], [ 140.878267999939425, 40.115140997000886 ], [ 140.878661008258177, 40.115039987794681 ], [ 140.879088984748876, 40.114855995202035 ], [ 140.879571987655339, 40.114647997481718 ], [ 140.879831996169941, 40.114536006018682 ], [ 140.880385984403517, 40.114268996781632 ], [ 140.88061000239, 40.114139993075057 ], [ 140.880951993217138, 40.113941997293303 ], [ 140.880978014069882, 40.113859991057701 ], [ 140.881016986831327, 40.113734001156701 ], [ 140.880940005456551, 40.113239996771718 ], [ 140.880862993120047, 40.11287399201936 ], [ 140.880758995782713, 40.112636990973584 ], [ 140.880488987869512, 40.112231000638936 ], [ 140.880153986961346, 40.111972989266498 ], [ 140.879793986318134, 40.111696003430289 ], [ 140.879329988956812, 40.11125100466419 ], [ 140.879214005097339, 40.111113003093003 ], [ 140.879316014072714, 40.109143995066198 ], [ 140.879342006440652, 40.108332992339598 ], [ 140.879445009906647, 40.108036000250685 ], [ 140.879638998735487, 40.107105996547936 ], [ 140.879658003661405, 40.106682010484064 ], [ 140.8796270128326, 40.106259002362883 ], [ 140.879496992784823, 40.105968999198815 ], [ 140.879369985312877, 40.105729008895011 ], [ 140.879229996828201, 40.105595002239511 ], [ 140.879070010784716, 40.105529004965355 ], [ 140.879016009821299, 40.105506988189177 ], [ 140.878557010920844, 40.1053999972995 ], [ 140.877714009228868, 40.10536300414266 ], [ 140.877482009928997, 40.105336010548818 ], [ 140.877424003756857, 40.10483099777575 ], [ 140.877321000290891, 40.104089008504445 ], [ 140.877038011364931, 40.103317991360136 ], [ 140.87692100267239, 40.102496008752283 ], [ 140.876972986169818, 40.102150009460772 ], [ 140.877191010585591, 40.101397992119644 ], [ 140.877359008904222, 40.100647005775585 ], [ 140.877306995064316, 40.100429007700413 ], [ 140.877306995064316, 40.100171999610076 ], [ 140.877089000990992, 40.099924999793153 ], [ 140.877024006138356, 40.09962800770424 ], [ 140.877102012965452, 40.09895598686709 ], [ 140.877256998071147, 40.098272005830424 ], [ 140.877321000290891, 40.098093990961971 ], [ 140.877256998071147, 40.097984992716242 ], [ 140.877094994561674, 40.097879986218771 ], [ 140.876999009499485, 40.097817005125762 ], [ 140.876689998482334, 40.097648994571443 ], [ 140.876497002286357, 40.097421998631653 ], [ 140.876316985864662, 40.097154988602746 ], [ 140.876176005366318, 40.0969270123447 ], [ 140.876008006428464, 40.096748997476247 ], [ 140.875648007023727, 40.09642300443744 ], [ 140.875634996287744, 40.096186004975372 ], [ 140.875519011809047, 40.09579999317846 ], [ 140.875441006220399, 40.095542007937283 ], [ 140.875338995387324, 40.094850988088815 ], [ 140.87532598465134, 40.094574003044457 ], [ 140.875067994221979, 40.094444997754167 ], [ 140.874475996136596, 40.094335997132873 ], [ 140.874090003744669, 40.094129007445787 ], [ 140.873741991481268, 40.093931011664033 ], [ 140.873484994923274, 40.093555003389397 ], [ 140.873020996942728, 40.092536002942481 ], [ 140.872584015543993, 40.092011991158088 ], [ 140.872300996275527, 40.091665990282863 ], [ 140.87208200771164, 40.091181007518195 ], [ 140.871915003883629, 40.091003998307407 ], [ 140.87166999446697, 40.090874995392682 ], [ 140.87149600319691, 40.090799999462057 ], [ 140.870693991113143, 40.090679009342551 ], [ 140.86940599698579, 40.090348993673082 ], [ 140.869044008599843, 40.090175001435291 ], [ 140.868296992589308, 40.089758004296272 ], [ 140.867482993364177, 40.089028003731322 ], [ 140.867098989334238, 40.088489990341529 ], [ 140.866737002805991, 40.087726012009028 ], [ 140.866534007830637, 40.087361010538764 ], [ 140.865560986090884, 40.086596001209195 ], [ 140.864858001987642, 40.086094005409123 ], [ 140.863304005155754, 40.084953010768743 ], [ 140.862816003788481, 40.084713999991344 ], [ 140.862455009273901, 40.084624001548796 ], [ 140.862061007083781, 40.084597988273217 ], [ 140.861473012968617, 40.084726995147221 ], [ 140.860858996762261, 40.085061005732378 ], [ 140.860380002160696, 40.085390996854301 ], [ 140.858960000242831, 40.086094005409123 ], [ 140.858640989827052, 40.086163997598966 ], [ 140.858451999459021, 40.086198003081492 ], [ 140.858061008606256, 40.086243994102951 ], [ 140.857515993080511, 40.086207001737968 ], [ 140.857381998785741, 40.086139997222432 ], [ 140.857262009098321, 40.086094005409123 ], [ 140.856078010450574, 40.085564987508377 ], [ 140.854910006629865, 40.085171012803201 ], [ 140.854381013796683, 40.084809002174673 ], [ 140.854087002496698, 40.08438901340206 ], [ 140.854061011367236, 40.083897997483248 ], [ 140.854204010570015, 40.082915994152451 ], [ 140.854245994668815, 40.082540989951774 ], [ 140.854179013931144, 40.082056988297211 ], [ 140.854077997588661, 40.081881989609904 ], [ 140.853565990976932, 40.081635993075075 ], [ 140.852632996554973, 40.081416006648411 ], [ 140.851634014028264, 40.081287002941835 ], [ 140.851439993618442, 40.081112004254521 ], [ 140.851482008059719, 40.080814987618055 ], [ 140.851679010083643, 40.080160007531283 ], [ 140.851759002795745, 40.079891994220276 ], [ 140.851734006776127, 40.079574999837945 ], [ 140.85156600721902, 40.079180995834079 ], [ 140.851557995563127, 40.078386002068925 ], [ 140.851482008059719, 40.07813399771937 ], [ 140.85131401036034, 40.077862994358483 ], [ 140.849298003290642, 40.077107007441072 ], [ 140.847726990514076, 40.076150009352624 ], [ 140.847332986466228, 40.075827006363696 ], [ 140.847046986822164, 40.075510009605793 ], [ 140.846844984479702, 40.075387009754664 ], [ 140.84613100834494, 40.075439011758277 ], [ 140.845762003412915, 40.075445997515708 ], [ 140.845425014142791, 40.075289998631575 ], [ 140.844711007665524, 40.074837991144214 ], [ 140.844509005323062, 40.074639996946175 ], [ 140.844468015714853, 40.074599006498076 ], [ 140.844484007445715, 40.073900999308471 ], [ 140.844358987716475, 40.073372007538985 ], [ 140.844401002157781, 40.073112992884454 ], [ 140.844820996715839, 40.072201007874767 ], [ 140.845131000365882, 40.071509988026293 ], [ 140.845206988488513, 40.07129000476705 ], [ 140.845249002929819, 40.071050993989651 ], [ 140.845240991893149, 40.070328006105242 ], [ 140.845357006095099, 40.070100002924079 ], [ 140.846030986493048, 40.069404006257948 ], [ 140.846107004958185, 40.0691969904396 ], [ 140.846265997130303, 40.067459000191391 ], [ 140.846762010772721, 40.066981002392289 ], [ 140.847014008250653, 40.066639000392037 ], [ 140.847114991773708, 40.066353995425757 ], [ 140.847113999140817, 40.066204005940072 ], [ 140.847107011698768, 40.065617989421646 ], [ 140.84722398942958, 40.065204005296337 ], [ 140.847879989734736, 40.064338993210079 ], [ 140.848105995463953, 40.064029009132717 ], [ 140.848577009990549, 40.063175005434545 ], [ 140.848761993292158, 40.062975002296746 ], [ 140.849836993664752, 40.062418992385872 ], [ 140.850147993663114, 40.062199006751058 ], [ 140.850955004826972, 40.061507989278155 ], [ 140.851080987465821, 40.06131399078766 ], [ 140.851080987465821, 40.061171991925214 ], [ 140.850837002263034, 40.06061000270644 ], [ 140.85075300248451, 40.060318993092849 ], [ 140.850769988705935, 40.059536992899858 ], [ 140.850710986804756, 40.059401001060287 ], [ 140.850250002019266, 40.058562002249609 ], [ 140.850244008448584, 40.058548003811637 ], [ 140.850166004098412, 40.058368004550971 ], [ 140.850156998571151, 40.058205997852106 ], [ 140.850166004098412, 40.058037988089644 ], [ 140.850526997374516, 40.057483011551412 ], [ 140.850771012919807, 40.057236989677179 ], [ 140.851166010219771, 40.056998002655476 ], [ 140.851241005090259, 40.056816997737144 ], [ 140.851316991974443, 40.056533001595959 ], [ 140.851098004649003, 40.055227994484376 ], [ 140.851080987465821, 40.054188009050208 ], [ 140.85113101356302, 40.053431998377107 ], [ 140.851383011660175, 40.052985993161485 ], [ 140.851928988237859, 40.052714989800599 ], [ 140.852148006525027, 40.052515009626639 ], [ 140.852323984918598, 40.052165994153988 ], [ 140.852349014376898, 40.051848998187936 ], [ 140.852290013094944, 40.051093010478667 ], [ 140.852407984697123, 40.050803006522749 ], [ 140.852558996794301, 40.050595989912544 ], [ 140.852799006511617, 40.050397995714505 ], [ 140.853003988610482, 40.050227996808694 ], [ 140.853416004951299, 40.049963001262547 ], [ 140.853608999908801, 40.049813989719553 ], [ 140.853726007982118, 40.049362006779738 ], [ 140.853819012668708, 40.049162001266367 ], [ 140.854565998336739, 40.048127998307528 ], [ 140.855354998446046, 40.046707004025372 ], [ 140.855430985330202, 40.046351001211583 ], [ 140.8553469880286, 40.045660005910662 ], [ 140.855405988691331, 40.045168993159272 ], [ 140.855607989176093, 40.043941994992039 ], [ 140.855028009193774, 40.043489008770131 ], [ 140.854574009992632, 40.04280500001849 ], [ 140.854422997895455, 40.042341003032924 ], [ 140.85440601167403, 40.042287998539067 ], [ 140.854715985600819, 40.041383000870518 ], [ 140.854599006631503, 40.040736994100811 ], [ 140.854633011893839, 40.04013700369196 ], [ 140.854909012139274, 40.03916698827566 ], [ 140.855177993980931, 40.038844010626136 ], [ 140.855313015585722, 40.038567000242381 ], [ 140.855345993538009, 40.037591001558887 ], [ 140.855211999243238, 40.037146004376503 ], [ 140.854830012679258, 40.036565997256524 ], [ 140.854606987944919, 40.036227007478132 ], [ 140.85332998646831, 40.035290997544358 ], [ 140.852280013696287, 40.034469992879195 ], [ 140.85227700235896, 40.034445989335232 ], [ 140.85217098569791, 40.033707998147044 ], [ 140.852036991403168, 40.033501005292536 ], [ 140.851187996759762, 40.03292599874591 ], [ 140.850398003398311, 40.031718002757422 ], [ 140.850389990503942, 40.031434004240666 ], [ 140.850482001938389, 40.031194993463266 ], [ 140.850927987625937, 40.030833010549721 ], [ 140.851036984662585, 40.030639012851083 ], [ 140.851768009561482, 40.029495005196992 ], [ 140.851768009561482, 40.029293993234099 ], [ 140.851666993219027, 40.029126008811041 ], [ 140.850750985018522, 40.028673998948115 ], [ 140.851423007396988, 40.027497995543115 ], [ 140.851982991058975, 40.027011003838673 ], [ 140.852321999033563, 40.026715997725688 ], [ 140.852372988040372, 40.026451000595827 ], [ 140.85223899374563, 40.026192989223389 ], [ 140.851675998127035, 40.025741004699867 ], [ 140.851759996667113, 40.025585988509569 ], [ 140.852138007745623, 40.025236997584464 ], [ 140.852667000578833, 40.024920000034705 ], [ 140.853850997988104, 40.024494004239209 ], [ 140.854431009551377, 40.02434599756203 ], [ 140.854606987944919, 40.024209000856644 ], [ 140.854783992410034, 40.023893009756407 ], [ 140.855044000924636, 40.023467011585346 ], [ 140.855093996679329, 40.023318001626066 ], [ 140.855119987808791, 40.022852998982835 ], [ 140.855590010321748, 40.022201010529649 ], [ 140.855565012444401, 40.021929000719247 ], [ 140.85540499420074, 40.021702003195749 ], [ 140.854876003844481, 40.02133398712806 ], [ 140.854112000374045, 40.021082009701622 ], [ 140.853851991859472, 40.020945991730784 ], [ 140.853672999651621, 40.020703011377101 ], [ 140.853599001129396, 40.02060398656311 ], [ 140.853086994517668, 40.02015800985432 ], [ 140.853406004933447, 40.019646990850227 ], [ 140.853431002810794, 40.019376010453179 ], [ 140.853129010197421, 40.01894998852643 ], [ 140.853086994517668, 40.018659005044107 ], [ 140.853154008074767, 40.01841398882754 ], [ 140.853549004755479, 40.017697006382299 ], [ 140.854220995552993, 40.016844008341792 ], [ 140.854783992410034, 40.016287998430919 ], [ 140.855783999150617, 40.015849010646981 ], [ 140.855851012088465, 40.01571399991753 ], [ 140.855808997647188, 40.015234995668898 ], [ 140.855581998665855, 40.014492003115507 ], [ 140.85545601478853, 40.01392998934918 ], [ 140.855270999905969, 40.01377499691457 ], [ 140.854640991968779, 40.013612993383134 ], [ 140.854362010109242, 40.013510000576566 ], [ 140.854012008864657, 40.013380993702562 ], [ 140.853844010546055, 40.013205995015248 ], [ 140.853810007760671, 40.012709000580394 ], [ 140.853767992080918, 40.01256700171794 ], [ 140.853499010239261, 40.012417990174946 ], [ 140.852188997990936, 40.012024013094205 ], [ 140.851675998127035, 40.011868995320192 ], [ 140.85149998815254, 40.011693997424736 ], [ 140.851206008433508, 40.010919008328571 ], [ 140.850911995895075, 40.010518999677394 ], [ 140.850508986939218, 40.010183002324453 ], [ 140.850079986234647, 40.009768993651598 ], [ 140.849743989597414, 40.009388010143013 ], [ 140.849198013019731, 40.008548004882812 ], [ 140.848987999021375, 40.008075989559039 ], [ 140.848912012137191, 40.007088006128484 ], [ 140.849027001506045, 40.006530012617254 ], [ 140.849046999684077, 40.006435992335895 ], [ 140.849164010234347, 40.005510989206499 ], [ 140.848828013597114, 40.004554996775717 ], [ 140.848474999157474, 40.003883002069827 ], [ 140.848474999157474, 40.003528004121847 ], [ 140.848878008113331, 40.00276900260701 ], [ 140.849154011454942, 40.002680008238414 ], [ 140.849464014485761, 40.002547006448722 ], [ 140.849662009761801, 40.002230989217217 ], [ 140.849924999271252, 40.001770988731053 ], [ 140.849949003277231, 40.001704991456897 ], [ 140.850284998675988, 40.000769002903247 ], [ 140.850715987742547, 39.999875994732903 ], [ 140.850907990067128, 39.99956600748812 ], [ 140.850965935554285, 39.998842995848022 ], [ 140.850610996533845, 39.996887005940927 ], [ 140.850544015176922, 39.995851996532565 ], [ 140.850586992527838, 39.995363999962322 ], [ 140.850640994110506, 39.994973990874144 ], [ 140.850792999459799, 39.99411800120005 ], [ 140.85079601203563, 39.993761999969969 ], [ 140.850542989724602, 39.992892991384309 ], [ 140.850237985154649, 39.991844007293672 ], [ 140.84947100192781, 39.989281996991011 ], [ 140.848243995586671, 39.988063997480246 ], [ 140.84813800988735, 39.987820990995303 ], [ 140.84834898617612, 39.986492007262882 ], [ 140.848286010027948, 39.985919990766128 ], [ 140.847996003936686, 39.984383989631652 ], [ 140.847879989734736, 39.983767013110523 ], [ 140.847861015151324, 39.9829999908819 ], [ 140.847908992201553, 39.982055006839204 ], [ 140.847823005299517, 39.98093100464596 ], [ 140.847675006397395, 39.980302012495365 ], [ 140.847371988950925, 39.979544995372734 ], [ 140.84717998786482, 39.978453011102381 ], [ 140.846995996576879, 39.977159011587034 ], [ 140.846934014919299, 39.976755004060891 ], [ 140.846871999823037, 39.976181001588216 ], [ 140.84647101081012, 39.97554298860917 ], [ 140.846461012030716, 39.975537006925698 ], [ 140.846126009884074, 39.975358992057238 ], [ 140.845320985843728, 39.97510698849954 ], [ 140.845302011260316, 39.974966998576853 ], [ 140.845550996781668, 39.974553996353521 ], [ 140.846250999270808, 39.973756993648607 ], [ 140.846336984934396, 39.973528011732888 ], [ 140.846355988621809, 39.973335997634614 ], [ 140.846318010350984, 39.972849006722029 ], [ 140.846107004958185, 39.972310993332243 ], [ 140.846136008663478, 39.97214099601014 ], [ 140.846500014515414, 39.971499011079239 ], [ 140.846599012153433, 39.971323007526117 ], [ 140.846990002386974, 39.97063399899298 ], [ 140.847060991429515, 39.970541988443244 ], [ 140.847192004729436, 39.970371012386593 ], [ 140.847459000066834, 39.970021996122085 ], [ 140.847612993778085, 39.969851999591846 ], [ 140.84769000611459, 39.969666998965963 ], [ 140.847699011022627, 39.969483003205895 ], [ 140.847364008875985, 39.968508989706478 ], [ 140.847299014023349, 39.968385011912659 ], [ 140.847251999263506, 39.968295014261969 ], [ 140.847194985724286, 39.968104004237645 ], [ 140.847183991835067, 39.967764993079129 ], [ 140.84717998786482, 39.967632995363388 ], [ 140.84717601237935, 39.967519999826401 ], [ 140.84717498692703, 39.967475993197162 ], [ 140.847168000723457, 39.967260003269892 ], [ 140.847138995779687, 39.965611007390279 ], [ 140.847266003870857, 39.965237991541095 ], [ 140.848396000935963, 39.963317010398626 ], [ 140.848647004542528, 39.962597992090501 ], [ 140.848780003727455, 39.961952990186603 ], [ 140.848722991426683, 39.961535990672012 ], [ 140.848183999814097, 39.960223997011155 ], [ 140.847923991299524, 39.959340989987524 ], [ 140.847871013930728, 39.959198010806809 ], [ 140.847839991520971, 39.959113991672169 ], [ 140.847879989734736, 39.958744995286217 ], [ 140.848052986514205, 39.958367001035654 ], [ 140.848296009426576, 39.958246995985547 ], [ 140.848601013377305, 39.958246995985547 ], [ 140.848988992892714, 39.958246995985547 ], [ 140.849499011142512, 39.958251995767043 ], [ 140.850003006098348, 39.958166997897855 ], [ 140.850235996792662, 39.958127992633827 ], [ 140.850789987503219, 39.957891998037567 ], [ 140.851129989968399, 39.95763800612837 ], [ 140.851217993097947, 39.957572008854214 ], [ 140.851465985367156, 39.957448005720991 ], [ 140.851847008402245, 39.957389999861924 ], [ 140.852469998554909, 39.957545998746056 ], [ 140.853948007883389, 39.957040004071018 ], [ 140.854514015458534, 39.956421994969098 ], [ 140.854743996673221, 39.955785991721669 ], [ 140.854761013237152, 39.955369996281036 ], [ 140.854767006188581, 39.955216989822354 ], [ 140.854841998582174, 39.954914997160081 ], [ 140.855039001844546, 39.954693001001793 ], [ 140.856025997229892, 39.954054007704485 ], [ 140.857198008736276, 39.953040007039064 ], [ 140.857342003048899, 39.95287099082708 ], [ 140.857371005515745, 39.952627004023881 ], [ 140.857254991313795, 39.952385003988454 ], [ 140.85723201152166, 39.95233900979958 ], [ 140.856007986794594, 39.951565004980957 ], [ 140.855892996187265, 39.951400990134182 ], [ 140.855759995763862, 39.951214002740521 ], [ 140.855772012009254, 39.951019000176075 ], [ 140.85604900674528, 39.950566010786744 ], [ 140.856278988579191, 39.95018701246223 ], [ 140.856433012013724, 39.949931991931528 ], [ 140.856539990965132, 39.949755988378406 ], [ 140.856544990045222, 39.94957400393367 ], [ 140.856400996351823, 39.949181007171184 ], [ 140.856216011192544, 39.948675012496139 ], [ 140.856075992984586, 39.948155999701392 ], [ 140.856022985892537, 39.947831991054798 ], [ 140.856144993665197, 39.947158010372988 ], [ 140.856434999137207, 39.946257989522095 ], [ 140.856478008069075, 39.94583300017613 ], [ 140.856557007529091, 39.945678005365949 ], [ 140.856959986142442, 39.944963990006755 ], [ 140.857021004271161, 39.944735008091037 ], [ 140.856907008773646, 39.944209007955152 ], [ 140.856566012437099, 39.943784996551869 ], [ 140.855708012885685, 39.942943007691312 ], [ 140.855437011101088, 39.942726991632782 ], [ 140.855121012022664, 39.942568002698771 ], [ 140.854876003844481, 39.94244500601507 ], [ 140.85428099194479, 39.942128008465311 ], [ 140.853782991178861, 39.941852003739214 ], [ 140.853406004933447, 39.941777007808589 ], [ 140.853363989253694, 39.94175599589822 ], [ 140.853153013584148, 39.941649008175965 ], [ 140.853074014124161, 39.941299011593202 ], [ 140.853188010860123, 39.940659010262657 ], [ 140.853265985487042, 39.940288004145089 ], [ 140.85323098883029, 39.940133012502336 ], [ 140.852915985480934, 39.939918004477043 ], [ 140.852845990928955, 39.939257998477508 ], [ 140.853074014124161, 39.938274009170783 ], [ 140.852854995217768, 39.937323996047901 ], [ 140.852688985261125, 39.93700099385083 ], [ 140.85225601030956, 39.936411006964263 ], [ 140.852212008744772, 39.936137991496189 ], [ 140.852347990163025, 39.93553498728177 ], [ 140.85249701513672, 39.935279011772217 ], [ 140.852755004946857, 39.934806998824008 ], [ 140.853051997241693, 39.934443004595124 ], [ 140.853337998124204, 39.934147996106567 ], [ 140.854037999994148, 39.933623004003913 ], [ 140.854337012231895, 39.933397991664485 ], [ 140.85604900674528, 39.931931004777162 ], [ 140.856468009289699, 39.931428003319425 ], [ 140.856678985578469, 39.931301987287156 ], [ 140.857060007994335, 39.931077001078989 ], [ 140.857559995883747, 39.930089995591125 ], [ 140.857615983970646, 39.929429990383447 ], [ 140.857536985129911, 39.928638993909551 ], [ 140.8574469923999, 39.928205003531545 ], [ 140.857176985105923, 39.927650002445759 ], [ 140.856533996775227, 39.926703007879588 ], [ 140.856034008885814, 39.925994998751413 ], [ 140.855897002015212, 39.925801001052776 ], [ 140.855823001016063, 39.925694992065068 ], [ 140.855981001793765, 39.924896001800519 ], [ 140.856070993285272, 39.924443992729444 ], [ 140.85596901403315, 39.924322000119695 ], [ 140.854863985122165, 39.923532007719757 ], [ 140.854683006410056, 39.92329699344176 ], [ 140.854772006507147, 39.923229011775391 ], [ 140.858598011856884, 39.920248995508615 ], [ 140.859172994616813, 39.919935994458257 ], [ 140.859967987677578, 39.919446011120229 ], [ 140.862032996630603, 39.918035997511183 ], [ 140.862604996537982, 39.917664991393615 ], [ 140.863827997051175, 39.917143993414797 ], [ 140.864686992950908, 39.91681299901078 ], [ 140.865285014330254, 39.916251008208292 ], [ 140.865493009624174, 39.915839993544594 ], [ 140.86570100367959, 39.915098002689582 ], [ 140.866260987341576, 39.914195997446484 ], [ 140.866859009959398, 39.913052993866344 ], [ 140.866947015565898, 39.912944998902709 ], [ 140.867431010486001, 39.91235099017733 ], [ 140.867925006043208, 39.911880007434341 ], [ 140.868043008607117, 39.911668993532878 ], [ 140.868186009048401, 39.910435991510191 ], [ 140.868159985099481, 39.910125000191449 ], [ 140.86796400914713, 39.909784001473298 ], [ 140.867925006043208, 39.909614007318623 ], [ 140.868003012870304, 39.909373010565297 ], [ 140.868172995835465, 39.908371000189945 ], [ 140.868329008251209, 39.907789006302174 ], [ 140.868315996276749, 39.906926006323104 ], [ 140.868121012957289, 39.904870991602017 ], [ 140.868044002478484, 39.904301989702695 ], [ 140.867990994147988, 39.903907986490687 ], [ 140.867835013313226, 39.903415993421042 ], [ 140.867963014656539, 39.902574003768628 ], [ 140.868064994527884, 39.902348991429193 ], [ 140.868004998755339, 39.902130991770306 ], [ 140.867733996970742, 39.90184199188834 ], [ 140.86763999965126, 39.901741989131658 ], [ 140.867146004713305, 39.901341000162226 ], [ 140.867003004272021, 39.900840007644248 ], [ 140.867250002669863, 39.900207997728799 ], [ 140.86763999965126, 39.89964601088559 ], [ 140.868330002122576, 39.899175001219483 ], [ 140.870060007690483, 39.898091990266188 ], [ 140.871344991718985, 39.896907995446099 ], [ 140.871504014852803, 39.896811990772527 ], [ 140.871852990645067, 39.896555008813451 ], [ 140.872132999195401, 39.89640300642872 ], [ 140.872496011175969, 39.89625701265058 ], [ 140.872612987668305, 39.896238012847398 ], [ 140.872813995520175, 39.896204987683134 ], [ 140.873010996924847, 39.896001011801623 ], [ 140.873510985433512, 39.895480995724775 ], [ 140.873692988978718, 39.895341005010231 ], [ 140.87408599729747, 39.894868012535618 ], [ 140.874471989689397, 39.89452399684447 ], [ 140.874752990872622, 39.894237988596096 ], [ 140.87482099830109, 39.894120995767842 ], [ 140.874730011080487, 39.893910989107766 ], [ 140.874548008154534, 39.893701006203372 ], [ 140.874520991572723, 39.893602009896213 ], [ 140.874495000443261, 39.893507989614854 ], [ 140.874631012823244, 39.893169001420176 ], [ 140.8748580124238, 39.892791006377756 ], [ 140.875229006337008, 39.892422991101924 ], [ 140.87568399817107, 39.891880003270046 ], [ 140.87615299399323, 39.891284009360596 ], [ 140.87662199167309, 39.8905369965521 ], [ 140.876932989194501, 39.890005993467291 ], [ 140.877083006801087, 39.889636997873197 ], [ 140.877090988114503, 39.889615007228279 ], [ 140.877220014290913, 39.88917199681368 ], [ 140.877319011928932, 39.888880006089977 ], [ 140.877484991543071, 39.888524004859896 ], [ 140.877901011234911, 39.887810992782796 ], [ 140.878249988884875, 39.887093007055462 ], [ 140.878688987749626, 39.886228999835005 ], [ 140.878953996582766, 39.885591991721768 ], [ 140.879112988754883, 39.885149002687292 ], [ 140.879339987736216, 39.884524988938068 ], [ 140.879506991564227, 39.883823010588458 ], [ 140.879619995048074, 39.883331997045218 ], [ 140.879665984355569, 39.882912005105176 ], [ 140.879696013513183, 39.882264993469654 ], [ 140.879741009568562, 39.881287989920359 ], [ 140.879688000618813, 39.880984993975993 ], [ 140.879687006747446, 39.880979992610783 ], [ 140.879658003661405, 39.880846010502829 ], [ 140.879589997471413, 39.880536001877921 ], [ 140.879407993926208, 39.879980998416571 ], [ 140.879339987736216, 39.879694990168197 ], [ 140.879309989540303, 39.879386011748501 ], [ 140.879317008563305, 39.878859006746801 ], [ 140.879317008563305, 39.878451004304964 ], [ 140.879339987736216, 39.878234989830155 ], [ 140.87925701279076, 39.878041996205468 ], [ 140.879121000410777, 39.877797005328311 ], [ 140.878977006098125, 39.877651009174599 ], [ 140.878843011803383, 39.877541004479347 ], [ 140.878741995460899, 39.877458998243746 ], [ 140.878643991694247, 39.877196010845509 ], [ 140.878544994675451, 39.876874993040651 ], [ 140.878439008356906, 39.876303000299593 ], [ 140.878401994234196, 39.875976001603121 ], [ 140.878363984382389, 39.875561991346551 ], [ 140.878287997498205, 39.875164998084671 ], [ 140.878243001442826, 39.874930990256196 ], [ 140.878129005326088, 39.874603989184152 ], [ 140.878031000940211, 39.87446400084518 ], [ 140.877977993228939, 39.874363998088491 ], [ 140.87787200814887, 39.874300010545959 ] ] ] } },
{ "type": "Feature", "properties": { "P12_001": 10522, "P12_002": "十和田湖", "P12_003": "05", "P12_004": "05303", "P12_005": "湖沼", "P12_006": "鹿角郡小坂町十和田湖", "P12_007": -1 }, "geometry": { "type": "Polygon", "coordinates": [ [ [ 140.89199967720765, 40.42353339542646 ], [ 140.891940082079799, 40.423413861530932 ], [ 140.891930083300423, 40.423366361231125 ], [ 140.891917862088405, 40.423306917360783 ], [ 140.891932582530842, 40.42323941793498 ], [ 140.892197860730988, 40.423076082501019 ], [ 140.89231563851277, 40.42297469241187 ], [ 140.892477861231242, 40.422777750591031 ], [ 140.892632583162282, 40.422541084500516 ], [ 140.892691471124323, 40.422400250458878 ], [ 140.892765082624976, 40.422242750214956 ], [ 140.892823972444745, 40.422079414781003 ], [ 140.892838693506405, 40.421854139545232 ], [ 140.892831471993702, 40.421645807661506 ], [ 140.892735639263179, 40.421088555327891 ], [ 140.892683971575366, 40.420880221068593 ], [ 140.892603137942785, 40.420756331170836 ], [ 140.892514527963442, 40.420654945040972 ], [ 140.892352610527553, 40.420508555334614 ], [ 140.891792610765492, 40.420164942698385 ], [ 140.891673721457749, 40.420098779926235 ], [ 140.891666666519143, 40.420094861028765 ], [ 140.891549555652915, 40.420029668280741 ], [ 140.891188721520052, 40.419804387501983 ], [ 140.890864556596341, 40.419607443305566 ], [ 140.890541776900193, 40.419382167277945 ], [ 140.890510666559123, 40.419347999464847 ], [ 140.890384277702424, 40.419213276971135 ], [ 140.890215110269082, 40.419134388274301 ], [ 140.890060665755129, 40.419094943529956 ], [ 140.889810389129849, 40.418965499551199 ], [ 140.889604276308802, 40.418858554589193 ], [ 140.889030388355479, 40.41860494356294 ], [ 140.888780388528033, 40.418464109521295 ], [ 140.888478749497551, 40.418272720989599 ], [ 140.888442082765351, 40.418239111435284 ], [ 140.888221250740372, 40.417991611956957 ], [ 140.888177083220739, 40.41791827892483 ], [ 140.888118195258699, 40.417805779089967 ], [ 140.887757638542894, 40.417096057176337 ], [ 140.887595694479955, 40.416910221141919 ], [ 140.8873381944843, 40.416696333593478 ], [ 140.887300416226196, 40.416666665108615 ], [ 140.887292582909851, 40.416660498922596 ], [ 140.886771806699159, 40.416251332451807 ], [ 140.886352638819147, 40.415969942310134 ], [ 140.886028750074018, 40.415772722547686 ], [ 140.885557667431584, 40.415575500409666 ], [ 140.885027942663243, 40.415299666724557 ], [ 140.884329334070912, 40.415012442976568 ], [ 140.884012667457711, 40.414866055645781 ], [ 140.883997943299875, 40.41484910991818 ], [ 140.883975998867811, 40.41484355583718 ], [ 140.883961277806151, 40.414826610109579 ], [ 140.883836277892442, 40.414759109100061 ], [ 140.883578499860505, 40.414635221577875 ], [ 140.883340445066494, 40.414545220759763 ], [ 140.883333333777529, 40.414542528447896 ], [ 140.882997389156003, 40.414415499631254 ], [ 140.882702944391895, 40.414308832610857 ], [ 140.882430722096103, 40.414252443722624 ], [ 140.882335167401891, 40.414241056827159 ], [ 140.882173222100448, 40.414201611290956 ], [ 140.882011277418286, 40.414173278667889 ], [ 140.881940445042034, 40.414169389860966 ], [ 140.881716833892625, 40.414156611673754 ], [ 140.881356277176849, 40.414077721393205 ], [ 140.881077110785441, 40.41398188776062 ], [ 140.880878223192468, 40.413931331686847 ], [ 140.880848777972972, 40.413931331686847 ], [ 140.880826833540937, 40.413919943207674 ], [ 140.880488221257195, 40.413863557486863 ], [ 140.880223498510389, 40.413829945556984 ], [ 140.880120472751969, 40.413801611350202 ], [ 140.87982602798786, 40.413689111515339 ], [ 140.879296305696442, 40.4135313317461 ], [ 140.879053527381672, 40.413475222383184 ], [ 140.878604639342058, 40.413334389925254 ], [ 140.878104083614602, 40.413221611356931 ], [ 140.877817417674208, 40.413171056075015 ], [ 140.876963806637633, 40.413041610512551 ], [ 140.876559084259924, 40.413041610512551 ], [ 140.876470749839939, 40.413024666368656 ], [ 140.876272139044801, 40.41301883276234 ], [ 140.876073528249663, 40.413041610512551 ], [ 140.875816027634784, 40.413103555857354 ], [ 140.875646582784384, 40.413171056075015 ], [ 140.875521582870675, 40.413238583215794 ], [ 140.875315472526552, 40.413317471912627 ], [ 140.87516102801257, 40.413401915482318 ], [ 140.875043250230789, 40.413531359461075 ], [ 140.875007137713482, 40.413591917473411 ], [ 140.874999999797438, 40.413603861835803 ], [ 140.874697417053596, 40.414111362621775 ], [ 140.874528249001003, 40.414376081018176 ], [ 140.874277972375751, 40.414668860430879 ], [ 140.874130749993697, 40.414787195455773 ], [ 140.873909888245436, 40.415074138886595 ], [ 140.873887942574925, 40.415130526982971 ], [ 140.873814334170447, 40.415231915488413 ], [ 140.873740722669794, 40.415304972954495 ], [ 140.873615720898385, 40.415479694492056 ], [ 140.873578778606856, 40.415676638688474 ], [ 140.873534612325699, 40.415733027576707 ], [ 140.873461278242104, 40.415744417639594 ], [ 140.87331405586005, 40.41567108302376 ], [ 140.873203499590943, 40.415575250974889 ], [ 140.873034332776825, 40.415445806996139 ], [ 140.873027667955938, 40.415442196130819 ], [ 140.872578248613138, 40.415209416471669 ], [ 140.872475194989164, 40.415136083439542 ], [ 140.872335192881309, 40.414944694907845 ], [ 140.872269361442875, 40.414871360292004 ], [ 140.872188527810295, 40.414741916313254 ], [ 140.872173805510187, 40.414674416887451 ], [ 140.872114917548117, 40.414528027181099 ], [ 140.872100194628757, 40.414398581618627 ], [ 140.872077972779664, 40.414291639032193 ], [ 140.872004361898234, 40.414122751100948 ], [ 140.871827972332994, 40.413908861968793 ], [ 140.871662416894452, 40.413834417170243 ], [ 140.871489361287729, 40.413796638491824 ], [ 140.871276028192455, 40.413739692136659 ], [ 140.871003806515915, 40.413700528501352 ], [ 140.870223528324459, 40.413689139230314 ], [ 140.870046860722908, 40.413677749167427 ], [ 140.869627416045091, 40.41361580461448 ], [ 140.869171582052104, 40.413576639395451 ], [ 140.868811029051727, 40.413553862437098 ], [ 140.868700472163397, 40.413565249332564 ], [ 140.868428249867605, 40.413576639395451 ], [ 140.868148527403633, 40.413587471991413 ], [ 140.867979359970292, 40.413615526672871 ], [ 140.867927971557208, 40.413632472400472 ], [ 140.867390749716805, 40.413694418537133 ], [ 140.867074361759109, 40.413756359922658 ], [ 140.866742972226518, 40.413840808243485 ], [ 140.866673804971839, 40.413870387248572 ], [ 140.866666667055824, 40.413873443022538 ], [ 140.866426584268822, 40.413976083452994 ], [ 140.866066027553046, 40.414009971740768 ], [ 140.865705471456494, 40.414054970566113 ], [ 140.865131584122366, 40.414201360272465 ], [ 140.864770751847232, 40.414353307227245 ], [ 140.864645749456571, 40.414432195132228 ], [ 140.864417971478247, 40.414533582845806 ], [ 140.864005749551552, 40.414629418062106 ], [ 140.863814361507593, 40.414685527425021 ], [ 140.863593805661168, 40.414786918306028 ], [ 140.862865193299854, 40.415124722675344 ], [ 140.862504639061001, 40.415321666871755 ], [ 140.862254360578049, 40.415445556769505 ], [ 140.861393249992489, 40.415806110382199 ], [ 140.861111028917321, 40.415961666618585 ], [ 140.860657417356975, 40.416211389629765 ], [ 140.860510193736445, 40.416273332599005 ], [ 140.86026741666015, 40.416341111550125 ], [ 140.860134917197456, 40.416391666040184 ], [ 140.860054082326428, 40.4164422213221 ], [ 140.859928806853361, 40.416526944417114 ], [ 140.859884638714504, 40.416599999507632 ], [ 140.859864944580607, 40.416660555936261 ], [ 140.859862971080275, 40.416666665108615 ], [ 140.859862693043965, 40.416667499725293 ], [ 140.859774361100904, 40.416830834367389 ], [ 140.859700750838726, 40.416887222463771 ], [ 140.859641859161258, 40.416909721480515 ], [ 140.859516306890384, 40.417087778317359 ], [ 140.859332694573965, 40.417368333050497 ], [ 140.859162692412525, 40.417742778992398 ], [ 140.858951833159068, 40.418055000856036 ], [ 140.858686555578146, 40.418273332302761 ], [ 140.858496277202391, 40.418398332383227 ], [ 140.858340443745448, 40.418479332961162 ], [ 140.858333333075734, 40.418483056270098 ], [ 140.857986000731842, 40.418663611413983 ], [ 140.857727665388836, 40.418804166722154 ], [ 140.857390168346427, 40.418981943241825 ], [ 140.857279611458097, 40.419077499724658 ], [ 140.857213500744876, 40.419184445478521 ], [ 140.857205999957444, 40.419302500978098 ], [ 140.857221278330144, 40.419381389674932 ], [ 140.857262110652783, 40.419493889509795 ], [ 140.857313778340597, 40.419741665346017 ], [ 140.857313778340597, 40.420045859369161 ], [ 140.857300721162034, 40.420124751233423 ], [ 140.857269332784711, 40.420434470830742 ], [ 140.857247389591123, 40.420524471648861 ], [ 140.857180999603145, 40.420642806673754 ], [ 140.857092667660083, 40.420744194387332 ], [ 140.856900999102891, 40.420986416142554 ], [ 140.856775722391347, 40.421251139290092 ], [ 140.856539889410698, 40.421622805024072 ], [ 140.856488499139914, 40.421802527134986 ], [ 140.856510418802571, 40.421977249464405 ], [ 140.856606249056171, 40.42219697299474 ], [ 140.856702083025141, 40.42237141738255 ], [ 140.856724305493486, 40.422461416616954 ], [ 140.856731528244637, 40.422591140121028 ], [ 140.856679861176048, 40.422737526659951 ], [ 140.856584305862583, 40.422872529470844 ], [ 140.856436805444218, 40.423131693786246 ], [ 140.856163193586241, 40.423661417231067 ], [ 140.856179666462282, 40.423785721269731 ], [ 140.856090640976589, 40.423870222644943 ], [ 140.856152027549825, 40.423910139335725 ], [ 140.856142833156042, 40.424015776942767 ], [ 140.856090640976589, 40.424067416276131 ], [ 140.856130555593694, 40.424097943133361 ], [ 140.85616739013841, 40.424198888991057 ], [ 140.856142833156042, 40.424245831032081 ], [ 140.856219555071561, 40.424266972806905 ], [ 140.856256389616277, 40.424302166865935 ], [ 140.856296307948782, 40.424374944014843 ], [ 140.856314694259424, 40.424424251331025 ], [ 140.856397583131297, 40.424443027830698 ], [ 140.856465082787452, 40.424499362080837 ], [ 140.856458778980311, 40.424543888959754 ], [ 140.856520193419101, 40.424548582292815 ], [ 140.856603055044616, 40.424574417400699 ], [ 140.856624527619999, 40.424609611459729 ], [ 140.856606110347627, 40.424647166834632 ], [ 140.856587693694507, 40.424687082733556 ], [ 140.856655221835467, 40.424710555733711 ], [ 140.856704332704055, 40.424769251299722 ], [ 140.856692055760959, 40.424877250222636 ], [ 140.856735027538775, 40.424886638472472 ], [ 140.856784138407363, 40.424912443489809 ], [ 140.856816667414648, 40.424993915222323 ], [ 140.856817889783542, 40.424996971788147 ], [ 140.856816471117327, 40.424999999847131 ], [ 140.85678105585805, 40.425076778246584 ], [ 140.856814833242083, 40.425095556329964 ], [ 140.856848582760534, 40.425149555395492 ], [ 140.856891527911273, 40.425243445020541 ], [ 140.856848556752709, 40.425292751544866 ], [ 140.856863888998788, 40.425353777544352 ], [ 140.856857749288793, 40.425457083134205 ], [ 140.856808610554623, 40.425536971945718 ], [ 140.856839306627791, 40.425567499594806 ], [ 140.856851582951663, 40.425670778261541 ], [ 140.856784082057032, 40.425724776535212 ], [ 140.856811694342412, 40.42578347210123 ], [ 140.856781000126944, 40.425884416375212 ], [ 140.856719610457532, 40.425921971750114 ], [ 140.85672574892908, 40.425954833791955 ], [ 140.856713499232313, 40.426062833506727 ], [ 140.85666436173662, 40.426105082214697 ], [ 140.856673582138257, 40.426152029006857 ], [ 140.856609138404309, 40.426274110304526 ], [ 140.856553890302621, 40.426323417620708 ], [ 140.85655694312868, 40.426365664744957 ], [ 140.856520111060917, 40.426450193043287 ], [ 140.856446445067633, 40.426492445710537 ], [ 140.856461805179293, 40.426520639758728 ], [ 140.856455667326969, 40.426544110383311 ], [ 140.856375861004409, 40.426605139550226 ], [ 140.856305278798942, 40.426630973074396 ], [ 140.856332888607369, 40.426661472216658 ], [ 140.856332888607369, 40.426694332674785 ], [ 140.856305278798942, 40.426741305598213 ], [ 140.856250026981826, 40.426776498865387 ], [ 140.856283806223558, 40.426818777663897 ], [ 140.856240833207295, 40.42688450095573 ], [ 140.85618863855089, 40.426903277455395 ], [ 140.85621933338561, 40.426929110979565 ], [ 140.856222417173399, 40.42696430662231 ], [ 140.856185583247907, 40.42705589036143 ], [ 140.856210139611051, 40.427067638343424 ], [ 140.856234694116495, 40.427091112135436 ], [ 140.856237749419506, 40.427210832909083 ], [ 140.85618863855089, 40.427262472242454 ], [ 140.856228556883423, 40.427302388933235 ], [ 140.856222417173399, 40.427419776897835 ], [ 140.85617944477633, 40.427492527915483 ], [ 140.856216278082599, 40.427537139523039 ], [ 140.85621933338561, 40.427586443671792 ], [ 140.856182500079342, 40.427626360362574 ], [ 140.856185583247907, 40.42765452748764 ], [ 140.856225471857158, 40.42768502821361 ], [ 140.856250026981826, 40.427762499487443 ], [ 140.856200916113238, 40.427802416178217 ], [ 140.856170222516994, 40.427832943827305 ], [ 140.856200916113238, 40.427863445345132 ], [ 140.85614566801155, 40.427994918060058 ], [ 140.856142610231615, 40.428034807035864 ], [ 140.856133417695531, 40.428182721857702 ], [ 140.856090305351501, 40.428229776342341 ], [ 140.856090305351501, 40.428351831508742 ], [ 140.856050416742221, 40.428391749783238 ], [ 140.856044277032197, 40.428492694057212 ], [ 140.856001305873633, 40.428534945140747 ], [ 140.85599211147985, 40.428593639914908 ], [ 140.855946055295021, 40.428628834765796 ], [ 140.855952193766569, 40.428659360039312 ], [ 140.855915360460301, 40.42877205704643 ], [ 140.855860138366467, 40.428802554604971 ], [ 140.855906138200965, 40.428823694796087 ], [ 140.855878499907732, 40.428884722379287 ], [ 140.855804861160777, 40.428929332403129 ], [ 140.855860111120137, 40.42898802796914 ], [ 140.8558508888608, 40.429098362076665 ], [ 140.855771083157492, 40.429145304909554 ], [ 140.855786445126881, 40.429178166951395 ], [ 140.855734249851253, 40.429260333933854 ], [ 140.855682083679653, 40.42929555570786 ], [ 140.855709721972886, 40.429323721249212 ], [ 140.855700499713549, 40.429410583940303 ], [ 140.855663611295427, 40.429450556852885 ], [ 140.855688193666424, 40.429492805560848 ], [ 140.855678971407087, 40.429551501126866 ], [ 140.855639082797808, 40.429589056501769 ], [ 140.855540861060604, 40.429650082501261 ], [ 140.8555715571338, 40.42969000077575 ], [ 140.855553137384476, 40.429802695407297 ], [ 140.855500972451352, 40.429849639032035 ], [ 140.855550054835163, 40.429880139758005 ], [ 140.855562333635987, 40.429908333014339 ], [ 140.8555592770945, 40.429957611031831 ], [ 140.855513222767371, 40.429997527722612 ], [ 140.855531638801267, 40.430056223288624 ], [ 140.855519361238947, 40.430093777079819 ], [ 140.855448779652676, 40.430129000437539 ], [ 140.855470278235885, 40.430187665121153 ], [ 140.855439582162717, 40.43024166735411 ], [ 140.85539966692636, 40.430302721860429 ], [ 140.85536063905306, 40.430338942957249 ], [ 140.855213417909482, 40.430423388110654 ], [ 140.855007028290601, 40.430491167853631 ], [ 140.854535639127135, 40.430603666104787 ], [ 140.854343971189166, 40.430693666922906 ], [ 140.854203972796711, 40.430766999955026 ], [ 140.853982860877721, 40.430851445108431 ], [ 140.853798692488738, 40.430896443933776 ], [ 140.853644251070932, 40.430918942950527 ], [ 140.853290639069996, 40.430924776556843 ], [ 140.853047305921137, 40.430992277566361 ], [ 140.852900083539083, 40.43107088911345 ], [ 140.85270841683959, 40.431138390914818 ], [ 140.852561192599808, 40.431172277618884 ], [ 140.852472582001212, 40.431205888756914 ], [ 140.852421193588157, 40.431239775460973 ], [ 140.852406470668797, 40.431273666916177 ], [ 140.852406470668797, 40.43143700155828 ], [ 140.852450638807653, 40.431577582997718 ], [ 140.852450638807653, 40.431707306501785 ], [ 140.852421193588157, 40.43180869421537 ], [ 140.852214806446227, 40.432146471661568 ], [ 140.852030639295691, 40.432281471305032 ], [ 140.85187591736468, 40.432371751648468 ], [ 140.851691750214144, 40.432422306138527 ], [ 140.851595917483621, 40.432416750473813 ], [ 140.851418973084265, 40.432309807095521 ], [ 140.851249528233865, 40.432315359592806 ], [ 140.851065361083329, 40.432349249464302 ], [ 140.850954805433446, 40.432371751648468 ], [ 140.850652861120352, 40.432439251074271 ], [ 140.850417028139702, 40.432557584515457 ], [ 140.850144250390599, 40.432743417382447 ], [ 140.850007028026397, 40.432826360384205 ], [ 140.850004528176754, 40.432827859368423 ], [ 140.85000000033412, 40.432831084599663 ], [ 140.85000000033412, 40.43333333379379 ], [ 140.849346277573432, 40.43333333379379 ], [ 140.849333972145558, 40.433345639242717 ], [ 140.849223415876423, 40.433514527965812 ], [ 140.8490539722645, 40.433863694683041 ], [ 140.848832833718433, 40.434190361591668 ], [ 140.848729776998283, 40.434342306962733 ], [ 140.848538110918014, 40.434562028909355 ], [ 140.84833922146737, 40.434719806303029 ], [ 140.848057555845543, 40.434912582959051 ], [ 140.847981442637519, 40.434967861664575 ], [ 140.847948665936457, 40.43500119327728 ], [ 140.847609779331833, 40.435350082052899 ], [ 140.847477001213605, 40.435473971950657 ], [ 140.847278388560767, 40.435631751719896 ], [ 140.847248943960523, 40.43564286146561 ], [ 140.847013110979873, 40.435795082402713 ], [ 140.846851168155382, 40.435986470934409 ], [ 140.84674783339895, 40.436155388956202 ], [ 140.846696444985895, 40.436290668124983 ], [ 140.846703667117794, 40.436515943360746 ], [ 140.84677616647329, 40.436794000578708 ], [ 140.846791999680107, 40.436853720806944 ], [ 140.847064500631404, 40.437439557573967 ], [ 140.847123388593445, 40.437630943730099 ], [ 140.847138110893582, 40.437900943017027 ], [ 140.847263361597271, 40.438368443967292 ], [ 140.847254193830565, 40.438428444512709 ], [ 140.847241417165236, 40.438514833673651 ], [ 140.847123360727892, 40.438655666923431 ], [ 140.846895027915451, 40.438852611911699 ], [ 140.846784471646345, 40.439038444778689 ], [ 140.846762251654951, 40.439139832492273 ], [ 140.846666693245311, 40.439421499783698 ], [ 140.846504473003762, 40.439702889925371 ], [ 140.846349751072751, 40.439911221809105 ], [ 140.846084472253352, 40.44028261197704 ], [ 140.845833915734119, 40.440474278450345 ], [ 140.845671972290404, 40.440564276892893 ], [ 140.845532249457307, 40.440620665781132 ], [ 140.845348083545247, 40.440733166407853 ], [ 140.845230027107931, 40.440812057480258 ], [ 140.844986970756878, 40.44105983331648 ], [ 140.844891140503307, 40.441138721221456 ], [ 140.844883917132933, 40.441155667740915 ], [ 140.844728917165611, 40.441290668176237 ], [ 140.844412250552381, 40.441544306917464 ], [ 140.844299027859535, 40.441660695559257 ], [ 140.84429319467057, 40.441666666948599 ], [ 140.844242805701981, 40.441718471779957 ], [ 140.844198639420824, 40.441763470605302 ], [ 140.844132250052098, 40.441847915758707 ], [ 140.844058638551445, 40.441977639262781 ], [ 140.844065861302624, 40.442129583841989 ], [ 140.844132250052098, 40.442242082885002 ], [ 140.844235277668218, 40.442337914933866 ], [ 140.844338609947698, 40.442399861070527 ], [ 140.844640554260792, 40.442523747800855 ], [ 140.844817498660177, 40.44260819295426 ], [ 140.84495750014878, 40.442642082825749 ], [ 140.845133889094797, 40.442692638107665 ], [ 140.845251943674413, 40.442754582660612 ], [ 140.845318056245333, 40.442833471357453 ], [ 140.845355001013786, 40.442951805590489 ], [ 140.845362500562771, 40.443053193304074 ], [ 140.845340278094426, 40.44316013826608 ], [ 140.845288611025836, 40.443233194940312 ], [ 140.845237221374305, 40.443255972690515 ], [ 140.845178333412235, 40.443284027371973 ], [ 140.844846667081839, 40.443323470532611 ], [ 140.84470694424877, 40.443379862588266 ], [ 140.844544721530298, 40.443413472142581 ], [ 140.844441667906324, 40.443447362014076 ], [ 140.844345832698878, 40.443503750902309 ], [ 140.844228054297844, 40.443542918496902 ], [ 140.843859721235248, 40.443542918496902 ], [ 140.843579721354217, 40.443599307385142 ], [ 140.843336388205358, 40.443655693105946 ], [ 140.843122778312278, 40.443717638450757 ], [ 140.843071110624436, 40.443751250380636 ], [ 140.842518611649808, 40.444184860667562 ], [ 140.842406111603594, 40.444276527551608 ], [ 140.842076389669501, 40.444545139506069 ], [ 140.841693334926049, 40.444888748974876 ], [ 140.841673610449647, 40.444908862128194 ], [ 140.841666665734778, 40.444915942908395 ], [ 140.841428332904485, 40.445159029370835 ], [ 140.841124720992894, 40.445470137884328 ], [ 140.841060001080365, 40.445535970452347 ], [ 140.840721110141089, 40.445924584289493 ], [ 140.840669444310976, 40.446003500701302 ], [ 140.840499999460576, 40.446177943505404 ], [ 140.840330555229428, 40.446313221882328 ], [ 140.840153610830043, 40.446476557316288 ], [ 140.840035833667486, 40.446628500311782 ], [ 140.839969443679507, 40.446797389826735 ], [ 140.839888332010673, 40.446921278140778 ], [ 140.839785277148223, 40.447011556900499 ], [ 140.839785277148223, 40.447017110189648 ], [ 140.839755833786427, 40.447022665854355 ], [ 140.839652777685529, 40.447118500278798 ], [ 140.839608332129615, 40.447202945432203 ], [ 140.839593583202401, 40.447467666204169 ], [ 140.839718862390896, 40.44771516726621 ], [ 140.839807472370239, 40.44794600054226 ], [ 140.8398221934319, 40.448047389839552 ], [ 140.839811081888115, 40.448110444575214 ], [ 140.83978525114037, 40.448182389483016 ], [ 140.839630529209359, 40.448436001301125 ], [ 140.839483305588828, 40.448621833376258 ], [ 140.839409417290341, 40.448734333211121 ], [ 140.839335805170464, 40.448959609238742 ], [ 140.839328582419313, 40.449077944263635 ], [ 140.839313582702147, 40.449111555401664 ], [ 140.839306359950967, 40.449184890809356 ], [ 140.839269417659438, 40.449353779532458 ], [ 140.839262194289063, 40.449640998529311 ], [ 140.839343305957925, 40.449933777942022 ], [ 140.839349388698366, 40.449994057220891 ], [ 140.83934997201726, 40.450000000103401 ], [ 140.839358027638809, 40.450079889706764 ], [ 140.839387472858306, 40.450164611218064 ], [ 140.839446360820347, 40.450265720198182 ], [ 140.839542194789345, 40.450367111079188 ], [ 140.839601082751386, 40.450457389838917 ], [ 140.839608306741013, 40.450530444929434 ], [ 140.839578861521517, 40.450631834226726 ], [ 140.839601082751386, 40.450722109819026 ], [ 140.839659971951903, 40.450812110637145 ], [ 140.839792749450879, 40.450924636603268 ], [ 140.839902749028198, 40.450975472202359 ], [ 140.840433278801385, 40.451149918173883 ], [ 140.841022720686794, 40.451330194584301 ], [ 140.841251333393245, 40.451409082489285 ], [ 140.841604944155677, 40.451606027477553 ], [ 140.841666665734778, 40.451643471992554 ], [ 140.841673555337792, 40.451647665664211 ], [ 140.842069111806495, 40.451887694768978 ], [ 140.84299716659487, 40.452552138331946 ], [ 140.843579390682976, 40.453053527569992 ], [ 140.843652999706705, 40.453115472122938 ], [ 140.844161305153875, 40.453616581835668 ], [ 140.844389639824016, 40.453926027450656 ], [ 140.84441908256656, 40.45400491535564 ], [ 140.844418806387978, 40.454201861135765 ], [ 140.844374638249121, 40.454410193019491 ], [ 140.844404083468618, 40.454506027443934 ], [ 140.844477973624777, 40.454629917341684 ], [ 140.844499917437616, 40.454742693534442 ], [ 140.844492693447989, 40.454838250017275 ], [ 140.844487693748675, 40.454991581137094 ], [ 140.844485193899004, 40.455069081709603 ], [ 140.844529360180161, 40.45517630698879 ], [ 140.84460325033632, 40.455266307806909 ], [ 140.844625194149131, 40.455345193336321 ], [ 140.844625194149131, 40.455457693171184 ], [ 140.84460325033632, 40.455570470947649 ], [ 140.84433797151695, 40.456116582653152 ], [ 140.844323249836037, 40.456212417077587 ], [ 140.844278805518599, 40.456409082540539 ], [ 140.844234639856694, 40.456487972821087 ], [ 140.84408741747464, 40.456640221473165 ], [ 140.8439326955436, 40.456831611588576 ], [ 140.843792694054997, 40.456977999711221 ], [ 140.843645194875108, 40.457067998945625 ], [ 140.843343527979073, 40.457253833396322 ], [ 140.843049361251246, 40.457553832955959 ], [ 140.842938250148023, 40.457642443274189 ], [ 140.84290130537957, 40.45765938900179 ], [ 140.842805471410571, 40.457687442099534 ], [ 140.842739360078127, 40.457681888018534 ], [ 140.842562416297994, 40.457664942290933 ], [ 140.841729916823084, 40.457603000113558 ], [ 140.841673528091462, 40.457595637432469 ], [ 140.841666665734778, 40.457594748969555 ], [ 140.841427694473708, 40.457563554577355 ], [ 140.841354082353831, 40.457574943848385 ], [ 140.841206583793195, 40.457653833337076 ], [ 140.840764639849198, 40.457957445345748 ], [ 140.840742417380852, 40.457985777968808 ], [ 140.84042602818468, 40.45828966791909 ], [ 140.840383193876932, 40.458327445013794 ], [ 140.840376500571267, 40.458333333258203 ], [ 140.840042666920141, 40.458627720931318 ], [ 140.839917667006404, 40.458751610829076 ], [ 140.839674332619097, 40.459033278120501 ], [ 140.839563776969214, 40.459134387892476 ], [ 140.839490167945513, 40.459179665451281 ], [ 140.839129056395592, 40.45934855496624 ], [ 140.839003778445601, 40.459433000119645 ], [ 140.838915444025588, 40.459551055619222 ], [ 140.838723777945319, 40.45974800060749 ], [ 140.838605999544285, 40.459922749860027 ], [ 140.83846683278378, 40.46006469408438 ], [ 140.838407110093641, 40.460125248137437 ], [ 140.838193498962085, 40.460356360146946 ], [ 140.838104888982713, 40.460502749853305 ], [ 140.837957667839135, 40.460728027464633 ], [ 140.837788222988735, 40.460896917771443 ], [ 140.837596556289242, 40.461048859975087 ], [ 140.837264889958846, 40.46152719352132 ], [ 140.83717655677728, 40.461713028763874 ], [ 140.837154611106769, 40.46174135901137 ], [ 140.837124889089466, 40.461831359829489 ], [ 140.83711016678933, 40.462107473831772 ], [ 140.836999889175729, 40.462338306315957 ], [ 140.836535444107881, 40.463205526889801 ], [ 140.836321832976324, 40.463543333634689 ], [ 140.836181832106973, 40.463841666336542 ], [ 140.836130443693889, 40.463943057217548 ], [ 140.836078749998222, 40.464128890084531 ], [ 140.836078749998222, 40.464342777632979 ], [ 140.836100693191781, 40.464449722594985 ], [ 140.836211249460916, 40.464798888520356 ], [ 140.836240694680384, 40.465035556986436 ], [ 140.836285139617075, 40.465277499216342 ], [ 140.83629985944026, 40.465305834214973 ], [ 140.836307082810663, 40.465378888513634 ], [ 140.836365971391928, 40.465609721789683 ], [ 140.836410416328619, 40.466009722522287 ], [ 140.836461807218626, 40.466212501116878 ], [ 140.836491249961171, 40.466375556233658 ], [ 140.836447084299266, 40.466544442581188 ], [ 140.836386916998748, 40.466660832806689 ], [ 140.83638388956129, 40.466666665621155 ], [ 140.836336528030159, 40.466758334880772 ], [ 140.836159860428609, 40.467017499196167 ], [ 140.836149861649204, 40.467034721281664 ], [ 140.836078749998222, 40.467158055296203 ], [ 140.835916528518197, 40.467389168097569 ], [ 140.835769306136143, 40.467687529306247 ], [ 140.835665970760488, 40.467794472684545 ], [ 140.835496527767788, 40.467935306726183 ], [ 140.835201806205845, 40.468121139593173 ], [ 140.834973472154928, 40.468284471859704 ], [ 140.834671499357057, 40.468593918266549 ], [ 140.834465112215128, 40.468909195112282 ], [ 140.834332333477676, 40.469072527378813 ], [ 140.83411150021422, 40.469264193852119 ], [ 140.833728166815206, 40.469523084977048 ], [ 140.833367610718653, 40.469861139572998 ], [ 140.833340112372412, 40.469899470967206 ], [ 140.833333332993163, 40.469908944737533 ], [ 140.833323166401215, 40.469923083334088 ], [ 140.83324233400711, 40.470086139242724 ], [ 140.833043443937243, 40.470356693621014 ], [ 140.832763444056184, 40.470868639888984 ], [ 140.832557054437331, 40.471246166944255 ], [ 140.832394832957334, 40.471471442971875 ], [ 140.832252055440478, 40.471602277450515 ], [ 140.831952889013337, 40.471797832730751 ], [ 140.831834831337545, 40.471882557409472 ], [ 140.831805389214225, 40.471893666363329 ], [ 140.831606500382804, 40.472045610150687 ], [ 140.831451778451765, 40.472214776815392 ], [ 140.831334000050731, 40.472310333298225 ], [ 140.830914000538797, 40.472788667636308 ], [ 140.830729832769038, 40.473075889008733 ], [ 140.830648721719399, 40.473250612130009 ], [ 140.830604555438242, 40.473396999460796 ], [ 140.830575110837998, 40.473594221598816 ], [ 140.830530666520559, 40.473678666752221 ], [ 140.830354000157456, 40.473892555884376 ], [ 140.830287610169506, 40.474055888150907 ], [ 140.830250667877976, 40.47411227703914 ], [ 140.830118139311253, 40.474500639857794 ], [ 140.829970916929199, 40.47481036024697 ], [ 140.829889805260336, 40.474928415746547 ], [ 140.829822805326415, 40.474994249106416 ], [ 140.829816944891149, 40.474999999567814 ], [ 140.829683416879959, 40.475131194341131 ], [ 140.829373971779432, 40.475378973344782 ], [ 140.828946749516319, 40.475756192367896 ], [ 140.828681471935397, 40.476060361843494 ], [ 140.828445638335523, 40.476392581249407 ], [ 140.828195082435514, 40.477113139718284 ], [ 140.828172861205644, 40.477158167842319 ], [ 140.828047583255625, 40.477586222464531 ], [ 140.827985360096591, 40.478141777057957 ], [ 140.827988692816632, 40.47818872226641 ], [ 140.827973971754972, 40.478368997884971 ], [ 140.827996194842541, 40.47917955638011 ], [ 140.828018139274604, 40.479280944093695 ], [ 140.828047583255625, 40.4793653892471 ], [ 140.828077305272927, 40.479410667597762 ], [ 140.828165639692941, 40.479585110401864 ], [ 140.828217278276753, 40.479782333331741 ], [ 140.82823199871919, 40.480007333793324 ], [ 140.82829089039663, 40.480193444601916 ], [ 140.828379221101244, 40.480311499309636 ], [ 140.828511999838696, 40.480435388415529 ], [ 140.828600333020233, 40.480503167366656 ], [ 140.828813667353955, 40.480621221282519 ], [ 140.828961166533844, 40.480666223275293 ], [ 140.829189499346285, 40.480677610170751 ], [ 140.829285333315283, 40.480694555898353 ], [ 140.829683112835824, 40.480717055706954 ], [ 140.829852555209271, 40.480739556307412 ], [ 140.830051444659944, 40.480801497692937 ], [ 140.830358666708634, 40.480929556714791 ], [ 140.830483944658624, 40.480918167443761 ], [ 140.830581833247663, 40.480992612242311 ], [ 140.830631167040679, 40.481047887780406 ], [ 140.830706416416575, 40.481048806333867 ], [ 140.830802332124506, 40.481084081162251 ], [ 140.83084841679414, 40.481128861435224 ], [ 140.83086700064058, 40.481199832359614 ], [ 140.830893221506045, 40.48119252669219 ], [ 140.831028944084295, 40.481267332577275 ], [ 140.831066361328681, 40.481348888246572 ], [ 140.831146722485329, 40.481329277130222 ], [ 140.831293944867383, 40.481385666018461 ], [ 140.831301444416368, 40.48145900221801 ], [ 140.831419221578926, 40.481464557882724 ], [ 140.831529777228809, 40.4815489998687 ], [ 140.831515055547925, 40.48158844619676 ], [ 140.831616999503666, 40.48160044361353 ], [ 140.831707917369982, 40.481657167457037 ], [ 140.831715416918968, 40.481696721477569 ], [ 140.831788277288155, 40.48169863777013 ], [ 140.83184555647901, 40.481736305588647 ], [ 140.831868583952172, 40.481807332734846 ], [ 140.831955806227029, 40.481810192920271 ], [ 140.832010610337591, 40.481842111069255 ], [ 140.832064832986958, 40.481927389255624 ], [ 140.832192527809184, 40.481922138455637 ], [ 140.832282194202605, 40.481991722839417 ], [ 140.832301472830153, 40.482038416237529 ], [ 140.832371277277105, 40.482051249854685 ], [ 140.832450305221897, 40.482092806480132 ], [ 140.832495027575618, 40.482162638714982 ], [ 140.832609140108445, 40.482156168456093 ], [ 140.832724361071001, 40.482209556208453 ], [ 140.832788499522337, 40.482299138926379 ], [ 140.83288383314985, 40.482327222114669 ], [ 140.832972888358825, 40.482401081731318 ], [ 140.833010221387326, 40.482472082746256 ], [ 140.833109277233376, 40.482486362293258 ], [ 140.833174055973188, 40.482532110214784 ], [ 140.833226388099632, 40.482583112895583 ], [ 140.833235110017512, 40.482654556558266 ], [ 140.833296778342429, 40.482647887543415 ], [ 140.833333332993163, 40.482659390049918 ], [ 140.833339139555022, 40.48266122398941 ], [ 140.833340027537304, 40.482661942203187 ], [ 140.833436971793731, 40.482740305899213 ], [ 140.833449415930147, 40.482809389037875 ], [ 140.833528528090824, 40.482827473455025 ], [ 140.833606999963024, 40.482894168354697 ], [ 140.833653807279291, 40.482965610433666 ], [ 140.833716721504032, 40.48298180627323 ], [ 140.833815749484558, 40.483083777584994 ], [ 140.833806417001455, 40.48313708377615 ], [ 140.833879361586554, 40.48317047240252 ], [ 140.833977166578933, 40.483281472461307 ], [ 140.833952860386518, 40.48332722117469 ], [ 140.833953442466964, 40.483327637691175 ], [ 140.833961556296543, 40.483333331138908 ], [ 140.834032027659077, 40.48338291718855 ], [ 140.834054443947792, 40.483430081741233 ], [ 140.834005305832875, 40.483452360621889 ], [ 140.834042249362881, 40.48351986083955 ], [ 140.834037639162062, 40.483577778802555 ], [ 140.834094332557072, 40.483633055132501 ], [ 140.834088722292535, 40.483725000750013 ], [ 140.833979749406012, 40.483777639406199 ], [ 140.83399591699947, 40.483834139154332 ], [ 140.833854499940799, 40.483935610012836 ], [ 140.833808417748116, 40.483937082865801 ], [ 140.833678250322549, 40.484029501221599 ], [ 140.833584194175785, 40.484035693538878 ], [ 140.833447776816456, 40.48413527740351 ], [ 140.833342251208364, 40.484145138391632 ], [ 140.833340027537304, 40.484149833308408 ], [ 140.833333332993163, 40.484163998828087 ], [ 140.833321027565262, 40.484190056447623 ], [ 140.833275556557027, 40.484216749136024 ], [ 140.833215778755033, 40.484231028683027 ], [ 140.833155332798981, 40.484230556736591 ], [ 140.833103278708819, 40.484273971849078 ], [ 140.833080611010871, 40.484285804559711 ], [ 140.833012723094669, 40.484272000918423 ], [ 140.832967860793957, 40.484274387573706 ], [ 140.832954056818579, 40.484306417374441 ], [ 140.832885027653191, 40.484328694671383 ], [ 140.832796972507936, 40.484319584363163 ], [ 140.832760027120258, 40.484370418378539 ], [ 140.832686416858081, 40.484404027932854 ], [ 140.832623165769775, 40.484391580741629 ], [ 140.832476167550595, 40.484462082095163 ], [ 140.832414528948931, 40.484468778033133 ], [ 140.832327804538608, 40.484444582068058 ], [ 140.832268639778732, 40.484495139725546 ], [ 140.832180305358719, 40.484596527439123 ], [ 140.832143360590266, 40.484669859679393 ], [ 140.832099194928333, 40.484799306033715 ], [ 140.83208447138972, 40.485170971767687 ], [ 140.832099194928333, 40.485238472777205 ], [ 140.832106694477318, 40.485384860899842 ], [ 140.832077251115521, 40.485469332976372 ], [ 140.832069749708836, 40.485553776546062 ], [ 140.832099194928333, 40.485638499641077 ], [ 140.832217250127172, 40.485812945612601 ], [ 140.832276139327689, 40.485981834335696 ], [ 140.832305556062408, 40.486235165836632 ], [ 140.832379167563062, 40.486353500069669 ], [ 140.832570831785631, 40.48655627866426 ], [ 140.832696110974098, 40.486702388845295 ], [ 140.832769721855499, 40.48687127756839 ], [ 140.832784444774859, 40.48697266765754 ], [ 140.832769721855499, 40.487231831181084 ], [ 140.832725555574342, 40.487406277152608 ], [ 140.832703333106025, 40.487468221705555 ], [ 140.832644442667032, 40.487766834724582 ], [ 140.832637221773581, 40.48854350018081 ], [ 140.832710832654982, 40.488937667307098 ], [ 140.832762500342824, 40.489078501348736 ], [ 140.832887222220251, 40.489275721111191 ], [ 140.832968332650637, 40.489506582894066 ], [ 140.832999444230154, 40.489566028348122 ], [ 140.833042222187572, 40.489647416935703 ], [ 140.833130556607586, 40.489748804649288 ], [ 140.833333332993163, 40.489936778696062 ], [ 140.83333999967175, 40.489942944882081 ], [ 140.833373583235357, 40.489974082260623 ], [ 140.833506360734361, 40.490193528641207 ], [ 140.833631638684352, 40.490334362682844 ], [ 140.833904137777949, 40.49048658282809 ], [ 140.833992470959487, 40.490520194757977 ], [ 140.834154694297212, 40.490537140485579 ], [ 140.834486082591326, 40.490475195932632 ], [ 140.834618861328778, 40.490435750396429 ], [ 140.834847192902743, 40.490396307235791 ], [ 140.834987195629822, 40.490401859733083 ], [ 140.835104971553932, 40.490435750396429 ], [ 140.83523747163585, 40.49050325061409 ], [ 140.835406917105473, 40.49067241569508 ], [ 140.835495250287039, 40.490790472778372 ], [ 140.835583860266382, 40.490931305236295 ], [ 140.835789971848953, 40.491156583639487 ], [ 140.836062748978833, 40.491319640339981 ], [ 140.836202749848212, 40.491370192454468 ], [ 140.836423860528754, 40.491421028053558 ], [ 140.836711083780159, 40.491466026878904 ], [ 140.837049972861735, 40.491544917159459 ], [ 140.837182750360711, 40.491589917568518 ], [ 140.837449807002344, 40.491661029443357 ], [ 140.837471027549242, 40.491666665877425 ], [ 140.837690806256376, 40.49172519277802 ], [ 140.837764417137805, 40.4917532506269 ], [ 140.837882471098169, 40.491775750435501 ], [ 140.838044389772506, 40.491787137330967 ], [ 140.838221332933415, 40.491815193596139 ], [ 140.838331887964074, 40.491877138940943 ], [ 140.838390778403038, 40.491933527037318 ], [ 140.838464389284468, 40.492062971016068 ], [ 140.838538000785093, 40.492305195938719 ], [ 140.838545500334078, 40.492479640326529 ], [ 140.838567444766142, 40.492564082312512 ], [ 140.838597165544968, 40.492924639092628 ], [ 140.838751889952931, 40.493222971794481 ], [ 140.838840221896021, 40.493307416156028 ], [ 140.8390977206532, 40.493510192375048 ], [ 140.839237722761027, 40.493600473510341 ], [ 140.839563833319545, 40.493749361523733 ], [ 140.839959944622365, 40.493943805829396 ], [ 140.840298833703912, 40.494079083414469 ], [ 140.840564110665582, 40.494214083057933 ], [ 140.840630221998026, 40.494259081883278 ], [ 140.840939917888534, 40.494399915924916 ], [ 140.841212137707373, 40.494484361078328 ], [ 140.841477416526772, 40.494552136862026 ], [ 140.841646860757919, 40.494631028726289 ], [ 140.841666665734778, 40.494647222982138 ], [ 140.84167325005518, 40.494652611565144 ], [ 140.842059360720896, 40.494968529022735 ], [ 140.842339361840402, 40.495188249385642 ], [ 140.842501582701175, 40.49535713731688 ], [ 140.84271380674744, 40.495557694754183 ], [ 140.842906860532224, 40.495762418148168 ], [ 140.843002693262747, 40.495824360325543 ], [ 140.843179082827987, 40.495886306462204 ], [ 140.843628527559446, 40.496004636735961 ], [ 140.843650750027763, 40.496016026798848 ], [ 140.844070749539725, 40.496100471952253 ], [ 140.844284360671281, 40.496134080714711 ], [ 140.844903221149082, 40.496179362232809 ], [ 140.845205443498457, 40.496218529035545 ], [ 140.845404055532072, 40.496269361467213 ], [ 140.845499889501042, 40.496308806211559 ], [ 140.84581655549502, 40.496539637903894 ], [ 140.846044890165189, 40.49671436181702 ], [ 140.846133500144532, 40.496764917098936 ], [ 140.846229332875055, 40.496798806970425 ], [ 140.846376555257109, 40.496826861651883 ], [ 140.847024890058435, 40.496826861651883 ], [ 140.847194333051135, 40.496815471588995 ], [ 140.847555443362552, 40.49683241652474 ], [ 140.84762183335053, 40.496849362252341 ], [ 140.847769056351808, 40.496911306805295 ], [ 140.848255165338486, 40.497237970546493 ], [ 140.848350999307485, 40.497282972539267 ], [ 140.848564611677489, 40.497327971364612 ], [ 140.848652944859026, 40.497339360635642 ], [ 140.848792944489929, 40.497327971364612 ], [ 140.848866831549941, 40.497316862410756 ], [ 140.849470999450858, 40.49731099950575 ], [ 140.849611000320238, 40.497299887384465 ], [ 140.85000000033412, 40.497288555918956 ], [ 140.85000152674715, 40.497288500489006 ], [ 140.850006528923387, 40.497288749923776 ], [ 140.850237083549217, 40.497299887384465 ], [ 140.851025417362195, 40.497288500489006 ], [ 140.851165416993098, 40.497327943649637 ], [ 140.851349584143634, 40.497406833138328 ], [ 140.851725138099681, 40.497604055276348 ], [ 140.852049583536626, 40.497784056120729 ], [ 140.852196806537904, 40.497823501656931 ], [ 140.852336805549584, 40.497885445418021 ], [ 140.852476805180487, 40.49799238879632 ], [ 140.85257263791101, 40.498155721854701 ], [ 140.852631527111527, 40.498206557453798 ], [ 140.852716806228528, 40.498254331735929 ], [ 140.852852639030516, 40.498330444975977 ], [ 140.853036528144742, 40.498397942818073 ], [ 140.853419581649746, 40.49849933369908 ], [ 140.853493193769623, 40.498516277842967 ], [ 140.853905972388134, 40.498640166157003 ], [ 140.854333167404917, 40.498848500416308 ], [ 140.85452483410441, 40.498915998258397 ], [ 140.854848999647373, 40.498989334457946 ], [ 140.855136499696613, 40.499006277018125 ], [ 140.855939278392697, 40.499180722989649 ], [ 140.856373998966291, 40.49926516655934 ], [ 140.856624557343252, 40.499316001366573 ], [ 140.856771778486831, 40.499372112313203 ], [ 140.857000111299271, 40.499484889297818 ], [ 140.857132888798276, 40.49953544299602 ], [ 140.857243443209683, 40.499586277011396 ], [ 140.857523444329189, 40.499665166500094 ], [ 140.857700110692264, 40.499681832702372 ], [ 140.857965388273186, 40.499665166500094 ], [ 140.858164278343082, 40.499710168492861 ], [ 140.858333333075734, 40.499735887989708 ], [ 140.858339832561001, 40.49973688810438 ], [ 140.858385110987314, 40.499743777255318 ], [ 140.858628444136173, 40.499755167318213 ], [ 140.859018721630804, 40.499704331719116 ], [ 140.859202888781311, 40.499676278621372 ], [ 140.859659805815426, 40.499670722164808 ], [ 140.859770360846056, 40.499653779604628 ], [ 140.860271472026852, 40.49963127900417 ], [ 140.86050702882892, 40.499608749896879 ], [ 140.860735637819971, 40.49957486002539 ], [ 140.861126193350884, 40.499535416864759 ], [ 140.861376473072312, 40.499529861200045 ], [ 140.861678417385406, 40.499546806927647 ], [ 140.861877307455302, 40.499586250088278 ], [ 140.862267861747739, 40.499710139194178 ], [ 140.862547860390322, 40.499783195076553 ], [ 140.862680361710716, 40.499783195076553 ], [ 140.863129805822922, 40.499721249731742 ], [ 140.863358139873839, 40.499676528848006 ], [ 140.863387859414189, 40.499670695241683 ], [ 140.863579250554352, 40.49961430635345 ], [ 140.863741472034349, 40.499541251262933 ], [ 140.863844528135274, 40.4994848623747 ], [ 140.864065638815788, 40.499400417221295 ], [ 140.864485638327722, 40.499304863114034 ], [ 140.864691751148769, 40.499265417577831 ], [ 140.864949529180706, 40.499180972424426 ], [ 140.865192583054807, 40.499079581543413 ], [ 140.865347583022128, 40.499000693638436 ], [ 140.865443140193292, 40.498910692820317 ], [ 140.865570361301167, 40.49874041518104 ], [ 140.865590638134705, 40.498713472266012 ], [ 140.865818972185622, 40.498477084117106 ], [ 140.865907306605635, 40.49834761242338 ], [ 140.866010638885115, 40.498268722142832 ], [ 140.866157861267197, 40.498178724492142 ], [ 140.866253693997692, 40.498133441390337 ], [ 140.866393693628595, 40.498048999404354 ], [ 140.866489527597594, 40.497975942730122 ], [ 140.866666667055824, 40.49787844223976 ], [ 140.866673138675537, 40.497874861464979 ], [ 140.866747305629531, 40.497829554607485 ], [ 140.866975917097506, 40.497745111037794 ], [ 140.86716008177109, 40.497728444835509 ], [ 140.867476751480467, 40.497722610437336 ], [ 140.86762424942188, 40.497694554964021 ], [ 140.867926193734974, 40.49759872291515 ], [ 140.868383139253865, 40.497407333591596 ], [ 140.868662861098613, 40.497249556989779 ], [ 140.868847027629897, 40.497193446043148 ], [ 140.869252305460947, 40.497035667065767 ], [ 140.86953952871238, 40.496928721311896 ], [ 140.86984174982328, 40.496844276950348 ], [ 140.869922860872919, 40.496832886887461 ], [ 140.870630083636286, 40.496838720493784 ], [ 140.870865916616935, 40.496799277333146 ], [ 140.870991195186178, 40.496804832206003 ], [ 140.871057583935681, 40.496844276950348 ], [ 140.871094250667852, 40.496894833024122 ], [ 140.871145917117218, 40.497114557346315 ], [ 140.871256470909373, 40.497215945059892 ], [ 140.871381750717092, 40.49728900015041 ], [ 140.871484806198765, 40.497312610933584 ], [ 140.871875056447067, 40.497401777926882 ], [ 140.8721622778408, 40.497520082861236 ], [ 140.872206443502733, 40.497548137542694 ], [ 140.872390610653241, 40.497604528806498 ], [ 140.872700056992244, 40.497627027823242 ], [ 140.872803389890976, 40.4976495284237 ], [ 140.872994778554187, 40.497728417120534 ], [ 140.873083388533558, 40.497750919304707 ], [ 140.873274778435217, 40.497756471801992 ], [ 140.873473668505113, 40.497728417120534 ], [ 140.87400422180923, 40.497542584253544 ], [ 140.874158943121046, 40.497548137542694 ], [ 140.874269499390152, 40.497593139535461 ], [ 140.874446443789509, 40.497728417120534 ], [ 140.874600610267208, 40.497829804834119 ], [ 140.874711167774791, 40.497891750178923 ], [ 140.874865889086607, 40.497992861534605 ], [ 140.874999999797438, 40.498067500337982 ], [ 140.875006445409298, 40.498071083488327 ], [ 140.875028109328127, 40.498083138710619 ], [ 140.87529338876675, 40.498162027407453 ], [ 140.87566894519972, 40.498207027024662 ], [ 140.876074221792294, 40.498212582689369 ], [ 140.876265889111039, 40.498167580696602 ], [ 140.876560610672982, 40.498116750640506 ], [ 140.876973111255182, 40.498054806087552 ], [ 140.877422277331078, 40.49804397349159 ], [ 140.877584498811103, 40.498015917226425 ], [ 140.877842248977487, 40.498015917226425 ], [ 140.87800181889537, 40.498053380745979 ], [ 140.877735001278268, 40.497134740974857 ], [ 140.876146752728744, 40.491666677755269 ], [ 140.875006509809708, 40.487741024956108 ], [ 140.874999988651211, 40.48771858057745 ], [ 140.874452488756674, 40.485833663744231 ], [ 140.873726277786716, 40.483333327179622 ], [ 140.873724570557215, 40.483327522080131 ], [ 140.871305832567941, 40.475000002735236 ], [ 140.871304124719217, 40.474994146956938 ], [ 140.871170036920034, 40.474532562757915 ], [ 140.868885327283436, 40.466666679874571 ], [ 140.868883620053936, 40.466660772625602 ], [ 140.867887587560347, 40.463231461771599 ], [ 140.866673436527321, 40.459051440931432 ], [ 140.866666667055824, 40.459028118383998 ], [ 140.866464851722185, 40.458333329298924 ], [ 140.866463143873432, 40.458327399086116 ], [ 140.864605073800277, 40.451930386124687 ], [ 140.864044376160905, 40.450000004854537 ], [ 140.86404266831218, 40.449994022379208 ], [ 140.861623931561383, 40.44166665427889 ], [ 140.86132259162116, 40.44062930810221 ], [ 140.866666667055824, 40.437651102811088 ], [ 140.866673591955191, 40.437647255972557 ], [ 140.867860165379966, 40.436985994088722 ], [ 140.874414540828326, 40.433333328250797 ], [ 140.874425410251405, 40.433327272924679 ], [ 140.874999988651211, 40.433007058062238 ], [ 140.875006975474037, 40.433003162920464 ], [ 140.88009302951761, 40.430168765883735 ], [ 140.883333340589104, 40.428362991141412 ], [ 140.889367946082871, 40.425000006973839 ], [ 140.889378939352866, 40.424993871670218 ], [ 140.891666660946044, 40.423718974899394 ], [ 140.891673711549998, 40.423715052834496 ], [ 140.89199967720765, 40.42353339542646 ] ], [ [ 140.855488139435664, 40.430471999385034 ], [ 140.85546566679659, 40.430512806122437 ], [ 140.855448139364199, 40.43052561044091 ], [ 140.855381749376249, 40.430542556168511 ], [ 140.855359249490846, 40.430594777516355 ], [ 140.855319249419381, 40.430613388518033 ], [ 140.855254806304686, 40.430613388518033 ], [ 140.855206472575361, 40.430579501813966 ], [ 140.85522702744521, 40.430520057943625 ], [ 140.855287028171659, 40.430493389802777 ], [ 140.855339249455113, 40.430487277462994 ], [ 140.855379528182112, 40.430471999385034 ], [ 140.855419806289859, 40.430450332609396 ], [ 140.855488139435664, 40.430471999385034 ] ] ] } },
{ "type": "Feature", "properties": { "P12_001": 10459, "P12_002": "北欧の杜公園", "P12_003": "05", "P12_004": "05213", "P12_005": "‐", "P12_006": "北秋田市上杉字中山沢128", "P12_007": 4 }, "geometry": { "type": "Polygon", "coordinates": [ [ [ 140.35512239002577, 40.170340555679168 ], [ 140.355314500097165, 40.170604305635152 ], [ 140.355505499261881, 40.170876584676741 ], [ 140.355757083710387, 40.171261721472305 ], [ 140.355868694535843, 40.171426388808776 ], [ 140.355888527997507, 40.171448889409234 ], [ 140.35614074901909, 40.171811082956594 ], [ 140.356766557307935, 40.172684916323483 ], [ 140.356913555527115, 40.172886915731347 ], [ 140.357838278214672, 40.172022028758398 ], [ 140.357929441917094, 40.171474825874739 ], [ 140.358105082827848, 40.171375029000728 ], [ 140.35888013777631, 40.171042306765976 ], [ 140.361625297799037, 40.168224825366309 ], [ 140.36232733261582, 40.168490665823271 ], [ 140.362377834285098, 40.168531942923394 ], [ 140.362662444366947, 40.168731277734373 ], [ 140.36371563901605, 40.169418776989154 ], [ 140.364095500986451, 40.16968308282835 ], [ 140.364744000504146, 40.170118999793054 ], [ 140.365464832803269, 40.170586668616885 ], [ 140.367034149496561, 40.171603888178694 ], [ 140.368717111200652, 40.169029166996623 ], [ 140.368732417438906, 40.168979778119223 ], [ 140.368755443054368, 40.168932832118919 ], [ 140.375065221496271, 40.160571417359535 ], [ 140.377205109522947, 40.159131839790682 ], [ 140.380418222576964, 40.157160695335229 ], [ 140.38000086224244, 40.157053972884881 ], [ 140.379568361005255, 40.156947027922868 ], [ 140.377780806260262, 40.156503361059286 ], [ 140.377777417189861, 40.156512749309123 ], [ 140.373427028588509, 40.155375139063132 ], [ 140.373410082617312, 40.155373918020516 ], [ 140.37326452907223, 40.155711055646712 ], [ 140.373197083289455, 40.155887444042065 ], [ 140.372956445049113, 40.156424638652304 ], [ 140.372900611770831, 40.156542443133389 ], [ 140.372886111156646, 40.156572973949906 ], [ 140.372869389967576, 40.156608250362005 ], [ 140.372799890183984, 40.156720970332955 ], [ 140.372705193748743, 40.156853917484554 ], [ 140.372617860011701, 40.156962720933599 ], [ 140.372554361848813, 40.157030470586037 ], [ 140.372424249535101, 40.157154610710421 ], [ 140.371798971310994, 40.157644195744666 ], [ 140.37167611209091, 40.157739834580568 ], [ 140.371623444339377, 40.157780806815964 ], [ 140.371341417084608, 40.158000276952244 ], [ 140.371180222295379, 40.158137416983635 ], [ 140.37099402900958, 40.158327584472723 ], [ 140.370933305636498, 40.158389582871905 ], [ 140.37065783297885, 40.158689138991939 ], [ 140.370139889765994, 40.159262026530762 ], [ 140.370075195242094, 40.159334167818962 ], [ 140.370083583392557, 40.159338361490612 ], [ 140.37002380682901, 40.159391470509512 ], [ 140.369681027716354, 40.159735529752773 ], [ 140.369288342018763, 40.160158465815016 ], [ 140.369034418102331, 40.16008086071745 ], [ 140.367264418036058, 40.159829942794914 ], [ 140.366343385366861, 40.159677416993091 ], [ 140.365510350254084, 40.159513159046391 ], [ 140.365421831921452, 40.159416667381116 ], [ 140.365347388788877, 40.159346471684167 ], [ 140.365264000814022, 40.159268609233266 ], [ 140.365233555530807, 40.159240082605372 ], [ 140.365151887789381, 40.159152582469865 ], [ 140.365086305283199, 40.159079054641055 ], [ 140.365028082378984, 40.159001055198992 ], [ 140.364985610942654, 40.15895891735093 ], [ 140.364971806348052, 40.158945193687138 ], [ 140.364879778194279, 40.158869332257431 ], [ 140.364751111173859, 40.158785416855977 ], [ 140.364595221985809, 40.158686332652756 ], [ 140.364532471238988, 40.158629306320094 ], [ 140.364459528511588, 40.158533804475354 ], [ 140.364434917036562, 40.158501583045364 ], [ 140.364362166891112, 40.158404361288461 ], [ 140.36426350054353, 40.158312278679787 ], [ 140.364142360318425, 40.158201332467236 ], [ 140.364088418182291, 40.158142529208746 ], [ 140.363979499169204, 40.157965443979741 ], [ 140.363882028563438, 40.157827581775287 ], [ 140.363815415651061, 40.157687167417549 ], [ 140.363796971751611, 40.157629668346601 ], [ 140.363770555208021, 40.157614221603218 ], [ 140.363257640179285, 40.157624165736266 ], [ 140.362178214137742, 40.15781775879627 ], [ 140.361462505384821, 40.157888156416611 ], [ 140.360617733920691, 40.158064148091881 ], [ 140.36011908048161, 40.158204943332557 ], [ 140.357872240749799, 40.160023542189769 ], [ 140.355530638943918, 40.161212916882448 ], [ 140.355161952298459, 40.161560548981917 ], [ 140.354081666759413, 40.162196499174961 ], [ 140.353245472931491, 40.163112276385093 ], [ 140.35319027870321, 40.163165998300876 ], [ 140.353159778927392, 40.163210084907611 ], [ 140.353245194895209, 40.163258471294768 ], [ 140.35433177742982, 40.163907941644503 ], [ 140.355051111800691, 40.164323110387024 ], [ 140.354640304824841, 40.164752416142392 ], [ 140.354515000247744, 40.164846416627341 ], [ 140.354368555624205, 40.164927111548693 ], [ 140.35415141609451, 40.165041583106067 ], [ 140.353991166257146, 40.165154110655905 ], [ 140.353885833231004, 40.165233972544293 ], [ 140.353716611305003, 40.16531694484474 ], [ 140.35347983399177, 40.165420639236103 ], [ 140.353209638450494, 40.165520417105562 ], [ 140.35296661120347, 40.165572249651902 ], [ 140.352791416760766, 40.165594889619086 ], [ 140.352675555509734, 40.165597915302506 ], [ 140.351492332762831, 40.164966332197672 ], [ 140.350927416898088, 40.165710360499276 ], [ 140.351014501083654, 40.165810970609847 ], [ 140.351495193626192, 40.166367084253913 ], [ 140.351740194373548, 40.166660970681903 ], [ 140.351893834501908, 40.166845221419749 ], [ 140.351978638666083, 40.166940667834531 ], [ 140.352251694451496, 40.167247943762902 ], [ 140.352455971861474, 40.167481805889793 ], [ 140.353122556122628, 40.16821927762016 ], [ 140.353335889217874, 40.168443859981551 ], [ 140.353795501779729, 40.168938166855689 ], [ 140.354054638412151, 40.169173000590419 ], [ 140.354323110623824, 40.169466585321111 ], [ 140.354365528186776, 40.16951394387862 ], [ 140.354880056321377, 40.170105749659413 ], [ 140.35512239002577, 40.170340555679168 ] ] ] } },
{ "type": "Feature", "properties": { "P12_001": 10461, "P12_002": "翠雲公園", "P12_003": "05", "P12_004": "05213", "P12_005": "‐", "P12_006": "北秋田市三木田", "P12_007": 4 }, "geometry": { "type": "Polygon", "coordinates": [ [ [ 140.325987194617539, 40.108440167731828 ], [ 140.325862917350463, 40.108333916436052 ], [ 140.325773360561556, 40.108284917943877 ], [ 140.325623526867645, 40.108249919473387 ], [ 140.32547330553291, 40.108254861449367 ], [ 140.325332749210219, 40.108290832319554 ], [ 140.325248750670141, 40.108327417670331 ], [ 140.325118971504565, 40.108383942757875 ], [ 140.32500930507544, 40.108438186507037 ], [ 140.32468452834803, 40.108598832796559 ], [ 140.324589194101293, 40.108632028209961 ], [ 140.324366471553361, 40.108638583989347 ], [ 140.324210807147438, 40.108587945562505 ], [ 140.323991027201828, 40.108481109084828 ], [ 140.323920222071933, 40.108458556221848 ], [ 140.323869389731442, 40.108461053737024 ], [ 140.323830112306609, 40.108462806115305 ], [ 140.323712639807411, 40.108513028817519 ], [ 140.323516332564623, 40.108618889728078 ], [ 140.323335638700371, 40.108734054159825 ], [ 140.32328147178211, 40.108728917387161 ], [ 140.323226610701994, 40.108736443982529 ], [ 140.323063251068987, 40.108778248459039 ], [ 140.323181719916477, 40.109084738865832 ], [ 140.323405331065885, 40.109287056599975 ], [ 140.323352089283986, 40.109606505737247 ], [ 140.322958110005544, 40.109617155414369 ], [ 140.322297910052043, 40.109627800340363 ], [ 140.322180782466461, 40.109968549623737 ], [ 140.323330801859726, 40.110192161961002 ], [ 140.323053937782163, 40.110969491784772 ], [ 140.322670601287001, 40.111022734627412 ], [ 140.322074298902635, 40.110948196389799 ], [ 140.322021057739931, 40.111075977470051 ], [ 140.321957160170825, 40.111299590599167 ], [ 140.321840033823719, 40.11136347915965 ], [ 140.321712251070181, 40.111299590599167 ], [ 140.321552525724428, 40.111193108873167 ], [ 140.321360857786459, 40.111161159841792 ], [ 140.321169190467714, 40.111203753007302 ], [ 140.321105293517832, 40.111267645527064 ], [ 140.321105293517832, 40.111438019772827 ], [ 140.321201132440677, 40.111587096248051 ], [ 140.321201132440677, 40.111800063659324 ], [ 140.321201132440677, 40.111938488873705 ], [ 140.321254374222605, 40.112044976142691 ], [ 140.321350202618476, 40.112034326465569 ], [ 140.321648366504974, 40.111959788227956 ], [ 140.322074298902635, 40.111736171139555 ], [ 140.32254281977194, 40.111619039736432 ], [ 140.322809028681519, 40.111565796893792 ], [ 140.32289421243641, 40.111565796893792 ], [ 140.323021995809199, 40.111672282579072 ], [ 140.323075236352651, 40.111789413982194 ], [ 140.323075236352651, 40.112194051034201 ], [ 140.323096535542362, 40.112343125925712 ], [ 140.323405331065885, 40.112449611610984 ], [ 140.323820620680266, 40.112566743014106 ], [ 140.324289141549571, 40.11268387045795 ], [ 140.324384981091669, 40.112630631574589 ], [ 140.3245052779194, 40.112293777432996 ], [ 140.325009277209887, 40.111065331752201 ], [ 140.325091806306489, 40.11086416854473 ], [ 140.325268611378107, 40.110513057028108 ], [ 140.325491471396077, 40.110119444201324 ], [ 140.325580556947529, 40.110019888843517 ], [ 140.32579488948727, 40.109894944193002 ], [ 140.3258437210811, 40.1098481652744 ], [ 140.326176583153313, 40.109209055574198 ], [ 140.326232166880118, 40.109059526948954 ], [ 140.326232166880118, 40.108891584494295 ], [ 140.326634442662311, 40.108738667515382 ], [ 140.326740926226165, 40.108685423880893 ], [ 140.326874031300179, 40.108541670264593 ], [ 140.326985835946033, 40.108286111271518 ], [ 140.326740611035802, 40.108327417670331 ], [ 140.326568556111994, 40.108416054911679 ], [ 140.326486556460878, 40.108441221692736 ], [ 140.326312554663843, 40.108435471231346 ], [ 140.326122221176206, 40.108435471231346 ], [ 140.325987194617539, 40.108440167731828 ] ] ] } },
{ "type": "Feature", "properties": { "P12_001": 10102, "P12_002": "能代公園", "P12_003": "05", "P12_004": "05202", "P12_005": "‐", "P12_006": "能代市盤若町", "P12_007": 4 }, "geometry": { "type": "Polygon", "coordinates": [ [ [ 140.017640643324796, 40.213572747746518 ], [ 140.018282207416149, 40.213317188753443 ], [ 140.018497834775218, 40.213266610507695 ], [ 140.018588344566012, 40.213263948286375 ], [ 140.019142060336435, 40.213077601504565 ], [ 140.019911397892827, 40.212752827132803 ], [ 140.020454465306841, 40.212475971161048 ], [ 140.02115990591335, 40.212169830754796 ], [ 140.021396838654482, 40.21219112852534 ], [ 140.021749195467066, 40.212094917177239 ], [ 140.021717777366462, 40.211981056933027 ], [ 140.021706389644095, 40.211846529235999 ], [ 140.021696750639933, 40.211732391050177 ], [ 140.021686832980265, 40.211716861953732 ], [ 140.021650555746589, 40.211701332857281 ], [ 140.021544417096351, 40.211660056549015 ], [ 140.021265305197574, 40.211565333891002 ], [ 140.021105332158044, 40.21152199875602 ], [ 140.021022972112434, 40.211506082441772 ], [ 140.020941667861649, 40.211503610266 ], [ 140.020920944560032, 40.211506082441772 ], [ 140.020897805624628, 40.211508832559154 ], [ 140.020827639544734, 40.211517192979343 ], [ 140.020724721533099, 40.211543332951955 ], [ 140.020675749373027, 40.211559779018145 ], [ 140.020661556518405, 40.21157069555089 ], [ 140.020581610868106, 40.211546083069337 ], [ 140.020575832791025, 40.211542695507525 ], [ 140.020444860360584, 40.211564804930909 ], [ 140.020335582810702, 40.211588526573983 ], [ 140.020140805077119, 40.211635889090772 ], [ 140.020016250392985, 40.21167241584417 ], [ 140.019988472771985, 40.211680112688676 ], [ 140.019745556987175, 40.211755445158282 ], [ 140.019556418002907, 40.211820359964698 ], [ 140.019530861576044, 40.211831555230908 ], [ 140.019378221511374, 40.211900500586552 ], [ 140.019374138898343, 40.211902723327547 ], [ 140.018898860942215, 40.21217944547557 ], [ 140.018851916155882, 40.212209528893204 ], [ 140.01882291678524, 40.212228082881211 ], [ 140.018508610693914, 40.212429443260937 ], [ 140.018395527328835, 40.212485471854492 ], [ 140.018374055372703, 40.21249610886192 ], [ 140.018212306987834, 40.212576248691917 ], [ 140.017920471058659, 40.21270499900443 ], [ 140.01786952849443, 40.212725500959259 ], [ 140.017775555325102, 40.212756971709361 ], [ 140.017679889168647, 40.212779808056943 ], [ 140.017492999863293, 40.212807972014588 ], [ 140.017395028296818, 40.212818473614561 ], [ 140.01733214007993, 40.212820527690141 ], [ 140.017282000043593, 40.212818388094064 ], [ 140.016148545792333, 40.213213364497626 ], [ 140.016150000374154, 40.213353860416575 ], [ 140.016379083079585, 40.213442221300028 ], [ 140.016403556465292, 40.213452806044927 ], [ 140.016426307140676, 40.213452806044927 ], [ 140.016531555331682, 40.213452779121802 ], [ 140.016666666725484, 40.213462305946514 ], [ 140.016771194746781, 40.213469691591435 ], [ 140.016706832751794, 40.213640500566378 ], [ 140.016557861651506, 40.213749582748889 ], [ 140.016498277669911, 40.213768415470362 ], [ 140.016413555244696, 40.213787083485698 ], [ 140.016378667573235, 40.213828499160698 ], [ 140.016330442829201, 40.213885778887423 ], [ 140.016502602403619, 40.214139771588471 ], [ 140.016771471544587, 40.213956088611695 ], [ 140.017074950320762, 40.213807010552763 ], [ 140.017476924535799, 40.213633975669396 ], [ 140.017640643324796, 40.213572747746518 ] ] ] } },
{ "type": "Feature", "properties": { "P12_001": 10113, "P12_002": "桜づつみ河畔公園", "P12_003": "05", "P12_004": "05202", "P12_005": "‐", "P12_006": "能代市", "P12_007": 4 }, "geometry": { "type": "Polygon", "coordinates": [ [ [ 140.042196555673542, 40.208333332279231 ], [ 140.042197278320202, 40.208328362588276 ], [ 140.042273390289751, 40.207809082937906 ], [ 140.042398860202439, 40.20719630563142 ], [ 140.042401942751781, 40.206831695338238 ], [ 140.042379390231446, 40.20657975116977 ], [ 140.042319805630598, 40.205914221971639 ], [ 140.042279556626852, 40.205485278886513 ], [ 140.042182749840464, 40.204733110300808 ], [ 140.042059084377087, 40.204220917765483 ], [ 140.041871332478081, 40.203759831644156 ], [ 140.041813472445284, 40.203501529660407 ], [ 140.041739110432445, 40.203013194967468 ], [ 140.041674666079246, 40.202776083061785 ], [ 140.041666666808055, 40.202746694894103 ], [ 140.041620193259178, 40.202575705375892 ], [ 140.041363836989632, 40.20252443821505 ], [ 140.041129583056943, 40.202630919941043 ], [ 140.04108698467752, 40.203333707567921 ], [ 140.041108295013458, 40.204419842394827 ], [ 140.041214778577285, 40.205974496499373 ], [ 140.041236066620769, 40.20708192434568 ], [ 140.040746246561753, 40.208508798953687 ], [ 140.040767535224489, 40.209041220253368 ], [ 140.041129583056943, 40.209339370828239 ], [ 140.041598115072475, 40.209467146365498 ], [ 140.042024048089331, 40.209403259388729 ], [ 140.042214057098107, 40.209251250669148 ], [ 140.042228193602398, 40.209152555267423 ], [ 140.042265333429725, 40.208802417734212 ], [ 140.042205472650295, 40.208761111335399 ], [ 140.042149916789072, 40.208651331527371 ], [ 140.042196555673542, 40.208333332279231 ] ] ] } },
{ "type": "Feature", "properties": { "P12_001": 10561, "P12_002": "尼子岩・白瀑神社", "P12_003": "05", "P12_004": "05349", "P12_005": "‐", "P12_006": "八峰町八森字館10", "P12_007": 2 }, "geometry": { "type": "Polygon", "coordinates": [ [ [ 140.038556456284795, 40.338886564898488 ], [ 140.038556137998256, 40.338877295427118 ], [ 140.038555181900193, 40.338868061589288 ], [ 140.038553592325258, 40.338858901394104 ], [ 140.038551374227296, 40.3388498488914 ], [ 140.038548536894837, 40.338840936547278 ], [ 140.038545092093329, 40.338832201579002 ], [ 140.038541053445954, 40.338823678828241 ], [ 140.038536435195084, 40.338815394426277 ], [ 140.038531255917775, 40.338807389549622 ], [ 140.038525536667976, 40.338799687953987 ], [ 140.038519296641965, 40.338792326856613 ], [ 140.03851256432452, 40.338785326845773 ], [ 140.038505360769648, 40.338778719595716 ], [ 140.03849771693902, 40.338772528862151 ], [ 140.038489662555946, 40.338766779984468 ], [ 140.038481227343652, 40.338761495134655 ], [ 140.03847244474079, 40.338756693317265 ], [ 140.03846334818607, 40.338752392744993 ], [ 140.03845397545274, 40.33874861321425 ], [ 140.038444358121779, 40.338745365019179 ], [ 140.038434535824223, 40.338742665580604 ], [ 140.038424548191045, 40.338740522025248 ], [ 140.038414431137852, 40.338738943855383 ], [ 140.038404227391851, 40.33873793661401 ], [ 140.038393970391667, 40.338737502676679 ], [ 140.038383705960655, 40.338737648378263 ], [ 140.038373470633701, 40.338738368175761 ], [ 140.038363305899452, 40.338739661277309 ], [ 140.038353248292765, 40.338741522931777 ], [ 140.038343338683148, 40.338743947596164 ], [ 140.038333615463102, 40.338746921808919 ], [ 140.038324113929008, 40.338750437651463 ], [ 140.038314876188792, 40.338754479286685 ], [ 140.038305931346514, 40.338759031669298 ], [ 140.038297319652372, 40.338764078962186 ], [ 140.038289070210425, 40.338769597409645 ], [ 140.038281217078548, 40.338775569590844 ], [ 140.038273790599249, 40.338781972541931 ], [ 140.038266818018826, 40.338788780923515 ], [ 140.038260328441311, 40.338795964645051 ], [ 140.038254346636108, 40.338803499158985 ], [ 140.038248894276364, 40.338811355958484 ], [ 140.038243993035337, 40.338819504953001 ], [ 140.0382396627285, 40.338827911300861 ], [ 140.038235919455985, 40.338836545703373 ], [ 140.038232776840914, 40.338845372526997 ], [ 140.038230248506466, 40.338854359305621 ], [ 140.038228343121943, 40.338863469613848 ], [ 140.038227068737342, 40.338872670985566 ], [ 140.038226431545041, 40.338881927787234 ], [ 140.038226431545041, 40.338891199634169 ], [ 140.038227068737342, 40.33890045564398 ], [ 140.038228343121943, 40.338909657015698 ], [ 140.038230248506466, 40.338918767323925 ], [ 140.038232776840914, 40.338927754102549 ], [ 140.038235919455985, 40.338936581718031 ], [ 140.0382396627285, 40.338945215328685 ], [ 140.038243993035337, 40.338953622468402 ], [ 140.038248894276364, 40.338961770671069 ], [ 140.038254346636108, 40.338969627470568 ], [ 140.038260328441311, 40.338977161984495 ], [ 140.038266818018826, 40.338984346497888 ], [ 140.038273790599249, 40.338991154879473 ], [ 140.038281217078548, 40.338997557038709 ], [ 140.038289070210425, 40.339003529219902 ], [ 140.038297319652372, 40.339009047667361 ], [ 140.038305931346514, 40.339014095752106 ], [ 140.038314876188792, 40.339018648134719 ], [ 140.038324113929008, 40.339022688978083 ], [ 140.038333615463102, 40.339026204820634 ], [ 140.038343338683148, 40.339029179825239 ], [ 140.038353248292765, 40.339031602905912 ], [ 140.038363305899452, 40.339033465352237 ], [ 140.038373470633701, 40.339034758453785 ], [ 140.038383705960655, 40.339035478251283 ], [ 140.038393970391667, 40.339035623952867 ], [ 140.038404227391851, 40.339035190807401 ], [ 140.038414431137852, 40.339034182774164 ], [ 140.038424548191045, 40.339032604604299 ], [ 140.038434535824223, 40.339030461048942 ], [ 140.038444358121779, 40.339027761610375 ], [ 140.03845397545274, 40.339024513415296 ], [ 140.03846334818607, 40.33902073388456 ], [ 140.03847244474079, 40.339016433312288 ], [ 140.038481227343652, 40.339011632286748 ], [ 140.038489662555946, 40.339006346645078 ], [ 140.03849771693902, 40.339000597767402 ], [ 140.038505360769648, 40.338994405450116 ], [ 140.03851256432452, 40.33898779978378 ], [ 140.038519296641965, 40.338980799772933 ], [ 140.038525536667976, 40.338973437091852 ], [ 140.038531255917775, 40.338965737871781 ], [ 140.038536435195084, 40.338957732203276 ], [ 140.038541053445954, 40.338949448593162 ], [ 140.038545092093329, 40.338940925050551 ], [ 140.038548536894837, 40.338932190082268 ], [ 140.038551374227296, 40.338923278530004 ], [ 140.038553592325258, 40.338914225235442 ], [ 140.038555181900193, 40.338905064248401 ], [ 140.038556137998256, 40.338895831202429 ], [ 140.038556456284795, 40.338886564898488 ] ] ] } },
{ "type": "Feature", "properties": { "P12_001": 10566, "P12_002": "岩館駅及び岩館海岸", "P12_003": "05", "P12_004": "05349", "P12_005": "‐", "P12_006": "八峰町八森字岩館地内", "P12_007": 1 }, "geometry": { "type": "Polygon", "coordinates": [ [ [ 139.969721371380359, 40.400230528002183 ], [ 139.969560659594066, 40.399980497750704 ], [ 139.969060596777268, 40.39999835728063 ], [ 139.968739124904346, 40.400444837610102 ], [ 139.968364084293711, 40.401373520496335 ], [ 139.968024756174913, 40.402177187464964 ], [ 139.967721165936524, 40.402766540074531 ], [ 139.966828204405459, 40.403302319637334 ], [ 139.965506606279746, 40.403784519818508 ], [ 139.96414929442372, 40.404159562820162 ], [ 139.962809863582976, 40.404677481269324 ], [ 139.961952615782224, 40.405463291083606 ], [ 139.961684714504742, 40.406195519140688 ], [ 139.961791880465, 40.406802736823181 ], [ 139.961970472028128, 40.406927747197777 ], [ 139.962559819789874, 40.406874167024299 ], [ 139.963631374741766, 40.406231232657539 ], [ 139.964738665716368, 40.405248977516401 ], [ 139.966203118763275, 40.404748920180872 ], [ 139.967667571810182, 40.404231000147988 ], [ 139.96859626998318, 40.403820238086496 ], [ 139.969346330150501, 40.403177306095309 ], [ 139.969757085110643, 40.402230762887299 ], [ 139.969774943214276, 40.401337800644633 ], [ 139.969757085110643, 40.400534134467861 ], [ 139.969721371380359, 40.400230528002183 ] ] ] } },
{ "type": "Feature", "properties": { "P12_001": 10568, "P12_002": "ポンポコ山公園", "P12_003": "05", "P12_004": "05349", "P12_005": "‐", "P12_006": "八峰町峰浜沼田字ホンコ谷地地内", "P12_007": 4 }, "geometry": { "type": "Polygon", "coordinates": [ [ [ 140.029073281870211, 40.267393073858898 ], [ 140.029183777454335, 40.265082082044543 ], [ 140.028279444301006, 40.265082082044543 ], [ 140.028107443250633, 40.265121111064261 ], [ 140.02791774943222, 40.265193555633473 ], [ 140.026721832378144, 40.265811610663057 ], [ 140.02656400065149, 40.265878165404146 ], [ 140.026278277186009, 40.265966918256531 ], [ 140.025957749026475, 40.266031222541635 ], [ 140.025876476356643, 40.266026841200009 ], [ 140.025840527936481, 40.265864109160653 ], [ 140.025675807226065, 40.265437000806877 ], [ 140.023890416086374, 40.265453469836906 ], [ 140.02369858219356, 40.265491306320847 ], [ 140.023585471582152, 40.265511692664639 ], [ 140.023497221378051, 40.265564973516383 ], [ 140.023324056786038, 40.265719611199309 ], [ 140.023005556619466, 40.265786084379179 ], [ 140.023002083333182, 40.265785833360695 ], [ 140.022895751481798, 40.265799888020467 ], [ 140.022890138121113, 40.265820028888768 ], [ 140.022920307225718, 40.26588119346313 ], [ 140.023056500422172, 40.266013332129312 ], [ 140.023171388236591, 40.266159778057471 ], [ 140.023234861010849, 40.266287331874928 ], [ 140.023283277098329, 40.26666188867673 ], [ 140.023404472435317, 40.267599361169324 ], [ 140.023589878054821, 40.268777761523744 ], [ 140.026555131975044, 40.268259249974108 ], [ 140.027519522205154, 40.268044935615052 ], [ 140.029073281870211, 40.267393073858898 ] ] ] } },
{ "type": "Feature", "properties": { "P12_001": 10544, "P12_002": "惣三郎沼公園", "P12_003": "05", "P12_004": "05348", "P12_005": "‐", "P12_006": "三種町森岳字東堤沢内", "P12_007": 4 }, "geometry": { "type": "Polygon", "coordinates": [ [ [ 140.087682749396294, 40.085869845107212 ], [ 140.08726306445547, 40.085807337544338 ], [ 140.086566552591165, 40.085816268101155 ], [ 140.086120070896783, 40.085816268101155 ], [ 140.085700375428985, 40.085869845107212 ], [ 140.085432487774654, 40.086012720554727 ], [ 140.085200324377638, 40.086191311102802 ], [ 140.084932436104083, 40.086468129857309 ], [ 140.084664547211304, 40.086852103415772 ], [ 140.084610964231189, 40.087236079349807 ], [ 140.084610964231189, 40.087602194170209 ], [ 140.084727045929696, 40.08797723875557 ], [ 140.08512888515159, 40.088468367117997 ], [ 140.085512855123653, 40.088709469980081 ], [ 140.08597719306394, 40.088932706977396 ], [ 140.086718359166184, 40.089013074862045 ], [ 140.087316635050911, 40.088986283983452 ], [ 140.088120289963769, 40.088763045402423 ], [ 140.088606055275307, 40.088553692815751 ], [ 140.088651611118678, 40.088522695595799 ], [ 140.088753083217739, 40.088415471108476 ], [ 140.088823944697992, 40.088282083684703 ], [ 140.088850221913816, 40.088170499235872 ], [ 140.088885500322249, 40.087932167871287 ], [ 140.088879111679944, 40.087802415860388 ], [ 140.088719778309638, 40.087341166616632 ], [ 140.08865133370162, 40.087042583688152 ], [ 140.088504282847509, 40.086789595852906 ], [ 140.088173884090139, 40.086334186550324 ], [ 140.087879198443801, 40.086003789206053 ], [ 140.087682749396294, 40.085869845107212 ] ] ] } },
{ "type": "Feature", "properties": { "P12_001": 10025, "P12_002": "秋田市千秋公園", "P12_003": "05", "P12_004": "05201", "P12_005": "‐", "P12_006": "秋田市千秋公園1-1", "P12_007": 4 }, "geometry": { "type": "Polygon", "coordinates": [ [ [ 140.125724810058898, 39.721077120080359 ], [ 140.125720988762822, 39.72101365516307 ], [ 140.125709537259297, 39.720950438096835 ], [ 140.125690503229379, 39.720887711189739 ], [ 140.125663954788848, 39.720825717541693 ], [ 140.125630000922996, 39.720764695501487 ], [ 140.125588768574886, 39.720704883417902 ], [ 140.125540419983935, 39.720646509345599 ], [ 140.125485139062818, 39.720589803714788 ], [ 140.125423143782086, 39.720534981118576 ], [ 140.125354671308514, 39.720482255358185 ], [ 140.125279987293709, 39.720431833900001 ], [ 140.125199379681732, 39.720383906789579 ], [ 140.125113161805245, 39.720338662488743 ], [ 140.125021664954659, 39.720296273622189 ], [ 140.124925245809067, 39.720256907271626 ], [ 140.124824276528415, 39.720220714681638 ], [ 140.124719146611199, 39.720187836010808 ], [ 140.124610264752164, 39.72015839478874 ], [ 140.124498050792312, 39.720132510585756 ], [ 140.124382939434241, 39.720110280008342 ], [ 140.124265375288331, 39.720091789368851 ], [ 140.124145813491964, 39.720077112309916 ], [ 140.124024717232487, 39.720066302677793 ], [ 140.123902554651238, 39.72005940244086 ], [ 140.123779796366392, 39.720056442481528 ], [ 140.123656922284681, 39.720057429926491 ], [ 140.123534403024365, 39.720062360816485 ], [ 140.123412714157496, 39.720071220898078 ], [ 140.123292326302277, 39.7200839697866 ], [ 140.123173706980822, 39.720100563138089 ], [ 140.123057311949651, 39.720120931269186 ], [ 140.122943593869195, 39.720145002120944 ], [ 140.12283299301518, 39.720172678295029 ], [ 140.122725934801736, 39.720203851307105 ], [ 140.122622834735182, 39.720238407921713 ], [ 140.122524094079495, 39.720276204020969 ], [ 140.122430090567661, 39.720317101030005 ], [ 140.122341190167333, 39.720360939785685 ], [ 140.122257736553621, 39.720407546871442 ], [ 140.122180052966911, 39.720456744119581 ], [ 140.12210844035522, 39.720508343068268 ], [ 140.122043174897101, 39.720562143377833 ], [ 140.121984509240235, 39.720617932830748 ], [ 140.121932667547526, 39.72067550237692 ], [ 140.121887856643269, 39.720734622377989 ], [ 140.12185024434001, 39.720795071114139 ], [ 140.121819979254042, 39.720856607069166 ], [ 140.121797177182202, 39.720918998229145 ], [ 140.121781927294307, 39.720981999910421 ], [ 140.121774286559855, 39.72104537297237 ], [ 140.121774286559855, 39.721108865604641 ], [ 140.121781927294307, 39.721172237082875 ], [ 140.121797177182202, 39.721235239556016 ], [ 140.121819979254042, 39.721297630715988 ], [ 140.12185024434001, 39.721359166671014 ], [ 140.121887856643269, 39.721419615407171 ], [ 140.121932667547526, 39.721478735408233 ], [ 140.121984509240235, 39.721536304954405 ], [ 140.122043174897101, 39.72159209440732 ], [ 140.12210844035522, 39.721645894716886 ], [ 140.122180052966911, 39.72169749366558 ], [ 140.122257736553621, 39.721746690913712 ], [ 140.122341190167333, 39.721793297999469 ], [ 140.122430090567661, 39.721837135171434 ], [ 140.122524094079495, 39.721878033764185 ], [ 140.122622834735182, 39.721915829863448 ], [ 140.122725934801736, 39.721950384894335 ], [ 140.12283299301518, 39.721981559490125 ], [ 140.122943593869195, 39.72200923566421 ], [ 140.123057311949651, 39.722033305724118 ], [ 140.123173706980822, 39.722053674647064 ], [ 140.123292326302277, 39.722070266414839 ], [ 140.123412714157496, 39.722083016887076 ], [ 140.123534403024365, 39.722091875384955 ], [ 140.123656922284681, 39.722096807858662 ], [ 140.123779796366392, 39.722097795303625 ], [ 140.123902554651238, 39.722094833760579 ], [ 140.124024717232487, 39.722087935107361 ], [ 140.124145813491964, 39.722077125475238 ], [ 140.124265375288331, 39.72206244841631 ], [ 140.124382939434241, 39.722043957776812 ], [ 140.124498050792312, 39.722021725615683 ], [ 140.124610264752164, 39.721995842204556 ], [ 140.124719146611199, 39.721966400982488 ], [ 140.124824276528415, 39.721933523103516 ], [ 140.124925245809067, 39.721897329721671 ], [ 140.125021664954659, 39.721857962579257 ], [ 140.125113161805245, 39.721815575296418 ], [ 140.125199379681732, 39.721770331787432 ], [ 140.125279987293709, 39.721722402301438 ], [ 140.125354671308514, 39.721671981635119 ], [ 140.125423143782086, 39.721619256666585 ], [ 140.125485139062818, 39.721564434070366 ], [ 140.125540419983935, 39.721507727647705 ], [ 140.125588768574886, 39.721449354367252 ], [ 140.125630000922996, 39.721389542283674 ], [ 140.125663954788848, 39.721328520243468 ], [ 140.125690503229379, 39.721266526595414 ], [ 140.125709537259297, 39.721203800480176 ], [ 140.125720988762822, 39.721140582622084 ], [ 140.125724810058898, 39.721077120080359 ] ] ] } },
{ "type": "Feature", "properties": { "P12_001": 10028, "P12_002": "秋田市太平山リゾート公園・テニスの森", "P12_003": "05", "P12_004": "05201", "P12_005": "‐", "P12_006": "秋田市仁別字小水沢134", "P12_007": 4 }, "geometry": { "type": "Polygon", "coordinates": [ [ [ 140.222655782675247, 39.793688435249329 ], [ 140.222654014760764, 39.79363674286158 ], [ 140.222648717828889, 39.793585253980936 ], [ 140.222639914172078, 39.793534158652932 ], [ 140.22262763660973, 39.793483662760252 ], [ 140.222611931584453, 39.793433961891424 ], [ 140.222592862877406, 39.793385243716422 ], [ 140.222570501700545, 39.793337698280801 ], [ 140.222544935365931, 39.793291510087094 ], [ 140.222516261093375, 39.793246854927439 ], [ 140.222484593441294, 39.793203908593959 ], [ 140.222450051302673, 39.793162840543935 ], [ 140.222412770289878, 39.793123804397503 ], [ 140.222372895303778, 39.793086951399253 ], [ 140.222330577437589, 39.793052426458907 ], [ 140.222285983884632, 39.793020362608345 ], [ 140.222239285553627, 39.7929908810016 ], [ 140.222190663261046, 39.792964100417137 ], [ 140.222140305254158, 39.792940119837013 ], [ 140.222088406591865, 39.792919036659562 ], [ 140.222035166667638, 39.792900928486723 ], [ 140.221980793544304, 39.792885868961136 ], [ 140.221925495903861, 39.792873911929043 ], [ 140.221869489239936, 39.792865108069257 ], [ 140.2218129890461, 39.792859490639742 ], [ 140.221756214531382, 39.792857077061342 ], [ 140.221699383047081, 39.79285788237933 ], [ 140.221642718756101, 39.792861900258856 ], [ 140.221586437152069, 39.792869114862789 ], [ 140.221530758682405, 39.792879498476161 ], [ 140.221475895744561, 39.792893013089845 ], [ 140.221422064451417, 39.792909606441341 ], [ 140.221369469769542, 39.792929211222834 ], [ 140.221318316665588, 39.792951752999826 ], [ 140.22126880143685, 39.792977145459965 ], [ 140.221221120380704, 39.793005289621199 ], [ 140.22117545121742, 39.793036076999194 ], [ 140.221131975382747, 39.793069388023639 ], [ 140.22109085821225, 39.793105095205632 ], [ 140.221052260706898, 39.793143058386597 ], [ 140.22101633272149, 39.793183130281236 ], [ 140.220983211726008, 39.793225158061261 ], [ 140.220953025902077, 39.793268979396096 ], [ 140.220925892284953, 39.79331442007733 ], [ 140.220901917382974, 39.79336131143954 ], [ 140.220881190985182, 39.793409465812765 ], [ 140.220863795449759, 39.793458701070008 ], [ 140.220849798273207, 39.793508825582023 ], [ 140.22083925332899, 39.79355964534399 ], [ 140.220832199628859, 39.793610960016224 ], [ 140.220828665657592, 39.793662576385749 ], [ 140.220828665657592, 39.793714294904767 ], [ 140.220832199628859, 39.793765909690585 ], [ 140.22083925332899, 39.793817225946526 ], [ 140.220849798273207, 39.793868044124778 ], [ 140.220863795449759, 39.793918168636793 ], [ 140.220881190985182, 39.793967403894044 ], [ 140.220901917382974, 39.794015558267262 ], [ 140.220925892284953, 39.794062449629479 ], [ 140.220953025902077, 39.794107890310713 ], [ 140.220983211726008, 39.794151713229255 ], [ 140.22101633272149, 39.794193739425566 ], [ 140.221052260706898, 39.794233811320204 ], [ 140.22109085821225, 39.794271774501169 ], [ 140.221131975382747, 39.79430748168317 ], [ 140.22117545121742, 39.794340792707608 ], [ 140.221221120380704, 39.794371580085603 ], [ 140.22126880143685, 39.794399724246837 ], [ 140.221318316665588, 39.79442511829069 ], [ 140.221369469769542, 39.794447658483975 ], [ 140.221422064451417, 39.794467264849175 ], [ 140.221475895744561, 39.794483856616957 ], [ 140.221530758682405, 39.794497371230648 ], [ 140.221586437152069, 39.794507756427727 ], [ 140.221642718756101, 39.79451497103166 ], [ 140.221699383047081, 39.794518987327471 ], [ 140.221756214531382, 39.79451979264546 ], [ 140.2218129890461, 39.794517380650774 ], [ 140.221869489239936, 39.794511761637551 ], [ 140.221925495903861, 39.794502957777759 ], [ 140.221980793544304, 39.794491001537523 ], [ 140.222035166667638, 39.794475940428228 ], [ 140.222088406591865, 39.79445783304724 ], [ 140.222140305254158, 39.794436749869796 ], [ 140.222190663261046, 39.794412769289664 ], [ 140.222239285553627, 39.794385988705208 ], [ 140.222285983884632, 39.794356508682171 ], [ 140.222330577437589, 39.794324444039752 ], [ 140.222372895303778, 39.794289918307548 ], [ 140.222412770289878, 39.794253066101156 ], [ 140.222450051302673, 39.794214029162873 ], [ 140.222484593441294, 39.794172961112842 ], [ 140.222516261093375, 39.794130016363077 ], [ 140.222544935365931, 39.794085361203422 ], [ 140.222570501700545, 39.794039173009715 ], [ 140.222592862877406, 39.793991626782237 ], [ 140.222611931584453, 39.793942907815378 ], [ 140.22262763660973, 39.793893206946549 ], [ 140.222639914172078, 39.79384271105387 ], [ 140.222648717828889, 39.79379161730958 ], [ 140.222654014760764, 39.793740127637079 ], [ 140.222655782675247, 39.793688435249329 ] ] ] } },
{ "type": "Feature", "properties": { "P12_001": 10029, "P12_002": "秋田市太平山リゾート公園・グラウンドゴルフ場", "P12_003": "05", "P12_004": "05201", "P12_005": "‐", "P12_006": "秋田市仁別マンタラメ", "P12_007": 4 }, "geometry": { "type": "Polygon", "coordinates": [ [ [ 140.222019850521633, 39.796697594208297 ], [ 140.222002465513185, 39.796551783348988 ], [ 140.221950841790999, 39.796410402134555 ], [ 140.221866546018362, 39.796277748761696 ], [ 140.221752140587625, 39.796157850612204 ], [ 140.221611100642775, 39.796054353393096 ], [ 140.221447713144215, 39.795970400774387 ], [ 140.221266940637179, 39.795908542533795 ], [ 140.221074277589395, 39.795870660122183 ], [ 140.220875576386021, 39.795857902523238 ], [ 140.220676875182647, 39.795870660122183 ], [ 140.220484211515611, 39.795908542533795 ], [ 140.220303439008603, 39.795970400774387 ], [ 140.220140050890791, 39.796054353393096 ], [ 140.219999010945941, 39.796157850612204 ], [ 140.219884605515205, 39.796277748761696 ], [ 140.219800309742567, 39.796410402134555 ], [ 140.219748686020381, 39.796551783348988 ], [ 140.219731302250409, 39.796697594208297 ], [ 140.219748686020381, 39.796843405067598 ], [ 140.219800309742567, 39.796984784698317 ], [ 140.219884605515205, 39.79711743886304 ], [ 140.219999010945941, 39.797237336220668 ], [ 140.220140050890791, 39.797340835023491 ], [ 140.220303439008603, 39.7974247876422 ], [ 140.220484211515611, 39.797486645882799 ], [ 140.220676875182647, 39.79752452829441 ], [ 140.220875576386021, 39.797537284309634 ], [ 140.221074277589395, 39.79752452829441 ], [ 140.221266940637179, 39.797486645882799 ], [ 140.221447713144215, 39.7974247876422 ], [ 140.221611100642775, 39.797340835023491 ], [ 140.221752140587625, 39.797237336220668 ], [ 140.221866546018362, 39.79711743886304 ], [ 140.221950841790999, 39.796984784698317 ], [ 140.222002465513185, 39.796843405067598 ], [ 140.222019850521633, 39.796697594208297 ] ] ] } },
{ "type": "Feature", "properties": { "P12_001": 10036, "P12_002": "秋田県立小泉潟公園", "P12_003": "05", "P12_004": "05201", "P12_005": "‐", "P12_006": "秋田市金足鳰崎字後谷地21", "P12_007": 4 }, "geometry": { "type": "Polygon", "coordinates": [ [ [ 140.058099583653956, 39.821576109434787 ], [ 140.058022667918038, 39.821632278186939 ], [ 140.057918666246053, 39.82167813855208 ], [ 140.057831471217526, 39.821692777601896 ], [ 140.057723805535034, 39.821690694227634 ], [ 140.05743827774765, 39.821630333387546 ], [ 140.057435611323911, 39.821712752180346 ], [ 140.057422193131629, 39.821814331523186 ], [ 140.05742013851156, 39.821821362416422 ], [ 140.057419943452715, 39.821838194116701 ], [ 140.05741199929335, 39.821912278620573 ], [ 140.057400389265808, 39.822030110024784 ], [ 140.057398139586894, 39.822114665246232 ], [ 140.057399471560274, 39.822163221882519 ], [ 140.057407610778483, 39.822250834461641 ], [ 140.057440750970216, 39.822574306229576 ], [ 140.05744586151252, 39.822692609580216 ], [ 140.057450417839931, 39.822917832553458 ], [ 140.05770647378074, 39.822916229836039 ], [ 140.057953438739901, 39.822924459599918 ], [ 140.058373287777869, 39.822940924670668 ], [ 140.058422675444291, 39.823039713511442 ], [ 140.05848029892951, 39.823171430910008 ], [ 140.058537923033953, 39.823220819787402 ], [ 140.058735500326691, 39.823261984443917 ], [ 140.059089489441419, 39.823294913001696 ], [ 140.059328218581811, 39.823261984443917 ], [ 140.059706914533677, 39.82327844951466 ], [ 140.060027962230947, 39.823393701842477 ], [ 140.060982906038845, 39.823731221143476 ], [ 140.061526237246767, 39.823953492075944 ], [ 140.06255527617742, 39.82407698050249 ], [ 140.062782027464976, 39.824046083056444 ], [ 140.06286810105982, 39.823722991379597 ], [ 140.062876324493942, 39.823294913001696 ], [ 140.06293395912536, 39.822817442578973 ], [ 140.06319739510289, 39.822142393682839 ], [ 140.063485525532855, 39.821755479961453 ], [ 140.06365838546148, 39.821689620470316 ], [ 140.0638477387009, 39.821706084749202 ], [ 140.064555716930386, 39.821969517170764 ], [ 140.065000259801536, 39.822158858753589 ], [ 140.065344056316491, 39.822367470954497 ], [ 140.065592167478712, 39.822386389196467 ], [ 140.065637167868715, 39.822374083747548 ], [ 140.065705832924209, 39.822344721711119 ], [ 140.065807472216591, 39.822291139953933 ], [ 140.065918637812473, 39.822220194368946 ], [ 140.06603069324828, 39.822143834861542 ], [ 140.066053278588043, 39.82212966617444 ], [ 140.066096443567005, 39.822103999731979 ], [ 140.06615608389896, 39.822066639153753 ], [ 140.066209415469899, 39.822040248162658 ], [ 140.066312500055574, 39.822002832154482 ], [ 140.066397139503351, 39.821976832340461 ], [ 140.066433972809619, 39.821965278363294 ], [ 140.066485221894936, 39.821945971319813 ], [ 140.066545861671358, 39.821903944331652 ], [ 140.066569583925656, 39.821882860362344 ], [ 140.066624972593559, 39.821775304879033 ], [ 140.066646082916748, 39.82171491632397 ], [ 140.06666666750985, 39.82165011079374 ], [ 140.066696305930492, 39.821503305362761 ], [ 140.066737889384569, 39.821167806879366 ], [ 140.066768693823775, 39.820865971796529 ], [ 140.06678802818243, 39.820597694797335 ], [ 140.066804779094781, 39.820372166959366 ], [ 140.066810417844096, 39.820327722433525 ], [ 140.06683739046025, 39.820193500393074 ], [ 140.066863083118704, 39.820067389338035 ], [ 140.06688200011331, 39.819941331337375 ], [ 140.066884999065962, 39.819861444901441 ], [ 140.066881418032864, 39.819721279186624 ], [ 140.066878305760298, 39.81963325167473 ], [ 140.066861360408325, 39.819506332926132 ], [ 140.066850470550492, 39.819477971796239 ], [ 140.066809943510464, 39.819455722214265 ], [ 140.066764749300063, 39.819435415847977 ], [ 140.066698807018639, 39.819409055739278 ], [ 140.06667752764443, 39.81940288955326 ], [ 140.066501444600249, 39.819352721489139 ], [ 140.066279951232787, 39.819344602585161 ], [ 140.066237446977027, 39.819354748641601 ], [ 140.065753730093206, 39.819263447595219 ], [ 140.065729442477817, 39.819274372838386 ], [ 140.065654557211815, 39.819512377166262 ], [ 140.065610030536192, 39.819501452714952 ], [ 140.06569200170253, 39.819266413889409 ], [ 140.065682892143883, 39.819249244858291 ], [ 140.065345909066082, 39.819184474961602 ], [ 140.065191080626732, 39.819151703983252 ], [ 140.065048392279635, 39.819110344530053 ], [ 140.064944161490899, 39.819071484175751 ], [ 140.064937841583628, 39.818950530481644 ], [ 140.064934427124626, 39.81883376174877 ], [ 140.06510361437347, 39.818648371529527 ], [ 140.065362472350387, 39.818660145642781 ], [ 140.065617685513018, 39.81870953847946 ], [ 140.06611161605062, 39.81878363011004 ], [ 140.066342110610691, 39.81869307340871 ], [ 140.066531463850112, 39.818586054012201 ], [ 140.066720794177854, 39.818437874710312 ], [ 140.06719827784724, 39.817976866982768 ], [ 140.067305277852654, 39.817664042516391 ], [ 140.06729705441856, 39.817285356183312 ], [ 140.067264595384785, 39.817183791885746 ], [ 140.067926821473549, 39.816862332225 ], [ 140.068046198738045, 39.816898440086355 ], [ 140.068439721021434, 39.817134415678055 ], [ 140.068481749085862, 39.817144778703152 ], [ 140.068507187858188, 39.817367679161485 ], [ 140.068482494024977, 39.817598183025254 ], [ 140.068408411286867, 39.817828686097172 ], [ 140.068383717453656, 39.817993330469804 ], [ 140.06845779895329, 39.818075655031691 ], [ 140.068531332430382, 39.818141583414338 ], [ 140.068778870800713, 39.818125046284656 ], [ 140.069083448718118, 39.818001563401104 ], [ 140.069322190243184, 39.818018027679997 ], [ 140.069849062198244, 39.818264996614516 ], [ 140.07012067516726, 39.818446105266048 ], [ 140.070191694552307, 39.818523777671409 ], [ 140.070469361157791, 39.818542361749962 ], [ 140.070550778109236, 39.8185416395769 ], [ 140.070627971881436, 39.818534277687668 ], [ 140.070679807381822, 39.818524083327986 ], [ 140.070768250167873, 39.81850241892792 ], [ 140.071009555323769, 39.818428807162334 ], [ 140.071159638569185, 39.818389333911156 ], [ 140.071213777621892, 39.818382389330267 ], [ 140.071267748862027, 39.818383390236789 ], [ 140.071310056201241, 39.818390334025828 ], [ 140.071442777349887, 39.818429833408267 ], [ 140.071628277712279, 39.818481779190073 ], [ 140.07176041739973, 39.818511000276054 ], [ 140.071814417124671, 39.818519193614534 ], [ 140.071844417178283, 39.818521193843871 ], [ 140.071981528080244, 39.818522721334929 ], [ 140.072062971039571, 39.818519667144677 ], [ 140.072150888714759, 39.818512418490918 ], [ 140.072354944438814, 39.818481140161936 ], [ 140.072587693012451, 39.818442027997285 ], [ 140.072771388306279, 39.81841602659955 ], [ 140.072862389769256, 39.818405194003589 ], [ 140.072903194226342, 39.818401861079877 ], [ 140.072940166860349, 39.818406415838062 ], [ 140.07306691734999, 39.818425361795008 ], [ 140.073246778963068, 39.818459693522385 ], [ 140.073343471810318, 39.818471942749497 ], [ 140.073393582742625, 39.818472806664865 ], [ 140.073451555476083, 39.818468415820959 ], [ 140.073519055132266, 39.818459748160478 ], [ 140.073592889557318, 39.81844700085567 ], [ 140.073670666648411, 39.818426972430984 ], [ 140.073723917099613, 39.818407777831119 ], [ 140.073764889988468, 39.818389304612467 ], [ 140.073808250026332, 39.818364832289497 ], [ 140.073849195049632, 39.818337890166326 ], [ 140.074039227589282, 39.818034492750748 ], [ 140.074294440132718, 39.817614648096004 ], [ 140.074557877348695, 39.817211267720154 ], [ 140.07492831333164, 39.816709098503523 ], [ 140.075348184662033, 39.816388037938417 ], [ 140.075735068751641, 39.816173999145398 ], [ 140.076121998664576, 39.81595172821293 ], [ 140.076270164760018, 39.815803548911042 ], [ 140.076360716658741, 39.815614205744502 ], [ 140.076368987773918, 39.815309611833861 ], [ 140.076459540911117, 39.814889767179118 ], [ 140.076582988403942, 39.814272346426527 ], [ 140.076591258899867, 39.81366315702153 ], [ 140.076459540911117, 39.813226850463465 ], [ 140.076171387569474, 39.812691748729769 ], [ 140.076113775230482, 39.81245301272655 ], [ 140.076097328362295, 39.812041400211257 ], [ 140.076032194801115, 39.811742167168646 ], [ 140.076009528960867, 39.811669861966166 ], [ 140.075946471692987, 39.81148633340139 ], [ 140.075926306321634, 39.811429388629939 ], [ 140.07591258284674, 39.811414693358316 ], [ 140.075323466678697, 39.810559590563415 ], [ 140.07507652525041, 39.810073893544242 ], [ 140.07479659534286, 39.809431774789601 ], [ 140.074368547020953, 39.808649702537679 ], [ 140.074146275275751, 39.80801581908991 ], [ 140.074014557287001, 39.80764536964741 ], [ 140.073858120695633, 39.807159662334101 ], [ 140.073807971990021, 39.807044028331489 ], [ 140.073589138853976, 39.806934333252102 ], [ 140.073573667280101, 39.806929641502755 ], [ 140.073542055978351, 39.806926278488497 ], [ 140.073369388631647, 39.806921109249721 ], [ 140.073341000445424, 39.806922361966592 ], [ 140.072990250546354, 39.806978694633024 ], [ 140.072963305176529, 39.806987528583356 ], [ 140.072945359760837, 39.806994251444443 ], [ 140.072878028536451, 39.807042083532096 ], [ 140.072858056366272, 39.807052304023038 ], [ 140.072785751450397, 39.807074442745112 ], [ 140.072760639633913, 39.807075193425007 ], [ 140.072706416984545, 39.80705727846513 ], [ 140.072613360901499, 39.807023139158865 ], [ 140.072575583262648, 39.80700749920252 ], [ 140.072513307468682, 39.806968360114752 ], [ 140.072232832634768, 39.806783417294398 ], [ 140.07216358426038, 39.806750527537574 ], [ 140.072138973404606, 39.806746749590552 ], [ 140.072109778355838, 39.806747027532154 ], [ 140.072088609205366, 39.806751387493662 ], [ 140.072045556927094, 39.806779027242349 ], [ 140.072010750375341, 39.806800056573557 ], [ 140.07199494317635, 39.80680400001858 ], [ 140.071970667945664, 39.806802942890243 ], [ 140.07189488912428, 39.806769471910805 ], [ 140.071856277376554, 39.806765611610707 ], [ 140.07181586179874, 39.806766249846994 ], [ 140.071744916721826, 39.806780751113799 ], [ 140.071701583311068, 39.806783165484049 ], [ 140.071686333423173, 39.806778555295914 ], [ 140.071660860592971, 39.806758500739967 ], [ 140.071630694584513, 39.806730359746162 ], [ 140.071607472052477, 39.806716610742967 ], [ 140.071534305781427, 39.806690722580704 ], [ 140.071396110599835, 39.806640638453359 ], [ 140.071379693454901, 39.806637388674574 ], [ 140.071359249428014, 39.806636805868244 ], [ 140.071332166588121, 39.80664652828149 ], [ 140.07124222091997, 39.806701057098969 ], [ 140.07121216699295, 39.806716637666085 ], [ 140.071186971579806, 39.806724583945361 ], [ 140.071158222379893, 39.80672619378948 ], [ 140.071085806001832, 39.806714890038947 ], [ 140.070967305573362, 39.806680778447657 ], [ 140.070935083087164, 39.806680139419512 ], [ 140.070914000010305, 39.80668405514956 ], [ 140.070859416966471, 39.806711250666794 ], [ 140.070655771175637, 39.806624566935263 ], [ 140.07049938164613, 39.806352906333537 ], [ 140.070301782060909, 39.805949519622835 ], [ 140.070137169097279, 39.80589189543857 ], [ 140.069997227674435, 39.805965988652865 ], [ 140.069930000481435, 39.806184778584473 ], [ 140.069907833124972, 39.806184640009597 ], [ 140.069707692820629, 39.806213083492558 ], [ 140.069513332451066, 39.806247111938923 ], [ 140.069456889846037, 39.80626158232333 ], [ 140.069247277730852, 39.806344612429292 ], [ 140.069098221176233, 39.806428109730554 ], [ 140.068858223224368, 39.806577138694387 ], [ 140.068844557338281, 39.806610110012414 ], [ 140.068716444532754, 39.80675708331696 ], [ 140.068642972979092, 39.806748221651652 ], [ 140.06857852862592, 39.80674589042632 ], [ 140.068528556402157, 39.806753944398075 ], [ 140.068494390138852, 39.806760194520876 ], [ 140.068454165904512, 39.80677597226024 ], [ 140.068415361574836, 39.806810222426407 ], [ 140.068390277623905, 39.806850500203716 ], [ 140.068361472073633, 39.806920554950224 ], [ 140.068345027682398, 39.806950362009957 ], [ 140.068332166801156, 39.806961333180794 ], [ 140.068308360950198, 39.806969916904499 ], [ 140.068224084373838, 39.806988916707681 ], [ 140.06819777929249, 39.807001888899713 ], [ 140.068170139141529, 39.807027914844994 ], [ 140.068154332561818, 39.807063750307734 ], [ 140.068148528476883, 39.807092721958938 ], [ 140.068155056446926, 39.807188248351224 ], [ 140.068152471762147, 39.807199582192311 ], [ 140.068123417279622, 39.807250193696028 ], [ 140.068112417198051, 39.807264250731379 ], [ 140.068054667388992, 39.807321610435594 ], [ 140.067989778425471, 39.807379081791566 ], [ 140.067946027650663, 39.807406918712509 ], [ 140.067892082418354, 39.807427805509562 ], [ 140.067834000699605, 39.807441582227732 ], [ 140.067778194048401, 39.807449944231628 ], [ 140.067732192975456, 39.80744872002159 ], [ 140.067688582766863, 39.80744241684441 ], [ 140.067653722341703, 39.807428388315891 ], [ 140.067619276803669, 39.807405917014123 ], [ 140.067597362094887, 39.807380639373164 ], [ 140.067575249850279, 39.807342501191933 ], [ 140.067541470608546, 39.807260945522636 ], [ 140.067524832396884, 39.807213723164438 ], [ 140.067516472111976, 39.807177000030642 ], [ 140.067474805061238, 39.806913000639881 ], [ 140.067455970424817, 39.806852528939892 ], [ 140.067441973248293, 39.806817945402166 ], [ 140.067424832837474, 39.806785833248362 ], [ 140.067401695140546, 39.806754249262795 ], [ 140.067369971138106, 39.806728999336812 ], [ 140.067337111459608, 39.80671202747795 ], [ 140.067308360401967, 39.806703111174549 ], [ 140.067269027246056, 39.806700499632043 ], [ 140.067233499905342, 39.806705053598371 ], [ 140.067117472080241, 39.806741749809049 ], [ 140.067090166315921, 39.806750307401487 ], [ 140.066685499669319, 39.806876526940854 ], [ 140.066712570743761, 39.807349005500647 ], [ 140.066712570743761, 39.807744157696334 ], [ 140.066737264576972, 39.808172230531241 ], [ 140.066852512166633, 39.808221629702771 ], [ 140.067017148041941, 39.808246323745536 ], [ 140.067148866030692, 39.808279253887036 ], [ 140.067173584014057, 39.808345113378174 ], [ 140.067148866030692, 39.808386276450975 ], [ 140.066959535702949, 39.808435666912075 ], [ 140.066794876915964, 39.808517985139112 ], [ 140.06678665348187, 39.808567384310642 ], [ 140.066819594280076, 39.808600313660278 ], [ 140.066877207238292, 39.808608548175293 ], [ 140.066910148036527, 39.808666171567708 ], [ 140.066836041148292, 39.808707337016074 ], [ 140.066663182458115, 39.808699101709202 ], [ 140.066300946378362, 39.808797888966268 ], [ 140.065914038757853, 39.809267127249548 ], [ 140.06492249942977, 39.810941583688951 ], [ 140.064897832842888, 39.811037415737822 ], [ 140.064781278049225, 39.811067640105897 ], [ 140.064736943955523, 39.81108508232748 ], [ 140.064653277944359, 39.811121194939965 ], [ 140.064574666744392, 39.8111635568834 ], [ 140.06452008246211, 39.811198861802332 ], [ 140.064468722533803, 39.811239056434715 ], [ 140.06396333368113, 39.811700193234856 ], [ 140.063438668058581, 39.812174279263196 ], [ 140.063002860728432, 39.8125351108175 ], [ 140.062728334261095, 39.812757917044912 ], [ 140.062678360798856, 39.812799833965038 ], [ 140.062666971218761, 39.812816249940681 ], [ 140.062656556933035, 39.812839055405867 ], [ 140.062653083646751, 39.812865778184808 ], [ 140.062657915533521, 39.812893470196023 ], [ 140.0626632502387, 39.812908638997797 ], [ 140.06268336049817, 39.812936416529503 ], [ 140.062725000302578, 39.812963444173171 ], [ 140.062791055903915, 39.812998555087276 ], [ 140.062887693639283, 39.813046501202258 ], [ 140.063018081512325, 39.813095472771309 ], [ 140.063228110372336, 39.813167111230676 ], [ 140.063488138083187, 39.81325675096226 ], [ 140.06355125046295, 39.813283918764519 ], [ 140.063612194283536, 39.813318278206872 ], [ 140.063677083247086, 39.813365194908492 ], [ 140.06371683252857, 39.81340355639324 ], [ 140.063839081802655, 39.813543889189759 ], [ 140.063861250397593, 39.813577167748086 ], [ 140.063877305290362, 39.813604027518188 ], [ 140.063894166426451, 39.81365144388122 ], [ 140.063900943947999, 39.813683442799551 ], [ 140.063896139926783, 39.81374333169321 ], [ 140.063848666314186, 39.813874862213652 ], [ 140.063791000721039, 39.813997443172731 ], [ 140.063759693463425, 39.814050832508805 ], [ 140.063717083318551, 39.814111611449093 ], [ 140.063683972230848, 39.814148500080883 ], [ 140.063649834452349, 39.814182138142023 ], [ 140.063584916384769, 39.814232972949263 ], [ 140.06353541663691, 39.814261719713237 ], [ 140.063406389841276, 39.814331305680739 ], [ 140.063237721510944, 39.814417748687916 ], [ 140.063078193700989, 39.81450811138442 ], [ 140.063061722063395, 39.814520610838166 ], [ 140.063047749656249, 39.814540054872808 ], [ 140.062923806156562, 39.814906278177538 ], [ 140.062887582796293, 39.81501133139453 ], [ 140.062867806923435, 39.815055612006098 ], [ 140.062844306355117, 39.815088778912667 ], [ 140.062771555590416, 39.815150082853762 ], [ 140.062698750333084, 39.815216693816652 ], [ 140.062454666052787, 39.815308749502208 ], [ 140.062435415910016, 39.815305666013266 ], [ 140.062409167178998, 39.815304944632061 ], [ 140.062301361549515, 39.815304223250855 ], [ 140.062236361123752, 39.815309639548836 ], [ 140.062221971352557, 39.815310554934868 ], [ 140.062179166768033, 39.81531719385918 ], [ 140.062113000942986, 39.815333140263967 ], [ 140.062006638749097, 39.815369555365606 ], [ 140.061939444375525, 39.815393775878235 ], [ 140.061895610004058, 39.815417555326825 ], [ 140.061848001398346, 39.815444692246679 ], [ 140.061800445427565, 39.815476999989023 ], [ 140.061759027309108, 39.815515169052659 ], [ 140.061718332456536, 39.815561556002329 ], [ 140.061651110836635, 39.815649499577439 ], [ 140.061508193372788, 39.815832471467147 ], [ 140.06149933212717, 39.815829722141622 ], [ 140.061384306223459, 39.815982610613695 ], [ 140.060805721995706, 39.816741860771458 ], [ 140.060755555951545, 39.816810084745896 ], [ 140.060633556848188, 39.816971221194542 ], [ 140.060608333569462, 39.817012027931952 ], [ 140.060572582685126, 39.817055194401519 ], [ 140.06053136086399, 39.817106887581126 ], [ 140.060338360952613, 39.817359888877924 ], [ 140.060163777694385, 39.817587609366349 ], [ 140.06007530704278, 39.817705637942801 ], [ 140.059998390068387, 39.817805722260701 ], [ 140.059949944876877, 39.817863945880283 ], [ 140.05991455500623, 39.817917584651141 ], [ 140.059838192865953, 39.818018861504818 ], [ 140.059703917438725, 39.818211692798933 ], [ 140.05960122111307, 39.818376944525454 ], [ 140.059513833502592, 39.818535140019321 ], [ 140.05947155588666, 39.818618721257359 ], [ 140.05939919400123, 39.818768832688932 ], [ 140.059317443282367, 39.818956639654004 ], [ 140.059278999966409, 39.819040775983403 ], [ 140.059236693865699, 39.819135333935272 ], [ 140.059026389446359, 39.819599167798415 ], [ 140.058970139423252, 39.819728944356868 ], [ 140.058924389140259, 39.819820249362529 ], [ 140.058848278409187, 39.819991140690533 ], [ 140.058825471383471, 39.820045749485516 ], [ 140.058773360323755, 39.820151861414558 ], [ 140.058425082408775, 39.820937305391169 ], [ 140.0583748049024, 39.821034805881531 ], [ 140.058213916634259, 39.821370333663616 ], [ 140.058152251405488, 39.821493415867806 ], [ 140.058116138888181, 39.821558306126676 ], [ 140.058099583653956, 39.821576109434787 ] ] ] } },
{ "type": "Feature", "properties": { "P12_001": 10592, "P12_002": "大潟村生態系公園", "P12_003": "05", "P12_004": "05368", "P12_005": "‐", "P12_006": "大潟村字東1-1", "P12_007": 4 }, "geometry": { "type": "Polygon", "coordinates": [ [ [ 139.966468290455083, 40.016940675799198 ], [ 139.966517678121505, 40.013516052735262 ], [ 139.966303653960551, 40.013516052735262 ], [ 139.966320102067215, 40.013302017109666 ], [ 139.961924088268233, 40.013318482180409 ], [ 139.961924088268233, 40.012725756262448 ], [ 139.961200778411921, 40.012718417337055 ], [ 139.961199639020435, 40.013779489116096 ], [ 139.961924088268233, 40.013763024045346 ], [ 139.961923964421345, 40.014074503147647 ], [ 139.963603458412251, 40.014108777861367 ], [ 139.963586988013134, 40.015491798668428 ], [ 139.964179718652929, 40.016018661135966 ], [ 139.964706591227213, 40.01677603696956 ], [ 139.965348710152682, 40.016973605148834 ], [ 139.965727393719845, 40.017006533706621 ], [ 139.966468290455083, 40.016940675799198 ] ] ] } },
{ "type": "Feature", "properties": { "P12_001": 10322, "P12_002": "本荘公園", "P12_003": "05", "P12_004": "05210", "P12_005": "‐", "P12_006": "由利本荘市尾崎", "P12_007": 4 }, "geometry": { "type": "Polygon", "coordinates": [ [ [ 140.049617973354685, 39.385232193957727 ], [ 140.04972166602866, 39.385188110518413 ], [ 140.049688556179404, 39.385150139418883 ], [ 140.049605972590172, 39.385061500593821 ], [ 140.049468528540018, 39.384916082495309 ], [ 140.049051721801135, 39.384424417254223 ], [ 140.048946722542382, 39.384306333247814 ], [ 140.048829416617281, 39.384157442067 ], [ 140.048746193978019, 39.384033027168435 ], [ 140.048624972633206, 39.383818556813658 ], [ 140.048595000445147, 39.383757999593172 ], [ 140.048585359583285, 39.383738472413611 ], [ 140.048394674989709, 39.38368278352646 ], [ 140.048163722196108, 39.383492139339808 ], [ 140.047605721942205, 39.383517473202566 ], [ 140.047607361675148, 39.383504057570931 ], [ 140.047621583633799, 39.383477750516612 ], [ 140.047655361017831, 39.383447806465718 ], [ 140.047772470645612, 39.383365999777936 ], [ 140.047801193218447, 39.383327083201827 ], [ 140.047808834572123, 39.383301111894639 ], [ 140.047768832023706, 39.383316081940443 ], [ 140.047419666745697, 39.383452360432045 ], [ 140.047339581767631, 39.383493777690759 ], [ 140.047265721953977, 39.383537971989973 ], [ 140.047189193858856, 39.383591221959321 ], [ 140.047118666145991, 39.383650638906545 ], [ 140.047047192862038, 39.383730778736535 ], [ 140.046902527299238, 39.383968082271473 ], [ 140.046758111907138, 39.383917027328152 ], [ 140.046717223234168, 39.383901278095614 ], [ 140.046654666307745, 39.383746279326154 ], [ 140.046619610823711, 39.383725666511424 ], [ 140.046579582267469, 39.38372297261585 ], [ 140.046540778557045, 39.383715137196475 ], [ 140.04651766686797, 39.383705444081919 ], [ 140.046493221347788, 39.383691222340431 ], [ 140.046464945243031, 39.38366491766169 ], [ 140.046438942967313, 39.383627889663167 ], [ 140.046235026571026, 39.38331394313623 ], [ 140.046199278163613, 39.383272529044937 ], [ 140.046155473515398, 39.383226111212871 ], [ 140.046097695221562, 39.383180056842903 ], [ 140.045970000399336, 39.383109723362935 ], [ 140.045831307353211, 39.383055752012382 ], [ 140.045636249725618, 39.382977305963287 ], [ 140.045484971976833, 39.382908637757396 ], [ 140.045419917677691, 39.382871608967015 ], [ 140.045369915730646, 39.382829581978854 ], [ 140.045112138937185, 39.382536167497285 ], [ 140.045091306650278, 39.382500529206801 ], [ 140.044287748957231, 39.382950055807967 ], [ 140.044339834628346, 39.383208943765467 ], [ 140.04435247258516, 39.383294057245699 ], [ 140.044353638603695, 39.383327110916802 ], [ 140.044356610310047, 39.38355369350753 ], [ 140.044341972225823, 39.3837094445406 ], [ 140.044318332329709, 39.383850805166766 ], [ 140.044285000794531, 39.384008194550788 ], [ 140.044621777667231, 39.384293695219192 ], [ 140.044895889866666, 39.384526527932728 ], [ 140.045033944482043, 39.384634917240859 ], [ 140.045039027778017, 39.384647111829885 ], [ 140.045225221063788, 39.384802500192706 ], [ 140.045320833346835, 39.384878083680803 ], [ 140.045415612140232, 39.384945386726216 ], [ 140.04549033330909, 39.385009583318848 ], [ 140.045519750663033, 39.385050388472543 ], [ 140.045582249381425, 39.385137028651968 ], [ 140.045620778151743, 39.385200167324413 ], [ 140.045669916885885, 39.385268861661572 ], [ 140.045733056511978, 39.385341555665555 ], [ 140.045876443974805, 39.385482666856944 ], [ 140.046076111183993, 39.385657084321643 ], [ 140.046077528611761, 39.385831305405937 ], [ 140.046070001197222, 39.385901057663283 ], [ 140.046070609904746, 39.385960693162886 ], [ 140.046139805644202, 39.386580639145627 ], [ 140.046155277218077, 39.386719471374214 ], [ 140.046493500003294, 39.386695168508517 ], [ 140.046494942819692, 39.386637971926724 ], [ 140.04636497231067, 39.386046000647944 ], [ 140.046357528492791, 39.385985138562731 ], [ 140.046422582791962, 39.385980360501037 ], [ 140.046424501180411, 39.385996417765725 ], [ 140.047019666650272, 39.385952612268014 ], [ 140.047017750119494, 39.385937000818501 ], [ 140.047077805957798, 39.385932555336503 ], [ 140.047086110511628, 39.386000528292449 ], [ 140.047131018016472, 39.386000169581486 ], [ 140.047184555173232, 39.386496528155632 ], [ 140.047275083541081, 39.386728721841024 ], [ 140.048078778704195, 39.386545417371622 ], [ 140.048168055599092, 39.386584584174358 ], [ 140.048197917563414, 39.386576831899909 ], [ 140.048256916987668, 39.38656394364466 ], [ 140.048283693925725, 39.386551140118037 ], [ 140.048309139509598, 39.386497610623373 ], [ 140.04843995093907, 39.386465291003184 ], [ 140.048164168044934, 39.385580324134885 ], [ 140.048900953063139, 39.385390980176489 ], [ 140.049176046130015, 39.385260872622048 ], [ 140.049493167261375, 39.385140999811966 ], [ 140.049617973354685, 39.385232193957727 ] ] ] } },
{ "type": "Feature", "properties": { "P12_001": 10334, "P12_002": "花立牧場公園", "P12_003": "05", "P12_004": "05210", "P12_005": "‐", "P12_006": "由利本荘市矢島町城内字花立96", "P12_007": 4 }, "geometry": { "type": "Polygon", "coordinates": [ [ [ 140.090313525661486, 39.206368393645995 ], [ 140.090311153374131, 39.206317728296035 ], [ 140.090304044562117, 39.206267255367187 ], [ 140.090292225852551, 39.206217175199129 ], [ 140.090275745545682, 39.206167678629264 ], [ 140.090254664326523, 39.206118960454262 ], [ 140.090229066410956, 39.206071205968541 ], [ 140.09019905025724, 39.206024601258356 ], [ 140.090164730423794, 39.205979329242538 ], [ 140.090126240665285, 39.20593555779466 ], [ 140.090083730836398, 39.205893464290554 ], [ 140.090037362557382, 39.205853206309655 ], [ 140.089987319740857, 39.205814943806956 ], [ 140.089933791872596, 39.205778822484049 ], [ 140.089876988873101, 39.205744978540231 ], [ 140.089817126855195, 39.205713550550385 ], [ 140.089754442366456, 39.205684653333684 ], [ 140.089689173812161, 39.205658404084886 ], [ 140.089621576316944, 39.205634897034905 ], [ 140.089551909959255, 39.205614232749511 ], [ 140.089480443486906, 39.205596484079486 ], [ 140.089407457413103, 39.205581722291917 ], [ 140.089333226677951, 39.205570001233042 ], [ 140.089258046037088, 39.205561371581666 ], [ 140.089182204673051, 39.205555864220202 ], [ 140.089105992387516, 39.205553500528758 ], [ 140.089029707651548, 39.205554287634044 ], [ 140.088953642124608, 39.205558225536073 ], [ 140.088878094277675, 39.205565299189558 ], [ 140.088803353912539, 39.205575479295824 ], [ 140.088729709592485, 39.205588726262043 ], [ 140.08865744740379, 39.205604989409402 ], [ 140.088586847859744, 39.205624204597534 ], [ 140.088518182804251, 39.205646301351209 ], [ 140.088451716650439, 39.205671190190657 ], [ 140.088387708857567, 39.20569877846868 ], [ 140.088326405880991, 39.20572895532537 ], [ 140.088268046125961, 39.205761607525261 ], [ 140.088212854374632, 39.205796604412043 ], [ 140.088161043643623, 39.205833818496821 ], [ 140.088112815184189, 39.205873097743179 ], [ 140.088068354147424, 39.205914291698377 ], [ 140.088027834538195, 39.205957245950422 ], [ 140.087991412403653, 39.206001787082748 ], [ 140.08795922954846, 39.20604774801366 ], [ 140.087931407961804, 39.206094951367305 ], [ 140.087908056628976, 39.206143210265573 ], [ 140.087889267196687, 39.206192340997774 ], [ 140.087875111496118, 39.20624215351836 ], [ 140.087865644019928, 39.206292454614356 ], [ 140.087860900683694, 39.206343048697242 ], [ 140.087860900683694, 39.206393740178463 ], [ 140.087865644019928, 39.206444335845056 ], [ 140.087875111496118, 39.206494636149202 ], [ 140.087889267196687, 39.206544449461639 ], [ 140.087908056628976, 39.206593580193839 ], [ 140.087931407961804, 39.206641837508393 ], [ 140.08795922954846, 39.206689042445753 ], [ 140.087991412403653, 39.206735003376664 ], [ 140.088027834538195, 39.20677954450899 ], [ 140.088068354147424, 39.206822498761035 ], [ 140.088112815184189, 39.206863692716233 ], [ 140.088161043643623, 39.206902971962592 ], [ 140.088212854374632, 39.206940184463662 ], [ 140.088268046125961, 39.206975182934151 ], [ 140.088326405880991, 39.207007835134043 ], [ 140.088387708857567, 39.207038010407018 ], [ 140.088451716650439, 39.207065600268756 ], [ 140.088518182804251, 39.207090489108204 ], [ 140.088586847859744, 39.207112585861879 ], [ 140.08865744740379, 39.207131801050011 ], [ 140.088729709592485, 39.207148064197369 ], [ 140.088803353912539, 39.207161311163588 ], [ 140.088878094277675, 39.207171491269854 ], [ 140.088953642124608, 39.207178564923339 ], [ 140.089029707651548, 39.207182501241654 ], [ 140.089105992387516, 39.207183289930654 ], [ 140.089182204673051, 39.207180926239211 ], [ 140.089258046037088, 39.207175418877746 ], [ 140.089333226677951, 39.20716678922637 ], [ 140.089407457413103, 39.207155068167495 ], [ 140.089480443486906, 39.207140306379927 ], [ 140.089551909959255, 39.207122557709901 ], [ 140.089621576316944, 39.207101891840793 ], [ 140.089689173812161, 39.207078386374526 ], [ 140.089754442366456, 39.207052137125729 ], [ 140.089817126855195, 39.207023239909027 ], [ 140.089876988873101, 39.206991811919181 ], [ 140.089933791872596, 39.206957967975363 ], [ 140.089987319740857, 39.206921846652456 ], [ 140.090037362557382, 39.206883584149757 ], [ 140.090083730836398, 39.206843326168858 ], [ 140.090126240665285, 39.206801232664752 ], [ 140.090164730423794, 39.206757461216874 ], [ 140.09019905025724, 39.206712189201056 ], [ 140.090229066410956, 39.206665584490871 ], [ 140.090254664326523, 39.20661783000515 ], [ 140.090275745545682, 39.206569111830149 ], [ 140.090292225852551, 39.206519615260284 ], [ 140.090304044562117, 39.206469534300368 ], [ 140.090311153374131, 39.206419062163377 ], [ 140.090313525661486, 39.206368393645995 ] ] ] } },
{ "type": "Feature", "properties": { "P12_001": 10372, "P12_002": "鳥海国定公園", "P12_003": "05", "P12_004": "05210、05214", "P12_005": "‐", "P12_006": "由利本荘市　および　にかほ市", "P12_007": 1 }, "geometry": { "type": "Polygon", "coordinates": [ [ [ 140.117427465987674, 39.068205899807786 ], [ 140.11723199037678, 39.068197009635647 ], [ 140.116845997984854, 39.068236993634223 ], [ 140.116466001021337, 39.070706994970855 ], [ 140.116628999640625, 39.07128700525827 ], [ 140.116718991132132, 39.071858997207464 ], [ 140.116682999984789, 39.072358003749514 ], [ 140.116681012861306, 39.072391001990667 ], [ 140.116534006592076, 39.073032987713425 ], [ 140.116408986862865, 39.07322500101985 ], [ 140.115833010850793, 39.073828005234269 ], [ 140.115691998771496, 39.074127988164918 ], [ 140.115381001250086, 39.074498994282486 ], [ 140.115134997342835, 39.07465898966602 ], [ 140.114951006054923, 39.074900008591328 ], [ 140.114858994620477, 39.075180010608683 ], [ 140.114917996521655, 39.077128988627088 ], [ 140.114886011202259, 39.077791005150097 ], [ 140.114708015342728, 39.078204990067256 ], [ 140.114478997656931, 39.078370011363553 ], [ 140.114216007528256, 39.078428996749025 ], [ 140.113526998309084, 39.07851899598343 ], [ 140.112604996537897, 39.078645990750239 ], [ 140.111568004159381, 39.078957005824677 ], [ 140.111337000588549, 39.079025995524283 ], [ 140.109814988456833, 39.079697009911904 ], [ 140.108406009532217, 39.080305995017945 ], [ 140.107843013913651, 39.080514999187784 ], [ 140.107289988589685, 39.08082101131329 ], [ 140.106433012013639, 39.081385992957514 ], [ 140.106158003162619, 39.081568001949805 ], [ 140.104738002483231, 39.082067008491855 ], [ 140.103391999706787, 39.082314990210747 ], [ 140.103203009338785, 39.082446006816369 ], [ 140.103091000345529, 39.082666996525134 ], [ 140.10270699631559, 39.083106994717873 ], [ 140.102345009787342, 39.083277995322071 ], [ 140.102147013272827, 39.083342986938561 ], [ 140.101493995200997, 39.083556990889903 ], [ 140.100449985037955, 39.083783986829694 ], [ 140.099662009761744, 39.083859989209842 ], [ 140.098508009309882, 39.083865996232717 ], [ 140.098149001918813, 39.083983992343065 ], [ 140.097931009083965, 39.084118000582279 ], [ 140.096995996576794, 39.08458099191018 ], [ 140.096205008105528, 39.084896003484012 ], [ 140.095864012388205, 39.084949988296124 ], [ 140.095412994801165, 39.084913999213242 ], [ 140.093952995907983, 39.084712006932087 ], [ 140.09252100746798, 39.084768002267673 ], [ 140.091524013303228, 39.084834000333686 ], [ 140.088424000952898, 39.085036995896935 ], [ 140.087135010477226, 39.08507999924408 ], [ 140.086026006699996, 39.085069994929945 ], [ 140.084666993806792, 39.085060999440898 ], [ 140.083511998864367, 39.085114001559184 ], [ 140.081918999547781, 39.08549099331951 ], [ 140.08069901161042, 39.085737993136426 ], [ 140.080557999531095, 39.085755007755537 ], [ 140.079365989227455, 39.085899998251577 ], [ 140.078082001547273, 39.086015004312046 ], [ 140.076794999433559, 39.086049990112834 ], [ 140.076084997545792, 39.086106009995973 ], [ 140.075779000342919, 39.086187991684028 ], [ 140.073498016021034, 39.08687901311621 ], [ 140.070506999468876, 39.088285000927165 ], [ 140.069630987005212, 39.088803988382509 ], [ 140.06771301590237, 39.089696998928424 ], [ 140.066186004071312, 39.090617000692603 ], [ 140.066162992079001, 39.090630999130575 ], [ 140.063953990051829, 39.091462005734307 ], [ 140.062714003936406, 39.092553012853827 ], [ 140.062441015028327, 39.092890993807131 ], [ 140.063951008437726, 39.094420987918731 ], [ 140.065351014035258, 39.095841001090776 ], [ 140.066924014554587, 39.097714006027715 ], [ 140.067172006204544, 39.098459009896445 ], [ 140.067202003161981, 39.099318996069947 ], [ 140.067128997891899, 39.09979799715115 ], [ 140.066655001131949, 39.100555993008321 ], [ 140.066503989034771, 39.100797994627456 ], [ 140.064298992216322, 39.104199006908225 ], [ 140.063431985899143, 39.105788990479248 ], [ 140.062857004377662, 39.106949011054063 ], [ 140.062196998244588, 39.108780997827935 ], [ 140.062076015924276, 39.1091190049125 ], [ 140.061621986380629, 39.111077004551213 ], [ 140.061445013496467, 39.113324007239314 ], [ 140.061438990202532, 39.113395005086829 ], [ 140.061442994792003, 39.113505009782081 ], [ 140.06161499893858, 39.118234000929455 ], [ 140.061751012557039, 39.122269006726029 ], [ 140.061757999379836, 39.122407011464645 ], [ 140.061899011459161, 39.125223990827337 ], [ 140.062206997023964, 39.130914001110114 ], [ 140.062247987251396, 39.131413006068449 ], [ 140.062423003973777, 39.133504990190687 ], [ 140.062111012580999, 39.133357009644762 ], [ 140.057651984241318, 39.13251700438456 ], [ 140.057083990161885, 39.132409990531045 ], [ 140.053077998732931, 39.13163000006967 ], [ 140.052112989887576, 39.131450001600861 ], [ 140.051671008789498, 39.13136799536526 ], [ 140.046903002871318, 39.130479005866299 ], [ 140.046484001565375, 39.130398004496506 ], [ 140.041430988016771, 39.129417006031517 ], [ 140.040880010501297, 39.129312002701482 ], [ 140.030085999018041, 39.127261989345605 ], [ 140.024216007107157, 39.126147007980812 ], [ 140.023909014794469, 39.126089002913602 ], [ 140.01929301360633, 39.125210998047038 ], [ 140.013535992979087, 39.12411499272973 ], [ 140.010364992205439, 39.123562000583711 ], [ 140.00849099232488, 39.123193004989616 ], [ 140.007750993479647, 39.12304600476196 ], [ 140.001264004367556, 39.118429005077616 ], [ 140.000406998068257, 39.117818987390791 ], [ 139.999982001333933, 39.117518001969906 ], [ 139.997624999785387, 39.115845000962615 ], [ 139.997501004270021, 39.115477991344449 ], [ 139.997492992614127, 39.115454995041866 ], [ 139.997315990006712, 39.114931006221312 ], [ 139.997148984320972, 39.114368012136723 ], [ 139.996678994627445, 39.112779005716533 ], [ 139.996612012651326, 39.112287012646888 ], [ 139.994430988257875, 39.105522009749031 ], [ 139.992048988831982, 39.106100987455655 ], [ 139.982972998252222, 39.108310992235779 ], [ 139.98257998807577, 39.108405993627251 ], [ 139.981438999598367, 39.108704995447788 ], [ 139.977157007304754, 39.109823998651393 ], [ 139.976669006556676, 39.109950992626345 ], [ 139.976355989092355, 39.110032999653804 ], [ 139.975142986739314, 39.110349997203564 ], [ 139.974426323746059, 39.110530378139032 ], [ 139.975377251198978, 39.113221695429282 ], [ 139.977083472589186, 39.117185860165918 ], [ 139.979057257774031, 39.12104584035206 ], [ 139.981290972211468, 39.124786708702153 ], [ 139.983775973245628, 39.12839398532951 ], [ 139.986502643545549, 39.131853718515693 ], [ 139.989460438786267, 39.1351525211359 ], [ 139.99263791551428, 39.138277631631908 ], [ 139.996022777590241, 39.141216961523448 ], [ 139.999601932539179, 39.143959135001055 ], [ 140.003361531181639, 39.146493548315277 ], [ 140.007287029557006, 39.148810389573079 ], [ 140.011363241558513, 39.150900701294532 ], [ 140.015574395902775, 39.15275639624992 ], [ 140.019904199291801, 39.154370291509558 ], [ 140.024335903290165, 39.155736144077359 ], [ 140.028852360675444, 39.156848671479075 ], [ 140.033436098507877, 39.157703568391305 ], [ 140.038069382530779, 39.158297528021585 ], [ 140.042734289620881, 39.1586282516107 ], [ 140.047412769711883, 39.158694459518671 ], [ 140.052086723198755, 39.158495898351426 ], [ 140.056738069053409, 39.158033331458569 ], [ 140.061348809225251, 39.157308553978638 ], [ 140.065901110380054, 39.156324365124092 ], [ 140.070377355296444, 39.155084574516231 ], [ 140.074760229558649, 39.153593978429448 ], [ 140.079032776049303, 39.151858344745975 ], [ 140.083178463684249, 39.149884388408339 ], [ 140.087181254909325, 39.147679744496244 ], [ 140.091025663908283, 39.145252944470862 ], [ 140.094696816668517, 39.142613373414598 ], [ 140.098180510427653, 39.139771247859116 ], [ 140.1014632663084, 39.136737558771664 ], [ 140.104532387526717, 39.133524048591241 ], [ 140.107375996545699, 39.130143143920805 ], [ 140.109983093283802, 39.126607930187859 ], [ 140.112343591030282, 39.122932079585517 ], [ 140.11444835917257, 39.119129816230846 ], [ 140.116289253538525, 39.115215849648877 ], [ 140.117859152312235, 39.111205323301974 ], [ 140.119151980184085, 39.107113750449471 ], [ 140.120162737454734, 39.102956961885106 ], [ 140.120887513039122, 39.098751041796682 ], [ 140.121323502424218, 39.094512258874559 ], [ 140.121469020053695, 39.090257010881693 ], [ 140.121323502424218, 39.086001766056249 ], [ 140.120887513039122, 39.081762983134126 ], [ 140.120162737454734, 39.077557062253852 ], [ 140.119151980184085, 39.073400275273194 ], [ 140.117859152312235, 39.069308702420692 ], [ 140.117427465987674, 39.068205899807786 ] ] ] } },
{ "type": "Feature", "properties": { "P12_001": 10464, "P12_002": "仁賀保運動公園", "P12_003": "05", "P12_004": "05214", "P12_005": "‐", "P12_006": "にかほ市平沢字馬飼森30", "P12_007": 2 }, "geometry": { "type": "Polygon", "coordinates": [ [ [ 139.962052528648826, 39.288159389208118 ], [ 139.962332426975394, 39.28827875839751 ], [ 139.962851060634705, 39.288377545654576 ], [ 139.963159768226973, 39.288484564259228 ], [ 139.963439662838141, 39.288529844193611 ], [ 139.963822463695493, 39.288488681912668 ], [ 139.964180571338829, 39.28839812521133 ], [ 139.964664638709394, 39.288271193793037 ], [ 139.964950290343666, 39.288081183883378 ], [ 139.965279573240508, 39.287768356249579 ], [ 139.965254879407297, 39.287504926203589 ], [ 139.96503671999838, 39.28725795726907 ], [ 139.964900890292569, 39.286982175846489 ], [ 139.964876196459358, 39.286788718193939 ], [ 139.964869499438265, 39.286711529612859 ], [ 139.964682730883652, 39.286434729862904 ], [ 139.963674286453823, 39.286150716300881 ], [ 139.963010666468222, 39.286148470596046 ], [ 139.962611971719099, 39.286032331389031 ], [ 139.962450165745423, 39.285992860513417 ], [ 139.96229619494585, 39.285967555949341 ], [ 139.962256583134405, 39.286105083990385 ], [ 139.962191721417184, 39.286353944669919 ], [ 139.962091388709581, 39.286696584906451 ], [ 139.962001944002111, 39.287020637105151 ], [ 139.96191899939916, 39.287324942780053 ], [ 139.96183641828685, 39.287617611332855 ], [ 139.961820194343062, 39.287692528077841 ], [ 139.96177183398666, 39.287733331647821 ], [ 139.961768139014453, 39.287757442884256 ], [ 139.961767859739695, 39.287789806056551 ], [ 139.961770778191863, 39.287833332028939 ], [ 139.961779471005713, 39.287879612077987 ], [ 139.96179430600651, 39.287927638962323 ], [ 139.962052528648826, 39.288159389208118 ] ] ] } },
{ "type": "Feature", "properties": { "P12_001": 10475, "P12_002": "象潟海岸", "P12_003": "05", "P12_004": "05214", "P12_005": "‐", "P12_006": "にかほ市象潟町字冠石地先", "P12_007": 1 }, "geometry": { "type": "Polygon", "coordinates": [ [ [ 139.893377919602358, 39.208029719522074 ], [ 139.893299889244332, 39.208146767780271 ], [ 139.893247869212075, 39.208289828522197 ], [ 139.89333889358673, 39.208419886189681 ], [ 139.893416946237181, 39.208432889264117 ], [ 139.893625025746985, 39.208380867464093 ], [ 139.893989189503714, 39.207990701588344 ], [ 139.894275298133039, 39.207509492019561 ], [ 139.894418364832404, 39.206950251334455 ], [ 139.894444375158145, 39.206508064450539 ], [ 139.894353328491064, 39.206026854881756 ], [ 139.894080212639892, 39.205545649272253 ], [ 139.893729065811499, 39.205077446737185 ], [ 139.893260863228733, 39.204583234885824 ], [ 139.892883706693823, 39.204492194360213 ], [ 139.892532560484653, 39.204518206052079 ], [ 139.892506550158913, 39.204739302661459 ], [ 139.892727647216276, 39.204973402345281 ], [ 139.893221860124811, 39.205207501237247 ], [ 139.893599015421245, 39.205740732606053 ], [ 139.893820112478608, 39.206286967841152 ], [ 139.893833105256789, 39.207119326935668 ], [ 139.893546996627464, 39.207743593287091 ], [ 139.893377919602358, 39.208029719522074 ] ] ] } },
{ "type": "Feature", "properties": { "P12_001": 10480, "P12_002": "三崎公園", "P12_003": "05", "P12_004": "05214", "P12_005": "‐", "P12_006": "にかほ市象潟町小砂川字三崎地先", "P12_007": 4 }, "geometry": { "type": "MultiPolygon", "coordinates": [ [ [ [ 139.869592201211276, 39.118264159573449 ], [ 139.869615138895455, 39.118322889189294 ], [ 139.869654860930638, 39.118359556101282 ], [ 139.869698193722172, 39.118379278077526 ], [ 139.869770416899058, 39.118393443597206 ], [ 139.869835416086346, 39.118441222630473 ], [ 139.869893194380182, 39.118452611109653 ], [ 139.869950972054795, 39.118452611109653 ], [ 139.8699762492069, 39.11846094381486 ], [ 139.869997916841129, 39.118483444415318 ], [ 139.870023473267992, 39.118522889159671 ], [ 139.870070418054326, 39.118559554487945 ], [ 139.870128193251986, 39.118582056672118 ], [ 139.870214583275668, 39.118599000816005 ], [ 139.870301250097185, 39.118655111762635 ], [ 139.870348193025819, 39.118666498658094 ], [ 139.870391528913501, 39.118663722409451 ], [ 139.870416806065606, 39.118672054322808 ], [ 139.87043125032946, 39.118765111706743 ], [ 139.87046375085194, 39.118807331907881 ], [ 139.87049652755303, 39.118827057051554 ], [ 139.87055430646609, 39.118849555276441 ], [ 139.87055430646609, 39.118950944573733 ], [ 139.870568750729944, 39.118987612277579 ], [ 139.870590417125698, 39.119007333461965 ], [ 139.870677082708738, 39.119055110119675 ], [ 139.870655417551433, 39.119102887569234 ], [ 139.870648193561834, 39.119167888687997 ], [ 139.870662639064136, 39.119226776675127 ], [ 139.870637360673555, 39.11928038852286 ], [ 139.870648193561834, 39.119317055434848 ], [ 139.870727639489871, 39.119407057044825 ], [ 139.870789027920836, 39.119435388084177 ], [ 139.870861249859274, 39.119429556853426 ], [ 139.870886528249827, 39.119415667691648 ], [ 139.870926528321291, 39.119370389340979 ], [ 139.871002361016082, 39.119356498595486 ], [ 139.871067361441845, 39.11930566853939 ], [ 139.871110694233352, 39.119339556035307 ], [ 139.871117918222978, 39.119443722373106 ], [ 139.87113958461876, 39.119485942574237 ], [ 139.871197359816392, 39.119528165942796 ], [ 139.871172082664316, 39.119559277190071 ], [ 139.871125138497206, 39.119590110495743 ], [ 139.871089027837598, 39.119657609921546 ], [ 139.87109263859395, 39.119713720868177 ], [ 139.871103471482201, 39.119736221468635 ], [ 139.871081806324923, 39.119767332715909 ], [ 139.871052916558767, 39.119778444837195 ], [ 139.871002361016082, 39.119823721604149 ], [ 139.870977083863977, 39.119882889116596 ], [ 139.870973471869178, 39.119992611119102 ], [ 139.870785417164484, 39.119972889934715 ], [ 139.870742083134502, 39.119984276830174 ], [ 139.870612056275149, 39.120049000007334 ], [ 139.870550666605737, 39.120043166401018 ], [ 139.870503721819404, 39.119975666975215 ], [ 139.870474833291723, 39.119958721247613 ], [ 139.870416778200052, 39.119958721247613 ], [ 139.870326500622213, 39.119919276503268 ], [ 139.870272334323175, 39.119916501046475 ], [ 139.870239833800696, 39.119925112485156 ], [ 139.870200110527037, 39.119953167958471 ], [ 139.87017122261858, 39.120000944616173 ], [ 139.870167611862257, 39.120032055863447 ], [ 139.870189279496486, 39.120088444751687 ], [ 139.870185667501659, 39.120110944560288 ], [ 139.870156778354755, 39.120141777074096 ], [ 139.870156778354755, 39.120215111689937 ], [ 139.870185667501659, 39.120277056242884 ], [ 139.87020733389744, 39.120293998803056 ], [ 139.870265110952801, 39.120319278027729 ], [ 139.870279555835879, 39.120336220587909 ], [ 139.87028677858703, 39.120409277262134 ], [ 139.870308443744307, 39.120448722006479 ], [ 139.870344556261614, 39.120493722415539 ], [ 139.870387887814672, 39.12052483366282 ], [ 139.870445667346985, 39.120552889927993 ], [ 139.870514556565354, 39.120609278816225 ], [ 139.870572331763015, 39.120614832105367 ], [ 139.870608444899545, 39.120606500192011 ], [ 139.870680667457236, 39.120567055447665 ], [ 139.870738444512597, 39.120578445510553 ], [ 139.870789000055282, 39.120578445510553 ], [ 139.870839556217192, 39.120564276823451 ], [ 139.870897332034076, 39.120533165576177 ], [ 139.870933722587665, 39.120527609911463 ], [ 139.870969833247273, 39.120541777806707 ], [ 139.871049277317638, 39.120538999182493 ], [ 139.871070970959721, 39.120547334263279 ], [ 139.871103444855123, 39.12059816669494 ], [ 139.871157639019685, 39.120629000000612 ], [ 139.871204583806019, 39.120637335081398 ], [ 139.871302082896563, 39.120699557575946 ], [ 139.871389027754361, 39.120705110865096 ], [ 139.871472082581079, 39.120690943761701 ], [ 139.871558750641071, 39.120761499753328 ], [ 139.871639306237341, 39.120814554925992 ], [ 139.87168375055478, 39.120851222629838 ], [ 139.871722082408525, 39.120859000243698 ], [ 139.871798194378044, 39.120864555908405 ], [ 139.871829862030154, 39.120924833603567 ], [ 139.871876806197264, 39.120961222573953 ], [ 139.871902083349369, 39.121014834421686 ], [ 139.871938195247424, 39.121045667727358 ], [ 139.872014027322962, 39.121074000350426 ], [ 139.872028471586816, 39.121130389238658 ], [ 139.872010417185862, 39.121186498601574 ], [ 139.872010417185862, 39.12123177853595 ], [ 139.872020972037831, 39.121251499720344 ], [ 139.872046249189935, 39.121271223280303 ], [ 139.872089583219946, 39.121285110858366 ], [ 139.872140140001079, 39.121330109683718 ], [ 139.872205139188367, 39.121347056995027 ], [ 139.872241249228722, 39.121347056995027 ], [ 139.872320973193098, 39.121324554019004 ], [ 139.872364304746128, 39.121302055002261 ], [ 139.87244375005497, 39.121302055002261 ], [ 139.872487083465728, 39.121273998737088 ], [ 139.872476249958225, 39.121217609848848 ], [ 139.872497917592455, 39.121197888664462 ], [ 139.872570139530893, 39.121197888664462 ], [ 139.872617083078751, 39.121183723144789 ], [ 139.872660417108762, 39.121161224128045 ], [ 139.872703749900268, 39.12120622295339 ], [ 139.87274736196656, 39.12123455557645 ], [ 139.872848471813427, 39.121257056176908 ], [ 139.872884583092286, 39.121287889482581 ], [ 139.872924306365917, 39.121302055002261 ], [ 139.873014582705309, 39.121302055002261 ], [ 139.873054306598192, 39.12129066652308 ], [ 139.873126527917407, 39.12129066652308 ], [ 139.873159027820662, 39.121279554401802 ], [ 139.873184584247525, 39.121259833217408 ], [ 139.873202638648479, 39.121214834392063 ], [ 139.873202638648479, 39.121166779792752 ], [ 139.873227917039031, 39.121155666879616 ], [ 139.873256806185964, 39.121155666879616 ], [ 139.873332639499978, 39.121127609030736 ], [ 139.873422916458594, 39.12106011118864 ], [ 139.873498749772608, 39.12106011118864 ], [ 139.873538471807791, 39.121051776899719 ], [ 139.873614305741029, 39.120989806215505 ], [ 139.873690416472101, 39.121003693793575 ], [ 139.873759027654216, 39.121003693793575 ], [ 139.873791528176696, 39.120992584839719 ], [ 139.873874583622637, 39.120989806215505 ], [ 139.873907082906669, 39.120967305615046 ], [ 139.8739468061803, 39.12088841771007 ], [ 139.87400458323566, 39.120879805479539 ], [ 139.874047917265671, 39.120863140860969 ], [ 139.874084306580784, 39.12083758211098 ], [ 139.874124027996743, 39.120846195133367 ], [ 139.874214306813059, 39.120846195133367 ], [ 139.87423958148824, 39.120840362318901 ], [ 139.874297361639776, 39.120795361909842 ], [ 139.874384027222817, 39.120792583285628 ], [ 139.874416528364549, 39.120764527020462 ], [ 139.874441806755101, 39.120719248669793 ], [ 139.874470693425081, 39.120713693005079 ], [ 139.874528750374452, 39.12073341894061 ], [ 139.874637082353246, 39.120744805836068 ], [ 139.874730971925914, 39.120710916756437 ], [ 139.874832083011285, 39.120710916756437 ], [ 139.874868194290116, 39.120699805427009 ], [ 139.874907917563746, 39.120668694179734 ], [ 139.87491513907645, 39.120618140481533 ], [ 139.874936806710679, 39.120601194753931 ], [ 139.874965693380659, 39.120609529042859 ], [ 139.875000000210179, 39.120609529042859 ], [ 139.875015139874336, 39.120609529042859 ], [ 139.875030973081152, 39.120609529042859 ], [ 139.875103195019591, 39.120581472777687 ], [ 139.875197083353811, 39.120603971794431 ], [ 139.875254861028395, 39.120603971794431 ], [ 139.87531988870046, 39.120581472777687 ], [ 139.875413778273128, 39.120581472777687 ], [ 139.875471833984022, 39.120553139362762 ], [ 139.875515166775557, 39.120508138161846 ], [ 139.87555100063733, 39.120508138161846 ], [ 139.875572667652335, 39.12051952822474 ], [ 139.875706278640934, 39.12051952822474 ], [ 139.875764056315546, 39.120530640346018 ], [ 139.875836278253985, 39.120530640346018 ], [ 139.875894333964851, 39.12051952822474 ], [ 139.87596655590329, 39.120570083506657 ], [ 139.876110999780167, 39.120592581731543 ], [ 139.876154333810177, 39.120587029234258 ], [ 139.876194054606884, 39.120609529042859 ], [ 139.876237388636866, 39.120626472394889 ], [ 139.876313221331657, 39.120632028059603 ], [ 139.876353222022345, 39.120615082332002 ], [ 139.876371833734339, 39.120591472340685 ], [ 139.876383222075958, 39.120538416376164 ], [ 139.876703223266929, 39.120553972395726 ], [ 139.876913499201493, 39.120585637942504 ], [ 139.877073222070294, 39.120629527376998 ], [ 139.877460444261942, 39.120802027757271 ], [ 139.877551832127239, 39.120850916973261 ], [ 139.877533777107061, 39.12092813881231 ], [ 139.87754988835016, 39.12096286250862 ], [ 139.877608778789153, 39.12099591776343 ], [ 139.87762683380933, 39.12105258142585 ], [ 139.877657388697031, 39.121087306705874 ], [ 139.877709888636048, 39.121110918280905 ], [ 139.877797110291652, 39.121117306186726 ], [ 139.877829333397102, 39.121142583827684 ], [ 139.877888222597619, 39.121147306459427 ], [ 139.877940723155831, 39.121136192754435 ], [ 139.877984333364424, 39.121078971625089 ], [ 139.878501833205377, 39.121825083300969 ], [ 139.87856127724001, 39.121900083190873 ], [ 139.878524888544121, 39.121978972679564 ], [ 139.878522666111508, 39.122034251385088 ], [ 139.878551000424324, 39.122078416385612 ], [ 139.878599610951426, 39.122132028233345 ], [ 139.878556832374784, 39.122214807320823 ], [ 139.878556832374784, 39.122270916683739 ], [ 139.878600445679524, 39.122327305571979 ], [ 139.878632944963556, 39.122352583212937 ], [ 139.878651000602986, 39.1224203613722 ], [ 139.878701557384119, 39.122496194295074 ], [ 139.878780999596785, 39.122555361807521 ], [ 139.878791833723511, 39.122600638574475 ], [ 139.878817110875616, 39.122642861943035 ], [ 139.878885720819255, 39.12270202628806 ], [ 139.878943500351539, 39.122718694074052 ], [ 139.878975999635571, 39.122752583945541 ], [ 139.879026833214539, 39.122786471441465 ], [ 139.879109889279704, 39.122806195793274 ], [ 139.879159055260175, 39.122798139445962 ], [ 139.879175721956614, 39.122836748781772 ], [ 139.879185720736018, 39.12293480594721 ], [ 139.879191833199712, 39.123102308129695 ], [ 139.879144889651855, 39.123245916836268 ], [ 139.879050442768147, 39.12335786078792 ], [ 139.878932390046231, 39.123465361633137 ], [ 139.878827944383119, 39.123530084810298 ], [ 139.8787268320593, 39.123540083581439 ], [ 139.878670166529844, 39.123558973316577 ], [ 139.87862766722796, 39.123577859884293 ], [ 139.878570723042998, 39.123568417788221 ], [ 139.878481833788868, 39.123573138836257 ], [ 139.878445166437473, 39.123582861249503 ], [ 139.878392666498456, 39.123614248854672 ], [ 139.878278779367008, 39.123605916149458 ], [ 139.87820655742857, 39.123656473806946 ], [ 139.878134333013179, 39.123656473806946 ], [ 139.878004056602322, 39.123695916967577 ], [ 139.877917388542357, 39.123673416367119 ], [ 139.877859610248521, 39.123676194991333 ], [ 139.877827112202965, 39.123690359719156 ], [ 139.877772943427004, 39.123735361711923 ], [ 139.877698865023547, 39.123821034242795 ], [ 139.878208667160493, 39.124131999430276 ], [ 139.878315277667411, 39.124085193588556 ], [ 139.878443500077424, 39.124047554276871 ], [ 139.879344360563692, 39.123797442464181 ], [ 139.879574470579144, 39.12370624831842 ], [ 139.879963721382978, 39.123470168993528 ], [ 139.879599443687113, 39.122819416628232 ], [ 139.879017111232969, 39.121854138888949 ], [ 139.878715944059167, 39.121453750146692 ], [ 139.878280582577844, 39.121020831942289 ], [ 139.877739112169564, 39.120448693499654 ], [ 139.877286610277423, 39.11995180517355 ], [ 139.876856611986085, 39.119573556737073 ], [ 139.87643250075709, 39.119283971673205 ], [ 139.87610347112718, 39.11908919399599 ], [ 139.875802694071126, 39.11896830681782 ], [ 139.875015166501441, 39.118623581623304 ], [ 139.874545332235755, 39.118474973135235 ], [ 139.874429221433218, 39.118445527162031 ], [ 139.874216139747176, 39.118394527648654 ], [ 139.874011981230183, 39.11831298623278 ], [ 139.87162399442596, 39.118282004849952 ], [ 139.871061993297985, 39.118277003484742 ], [ 139.869592201211276, 39.118264159573449 ] ] ], [ [ [ 139.869744429484996, 39.117885527086607 ], [ 139.869677361435265, 39.117911000316099 ], [ 139.869616360645125, 39.117965111033385 ], [ 139.869599305688638, 39.117995581668815 ], [ 139.869598719892821, 39.118001320252361 ], [ 139.86960699286567, 39.1179819965799 ], [ 139.869640003637386, 39.11794500342306 ], [ 139.869694004600802, 39.11791398878227 ], [ 139.869740988398917, 39.117903006525438 ], [ 139.869744429484996, 39.117885527086607 ] ] ], [ [ [ 139.869958430734272, 39.117536691365366 ], [ 139.869952159746532, 39.11753795358451 ], [ 139.869959277847073, 39.117560610972546 ], [ 139.869936806446475, 39.117579389055926 ], [ 139.869905009374349, 39.11761759454496 ], [ 139.869967987380249, 39.117557007233927 ], [ 139.869958430734272, 39.117536691365366 ] ] ], [ [ [ 139.869582203670348, 39.11811424373041 ], [ 139.869544112698833, 39.118169333974102 ], [ 139.869545288005895, 39.118182904809601 ], [ 139.869581994988323, 39.118117008101208 ], [ 139.869582203670348, 39.11811424373041 ] ] ], [ [ [ 139.869770368598779, 39.11781463693157 ], [ 139.869759195131536, 39.117822835021187 ], [ 139.869755137287882, 39.117841496701672 ], [ 139.869770368598779, 39.11781463693157 ] ] ], [ [ [ 139.869882451900168, 39.117644697414988 ], [ 139.869867471379251, 39.117662695519783 ], [ 139.869867114080932, 39.117672128905433 ], [ 139.869882451900168, 39.117644697414988 ] ] ], [ [ [ 139.869864739935878, 39.117734892237927 ], [ 139.86986433247958, 39.117745694743348 ], [ 139.869824221565153, 39.117775124879422 ], [ 139.869867001380271, 39.11774600198364 ], [ 139.869864739935878, 39.117734892237927 ] ] ] ] } },
{ "type": "Feature", "properties": { "P12_001": 10481, "P12_002": "栗山池公園", "P12_003": "05", "P12_004": "05214", "P12_005": "‐", "P12_006": "にかほ市象潟町関上栗山地内", "P12_007": 4 }, "geometry": { "type": "Polygon", "coordinates": [ [ [ 139.943005392629658, 39.168784437475459 ], [ 139.943001190504361, 39.16872056396025 ], [ 139.942988604563254, 39.168656934336816 ], [ 139.942967678771936, 39.168593800415508 ], [ 139.942938494869423, 39.168531402128828 ], [ 139.942901168652497, 39.168469983368553 ], [ 139.942855842545129, 39.168409781691601 ], [ 139.942802693648389, 39.168351029111925 ], [ 139.942741923832699, 39.168293952100456 ], [ 139.942673772122617, 39.168238773960702 ], [ 139.942598500454267, 39.168185706910187 ], [ 139.942516399867941, 39.168134956039736 ], [ 139.942427788650093, 39.168086718521586 ], [ 139.94233300861822, 39.168041178858303 ], [ 139.942232426978364, 39.167998514425712 ], [ 139.942126434467497, 39.167958894681092 ], [ 139.942015438541887, 39.167922464534172 ], [ 139.941899870188763, 39.167889371270256 ], [ 139.941780176495428, 39.167859741586355 ], [ 139.941656818172362, 39.167833686342384 ], [ 139.941530276983997, 39.1678113116471 ], [ 139.941401039648611, 39.167792699853571 ], [ 139.941269604650017, 39.167777925396301 ], [ 139.941136483475901, 39.167767047664519 ], [ 139.941002189471618, 39.16776010308363 ], [ 139.94086724403266, 39.167757122536024 ], [ 139.940732167316014, 39.167758115523988 ], [ 139.940597481955535, 39.167763080463807 ], [ 139.940463711823668, 39.167771997559065 ], [ 139.940331369027291, 39.16778483038437 ], [ 139.940200969388769, 39.16780152826091 ], [ 139.940073018822687, 39.167822031799446 ], [ 139.939948009001228, 39.167846259438782 ], [ 139.939826424784968, 39.167874113780563 ], [ 139.93970873679217, 39.167905491883452 ], [ 139.939595399540934, 39.167940271801569 ], [ 139.939486851449288, 39.167978314960038 ], [ 139.939383514835157, 39.168019477240982 ], [ 139.939285786008639, 39.168063599481258 ], [ 139.939194047037347, 39.168110512223599 ], [ 139.939108649027332, 39.168160030173588 ], [ 139.939029925126675, 39.168211964869407 ], [ 139.938958178760345, 39.168266112012084 ], [ 139.938893686726118, 39.168322267302678 ], [ 139.9388367004332, 39.168380208229514 ], [ 139.938787438471394, 39.168439715448372 ], [ 139.938746091564894, 39.168500554569739 ], [ 139.93871282071467, 39.168562493579692 ], [ 139.938687755340766, 39.168625291753877 ], [ 139.93867099018604, 39.168688703616787 ], [ 139.938662592127827, 39.168752486860363 ], [ 139.938662592127827, 39.168816391257977 ], [ 139.93867099018604, 39.168880174501552 ], [ 139.938687755340766, 39.16894358636447 ], [ 139.93871282071467, 39.169006385330505 ], [ 139.938746091564894, 39.169068324340458 ], [ 139.938787438471394, 39.169129162669968 ], [ 139.9388367004332, 39.169188669888825 ], [ 139.938893686726118, 39.169246610815669 ], [ 139.938958178760345, 39.169302766898113 ], [ 139.939029925126675, 39.16935691404079 ], [ 139.939108649027332, 39.169408847944752 ], [ 139.939194047037347, 39.169458366686598 ], [ 139.939285786008639, 39.169505278637082 ], [ 139.939383514835157, 39.169549400877358 ], [ 139.939486851449288, 39.169590563158302 ], [ 139.939595399540934, 39.169628607108628 ], [ 139.93970873679217, 39.169663386234888 ], [ 139.939826424784968, 39.169694764337784 ], [ 139.939948009001228, 39.169722618679565 ], [ 139.940073018822687, 39.169746847110751 ], [ 139.940200969388769, 39.169767349857437 ], [ 139.940331369027291, 39.169784048525827 ], [ 139.940463711823668, 39.169796880559275 ], [ 139.940597481955535, 39.16980579844639 ], [ 139.940732167316014, 39.169810762594352 ], [ 139.94086724403266, 39.169811755582316 ], [ 139.941002189471618, 39.169808775826567 ], [ 139.941136483475901, 39.169801830453821 ], [ 139.941269604650017, 39.169790953513896 ], [ 139.941401039648611, 39.169776178264776 ], [ 139.941530276983997, 39.169757567263098 ], [ 139.941656818172362, 39.169735191775956 ], [ 139.941780176495428, 39.169709137323842 ], [ 139.941899870188763, 39.169679507639941 ], [ 139.942015438541887, 39.169646413584168 ], [ 139.942126434467497, 39.169609983437248 ], [ 139.942232426978364, 39.169570362108921 ], [ 139.94233300861822, 39.169527700051894 ], [ 139.942427788650093, 39.169482159596754 ], [ 139.942516399867941, 39.169433922870461 ], [ 139.942598500454267, 39.169383172000011 ], [ 139.942673772122617, 39.169330104157645 ], [ 139.942741923832699, 39.169274926809749 ], [ 139.942802693648389, 39.169217849798272 ], [ 139.942855842545129, 39.169159096426739 ], [ 139.942901168652497, 39.169098895541651 ], [ 139.942938494869423, 39.169037475989512 ], [ 139.942967678771936, 39.168975077702832 ], [ 139.942988604563254, 39.168911943781524 ], [ 139.943001190504361, 39.168848314949955 ], [ 139.943005392629658, 39.168784437475459 ] ] ] } },
{ "type": "Feature", "properties": { "P12_001": 10482, "P12_002": "奈曽川河川公園", "P12_003": "05", "P12_004": "05214", "P12_005": "‐", "P12_006": "にかほ市象潟町本郷字上の平", "P12_007": 4 }, "geometry": { "type": "Polygon", "coordinates": [ [ [ 139.958333333199477, 39.17249133280913 ], [ 139.95788841816838, 39.172443000268217 ], [ 139.957888415691457, 39.172443000268217 ], [ 139.957744617056903, 39.172580327177727 ], [ 139.957699096509913, 39.172742897678376 ], [ 139.957660077925141, 39.172911972487732 ], [ 139.957731608797872, 39.173211101005293 ], [ 139.957933197491684, 39.173490721347846 ], [ 139.958518448398024, 39.173802853731701 ], [ 139.959402828577453, 39.174114989282984 ], [ 139.960638360539122, 39.174342588617371 ], [ 139.961608526369361, 39.174535168101144 ], [ 139.961659581634279, 39.174442417165643 ], [ 139.961823998300559, 39.174168332691387 ], [ 139.96189338909889, 39.174116471638222 ], [ 139.96211199992976, 39.174047278431516 ], [ 139.962496555697641, 39.173981195636863 ], [ 139.962694167048312, 39.173987805262485 ], [ 139.963174833582997, 39.174074306075184 ], [ 139.963315056138327, 39.174071555957802 ], [ 139.963385639582299, 39.174018889586641 ], [ 139.963380824414855, 39.173959423544318 ], [ 139.963222889276039, 39.173929082773348 ], [ 139.962967333676687, 39.173894638602356 ], [ 139.962657332503596, 39.173852693175405 ], [ 139.962235666631614, 39.173745194705752 ], [ 139.961867056771212, 39.173626583322964 ], [ 139.961593999128098, 39.17350547125757 ], [ 139.961367889986718, 39.173384111341107 ], [ 139.961145111707708, 39.173243278883184 ], [ 139.960670110549415, 39.17294494380576 ], [ 139.960391778266853, 39.172818554809119 ], [ 139.959634529406316, 39.172663833189411 ], [ 139.959109249503143, 39.172582720959717 ], [ 139.95860952726531, 39.172521333873696 ], [ 139.958348694549613, 39.172492998083207 ], [ 139.958333333199477, 39.17249133280913 ] ] ] } },
{ "type": "Feature", "properties": { "P12_001": 10388, "P12_002": "姫神公園", "P12_003": "05", "P12_004": "05212", "P12_005": "‐", "P12_006": "大仙市花館字松山", "P12_007": 4 }, "geometry": { "type": "Polygon", "coordinates": [ [ [ 140.449520694174993, 39.475567722662376 ], [ 140.44899025047539, 39.475940528669604 ], [ 140.448884306264802, 39.476038889907912 ], [ 140.44884638867893, 39.476104888765782 ], [ 140.448808360869322, 39.4761946678641 ], [ 140.44878758431355, 39.476292223784419 ], [ 140.448778444412397, 39.47639083366564 ], [ 140.44878958258326, 39.476457610918381 ], [ 140.448825278355741, 39.476539610819131 ], [ 140.448866833325042, 39.476594361356412 ], [ 140.448974750416738, 39.476669193372757 ], [ 140.449092943085645, 39.476711554524336 ], [ 140.44929302889733, 39.476766556871965 ], [ 140.449372417236589, 39.47678986041484 ], [ 140.449415471991813, 39.476820445077593 ], [ 140.449479971456867, 39.476905694757129 ], [ 140.449550056417081, 39.476994944103495 ], [ 140.449634748499761, 39.477083389715588 ], [ 140.449716777874158, 39.477133026444044 ], [ 140.449784582812924, 39.477147943435469 ], [ 140.44984233386046, 39.477149223867322 ], [ 140.449960832431202, 39.477140138898498 ], [ 140.449999999632269, 39.477131611396601 ], [ 140.450122778351869, 39.477112305936842 ], [ 140.450197860534445, 39.477112556163476 ], [ 140.450287362830693, 39.477113918156533 ], [ 140.450353167022826, 39.477108834438255 ], [ 140.450416943841219, 39.477076528279625 ], [ 140.450476332763969, 39.477035832402116 ], [ 140.450560416758407, 39.476983583339297 ], [ 140.450655999318172, 39.476932473757877 ], [ 140.450698027382629, 39.476900082870614 ], [ 140.450714167110505, 39.476862388920836 ], [ 140.450737722790734, 39.476782667191031 ], [ 140.450762778256887, 39.476684110364189 ], [ 140.45077174910702, 39.476620083228831 ], [ 140.450730729775557, 39.476426434738876 ], [ 140.450451117535323, 39.476088289871299 ], [ 140.450164995282819, 39.47586719405377 ], [ 140.449800832764566, 39.475626592436804 ], [ 140.449520694174993, 39.475567722662376 ] ] ] } },
{ "type": "Feature", "properties": { "P12_001": 10389, "P12_002": "余目公園", "P12_003": "05", "P12_004": "05212", "P12_005": "‐", "P12_006": "大仙市内小友字余目　および　北太田地内", "P12_007": 4 }, "geometry": { "type": "Polygon", "coordinates": [ [ [ 140.440943778113791, 39.422674083958015 ], [ 140.44099847261981, 39.422753694036061 ], [ 140.441009471462934, 39.422779693058224 ], [ 140.441039167472383, 39.422845193838398 ], [ 140.441069805956772, 39.42291463964731 ], [ 140.441098778081084, 39.422967363032129 ], [ 140.441114138811997, 39.422983443260655 ], [ 140.441130416629164, 39.422997555725949 ], [ 140.441146748938991, 39.423006331078902 ], [ 140.441165638687266, 39.423015057336762 ], [ 140.441187889640389, 39.423021167300973 ], [ 140.441206000391702, 39.423022583140273 ], [ 140.441227500213358, 39.423022639362081 ], [ 140.441249916502102, 39.423020027027718 ], [ 140.441292167490957, 39.42301080585959 ], [ 140.441333444423975, 39.423000305843331 ], [ 140.441386833583692, 39.42298777867461 ], [ 140.44142555617438, 39.422979888617135 ], [ 140.441454833581332, 39.422978001623264 ], [ 140.441478999207533, 39.422978806149402 ], [ 140.441513359910431, 39.422980916446782 ], [ 140.441540860733625, 39.422984972335421 ], [ 140.441559749862677, 39.422991055376514 ], [ 140.441600083082307, 39.423005167841808 ], [ 140.441620722168039, 39.423015942632254 ], [ 140.441641194060452, 39.423027999438254 ], [ 140.44165669349988, 39.42303941642426 ], [ 140.441707055841391, 39.423129749822081 ], [ 140.441731778778603, 39.423176583378776 ], [ 140.441747917268032, 39.423198611240942 ], [ 140.441752305782899, 39.423203304574002 ], [ 140.441758221330048, 39.423205305595204 ], [ 140.441785722153213, 39.423206028560124 ], [ 140.441906194224316, 39.423201749367976 ], [ 140.441913082588826, 39.423197195401649 ], [ 140.441914861649536, 39.423189165977448 ], [ 140.441910639708738, 39.423177806796957 ], [ 140.441884223165175, 39.423143056969387 ], [ 140.441821028427199, 39.42306077754332 ], [ 140.441728667744513, 39.422965140291133 ], [ 140.4416515835768, 39.422897499914882 ], [ 140.441619027323213, 39.422878750338334 ], [ 140.44159066638332, 39.422865972151122 ], [ 140.441562389040087, 39.422855220324514 ], [ 140.441538389368759, 39.422847139429649 ], [ 140.441499638912489, 39.422839722902324 ], [ 140.441441250053458, 39.422830778092091 ], [ 140.441316360363459, 39.422815499222274 ], [ 140.441271693121621, 39.422808667876851 ], [ 140.441227861846329, 39.422798528947126 ], [ 140.441206417136499, 39.4227905272379 ], [ 140.441156721710541, 39.422768306162759 ], [ 140.441098332232258, 39.422737471273379 ], [ 140.441016723318114, 39.422692333873158 ], [ 140.440982417727071, 39.42267627660847 ], [ 140.440956693487635, 39.422666193900547 ], [ 140.44094636094087, 39.422664806568079 ], [ 140.440944611603413, 39.422667416526878 ], [ 140.440943778113791, 39.422674083958015 ] ] ] } },
{ "type": "Feature", "properties": { "P12_001": 10412, "P12_002": "唐松神社", "P12_003": "05", "P12_004": "05212", "P12_005": "‐", "P12_006": "大仙市協和境字下台84", "P12_007": 2 }, "geometry": { "type": "Polygon", "coordinates": [ [ [ 140.32045548555763, 39.61043887791908 ], [ 140.320530268030723, 39.610477893477238 ], [ 140.320598546683897, 39.610354340910327 ], [ 140.320774120098093, 39.61043237598593 ], [ 140.320900926938066, 39.610234038914058 ], [ 140.320767616897427, 39.610169011664027 ], [ 140.320741607810135, 39.610234038914058 ], [ 140.320419719811639, 39.610094230326496 ], [ 140.320396957990056, 39.610156005422169 ], [ 140.320351440539241, 39.610139749401519 ], [ 140.320312418858293, 39.610240542430915 ], [ 140.320484743768304, 39.610312073989661 ], [ 140.320435972859457, 39.61043237598593 ], [ 140.32045548555763, 39.61043887791908 ] ] ] } },
{ "type": "Feature", "properties": { "P12_001": 10428, "P12_002": "真木真昼県立自然公園", "P12_003": "05", "P12_004": "05212", "P12_005": "‐", "P12_006": "大仙市太田町太田", "P12_007": 1 }, "geometry": { "type": "Polygon", "coordinates": [ [ [ 140.694846586705182, 39.535671998891402 ], [ 140.694841655121678, 39.535539394613636 ], [ 140.694826880186611, 39.535407305834411 ], [ 140.694802321346515, 39.535276239341833 ], [ 140.694768070867354, 39.535146705883299 ], [ 140.694724261884488, 39.535019202744657 ], [ 140.694671065925917, 39.534894224836172 ], [ 140.694608685481313, 39.534772257565834 ], [ 140.694537364529083, 39.534653771296362 ], [ 140.694457376151604, 39.534539222928913 ], [ 140.694369034300763, 39.534429059862376 ], [ 140.694272675840182, 39.534323702572507 ], [ 140.69416867478742, 39.534223562824657 ], [ 140.694057436741133, 39.534129025461056 ], [ 140.693939388973092, 39.534040460278646 ], [ 140.693814989716827, 39.533958204608268 ], [ 140.693684719498322, 39.533882581527344 ], [ 140.693549082374432, 39.533813880063484 ], [ 140.693408601598321, 39.533752367072289 ], [ 140.693263822715608, 39.533698281694406 ], [ 140.693115306752674, 39.533651829812513 ], [ 140.692963625882243, 39.533613195929149 ], [ 140.69280936775786, 39.533582526537764 ], [ 140.692653129321542, 39.533559941208665 ], [ 140.692495513707712, 39.533545525462358 ], [ 140.692337133958517, 39.533539338688072 ], [ 140.692178600019929, 39.533541402265925 ], [ 140.692020527411046, 39.533551705901793 ], [ 140.691863524220139, 39.533570215545843 ], [ 140.691708201631627, 39.533596856763573 ], [ 140.691555158445311, 39.533631525029932 ], [ 140.691404986030136, 39.533674088104902 ], [ 140.691258267085715, 39.533724382866055 ], [ 140.691115569450119, 39.533782208181854 ], [ 140.690977444242037, 39.533847347875493 ], [ 140.690844425860831, 39.533919546177358 ], [ 140.690717028890361, 39.533998523562111 ], [ 140.690595746860566, 39.534083975956896 ], [ 140.69048104791267, 39.534175570782011 ], [ 140.690373377895554, 39.534272958036908 ], [ 140.690273149838589, 39.53437575367122 ], [ 140.690180755097998, 39.534483568091588 ], [ 140.69009654849512, 39.534595977654817 ], [ 140.690020856366573, 39.534712551591014 ], [ 140.689953973467965, 39.534832836166437 ], [ 140.689896157400824, 39.534956369728796 ], [ 140.689847631708801, 39.535082669245668 ], [ 140.689808583400776, 39.5352112485172 ], [ 140.689779164808357, 39.535341613424976 ], [ 140.689759488013038, 39.535473254805325 ], [ 140.689749629799849, 39.53560566349455 ], [ 140.689749629799849, 39.535738331912682 ], [ 140.689759488013038, 39.535870742185622 ], [ 140.689779164808357, 39.536002382774107 ], [ 140.689808583400776, 39.536132746890033 ], [ 140.689847631708801, 39.536261326161565 ], [ 140.689896157400824, 39.536387627262144 ], [ 140.689953973467965, 39.536511160824503 ], [ 140.690020856366573, 39.536631443816219 ], [ 140.69009654849512, 39.536748017752416 ], [ 140.690180755097998, 39.536860428107502 ], [ 140.690273149838589, 39.536968241736012 ], [ 140.690373377895554, 39.537071038954039 ], [ 140.69048104791267, 39.537168426208936 ], [ 140.690595746860566, 39.537260019450336 ], [ 140.690717028890361, 39.537345473428829 ], [ 140.690844425860831, 39.537424448438017 ], [ 140.690977444242037, 39.537496649115447 ], [ 140.691115569450119, 39.537561788017236 ], [ 140.691258267085715, 39.537619614124893 ], [ 140.691404986030136, 39.53766990730233 ], [ 140.691555158445311, 39.537712471169151 ], [ 140.691708201631627, 39.537747140227367 ], [ 140.691863524220139, 39.537773779861389 ], [ 140.692020527411046, 39.537792288713582 ], [ 140.692178600019929, 39.537802594725015 ], [ 140.692337133958517, 39.537804657511018 ], [ 140.692495513707712, 39.537798469944875 ], [ 140.692653129321542, 39.537784054990425 ], [ 140.69280936775786, 39.537761469661326 ], [ 140.692963625882243, 39.537730799478076 ], [ 140.693115306752674, 39.537692166386577 ], [ 140.693263822715608, 39.537645715296534 ], [ 140.693408601598321, 39.537591629918651 ], [ 140.693549082374432, 39.537530116927464 ], [ 140.693684719498322, 39.537461415463596 ], [ 140.693814989716827, 39.537385790007107 ], [ 140.693939388973092, 39.537303536712301 ], [ 140.694057436741133, 39.537214969946177 ], [ 140.69416867478742, 39.537120433374426 ], [ 140.694272675840182, 39.537020294418433 ], [ 140.694369034300763, 39.536914937128572 ], [ 140.694457376151604, 39.53680477247832 ], [ 140.694537364529083, 39.536690225694585 ], [ 140.694608685481313, 39.536571737841399 ], [ 140.694671065925917, 39.53644977057106 ], [ 140.694724261884488, 39.536324792662569 ], [ 140.694768070867354, 39.536197290315783 ], [ 140.694802321346515, 39.5360677560654 ], [ 140.694826880186611, 39.535936690364679 ], [ 140.694841655121678, 39.535804600793597 ], [ 140.694846586705182, 39.535671998891402 ] ] ] } },
{ "type": "Feature", "properties": { "P12_001": 10515, "P12_002": "玉川ダム・宝仙湖", "P12_003": "05", "P12_004": "05215", "P12_005": "‐", "P12_006": "仙北市田沢湖玉川字下水無", "P12_007": 1 }, "geometry": { "type": "Polygon", "coordinates": [ [ [ 140.683333332497767, 39.861519084304014 ], [ 140.683095360681165, 39.861432361771513 ], [ 140.682729001738153, 39.861291028860322 ], [ 140.682336472087655, 39.861129471144054 ], [ 140.682035526599805, 39.860937666095872 ], [ 140.681865444557133, 39.860806418268176 ], [ 140.68176074996174, 39.860685251564682 ], [ 140.681472917383559, 39.860473222503281 ], [ 140.681328971371215, 39.860352081139197 ], [ 140.681185055701377, 39.860200638596964 ], [ 140.681093443673177, 39.860008804250093 ], [ 140.680936442959194, 39.859827081909835 ], [ 140.680766362154969, 39.859615056015855 ], [ 140.680543943031978, 39.859433331300025 ], [ 140.680465443294224, 39.859322249680027 ], [ 140.680452360727031, 39.859170804762229 ], [ 140.680452360727031, 39.858989082421971 ], [ 140.680439249675061, 39.858888139731704 ], [ 140.680256082588244, 39.858847748718922 ], [ 140.680138332671987, 39.858837639087881 ], [ 140.679994389755819, 39.858837639087881 ], [ 140.67996822214451, 39.858948693784754 ], [ 140.679876638601115, 39.859059776196609 ], [ 140.679732721692773, 39.859069862071962 ], [ 140.679588777538157, 39.859049668149282 ], [ 140.679457943816232, 39.858989082421971 ], [ 140.679353250459343, 39.858787166159033 ], [ 140.679287833288754, 39.858736694813899 ], [ 140.679130832574799, 39.858716473968101 ], [ 140.679078499209879, 39.858676110670295 ], [ 140.678973805233738, 39.858605443818774 ], [ 140.678829888325396, 39.858605443818774 ], [ 140.678555111687331, 39.858635722824943 ], [ 140.678437333286297, 39.858615528110406 ], [ 140.678345778846904, 39.858605443818774 ], [ 140.678208361423856, 39.858519639839734 ], [ 140.678025194337039, 39.858378306136686 ], [ 140.677897027658105, 39.858333333442602 ], [ 140.677881249563171, 39.85832780628472 ], [ 140.677871083590446, 39.858325666688643 ], [ 140.677593389738689, 39.858267222141116 ], [ 140.677266279116452, 39.858156167444243 ], [ 140.676965334247853, 39.858065305878185 ], [ 140.67667750105042, 39.858055220794689 ], [ 140.676481221673185, 39.857964361604203 ], [ 140.676311111145708, 39.857722056704056 ], [ 140.676311111145708, 39.857530221565327 ], [ 140.676540610595936, 39.857202331238518 ], [ 140.676594499477886, 39.857119276585003 ], [ 140.676616443290726, 39.857040387888162 ], [ 140.676572556284327, 39.856995389062817 ], [ 140.676470334292276, 39.85696705643975 ], [ 140.676324222197678, 39.856978443335215 ], [ 140.676178110722304, 39.857023445327989 ], [ 140.675549778433634, 39.857338721381872 ], [ 140.675096999743687, 39.857513443711291 ], [ 140.675013388844405, 39.857516219959933 ], [ 140.674999999756153, 39.857516666566958 ], [ 140.674928944455502, 39.857519000167855 ], [ 140.674833944595377, 39.85747955542351 ], [ 140.674790611803843, 39.857440109887307 ], [ 140.674768667371808, 39.857383999732534 ], [ 140.674775888884483, 39.857299556162843 ], [ 140.674921999740633, 39.856944555839299 ], [ 140.674936722040769, 39.856922056822548 ], [ 140.674936722040769, 39.856775667116196 ], [ 140.674907277440497, 39.856685669465506 ], [ 140.674666442902833, 39.856420943150539 ], [ 140.674549499849121, 39.85629122123018 ], [ 140.67451283311695, 39.856206779244204 ], [ 140.674520332665907, 39.856099832698483 ], [ 140.674607832977074, 39.85590288929393 ], [ 140.674607860842627, 39.855739279085789 ], [ 140.674585916410564, 39.85564927826767 ], [ 140.674476471667361, 39.855390389518313 ], [ 140.674476471667361, 39.855193445321902 ], [ 140.674542028784941, 39.855035665552656 ], [ 140.674658971838625, 39.854900668284763 ], [ 140.674863695097486, 39.854742889307374 ], [ 140.674922028844662, 39.854658444153969 ], [ 140.674958694338358, 39.854557056440385 ], [ 140.674999999756153, 39.854490389255695 ], [ 140.675013416709959, 39.854468722480057 ], [ 140.675119276704663, 39.854297888957561 ], [ 140.675316499176063, 39.854078444160692 ], [ 140.675674556042168, 39.853712307168315 ], [ 140.675827889649469, 39.853515081862867 ], [ 140.675871777894343, 39.853430639085033 ], [ 140.675871777894343, 39.853278693713968 ], [ 140.675852890003767, 39.853213972912371 ], [ 140.675821499149492, 39.853170916510848 ], [ 140.675764833000812, 39.853165637995886 ], [ 140.675703721367682, 39.853177306000383 ], [ 140.675601499994883, 39.853244806218044 ], [ 140.675250943916183, 39.853503999832128 ], [ 140.67501344395626, 39.853665387299266 ], [ 140.674999999756153, 39.853674528489897 ], [ 140.674878167846089, 39.853757333708636 ], [ 140.674622612246765, 39.85396011151137 ], [ 140.674505667335353, 39.854112056090578 ], [ 140.674293694079068, 39.854461221224092 ], [ 140.674169805691264, 39.854590668370271 ], [ 140.674008972534978, 39.854731500828201 ], [ 140.673643692917693, 39.854968166126852 ], [ 140.673132555711192, 39.855356501230531 ], [ 140.67303033371914, 39.855452333279402 ], [ 140.672942832169525, 39.855598722985754 ], [ 140.67289144375647, 39.855716778485331 ], [ 140.672811167434929, 39.85581816778263 ], [ 140.672672278710735, 39.855958998656845 ], [ 140.672621165857009, 39.855998444984898 ], [ 140.67253366740357, 39.856026779983537 ], [ 140.672270609778309, 39.85604344381025 ], [ 140.672161167512058, 39.856094277825626 ], [ 140.671817805080508, 39.856268749928411 ], [ 140.671671694224358, 39.856308194672756 ], [ 140.67139419419297, 39.856336528087681 ], [ 140.671094473550966, 39.856325140400358 ], [ 140.670846138845093, 39.856274583534734 ], [ 140.670553916513569, 39.856173194237435 ], [ 140.670269473005789, 39.856082917061428 ], [ 140.669984472186968, 39.85600430551434 ], [ 140.669904193388504, 39.855942083019784 ], [ 140.669882250194917, 39.855880140050552 ], [ 140.66988947170762, 39.85580708337632 ], [ 140.67007200036366, 39.855446526596204 ], [ 140.67007200036366, 39.855232639047756 ], [ 140.67002839077432, 39.855086249341404 ], [ 140.669911445243685, 39.854770692178491 ], [ 140.669911445243685, 39.854596529691563 ], [ 140.669984500052522, 39.854450139985211 ], [ 140.670042833180446, 39.854376805369377 ], [ 140.670123388776744, 39.854247361390627 ], [ 140.670167278879291, 39.854123470701012 ], [ 140.670187001497993, 39.854044862321352 ], [ 140.6701192219478, 39.853947360247275 ], [ 140.669962555620458, 39.854061528523637 ], [ 140.669699777269983, 39.854269860407371 ], [ 140.669633943973821, 39.854281249678401 ], [ 140.669480611604996, 39.854281249678401 ], [ 140.669421999202314, 39.854303750278859 ], [ 140.669348944393477, 39.85435986122549 ], [ 140.669290611265524, 39.854433194257609 ], [ 140.669275890203863, 39.854787637906092 ], [ 140.669224777350138, 39.854945416883474 ], [ 140.669202806910249, 39.855328472680341 ], [ 140.669173639107811, 39.855401527770859 ], [ 140.669042251171021, 39.855564861621097 ], [ 140.668801139216299, 39.855779027111147 ], [ 140.668684193685664, 39.855930971690363 ], [ 140.668581971693641, 39.856173194237435 ], [ 140.668435859599015, 39.856392639034311 ], [ 140.668289721496564, 39.856527917411235 ], [ 140.668092499644416, 39.856629305124819 ], [ 140.668005001190977, 39.856651804933421 ], [ 140.667844166796215, 39.856651804933421 ], [ 140.66775638968727, 39.856623748668248 ], [ 140.667574166933065, 39.856460416401717 ], [ 140.667486388585615, 39.85631375033747 ], [ 140.6673988888937, 39.85618430635872 ], [ 140.667084749995695, 39.855722638222915 ], [ 140.667018917318785, 39.855666250918389 ], [ 140.666967805703536, 39.855654862439216 ], [ 140.666680000371684, 39.855650557907666 ], [ 140.66666666701451, 39.85565036073541 ], [ 140.666595279184946, 39.855649305190788 ], [ 140.666515000386482, 39.855626806174044 ], [ 140.666434443551736, 39.855576251683985 ], [ 140.666383611211245, 39.855497362195294 ], [ 140.66632502729334, 39.855356528945507 ], [ 140.666281138429241, 39.855305723436963 ], [ 140.666164472173364, 39.855232666762731 ], [ 140.666010860529781, 39.855204610497559 ], [ 140.665901417025054, 39.855198779266814 ], [ 140.665813638677605, 39.855176279458213 ], [ 140.665726418260448, 39.855119888986259 ], [ 140.66568252753865, 39.855080720599808 ], [ 140.66561669300404, 39.854967944407051 ], [ 140.665551139601888, 39.85482711115727 ], [ 140.66545613912254, 39.854748223252287 ], [ 140.665266138783068, 39.854618776106108 ], [ 140.665134472809996, 39.854444055360403 ], [ 140.66503975036693, 39.854230167811963 ], [ 140.665017806554118, 39.854123221266242 ], [ 140.665025028066793, 39.853971276687027 ], [ 140.665076139682043, 39.853875723371623 ], [ 140.665171139542167, 39.853785444611901 ], [ 140.66525891665114, 39.853734889329985 ], [ 140.665405027507262, 39.853689887337211 ], [ 140.665609472729813, 39.853650417253462 ], [ 140.665748084656229, 39.85363347152586 ], [ 140.665879750629273, 39.853594028365222 ], [ 140.665974778354951, 39.853549026372455 ], [ 140.666230332715827, 39.853385694897781 ], [ 140.666427557044926, 39.853284307184197 ], [ 140.666522278249516, 39.853205416903648 ], [ 140.666558943743212, 39.853149028015416 ], [ 140.666566443292197, 39.85313069416349 ], [ 140.66660255704798, 39.853042083053403 ], [ 140.666653666186278, 39.852991527771493 ], [ 140.66666666701451, 39.852989388175416 ], [ 140.666680054864315, 39.852987168601842 ], [ 140.666685610636193, 39.852986250048382 ], [ 140.666719500101664, 39.852991527771493 ], [ 140.666745055909303, 39.853005418516986 ], [ 140.666781444605192, 39.853061527879902 ], [ 140.666808388117317, 39.853101528507459 ], [ 140.666840332567233, 39.853122916549637 ], [ 140.666881166128348, 39.853134028670915 ], [ 140.666917555443462, 39.853122081932959 ], [ 140.66693672137032, 39.853091251002859 ], [ 140.66694255579776, 39.853054306149261 ], [ 140.666930888181383, 39.852805691737075 ], [ 140.666938667005127, 39.852743472409948 ], [ 140.667018943326639, 39.852597082703596 ], [ 140.667099498922909, 39.852490138533447 ], [ 140.667157861154863, 39.852310140064631 ], [ 140.667252862253463, 39.852180418144272 ], [ 140.667479248192649, 39.851955138949229 ], [ 140.66772758289855, 39.8516681939347 ], [ 140.667888417293284, 39.851431805785793 ], [ 140.667975916985171, 39.851274026016554 ], [ 140.66809288852366, 39.850986807019694 ], [ 140.668136777387758, 39.850834861648629 ], [ 140.668136777387758, 39.850665694983924 ], [ 140.668078444259834, 39.850451805851769 ], [ 140.667917887901382, 39.850102637550826 ], [ 140.667897388143416, 39.849999998704085 ], [ 140.667687972325552, 39.849999998704085 ], [ 140.667683999936287, 39.850006806293813 ], [ 140.667574555193085, 39.85036180503365 ], [ 140.667494278871573, 39.850479862116934 ], [ 140.667333444476839, 39.850609584037294 ], [ 140.66727511196811, 39.850705138144555 ], [ 140.667238416751161, 39.850829027250455 ], [ 140.667202028674495, 39.851110695333738 ], [ 140.667143416271813, 39.851240139312488 ], [ 140.667012027096547, 39.851375416897561 ], [ 140.666680082729869, 39.851620833793476 ], [ 140.66666666701451, 39.851630751795263 ], [ 140.666661472875575, 39.851634581212956 ], [ 140.666537305213012, 39.851707359153721 ], [ 140.666332583192656, 39.851774860955096 ], [ 140.666267027313552, 39.851848192403509 ], [ 140.666215889071225, 39.851989029612575 ], [ 140.666142833023912, 39.852062084703093 ], [ 140.666033111482903, 39.852095972990867 ], [ 140.665930889490852, 39.852146528272783 ], [ 140.665718944719345, 39.852281805857857 ], [ 140.665616721488817, 39.852276250193142 ], [ 140.665572832005495, 39.852264863297677 ], [ 140.665375888808853, 39.852095972990867 ], [ 140.665361166508717, 39.852084860869589 ], [ 140.665244221597334, 39.852084860869589 ], [ 140.665193111220532, 39.852135416151505 ], [ 140.665120055792471, 39.852343748827089 ], [ 140.665076166928372, 39.852540971756966 ], [ 140.665017832561972, 39.852692944843007 ], [ 140.664952000504286, 39.852805722619479 ], [ 140.664856998167238, 39.852873221253425 ], [ 140.664732832981599, 39.852935166598229 ], [ 140.664433360033399, 39.85316044262585 ], [ 140.664163082133911, 39.853289888980171 ], [ 140.6639805825819, 39.853357667931299 ], [ 140.663739749901936, 39.853425167357102 ], [ 140.663403638706313, 39.853543222856679 ], [ 140.66311141637479, 39.853610999432235 ], [ 140.66304558184018, 39.853622111553513 ], [ 140.662811971911367, 39.853667110378858 ], [ 140.662673359984979, 39.853684056106459 ], [ 140.66245416707369, 39.853689612563031 ], [ 140.662388333158304, 39.853678222500143 ], [ 140.662366388726241, 39.853661556297858 ], [ 140.662366388726241, 39.853633498448978 ], [ 140.662468639822293, 39.853543222856679 ], [ 140.662505028518183, 39.85345322203856 ], [ 140.66254891738231, 39.853256280217714 ], [ 140.662636693252779, 39.853075999848016 ], [ 140.662709749300092, 39.852946277927657 ], [ 140.662753638783443, 39.852783220435306 ], [ 140.662753638783443, 39.852574611401828 ], [ 140.662797249611231, 39.852473223688243 ], [ 140.662863083526616, 39.852394334199552 ], [ 140.66308225043008, 39.852287390821253 ], [ 140.663104194242891, 39.852287390821253 ], [ 140.663250332964566, 39.852219888228028 ], [ 140.66327950014778, 39.852185999940247 ], [ 140.663272278015853, 39.852141001114902 ], [ 140.663104222108444, 39.852011557136152 ], [ 140.663089499808308, 39.851977666472806 ], [ 140.663096999357265, 39.851910166255145 ], [ 140.66318450090688, 39.851814334206274 ], [ 140.663236167356246, 39.851777389352677 ], [ 140.663483943512631, 39.851600445074119 ], [ 140.663893110755538, 39.851335721926581 ], [ 140.664002833535022, 39.851217668010719 ], [ 140.664068387556398, 39.851121832794426 ], [ 140.664112277039749, 39.851026278687158 ], [ 140.664214528135801, 39.850564307270346 ], [ 140.664199805216441, 39.850440416580732 ], [ 140.664105082773375, 39.850463222045917 ], [ 140.663966192810676, 39.850716555130568 ], [ 140.663900361372242, 39.850829056549145 ], [ 140.663739777148237, 39.850986833150955 ], [ 140.663637556394661, 39.851054332576766 ], [ 140.663513111315069, 39.851054332576766 ], [ 140.663337833275705, 39.850930444262723 ], [ 140.663257554477269, 39.85094183432561 ], [ 140.663221167019827, 39.850975443088068 ], [ 140.663213944887929, 39.851155722665915 ], [ 140.66318450090688, 39.851200722283117 ], [ 140.663089499808308, 39.851234334212997 ], [ 140.662899778124341, 39.85128516822838 ], [ 140.662768110912822, 39.851279333038349 ], [ 140.662702556272194, 39.851262388894455 ], [ 140.66266588892077, 39.851239887502146 ], [ 140.662585610122335, 39.851150167001201 ], [ 140.66244700067287, 39.850924888598009 ], [ 140.662373943387081, 39.850789610221085 ], [ 140.662300889197496, 39.850801000283973 ], [ 140.662337554691192, 39.850969890590783 ], [ 140.662337554691192, 39.851256833229748 ], [ 140.662308110710171, 39.851420167079986 ], [ 140.662205582816284, 39.851752389653328 ], [ 140.662074194260299, 39.851910166255145 ], [ 140.662037526908875, 39.852062111626211 ], [ 140.661993917319535, 39.852107388393165 ], [ 140.661935304916824, 39.852135444658337 ], [ 140.661745860649944, 39.852135444658337 ], [ 140.661577805980983, 39.852067946024384 ], [ 140.66149002701431, 39.852000167073264 ], [ 140.661387805022287, 39.851819889870988 ], [ 140.661358639077548, 39.851814334206274 ], [ 140.661329470655858, 39.851842666829342 ], [ 140.661292805162162, 39.851989056535693 ], [ 140.661219750353325, 39.852129887409909 ], [ 140.661256417704749, 39.852214332563314 ], [ 140.661365860590223, 39.852304333381433 ], [ 140.661701971785845, 39.852411277551582 ], [ 140.661789194679926, 39.85246210998325 ], [ 140.661855028595312, 39.852518500455197 ], [ 140.661876971788899, 39.852586000672858 ], [ 140.661862248869539, 39.85264238956109 ], [ 140.661789194679926, 39.852698498924006 ], [ 140.66158502625521, 39.85276044426881 ], [ 140.661511972684821, 39.852811278284193 ], [ 140.661416972205473, 39.852929610141665 ], [ 140.661329470655858, 39.852991555486469 ], [ 140.661227222655981, 39.853025167416348 ], [ 140.66105916612932, 39.853019608584212 ], [ 140.66078888822986, 39.852907111916771 ], [ 140.660628056312049, 39.852861834357967 ], [ 140.660489167587855, 39.852839332965651 ], [ 140.659961666490545, 39.852835471873696 ], [ 140.659729443646995, 39.852833805807769 ], [ 140.659554167465359, 39.852805751126311 ], [ 140.659459443783817, 39.852799917519988 ], [ 140.659451943615608, 39.852788806982424 ], [ 140.659232778569873, 39.852737972967041 ], [ 140.658984721900282, 39.852636582086035 ], [ 140.658802221729019, 39.852529636332171 ], [ 140.658393055105336, 39.852247972208175 ], [ 140.65834666763007, 39.852211332219298 ], [ 140.65833333303442, 39.852200806071778 ], [ 140.65810083277384, 39.852017137348412 ], [ 140.6580205564523, 39.851977692604066 ], [ 140.657728888954921, 39.851844359818386 ], [ 140.657253610998794, 39.851656860093613 ], [ 140.657115000310853, 39.851611583326658 ], [ 140.656815554608954, 39.851566583709456 ], [ 140.656201942762721, 39.851499081908088 ], [ 140.655968332833908, 39.851504639156509 ], [ 140.655763610813551, 39.851555473963749 ], [ 140.655478611852431, 39.851690472023499 ], [ 140.6551646952596, 39.851876306474196 ], [ 140.654996638113715, 39.851966582066495 ], [ 140.654916360553727, 39.85200019162081 ], [ 140.654777472448728, 39.852039637157013 ], [ 140.654609417779767, 39.852034084659728 ], [ 140.654543861281439, 39.851994638331668 ], [ 140.65444913821915, 39.851876333397314 ], [ 140.654405249355051, 39.851774944100022 ], [ 140.654390528293391, 39.851684944865617 ], [ 140.654427193787114, 39.851499081908088 ], [ 140.654470833099708, 39.851363805906729 ], [ 140.654478332648665, 39.851222973448799 ], [ 140.654434444403819, 39.851099083551048 ], [ 140.654412499971755, 39.850975194445148 ], [ 140.654405277839828, 39.850783806705309 ], [ 140.654295555679596, 39.850412416537374 ], [ 140.654295555679596, 39.850192694590753 ], [ 140.654317500730883, 39.850108250229198 ], [ 140.654311194446763, 39.849999998704085 ], [ 140.654310749836412, 39.849992415886909 ], [ 140.654310277979732, 39.849984361915162 ], [ 140.654273888664591, 39.84983797220881 ], [ 140.65425916760293, 39.849680192439564 ], [ 140.654193333068321, 39.849449360747229 ], [ 140.654105860622735, 39.849207138992007 ], [ 140.654054751484409, 39.848874916418666 ], [ 140.654098361692974, 39.848751028896487 ], [ 140.65422252811706, 39.848627138998737 ], [ 140.654536693642171, 39.848497695019979 ], [ 140.654785028967268, 39.848429916860717 ], [ 140.65488669364828, 39.848412693191506 ], [ 140.654982250819444, 39.848396307306402 ], [ 140.655062806415714, 39.848334361169741 ], [ 140.655055306866757, 39.848289360760681 ], [ 140.655011416764182, 39.848249917600043 ], [ 140.654872804837765, 39.848165472446638 ], [ 140.654821694460992, 39.848114640014977 ], [ 140.654821694460992, 39.848013251509535 ], [ 140.654894750508305, 39.847946027649769 ], [ 140.654938361955345, 39.847923527049311 ], [ 140.654953110882559, 39.847867138952935 ], [ 140.654931167069748, 39.847833249873297 ], [ 140.65482894383922, 39.847782692215816 ], [ 140.654668388100021, 39.847748804719892 ], [ 140.654551416561532, 39.847703805894547 ], [ 140.654470888211563, 39.847647417006314 ], [ 140.6544417235053, 39.847619360741142 ], [ 140.654427277383746, 39.847579917580511 ], [ 140.654420057109547, 39.847388529048807 ], [ 140.654368667457987, 39.847303805161943 ], [ 140.654274221812756, 39.847185750454223 ], [ 140.654098666356361, 39.847027973852406 ], [ 140.653989222851635, 39.846966027715744 ], [ 140.653843110757009, 39.846988528316203 ], [ 140.653704222032815, 39.846988528316203 ], [ 140.653609221553438, 39.846926582971399 ], [ 140.653572832857549, 39.846859084337446 ], [ 140.653558111176665, 39.846628249477689 ], [ 140.653470610865526, 39.846526861764112 ], [ 140.6534195017272, 39.846431026547812 ], [ 140.653353666573338, 39.846166306567703 ], [ 140.653251443962091, 39.846104360431042 ], [ 140.653185610046705, 39.846126860239643 ], [ 140.653120056644525, 39.846183249127876 ], [ 140.653032278916328, 39.846352139434693 ], [ 140.652944500568907, 39.846537972301675 ], [ 140.652922557375319, 39.846571860589457 ], [ 140.652813110155193, 39.846645193621576 ], [ 140.652674221430971, 39.846645193621576 ], [ 140.652557277758035, 39.846577416254163 ], [ 140.652389501125384, 39.846425470883098 ], [ 140.652301721539459, 39.846279084344175 ], [ 140.652141442598065, 39.845901581836451 ], [ 140.652016999995396, 39.845698805617431 ], [ 140.651995333599643, 39.845507417085734 ], [ 140.651936723673884, 39.845422971932329 ], [ 140.651710332780823, 39.845186609122834 ], [ 140.651520333679798, 39.844933278413755 ], [ 140.651498667284045, 39.844876889525516 ], [ 140.651505888796748, 39.844786888707397 ], [ 140.651659222404021, 39.84459547087701 ], [ 140.651659222404021, 39.844544638445349 ], [ 140.651622554433374, 39.844516583763891 ], [ 140.651505888796748, 39.844477167526371 ], [ 140.651315889695724, 39.84445466771777 ], [ 140.651257556567799, 39.844437721990168 ], [ 140.651213666465225, 39.844392722372966 ], [ 140.651220889835599, 39.844336331109162 ], [ 140.651345056878938, 39.844139111346713 ], [ 140.651359778559822, 39.844077166793767 ], [ 140.651323111208427, 39.844037720465707 ], [ 140.651264778080474, 39.84401522224082 ], [ 140.651133387666761, 39.844037720465707 ], [ 140.651045611796263, 39.844054666193308 ], [ 140.650965332997799, 39.844049110528594 ], [ 140.650819220903202, 39.84394772281501 ], [ 140.650644222138624, 39.843795778235801 ], [ 140.650520055095285, 39.843733555741245 ], [ 140.650118110603529, 39.84356466701815 ], [ 140.650013390000311, 39.843483860445041 ], [ 140.649999999673582, 39.843473529094197 ], [ 140.649957556722029, 39.843440779495964 ], [ 140.649862555623429, 39.843288833333041 ], [ 140.649764500460321, 39.84309188913663 ], [ 140.649658138885684, 39.842877722062866 ], [ 140.649541193355049, 39.842714389004477 ], [ 140.649365917173384, 39.84248355731215 ], [ 140.649278139445187, 39.842388000829317 ], [ 140.649227029068413, 39.842275499410739 ], [ 140.649161193914551, 39.842066887209832 ], [ 140.649161193914551, 39.841757167612521 ], [ 140.649183028122877, 39.841666667132991 ], [ 140.649184861056966, 39.841659109655225 ], [ 140.649197861885199, 39.841605222241455 ], [ 140.649248971023525, 39.841503832944156 ], [ 140.649292861126099, 39.841447444055923 ], [ 140.649460640235702, 39.841318000077173 ], [ 140.649599528959925, 39.841256055524219 ], [ 140.649818694624884, 39.841194110179416 ], [ 140.649950390321209, 39.841171610370814 ], [ 140.649986777778622, 39.841137722874898 ], [ 140.649979555027471, 39.841098278922409 ], [ 140.649774833007115, 39.840963278487088 ], [ 140.649731222798522, 39.840917998552705 ], [ 140.649716499879162, 39.840833554191157 ], [ 140.649738443072749, 39.840709667460828 ], [ 140.649898999431201, 39.840309945461684 ], [ 140.649901777936378, 39.84028994475198 ], [ 140.649885110620687, 39.840265221410519 ], [ 140.649862610735312, 39.840257721738269 ], [ 140.649819555980059, 39.84025661155556 ], [ 140.649782056377489, 39.840264665527307 ], [ 140.649650944000058, 39.840326888021863 ], [ 140.649387888851777, 39.840501333993387 ], [ 140.649176221497299, 39.840602721706965 ], [ 140.649015388960265, 39.840647721324167 ], [ 140.648883971919474, 39.840676054739092 ], [ 140.648606472507311, 39.840692723316941 ], [ 140.648504249896035, 39.840704111004264 ], [ 140.648350638871705, 39.840698556923265 ], [ 140.648248416879653, 39.840659110595205 ], [ 140.648065917327614, 39.840529666616447 ], [ 140.647729804893544, 39.840174666292903 ], [ 140.647663972216634, 39.840118278988378 ], [ 140.647372027921421, 39.839763555814578 ], [ 140.647313722039797, 39.839662166517286 ], [ 140.647116500806874, 39.839200499965195 ], [ 140.647021500946749, 39.839070778044835 ], [ 140.646853444420088, 39.838913555742515 ], [ 140.646692890538588, 39.838665778322586 ], [ 140.646656221329465, 39.838614942723488 ], [ 140.646327610921276, 39.838322166478207 ], [ 140.64623261106118, 39.838209388701742 ], [ 140.646174277933227, 39.838085500387699 ], [ 140.646130389069128, 39.838023555834752 ], [ 140.646079277453879, 39.83786605559083 ], [ 140.646006221406566, 39.83779827663971 ], [ 140.645258168178259, 39.837502721770214 ], [ 140.645137055199484, 39.837454945112512 ], [ 140.644677054996833, 39.837235222374034 ], [ 140.644582055755961, 39.837178831110229 ], [ 140.644202056315464, 39.836987444954097 ], [ 140.643975666660879, 39.836857997807918 ], [ 140.643640111537849, 39.836638306743701 ], [ 140.643501220336674, 39.836497470326492 ], [ 140.643340388418892, 39.83630608417036 ], [ 140.643145943214193, 39.83610886203234 ], [ 140.643167888884733, 39.836049972461495 ], [ 140.643121500790187, 39.835913862635316 ], [ 140.643043999258452, 39.8357441400874 ], [ 140.642951221211717, 39.835457748580509 ], [ 140.642911221759476, 39.83537413883564 ], [ 140.642802888542207, 39.835154417680876 ], [ 140.642759582997002, 39.834972748394996 ], [ 140.642765692983744, 39.83484136040871 ], [ 140.642783470586892, 39.834773862566621 ], [ 140.642827638725748, 39.834698305209784 ], [ 140.642883472623254, 39.834636082715228 ], [ 140.642988471262782, 39.834569140756351 ], [ 140.643232917795274, 39.834466609602082 ], [ 140.64340263944348, 39.834421332835134 ], [ 140.64361624933656, 39.834390221587853 ], [ 140.643827639273979, 39.834375220659645 ], [ 140.644018471245374, 39.834368557979644 ], [ 140.644120694475873, 39.834354389292542 ], [ 140.644272361103901, 39.834311333682876 ], [ 140.644371249137436, 39.834263556233317 ], [ 140.644365139150665, 39.83423022224504 ], [ 140.64432180635913, 39.834213278101153 ], [ 140.64424458348293, 39.834206057162362 ], [ 140.644068195156109, 39.834177444222121 ], [ 140.643823471206588, 39.834112999778426 ], [ 140.643690416909777, 39.834112999778426 ], [ 140.643480139736766, 39.834163278702448 ], [ 140.643306527438199, 39.834186054868944 ], [ 140.6430868063199, 39.834199667672834 ], [ 140.642842082989574, 39.834180526919205 ], [ 140.642567361463392, 39.834168582556813 ], [ 140.642418194685007, 39.834147192139071 ], [ 140.642303472825432, 39.834096917966193 ], [ 140.642189029621392, 39.834006361264855 ], [ 140.642144582827029, 39.833928305600985 ], [ 140.642127361296474, 39.833843861239437 ], [ 140.642146250425526, 39.833633305030993 ], [ 140.642101250035495, 39.833545250595982 ], [ 140.642059305567727, 39.833468859414324 ], [ 140.642032915651214, 39.833387192885127 ], [ 140.642022195463653, 39.833333332394474 ], [ 140.641666668170416, 39.833333332394474 ], [ 140.641666668170416, 39.832922831645604 ], [ 140.641635694060966, 39.832895528435898 ], [ 140.641545693280932, 39.832759418609719 ], [ 140.641502639764155, 39.832644694450146 ], [ 140.641480972129926, 39.832510805781254 ], [ 140.641496250502627, 39.832401082986891 ], [ 140.641620722209325, 39.831849973083607 ], [ 140.640732721985046, 39.831256027706743 ], [ 140.638709332401703, 39.829849971796129 ], [ 140.638597944500674, 39.829916917714293 ], [ 140.638401278101838, 39.829974138843632 ], [ 140.637979305708797, 39.830020806902333 ], [ 140.637796528120475, 39.830074417166358 ], [ 140.637638471611695, 39.83015302792159 ], [ 140.637551805409402, 39.830251082711456 ], [ 140.637471249813132, 39.830387195705057 ], [ 140.637424861718614, 39.830468304767329 ], [ 140.637369027821109, 39.830528026579273 ], [ 140.637316528501344, 39.830554416778519 ], [ 140.637235971666598, 39.830563862042013 ], [ 140.637167916557075, 39.830549693354911 ], [ 140.637099860209076, 39.830520804848632 ], [ 140.636744307527266, 39.830314139030833 ], [ 140.635845971660018, 39.829811389383437 ], [ 140.63579402717437, 39.829820833063224 ], [ 140.635766250172594, 39.829859166041139 ], [ 140.6357754160816, 39.829923611276698 ], [ 140.63595458291357, 39.830530277035251 ], [ 140.635984583586406, 39.830707501630989 ], [ 140.636010140013269, 39.830846388497669 ], [ 140.636015111847058, 39.831026387758335 ], [ 140.635984555101629, 39.831196390623425 ], [ 140.635939001115986, 39.831239444649384 ], [ 140.635863165944244, 39.831282220733733 ], [ 140.635764277910738, 39.83135277751721 ], [ 140.635728721466023, 39.831409442763338 ], [ 140.635741499989052, 39.83147194399136 ], [ 140.63582511026911, 39.831532778361591 ], [ 140.635959277949524, 39.831599167604679 ], [ 140.636108722144968, 39.831657779233915 ], [ 140.636230389957859, 39.831714442896335 ], [ 140.636404832030621, 39.831826110490084 ], [ 140.636660665666255, 39.83203527857421 ], [ 140.63676705572567, 39.832156666205641 ], [ 140.636843167695218, 39.832240833417444 ], [ 140.636888722919338, 39.832332498717776 ], [ 140.636893721999428, 39.832422499535895 ], [ 140.636875943157833, 39.832477220774486 ], [ 140.636830389791413, 39.832524167566653 ], [ 140.636751778591446, 39.832563332785675 ], [ 140.636668167692164, 39.832569167183856 ], [ 140.63653872291323, 39.832545832758576 ], [ 140.636432332853815, 39.832514443569693 ], [ 140.636330944970638, 39.832477220774486 ], [ 140.636270388171624, 39.83248111116513 ], [ 140.63624233375279, 39.83250666674769 ], [ 140.636217056600714, 39.832596667565809 ], [ 140.636191776971657, 39.832680555252288 ], [ 140.636135945551075, 39.832796111652975 ], [ 140.636044277791768, 39.832917500076263 ], [ 140.635778139474922, 39.833126668160382 ], [ 140.635586194119895, 39.833246386558464 ], [ 140.635344807225067, 39.833316111892692 ], [ 140.635262000092155, 39.833325832722224 ], [ 140.635198110573072, 39.833333332394474 ], [ 140.635143693484082, 39.833339723467724 ], [ 140.634837305544266, 39.833345554698475 ], [ 140.634608693457068, 39.833345554698475 ], [ 140.634492694735968, 39.833333332394474 ], [ 140.63334505568011, 39.833333332394474 ], [ 140.63334675114416, 39.833334639749438 ], [ 140.633424528235253, 39.833394722647924 ], [ 140.63351841780792, 39.833480832283541 ], [ 140.633591749414563, 39.83357083310166 ], [ 140.633665084117382, 39.833658333237175 ], [ 140.633700639323649, 39.833718888873946 ], [ 140.633751194247083, 39.833787499274322 ], [ 140.63380202782605, 39.833828610876452 ], [ 140.633882028588232, 39.833867501321294 ], [ 140.634019805786522, 39.833924168151142 ], [ 140.634115639755521, 39.83397444549145 ], [ 140.634184527735442, 39.834016389334685 ], [ 140.634263138935381, 39.834100278604879 ], [ 140.634321472063334, 39.834210000607385 ], [ 140.634341749516125, 39.834245000661589 ], [ 140.634378138831238, 39.834256109615445 ], [ 140.634420360716092, 39.834258611089908 ], [ 140.634503972853821, 39.834237223047737 ], [ 140.634569527494449, 39.834211943031207 ], [ 140.634680917253206, 39.834180555426038 ], [ 140.634795083040189, 39.834159168175717 ], [ 140.634968972755786, 39.834160278358432 ], [ 140.635056193792195, 39.834159168175717 ], [ 140.63528619544158, 39.834204999242175 ], [ 140.635465639071384, 39.834264722637833 ], [ 140.635622860232843, 39.834325557008071 ], [ 140.635812860572315, 39.834407498311442 ], [ 140.6359100841035, 39.834460557443393 ], [ 140.636009528209598, 39.834575832735041 ], [ 140.636085084106554, 39.834726667923391 ], [ 140.636121194146938, 39.834871110454785 ], [ 140.636154805576098, 39.834938888614055 ], [ 140.636377860033718, 39.835153332045714 ], [ 140.636530360770621, 39.835318888636948 ], [ 140.636635083231539, 39.835440830567883 ], [ 140.63675952831116, 39.835619444079803 ], [ 140.636800611423752, 39.835701666492206 ], [ 140.636828111008469, 39.835778334031758 ], [ 140.63684338938117, 39.835848612081776 ], [ 140.636857278191655, 39.83593972308261 ], [ 140.636827278138071, 39.836108888955458 ], [ 140.636898111752771, 39.836244167332389 ], [ 140.636832555873667, 39.836458057256401 ], [ 140.63674477814547, 39.836626944395782 ], [ 140.636642556772671, 39.836728332109367 ], [ 140.636560609756486, 39.836776942591889 ], [ 140.636515610604931, 39.836794721352454 ], [ 140.636461721722952, 39.836799443984205 ], [ 140.636379499766662, 39.836792500195173 ], [ 140.63629033433395, 39.836780833774384 ], [ 140.636219221444492, 39.836776942591889 ], [ 140.636202555986529, 39.83679055539578 ], [ 140.636192832766483, 39.836806111415342 ], [ 140.636203111439869, 39.836824999566772 ], [ 140.636241445151313, 39.836858057197155 ], [ 140.636261723223328, 39.83688111209711 ], [ 140.636288111901337, 39.836912223344385 ], [ 140.636306444338572, 39.836942221241522 ], [ 140.636335610283311, 39.837004165794475 ], [ 140.636321166638709, 39.837150555500827 ], [ 140.636379499766662, 39.837296942831607 ], [ 140.636379499766662, 39.837415277856508 ], [ 140.636328360905082, 39.837471388803131 ], [ 140.636240582557662, 39.837522221234799 ], [ 140.636182250048932, 39.837544723418972 ], [ 140.636007250665131, 39.837584166579603 ], [ 140.635773360223084, 39.837623608948384 ], [ 140.635693082663096, 39.837640554675986 ], [ 140.635605583590404, 39.837691111541609 ], [ 140.635605583590404, 39.837753056094556 ], [ 140.635736972146418, 39.837831945583254 ], [ 140.635861138570505, 39.837905279407231 ], [ 140.63594863826242, 39.837989722185071 ], [ 140.635999749877669, 39.83807972300319 ], [ 140.635999749877669, 39.838181110716768 ], [ 140.635919471698458, 39.838327500423119 ], [ 140.635810028193731, 39.838445832280591 ], [ 140.635707806820932, 39.838513333290109 ], [ 140.635437528302219, 39.838648610875182 ], [ 140.635283917897112, 39.838783611310504 ], [ 140.635138084458021, 39.838873888486518 ], [ 140.634926110582484, 39.838963889304637 ], [ 140.634670555602384, 39.839014721736298 ], [ 140.634436666398813, 39.839048331290613 ], [ 140.634356388838825, 39.839065278601929 ], [ 140.63407138925848, 39.839065305525047 ], [ 140.633581943217109, 39.838941418002861 ], [ 140.633421111299299, 39.838935859170725 ], [ 140.633346666928247, 39.838950251953193 ], [ 140.633333332951878, 39.838952804898327 ], [ 140.633216945351506, 39.838975304706928 ], [ 140.632976110194591, 39.838986416828213 ], [ 140.632296667529147, 39.838946970500153 ], [ 140.63198249952714, 39.838907806072982 ], [ 140.631821944407136, 39.838918638668943 ], [ 140.631595277335492, 39.838991693759461 ], [ 140.631288582874589, 39.839115860806963 ], [ 140.631127750956807, 39.839160862799737 ], [ 140.63085025092542, 39.839205861625082 ], [ 140.630550805842745, 39.839211418081646 ], [ 140.630375804601215, 39.839200305960368 ], [ 140.630251361379322, 39.83917780535991 ], [ 140.630098027772021, 39.839143917072136 ], [ 140.62979274950041, 39.838991418193423 ], [ 140.629753306739985, 39.839057249177728 ], [ 140.629827749872561, 39.839149472736842 ], [ 140.629988584267295, 39.839312805795231 ], [ 140.630127472991518, 39.839419750757237 ], [ 140.630295249004945, 39.839481973251793 ], [ 140.630463028114548, 39.839521138470822 ], [ 140.630879416870158, 39.839628362958145 ], [ 140.631631916821362, 39.839814195825134 ], [ 140.631989693793486, 39.839825307946413 ], [ 140.63216497183285, 39.839847806963164 ], [ 140.632238029118611, 39.839876138002509 ], [ 140.632311083927448, 39.839971694485342 ], [ 140.632398861036421, 39.840033639830146 ], [ 140.632471917083706, 39.840033639830146 ], [ 140.632756917283302, 39.839831417910631 ], [ 140.63288830645854, 39.83978613718439 ], [ 140.633056388993054, 39.839780583895248 ], [ 140.633180277380859, 39.839808638576706 ], [ 140.633333332951878, 39.839868721475192 ], [ 140.633346666928247, 39.839873972275178 ], [ 140.633611110400295, 39.839977806033268 ], [ 140.633757222494921, 39.840005861506583 ], [ 140.634159167605901, 39.840022808026042 ], [ 140.6343636103515, 39.840039751378072 ], [ 140.634736110243011, 39.840090278945013 ], [ 140.634948055014547, 39.840101665840479 ], [ 140.635065000545183, 39.840095831442298 ], [ 140.635356944221172, 39.840067778344554 ], [ 140.635422776898082, 39.840062221096133 ], [ 140.6355830564587, 39.840079166823735 ], [ 140.635714721193295, 39.8401127771699 ], [ 140.635809721672643, 39.840174724098418 ], [ 140.635838888855858, 39.840225556530086 ], [ 140.635824167794198, 39.840293054372175 ], [ 140.635824167794198, 39.840394443669474 ], [ 140.635868057277548, 39.840444998951391 ], [ 140.635941110847909, 39.840495834550481 ], [ 140.635992222463159, 39.840506943504337 ], [ 140.636306389226718, 39.840523889231939 ], [ 140.636430555650804, 39.84056333239257 ], [ 140.63653277826208, 39.840659166817005 ], [ 140.636569443136551, 39.840743611970417 ], [ 140.636576667126178, 39.841092777103931 ], [ 140.636627777502952, 39.841239166810283 ], [ 140.63673722348463, 39.841436388156446 ], [ 140.636938139070537, 39.841659167460747 ], [ 140.636944888726561, 39.841666667132991 ], [ 140.637102499386515, 39.841841389462409 ], [ 140.637431083167598, 39.842291943893223 ], [ 140.637504139214883, 39.842370833381914 ], [ 140.63783274900382, 39.842759444843487 ], [ 140.637962193782755, 39.842958887346938 ], [ 140.638022749962545, 39.843052224256198 ], [ 140.638117749822641, 39.843243889145789 ], [ 140.638117749822641, 39.843271943827247 ], [ 140.638103027522533, 39.843407222996035 ], [ 140.638022749962545, 39.84357611171913 ], [ 140.637956917904859, 39.843643611144934 ], [ 140.637876639106395, 39.843700000033174 ], [ 140.637788860758974, 39.84374500202594 ], [ 140.637599137836531, 39.843823887555352 ], [ 140.637526082408471, 39.843868887172555 ], [ 140.637526082408471, 39.843902778627758 ], [ 140.637621083507071, 39.844167500191581 ], [ 140.63765022220548, 39.844409444005201 ], [ 140.637694111069578, 39.844482777037321 ], [ 140.637832721757519, 39.84458972041562 ], [ 140.637942443298527, 39.844634722408387 ], [ 140.638102999656979, 39.844640556806567 ], [ 140.638161610821214, 39.844618056206109 ], [ 140.638592471706204, 39.844370277202458 ], [ 140.638694694936703, 39.844330832458112 ], [ 140.638731361668874, 39.844336389706541 ], [ 140.638775250532973, 39.844370277202458 ], [ 140.638767748507064, 39.844437778211976 ], [ 140.638687470947076, 39.844550277254982 ], [ 140.638402443501178, 39.844871390874466 ], [ 140.638029943609666, 39.845158609079469 ], [ 140.637869389728166, 39.845338888657309 ], [ 140.637686609662893, 39.845569442408035 ], [ 140.637526055781393, 39.845721668888139 ], [ 140.63729105505189, 39.845886945162199 ], [ 140.637256610133079, 39.845916665909591 ], [ 140.637243277395157, 39.845941111309436 ], [ 140.637241332998855, 39.845960276610612 ], [ 140.637255777881933, 39.845973611472893 ], [ 140.637275777917665, 39.845975833422038 ], [ 140.637317166312869, 39.845966111008785 ], [ 140.637759665710206, 39.845766667713484 ], [ 140.638205221649002, 39.845597500256922 ], [ 140.638482999097448, 39.845507501022517 ], [ 140.639052444662525, 39.845299442329249 ], [ 140.639147442664949, 39.845276944104363 ], [ 140.63920577703135, 39.845304998785821 ], [ 140.639234945453012, 39.845372222645587 ], [ 140.639234945453012, 39.84556388991075 ], [ 140.639183832599286, 39.8456933338895 ], [ 140.638760222331001, 39.846403056594994 ], [ 140.638592167662068, 39.84671277777602 ], [ 140.638387694573964, 39.847011110477872 ], [ 140.638376861066462, 39.847054166879396 ], [ 140.638380749859095, 39.847100001113276 ], [ 140.638394083835493, 39.847126666878552 ], [ 140.638421027347619, 39.847140000157118 ], [ 140.638451583473795, 39.847140000157118 ], [ 140.638511026889176, 39.847095555631277 ], [ 140.638738249414189, 39.846910555005394 ], [ 140.63875299957985, 39.846898610643009 ], [ 140.639264110159303, 39.84652694490903 ], [ 140.639556332490798, 39.846273333882777 ], [ 140.640235805498719, 39.845507501022517 ], [ 140.640330805358843, 39.845434167990391 ], [ 140.640425804599744, 39.845434167990391 ], [ 140.640469694083066, 39.845462499029743 ], [ 140.640506083398179, 39.845501942982231 ], [ 140.640542748891903, 39.84565388756144 ], [ 140.640593583709347, 39.8456933338895 ], [ 140.640710250584448, 39.845738332714852 ], [ 140.640893026934293, 39.845766667713484 ], [ 140.640944139788019, 39.845794721603085 ], [ 140.64103163886071, 39.845868056218919 ], [ 140.641119417208131, 39.84598611330221 ], [ 140.641156082701855, 39.8461608324642 ], [ 140.641148557145016, 39.846481664974654 ], [ 140.641083000646688, 39.846735276792764 ], [ 140.640988000786564, 39.846938056971069 ], [ 140.641009943980151, 39.847016944084189 ], [ 140.641265500198728, 39.847028056205474 ], [ 140.641331332256414, 39.847056109303217 ], [ 140.64138966786129, 39.847095555631277 ], [ 140.641462721431651, 39.847208332615892 ], [ 140.641462721431651, 39.847354722322244 ], [ 140.641382443871663, 39.847512500507776 ], [ 140.641382443871663, 39.847636110880202 ], [ 140.641426055937927, 39.8477205544499 ], [ 140.641484667102162, 39.847771112107381 ], [ 140.641572166174825, 39.847810555268019 ], [ 140.641666668170416, 39.847817472133933 ], [ 140.641679944558007, 39.847818443741772 ], [ 140.641959388985697, 39.847838889474794 ], [ 140.642083276754278, 39.84787250140468 ], [ 140.642149111288887, 39.847940277188378 ], [ 140.642178278472102, 39.848007778197896 ], [ 140.642178278472102, 39.848148611447677 ], [ 140.642119945344149, 39.848249999953119 ], [ 140.641878833389427, 39.848525832054506 ], [ 140.641871582772723, 39.848599166670347 ], [ 140.641915194838987, 39.848661111223294 ], [ 140.642010192222187, 39.848739999920127 ], [ 140.64206880462487, 39.848807500929645 ], [ 140.642076027995273, 39.848875000355449 ], [ 140.64200297194796, 39.848993333796635 ], [ 140.641995750435285, 39.849083334614754 ], [ 140.642032137892699, 39.849150834040557 ], [ 140.64232436146267, 39.849387499339208 ], [ 140.642397417509983, 39.849516943317958 ], [ 140.642404639022658, 39.849787500863677 ], [ 140.64241936070357, 39.849843608642878 ], [ 140.642470471080344, 39.849916668484532 ], [ 140.642616583794194, 39.849984167118478 ], [ 140.642625056160568, 39.849992499031835 ], [ 140.642632695037292, 39.849999998704085 ], [ 140.642696862592658, 39.850063056607169 ], [ 140.642740748979804, 39.850153057425288 ], [ 140.642740748979804, 39.850299443964218 ], [ 140.642652971870859, 39.8505811120475 ], [ 140.64266769293252, 39.850648611473304 ], [ 140.642740748979804, 39.850868332628067 ], [ 140.642753806158396, 39.85095027630701 ], [ 140.642755195101358, 39.850958611387796 ], [ 140.642740722971951, 39.851048612205915 ], [ 140.642667666924666, 39.851155556376064 ], [ 140.64245572215313, 39.851335832786482 ], [ 140.642339056516505, 39.851482222492834 ], [ 140.642302389784305, 39.851572223310953 ], [ 140.642287667484169, 39.851758334119545 ], [ 140.642244056656381, 39.85189889021958 ], [ 140.642097944561755, 39.852051111156683 ], [ 140.641929889892822, 39.852157776593373 ], [ 140.641679889446124, 39.852284832333133 ], [ 140.641666668170416, 39.852291555986078 ], [ 140.641608471274083, 39.852321112027326 ], [ 140.641316250181035, 39.852433888220084 ], [ 140.641075138226313, 39.852512499767172 ], [ 140.640848751048651, 39.852608331024186 ], [ 140.640556527478651, 39.852754720730537 ], [ 140.640344582707144, 39.852895557939604 ], [ 140.640220416283057, 39.852963055781693 ], [ 140.640074582843965, 39.852991389988475 ], [ 140.639884861779251, 39.852985555590294 ], [ 140.639840971676676, 39.852980001509295 ], [ 140.639687640546327, 39.852929444643671 ], [ 140.639526806151594, 39.852850557530545 ], [ 140.63937680650281, 39.85271388707001 ], [ 140.639322360929043, 39.852692777761298 ], [ 140.639263751003284, 39.852698332634155 ], [ 140.639227361068919, 39.852743331459507 ], [ 140.639176222826592, 39.852923611037347 ], [ 140.639088443240695, 39.853098361081742 ], [ 140.639022887980815, 39.853182805443289 ], [ 140.638847610560703, 39.853312249422039 ], [ 140.638650111291497, 39.853396694575451 ], [ 140.638613721357132, 39.85344752779897 ], [ 140.638547888060998, 39.853717806611222 ], [ 140.638467611739458, 39.853908916409459 ], [ 140.638372610640886, 39.854004750833894 ], [ 140.638241221465648, 39.854106138547479 ], [ 140.638153442498975, 39.854128640731645 ], [ 140.637970944185412, 39.854128640731645 ], [ 140.637715083303476, 39.854100582882765 ], [ 140.637379250144136, 39.854044193994525 ], [ 140.637058138665708, 39.853970860962406 ], [ 140.636818971107317, 39.853886415809001 ], [ 140.636780361217291, 39.853925862137061 ], [ 140.636780361217291, 39.853954194760121 ], [ 140.636875359838939, 39.854089194403585 ], [ 140.636904806296883, 39.854235584109944 ], [ 140.636875359838939, 39.854336971031664 ], [ 140.636787860766248, 39.854455306848415 ], [ 140.636692861525376, 39.854500306465624 ], [ 140.63656119307538, 39.85450614007194 ], [ 140.636466472490014, 39.854472250200452 ], [ 140.636364249259515, 39.854404749190934 ], [ 140.636210638854379, 39.854275027270575 ], [ 140.635991471331721, 39.854021694185924 ], [ 140.635894527694518, 39.853870861373146 ], [ 140.635816471328667, 39.853853081820724 ], [ 140.635772306285986, 39.853908916409459 ], [ 140.635861750993428, 39.854276415394899 ], [ 140.635882027826995, 39.85435947242398 ], [ 140.635911193771733, 39.854635584050691 ], [ 140.635933138822992, 39.854708639141208 ], [ 140.63604258294697, 39.854832528247108 ], [ 140.636327581908091, 39.855125583225849 ], [ 140.636327581908091, 39.855221138916825 ], [ 140.636276443046512, 39.855300029197373 ], [ 140.636239777552817, 39.855339472358004 ], [ 140.635801444365143, 39.855547527091986 ], [ 140.635567833197882, 39.855677250596059 ], [ 140.635253668292023, 39.855874195584327 ], [ 140.63497616702216, 39.855992527441799 ], [ 140.634808110495499, 39.856032000692977 ], [ 140.634530611083363, 39.856026445028263 ], [ 140.634420889542355, 39.856003944427805 ], [ 140.633946167658792, 39.855801165833221 ], [ 140.633749221985227, 39.855772833210153 ], [ 140.633347278112694, 39.855772833210153 ], [ 140.633346444003848, 39.855772750065228 ], [ 140.633333332951878, 39.855771305719102 ], [ 140.633296416668173, 39.855767279129154 ], [ 140.633055305951927, 39.855688388056748 ], [ 140.632777527265006, 39.855587000343171 ], [ 140.632273639436733, 39.855423666492925 ], [ 140.632025306588559, 39.855378664500151 ], [ 140.631952250541246, 39.855378664500151 ], [ 140.631923084596536, 39.855401167476181 ], [ 140.631923084596536, 39.8554520006997 ], [ 140.632003360918048, 39.855530610663074 ], [ 140.63233919407736, 39.855755889066266 ], [ 140.632763083620404, 39.855998110821488 ], [ 140.632967528842954, 39.856082555974893 ], [ 140.633230582752788, 39.856150330966734 ], [ 140.633333332951878, 39.856166138004788 ], [ 140.633346416757519, 39.856168166740964 ], [ 140.633376692989714, 39.856172834734622 ], [ 140.633821972130704, 39.856279778112913 ], [ 140.633960582199393, 39.856336167001146 ], [ 140.634011971850924, 39.856392277947776 ], [ 140.634019193363628, 39.85651061297267 ], [ 140.633990027418889, 39.856589499293939 ], [ 140.633924194122727, 39.856668386407065 ], [ 140.633814750618001, 39.85675283156047 ], [ 140.633376416811132, 39.857022834806678 ], [ 140.633346416757519, 39.857038693315403 ], [ 140.633333332951878, 39.857045610973174 ], [ 140.633237806742414, 39.85709616625509 ], [ 140.633113639079852, 39.857197557136097 ], [ 140.633033361519864, 39.857338111652417 ], [ 140.632858056234227, 39.857478944902205 ], [ 140.632675279265129, 39.857597278343384 ], [ 140.632638889950016, 39.857659223688195 ], [ 140.632628611895854, 39.857837833240822 ], [ 140.632624167030656, 39.857918389587304 ], [ 140.632551110364091, 39.858143666406782 ], [ 140.632478055555282, 39.858261721114502 ], [ 140.632399470363168, 39.858325889992159 ], [ 140.632390360804493, 39.858333333442602 ], [ 140.632353889131167, 39.858363111203651 ], [ 140.632266110783746, 39.858498389580575 ], [ 140.632142223634418, 39.85870088864985 ], [ 140.632010555184422, 39.858847278356201 ], [ 140.63187163921387, 39.858943111988779 ], [ 140.631718305606597, 39.858993668062553 ], [ 140.631513861622494, 39.85900505812544 ], [ 140.631448028326361, 39.859038666887898 ], [ 140.63145552849457, 39.859112001503739 ], [ 140.631528583922631, 39.859252832377955 ], [ 140.631521081896722, 39.859354220091532 ], [ 140.631462748768769, 39.85946672151011 ], [ 140.631521081896722, 39.8595175571092 ], [ 140.63158858279138, 39.859537279085444 ], [ 140.631696359936058, 39.859500609797884 ], [ 140.631879138143631, 39.859365333796525 ], [ 140.631930250378105, 39.859348389652638 ], [ 140.632047193431816, 39.859348389652638 ], [ 140.632158305773487, 39.859414778895726 ], [ 140.632207193717676, 39.859606445369039 ], [ 140.632213028145088, 39.859693389621334 ], [ 140.632215806650265, 39.859793667152204 ], [ 140.63220136052874, 39.859900609738638 ], [ 140.631922750829119, 39.860558943337395 ], [ 140.631849694781835, 39.860632277953229 ], [ 140.631645221693731, 39.860806720757331 ], [ 140.631601611485138, 39.860885612621594 ], [ 140.631543000320931, 39.861094249370048 ], [ 140.631491888705682, 39.861218140059655 ], [ 140.631272721802219, 39.861516472761508 ], [ 140.631214388674294, 39.861623417723514 ], [ 140.631207168400067, 39.86194452738372 ], [ 140.631148555997385, 39.862079527027184 ], [ 140.631068250571843, 39.862180916324476 ], [ 140.630987971773379, 39.862248417333994 ], [ 140.630892972532479, 39.862298971824053 ], [ 140.630586027900847, 39.862400360329488 ], [ 140.63045463872561, 39.862428415802803 ], [ 140.630257417492686, 39.862456748425871 ], [ 140.630096583097952, 39.862467858963441 ], [ 140.629914082307437, 39.862507305291494 ], [ 140.629782417572841, 39.862552305700554 ], [ 140.629651027159127, 39.862631194397395 ], [ 140.629534081628492, 39.862800359478385 ], [ 140.62951963798389, 39.862873416152617 ], [ 140.62951963798389, 39.863290361820972 ], [ 140.629497667544001, 39.86348730680924 ], [ 140.629460999573354, 39.863588692939103 ], [ 140.629373501119915, 39.863729249830996 ], [ 140.629300445072602, 39.8637911951758 ], [ 140.629052110366729, 39.863960082315188 ], [ 140.628979056796339, 39.864044526676736 ], [ 140.628949611576871, 39.86410647202154 ], [ 140.628963500387357, 39.86419980576337 ], [ 140.629044890092501, 39.864162861701629 ], [ 140.629168777861054, 39.864033417722879 ], [ 140.629314888717204, 39.863903693426948 ], [ 140.629431834247839, 39.863847582480325 ], [ 140.629577942627037, 39.863802305713371 ], [ 140.629811833069084, 39.863752028373064 ], [ 140.629928500563437, 39.863701195149538 ], [ 140.630009056159707, 39.863639526954486 ], [ 140.630052945023806, 39.863588692939103 ], [ 140.630126029555896, 39.863442304816466 ], [ 140.630126029555896, 39.863318416502423 ], [ 140.630089360346773, 39.863239528597447 ], [ 140.629943250729127, 39.863042306459427 ], [ 140.629928527190515, 39.863002860131367 ], [ 140.629928527190515, 39.862907306024105 ], [ 140.629957971171535, 39.862850917135873 ], [ 140.630023528289115, 39.862811474767092 ], [ 140.630155193023711, 39.862772028439032 ], [ 140.630315749382135, 39.862760916317754 ], [ 140.630366860997412, 39.862749528630431 ], [ 140.630505749721607, 39.862738416509153 ], [ 140.630732139376221, 39.862693139742198 ], [ 140.631119081673859, 39.862693139742198 ], [ 140.631236027204494, 39.862710083886085 ], [ 140.631433249675894, 39.862704529013229 ], [ 140.631622971979084, 39.862620083067966 ], [ 140.631710750326505, 39.862552305700554 ], [ 140.631915223414609, 39.862344251758429 ], [ 140.632010223274733, 39.862192306387364 ], [ 140.632068833200492, 39.862034500486864 ], [ 140.632156331653931, 39.861882555115791 ], [ 140.63225855488443, 39.8617756117375 ], [ 140.632368278902391, 39.861724776930267 ], [ 140.632748000306577, 39.861634777695862 ], [ 140.632839111993292, 39.861634499754253 ], [ 140.632989111022823, 39.861696722248809 ], [ 140.633274111841644, 39.86170227870538 ], [ 140.633333332951878, 39.861726640168442 ], [ 140.633346333780082, 39.86173197173779 ], [ 140.63338355534637, 39.861747277530725 ], [ 140.633493000708825, 39.861815055689988 ], [ 140.633748555688896, 39.861995054950661 ], [ 140.63465438924743, 39.86270478003172 ], [ 140.63508522102839, 39.863042555102346 ], [ 140.635158277075703, 39.863127000255751 ], [ 140.635158277075703, 39.863132831486503 ], [ 140.63516577662466, 39.863228110027727 ], [ 140.635180221507738, 39.863273387586538 ], [ 140.635260499067726, 39.863357831948086 ], [ 140.635472167041428, 39.863475889031378 ], [ 140.635749944489874, 39.863583111143129 ], [ 140.635873831639202, 39.863622555095624 ], [ 140.635998278576523, 39.863667556296541 ], [ 140.636297722420721, 39.86374644340966 ], [ 140.636465777708906, 39.863830891730494 ], [ 140.636841888356741, 39.864065334288149 ], [ 140.636962444643729, 39.864140610535948 ], [ 140.637349388179842, 39.864416443429199 ], [ 140.637955500477091, 39.86486699944372 ], [ 140.638196611812589, 39.864945888140561 ], [ 140.638371889232701, 39.864973942822019 ], [ 140.6384741124632, 39.864962833868162 ], [ 140.6384741124632, 39.864878388714757 ], [ 140.638313556104748, 39.864681166576737 ], [ 140.638247721570139, 39.864613667150934 ], [ 140.638057722469142, 39.864348944003396 ], [ 140.63794827772594, 39.864225055689353 ], [ 140.637787444569682, 39.864095610126888 ], [ 140.637634388998663, 39.863999778078025 ], [ 140.637137720206141, 39.863554776936354 ], [ 140.636954943856296, 39.863397278276146 ], [ 140.636874668773231, 39.863284776857569 ], [ 140.636801610248995, 39.863115888134473 ], [ 140.636765221553105, 39.862997556277001 ], [ 140.636662721524772, 39.862845610905936 ], [ 140.636553305885599, 39.862755332146207 ], [ 140.636202749806927, 39.86253588972491 ], [ 140.636114971459477, 39.862496444980557 ], [ 140.635779416336447, 39.862293666385973 ], [ 140.635669693556963, 39.862175334528501 ], [ 140.635589415996975, 39.862011999094548 ], [ 140.635560250052237, 39.861865610971904 ], [ 140.635516361188138, 39.861510889381819 ], [ 140.635472472324039, 39.86138700185964 ], [ 140.635377472463915, 39.861167556270914 ], [ 140.635304417655078, 39.861032277102126 ], [ 140.635180248754068, 39.860863387587173 ], [ 140.63503413851717, 39.860739500856845 ], [ 140.63493913927627, 39.860581722671313 ], [ 140.634880806148345, 39.860418667554534 ], [ 140.634807750101032, 39.860305888986211 ], [ 140.634712749621684, 39.860198942440491 ], [ 140.634661667110436, 39.860075055710162 ], [ 140.634661667110436, 39.859968110748156 ], [ 140.63469083429365, 39.859810334146339 ], [ 140.63469083429365, 39.859691999913302 ], [ 140.634639721439925, 39.859579499286582 ], [ 140.634486665868906, 39.85933727753136 ], [ 140.634457501162643, 39.859236167759384 ], [ 140.634428055943147, 39.858982557524982 ], [ 140.634435556730608, 39.858763111144405 ], [ 140.634493889239309, 39.858616723021761 ], [ 140.634596389886866, 39.858509500118146 ], [ 140.634698610640442, 39.858442000692342 ], [ 140.634851971494044, 39.858396998699568 ], [ 140.635136694276582, 39.858346443417652 ], [ 140.635242943150558, 39.858333333442602 ], [ 140.635303416972135, 39.858325889992159 ], [ 140.635319195067098, 39.858323943609051 ], [ 140.635421417059121, 39.858301166650705 ], [ 140.635479749567821, 39.858295610985991 ], [ 140.635706416639493, 39.858228111560187 ], [ 140.635925584162152, 39.858149195148371 ], [ 140.636122528597269, 39.858053360723936 ], [ 140.636182528704467, 39.858037805496224 ], [ 140.636188361274179, 39.858036417371906 ], [ 140.636349194430437, 39.85804225177008 ], [ 140.636444193671338, 39.858053360723936 ], [ 140.636553639652988, 39.858047807434794 ], [ 140.636626693223349, 39.858008361106734 ], [ 140.636750860885911, 39.857867527856946 ], [ 140.63687502792925, 39.857777527830685 ], [ 140.636999195591812, 39.857726695399023 ], [ 140.637218360637547, 39.857726695399023 ], [ 140.63730613960422, 39.857749471565519 ], [ 140.637437527540982, 39.857833916718924 ], [ 140.637561694584321, 39.857991415379132 ], [ 140.637627527880454, 39.858025306834335 ], [ 140.637678639495704, 39.857985862881847 ], [ 140.637678639495704, 39.857901417728442 ], [ 140.637634778497159, 39.857811138968714 ], [ 140.637488667641037, 39.857608638315732 ], [ 140.637437557264235, 39.857524474271358 ], [ 140.637437557264235, 39.857456692152809 ], [ 140.637576443511534, 39.857349750358225 ], [ 140.638117001168155, 39.857068083858657 ], [ 140.638555056319518, 39.856893639470847 ], [ 140.638598666528083, 39.85688224940796 ], [ 140.639022556690378, 39.856662528253196 ], [ 140.639139250192557, 39.856623360658595 ], [ 140.639227027920754, 39.856611970595708 ], [ 140.639343972212941, 39.856640028444595 ], [ 140.639563138497152, 39.856814749190299 ], [ 140.63977063778421, 39.856954469881799 ], [ 140.639825082119529, 39.856988084979108 ], [ 140.639851472655266, 39.857006971546816 ], [ 140.639876471771061, 39.857014193277458 ], [ 140.639895359661665, 39.857016139660566 ], [ 140.639907027278014, 39.857010306054242 ], [ 140.639912582430668, 39.857001692239997 ], [ 140.639914250648417, 39.856990027402929 ], [ 140.639901751400117, 39.856918083286985 ], [ 140.639882306198501, 39.856796696447411 ], [ 140.639869806950202, 39.856645860467196 ], [ 140.639942861759039, 39.856369752007915 ], [ 140.639942861759039, 39.856358638302915 ], [ 140.64008897261516, 39.856155859708331 ], [ 140.640191193987988, 39.856054471994746 ], [ 140.640322861199508, 39.855953081113739 ], [ 140.640826750266257, 39.855638056870205 ], [ 140.64114816764652, 39.855474721436245 ], [ 140.641265111319456, 39.855429721819043 ], [ 140.641484000805832, 39.855378889387381 ], [ 140.641666668170416, 39.855378889387381 ], [ 140.641679833095793, 39.855378889387381 ], [ 140.641739556405184, 39.855378889387381 ], [ 140.642005389439447, 39.855494166262744 ], [ 140.642140942966648, 39.855541387829085 ], [ 140.64217288865504, 39.855533056707586 ], [ 140.642207609752433, 39.855488054714819 ], [ 140.642165109831325, 39.855393610790266 ], [ 140.642060943442971, 39.855193056520392 ], [ 140.642060943442971, 39.855080556685529 ], [ 140.642141222241406, 39.854945279100455 ], [ 140.642207056156792, 39.854888887044794 ], [ 140.642404277389716, 39.854770556771037 ], [ 140.64264538810599, 39.854674999496353 ], [ 140.642696499721239, 39.854663611017173 ], [ 140.642772361520031, 39.854663611017173 ], [ 140.642867639416437, 39.854678334003779 ], [ 140.642958470589946, 39.85461777757515 ], [ 140.643025416650488, 39.854489168213078 ], [ 140.643092361472554, 39.854394166821606 ], [ 140.643112916961627, 39.854365279107178 ], [ 140.643332083245838, 39.854134444247421 ], [ 140.643405139293122, 39.854021944412558 ], [ 140.643434305857113, 39.853920555115266 ], [ 140.643441527369788, 39.853610833142383 ], [ 140.643500138534023, 39.853481388371776 ], [ 140.643668194441432, 39.853289721898463 ], [ 140.643938500206445, 39.853160277919713 ], [ 140.644004332883384, 39.853115277510653 ], [ 140.644654056008449, 39.852850528231855 ], [ 140.644807389615721, 39.852794138551765 ], [ 140.644953501710347, 39.85275469380742 ], [ 140.645070444764031, 39.852743305328239 ], [ 140.645187389675442, 39.852760249472134 ], [ 140.645289611667494, 39.852799695800194 ], [ 140.645610999324504, 39.852805527822795 ], [ 140.645647388639617, 39.852833584087968 ], [ 140.645684056610264, 39.852884417311493 ], [ 140.645691276884492, 39.853109417773076 ], [ 140.645742389118965, 39.853363029591186 ], [ 140.645744333515296, 39.853857472664629 ], [ 140.645744888968636, 39.853892749076728 ], [ 140.645753499424302, 39.853904972964436 ], [ 140.645767389473264, 39.853909418446435 ], [ 140.645784334205985, 39.853900806215897 ], [ 140.645803778169153, 39.853883582546693 ], [ 140.645837388979089, 39.853847193576307 ], [ 140.645888500594339, 39.853729138868587 ], [ 140.645983499835239, 39.853481361448651 ], [ 140.646151555742648, 39.853098305651791 ], [ 140.646228499344119, 39.8529802485685 ], [ 140.64634155608212, 39.852968584523289 ], [ 140.646436279763662, 39.853019416954957 ], [ 140.646480166150809, 39.85307580584319 ], [ 140.646611556564523, 39.853334693800697 ], [ 140.646684610754136, 39.853543028059995 ], [ 140.646684610754136, 39.85373469215773 ], [ 140.646867112163875, 39.854094970996243 ], [ 140.647042389583987, 39.854388028350556 ], [ 140.647108222260897, 39.854449972903502 ], [ 140.647254333117019, 39.854506361791742 ], [ 140.647356556347546, 39.854573861217546 ], [ 140.647458778339569, 39.854674970989521 ], [ 140.647458778339569, 39.854843860504474 ], [ 140.647422389024456, 39.854990250210825 ], [ 140.647414859752217, 39.855103027987298 ], [ 140.647458750474016, 39.855136639917184 ], [ 140.647509859612342, 39.855159138933928 ], [ 140.647641555927891, 39.855153583269214 ], [ 140.648021277332077, 39.855040805492742 ], [ 140.648174612177854, 39.855018306475998 ], [ 140.648393777223589, 39.855007193562862 ], [ 140.648656833610374, 39.855029693371463 ], [ 140.64880266766869, 39.855052192388207 ], [ 140.649026555615904, 39.855113026758438 ], [ 140.649051000516863, 39.855119694189582 ], [ 140.649138500828002, 39.855181639534386 ], [ 140.649160444021589, 39.855232471966048 ], [ 140.649146000376987, 39.855277473958822 ], [ 140.649058222029538, 39.855401359105436 ], [ 140.648963222788666, 39.855576084602276 ], [ 140.648941556392913, 39.855615249821305 ], [ 140.648992388733404, 39.855677472315861 ], [ 140.649065442303765, 39.855728027597777 ], [ 140.649116833193773, 39.855784417277867 ], [ 140.649124054706448, 39.855902748343482 ], [ 140.649094861515408, 39.855992749161601 ], [ 140.649094861515408, 39.856071637858435 ], [ 140.649197082888207, 39.856144692948952 ], [ 140.649262917422817, 39.85621219395847 ], [ 140.649299306737959, 39.856330527399656 ], [ 140.649350416495508, 39.856398306350776 ], [ 140.649405416903392, 39.856413027753668 ], [ 140.649491805688626, 39.856349417134794 ], [ 140.649557637746284, 39.856124415881354 ], [ 140.649598777828459, 39.855997750526811 ], [ 140.64965739023117, 39.855874417304129 ], [ 140.649744888684609, 39.855834972559784 ], [ 140.649810722599995, 39.855840528224498 ], [ 140.649927388236648, 39.855908304008196 ], [ 140.649999999673582, 39.855908304008196 ], [ 140.650007943832918, 39.855908304008196 ], [ 140.65001322094929, 39.855903639181967 ], [ 140.650059055448168, 39.855863027241242 ], [ 140.650073499712022, 39.855778860029446 ], [ 140.650059055448168, 39.855632193965192 ], [ 140.650059055448168, 39.855440805433496 ], [ 140.650139333008156, 39.85538997220997 ], [ 140.650249057026116, 39.855344971800911 ], [ 140.65030739015404, 39.855333859679632 ], [ 140.65070183323914, 39.855350805407234 ], [ 140.651037944434734, 39.855356331773258 ], [ 140.651264056053066, 39.855311332156056 ], [ 140.651271277565741, 39.855299942885026 ], [ 140.651344332993801, 39.855288833931169 ], [ 140.651563529001265, 39.855288833931169 ], [ 140.651680472054977, 39.855299942885026 ], [ 140.651928805522402, 39.855356331773258 ], [ 140.65214075029391, 39.855356331773258 ], [ 140.652206306792237, 39.855339388421228 ], [ 140.65241102819337, 39.855170498906269 ], [ 140.652520471698097, 39.85511966568275 ], [ 140.652710472656793, 39.85511966568275 ], [ 140.65284908458321, 39.855142168658773 ], [ 140.653221861272527, 39.855176056154697 ], [ 140.653419082505451, 39.855209942858764 ], [ 140.653659917662367, 39.855294389595876 ], [ 140.653762138415914, 39.855373278292717 ], [ 140.653835193844003, 39.855468832399978 ], [ 140.653842417214378, 39.855542167015813 ], [ 140.653813250031192, 39.855632167833932 ], [ 140.653732971232728, 39.855784388771035 ], [ 140.653689082368629, 39.855846331740274 ], [ 140.653579362066068, 39.856020776128084 ], [ 140.653557417634033, 39.856144667609549 ], [ 140.653528249212343, 39.856195500041217 ], [ 140.653440722274127, 39.856257445386021 ], [ 140.653046557225338, 39.856392445029485 ], [ 140.652666555307917, 39.856477168124499 ], [ 140.652491278507057, 39.856544665966588 ], [ 140.652352389782834, 39.856646056055737 ], [ 140.652294056654881, 39.856741611746713 ], [ 140.652279333735521, 39.857011611825499 ], [ 140.652199056175533, 39.857315778133668 ], [ 140.652403498921132, 39.857327168196555 ], [ 140.652421833835319, 39.857284944827995 ], [ 140.65243294290218, 39.857259668770752 ], [ 140.652725166472152, 39.856882444204643 ], [ 140.652819888915218, 39.856809390697833 ], [ 140.653133777642495, 39.856696609753939 ], [ 140.653484334340419, 39.856601054062963 ], [ 140.653674333441415, 39.856555778879724 ], [ 140.653864333780888, 39.856550221631302 ], [ 140.654017667388189, 39.856589664791933 ], [ 140.654127388929197, 39.856657166593308 ], [ 140.654207667727661, 39.856753001809601 ], [ 140.654295167419548, 39.857023278246281 ], [ 140.654353777345307, 39.857085224382942 ], [ 140.654536278135822, 39.857225777315548 ], [ 140.654602110812732, 39.857214387252661 ], [ 140.654609334183135, 39.8571132790644 ], [ 140.654572944867994, 39.856927720971591 ], [ 140.654558249814187, 39.856747444561179 ], [ 140.654499916686234, 39.856251888929449 ], [ 140.654587418235849, 39.856054666791429 ], [ 140.654602139916761, 39.855964390407273 ], [ 140.654638527374175, 39.855879944462011 ], [ 140.654704361908784, 39.855789944435749 ], [ 140.654828527713647, 39.855716609819915 ], [ 140.654937971837597, 39.855722444218088 ], [ 140.655113528532468, 39.855818000700921 ], [ 140.655186582102829, 39.855818000700921 ], [ 140.655317971278095, 39.855722444218088 ], [ 140.655383806431928, 39.855722444218088 ], [ 140.655529916049602, 39.855773001875576 ], [ 140.655785193612644, 39.855902720628507 ], [ 140.655865471172632, 39.855919388414499 ], [ 140.655967972439441, 39.855919388414499 ], [ 140.65614325109803, 39.855834944052951 ], [ 140.656391611192504, 39.855834916337976 ], [ 140.65644272033083, 39.855806861656518 ], [ 140.656501055935706, 39.855637971349708 ], [ 140.656522999129294, 39.855592694582754 ], [ 140.656610778095967, 39.85551380588592 ], [ 140.656669111223891, 39.855497140475492 ], [ 140.656764111084016, 39.855502693764635 ], [ 140.656873556446442, 39.855542140092695 ], [ 140.656946610636055, 39.855559082652874 ], [ 140.657063555547438, 39.85555352698816 ], [ 140.657114667162688, 39.855525194365093 ], [ 140.657253555886911, 39.85541824861123 ], [ 140.657326611934224, 39.855389915988169 ], [ 140.657465222622164, 39.855389915988169 ], [ 140.657574944163173, 39.855452138482718 ], [ 140.657699110587259, 39.855564638317581 ], [ 140.657764944502645, 39.855592694582754 ], [ 140.657998556908382, 39.855609638726641 ], [ 140.658100778900433, 39.855649083470993 ], [ 140.658217443298611, 39.855750471184571 ], [ 140.658253833232976, 39.855817973777803 ], [ 140.658253833232976, 39.85604908341174 ], [ 140.658166332921809, 39.856307972952962 ], [ 140.658188278592348, 39.8565615823955 ], [ 140.658225777575694, 39.856647694406689 ], [ 140.658313831482474, 39.856682973986217 ], [ 140.65833333303442, 39.856660777458629 ], [ 140.658346611279711, 39.856645693385495 ], [ 140.658356334499757, 39.856634639069732 ], [ 140.658502443498207, 39.856443250538028 ], [ 140.658538832813321, 39.856398248545261 ], [ 140.658611888860634, 39.856347418489165 ], [ 140.658655778343956, 39.856330472761563 ], [ 140.658809111951257, 39.856285472352504 ], [ 140.658882166760094, 39.856279916687789 ], [ 140.658919111528547, 39.856271861132328 ], [ 140.659035499128919, 39.856246027608158 ], [ 140.659050221429055, 39.856234917070587 ], [ 140.659327720221967, 39.856111027964687 ], [ 140.659444665752602, 39.856111027964687 ], [ 140.659546887744625, 39.856156029957461 ], [ 140.659692999839251, 39.856246027608158 ], [ 140.659831888563474, 39.856347418489165 ], [ 140.659956056226008, 39.856482693698666 ], [ 140.660036333785996, 39.856595193533529 ], [ 140.660036333785996, 39.856662695334904 ], [ 140.659999943232407, 39.856797972128113 ], [ 140.660043556537175, 39.85685436180821 ], [ 140.660116610107536, 39.856899361425413 ], [ 140.660226888959585, 39.856923250942046 ], [ 140.660379388458011, 39.856910750696443 ], [ 140.660503556120574, 39.856950193857074 ], [ 140.660598555980698, 39.857006307971133 ], [ 140.660664389276832, 39.857074083754831 ], [ 140.660649666357472, 39.857158528116379 ], [ 140.660540221614298, 39.857271027951242 ], [ 140.660467168043908, 39.857383805727714 ], [ 140.660408555641226, 39.857524638185637 ], [ 140.660401332890075, 39.85758075150784 ], [ 140.660430500073261, 39.857614639003756 ], [ 140.660518277182234, 39.857620194668471 ], [ 140.660890777073746, 39.857479361418683 ], [ 140.660912722744257, 39.857462417274796 ], [ 140.661000223055396, 39.857439918258052 ], [ 140.661299945555129, 39.857428806136774 ], [ 140.66161383304393, 39.857338527377046 ], [ 140.661752723006629, 39.857310471111873 ], [ 140.661986610971724, 39.857310471111873 ], [ 140.662037443312215, 39.857327416839475 ], [ 140.662117998908485, 39.857383778012739 ], [ 140.662169111762211, 39.857485166518174 ], [ 140.662169111762211, 39.857614639003756 ], [ 140.662139944579025, 39.857665194285673 ], [ 140.662074110044387, 39.857716026717341 ], [ 140.661876888192239, 39.857800471870746 ], [ 140.661643000227144, 39.85807602919796 ], [ 140.661555500535229, 39.858132416502478 ], [ 140.66150438891998, 39.858183248934147 ], [ 140.66150438891998, 39.858228250926921 ], [ 140.661548277784078, 39.858233804216063 ], [ 140.661664944039956, 39.85820574795089 ], [ 140.661767445306737, 39.85820574795089 ], [ 140.661906055375454, 39.85823935988077 ], [ 140.662044944099648, 39.85823935988077 ], [ 140.662169111762211, 39.858177418495252 ], [ 140.662278278469131, 39.858160749125545 ], [ 140.662329388845905, 39.858166582731862 ], [ 140.662351332039492, 39.858177693269432 ], [ 140.662458167328509, 39.858325750625426 ], [ 140.662463638884532, 39.858333333442602 ], [ 140.662497444753342, 39.858380193922414 ], [ 140.662614389664725, 39.85847044417531 ], [ 140.662709388286373, 39.85850405610519 ], [ 140.662862720655198, 39.85851544458437 ], [ 140.663081889416361, 39.85850405610519 ], [ 140.663593277412843, 39.85850405610519 ], [ 140.663761333320252, 39.858549332872144 ], [ 140.663812442458578, 39.858577389137317 ], [ 140.66424327857419, 39.858774334125584 ], [ 140.664353000115199, 39.858853220446854 ], [ 140.664440221151608, 39.858937666392116 ], [ 140.664579109875802, 39.859033500024694 ], [ 140.664995499869889, 39.859219334475398 ], [ 140.665146611044577, 39.859259057953203 ], [ 140.665316889384599, 39.859253221179458 ], [ 140.665470221753424, 39.859236278619285 ], [ 140.665724943243902, 39.859221831990574 ], [ 140.66576994487238, 39.859219334475398 ], [ 140.665930500611609, 39.859236278619285 ], [ 140.666200776034117, 39.859264333300743 ], [ 140.666602443108815, 39.859348778454148 ], [ 140.66666666701451, 39.859367167736018 ], [ 140.666679945259801, 39.859370973398022 ], [ 140.666799388782408, 39.859405166550523 ], [ 140.66698216637073, 39.859472943917936 ], [ 140.667150221039662, 39.859551555465025 ], [ 140.66745688949274, 39.859748779186752 ], [ 140.667581055297575, 39.859867111044224 ], [ 140.6680266112364, 39.860424612812615 ], [ 140.668172723330997, 39.860627388239777 ], [ 140.668326333736104, 39.860880722116278 ], [ 140.668457443636584, 39.861196001337589 ], [ 140.668508528624756, 39.861359332812263 ], [ 140.668537694569494, 39.861494611981044 ], [ 140.668588806184744, 39.861646555768402 ], [ 140.66865463824243, 39.861792945474754 ], [ 140.668734917040894, 39.861899889644903 ], [ 140.668997970950727, 39.862074332449005 ], [ 140.66918047297969, 39.862271555378875 ], [ 140.669246305656628, 39.862400999357632 ], [ 140.669297418510325, 39.862586832224615 ], [ 140.669348527648651, 39.862907944260385 ], [ 140.669377694831866, 39.862969888813339 ], [ 140.669458250428136, 39.863031832574428 ], [ 140.669604082009528, 39.863099332792089 ], [ 140.669735750459523, 39.863200722089381 ], [ 140.669808806506836, 39.863352667460447 ], [ 140.669845166098696, 39.863476557358204 ], [ 140.669837944586021, 39.8637301675926 ], [ 140.669801555890103, 39.863842666635605 ], [ 140.669699332659604, 39.864067945830655 ], [ 140.669713778781158, 39.864275999772779 ], [ 140.669822943011127, 39.86473794426648 ], [ 140.669874306035581, 39.864968778334379 ], [ 140.669866806486596, 39.86541933355705 ], [ 140.669844862054561, 39.866168499423175 ], [ 140.669859583735445, 39.866354332290157 ], [ 140.669874306035581, 39.866416277634961 ], [ 140.669874277550804, 39.86656822142232 ], [ 140.669859000416551, 39.866596557212809 ], [ 140.669837611437856, 39.866635722431838 ], [ 140.66982402729073, 39.866659057648967 ], [ 140.669819611529533, 39.866666666597403 ], [ 140.669772056797228, 39.8667482222667 ], [ 140.669749833090407, 39.86680461194679 ], [ 140.669742610339256, 39.86737322266903 ], [ 140.669698999511439, 39.867480443988931 ], [ 140.669633166834529, 39.867604332302975 ], [ 140.669611221164018, 39.867688779040094 ], [ 140.669611194536941, 39.868077388917953 ], [ 140.669574529043217, 39.868223778624305 ], [ 140.669582028592203, 39.868381557601694 ], [ 140.669640361720127, 39.868533500597188 ], [ 140.669625917456301, 39.868595443566427 ], [ 140.669545359383079, 39.868679890303547 ], [ 140.669545359383079, 39.868815165513048 ], [ 140.669611194536941, 39.868966832942505 ], [ 140.669786471337801, 39.86913016679275 ], [ 140.669822861272166, 39.869197667802268 ], [ 140.669822861272166, 39.869287943394568 ], [ 140.669779251063602, 39.869400441645716 ], [ 140.669772027693199, 39.869428777436205 ], [ 140.66980841700834, 39.869535721606354 ], [ 140.669968944262763, 39.869839611556635 ], [ 140.670209778800427, 39.870115723183346 ], [ 140.67024644429415, 39.870172111279722 ], [ 140.670260887938753, 39.870234056624525 ], [ 140.670239221542971, 39.870312945321366 ], [ 140.670195332678873, 39.870380443163455 ], [ 140.669976167633138, 39.870594362386157 ], [ 140.669954221962627, 39.870712694243629 ], [ 140.669917556468903, 39.870825472020101 ], [ 140.669932278769039, 39.870949361917852 ], [ 140.669990611896992, 39.87104491681697 ], [ 140.670107556808375, 39.871118251432804 ], [ 140.67024644429415, 39.871157694593442 ], [ 140.670407000652574, 39.871180193610186 ], [ 140.670450889516673, 39.871213805540066 ], [ 140.670465582093556, 39.871337693854109 ], [ 140.670560609819233, 39.871337667722841 ], [ 140.670794220986522, 39.871185722351775 ], [ 140.670860056140356, 39.871185722351775 ], [ 140.670889222704346, 39.871213778616948 ], [ 140.670903666968172, 39.871264611048616 ], [ 140.670896417589944, 39.871546278340041 ], [ 140.67088197146839, 39.871630721909732 ], [ 140.670823361542631, 39.87171488753782 ], [ 140.670691972367393, 39.871844359231545 ], [ 140.67065530687367, 39.872064083553738 ], [ 140.670652779158473, 39.872207196558179 ], [ 140.670665890210444, 39.872343500389185 ], [ 140.670750943306871, 39.872454555086065 ], [ 140.670750943306871, 39.872611054423459 ], [ 140.670698583314874, 39.872863473705792 ], [ 140.670528444921842, 39.873030055751109 ], [ 140.670292917223776, 39.873141138954814 ], [ 140.670194777844785, 39.873292582288904 ], [ 140.670066388860647, 39.873450361266293 ], [ 140.669697556075846, 39.873524807648558 ], [ 140.669409694393636, 39.873807526525319 ], [ 140.669318082365464, 39.873974109362493 ], [ 140.669344223349668, 39.874468859676234 ], [ 140.669523333212084, 39.874561000090424 ], [ 140.669684444404623, 39.874534472108166 ], [ 140.66982836193219, 39.874271972493482 ], [ 140.670227500053215, 39.87401955479487 ], [ 140.670560555945826, 39.873854918340797 ], [ 140.670652750054444, 39.87364597197648 ], [ 140.670724721822154, 39.873479389931155 ], [ 140.670724721822154, 39.873327917298383 ], [ 140.670914444125344, 39.873247166947081 ], [ 140.671064916869256, 39.873267332362921 ], [ 140.671149971204159, 39.873353168016223 ], [ 140.671235028015985, 39.873489471847222 ], [ 140.671422221365475, 39.873669082306385 ], [ 140.67150972291509, 39.87380991634803 ], [ 140.671611943668665, 39.874114082656199 ], [ 140.671655832532764, 39.874316861250783 ], [ 140.671699722016086, 39.874462974599247 ], [ 140.671962751156542, 39.874924637983909 ], [ 140.671984416313848, 39.874941583711511 ], [ 140.672011139378498, 39.874992419310608 ], [ 140.672015139633345, 39.87500000133592 ], [ 140.672108861393468, 39.875178249010169 ], [ 140.67217441665332, 39.875414637159068 ], [ 140.672233026579079, 39.875713250178094 ], [ 140.672233026579079, 39.876096026449638 ], [ 140.672218305517418, 39.876248249762313 ], [ 140.672181888336752, 39.87643408421301 ], [ 140.672181888336752, 39.876670472361916 ], [ 140.67222549916454, 39.876738248937471 ], [ 140.672357166376088, 39.876839639818478 ], [ 140.672970499566787, 39.877239083876013 ], [ 140.673116611042161, 39.877351580543454 ], [ 140.673364943890334, 39.877734638715886 ], [ 140.673562166980957, 39.878016306799168 ], [ 140.673585779011518, 39.878045472455199 ], [ 140.673803277697232, 39.878314916650766 ], [ 140.674036861618191, 39.878494915911432 ], [ 140.67432158254303, 39.878607693687904 ], [ 140.674679361372881, 39.878720195106482 ], [ 140.674999999756153, 39.878830222765572 ], [ 140.675007970542566, 39.878832969715525 ], [ 140.675012973338056, 39.878834528880837 ], [ 140.6752638060359, 39.878911861579788 ], [ 140.675380749708836, 39.878934359804674 ], [ 140.675760471113023, 39.879041305558538 ], [ 140.676111306466453, 39.879170749537295 ], [ 140.676841305293806, 39.87944102834954 ], [ 140.676958250205217, 39.879497417237779 ], [ 140.677046027314191, 39.879564918247297 ], [ 140.677155473295841, 39.879689083711085 ], [ 140.677265193598373, 39.87989158357221 ], [ 140.67732352734555, 39.879936861922879 ], [ 140.677418527205674, 39.879936861922879 ], [ 140.6774696400594, 39.87990297284324 ], [ 140.67754991823864, 39.879790166559943 ], [ 140.677571862051451, 39.879717111469425 ], [ 140.677586583113111, 39.879598778028239 ], [ 140.677630195179376, 39.879525444996119 ], [ 140.677696027237062, 39.879474888130488 ], [ 140.677827416412299, 39.879418500825963 ], [ 140.677937139191783, 39.879418500825963 ], [ 140.677988248330109, 39.879429887721429 ], [ 140.678258528706493, 39.879531277018721 ], [ 140.678536027499433, 39.879672111060366 ], [ 140.678886581720406, 39.879897110730091 ], [ 140.679251582062932, 39.880173222356802 ], [ 140.679463529311391, 39.880420999776739 ], [ 140.679609638309813, 39.880550443755489 ], [ 140.679879916828526, 39.880809609654598 ], [ 140.67994547270763, 39.880911000535605 ], [ 140.680026028303899, 39.88107988846685 ], [ 140.680225249045009, 39.881209889912526 ], [ 140.680323360558475, 39.881341167830776 ], [ 140.680414917474792, 39.881543081718142 ], [ 140.680676610307216, 39.881840888627323 ], [ 140.68093830685504, 39.881997391132138 ], [ 140.681304639790199, 39.882083193527471 ], [ 140.681854166439251, 39.882229583233823 ], [ 140.682357888931932, 39.882350749937309 ], [ 140.682943667426059, 39.882592833909513 ], [ 140.683333332497767, 39.882845969821915 ], [ 140.683333332497767, 39.882518776328759 ], [ 140.683283889719462, 39.882456529286657 ], [ 140.683041806805051, 39.882294971570381 ], [ 140.682812805219356, 39.882199056376592 ], [ 140.682558444123373, 39.882124611578035 ], [ 140.682473389169246, 39.882051417120792 ], [ 140.682443944568973, 39.881988304579608 ], [ 140.682483194747476, 39.881922665224558 ], [ 140.682757999870347, 39.881927722019718 ], [ 140.682973890404071, 39.881995888980491 ], [ 140.683144000931549, 39.882026165611094 ], [ 140.683271581195413, 39.881990832977188 ], [ 140.683304333127097, 39.881925193622138 ], [ 140.683225806143042, 39.881879749773475 ], [ 140.682960832606256, 39.881862082664668 ], [ 140.682705666505427, 39.881771222682325 ], [ 140.682551917391777, 39.881728306439392 ], [ 140.682430889867362, 39.88166016640173 ], [ 140.682156110752345, 39.881589471043377 ], [ 140.681891139073286, 39.88155413840947 ], [ 140.68178877837272, 39.88156830392915 ], [ 140.681559807129503, 39.881492582658034 ], [ 140.681200000306688, 39.881366387666212 ], [ 140.680931777646521, 39.881174555694912 ], [ 140.680604693651361, 39.880634445469298 ], [ 140.680539250472947, 39.880291168580193 ], [ 140.68059916636426, 39.880148444377255 ], [ 140.680794389946698, 39.880028666589943 ], [ 140.680957972504132, 39.88002364067718 ], [ 140.681193499582946, 39.880069055227153 ], [ 140.681468249593934, 39.880048860512616 ], [ 140.68165144392708, 39.879968109369457 ], [ 140.681828056416748, 39.879937805815743 ], [ 140.682011251369119, 39.880003445170793 ], [ 140.682227139425919, 39.880053916515926 ], [ 140.682450500404599, 39.880006832732597 ], [ 140.682618944572056, 39.879895748737027 ], [ 140.68260588863194, 39.879744306986652 ], [ 140.682645140048891, 39.87955247184793 ], [ 140.682854471650842, 39.879340442786521 ], [ 140.682757028910657, 39.879231108793668 ], [ 140.682528055190517, 39.879104890046158 ], [ 140.682299082708823, 39.878983750265782 ], [ 140.682057945365472, 39.878923942141483 ], [ 140.68165069403409, 39.878694250722411 ], [ 140.681153471026704, 39.878330778326919 ], [ 140.680473028297541, 39.87822980712982 ], [ 140.680074612203953, 39.878340693953135 ], [ 140.679774082841675, 39.878202887970481 ], [ 140.679164526981396, 39.877583611898281 ], [ 140.678942110335328, 39.877018220864279 ], [ 140.678916110536562, 39.876512942819303 ], [ 140.67890138699795, 39.876321555871314 ], [ 140.678850277859652, 39.876282111126969 ], [ 140.678726111435537, 39.876287944733292 ], [ 140.678616389894529, 39.876287944733292 ], [ 140.678492500268277, 39.876242943532375 ], [ 140.678411943433531, 39.876169610500249 ], [ 140.678360833675981, 39.876073778451385 ], [ 140.678360833675981, 39.875983777633266 ], [ 140.678375554737642, 39.875916276623748 ], [ 140.678441111235969, 39.875735999421472 ], [ 140.678455833536077, 39.875381000681635 ], [ 140.678506942674403, 39.875139055284308 ], [ 140.678550861261755, 39.87504322244358 ], [ 140.678578889053483, 39.87500000133592 ], [ 140.678583860887244, 39.874992389220061 ], [ 140.678740860362751, 39.874750443822734 ], [ 140.678740860362751, 39.874620998260269 ], [ 140.678631140060219, 39.874457388052129 ], [ 140.678448639269732, 39.874265999520432 ], [ 140.678229749783327, 39.873984333020864 ], [ 140.678003083330907, 39.873618776459246 ], [ 140.677981444800707, 39.873522944410375 ], [ 140.678010610745446, 39.873477944001316 ], [ 140.678054499609544, 39.873444057297256 ], [ 140.678096999530652, 39.873427639737891 ], [ 140.678112832737469, 39.87342152977368 ], [ 140.678251721461692, 39.873455416477739 ], [ 140.678310055828121, 39.873449860813025 ], [ 140.678346721321816, 39.873415973317108 ], [ 140.678346721321816, 39.873213194722517 ], [ 140.678448944552315, 39.873072361472737 ], [ 140.678456166684242, 39.873004858879504 ], [ 140.678236999780808, 39.872999305590362 ], [ 140.678200611084918, 39.872954028823408 ], [ 140.678185888784782, 39.872880972149176 ], [ 140.678222278719147, 39.872734304501215 ], [ 140.678244221912735, 39.872582360713864 ], [ 140.678266167583246, 39.872542915969518 ], [ 140.678339221772831, 39.872497917144173 ], [ 140.678419777369129, 39.872503472808887 ], [ 140.678514499812195, 39.872571251760007 ], [ 140.678580332489105, 39.872593749984894 ], [ 140.678675331729977, 39.872582360713864 ], [ 140.678704498913191, 39.872537360304804 ], [ 140.678726472449256, 39.872227639123778 ], [ 140.678748416262067, 39.872019306448188 ], [ 140.678689806336308, 39.871951808606099 ], [ 140.678529251216332, 39.872013471258157 ], [ 140.678448972417868, 39.8720079163853 ], [ 140.678390362492109, 39.871979861703842 ], [ 140.678339249638384, 39.871929028480324 ], [ 140.678295360774285, 39.871805137790716 ], [ 140.678295360774285, 39.871596805906982 ], [ 140.67835397193852, 39.87129291912413 ], [ 140.678419805234682, 39.871191528243124 ], [ 140.678507307403521, 39.87111263954629 ], [ 140.678522028465181, 39.871062081888802 ], [ 140.678514527677748, 39.871062081888802 ], [ 140.678492860043519, 39.871028472334487 ], [ 140.678310083693646, 39.870949583637653 ], [ 140.678193138782262, 39.870881804686526 ], [ 140.678076194490075, 39.870740972228596 ], [ 140.678003167546791, 39.870538192842155 ], [ 140.677966778231678, 39.870330140483745 ], [ 140.677900944316292, 39.870228749602731 ], [ 140.677703721844892, 39.870048470816748 ], [ 140.677608721984797, 39.869913193231675 ], [ 140.677572332669655, 39.869823195580985 ], [ 140.677572332669655, 39.869744306092286 ], [ 140.677667333149003, 39.869648471667851 ], [ 140.677769556379531, 39.86961458258822 ], [ 140.677995944176416, 39.86961458258822 ], [ 140.678295388639839, 39.869670971476452 ], [ 140.678456223034573, 39.869693472076911 ], [ 140.678631499835461, 39.869687917204054 ], [ 140.678741221995722, 39.869659860938881 ], [ 140.678989556082342, 39.869558471641589 ], [ 140.679098999587069, 39.86955291756059 ], [ 140.679179278385533, 39.869564028098161 ], [ 140.67941316882758, 39.869625972651107 ], [ 140.679530111262039, 39.869625972651107 ], [ 140.679537362497996, 39.869564028098161 ], [ 140.679500972563631, 39.869490695066034 ], [ 140.679405694667224, 39.869389582126637 ], [ 140.679033473431247, 39.869113748441528 ], [ 140.678777638557165, 39.868865972605306 ], [ 140.678697360997148, 39.868753472770443 ], [ 140.678638748594466, 39.868629582872693 ], [ 140.678638748594466, 39.868443472064101 ], [ 140.678609583888203, 39.868415415798928 ], [ 140.678354028908103, 39.868404306845072 ], [ 140.678324583069383, 39.868398473238749 ], [ 140.678215139564657, 39.868285971820178 ], [ 140.678193195132593, 39.868229582931939 ], [ 140.678200694062326, 39.868184584106594 ], [ 140.678342916745066, 39.868079028060762 ], [ 140.678383192995142, 39.86804930652152 ], [ 140.678441526742319, 39.867964859784401 ], [ 140.678441526742319, 39.867902916815169 ], [ 140.678397640355143, 39.867869028527394 ], [ 140.678207916813477, 39.867863472070823 ], [ 140.678149581827853, 39.86781291599705 ], [ 140.678127943297625, 39.867700141388006 ], [ 140.678252110960187, 39.867536805954053 ], [ 140.67855127800658, 39.867305971094289 ], [ 140.678558500138507, 39.867221529108313 ], [ 140.678434333714392, 39.867227081605598 ], [ 140.678274055392251, 39.867260972268944 ], [ 140.678062110620715, 39.86728902774226 ], [ 140.677828221417144, 39.867283470493831 ], [ 140.67774794261868, 39.867260972268944 ], [ 140.677616554681919, 39.867154028098795 ], [ 140.677587389975656, 39.867063750922782 ], [ 140.677594610249855, 39.86699069424855 ], [ 140.677667666297168, 39.866894862199686 ], [ 140.677762667395768, 39.86684430691777 ], [ 140.677930444647671, 39.866810417046274 ], [ 140.677959888628692, 39.866787918821387 ], [ 140.677959888628692, 39.866703473667982 ], [ 140.677937167676589, 39.866666666597403 ], [ 140.677932442917381, 39.866659027558427 ], [ 140.677886832581379, 39.866585140226803 ], [ 140.677864888149344, 39.866455693080624 ], [ 140.677762667395768, 39.866292639547559 ], [ 140.67774794261868, 39.866202359204117 ], [ 140.677689610109979, 39.866117917218141 ], [ 140.67744130698506, 39.865915140207264 ], [ 140.677426581588776, 39.865864582549776 ], [ 140.677433805578374, 39.865785694644799 ], [ 140.677506860387211, 39.865661807122613 ], [ 140.677514361174673, 39.865515417416262 ], [ 140.677433805578374, 39.865335140213986 ], [ 140.677397418120961, 39.86527319566104 ], [ 140.677397418120961, 39.86518319484292 ], [ 140.677455751248914, 39.865081777830653 ], [ 140.677470472929798, 39.86503094381527 ], [ 140.677462971523113, 39.864935388124294 ], [ 140.677433805578374, 39.864828166804394 ], [ 140.67744130698506, 39.86473260952971 ], [ 140.677477694442473, 39.864664833746012 ], [ 140.677557973240937, 39.864631221816126 ], [ 140.677777166152225, 39.864631221816126 ], [ 140.678347167789894, 39.86473260952971 ], [ 140.679501056160291, 39.864929554517978 ], [ 140.679647167016412, 39.864940943789009 ], [ 140.679851610381263, 39.864895943379949 ], [ 140.680034110552526, 39.86480566778765 ], [ 140.680180223266376, 39.86477205585777 ], [ 140.680436056901982, 39.86477205585777 ], [ 140.680698831537086, 39.864839556075431 ], [ 140.680895777829875, 39.864918445564122 ], [ 140.681019944253961, 39.864940667431114 ], [ 140.681297444285349, 39.864931777258974 ], [ 140.68159744420214, 39.864907333442837 ], [ 140.681811332131502, 39.864889831832024 ], [ 140.682416667289459, 39.864813610899503 ], [ 140.683293333045526, 39.864644471949774 ], [ 140.683293333045526, 39.864503138246725 ], [ 140.683312970829093, 39.864089193714236 ], [ 140.683333332497767, 39.864087195068606 ], [ 140.683346639227835, 39.864085860790524 ], [ 140.683770889165345, 39.864043778372412 ], [ 140.684614832093757, 39.863968055517581 ], [ 140.685151276794869, 39.863922610085204 ], [ 140.68526905643435, 39.863963001889843 ], [ 140.685262472113976, 39.864124528723714 ], [ 140.685308277508824, 39.864361806127384 ], [ 140.685936306372582, 39.864381973126946 ], [ 140.686584000266208, 39.864397140345005 ], [ 140.687283971793647, 39.864397140345005 ], [ 140.687964361268627, 39.864361806127384 ], [ 140.688291443406058, 39.864351694120778 ], [ 140.688513889156155, 39.864296139849216 ], [ 140.688618556505219, 39.864053833365361 ], [ 140.688625081998339, 39.863937750380146 ], [ 140.688749388369416, 39.863740860029971 ], [ 140.688939110672607, 39.863750945905323 ], [ 140.689213860064342, 39.863856943807036 ], [ 140.689612944311989, 39.864008389516698 ], [ 140.690103584237448, 39.864149750142865 ], [ 140.690568055932403, 39.86432641647982 ], [ 140.691078360268506, 39.864462720310826 ], [ 140.691647500550999, 39.864553584252448 ], [ 140.691666666477857, 39.864556111066321 ], [ 140.691666666477857, 39.864327667612976 ], [ 140.691527307135431, 39.864310000504169 ], [ 140.690794583057055, 39.864163610797817 ], [ 140.690186167207486, 39.86401722346703 ], [ 140.689276805870037, 39.863709306926808 ], [ 140.689038971523502, 39.863592944416283 ], [ 140.688947389218555, 39.863532361856393 ], [ 140.68890813904008, 39.863441499498478 ], [ 140.688921221607245, 39.863239556312422 ], [ 140.688999723821951, 39.863118416532053 ], [ 140.689104388694062, 39.86298716870435 ], [ 140.689117471261255, 39.862876111631905 ], [ 140.689038971523502, 39.86278524927399 ], [ 140.688777307175883, 39.862623693933287 ], [ 140.688672611342014, 39.862563110581547 ], [ 140.688659528774849, 39.862462166307566 ], [ 140.688711860901293, 39.862361195110466 ], [ 140.68873805513968, 39.862209776323922 ], [ 140.688868917346355, 39.862068418073328 ], [ 140.689078248948306, 39.861967443708799 ], [ 140.689182916916621, 39.861927081994708 ], [ 140.689366110630516, 39.861755444737945 ], [ 140.689523139829276, 39.861593887813527 ], [ 140.689680138066308, 39.861503027039326 ], [ 140.689863306391601, 39.861462639985831 ], [ 140.690033416919078, 39.861452555694193 ], [ 140.690216582148196, 39.861442444479437 ], [ 140.6905960273738, 39.861492944331403 ], [ 140.691381083578591, 39.861614081736207 ], [ 140.691666666477857, 39.861666946071473 ], [ 140.691666666477857, 39.861329750639747 ], [ 140.691384389052331, 39.861290997977925 ], [ 140.690972222237519, 39.861215278290523 ], [ 140.690762861531567, 39.861154721070037 ], [ 140.690448861342077, 39.861084028879105 ], [ 140.690226416211203, 39.861048693077777 ], [ 140.690043222497309, 39.861043667165013 ], [ 140.689768443382292, 39.861104221218071 ], [ 140.689578722317577, 39.861255668511447 ], [ 140.689441333379307, 39.861422248973049 ], [ 140.689120750107918, 39.861654473540845 ], [ 140.688852526828498, 39.861816000374709 ], [ 140.688603916563267, 39.861987638423336 ], [ 140.688420722849372, 39.862129000633217 ], [ 140.688276777456281, 39.862245111333401 ], [ 140.688185195151334, 39.862320805681399 ], [ 140.688152472323651, 39.862330915312441 ], [ 140.688106694175104, 39.862260250044628 ], [ 140.688087056391538, 39.862159277263814 ], [ 140.688047833459365, 39.862028026268689 ], [ 140.687982416288804, 39.861901832068725 ], [ 140.687871193723367, 39.861816000374709 ], [ 140.68783847213416, 39.861750388734634 ], [ 140.687858111156203, 39.86168477709456 ], [ 140.687930081685437, 39.861609058199015 ], [ 140.687936610893956, 39.861568666394376 ], [ 140.687845027350534, 39.861573695474561 ], [ 140.687570250712469, 39.861634278034451 ], [ 140.687347832827925, 39.861694832087508 ], [ 140.687216971859698, 39.861715028385753 ], [ 140.686955305654379, 39.861715028385753 ], [ 140.686889833371936, 39.8617756117375 ], [ 140.686732832657952, 39.861916972363666 ], [ 140.686523471951972, 39.861967443708799 ], [ 140.686405720797268, 39.861937140155085 ], [ 140.686301055305904, 39.861937140155085 ], [ 140.686196361948987, 39.861997750429943 ], [ 140.686039361235032, 39.862017943560765 ], [ 140.685882361759525, 39.862017943560765 ], [ 140.685777694410461, 39.862028056359236 ], [ 140.685620667069401, 39.862108804334966 ], [ 140.685424388930613, 39.862219861407418 ], [ 140.685215056090186, 39.862260250044628 ], [ 140.684953360780838, 39.862280443967308 ], [ 140.684626249539377, 39.862260250044628 ], [ 140.684456139631124, 39.862280443967308 ], [ 140.684142110956856, 39.862391501039752 ], [ 140.684102860778353, 39.862401609878937 ], [ 140.683932749012428, 39.862381415956257 ], [ 140.68380191714823, 39.862330944611124 ], [ 140.683736472112088, 39.862240082253209 ], [ 140.683762666969727, 39.862149192972176 ], [ 140.683906611743595, 39.862017943560765 ], [ 140.684011276615735, 39.861866499434818 ], [ 140.683985111481348, 39.861775638660617 ], [ 140.683801943156055, 39.861654473540845 ], [ 140.683566416696493, 39.861604001403855 ], [ 140.683346695578166, 39.861523944718783 ], [ 140.683333332497767, 39.861519084304014 ] ] ] } },
{ "type": "Feature", "properties": { "P12_001": 10516, "P12_002": "田沢湖", "P12_003": "05", "P12_004": "05215", "P12_005": "‐", "P12_006": "仙北市田沢湖田沢字春山　および　潟前　および　上石神", "P12_007": 1 }, "geometry": { "type": "Polygon", "coordinates": [ [ [ 140.65833333303442, 39.750000000054577 ], [ 140.658469250052292, 39.750000000054577 ], [ 140.658470250116011, 39.749996694053984 ], [ 140.658472555526032, 39.749992250947557 ], [ 140.658499417299225, 39.749940305165744 ], [ 140.658528583243964, 39.749895306340399 ], [ 140.658564972559077, 39.749850307515054 ], [ 140.658711110661528, 39.749767250485974 ], [ 140.6587872213926, 39.749712250513916 ], [ 140.658962776229771, 39.749697528319167 ], [ 140.659218889759387, 39.749752529083082 ], [ 140.659413610523416, 39.749748888919072 ], [ 140.659731110007044, 39.749698332845298 ], [ 140.660102777647381, 39.749653334019953 ], [ 140.660250000029436, 39.749624167572065 ], [ 140.660501666216902, 39.749565278001228 ], [ 140.660598889128863, 39.749535277728519 ], [ 140.660667777108756, 39.749514166044243 ], [ 140.660853333821507, 39.749448057118329 ], [ 140.661224723425562, 39.749326945052935 ], [ 140.661589168314748, 39.749259166893665 ], [ 140.661763889662268, 39.749236666293207 ], [ 140.662099167987492, 39.749231110628493 ], [ 140.662434472939793, 39.749259166893665 ], [ 140.66262086004599, 39.749308889142618 ], [ 140.662782527930347, 39.749345556846464 ], [ 140.66301724876584, 39.749433889223084 ], [ 140.663177528326486, 39.749495832192316 ], [ 140.663345027542078, 39.749546389849804 ], [ 140.663381416237968, 39.749546389849804 ], [ 140.663454472285281, 39.749563333201834 ], [ 140.663628361381654, 39.74957694442201 ], [ 140.663813638200395, 39.749617498557214 ], [ 140.663918360661313, 39.749628331153176 ], [ 140.664117528148267, 39.749692777180584 ], [ 140.66427058248081, 39.749692777180584 ], [ 140.664379193734362, 39.749698054903696 ], [ 140.664512249269649, 39.749672498529272 ], [ 140.664702250847569, 39.749613611333999 ], [ 140.664939749569015, 39.749529166180594 ], [ 140.665182249847504, 39.749455833148474 ], [ 140.66532002828427, 39.749396945161344 ], [ 140.665545583829982, 39.749287222366981 ], [ 140.665633081664197, 39.749157749881398 ], [ 140.665727805345739, 39.749022750237934 ], [ 140.665844470982364, 39.748909972461462 ], [ 140.665902527312511, 39.748876360531575 ], [ 140.666150306565044, 39.748780528482712 ], [ 140.666245056254411, 39.748746639403073 ], [ 140.666478388146942, 39.74871886107951 ], [ 140.66666666701451, 39.748687833769019 ], [ 140.666681167009472, 39.748685443946307 ], [ 140.667058109289229, 39.748623307764106 ], [ 140.667374778998635, 39.748566640934264 ], [ 140.667418389207199, 39.748561082102128 ], [ 140.667738945232287, 39.748516083276776 ], [ 140.668017832348937, 39.748476359007114 ], [ 140.66819338966306, 39.74843219400659 ], [ 140.668445610684614, 39.748369694362282 ], [ 140.668525888244602, 39.748313305474049 ], [ 140.668620610687668, 39.748217472633321 ], [ 140.668824499837655, 39.74803747178894 ], [ 140.669013944104535, 39.747924694804325 ], [ 140.669079778639173, 39.747896640122867 ], [ 140.669123390086213, 39.747868305916093 ], [ 140.66938116811815, 39.747808028220931 ], [ 140.669604527858354, 39.747778582247726 ], [ 140.669884807014142, 39.747763862428549 ], [ 140.670260082933908, 39.747771360517085 ], [ 140.670530916286708, 39.747804415771895 ], [ 140.670788139484529, 39.747859138594201 ], [ 140.670806193885483, 39.747863027401131 ], [ 140.671100916685901, 39.74788525005998 ], [ 140.6713573063941, 39.747936639958574 ], [ 140.671623693643227, 39.747973304494991 ], [ 140.671923417381407, 39.747988027481597 ], [ 140.672498418099138, 39.748127720458122 ], [ 140.672987861044334, 39.748237999927554 ], [ 140.673272582588396, 39.74828577816897 ], [ 140.673505360885287, 39.7483296668116 ], [ 140.67389452809249, 39.748359111201097 ], [ 140.67425091612165, 39.748359111201097 ], [ 140.674621749653113, 39.748318832631931 ], [ 140.674831221202055, 39.748292999899611 ], [ 140.674999999756153, 39.748264333113134 ], [ 140.675014556101416, 39.748261860937362 ], [ 140.675068444364172, 39.748252721330445 ], [ 140.675220390886182, 39.748234389062233 ], [ 140.675538720763257, 39.748160777296647 ], [ 140.675781778352757, 39.748129111749869 ], [ 140.675967333827032, 39.748125222942939 ], [ 140.676023445141595, 39.748133000556798 ], [ 140.676089277818505, 39.747936331926425 ], [ 140.676118443763244, 39.747868556142727 ], [ 140.67623122184574, 39.747743277328794 ], [ 140.676359556337218, 39.747669945880382 ], [ 140.676570390202045, 39.747587167584761 ], [ 140.676691778120954, 39.747541889234093 ], [ 140.676800943589399, 39.747497722649861 ], [ 140.677038721585603, 39.747394944436387 ], [ 140.677269832283997, 39.747282998901021 ], [ 140.67735733321436, 39.747232165677502 ], [ 140.677386499159098, 39.747221334665248 ], [ 140.677452055657426, 39.747170499066158 ], [ 140.677618165930085, 39.74706827752776 ], [ 140.677779860441518, 39.746965499314285 ], [ 140.677950972890415, 39.746917722656583 ], [ 140.678264582342933, 39.746859112611062 ], [ 140.678595971875524, 39.74683272161996 ], [ 140.678960417383934, 39.746815752136669 ], [ 140.679127916599555, 39.746793249952496 ], [ 140.679171527427371, 39.746782139414925 ], [ 140.679370970473656, 39.74673102745794 ], [ 140.679790972462541, 39.746539917659703 ], [ 140.679856528960869, 39.746511582661071 ], [ 140.679900415967268, 39.746483529563328 ], [ 140.680082638721473, 39.74637658222575 ], [ 140.680330417974005, 39.746280750968737 ], [ 140.680381249076049, 39.746269362489564 ], [ 140.680607360694353, 39.746173805214873 ], [ 140.680680138705355, 39.746128804805814 ], [ 140.680818472595462, 39.746049917692694 ], [ 140.680935138232115, 39.745987972347891 ], [ 140.681226277522512, 39.745807972295367 ], [ 140.681255443467222, 39.745785471694909 ], [ 140.681437666221456, 39.745672694710294 ], [ 140.681641834646172, 39.745548806396251 ], [ 140.68180211049139, 39.745436306561388 ], [ 140.682003221755423, 39.745343249177452 ], [ 140.682340443238473, 39.745152417320824 ], [ 140.682478500949998, 39.745034916120744 ], [ 140.68250711206062, 39.744972417268301 ], [ 140.682523500101553, 39.744906861850026 ], [ 140.682603778900017, 39.744732418254074 ], [ 140.682632943606279, 39.744687138319698 ], [ 140.682725442378285, 39.744568526936902 ], [ 140.682839611261443, 39.744491306681567 ], [ 140.683001277907323, 39.744329638897256 ], [ 140.683164889568786, 39.744174639335938 ], [ 140.683252111224391, 39.744084638517819 ], [ 140.683274056275678, 39.744056583836361 ], [ 140.683333332497767, 39.744000474473445 ], [ 140.68334794519339, 39.74398663994976 ], [ 140.683357389138678, 39.74397769434767 ], [ 140.683442972919067, 39.743915193911505 ], [ 140.68353324925846, 39.74385658228227 ], [ 140.683604639564948, 39.743816028938923 ], [ 140.683732972817978, 39.743772415070474 ], [ 140.683951861685131, 39.743696277282872 ], [ 140.684156028252147, 39.743622944250752 ], [ 140.684330472182637, 39.743589332320866 ], [ 140.684497693361948, 39.743533777257454 ], [ 140.684701861786664, 39.743504332867964 ], [ 140.684797140302322, 39.743474889270324 ], [ 140.684935470477029, 39.743442942614514 ], [ 140.684947417368136, 39.743436832650303 ], [ 140.685095750037647, 39.743358499044824 ], [ 140.685219639663927, 39.743290721677411 ], [ 140.685409083311583, 39.743183778299112 ], [ 140.685649639193741, 39.743009332327588 ], [ 140.685795195215775, 39.742907944614011 ], [ 140.686137695053674, 39.742705166019419 ], [ 140.686269081751959, 39.742609333970556 ], [ 140.686407139463483, 39.742512665721293 ], [ 140.686473529451462, 39.742431833016923 ], [ 140.686516334035957, 39.742354611177873 ], [ 140.686568556557887, 39.742259331844792 ], [ 140.686633277089641, 39.742170166435209 ], [ 140.68665522276018, 39.742147667418458 ], [ 140.686669944441064, 39.742124889668254 ], [ 140.686735500320168, 39.742074334386338 ], [ 140.686822721975773, 39.742051832994022 ], [ 140.686986889090576, 39.741998777029501 ], [ 140.687128831879335, 39.741928222621588 ], [ 140.687157999062521, 39.74190572202113 ], [ 140.687216332190474, 39.741871830565927 ], [ 140.68728883340367, 39.741815722786725 ], [ 140.687383833883018, 39.741736834089892 ], [ 140.687449389762122, 39.741697387761832 ], [ 140.687496528988078, 39.741666668483482 ], [ 140.687508638737881, 39.741658778426014 ], [ 140.687651888111418, 39.741565444684184 ], [ 140.687737167847644, 39.741510442336562 ], [ 140.68805411125868, 39.741336832565423 ], [ 140.688119667757007, 39.74130877946768 ], [ 140.68817800088496, 39.741274889596191 ], [ 140.688354668486511, 39.7411437779678 ], [ 140.688639665589932, 39.74097488845284 ], [ 140.688796611192032, 39.740849888372374 ], [ 140.689034111151955, 39.740692110186842 ], [ 140.689114942926807, 39.740600140021783 ], [ 140.689212750396138, 39.740464027028182 ], [ 140.689241916340876, 39.740413194596513 ], [ 140.689263860772911, 39.740340138714139 ], [ 140.68930774963701, 39.74026124843359 ], [ 140.689322193900864, 39.740249859954417 ], [ 140.689329417271239, 39.740232917394238 ], [ 140.689351361703302, 39.740199305464358 ], [ 140.689394971911867, 39.740154028697404 ], [ 140.689540805970182, 39.740013472597369 ], [ 140.689737472369018, 39.739889582699618 ], [ 140.689897749452712, 39.739810971944387 ], [ 140.689985249763851, 39.739732082455696 ], [ 140.690065527943062, 39.739630694742111 ], [ 140.690189416950119, 39.739529307028533 ], [ 140.690364138916863, 39.739427916147527 ], [ 140.690502750224027, 39.739365971594573 ], [ 140.690626637992608, 39.739320972769228 ], [ 140.690757471714505, 39.739309584290055 ], [ 140.690896082402446, 39.739287082897739 ], [ 140.691048861175631, 39.739264582297281 ], [ 140.691183028856045, 39.739257916449851 ], [ 140.69119469399547, 39.739152082462418 ], [ 140.691216639665981, 39.739095693574185 ], [ 140.691304138738673, 39.738977360132999 ], [ 140.691428028364925, 39.738887360898595 ], [ 140.691515250020558, 39.738791527266017 ], [ 140.691595528819022, 39.738718472175499 ], [ 140.691631916276435, 39.738673195408545 ], [ 140.691666666477857, 39.73856280666292 ], [ 140.691681388777994, 39.738516057043007 ], [ 140.691684998915093, 39.738504583043337 ], [ 140.691737222056275, 39.738412917743005 ], [ 140.691799720774668, 39.738335417170489 ], [ 140.691865277272996, 39.738284581571399 ], [ 140.692027221955186, 39.738177916926567 ], [ 140.692193611502574, 39.738097082638483 ], [ 140.692402500351847, 39.738038194651352 ], [ 140.692506388703919, 39.738014306718433 ], [ 140.692936388233733, 39.738008750261862 ], [ 140.693016667032197, 39.738008750261862 ], [ 140.693147778171152, 39.737963748269088 ], [ 140.693249722126893, 39.73791902896906 ], [ 140.693344443331483, 39.737845694353226 ], [ 140.693424720891471, 39.737783749800279 ], [ 140.693475832506749, 39.737732916576753 ], [ 140.693526667324164, 39.737693748190303 ], [ 140.693599444096719, 39.737614861077184 ], [ 140.693694443956844, 39.737496529219712 ], [ 140.693716110971849, 39.737440140331472 ], [ 140.693774444099773, 39.737271250024662 ], [ 140.693810832795663, 39.737181249206543 ], [ 140.693825555715023, 39.737135972439589 ], [ 140.693832777227726, 39.737119307029168 ], [ 140.693847222110804, 39.737068471430078 ], [ 140.693898332487578, 39.736933193845005 ], [ 140.694029443626533, 39.736685388710093 ], [ 140.694157222045419, 39.736455111317262 ], [ 140.694280860881719, 39.736312054534622 ], [ 140.694393637725739, 39.73623483427928 ], [ 140.694537250589917, 39.73620927869672 ], [ 140.694677804435713, 39.736161777605055 ], [ 140.694808918051592, 39.736139277004597 ], [ 140.69496919389681, 39.736094278179252 ], [ 140.695042249944123, 39.736077335619072 ], [ 140.695056693588725, 39.736065945556184 ], [ 140.695136972387189, 39.736026500019982 ], [ 140.695224472698328, 39.736026500019982 ], [ 140.695311972390243, 39.736077335619072 ], [ 140.695406694833309, 39.736116778779703 ], [ 140.695463915816106, 39.736102610092601 ], [ 140.695523083052905, 39.736054832643049 ], [ 140.695523083052905, 39.735863165377879 ], [ 140.69554502748494, 39.73579566753579 ], [ 140.695592249069108, 39.735669277747292 ], [ 140.695768082561784, 39.73551511042708 ], [ 140.695901972205917, 39.73537927854251 ], [ 140.696000860858675, 39.735273166613467 ], [ 140.696149750220002, 39.735080667899048 ], [ 140.696237250531141, 39.734883721327066 ], [ 140.696341972992087, 39.734597610929214 ], [ 140.696455860123535, 39.734331779182675 ], [ 140.696732832567136, 39.73387566750344 ], [ 140.696842278548786, 39.733717890901623 ], [ 140.696995332881329, 39.73345872025137 ], [ 140.697026972048633, 39.733333333744966 ], [ 140.697028970937595, 39.73332538746569 ], [ 140.697058944983354, 39.733206501308722 ], [ 140.69719172248233, 39.732949278625291 ], [ 140.697253666985858, 39.732861223398423 ], [ 140.697315332833853, 39.732739556241668 ], [ 140.69734866808443, 39.732674000823401 ], [ 140.697381443547044, 39.732557611389751 ], [ 140.69744338928902, 39.732460943932352 ], [ 140.697476722062675, 39.732387331374909 ], [ 140.697548944001113, 39.732282054854394 ], [ 140.697556443550098, 39.73224816656662 ], [ 140.697570889671653, 39.732225666758019 ], [ 140.697600056854839, 39.732180667140817 ], [ 140.697658389982792, 39.732062306776513 ], [ 140.69768755592753, 39.731989250894138 ], [ 140.697731444791629, 39.731938418462477 ], [ 140.697760332700085, 39.731893416469703 ], [ 140.697818666447233, 39.731797582045267 ], [ 140.697884222326337, 39.731685082210404 ], [ 140.697928111190436, 39.731645639049766 ], [ 140.697950055622499, 39.731589250161534 ], [ 140.697971722018252, 39.731561193896361 ], [ 140.697971722018252, 39.73154424816876 ], [ 140.698000889201467, 39.731510361464693 ], [ 140.698015333465293, 39.731476748742956 ], [ 140.698052000816716, 39.731420359854724 ], [ 140.698110333944641, 39.73132452859771 ], [ 140.69819366680764, 39.731154249374718 ], [ 140.69824147109145, 39.730969805423911 ], [ 140.698298138478606, 39.730922861799172 ], [ 140.698469249689026, 39.730930083529813 ], [ 140.69855480684231, 39.730886194095326 ], [ 140.698692582182929, 39.730845638376408 ], [ 140.698806750446835, 39.730768695270818 ], [ 140.698933694756875, 39.730665639115742 ], [ 140.698970082214288, 39.730615083833825 ], [ 140.69900647152943, 39.730541750009841 ], [ 140.699072305444815, 39.730350360686288 ], [ 140.699108693521453, 39.73022646999668 ], [ 140.699125083420086, 39.730075081300683 ], [ 140.699177305942044, 39.729865640026091 ], [ 140.699217860228373, 39.729708417723778 ], [ 140.699217860228373, 39.729499806314728 ], [ 140.69906480589583, 39.729325361926911 ], [ 140.699072305444815, 39.729235361108799 ], [ 140.699181471532484, 39.729145082349071 ], [ 140.699195915796309, 39.729117304025507 ], [ 140.699217860228373, 39.729083417321441 ], [ 140.699239804660408, 39.729021471976637 ], [ 140.699283417965177, 39.728824249838617 ], [ 140.699305361777988, 39.728570915962116 ], [ 140.699305361777988, 39.728278139716835 ], [ 140.699320083458872, 39.727793694622676 ], [ 140.699334527103474, 39.727686751244384 ], [ 140.699334527103474, 39.727607860963829 ], [ 140.699385665965053, 39.727275638390488 ], [ 140.699407332360806, 39.727191195612654 ], [ 140.699465666727235, 39.726847583768283 ], [ 140.699465666727235, 39.726751750135698 ], [ 140.699487609920823, 39.726582834489484 ], [ 140.699487609920823, 39.72622255565097 ], [ 140.699451222463381, 39.726019777056379 ], [ 140.69942927679287, 39.725963388168147 ], [ 140.699334000754163, 39.725819500728115 ], [ 140.699262888483929, 39.725727833052211 ], [ 140.699101499255107, 39.725586168353175 ], [ 140.698912332405257, 39.725478945449559 ], [ 140.698555390161232, 39.725309499259531 ], [ 140.698199278310625, 39.725155333523041 ], [ 140.697933166620857, 39.725056166174888 ], [ 140.697923721437093, 39.725051167185242 ], [ 140.697825889198413, 39.72499999900645 ], [ 140.697810610825684, 39.72499200125651 ], [ 140.697785666821744, 39.724978942752124 ], [ 140.697667055550312, 39.72489088990082 ], [ 140.697498443570311, 39.724696443219592 ], [ 140.69739649961457, 39.724566999240835 ], [ 140.697367332431355, 39.724544500224091 ], [ 140.697170387996266, 39.724274222203697 ], [ 140.697047055681026, 39.724105054747135 ], [ 140.696915667744264, 39.723902556469724 ], [ 140.696835666982082, 39.723767276509086 ], [ 140.696719000106981, 39.723592832913127 ], [ 140.696507611408038, 39.723257277416074 ], [ 140.696426779013933, 39.723088388692979 ], [ 140.696246221381273, 39.722783944443201 ], [ 140.6961359437677, 39.722505889600811 ], [ 140.696055944243994, 39.722325611606678 ], [ 140.696004832628745, 39.722229779557807 ], [ 140.695866499357862, 39.722010056819329 ], [ 140.695728444742514, 39.721865886686551 ], [ 140.695628721980881, 39.721777554309931 ], [ 140.695301221240925, 39.721520889885284 ], [ 140.695120388048935, 39.72139227893949 ], [ 140.694802055694936, 39.721179221256584 ], [ 140.694452888559198, 39.7209400576509 ], [ 140.69433622230332, 39.720872558225096 ], [ 140.694219833464501, 39.720782557406977 ], [ 140.69394288826723, 39.720517833467582 ], [ 140.693636778363697, 39.720179777287925 ], [ 140.693505667224741, 39.720022277044002 ], [ 140.693310693813032, 39.719780611171991 ], [ 140.693243470954656, 39.71965616618288 ], [ 140.693134028688405, 39.719464499709574 ], [ 140.693046805794324, 39.719329777215862 ], [ 140.692973749747011, 39.719256444183735 ], [ 140.692712083541693, 39.719068388575749 ], [ 140.692514859831817, 39.718929778066965 ], [ 140.692223193572886, 39.718749778806298 ], [ 140.692157640170734, 39.718704776813524 ], [ 140.692077640027804, 39.71865950004657 ], [ 140.692048470367638, 39.718648387925292 ], [ 140.691866250090385, 39.718547000211707 ], [ 140.691815138475135, 39.718524500403106 ], [ 140.691793194043072, 39.718507557051076 ], [ 140.691691251325778, 39.718456721451986 ], [ 140.691681528105732, 39.718452945088671 ], [ 140.691666666477857, 39.718447194627274 ], [ 140.691647638021038, 39.718439778891806 ], [ 140.691574583212201, 39.71838922360989 ], [ 140.69152375087171, 39.718372277882288 ], [ 140.691494582450048, 39.718349778073687 ], [ 140.691399861245429, 39.718327277473229 ], [ 140.691305139421615, 39.718287832728883 ], [ 140.691188472546486, 39.71825977963114 ], [ 140.691107361496876, 39.718252276791468 ], [ 140.691001806165559, 39.718242555961929 ], [ 140.690892639458639, 39.71824616682725 ], [ 140.690816527489091, 39.718238941929187 ], [ 140.690716804727487, 39.718213389514048 ], [ 140.69060569300504, 39.718169500871412 ], [ 140.690532917470961, 39.718141443022532 ], [ 140.69046013945993, 39.718090612174578 ], [ 140.690255971035214, 39.717888111521596 ], [ 140.690204860658412, 39.717848668360965 ], [ 140.690044583574746, 39.717668389574975 ], [ 140.689920693948466, 39.717516167846014 ], [ 140.689862360820513, 39.717460056899384 ], [ 140.689738193157979, 39.717339221983742 ], [ 140.689600138542602, 39.717105333725591 ], [ 140.689549028165828, 39.716998110821976 ], [ 140.689534582044274, 39.716958667661338 ], [ 140.689432361290699, 39.716716721472153 ], [ 140.689403916754173, 39.716666667435362 ], [ 140.689399389530763, 39.716658666517993 ], [ 140.689352359290069, 39.71657588901423 ], [ 140.689257639323955, 39.716446165510156 ], [ 140.689199306196002, 39.716350611402895 ], [ 140.689170139012788, 39.716260332643166 ], [ 140.689111805884863, 39.716119501768951 ], [ 140.689075417808198, 39.715911167509653 ], [ 140.689075417808198, 39.715849221372991 ], [ 140.68905347275691, 39.715747832075699 ], [ 140.689039029112308, 39.715657832049438 ], [ 140.689017361478079, 39.715607277559378 ], [ 140.689017361478079, 39.715567831231319 ], [ 140.689002917833477, 39.71551699879965 ], [ 140.688995417046044, 39.715370611468863 ], [ 140.689046527422818, 39.71517338933085 ], [ 140.689068471854881, 39.715156723128565 ], [ 140.689039305910143, 39.715004500607748 ], [ 140.689039305910143, 39.714931442349808 ], [ 140.689024581752307, 39.714475334629853 ], [ 140.689039305910143, 39.714368391251554 ], [ 140.689075694606032, 39.714255888249269 ], [ 140.689170444295399, 39.714002275639302 ], [ 140.689184890416954, 39.713985611020732 ], [ 140.689199610240138, 39.71387283324426 ], [ 140.689177666427327, 39.713732000786337 ], [ 140.689141277112213, 39.713647557216639 ], [ 140.689061277588507, 39.713484220198971 ], [ 140.68893100117765, 39.713215611411933 ], [ 140.688869332852704, 39.713028387253203 ], [ 140.688849888270312, 39.712870332709777 ], [ 140.688835167208651, 39.712774499869049 ], [ 140.688840722361306, 39.71269422304789 ], [ 140.688813499574422, 39.712628111746412 ], [ 140.688784333629684, 39.712498667767662 ], [ 140.688741276397536, 39.712422555319463 ], [ 140.68871294394242, 39.712330611285665 ], [ 140.688696833318545, 39.712166443610606 ], [ 140.688667667373807, 39.712093110578479 ], [ 140.68866016782485, 39.711946720872128 ], [ 140.688674887648034, 39.71187366578161 ], [ 140.688674887648034, 39.711738390572108 ], [ 140.688652941977523, 39.711603111403321 ], [ 140.688609332388182, 39.711479220713713 ], [ 140.688536557473327, 39.711332833382933 ], [ 140.688485444000378, 39.711141722792838 ], [ 140.688480444920287, 39.71102003029668 ], [ 140.688412388572289, 39.710854471329867 ], [ 140.68840516644039, 39.710803640481913 ], [ 140.688376000495651, 39.710679750584163 ], [ 140.688347110110271, 39.710618082389111 ], [ 140.688347110110271, 39.710584195685044 ], [ 140.688325165678208, 39.710555859894555 ], [ 140.688230444473618, 39.710448915724406 ], [ 140.68815016691363, 39.710370027027565 ], [ 140.688011833023523, 39.7102180816565 ], [ 140.687995165707832, 39.710196140106682 ], [ 140.687887943397243, 39.710054750181826 ], [ 140.687866000203655, 39.710026692332946 ], [ 140.687698250817306, 39.709722527608484 ], [ 140.687698250817306, 39.709705581880883 ], [ 140.687669360431926, 39.709660583055538 ], [ 140.687596582420923, 39.709536693157787 ], [ 140.687582138776321, 39.709525305470471 ], [ 140.687472695271595, 39.70933391614691 ], [ 140.687363527326198, 39.709148083279928 ], [ 140.687283249146986, 39.709001693573569 ], [ 140.687239638938422, 39.708911416397555 ], [ 140.687174082440066, 39.708765028274918 ], [ 140.687152139246507, 39.708691971600686 ], [ 140.687137693124953, 39.708669471000228 ], [ 140.687093806118554, 39.70851169439841 ], [ 140.687029778510208, 39.708333332696846 ], [ 140.687026916408371, 39.708325304856359 ], [ 140.687021026869076, 39.708308915803826 ], [ 140.68701352732009, 39.708286415995225 ], [ 140.68693352903486, 39.708010305952222 ], [ 140.686867972536533, 39.707729192168443 ], [ 140.686867972536533, 39.707655860720031 ], [ 140.68686602814023, 39.707473916659971 ], [ 140.686880471784832, 39.707341694057007 ], [ 140.686918528079218, 39.707205862172437 ], [ 140.686936305682337, 39.707112805580351 ], [ 140.68700380533852, 39.706945028623686 ], [ 140.687056306515984, 39.706728360075459 ], [ 140.687098805817868, 39.706585027726781 ], [ 140.687103806136435, 39.706445581809461 ], [ 140.68712741692849, 39.706228917220514 ], [ 140.687098833064198, 39.706060028497419 ], [ 140.687041888259984, 39.705832249411621 ], [ 140.686984944694245, 39.70567058241916 ], [ 140.686913555626205, 39.705520307073307 ], [ 140.686808278331171, 39.705366139753096 ], [ 140.686761889617429, 39.705274750810659 ], [ 140.686693001637508, 39.705161138417509 ], [ 140.68662744513918, 39.705031417289007 ], [ 140.686605499468669, 39.705003361815692 ], [ 140.686489111249074, 39.704811694550529 ], [ 140.686277721930878, 39.704547528869924 ], [ 140.68621216729025, 39.704474194254082 ], [ 140.686044389419123, 39.704277250849529 ], [ 140.68594244484413, 39.704141971680741 ], [ 140.685876887726579, 39.704051970862629 ], [ 140.685716611262109, 39.703877250116918 ], [ 140.685298276252496, 39.703575028608142 ], [ 140.685127166280552, 39.703420859704224 ], [ 140.684944389930706, 39.703240861235408 ], [ 140.684856888381091, 39.703139471938115 ], [ 140.684819387540045, 39.70308863871459 ], [ 140.684773278720257, 39.703026416220041 ], [ 140.684462999510885, 39.702863639044864 ], [ 140.684518555991332, 39.702718916988154 ], [ 140.683826332945131, 39.702488360069999 ], [ 140.684093000088268, 39.702282528077021 ], [ 140.684025221776551, 39.702220860673819 ], [ 140.684176611606773, 39.702058082706792 ], [ 140.684112998885524, 39.701996416095454 ], [ 140.683909943225188, 39.701839748092638 ], [ 140.683714943805626, 39.701938083199678 ], [ 140.683619666528472, 39.701879751095767 ], [ 140.683508278627414, 39.701931971651753 ], [ 140.683348278341555, 39.701802499958028 ], [ 140.683333332497767, 39.701790389305785 ], [ 140.683253555898489, 39.70172586013345 ], [ 140.682966331408579, 39.70148225025391 ], [ 140.682851888823762, 39.701489194834799 ], [ 140.68248661168343, 39.701533918885964 ], [ 140.682154389280441, 39.701574471437453 ], [ 140.681807443338869, 39.70158530561713 ], [ 140.68156522295439, 39.70156697176521 ], [ 140.681318001012897, 39.701537806901037 ], [ 140.681161332208603, 39.701511971001295 ], [ 140.680819943896637, 39.701433083888169 ], [ 140.680667167600376, 39.701398083833965 ], [ 140.680505500335244, 39.701324750801845 ], [ 140.680405778812116, 39.701258640292217 ], [ 140.68033188927518, 39.701185304884525 ], [ 140.680186055216865, 39.701100861314828 ], [ 140.680054944077909, 39.701066970651482 ], [ 140.680054944077909, 39.701106416979542 ], [ 140.680069388960959, 39.701128915996286 ], [ 140.680102168139001, 39.7012033615867 ], [ 140.680135222876345, 39.70131724954588 ], [ 140.680111612084289, 39.701408916429926 ], [ 140.679909111258041, 39.701601971819414 ], [ 140.679859666622065, 39.701680861308105 ], [ 140.679798000154818, 39.701699194368175 ], [ 140.679626890182874, 39.7017322512067 ], [ 140.679275499376075, 39.701816696360105 ], [ 140.679085500275079, 39.701827805313961 ], [ 140.678862445198234, 39.701849750031208 ], [ 140.678719667681378, 39.701901138346088 ], [ 140.678629388865062, 39.701967251231281 ], [ 140.678320777254157, 39.702058667096836 ], [ 140.678101889625481, 39.702102834472932 ], [ 140.677717166045028, 39.70214700105717 ], [ 140.677336861321947, 39.702205609518984 ], [ 140.676937694096893, 39.702246168405324 ], [ 140.676761860604216, 39.702235057075896 ], [ 140.67662408216745, 39.702194500565128 ], [ 140.67650519347896, 39.702135888935892 ], [ 140.676429361403422, 39.702055054647808 ], [ 140.676234361983859, 39.701937556615157 ], [ 140.676118248704398, 39.701915888255805 ], [ 140.676062138628282, 39.701918666880019 ], [ 140.67604713953034, 39.701933945749836 ], [ 140.67609074911968, 39.701984778181505 ], [ 140.676159082265485, 39.702059222980054 ], [ 140.676360472185024, 39.702182001111375 ], [ 140.676496583023294, 39.702286165865459 ], [ 140.676487137839558, 39.702344777494694 ], [ 140.67639686026169, 39.702388944870791 ], [ 140.67633519503292, 39.702469775991446 ], [ 140.676306583922297, 39.702561445251064 ], [ 140.676258250812225, 39.702609777791977 ], [ 140.676135471473401, 39.702623943311657 ], [ 140.675969359962295, 39.702631166626013 ], [ 140.675817139119403, 39.702668111479603 ], [ 140.675560473232622, 39.70264588723704 ], [ 140.675370749690956, 39.702660332282036 ], [ 140.675233249290471, 39.702682558108314 ], [ 140.675014917734359, 39.7027286394014 ], [ 140.674999999756153, 39.70273180524341 ], [ 140.674938528967004, 39.702744777435441 ], [ 140.674591859823266, 39.70278894401968 ], [ 140.674007416398695, 39.702814775960142 ], [ 140.67375074989269, 39.702814775960142 ], [ 140.673569638045166, 39.702795613034539 ], [ 140.673307417005702, 39.702784500121396 ], [ 140.672972139299731, 39.702840611859884 ], [ 140.672731583417573, 39.7028911671418 ], [ 140.672520193480182, 39.702941722423716 ], [ 140.672377694618831, 39.702987029281211 ], [ 140.671926305491098, 39.703148691522529 ], [ 140.671573221077949, 39.703251750845034 ], [ 140.671204611217547, 39.703405081964853 ], [ 140.670738778445184, 39.703562861734099 ], [ 140.670444332442599, 39.703662025914824 ], [ 140.670235167414745, 39.703753972324186 ], [ 140.669864610681088, 39.703838417477591 ], [ 140.669669610642302, 39.703882306120228 ], [ 140.669517667216439, 39.703900638388433 ], [ 140.669389610761243, 39.703893693015686 ], [ 140.669290167274397, 39.703878970029088 ], [ 140.669166556303651, 39.703856750537661 ], [ 140.66889572295085, 39.703816472760352 ], [ 140.668648500390105, 39.703779805848363 ], [ 140.668548778866978, 39.70374313814451 ], [ 140.668358778527505, 39.703669528754496 ], [ 140.668254334102841, 39.703629250977187 ], [ 140.668090166988065, 39.703544527882173 ], [ 140.668039056611264, 39.703533137819285 ], [ 140.667966278600261, 39.703493692283082 ], [ 140.667885999801797, 39.703460082728768 ], [ 140.667820443303469, 39.703426194440986 ], [ 140.667754888662841, 39.703398138175821 ], [ 140.667652943468624, 39.703341749287581 ], [ 140.667579889898263, 39.703324805143694 ], [ 140.667499889136081, 39.703285360399349 ], [ 140.667412388205719, 39.703251750845034 ], [ 140.667152111562586, 39.703200083004837 ], [ 140.66699572203305, 39.703166750600275 ], [ 140.666807667328357, 39.703112304927714 ], [ 140.666764055262092, 39.703099529116074 ], [ 140.666681555269491, 39.703060557110014 ], [ 140.66666666701451, 39.703053529384199 ], [ 140.666632944123137, 39.703037582979412 ], [ 140.666450721988156, 39.702987029281211 ], [ 140.666232111776537, 39.702919251121941 ], [ 140.666151832978073, 39.702891194856775 ], [ 140.666086278956669, 39.702868692672602 ], [ 140.665918779121824, 39.702812306951792 ], [ 140.665755444258195, 39.702752026881058 ], [ 140.665560444219409, 39.702707859504969 ], [ 140.665370442641461, 39.702634528056556 ], [ 140.665153501266815, 39.702547582220546 ], [ 140.664942388746454, 39.70248566775814 ], [ 140.664855166471597, 39.702440668932795 ], [ 140.664672944336616, 39.70234483134093 ], [ 140.664439611824861, 39.702243443627346 ], [ 140.664337667249868, 39.702192888345429 ], [ 140.664264611821807, 39.702181777807866 ], [ 140.664155443257187, 39.702130943792483 ], [ 140.664119055799773, 39.702102889902882 ], [ 140.664031556107858, 39.702057610760363 ], [ 140.664009610437347, 39.702035111743619 ], [ 140.663965998990278, 39.70199011133456 ], [ 140.663856556724028, 39.701922610325042 ], [ 140.663820167408915, 39.701894277701975 ], [ 140.663725444965849, 39.701798722802856 ], [ 140.663696277782634, 39.701787332739968 ], [ 140.663565166643679, 39.701685943442676 ], [ 140.663528777947789, 39.701668999298782 ], [ 140.663477667571016, 39.701607333479302 ], [ 140.663404888321537, 39.701562055128633 ], [ 140.663266556908354, 39.701449554501913 ], [ 140.663222668044256, 39.701404554884711 ], [ 140.663186278729142, 39.701365110932223 ], [ 140.663142389245792, 39.701314279292411 ], [ 140.663091834322358, 39.701252334739465 ], [ 140.663062667139144, 39.701235389011863 ], [ 140.663033501194406, 39.701195942683803 ], [ 140.662902388816974, 39.701094554970226 ], [ 140.662822111256986, 39.701032889150738 ], [ 140.662771277678019, 39.700993167256641 ], [ 140.662705444381885, 39.700954000453898 ], [ 140.662639888502781, 39.700903166438522 ], [ 140.662523498425486, 39.700824276949831 ], [ 140.662465165297561, 39.700779278124486 ], [ 140.662239056156182, 39.70062761148688 ], [ 140.662100722266075, 39.700543167917189 ], [ 140.661984056629422, 39.700475389757919 ], [ 140.661874888684054, 39.700418999285972 ], [ 140.661787388992138, 39.700374000460627 ], [ 140.661743500747264, 39.700345945779169 ], [ 140.661663500604334, 39.700300943786395 ], [ 140.661386555407063, 39.700132056647007 ], [ 140.661357389462324, 39.70012066658412 ], [ 140.661124249532492, 39.700000001125751 ], [ 140.661108888182355, 39.699992054846476 ], [ 140.661048777232196, 39.699960943599201 ], [ 140.660916000352444, 39.699876500029504 ], [ 140.660730999093062, 39.699760388537463 ], [ 140.660468500017316, 39.699653166425712 ], [ 140.66033961254945, 39.699591499814368 ], [ 140.660185167416216, 39.699528167137096 ], [ 140.660072111297467, 39.699474833230973 ], [ 140.659960444121651, 39.699436778194659 ], [ 140.659819332964844, 39.699402334023667 ], [ 140.659694331812631, 39.699374555700103 ], [ 140.659597667450214, 39.699352888924466 ], [ 140.65947155539132, 39.699344276693935 ], [ 140.659295999934926, 39.699378442923319 ], [ 140.659076277578151, 39.699385944971134 ], [ 140.658971278319399, 39.699365667903535 ], [ 140.658874334062972, 39.699331501674152 ], [ 140.658825721058889, 39.699322609918298 ], [ 140.658756278864104, 39.699340387887005 ], [ 140.658697111627305, 39.699360668122033 ], [ 140.658644609211365, 39.699375943824428 ], [ 140.658590444150803, 39.699370944834783 ], [ 140.658545165724519, 39.699360390180431 ], [ 140.658399890215719, 39.699325110600903 ], [ 140.658348222527877, 39.699314056285139 ], [ 140.65833333303442, 39.699310861144447 ], [ 140.658163499304777, 39.699274554527129 ], [ 140.657952110605834, 39.699243720429607 ], [ 140.657690166983429, 39.699223441778287 ], [ 140.65739572221932, 39.699145943581343 ], [ 140.657265999404103, 39.699087611477431 ], [ 140.657057944044453, 39.698965667170924 ], [ 140.656892389225163, 39.698889556306447 ], [ 140.656764056591385, 39.698841778856888 ], [ 140.656545999975378, 39.698769000124265 ], [ 140.656436001017312, 39.698734832311168 ], [ 140.656372110879005, 39.698690388577177 ], [ 140.656281832062689, 39.698625668567445 ], [ 140.656184890283185, 39.698563446072889 ], [ 140.656099611785407, 39.698520388879508 ], [ 140.655956554993821, 39.698489555573836 ], [ 140.655714333370867, 39.698460111184346 ], [ 140.655390999459826, 39.698460111184346 ], [ 140.655073220701468, 39.698438167258956 ], [ 140.654797666924111, 39.698368443508443 ], [ 140.654636277695261, 39.698327890165089 ], [ 140.654460444821808, 39.698269278535861 ], [ 140.654265444163769, 39.698203167234375 ], [ 140.653989889767189, 39.698140693721335 ], [ 140.653757111470298, 39.698125970734729 ], [ 140.653500444345042, 39.698107640050232 ], [ 140.653291555495741, 39.698067362272923 ], [ 140.653001555596859, 39.698015972374328 ], [ 140.652517388529532, 39.697934860144635 ], [ 140.652189610991769, 39.697927360472391 ], [ 140.651828194778517, 39.698012083567399 ], [ 140.651567082788034, 39.698063193940676 ], [ 140.651105972297955, 39.698154862408437 ], [ 140.650754582729633, 39.698209861588637 ], [ 140.650550139984034, 39.698239307561842 ], [ 140.65035541798153, 39.698246805650378 ], [ 140.650217638306287, 39.698265139502297 ], [ 140.650014861301457, 39.698324692648825 ], [ 140.649999999673582, 39.698329056569612 ], [ 140.649857360865241, 39.698370974281595 ], [ 140.649581805230184, 39.698455416267571 ], [ 140.649410694019764, 39.698554584407582 ], [ 140.649268193300742, 39.698613192869388 ], [ 140.649044860187615, 39.698697638022793 ], [ 140.648935416682889, 39.698771250580236 ], [ 140.648840417441988, 39.69889597351095 ], [ 140.648712360986792, 39.699013472335459 ], [ 140.648521250359892, 39.699150442909577 ], [ 140.64851263866575, 39.699156556041217 ], [ 140.648322333043666, 39.699281554537968 ], [ 140.648165666716324, 39.699377111020802 ], [ 140.648042055126353, 39.699457942141464 ], [ 140.647899556265031, 39.699601002091526 ], [ 140.647685667097193, 39.699744333648347 ], [ 140.647405390418328, 39.699957111014079 ], [ 140.647359471084314, 39.699992111068283 ], [ 140.647349110671968, 39.700000001125751 ], [ 140.647030387580998, 39.700242945054036 ], [ 140.646930667296317, 39.700323777758413 ], [ 140.646878444155135, 39.700386278194571 ], [ 140.646745667275383, 39.700569888320558 ], [ 140.646588721673282, 39.700691000385959 ], [ 140.646474833303358, 39.700760722552758 ], [ 140.64638455572549, 39.700863777915984 ], [ 140.646322889877496, 39.700999611384269 ], [ 140.646218138931772, 39.701072946000103 ], [ 140.646127860115456, 39.701139057301589 ], [ 140.646032860874556, 39.701168500107364 ], [ 140.645918694468349, 39.701194055689932 ], [ 140.645847583436591, 39.701271276737124 ], [ 140.645771472086295, 39.701352112608923 ], [ 140.645733417030357, 39.701476833164072 ], [ 140.645752584195719, 39.701796277550201 ], [ 140.645733693208967, 39.701913777958417 ], [ 140.645643415631099, 39.70205683315735 ], [ 140.64548008262517, 39.702231835012086 ], [ 140.645400917829562, 39.70234685928525 ], [ 140.645239528600712, 39.70251186078513 ], [ 140.645163417869668, 39.702600194745465 ], [ 140.645073139053324, 39.70274713875132 ], [ 140.644930638334301, 39.702982140359609 ], [ 140.644717277373474, 39.703235192335228 ], [ 140.644617557088822, 39.703330473252024 ], [ 140.644380055890423, 39.703558248378535 ], [ 140.644208943441527, 39.703734360415986 ], [ 140.644018666304248, 39.703866584602665 ], [ 140.643890611087528, 39.703943804858007 ], [ 140.643695611667965, 39.704002416487235 ], [ 140.643591167243329, 39.704013527024806 ], [ 140.643486444782383, 39.704028250011412 ], [ 140.643305889626674, 39.704087139582249 ], [ 140.64309700015815, 39.704197139526364 ], [ 140.642968666905148, 39.704255470838419 ], [ 140.642717000098429, 39.704358526993502 ], [ 140.642450889027913, 39.704464917656004 ], [ 140.642118390446342, 39.704589638211154 ], [ 140.641838083424972, 39.704736583800724 ], [ 140.641681417097629, 39.704845167113682 ], [ 140.641666668170416, 39.704855416903314 ], [ 140.641652527950725, 39.704865193954653 ], [ 140.641505305568671, 39.704993555465663 ], [ 140.641386694297239, 39.705169942277301 ], [ 140.641301139620879, 39.705383000752065 ], [ 140.64129141763928, 39.705434943366441 ], [ 140.641272529129481, 39.705537166488561 ], [ 140.641253638761953, 39.705739112842039 ], [ 140.641201416859246, 39.705863832605331 ], [ 140.641149749171433, 39.705930221848419 ], [ 140.641101416680584, 39.705992444342975 ], [ 140.641035027931082, 39.706139944232042 ], [ 140.641020305630974, 39.706241331945627 ], [ 140.640991417722518, 39.706342719659204 ], [ 140.640963916899352, 39.70647660991181 ], [ 140.640911693138946, 39.706572167186501 ], [ 140.640835582407874, 39.706689668386574 ], [ 140.64072166679162, 39.706788833359155 ], [ 140.640612223906118, 39.706854944660641 ], [ 140.640479445168666, 39.7069027221102 ], [ 140.640327222468073, 39.706898833303271 ], [ 140.640232221988697, 39.706928279276475 ], [ 140.64013138955886, 39.706984388639391 ], [ 140.640041943612943, 39.707104665296256 ], [ 140.640004167212538, 39.707192722898689 ], [ 140.639985000047204, 39.707346890218901 ], [ 140.63994694437207, 39.707409109546028 ], [ 140.639818610499816, 39.707567167256883 ], [ 140.639671388117762, 39.707728834249338 ], [ 140.639504999189597, 39.707923276179429 ], [ 140.639305556143313, 39.708206056820998 ], [ 140.63917249936955, 39.70830911060051 ], [ 140.639136194270321, 39.708325498861178 ], [ 140.639118861277581, 39.708333332696846 ], [ 140.638978055403356, 39.708396888677626 ], [ 140.638759417326156, 39.708569415189167 ], [ 140.63855024982135, 39.708782194138607 ], [ 140.638393582874784, 39.708943584773166 ], [ 140.638303305916139, 39.708998860311262 ], [ 140.638203583773759, 39.709042749745755 ], [ 140.638056362010957, 39.709116361511342 ], [ 140.637913860672683, 39.709193305408782 ], [ 140.637771361192108, 39.709321916354568 ], [ 140.63762913912862, 39.709483306197278 ], [ 140.637443861071404, 39.709663305457944 ], [ 140.637263305296443, 39.709894696200919 ], [ 140.637173028957079, 39.709997194097213 ], [ 140.637125528098153, 39.710177472091345 ], [ 140.637101888202068, 39.710342472007518 ], [ 140.63706411118244, 39.71042330708746 ], [ 140.637002166678911, 39.710504138999973 ], [ 140.636859667198337, 39.710687748334109 ], [ 140.636712443577835, 39.710746359963338 ], [ 140.636550778789626, 39.710794138204754 ], [ 140.636422443678924, 39.710853027775599 ], [ 140.636175500392937, 39.710959138912784 ], [ 140.636018556648537, 39.7110216401408 ], [ 140.635868555761306, 39.711066916907754 ], [ 140.635638556588844, 39.71113191644281 ], [ 140.635402167535602, 39.711207750157541 ], [ 140.635225501172528, 39.711311388327097 ], [ 140.635147166770366, 39.711320555648982 ], [ 140.63503772326564, 39.711326111313696 ], [ 140.634921333188345, 39.711351944837865 ], [ 140.634833833496458, 39.711399444345822 ], [ 140.63478272188118, 39.711466942187911 ], [ 140.634746333185291, 39.711551387341316 ], [ 140.634673278376454, 39.711759721600622 ], [ 140.634645472270677, 39.711870556953265 ], [ 140.634536306802232, 39.711973332791167 ], [ 140.634541029084517, 39.712186111740614 ], [ 140.634555470871419, 39.712299999699795 ], [ 140.634593529023505, 39.712520276737777 ], [ 140.634712415854295, 39.712523889978669 ], [ 140.634987694072294, 39.712556943649766 ], [ 140.635059638593674, 39.712598890660431 ], [ 140.635059638593674, 39.713218333814339 ], [ 140.635068527704874, 39.713397500833899 ], [ 140.63507825092492, 39.713566388765145 ], [ 140.635016304563692, 39.713731668206634 ], [ 140.634968806181718, 39.713845556165815 ], [ 140.63487380570237, 39.71393361139269 ], [ 140.634746306558213, 39.71399527721217 ], [ 140.634602972968793, 39.714043612128656 ], [ 140.634389082562478, 39.714096668093177 ], [ 140.634270751185056, 39.714168057117767 ], [ 140.634094889826798, 39.714263611225029 ], [ 140.633971278236828, 39.714355557634399 ], [ 140.633757667105272, 39.714535556103208 ], [ 140.633529612329113, 39.714763054871831 ], [ 140.633401278456887, 39.714836667429275 ], [ 140.633347943789772, 39.714870917595434 ], [ 140.633333332951878, 39.714880307428984 ], [ 140.633287110812176, 39.714910000461394 ], [ 140.6331112791772, 39.714979721044486 ], [ 140.63280238891079, 39.715053332018215 ], [ 140.632659888810991, 39.715089999722061 ], [ 140.632498500201365, 39.715181693529232 ], [ 140.632261000241442, 39.715358081924578 ], [ 140.63209461007483, 39.715508360437859 ], [ 140.63201072175849, 39.715593362266333 ], [ 140.631980722943354, 39.715691971355703 ], [ 140.63193319359965, 39.715926972963992 ], [ 140.63187597199763, 39.71601502739901 ], [ 140.63180541641924, 39.716140028271333 ], [ 140.631637916584395, 39.716301693680073 ], [ 140.631460695387204, 39.716418916938544 ], [ 140.631338195323139, 39.716481137849385 ], [ 140.631075971806752, 39.716595861217108 ], [ 140.630987890034419, 39.71665891595277 ], [ 140.63097705528844, 39.716666667435362 ], [ 140.630929305497261, 39.716700862171578 ], [ 140.630798471775364, 39.716870028836283 ], [ 140.630745138346754, 39.71693947306148 ], [ 140.630684029190576, 39.717078916603228 ], [ 140.630664582750455, 39.717136138524424 ], [ 140.630625972241205, 39.717178361892984 ], [ 140.630571249869604, 39.717230860390579 ], [ 140.630503471557915, 39.71728308253028 ], [ 140.630471250310165, 39.717318082584484 ], [ 140.630455139067067, 39.717377807563864 ], [ 140.630461806364877, 39.717477250478048 ], [ 140.630455388618572, 39.717604192982343 ], [ 140.630407056127723, 39.717691138818353 ], [ 140.630342888572386, 39.717785582742898 ], [ 140.630268720999169, 39.717870304254198 ], [ 140.630181777379818, 39.717977250008062 ], [ 140.630107609806601, 39.718066972884571 ], [ 140.630001222224109, 39.718193917764431 ], [ 140.629879000815578, 39.718335862780641 ], [ 140.629820943866207, 39.718400583582238 ], [ 140.629737331728478, 39.718480306103892 ], [ 140.629666221935196, 39.718532529827307 ], [ 140.62961483104516, 39.718562249782835 ], [ 140.629556779668917, 39.718599778234619 ], [ 140.629508445320397, 39.71863477828883 ], [ 140.629339832721143, 39.718940610662926 ], [ 140.629292056922111, 39.719083945387176 ], [ 140.629173721210037, 39.719348111067781 ], [ 140.629142334071162, 39.719451999463971 ], [ 140.629150110417953, 39.719557277568192 ], [ 140.629140638607112, 39.72021811026584 ], [ 140.629121472680254, 39.720420055827468 ], [ 140.629069250777547, 39.720691721180323 ], [ 140.629040639047702, 39.720868111951241 ], [ 140.628974250298199, 39.721040611539657 ], [ 140.628889250455956, 39.721205611455829 ], [ 140.628841471560747, 39.721333943668157 ], [ 140.628732306092303, 39.721587279128372 ], [ 140.628651471221275, 39.721719778089231 ], [ 140.628537582851351, 39.721866445737191 ], [ 140.628404499450511, 39.722090611582097 ], [ 140.62829977822804, 39.722373665414132 ], [ 140.628242832185379, 39.722534778107082 ], [ 140.628252277988366, 39.722681723696653 ], [ 140.628333111001695, 39.722916722137519 ], [ 140.628347277848491, 39.723070890249588 ], [ 140.628314223111119, 39.723221720686801 ], [ 140.628304499891073, 39.723331720630917 ], [ 140.628423112400981, 39.723511722267148 ], [ 140.628465889119923, 39.723581443642097 ], [ 140.628651166557887, 39.723900888028226 ], [ 140.628798665737776, 39.724191168342038 ], [ 140.628916168579451, 39.724531166945525 ], [ 140.62896394375926, 39.724638388265426 ], [ 140.628968667899215, 39.72477061086839 ], [ 140.628954471948418, 39.724888109692898 ], [ 140.628945833007975, 39.724992306121237 ], [ 140.628945193338723, 39.72499999900645 ], [ 140.62894502800313, 39.725002027742626 ], [ 140.628954471948418, 39.725093971776424 ], [ 140.628990028393133, 39.725218417557386 ], [ 140.629112806493481, 39.725646472971455 ], [ 140.629134750306292, 39.725691473380515 ], [ 140.629185860683094, 39.725826195874227 ], [ 140.629315583498311, 39.726004249543649 ], [ 140.629375305569226, 39.726119250061117 ], [ 140.629571972587286, 39.726254250496439 ], [ 140.629725028158276, 39.726338971215881 ], [ 140.629761416234942, 39.72636147181634 ], [ 140.630227528282063, 39.726547278552061 ], [ 140.630388083402039, 39.726620333642579 ], [ 140.630417249346777, 39.726631723705466 ], [ 140.630628361247886, 39.726812000907742 ], [ 140.630774194067754, 39.72695255621592 ], [ 140.630978083217713, 39.727172278954399 ], [ 140.631007249162451, 39.727200332843999 ], [ 140.631100305245496, 39.727414500709621 ], [ 140.631119471172354, 39.727583387849009 ], [ 140.631219193933958, 39.727811166142949 ], [ 140.631266693554409, 39.727928667343022 ], [ 140.631335305974972, 39.728078945856304 ], [ 140.63142280628611, 39.728180333569881 ], [ 140.631531971754555, 39.728298667011067 ], [ 140.631583083369804, 39.7283550558993 ], [ 140.631685027944798, 39.728512556143222 ], [ 140.631926416078102, 39.728908972141774 ], [ 140.63205475056958, 39.729118417375645 ], [ 140.632197250669378, 39.729294528621246 ], [ 140.632301667228489, 39.729441472627094 ], [ 140.632382221586283, 39.729566193182244 ], [ 140.632415556836889, 39.729764250728799 ], [ 140.632429721825957, 39.729819527850609 ], [ 140.63250111151325, 39.729929527002867 ], [ 140.632534167489069, 39.730010361290951 ], [ 140.632543611434357, 39.730208693611679 ], [ 140.63250111151325, 39.730362582990281 ], [ 140.632391666770047, 39.730586750418901 ], [ 140.632315556038975, 39.730726472694116 ], [ 140.632220556798103, 39.730873416699971 ], [ 140.632039999165443, 39.731119526470266 ], [ 140.631892779260312, 39.731365362258231 ], [ 140.631740832738302, 39.73159674825007 ], [ 140.631697778602302, 39.73168480664436 ], [ 140.631683582651476, 39.731864805905033 ], [ 140.631707472718318, 39.731945640193118 ], [ 140.631831083069841, 39.732261193396752 ], [ 140.631935527494477, 39.732481470434728 ], [ 140.631973582550387, 39.732565915588133 ], [ 140.631968861506607, 39.732653971606858 ], [ 140.631973582550387, 39.73281925025649 ], [ 140.631986639109726, 39.733020082467981 ], [ 140.631992472298691, 39.73310897151967 ], [ 140.632011638225549, 39.733208138075966 ], [ 140.632039971919113, 39.733288970780336 ], [ 140.632066192784606, 39.733325639276039 ], [ 140.632071692825377, 39.733333333744966 ], [ 140.632239694240184, 39.733568137389156 ], [ 140.632334417921697, 39.73375897320507 ], [ 140.632448305053174, 39.734019806753821 ], [ 140.63251941732338, 39.734280639510715 ], [ 140.632537193688052, 39.734470640709951 ], [ 140.632562194661574, 39.734812860470718 ], [ 140.632585806692106, 39.734904806880088 ], [ 140.632647471301652, 39.735070083154149 ], [ 140.632748556379141, 39.735326471220908 ], [ 140.632923278345913, 39.735712583583592 ], [ 140.63299633315475, 39.735985360702877 ], [ 140.633027442257344, 39.736061194417601 ], [ 140.633013277887471, 39.736347581173355 ], [ 140.633027442257344, 39.736472582837528 ], [ 140.633079666636974, 39.736703694847044 ], [ 140.633113000649104, 39.736909251273985 ], [ 140.633164668336946, 39.737107307236826 ], [ 140.633226610982746, 39.737371749275333 ], [ 140.633333332951878, 39.737551915617708 ], [ 140.633347722723073, 39.737576193935851 ], [ 140.633426054648282, 39.737708418122523 ], [ 140.633484387776207, 39.737787304443792 ], [ 140.633687166638737, 39.738014248912911 ], [ 140.633805777290945, 39.738153694830231 ], [ 140.633876890180375, 39.738263971132241 ], [ 140.634089110511269, 39.738497026357429 ], [ 140.634183832954335, 39.73855897249409 ], [ 140.634256610346114, 39.738592860781864 ], [ 140.634307723199839, 39.738603971319435 ], [ 140.634475222415432, 39.738648971728495 ], [ 140.635145777827404, 39.738772860042531 ], [ 140.63538605753098, 39.738846194658372 ], [ 140.635502723167605, 39.738891195067431 ], [ 140.635612166672331, 39.738947583955664 ], [ 140.63569938770874, 39.73900952850861 ], [ 140.63576522224335, 39.73906591739685 ], [ 140.635874388950242, 39.739189806502743 ], [ 140.63606383321715, 39.73939258351362 ], [ 140.636129388477002, 39.739460084523138 ], [ 140.636253278103283, 39.739623415997812 ], [ 140.636352167375264, 39.739777027434805 ], [ 140.636347444473756, 39.73991675050187 ], [ 140.636333276388513, 39.740162859480307 ], [ 140.636285748283285, 39.740375638429754 ], [ 140.636253250237729, 39.74047369321962 ], [ 140.636253250237729, 39.740541192645424 ], [ 140.636261582657085, 39.740579527207053 ], [ 140.636282416182468, 39.740676193872602 ], [ 140.636282416182468, 39.740890360946366 ], [ 140.636267971918613, 39.740974528158169 ], [ 140.636260750405938, 39.741014250844117 ], [ 140.636253250237729, 39.74108174947807 ], [ 140.636257139030363, 39.741160918492078 ], [ 140.636276027540163, 39.741296750376655 ], [ 140.636282416182468, 39.741481471477215 ], [ 140.636289916350677, 39.741532306284448 ], [ 140.636322167321651, 39.741658972430841 ], [ 140.63632414020276, 39.741666668483482 ], [ 140.636346862393339, 39.741755916246142 ], [ 140.636380193928517, 39.741877028311535 ], [ 140.636427694168191, 39.742071751350664 ], [ 140.636494361573227, 39.742280917851069 ], [ 140.636617693269216, 39.742505083695974 ], [ 140.63669019386316, 39.742647305861937 ], [ 140.636774361454258, 39.742809527945752 ], [ 140.636869361314382, 39.74311425013714 ], [ 140.636952695415829, 39.743475081691436 ], [ 140.637076582565157, 39.743711471424049 ], [ 140.637134887827557, 39.743818416386063 ], [ 140.637193220336258, 39.743902861539468 ], [ 140.637251277904852, 39.744026750645361 ], [ 140.637295166768951, 39.744184527247178 ], [ 140.637309611032777, 39.744291473001041 ], [ 140.637309611032777, 39.744297028665756 ], [ 140.637331556703316, 39.744404249985656 ], [ 140.637375167531133, 39.744528139883407 ], [ 140.637404332237395, 39.744584528771639 ], [ 140.637462666603795, 39.744747581512854 ], [ 140.637513778838297, 39.744877306600635 ], [ 140.637622943068266, 39.745091192565368 ], [ 140.637652112728404, 39.745142026580744 ], [ 140.637732389049916, 39.745293998874935 ], [ 140.637856278676196, 39.745434806785312 ], [ 140.638009331770263, 39.745553138642784 ], [ 140.638074888887814, 39.745620638068587 ], [ 140.638227109730735, 39.745783138094005 ], [ 140.638307944601763, 39.745896471753689 ], [ 140.638439055740719, 39.745997861842845 ], [ 140.638593221599166, 39.746153693645269 ], [ 140.638730445201816, 39.74631341583833 ], [ 140.638744888846446, 39.746347027768216 ], [ 140.638796000461696, 39.746465361209395 ], [ 140.638811278834396, 39.746609251816857 ], [ 140.638792388466868, 39.746730360714828 ], [ 140.638749611128702, 39.746858722225838 ], [ 140.638708500150557, 39.746921499019898 ], [ 140.638679332348119, 39.746994832052017 ], [ 140.638628501246075, 39.74710733188688 ], [ 140.638606555575564, 39.747197332704999 ], [ 140.638592111311709, 39.747225388970172 ], [ 140.638584610524276, 39.747366223011817 ], [ 140.638584610524276, 39.747411221837162 ], [ 140.638621277256448, 39.747490110533995 ], [ 140.63870127801863, 39.747614000431746 ], [ 140.638759611146554, 39.747664555713662 ], [ 140.638861556960023, 39.747782889946706 ], [ 140.638912667336797, 39.747878721995569 ], [ 140.638941833281535, 39.747929280444914 ], [ 140.638987081365343, 39.748074278859519 ], [ 140.639005972971347, 39.74821011074409 ], [ 140.639072361101597, 39.748294555897495 ], [ 140.639177082943291, 39.748400942600725 ], [ 140.639284305253881, 39.748560112869853 ], [ 140.639379027696947, 39.748655941751295 ], [ 140.639552082065222, 39.748835111938284 ], [ 140.63960458200421, 39.748889277293664 ], [ 140.639752083661023, 39.749080388675615 ], [ 140.639998472112893, 39.749297887881234 ], [ 140.640078472875075, 39.749359833226038 ], [ 140.64015152706466, 39.749410390883526 ], [ 140.640472081851271, 39.749624556373576 ], [ 140.640639582305369, 39.749754000352326 ], [ 140.640821805059574, 39.749872333793512 ], [ 140.640931251041224, 39.749917334202571 ], [ 140.641105971769548, 39.74993980550434 ], [ 140.641302916204637, 39.749945639902514 ], [ 140.641390417754252, 39.74995674885637 ], [ 140.641528749786659, 39.749968138127407 ], [ 140.641638193291385, 39.749984807497114 ], [ 140.641666668170416, 39.749984807497114 ], [ 140.641681000352833, 39.749984807497114 ], [ 140.641688777938072, 39.749984807497114 ], [ 140.641722333016929, 39.74999230558565 ], [ 140.641756721585381, 39.750000000054577 ], [ 140.642326861931565, 39.750000000054577 ], [ 140.642331582975373, 39.74999230558565 ], [ 140.642391832014823, 39.749893694120708 ], [ 140.642439334112225, 39.749889805313778 ], [ 140.642463221702116, 39.749945082435588 ], [ 140.642463221702116, 39.74999230558565 ], [ 140.642463221702116, 39.750000000054577 ], [ 140.642463221702116, 39.750205638834593 ], [ 140.642505721623223, 39.750315917512168 ], [ 140.642572389647484, 39.750370918276083 ], [ 140.642724332454094, 39.750440640442882 ], [ 140.642928777676644, 39.750525361954182 ], [ 140.643128221961405, 39.750642861570547 ], [ 140.643233779150449, 39.750767861651013 ], [ 140.643284888288775, 39.750807307187216 ], [ 140.643346833411528, 39.750855638936279 ], [ 140.643437110989368, 39.75088869419109 ], [ 140.64356072134089, 39.750932862359043 ], [ 140.643707388269604, 39.75101563907095 ], [ 140.643772944148679, 39.751060637896295 ], [ 140.643860443840595, 39.751105639889069 ], [ 140.643998777730701, 39.751196749306189 ], [ 140.644235444201001, 39.751281751134663 ], [ 140.64444933336884, 39.751288972073446 ], [ 140.644572943720362, 39.751285361999983 ], [ 140.644743778132948, 39.75130008181916 ], [ 140.644857943919931, 39.751329527792365 ], [ 140.644924332669433, 39.75134230518772 ], [ 140.644975443046206, 39.751353415725291 ], [ 140.645011834838272, 39.751370361452892 ], [ 140.645119888780783, 39.751413417062558 ], [ 140.645201278485928, 39.751454806606297 ], [ 140.645465999375034, 39.751480084247255 ], [ 140.645698778291177, 39.751531470978421 ], [ 140.645860443698581, 39.751545917607132 ], [ 140.646007667319111, 39.751531470978421 ], [ 140.646326555745702, 39.751468416242759 ], [ 140.646578499969479, 39.751443692901304 ], [ 140.6471684991659, 39.751505639829816 ], [ 140.647542666655909, 39.751560359484699 ], [ 140.647756557062223, 39.751600638053866 ], [ 140.647831833065197, 39.751584250585047 ], [ 140.647839057054824, 39.751595640647935 ], [ 140.647940999772089, 39.751595640647935 ], [ 140.647989055465104, 39.751586165293894 ], [ 140.648103250356115, 39.751542278234979 ], [ 140.64826908383094, 39.751460332180464 ], [ 140.648451307204397, 39.751437832371863 ], [ 140.648554361447594, 39.751406445558551 ], [ 140.648625749277159, 39.751358944466887 ], [ 140.648859083027389, 39.751122833467733 ], [ 140.649048528532745, 39.750993389488983 ], [ 140.649216027748366, 39.750903111521112 ], [ 140.649361859948982, 39.750846998990767 ], [ 140.649547417280957, 39.750851997980412 ], [ 140.649823250333071, 39.750851997980412 ], [ 140.649999999673582, 39.750883001535215 ], [ 140.650014361579224, 39.750885526765373 ], [ 140.650074918378237, 39.750896167732073 ], [ 140.650440471077928, 39.75095394474463 ], [ 140.650721306306309, 39.751028389543187 ], [ 140.650916028928037, 39.75105783314082 ], [ 140.651103526940915, 39.751111443404845 ], [ 140.651183805739379, 39.751235334094453 ], [ 140.651239082945096, 39.751270891615583 ], [ 140.651380472138214, 39.751303109878151 ], [ 140.651585750850387, 39.751248666581162 ], [ 140.651723526810201, 39.751230332729236 ], [ 140.651831888512277, 39.751229776846024 ], [ 140.651994111230749, 39.751135056563584 ], [ 140.652317167724732, 39.751098111709986 ], [ 140.652569110710004, 39.75101005569126 ], [ 140.652721055993567, 39.750951444853882 ], [ 140.652976055520327, 39.750937000600743 ], [ 140.65330549941811, 39.750940331940747 ], [ 140.653685776894889, 39.750947555255102 ], [ 140.653937443701579, 39.75092197195756 ], [ 140.654118278132046, 39.75090002803217 ], [ 140.654412721657707, 39.750844751702218 ], [ 140.654692722777213, 39.750804473924909 ], [ 140.654881611590781, 39.750805862049233 ], [ 140.655071611930254, 39.750824192733731 ], [ 140.655280778196584, 39.750835307230581 ], [ 140.655508556174908, 39.750860862813148 ], [ 140.655822472767738, 39.750857248780399 ], [ 140.656031362236263, 39.750838914928472 ], [ 140.656240527883369, 39.750784193689881 ], [ 140.656430528222842, 39.750681416268264 ], [ 140.656554138574364, 39.750607805294536 ], [ 140.656768028980679, 39.750519750859524 ], [ 140.656905806178969, 39.750479471498501 ], [ 140.657148305218954, 39.750461137646575 ], [ 140.65752330557936, 39.750431695632649 ], [ 140.657666083096217, 39.750428081599907 ], [ 140.657784693129173, 39.75038752825656 ], [ 140.657894693944939, 39.750340306690212 ], [ 140.657945527523907, 39.750328916627325 ], [ 140.658018582951968, 39.750300860362152 ], [ 140.658047750754406, 39.750289471091122 ], [ 140.658174417028164, 39.750249473630987 ], [ 140.65833333303442, 39.750199220838226 ], [ 140.65833333303442, 39.750000000054577 ] ] ] } },
{ "type": "Feature", "properties": { "P12_001": 10608, "P12_002": "雁の里山本公園", "P12_003": "05", "P12_004": "05434", "P12_005": "‐", "P12_006": "美郷町飯詰字東西法寺34", "P12_007": 4 }, "geometry": { "type": "Polygon", "coordinates": [ [ [ 140.55063081166611, 39.363697452461807 ], [ 140.550628490775239, 39.363606845081669 ], [ 140.550621542344942, 39.363516588493923 ], [ 140.550609989286983, 39.363427031907257 ], [ 140.550593880520807, 39.363338522946655 ], [ 140.550573274254504, 39.363251401318514 ], [ 140.550548252846255, 39.36316600435368 ], [ 140.550518910419669, 39.363082665423711 ], [ 140.550485364629367, 39.363001704438595 ], [ 140.550447739941404, 39.362923435765346 ], [ 140.550406186829832, 39.36284815951754 ], [ 140.550360863818639, 39.362776169473925 ], [ 140.550311947389673, 39.362707744367953 ], [ 140.550259623313281, 39.362643149471531 ], [ 140.550204098413758, 39.362582631052014 ], [ 140.550145586327062, 39.362526426666328 ], [ 140.55008431121604, 39.362474754866845 ], [ 140.550020510866744, 39.362427810450249 ], [ 140.549954434211429, 39.362385778710944 ], [ 140.549886336374726, 39.362348821979502 ], [ 140.549816479912067, 39.362317084373792 ], [ 140.549745134190431, 39.362290683880417 ], [ 140.549672576626904, 39.362269728983712 ], [ 140.549599088353915, 39.362254297285602 ], [ 140.549524951123175, 39.362244448175325 ], [ 140.549450455355668, 39.362240219661992 ], [ 140.549375885899281, 39.362241627582719 ], [ 140.54930153503264, 39.362248671145665 ], [ 140.549227686365185, 39.362261317884709 ], [ 140.549154627840949, 39.362279521872182 ], [ 140.549082641211612, 39.362303209465423 ], [ 140.549012006990409, 39.362332292768386 ], [ 140.5489429951636, 39.362366656170018 ], [ 140.548875875717414, 39.362406171389587 ], [ 140.548810906872603, 39.362450680847658 ], [ 140.548748338180729, 39.362500011919536 ], [ 140.548688416716288, 39.362553976143381 ], [ 140.548631367880716, 39.362612366052815 ], [ 140.548577419552231, 39.362674952009471 ], [ 140.548526774839786, 39.362741496456422 ], [ 140.548479631898402, 39.362811735705478 ], [ 140.548436172163804, 39.362885403692871 ], [ 140.548396563448534, 39.362962215350286 ], [ 140.548360961799688, 39.36304186581301 ], [ 140.548329501591155, 39.363124058134872 ], [ 140.548302308527525, 39.363208465279172 ], [ 140.54827948230556, 39.363294766544051 ], [ 140.548261115810419, 39.363382624598664 ], [ 140.548247278396389, 39.363471702904043 ], [ 140.548238023936847, 39.363561652251498 ], [ 140.548233386489727, 39.36365212659976 ], [ 140.548233386489727, 39.363742775156439 ], [ 140.548238023936847, 39.363833250296558 ], [ 140.548247278396389, 39.363923200435863 ], [ 140.548261115810419, 39.364012278741242 ], [ 140.54827948230556, 39.364100137587712 ], [ 140.548302308527525, 39.364186436477027 ], [ 140.548329501591155, 39.364270844413177 ], [ 140.548360961799688, 39.364353035943182 ], [ 140.548396563448534, 39.36443268798962 ], [ 140.548436172163804, 39.364509499647042 ], [ 140.548479631898402, 39.364583166842579 ], [ 140.548526774839786, 39.364653406883484 ], [ 140.548577419552231, 39.364719950538579 ], [ 140.548631367880716, 39.364782535703377 ], [ 140.548688416716288, 39.36484092561281 ], [ 140.548748338180729, 39.36489489142037 ], [ 140.548810906872603, 39.364944222492248 ], [ 140.548875875717414, 39.364988731158462 ], [ 140.5489429951636, 39.365028245586174 ], [ 140.549012006990409, 39.365062609779663 ], [ 140.549082641211612, 39.365091692290768 ], [ 140.549154627840949, 39.365115380675874 ], [ 140.549227686365185, 39.365133586247055 ], [ 140.54930153503264, 39.365146231402385 ], [ 140.549375885899281, 39.365153274173473 ], [ 140.549450455355668, 39.365154683677915 ], [ 140.549524951123175, 39.365150455164581 ], [ 140.549599088353915, 39.365140606054304 ], [ 140.549672576626904, 39.365125175148052 ], [ 140.549745134190431, 39.365104217875782 ], [ 140.549816479912067, 39.365077818966114 ], [ 140.549886336374726, 39.36504607977669 ], [ 140.549954434211429, 39.365009123045247 ], [ 140.550020510866744, 39.364967091305942 ], [ 140.55008431121604, 39.364920147681204 ], [ 140.550145586327062, 39.364868475089864 ], [ 140.550204098413758, 39.364812270704178 ], [ 140.550259623313281, 39.364751753076519 ], [ 140.550311947389673, 39.364687157388246 ], [ 140.550360863818639, 39.364618733865989 ], [ 140.550406186829832, 39.364546743030509 ], [ 140.550447739941404, 39.364471467574567 ], [ 140.550485364629367, 39.364393198901311 ], [ 140.550518910419669, 39.364312237916195 ], [ 140.550548252846255, 39.364228898986227 ], [ 140.550573274254504, 39.364143500437677 ], [ 140.550593880520807, 39.364056379601394 ], [ 140.550609989286983, 39.363967871432649 ], [ 140.550621542344942, 39.363878314054126 ], [ 140.550628490775239, 39.36378805667453 ], [ 140.55063081166611, 39.363697452461807 ] ] ] } },
{ "type": "Feature", "properties": { "P12_001": 10143, "P12_002": "横手公園", "P12_003": "05", "P12_004": "05203", "P12_005": "‐", "P12_006": "横手市睦成城付", "P12_007": 4 }, "geometry": { "type": "Polygon", "coordinates": [ [ [ 140.570232557630305, 39.320400028053619 ], [ 140.570259665239575, 39.320410564495276 ], [ 140.570290674645406, 39.320407981459596 ], [ 140.570337186586841, 39.320387307671922 ], [ 140.570363030338513, 39.320395059946371 ], [ 140.570388869136281, 39.320410564495276 ], [ 140.57042246322689, 39.320413148322807 ], [ 140.570626604405305, 39.320268440519506 ], [ 140.57083849654191, 39.32006171531247 ], [ 140.570954777014691, 39.319917009884747 ], [ 140.570978032366156, 39.319785222010964 ], [ 140.570965115134584, 39.319694779336956 ], [ 140.570965115134584, 39.319588833697765 ], [ 140.57102454802299, 39.319550073117369 ], [ 140.570980616431711, 39.319379523871341 ], [ 140.570892140207008, 39.319408916790159 ], [ 140.570904055517161, 39.319447668660132 ], [ 140.57090125100413, 39.319485220867612 ], [ 140.57078124955126, 39.319535221850025 ], [ 140.570774833662654, 39.319544944263271 ], [ 140.570864584271959, 39.31972755506645 ], [ 140.570841388986224, 39.319786250632461 ], [ 140.570753806316901, 39.319951442969746 ], [ 140.570722528163287, 39.32000325176039 ], [ 140.570693389464878, 39.320043638022035 ], [ 140.570664248289518, 39.320079334909899 ], [ 140.57063305497104, 39.320113307134456 ], [ 140.570571612047473, 39.320166222148529 ], [ 140.570488889130473, 39.320236470899857 ], [ 140.570451444639758, 39.320267221060604 ], [ 140.570422388918757, 39.32028336067836 ], [ 140.570389056145103, 39.320296248933616 ], [ 140.570366306708223, 39.320302694644958 ], [ 140.570341360227332, 39.320305858903254 ], [ 140.570226055668115, 39.320307333339926 ], [ 140.570212055395388, 39.320335388021384 ], [ 140.570219055841363, 39.320352722550489 ], [ 140.570232557630305, 39.320400028053619 ] ] ] } },
{ "type": "Feature", "properties": { "P12_001": 10144, "P12_002": "金沢公園", "P12_003": "05", "P12_004": "05203", "P12_005": "‐", "P12_006": "横手市金沢中野", "P12_007": 2 }, "geometry": { "type": "Polygon", "coordinates": [ [ [ 140.571759908182599, 39.373241865094037 ], [ 140.571759506918653, 39.373226924346916 ], [ 140.571758309319137, 39.373212042197174 ], [ 140.571756317241778, 39.373197273282898 ], [ 140.571753541213525, 39.373182680160745 ], [ 140.571749986807532, 39.373168312717681 ], [ 140.571745672600798, 39.373154233510355 ], [ 140.571740614693425, 39.373140491633869 ], [ 140.571734831043244, 39.373127140934464 ], [ 140.571728345181157, 39.37311423525837 ], [ 140.571721180018784, 39.373101822908829 ], [ 140.571713364040988, 39.373089952189083 ], [ 140.571704931305646, 39.373078669026818 ], [ 140.571695909678283, 39.373068016182259 ], [ 140.571686337551455, 39.373058037207528 ], [ 140.571676248363815, 39.373048771695444 ], [ 140.571665684223319, 39.373040251320255 ], [ 140.571654682903272, 39.373032510923657 ], [ 140.57164329022703, 39.37302557980432 ], [ 140.571631549540996, 39.37301948567724 ], [ 140.571619506049274, 39.373014250714377 ], [ 140.5716072061945, 39.373009900255155 ], [ 140.57159469518075, 39.373006444593692 ], [ 140.57158202316603, 39.373003900358981 ], [ 140.571569242166049, 39.373002273885874 ], [ 140.571556398623386, 39.373001578635929 ], [ 140.571543542076796, 39.373001811441718 ], [ 140.571530721445811, 39.373002972303247 ], [ 140.571517989984585, 39.373005056469374 ], [ 140.571505393516475, 39.373008058397097 ], [ 140.571492982199487, 39.373011963041151 ], [ 140.571480803095426, 39.373016760107404 ], [ 140.571468906362298, 39.373022425840162 ], [ 140.571457332250333, 39.373028942026728 ], [ 140.571446130917536, 39.373036281743971 ], [ 140.571435343852642, 39.373044416485079 ], [ 140.571425012544324, 39.373053315367642 ], [ 140.571415176623589, 39.373062941174403 ], [ 140.571405875102243, 39.373073263022967 ], [ 140.571397143895837, 39.373084233401947 ], [ 140.571389014585378, 39.373095816677804 ], [ 140.571381521847997, 39.373107964547295 ], [ 140.571374692310741, 39.373120628707184 ], [ 140.571368554458417, 39.373133762437931 ], [ 140.571363129964254, 39.373147317436299 ], [ 140.571358442359127, 39.373161235104909 ], [ 140.571354506504662, 39.373175465556812 ], [ 140.571351339739465, 39.3731899525702 ], [ 140.571348955067407, 39.373204640715123 ], [ 140.571347358061644, 39.373219472977908 ], [ 140.571346559868374, 39.37323438996934 ], [ 140.571346559868374, 39.373249338635027 ], [ 140.571347358061644, 39.373264257210167 ], [ 140.571348955067407, 39.373279087889244 ], [ 140.571351339739465, 39.37329377603416 ], [ 140.571354506504662, 39.373308263047548 ], [ 140.571358442359127, 39.373322492707594 ], [ 140.571363129964254, 39.373336411168061 ], [ 140.571368554458417, 39.37334996616643 ], [ 140.571374692310741, 39.373363100689033 ], [ 140.571381521847997, 39.373375764848923 ], [ 140.571389014585378, 39.373387913510271 ], [ 140.571397143895837, 39.373399494410556 ], [ 140.571405875102243, 39.373410465581394 ], [ 140.571415176623589, 39.373420786638107 ], [ 140.571425012544324, 39.373430414820433 ], [ 140.571435343852642, 39.373439312119281 ], [ 140.571446130917536, 39.373447447652246 ], [ 140.571457332250333, 39.373454788161354 ], [ 140.571468906362298, 39.373461302764198 ], [ 140.571480803095426, 39.373466967705099 ], [ 140.571492982199487, 39.373471764771352 ], [ 140.571505393516475, 39.373475669415413 ], [ 140.571517989984585, 39.373478672926851 ], [ 140.571530721445811, 39.373480756301113 ], [ 140.571543542076796, 39.3734819179545 ], [ 140.571556398623386, 39.373482151552146 ], [ 140.571569242166049, 39.373481454718487 ], [ 140.57158202316603, 39.373479829037237 ], [ 140.57159469518075, 39.373477284802526 ], [ 140.5716072061945, 39.373473828349212 ], [ 140.571619506049274, 39.373469477098126 ], [ 140.571631549540996, 39.373464242927128 ], [ 140.57164329022703, 39.373458148008183 ], [ 140.571654682903272, 39.373451218472567 ], [ 140.571665684223319, 39.37344347886782 ], [ 140.571676248363815, 39.373434956908916 ], [ 140.571686337551455, 39.373425690604975 ], [ 140.571695909678283, 39.373415711630244 ], [ 140.571704931305646, 39.373405060369407 ], [ 140.571713364040988, 39.37339377562342 ], [ 140.571721180018784, 39.373381905695538 ], [ 140.571728345181157, 39.373369493345997 ], [ 140.571734831043244, 39.373356589253611 ], [ 140.571740614693425, 39.373343236970491 ], [ 140.571745672600798, 39.373329495885862 ], [ 140.571749986807532, 39.373315415094822 ], [ 140.571753541213525, 39.373301048443615 ], [ 140.571756317241778, 39.37328645532147 ], [ 140.571758309319137, 39.373271686407193 ], [ 140.571759506918653, 39.373256803465587 ], [ 140.571759908182599, 39.373241865094037 ] ] ] } },
{ "type": "Feature", "properties": { "P12_001": 10145, "P12_002": "平安の風わたる公園", "P12_003": "05", "P12_004": "05203", "P12_005": "‐", "P12_006": "横手市金沢中野三貫堰", "P12_007": 4 }, "geometry": { "type": "Polygon", "coordinates": [ [ [ 140.554124916614825, 39.36517150033292 ], [ 140.554149443873939, 39.365171360174337 ], [ 140.554181805687904, 39.365146860136392 ], [ 140.554243527886257, 39.365121332268799 ], [ 140.554291749534116, 39.365106029643293 ], [ 140.554399638141007, 39.365087303822435 ], [ 140.554550943755345, 39.365059001289914 ], [ 140.554636694109803, 39.365033640504031 ], [ 140.554691916203637, 39.365005748945002 ], [ 140.55473525023362, 39.364967110310495 ], [ 140.554778778084028, 39.364904807046585 ], [ 140.55483544237498, 39.364783500184508 ], [ 140.554836028170826, 39.364782501653551 ], [ 140.554868389365566, 39.364722333234575 ], [ 140.554882415646119, 39.364702638973306 ], [ 140.554903057208776, 39.364674139268537 ], [ 140.554937306449489, 39.364641693743174 ], [ 140.554943888292939, 39.364623250615061 ], [ 140.554950918462168, 39.364603527055102 ], [ 140.554969083706084, 39.364616640197582 ], [ 140.555057361775766, 39.364564250184323 ], [ 140.555125028006017, 39.364538723108588 ], [ 140.555167193540512, 39.364524777725002 ], [ 140.555240499758554, 39.364506221361417 ], [ 140.555350499335873, 39.364482529017032 ], [ 140.555609605006566, 39.364425915241576 ], [ 140.555581180904738, 39.364358728599058 ], [ 140.555508776292129, 39.364219833021956 ], [ 140.55548298579464, 39.364183013281675 ], [ 140.555444556101833, 39.364201777111646 ], [ 140.555377307235631, 39.364240029320207 ], [ 140.555334417196775, 39.364265167594432 ], [ 140.555283140245905, 39.364297001014769 ], [ 140.555225888920631, 39.364333276749683 ], [ 140.555244084507052, 39.364360472266917 ], [ 140.555132666263518, 39.364397611917198 ], [ 140.555036971622286, 39.364466778200786 ], [ 140.554989972962574, 39.364500752009057 ], [ 140.55491455515488, 39.364552084102129 ], [ 140.554836721713457, 39.364607137920423 ], [ 140.554814359298121, 39.364622914867937 ], [ 140.554778055437367, 39.364648611400945 ], [ 140.554603500044664, 39.36477105695257 ], [ 140.554558027797981, 39.36479977837714 ], [ 140.554502416205622, 39.364831445507633 ], [ 140.554467415833471, 39.364847833768309 ], [ 140.554396418121655, 39.36487569444494 ], [ 140.554347249664232, 39.364892054990641 ], [ 140.554277416732475, 39.364913500046477 ], [ 140.554273971930968, 39.364909084655025 ], [ 140.554230167282782, 39.364918251185053 ], [ 140.554189777093569, 39.364923832981027 ], [ 140.554155529091332, 39.364925916355297 ], [ 140.554155611449517, 39.364931666816695 ], [ 140.554126693198583, 39.364935110600307 ], [ 140.55410113862942, 39.364942888214159 ], [ 140.554085778517759, 39.364958083147194 ], [ 140.55407838919254, 39.364977082158518 ], [ 140.554084084292185, 39.364999056966312 ], [ 140.554078749587006, 39.365001388983494 ], [ 140.554091360297519, 39.365038639493676 ], [ 140.554109221497299, 39.36510299841688 ], [ 140.554110694036922, 39.365109667431732 ], [ 140.554116860374023, 39.365136333197007 ], [ 140.554124916614825, 39.36517150033292 ] ] ] } },
{ "type": "Feature", "properties": { "P12_001": 10171, "P12_002": "真人公園", "P12_003": "05", "P12_004": "05203", "P12_005": "‐", "P12_006": "横手市増田町亀田字上掵", "P12_007": 4 }, "geometry": { "type": "Polygon", "coordinates": [ [ [ 140.571461250146996, 39.210325028619835 ], [ 140.571495082642883, 39.210350498681905 ], [ 140.571587861308871, 39.210406667434057 ], [ 140.57165247223611, 39.21043644440325 ], [ 140.571839305191162, 39.210517944642589 ], [ 140.571886166380835, 39.21052444340831 ], [ 140.571944056136857, 39.21052574838771 ], [ 140.572024999993175, 39.210527360607401 ], [ 140.572165389122574, 39.210555138930964 ], [ 140.572271055296881, 39.210594944761844 ], [ 140.572296138009364, 39.210606973852869 ], [ 140.57248283349432, 39.210691610635529 ], [ 140.572552083107183, 39.210721138961802 ], [ 140.572607942393319, 39.210742081980662 ], [ 140.572635694625689, 39.21075041626959 ], [ 140.572676665037619, 39.210756471595708 ], [ 140.572699221892577, 39.210761639250769 ], [ 140.572731610333648, 39.210771445600798 ], [ 140.572917721880486, 39.210827278605819 ], [ 140.573040806501893, 39.210857165643056 ], [ 140.573094860100241, 39.210866666336507 ], [ 140.57310388853918, 39.210869027652379 ], [ 140.573122417273765, 39.21086952731379 ], [ 140.573136417546465, 39.21086847097731 ], [ 140.573157500623324, 39.210864917125654 ], [ 140.5732020279182, 39.210851499118448 ], [ 140.573235056028494, 39.210842640620562 ], [ 140.573250139342321, 39.210806638076122 ], [ 140.573255222638295, 39.210779167784708 ], [ 140.573254111112362, 39.210766638240415 ], [ 140.573243667722608, 39.210547279755893 ], [ 140.573238417852565, 39.210496443364946 ], [ 140.573227916254751, 39.210458138102005 ], [ 140.573190806150677, 39.210373863197731 ], [ 140.573212721478711, 39.210368026423986 ], [ 140.573173694224636, 39.21027508385923 ], [ 140.573150610401115, 39.210227751432981 ], [ 140.573135667653503, 39.210197082833453 ], [ 140.573117028695179, 39.21015902779714 ], [ 140.573082223381903, 39.210086777232753 ], [ 140.573068721592961, 39.210043777053038 ], [ 140.573062471659199, 39.210008000979528 ], [ 140.573060971873247, 39.209979639849635 ], [ 140.573065165948492, 39.209935943628118 ], [ 140.573076639744443, 39.209905443694005 ], [ 140.573088055332363, 39.209884111081777 ], [ 140.573113943668915, 39.209835694604081 ], [ 140.573167305582331, 39.209749444018016 ], [ 140.573281361145575, 39.209589137434904 ], [ 140.573298473071617, 39.209563668956548 ], [ 140.573306222791331, 39.209536057714686 ], [ 140.573311362437664, 39.209503361170839 ], [ 140.573311972383635, 39.209494804370259 ], [ 140.573066666972892, 39.209375998982644 ], [ 140.572947278562168, 39.209316444252401 ], [ 140.572830971462309, 39.209234583718384 ], [ 140.572731305051036, 39.209164445035093 ], [ 140.572526249882515, 39.208970139304306 ], [ 140.572441720658475, 39.208973832522695 ], [ 140.572282529092831, 39.208970499598983 ], [ 140.572128139690733, 39.209321638830581 ], [ 140.572095471974933, 39.209323556706856 ], [ 140.572070692687362, 39.20932863884142 ], [ 140.572045748683422, 39.20934172189336 ], [ 140.572028665861382, 39.20935699997132 ], [ 140.571940720939864, 39.209498249737585 ], [ 140.571928831637564, 39.209517498975544 ], [ 140.571817000364632, 39.209698499934589 ], [ 140.571728668421542, 39.209849999490487 ], [ 140.571599972297122, 39.210049944822771 ], [ 140.571579332592165, 39.210089000765606 ], [ 140.571539667526565, 39.210162611739342 ], [ 140.571473000121529, 39.210278473004749 ], [ 140.571457861076595, 39.210306028024796 ], [ 140.571461250146996, 39.210325028619835 ] ] ] } },
{ "type": "Feature", "properties": { "P12_001": 10183, "P12_002": "吉田城跡", "P12_003": "05", "P12_004": "05203", "P12_005": "‐", "P12_006": "横手市平鹿町上吉田間内字吉田", "P12_007": 2 }, "geometry": { "type": "Polygon", "coordinates": [ [ [ 140.507713889361554, 39.290410722559038 ], [ 140.507602860616515, 39.29042483264876 ], [ 140.50753291746102, 39.290433721237186 ], [ 140.507458138703356, 39.290435222596983 ], [ 140.507369359672992, 39.290434277120404 ], [ 140.507295527105612, 39.290430280621003 ], [ 140.507160971784401, 39.290421057077303 ], [ 140.506960667382913, 39.290396000364289 ], [ 140.506877389631796, 39.290378556558991 ], [ 140.506859694386861, 39.290369861975392 ], [ 140.506824194911701, 39.29035247122448 ], [ 140.506814527422762, 39.290338110908124 ], [ 140.506810639249352, 39.290322805115188 ], [ 140.506806499666766, 39.290293332218859 ], [ 140.506791416352911, 39.290172223320894 ], [ 140.506778805023202, 39.290066417048429 ], [ 140.506286532795571, 39.290318658954916 ], [ 140.506183169554362, 39.290473701276483 ], [ 140.506136659470656, 39.290757947644302 ], [ 140.506172837007568, 39.291285095972015 ], [ 140.506927378574915, 39.291383289336757 ], [ 140.5078888063872, 39.291335442203831 ], [ 140.507885640241227, 39.291298333435954 ], [ 140.507877582142726, 39.291260389259541 ], [ 140.507854917540953, 39.291146443494839 ], [ 140.507805527397608, 39.290896084622943 ], [ 140.5077590284601, 39.290671915610609 ], [ 140.50772097154649, 39.290452915837051 ], [ 140.507713889361554, 39.290410722559038 ] ] ] } },
{ "type": "Feature", "properties": { "P12_001": 10188, "P12_002": "琵琶沼", "P12_003": "05", "P12_004": "05203", "P12_005": "‐", "P12_006": "横手市平鹿町浅舞字浅舞", "P12_007": 1 }, "geometry": { "type": "Polygon", "coordinates": [ [ [ 140.487552082950288, 39.26343488847354 ], [ 140.487565472038568, 39.263420056210748 ], [ 140.487590445146537, 39.263409665470675 ], [ 140.487605082611537, 39.26340116647561 ], [ 140.487616833824546, 39.263391750510806 ], [ 140.487628720649923, 39.263378806033742 ], [ 140.487636777509948, 39.263366306579996 ], [ 140.487643833067779, 39.263349111417618 ], [ 140.487648445126297, 39.263329941365306 ], [ 140.487654612701874, 39.263301139171375 ], [ 140.487660333190149, 39.26328727930828 ], [ 140.487667471106192, 39.263273693427514 ], [ 140.487694999175687, 39.263237667127378 ], [ 140.487712470257719, 39.263218611894246 ], [ 140.487731221916732, 39.263201555306743 ], [ 140.487751220713989, 39.263186749175212 ], [ 140.487790750786473, 39.263160111124911 ], [ 140.487806361068863, 39.263146917213078 ], [ 140.487818470818667, 39.263132638457932 ], [ 140.487827222459799, 39.263117610606599 ], [ 140.487836359884, 39.263097362045826 ], [ 140.487852555962235, 39.263059055991029 ], [ 140.487861193664202, 39.263043220446143 ], [ 140.487871250032413, 39.263029278229979 ], [ 140.487882694724362, 39.263017168369593 ], [ 140.487905390287864, 39.262994445257483 ], [ 140.487909916892022, 39.262991666633269 ], [ 140.487917582395824, 39.262990498645038 ], [ 140.487948749706447, 39.26298977884754 ], [ 140.487968000468442, 39.262987693889563 ], [ 140.48798527896858, 39.262983861304441 ], [ 140.487997942933248, 39.262979388107468 ], [ 140.488001667628737, 39.262976692628179 ], [ 140.48800330550398, 39.262972916264864 ], [ 140.488002860893602, 39.262968694878232 ], [ 140.488000443402143, 39.262965527452515 ], [ 140.48799661095984, 39.262964332541166 ], [ 140.48798736083495, 39.262964862293117 ], [ 140.487954307336054, 39.262970083002557 ], [ 140.487936805292264, 39.262971029270993 ], [ 140.487927748987772, 39.262969805060948 ], [ 140.487918167572417, 39.262966640802659 ], [ 140.487906027480136, 39.262959111039862 ], [ 140.487897028145227, 39.262954054244702 ], [ 140.487889944102591, 39.262952417477464 ], [ 140.487869165689091, 39.262960443734237 ], [ 140.487686057429556, 39.263148554772172 ], [ 140.487630499710633, 39.263228194940758 ], [ 140.487513221031833, 39.263396193617233 ], [ 140.487501443191746, 39.263411750428652 ], [ 140.487493610494596, 39.263426861424911 ], [ 140.487470305604376, 39.263428055544402 ], [ 140.487442582476007, 39.263478138088033 ], [ 140.487338332490992, 39.263660083731807 ], [ 140.487312888764819, 39.26364883461936 ], [ 140.487276721754853, 39.263697999401387 ], [ 140.487166167343446, 39.263843335146831 ], [ 140.487115472473022, 39.263901749603811 ], [ 140.487092640677929, 39.263925167174015 ], [ 140.487122167017134, 39.263932304967874 ], [ 140.487143916390323, 39.263935139813896 ], [ 140.487165471323891, 39.26393502737028 ], [ 140.487208028833805, 39.263932639131291 ], [ 140.487235138920028, 39.263933528386062 ], [ 140.487287029532268, 39.263937390269867 ], [ 140.487311584037712, 39.263937527261028 ], [ 140.487335583089845, 39.263935278388772 ], [ 140.487352193435925, 39.263931445803649 ], [ 140.487364720549778, 39.263926443646582 ], [ 140.487373334101619, 39.263921057439141 ], [ 140.487384027662102, 39.263911443510224 ], [ 140.487392304969603, 39.263900750280996 ], [ 140.487400276994521, 39.263885916434496 ], [ 140.487405443887127, 39.263870721501462 ], [ 140.487409361164566, 39.263848193977886 ], [ 140.487411249829762, 39.263819108299352 ], [ 140.487410916681597, 39.26379199988633 ], [ 140.487408832957527, 39.26376686002839 ], [ 140.487404916918592, 39.263743500263708 ], [ 140.48739944536257, 39.263721970479232 ], [ 140.487389056465446, 39.263692029595759 ], [ 140.487380693703585, 39.263669110895108 ], [ 140.487379471953943, 39.263660474117025 ], [ 140.487380332070643, 39.263652192090625 ], [ 140.487384443787704, 39.263640305533755 ], [ 140.487400444187813, 39.263611250737625 ], [ 140.487428639172862, 39.263561972720126 ], [ 140.487447250265632, 39.263523387931869 ], [ 140.487456112130502, 39.263509721281743 ], [ 140.487465889223955, 39.263499028844365 ], [ 140.487476611888468, 39.263490860845295 ], [ 140.487526721582299, 39.263458138962037 ], [ 140.487540084662726, 39.26344691598085 ], [ 140.487552082950288, 39.26343488847354 ] ] ] } },
{ "type": "Feature", "properties": { "P12_001": 10189, "P12_002": "白藤清水自然公園", "P12_003": "05", "P12_004": "05203", "P12_005": "‐", "P12_006": "横手市平鹿町中吉田字年子狐", "P12_007": 4 }, "geometry": { "type": "Polygon", "coordinates": [ [ [ 140.502054616137883, 39.271712258758868 ], [ 140.502057200203438, 39.271642490664391 ], [ 140.502015858870067, 39.271614064602268 ], [ 140.501920249063971, 39.271593392398309 ], [ 140.501863394667993, 39.271608896947207 ], [ 140.501661840651309, 39.271782028437059 ], [ 140.501390513149374, 39.272055938702891 ], [ 140.501235469216397, 39.272285921525132 ], [ 140.501067506194147, 39.272554662552196 ], [ 140.500951225102142, 39.272699371147347 ], [ 140.500912462261198, 39.272738131727742 ], [ 140.500902126618229, 39.272763971586762 ], [ 140.500915047565201, 39.272789810653926 ], [ 140.501031330514934, 39.272885424150424 ], [ 140.501181205697577, 39.27294227231539 ], [ 140.501390513149374, 39.272970696793799 ], [ 140.501617909679254, 39.272978446692676 ], [ 140.50188407152703, 39.272960360691819 ], [ 140.502023607351305, 39.272926767766492 ], [ 140.502088208990045, 39.272856998088301 ], [ 140.502116633091845, 39.272665777430163 ], [ 140.502064954257804, 39.272164468961471 ], [ 140.502054616137883, 39.271712258758868 ] ] ] } },
{ "type": "Feature", "properties": { "P12_001": 10195, "P12_002": "首塚神社", "P12_003": "05", "P12_004": "05203", "P12_005": "‐", "P12_006": "横手市雄物川町今宿字高花", "P12_007": 2 }, "geometry": { "type": "Polygon", "coordinates": [ [ [ 140.429869610083131, 39.285060866083604 ], [ 140.430019484027326, 39.285055697636686 ], [ 140.430006567414978, 39.284890317629426 ], [ 140.429856690374635, 39.284898070695732 ], [ 140.429869610083131, 39.285060866083604 ] ] ] } },
{ "type": "Feature", "properties": { "P12_001": 10201, "P12_002": "雄物川中央公園", "P12_003": "05", "P12_004": "05203", "P12_005": "‐", "P12_006": "横手市雄物川町沼館字高畑", "P12_007": 4 }, "geometry": { "type": "Polygon", "coordinates": [ [ [ 140.431053222328558, 39.299655693890415 ], [ 140.431722277954577, 39.299564000083244 ], [ 140.433049471483201, 39.299448527619347 ], [ 140.433190861914795, 39.297827639475571 ], [ 140.431238722071726, 39.297732055277763 ], [ 140.431089749113738, 39.299083777959432 ], [ 140.431053222328558, 39.299655693890415 ] ] ] } },
{ "type": "Feature", "properties": { "P12_001": 10206, "P12_002": "雄物川河川公園", "P12_003": "05", "P12_004": "05203", "P12_005": "‐", "P12_006": "横手市雄物川町深井字郷中島", "P12_007": 4 }, "geometry": { "type": "Polygon", "coordinates": [ [ [ 140.412029305126026, 39.29494174959892 ], [ 140.412181527207423, 39.294902305646431 ], [ 140.413912667832165, 39.294316472838688 ], [ 140.414202388456317, 39.294198417339111 ], [ 140.414383500923066, 39.294108416520992 ], [ 140.414622667243009, 39.293967582479354 ], [ 140.414825472113392, 39.293826751605138 ], [ 140.415129637620623, 39.29357897101778 ], [ 140.41539769494517, 39.293314221738981 ], [ 140.415651307386668, 39.293032557614978 ], [ 140.415803528848812, 39.292840890349815 ], [ 140.415890471848911, 39.292689222920359 ], [ 140.415943250443433, 39.292526444953332 ], [ 140.415832276810249, 39.291658943270448 ], [ 140.415825192767642, 39.29157949948226 ], [ 140.415731027635616, 39.291343110541497 ], [ 140.415289082453143, 39.290492832527832 ], [ 140.415013806092844, 39.290013943890244 ], [ 140.414825499978946, 39.289726721725962 ], [ 140.414600749438051, 39.289456473004257 ], [ 140.414282139047742, 39.289152305112374 ], [ 140.414166306281516, 39.288994528510557 ], [ 140.414093805068319, 39.288865082948092 ], [ 140.414050194240502, 39.288729805363019 ], [ 140.4140357487382, 39.288600361384269 ], [ 140.414083001284069, 39.288491194473117 ], [ 140.413952442502278, 39.288362304793864 ], [ 140.413677694348991, 39.288129249568676 ], [ 140.413405751327986, 39.287812027923543 ], [ 140.413362417297975, 39.287744527705883 ], [ 140.413340749663746, 39.287654251321733 ], [ 140.412763582863761, 39.287277751304252 ], [ 140.412044777938377, 39.285661306266903 ], [ 140.411838694221359, 39.285301139872004 ], [ 140.41147230679357, 39.284664305967183 ], [ 140.410813610960645, 39.283644527917254 ], [ 140.410487582760339, 39.283140805078304 ], [ 140.408918527384003, 39.283199249625831 ], [ 140.409026139193088, 39.283325638622479 ], [ 140.409032693790209, 39.283333333091406 ], [ 140.409341860854454, 39.283696472115345 ], [ 140.40968713919753, 39.284125083412626 ], [ 140.410361862676893, 39.285055917772773 ], [ 140.410709917048223, 39.285679805616823 ], [ 140.411024083811782, 39.286237860892854 ], [ 140.411136583857967, 39.286484247812901 ], [ 140.411289916846044, 39.286793138336527 ], [ 140.411311583241798, 39.286887305903186 ], [ 140.4113413052591, 39.28697841769587 ], [ 140.411589000295749, 39.287460362107424 ], [ 140.411766777565532, 39.287910112012099 ], [ 140.412012749891801, 39.288870610105974 ], [ 140.411990194275319, 39.28942758133055 ], [ 140.412046000307271, 39.290265639415793 ], [ 140.412062388967428, 39.291150084450699 ], [ 140.412064861570769, 39.291658970193573 ], [ 140.412064888197847, 39.291666668621779 ], [ 140.412065721687469, 39.291837862438946 ], [ 140.411970442552615, 39.29270924976133 ], [ 140.411816277932616, 39.293720361734486 ], [ 140.411803195365422, 39.294765082470107 ], [ 140.411869860912731, 39.29488536071068 ], [ 140.412029305126026, 39.29494174959892 ] ] ] } },
{ "type": "Feature", "properties": { "P12_001": 10212, "P12_002": "波宇志別神社神楽殿", "P12_003": "05", "P12_004": "05203", "P12_005": "‐", "P12_006": "横手市大森町八沢木字宮脇106", "P12_007": 2 }, "geometry": { "type": "Polygon", "coordinates": [ [ [ 140.358711406284044, 39.374193314644479 ], [ 140.358711140632465, 39.374185601962857 ], [ 140.358710348012295, 39.374177920955482 ], [ 140.358709027804366, 39.374170298545486 ], [ 140.358707188058673, 39.374162764823417 ], [ 140.358704833729121, 39.374155351463514 ], [ 140.358701975961935, 39.374148083805203 ], [ 140.358698625284063, 39.374140988771593 ], [ 140.358694792222536, 39.374134101204362 ], [ 140.358690495354381, 39.374127439316219 ], [ 140.358685747683495, 39.374121032405839 ], [ 140.358680570883109, 39.374114905020789 ], [ 140.358674984149502, 39.374109082500453 ], [ 140.358669007298147, 39.374103584641261 ], [ 140.35866266509845, 39.374098434407045 ], [ 140.358655981700537, 39.374093651594208 ], [ 140.358648981873813, 39.37408925203988 ], [ 140.358641694103028, 39.37408525791605 ], [ 140.358634146253763, 39.374081681892413 ], [ 140.35862636743002, 39.374078535846813 ], [ 140.358618389832031, 39.374075833240816 ], [ 140.358610239467595, 39.374073587535982 ], [ 140.358601950394643, 39.37407180506716 ], [ 140.358593557290277, 39.374070490585488 ], [ 140.358585089258554, 39.374069652801381 ], [ 140.358576580357351, 39.374069292506704 ], [ 140.358568062786873, 39.374069412077027 ], [ 140.358559569366548, 39.374070010720487 ], [ 140.358551134154254, 39.374071086853377 ], [ 140.35854278811172, 39.374072637308267 ], [ 140.358534566535326, 39.374074654166591 ], [ 140.358526498529073, 39.374077129509793 ], [ 140.35851861505472, 39.374080053043734 ], [ 140.358510948312414, 39.374083416849849 ], [ 140.358503527406242, 39.374087204299151 ], [ 140.358496381440148, 39.374091402721945 ], [ 140.358489535802818, 39.374095995489242 ], [ 140.358483019598197, 39.37410096518019 ], [ 140.358476857595747, 39.374106291206537 ], [ 140.358471071468614, 39.374111955355588 ], [ 140.358465686605456, 39.374117933079773 ], [ 140.35846072344097, 39.374124202998985 ], [ 140.358456198694512, 39.374130738981961 ], [ 140.358452132181583, 39.374137517272999 ], [ 140.358448539383033, 39.374144511740845 ], [ 140.358445433302819, 39.374151696254238 ], [ 140.358442825706334, 39.374159039930767 ], [ 140.358440727120637, 39.374166519806607 ], [ 140.358439146214977, 39.374174099456354 ], [ 140.358438089181703, 39.374181755124319 ], [ 140.358437560974664, 39.374189455928096 ], [ 140.358437560974664, 39.37419717019344 ], [ 140.358438089181703, 39.374204870205368 ], [ 140.358439146214977, 39.37421252666519 ], [ 140.358440727120637, 39.374220106314937 ], [ 140.358442825706334, 39.374227584607063 ], [ 140.358445433302819, 39.374234929075449 ], [ 140.358448539383033, 39.374242114380692 ], [ 140.358452132181583, 39.374249108848538 ], [ 140.358456198694512, 39.374255885555868 ], [ 140.35846072344097, 39.374262423122552 ], [ 140.358465686605456, 39.374268693833621 ], [ 140.358471071468614, 39.374274671557814 ], [ 140.358476857595747, 39.374280334914999 ], [ 140.358483019598197, 39.374285660941347 ], [ 140.358489535802818, 39.374290630632302 ], [ 140.358496381440148, 39.374295221815885 ], [ 140.358503527406242, 39.374299420238671 ], [ 140.358510948312414, 39.374303210063545 ], [ 140.35851861505472, 39.374306573077803 ], [ 140.358526498529073, 39.374309497403601 ], [ 140.358534566535326, 39.374311971954945 ], [ 140.35854278811172, 39.37431398881327 ], [ 140.358551134154254, 39.374315538476303 ], [ 140.358559569366548, 39.374316613817335 ], [ 140.358568062786873, 39.37431721404451 ], [ 140.358576580357351, 39.374317333614833 ], [ 140.358585089258554, 39.374316972528298 ], [ 140.358593557290277, 39.374316135536056 ], [ 140.358601950394643, 39.374314821054384 ], [ 140.358610239467595, 39.374313038585555 ], [ 140.358618389832031, 39.374310792880721 ], [ 140.35862636743002, 39.374308090274724 ], [ 140.358634146253763, 39.374304945020988 ], [ 140.358641694103028, 39.374301368205494 ], [ 140.358648981873813, 39.374297374873514 ], [ 140.358655981700537, 39.374292974527336 ], [ 140.35866266509845, 39.374288190130784 ], [ 140.358669007298147, 39.374283042272133 ], [ 140.358674984149502, 39.374277543621083 ], [ 140.358680570883109, 39.374271721100754 ], [ 140.358685747683495, 39.374265593715698 ], [ 140.358690495354381, 39.374259186805325 ], [ 140.358694792222536, 39.374252524917175 ], [ 140.358698625284063, 39.374245635766236 ], [ 140.358701975961935, 39.374238542316334 ], [ 140.358704833729121, 39.374231274658023 ], [ 140.358707188058673, 39.374223861298127 ], [ 140.358709027804366, 39.37421632757605 ], [ 140.358710348012295, 39.374208705166055 ], [ 140.358711140632465, 39.374201024158687 ], [ 140.358711406284044, 39.374193314644479 ] ] ] } },
{ "type": "Feature", "properties": { "P12_001": 10219, "P12_002": "大森公園", "P12_003": "05", "P12_004": "05203", "P12_005": "‐", "P12_006": "横手市大森町高口下水戸堤1", "P12_007": 4 }, "geometry": { "type": "Polygon", "coordinates": [ [ [ 140.437317408392261, 39.348438345006315 ], [ 140.43731205015618, 39.348334243600746 ], [ 140.437295995263412, 39.348230544458247 ], [ 140.437269305018191, 39.348127650633735 ], [ 140.437232085928827, 39.34802595805543 ], [ 140.437184479180814, 39.347925860275971 ], [ 140.437126669925277, 39.347827744513161 ], [ 140.437058880467333, 39.347731993233644 ], [ 140.436981375839423, 39.347638974650671 ], [ 140.43689445327405, 39.347549047475198 ], [ 140.436798450873283, 39.347462560915922 ], [ 140.436693738320116, 39.347379850719953 ], [ 140.436580721213119, 39.347301235213585 ], [ 140.436459837970318, 39.347227016885974 ], [ 140.436331556113771, 39.347157487140279 ], [ 140.436196369173359, 39.347092912040274 ], [ 140.436054805356122, 39.347033541812579 ], [ 140.435907406492248, 39.346979606095566 ], [ 140.435754745992853, 39.346931316314894 ], [ 140.435597416465356, 39.346888853805694 ], [ 140.435436021663406, 39.346852388025233 ], [ 140.435271190729225, 39.346822058340251 ], [ 140.43510355713974, 39.3467979819455 ], [ 140.434933772948824, 39.346780248320755 ], [ 140.43476249206816, 39.346768933484221 ], [ 140.43459038079402, 39.34676407623688 ], [ 140.434418100468861, 39.346765693999572 ], [ 140.434246320485187, 39.346773785980425 ], [ 140.4340757071393, 39.346788317337776 ], [ 140.433906917439003, 39.346809231849804 ], [ 140.433740604057448, 39.346836448747155 ], [ 140.433577411617762, 39.346869863504786 ], [ 140.433417971119866, 39.346909345466386 ], [ 140.433262901179063, 39.346954743387371 ], [ 140.433112801214293, 39.347005881475624 ], [ 140.432968248352154, 39.347062560975168 ], [ 140.432829805476757, 39.347124564917351 ], [ 140.432698008845222, 39.347191649410384 ], [ 140.43257336561058, 39.347263557100931 ], [ 140.43245635877571, 39.347340011631104 ], [ 140.43234744100107, 39.347420713679163 ], [ 140.43224703522381, 39.347505352837395 ], [ 140.432155527846248, 39.347593602860947 ], [ 140.432073274308976, 39.347685118500415 ], [ 140.432000592898561, 39.347779551338974 ], [ 140.431937763508927, 39.347876529995951 ], [ 140.431885029499313, 39.347975683882545 ], [ 140.431842595836258, 39.348076628156527 ], [ 140.431810625378517, 39.34817897164082 ], [ 140.431789242592146, 39.348282319199065 ], [ 140.431778531073832, 39.348386268568198 ], [ 140.431778531073832, 39.348490420652574 ], [ 140.431789242592146, 39.348594369229851 ], [ 140.431810625378517, 39.348697716788095 ], [ 140.431842595836258, 39.348800059480531 ], [ 140.431885029499313, 39.348901003754513 ], [ 140.431937763508927, 39.34900015684925 ], [ 140.432000592898561, 39.349097137881799 ], [ 140.432073274308976, 39.3491915699285 ], [ 140.432155527846248, 39.349283085567968 ], [ 140.43224703522381, 39.34937133559152 ], [ 140.43234744100107, 39.349455973957895 ], [ 140.43245635877571, 39.349536676797811 ], [ 140.43257336561058, 39.349613131327985 ], [ 140.432698008845222, 39.349685039018532 ], [ 140.432829805476757, 39.349752123511564 ], [ 140.432968248352154, 39.349814125870033 ], [ 140.433112801214293, 39.349870806953291 ], [ 140.433262901179063, 39.349921945041537 ], [ 140.433417971119866, 39.349967342962529 ], [ 140.433577411617762, 39.350006824924122 ], [ 140.433740604057448, 39.350040239681761 ], [ 140.433906917439003, 39.350067456579112 ], [ 140.4340757071393, 39.350088371882997 ], [ 140.434246320485187, 39.350102901656633 ], [ 140.434418100468861, 39.350110992845636 ], [ 140.43459038079402, 39.350112612983885 ], [ 140.43476249206816, 39.350107754944688 ], [ 140.434933772948824, 39.350096438524453 ], [ 140.43510355713974, 39.350078706483416 ], [ 140.435271190729225, 39.350054630088657 ], [ 140.435436021663406, 39.350024300403682 ], [ 140.435597416465356, 39.349987834623221 ], [ 140.435754745992853, 39.349945372905879 ], [ 140.435907406492248, 39.349897082333349 ], [ 140.436054805356122, 39.349843146616337 ], [ 140.436196369173359, 39.349783776388641 ], [ 140.436331556113771, 39.349719201288636 ], [ 140.436459837970318, 39.349649672334799 ], [ 140.436580721213119, 39.34957545321533 ], [ 140.436693738320116, 39.349496837708962 ], [ 140.436798450873283, 39.349414127512993 ], [ 140.43689445327405, 39.34932764095371 ], [ 140.436981375839423, 39.349237713778244 ], [ 140.437058880467333, 39.349144695195271 ], [ 140.437126669925277, 39.349048943915754 ], [ 140.437184479180814, 39.348950828944801 ], [ 140.437232085928827, 39.348850731165342 ], [ 140.437269305018191, 39.34874903779518 ], [ 140.437295995263412, 39.348646143970669 ], [ 140.43731205015618, 39.348542444036312 ], [ 140.437317408392261, 39.348438345006315 ] ] ] } },
{ "type": "Feature", "properties": { "P12_001": 10237, "P12_002": "梨木公園", "P12_003": "05", "P12_004": "05203", "P12_005": "‐", "P12_006": "横手市十文字町西原二番町", "P12_007": 4 }, "geometry": { "type": "Polygon", "coordinates": [ [ [ 140.530211027829409, 39.230995111989316 ], [ 140.530218666706162, 39.230990971372044 ], [ 140.530367471232353, 39.23092272364191 ], [ 140.530439890087365, 39.23088472324369 ], [ 140.530474610565506, 39.230865446290764 ], [ 140.530523389524433, 39.230836110385603 ], [ 140.530597166360678, 39.230782527836553 ], [ 140.530644027550352, 39.230741388519448 ], [ 140.530677443920666, 39.230702751468655 ], [ 140.530709000110562, 39.23066147120111 ], [ 140.530756667543557, 39.230620054734253 ], [ 140.530881693465119, 39.230474361861553 ], [ 140.530888970708901, 39.230478080419353 ], [ 140.530941942504597, 39.230411917647203 ], [ 140.530956166940172, 39.230392056304225 ], [ 140.53096586167544, 39.230372249599341 ], [ 140.530976860518564, 39.230346250577178 ], [ 140.530984971251968, 39.230320777347679 ], [ 140.530988556000466, 39.230295833870137 ], [ 140.530987806107504, 39.230280166990667 ], [ 140.531009944359937, 39.230225444168362 ], [ 140.5310104713285, 39.230214195055915 ], [ 140.531005832642876, 39.230186249650643 ], [ 140.530976750294798, 39.230056722526967 ], [ 140.530948305758272, 39.229908639831571 ], [ 140.530941554863801, 39.229864832750152 ], [ 140.530940193786364, 39.229800805614794 ], [ 140.530937444385216, 39.229766832598372 ], [ 140.5309335004807, 39.229745917294487 ], [ 140.530918750315038, 39.229699945277595 ], [ 140.530877668440894, 39.229607138120286 ], [ 140.530837470833632, 39.229528193993495 ], [ 140.530735306430387, 39.229479748217109 ], [ 140.530339582768363, 39.229544030330239 ], [ 140.530337971520225, 39.229545999677185 ], [ 140.530218666706162, 39.229569110007091 ], [ 140.530080917373397, 39.22960172340602 ], [ 140.530019806978743, 39.22962075092417 ], [ 140.529983722326989, 39.229633194156115 ], [ 140.529988166572963, 39.229646611371464 ], [ 140.529803139305727, 39.229688418223539 ], [ 140.529687944351025, 39.229706389405216 ], [ 140.529641223108342, 39.229715027767014 ], [ 140.529611389009574, 39.229727999959046 ], [ 140.52958899996716, 39.229739556311792 ], [ 140.529568471724389, 39.229746721820625 ], [ 140.529527417715826, 39.229756777605431 ], [ 140.529497527885951, 39.229758140390345 ], [ 140.529458415796768, 39.229752195924121 ], [ 140.529400638122155, 39.229744833243039 ], [ 140.529354082834317, 39.229743278037006 ], [ 140.529311111056501, 39.229743167177112 ], [ 140.529281332688868, 39.229744527586455 ], [ 140.529240749298509, 39.229755667422715 ], [ 140.529788167454115, 39.230423639497936 ], [ 140.529779027552962, 39.230473415593124 ], [ 140.529799306863453, 39.230498693234082 ], [ 140.529868305067083, 39.230586249591397 ], [ 140.529950416799664, 39.230698054968173 ], [ 140.530043193607952, 39.230833694431631 ], [ 140.530150916879251, 39.23099072114541 ], [ 140.530160833300442, 39.230999471950817 ], [ 140.530185860901042, 39.231002333719957 ], [ 140.530211027829409, 39.230995111989316 ] ] ] } },
{ "type": "Feature", "properties": { "P12_001": 10248, "P12_002": "相野々ダム公園", "P12_003": "05", "P12_004": "05203", "P12_005": "‐", "P12_006": "横手市山内平野沢字岩野目沢", "P12_007": 4 }, "geometry": { "type": "Polygon", "coordinates": [ [ [ 140.647259370589637, 39.282342979634556 ], [ 140.647254731904042, 39.282215747310815 ], [ 140.647240831328105, 39.282089002770633 ], [ 140.647217728308306, 39.281963243299849 ], [ 140.647185508299032, 39.281838953514601 ], [ 140.647144296385648, 39.281716613279883 ], [ 140.647094252949898, 39.281596694542124 ], [ 140.647035569954483, 39.281479665288487 ], [ 140.646968476516122, 39.28136597291784 ], [ 140.646893229617177, 39.281256063245358 ], [ 140.646810122774781, 39.281150359122378 ], [ 140.646719475513947, 39.281049266771241 ], [ 140.646621641417539, 39.2809531797446 ], [ 140.646516995122425, 39.280862472590549 ], [ 140.646405944704185, 39.280777490558485 ], [ 140.646288918673065, 39.280698565436253 ], [ 140.64616637030872, 39.280626002088574 ], [ 140.646038770848605, 39.280560080832636 ], [ 140.645906618157227, 39.280501057438059 ], [ 140.645770421245345, 39.280449160751353 ], [ 140.645630707700775, 39.280404591904045 ], [ 140.645488016876755, 39.280367521937137 ], [ 140.645342902368924, 39.280338094968485 ], [ 140.645195923965247, 39.280316422649854 ], [ 140.64504765259997, 39.280302591293591 ], [ 140.644898659207257, 39.280296654745932 ], [ 140.644749521532901, 39.280298632803294 ], [ 140.644600817322697, 39.280308521506392 ], [ 140.644453121226235, 39.280326282054261 ], [ 140.644307004177762, 39.280351844763537 ], [ 140.644163030919088, 39.280385111444012 ], [ 140.644021761238236, 39.280425949063819 ], [ 140.64388373820384, 39.280474207962087 ], [ 140.643749498692216, 39.280529692550282 ], [ 140.643619561002652, 39.280592194570154 ], [ 140.643494426095799, 39.280661470129935 ], [ 140.643374580690022, 39.280737249206567 ], [ 140.643260486114997, 39.280819244356181 ], [ 140.643152586981103, 39.280907131709483 ], [ 140.643051297556212, 39.281000573143793 ], [ 140.642957011673474, 39.281099211531853 ], [ 140.642870091585053, 39.281202658072147 ], [ 140.642790876631466, 39.281310519212049 ], [ 140.64271967271452, 39.281422373683917 ], [ 140.642656752916679, 39.281537789134156 ], [ 140.642602364931719, 39.281656321331305 ], [ 140.642556713726236, 39.281777507831208 ], [ 140.642519980735955, 39.281900883814131 ], [ 140.64249230528867, 39.282025969415095 ], [ 140.64247379513111, 39.282152282393525 ], [ 140.642464520856095, 39.282279331798428 ], [ 140.642464520856095, 39.2824066290544 ], [ 140.64247379513111, 39.282533679251166 ], [ 140.64249230528867, 39.28265999143774 ], [ 140.642519980735955, 39.282785077038696 ], [ 140.642556713726236, 39.282908453021626 ], [ 140.642602364931719, 39.283029640313387 ], [ 140.642656752916679, 39.283148172510529 ], [ 140.64271967271452, 39.283263587168911 ], [ 140.642790876631466, 39.283375442432643 ], [ 140.642870091585053, 39.283483302780681 ], [ 140.642957011673474, 39.283586750112839 ], [ 140.643051297556212, 39.283685387709042 ], [ 140.643152586981103, 39.283778829935201 ], [ 140.643260486114997, 39.283866717288511 ], [ 140.643374580690022, 39.283948711646261 ], [ 140.643494426095799, 39.284024490722899 ], [ 140.643619561002652, 39.284093766282673 ], [ 140.643749498692216, 39.284156268302553 ], [ 140.64388373820384, 39.284211752890741 ], [ 140.644021761238236, 39.284260011789009 ], [ 140.644163030919088, 39.284300850200673 ], [ 140.644307004177762, 39.284334116881155 ], [ 140.644453121226235, 39.284359678798573 ], [ 140.644600817322697, 39.284377439346436 ], [ 140.644749521532901, 39.284387328049533 ], [ 140.644898659207257, 39.284389306106895 ], [ 140.64504765259997, 39.284383370351101 ], [ 140.645195923965247, 39.284369536619266 ], [ 140.645342902368924, 39.284347865884349 ], [ 140.645488016876755, 39.284318438915697 ], [ 140.645630707700775, 39.284281368948783 ], [ 140.645770421245345, 39.284236800101482 ], [ 140.645906618157227, 39.284184903414769 ], [ 140.646038770848605, 39.284125880020191 ], [ 140.64616637030872, 39.284059958764253 ], [ 140.646288918673065, 39.283987396208438 ], [ 140.646405944704185, 39.283908471086207 ], [ 140.646516995122425, 39.283823489054143 ], [ 140.646621641417539, 39.283732781108228 ], [ 140.646719475513947, 39.283636694081594 ], [ 140.646810122774781, 39.283535601730456 ], [ 140.646893229617177, 39.283429897607476 ], [ 140.646968476516122, 39.283319987934995 ], [ 140.647035569954483, 39.283206295564348 ], [ 140.647094252949898, 39.283089267102561 ], [ 140.647144296385648, 39.282969348364809 ], [ 140.647185508299032, 39.282847008130084 ], [ 140.647217728308306, 39.282722718344836 ], [ 140.647240831328105, 39.282596958082195 ], [ 140.647254731904042, 39.282470213542013 ], [ 140.647259370589637, 39.282342979634556 ] ] ] } },
{ "type": "Feature", "properties": { "P12_001": 10250, "P12_002": "大松川ダム公園", "P12_003": "05", "P12_004": "05203", "P12_005": "‐", "P12_006": "横手市山内大松川字古沼", "P12_007": 4 }, "geometry": { "type": "Polygon", "coordinates": [ [ [ 140.652494929513637, 39.311961340776371 ], [ 140.651047864571353, 39.311878651960527 ], [ 140.650014232159208, 39.311919993201023 ], [ 140.649352681655301, 39.312374786439307 ], [ 140.649270023138655, 39.31332571494822 ], [ 140.64976616248569, 39.314276660086115 ], [ 140.651047864571353, 39.314938172988441 ], [ 140.654314076983354, 39.31638525418883 ], [ 140.655513120552399, 39.316591971477301 ], [ 140.656505352184638, 39.316261216213924 ], [ 140.656505352184638, 39.315847761840573 ], [ 140.65617462337525, 39.315186249730104 ], [ 140.654520841239076, 39.313243034842799 ], [ 140.652494929513637, 39.311961340776371 ] ] ] } },
{ "type": "Feature", "properties": { "P12_001": 10253, "P12_002": "桜つづみ公園", "P12_003": "05", "P12_004": "05203", "P12_005": "‐", "P12_006": "横手市大雄字木戸口西54地先", "P12_007": 4 }, "geometry": { "type": "Polygon", "coordinates": [ [ [ 140.444680865105369, 39.340020296675064 ], [ 140.443399163638958, 39.340144333858106 ], [ 140.442696307098004, 39.340640468336886 ], [ 140.442530895941104, 39.341756783979768 ], [ 140.443068387767767, 39.342997127303413 ], [ 140.4453423685475, 39.345643212170671 ], [ 140.448443263926208, 39.348454676253326 ], [ 140.450427821933602, 39.349860398000523 ], [ 140.45175082943706, 39.350273851582017 ], [ 140.452660403791128, 39.350397872136078 ], [ 140.453404565749878, 39.350108474742186 ], [ 140.453735387444425, 39.349405604762239 ], [ 140.45323924809739, 39.347793145138304 ], [ 140.452536345113856, 39.345808590594217 ], [ 140.450345116974376, 39.343617299757099 ], [ 140.446251942282345, 39.340681817495948 ], [ 140.444680865105369, 39.340020296675064 ] ] ] } },
{ "type": "Feature", "properties": { "P12_001": 10611, "P12_002": "五輪坂アルカディア公園", "P12_003": "05", "P12_004": "05463", "P12_005": "‐", "P12_006": "羽後町足田古堤上地内", "P12_007": 4 }, "geometry": { "type": "Polygon", "coordinates": [ [ [ 140.403026639341363, 39.222777998810884 ], [ 140.403039750393333, 39.22267083371279 ], [ 140.403069609880703, 39.222555749258539 ], [ 140.403121222456662, 39.222440637881164 ], [ 140.403231916815059, 39.222251276501929 ], [ 140.40335908281105, 39.222128999615727 ], [ 140.403610944676615, 39.221967361130098 ], [ 140.403900888225195, 39.221880638597597 ], [ 140.404130333182792, 39.221857609037045 ], [ 140.404181860304391, 39.221857609037045 ], [ 140.403091110940835, 39.220938167115357 ], [ 140.40234677745417, 39.22034197286623 ], [ 140.402199166812068, 39.220243442962506 ], [ 140.401976138981553, 39.220165750760735 ], [ 140.401976138981553, 39.219997110680559 ], [ 140.402179056552598, 39.219054833994996 ], [ 140.402272556007546, 39.218555859127207 ], [ 140.402272556007546, 39.218295278180655 ], [ 140.402245083669129, 39.218199000316616 ], [ 140.40218330635895, 39.218102638515795 ], [ 140.402093360071547, 39.21802169336781 ], [ 140.401996722336179, 39.217961471894455 ], [ 140.401904555473863, 39.217971165800869 ], [ 140.401786360328032, 39.218009055339188 ], [ 140.401579693911344, 39.218097748802343 ], [ 140.400812249974052, 39.218526058402318 ], [ 140.400719167883153, 39.218562306422257 ], [ 140.400000000086379, 39.218649527032454 ], [ 140.399643528460558, 39.218664415517047 ], [ 140.399502500900383, 39.218635361512774 ], [ 140.399460888961528, 39.218627918062332 ], [ 140.399408582842938, 39.218725028959334 ], [ 140.399357499712465, 39.218784609028987 ], [ 140.399217360134571, 39.218875443671926 ], [ 140.399511082252019, 39.219058360923533 ], [ 140.399770028779443, 39.219248529204478 ], [ 140.400000000086379, 39.219499998259089 ], [ 140.400098889977585, 39.219661693758376 ], [ 140.400158805868898, 39.219807747717603 ], [ 140.400217332197997, 39.220053221627182 ], [ 140.400434443862167, 39.22109463636221 ], [ 140.400570443238223, 39.221623860145627 ], [ 140.400614250363361, 39.221696999964777 ], [ 140.400789611999357, 39.221844167274149 ], [ 140.401700305929438, 39.222229026919955 ], [ 140.403026639341363, 39.222777998810884 ] ] ] } },
{ "type": "Feature", "properties": { "P12_001": 10469, "P12_002": "勢至公園・南極公園", "P12_003": "05", "P12_004": "05214", "P12_005": "‐", "P12_006": "にかほ市金浦字上林地内　および　黒川字岩潟15-3", "P12_007": 4 }, "geometry": { "type": "MultiPolygon", "coordinates": [ [ [ [ 139.924596426677596, 39.26730917592166 ], [ 139.924024183411063, 39.267120594521003 ], [ 139.923406418359065, 39.267036059887822 ], [ 139.923185321301702, 39.267055567270972 ], [ 139.923009747887505, 39.267166114387884 ], [ 139.922912204831306, 39.267263655262923 ], [ 139.922892697087008, 39.267491255389167 ], [ 139.92292520999419, 39.267608304439221 ], [ 139.92304876337613, 39.267738361314848 ], [ 139.923699041335311, 39.268083010491146 ], [ 139.924745989766024, 39.268538206784349 ], [ 139.925688903086126, 39.268934876176957 ], [ 139.926365185797948, 39.269045425669432 ], [ 139.926657815585742, 39.269077937710733 ], [ 139.926872403869339, 39.269032418635717 ], [ 139.927087003918359, 39.268947883210679 ], [ 139.927223561843959, 39.268817827126902 ], [ 139.927262576713332, 39.268707278426284 ], [ 139.927275581876216, 39.26859022937623 ], [ 139.927269085487126, 39.268460174876168 ], [ 139.927139023950616, 39.268323615275541 ], [ 139.926358689408858, 39.267985468032393 ], [ 139.924596426677596, 39.26730917592166 ] ] ], [ [ [ 139.920846610701687, 39.261037582724605 ], [ 139.920838416371623, 39.26102627739035 ], [ 139.920829472767792, 39.261020084281213 ], [ 139.920795888584934, 39.261001167622958 ], [ 139.920773861794686, 39.260993529375831 ], [ 139.920754778226012, 39.260990667606698 ], [ 139.920732612108026, 39.260992749397253 ], [ 139.920687165869168, 39.261003555861947 ], [ 139.920653471462572, 39.261009971482743 ], [ 139.920618000472189, 39.261010140148166 ], [ 139.920584999608224, 39.261000222938236 ], [ 139.920542778342622, 39.260986388414551 ], [ 139.920504444011954, 39.260975360230049 ], [ 139.920186527164276, 39.261139805846717 ], [ 139.920017389454188, 39.261234860292575 ], [ 139.920067250215766, 39.261411723009921 ], [ 139.920110306209466, 39.261557167239694 ], [ 139.920174278705957, 39.261548388719312 ], [ 139.92021183342041, 39.261546692562838 ], [ 139.920253638560439, 39.261548554217306 ], [ 139.920299694126015, 39.261544054889072 ], [ 139.920350027363526, 39.261541944591684 ], [ 139.920393666676119, 39.261544360545656 ], [ 139.920438361783539, 39.261546941997615 ], [ 139.92049241785881, 39.261553139857895 ], [ 139.920536750094811, 39.261565029582187 ], [ 139.920582918361077, 39.261578083335436 ], [ 139.920643582906905, 39.261599556898105 ], [ 139.920689331951422, 39.261619638377169 ], [ 139.920751888258621, 39.261648667833896 ], [ 139.920829168723657, 39.261639917028489 ], [ 139.920788331447142, 39.261597805311681 ], [ 139.920755471768643, 39.261550167228854 ], [ 139.920724500136117, 39.261466139383792 ], [ 139.92070002860811, 39.261378750108179 ], [ 139.920692583551755, 39.261326721181447 ], [ 139.920698693538526, 39.261283528580613 ], [ 139.920723054223572, 39.261228944333183 ], [ 139.920757277456431, 39.261189388728937 ], [ 139.920791249899338, 39.261153720347906 ], [ 139.920819890113989, 39.261124583198708 ], [ 139.920837306084167, 39.261102833278144 ], [ 139.9208475550343, 39.26108272250039 ], [ 139.920852860635449, 39.26106611251992 ], [ 139.920852723165382, 39.261050609554729 ], [ 139.920846610701687, 39.261037582724605 ] ] ] ] } },
{ "type": "Feature", "properties": { "P12_001": 10398, "P12_002": "大佐沢公園", "P12_003": "05", "P12_004": "05212", "P12_005": "‐", "P12_006": "大仙市刈和野字山堂ケ沢", "P12_007": 4 }, "geometry": { "type": "Polygon", "coordinates": [ [ [ 140.385445258619228, 39.554729145147519 ], [ 140.38543901921247, 39.554579561092325 ], [ 140.385420326380739, 39.554430558259753 ], [ 140.385389250716827, 39.554282709953853 ], [ 140.385345914829117, 39.554136589478688 ], [ 140.38529048281481, 39.553992759052313 ], [ 140.385223170786674, 39.553851778517235 ], [ 140.385144243157896, 39.553714194254383 ], [ 140.385053999637933, 39.553580533640144 ], [ 140.384952790713527, 39.553451318507896 ], [ 140.38484100897935, 39.553327046935344 ], [ 140.384719087280303, 39.553208202746767 ], [ 140.384587498092316, 39.553095239675891 ], [ 140.384446746710722, 39.552988597994897 ], [ 140.384297379919616, 39.552888690260986 ], [ 140.384139977322462, 39.55279590210823 ], [ 140.383975145769057, 39.552710594623171 ], [ 140.3838035224517, 39.552633093258805 ], [ 140.38362577304747, 39.552563705255416 ], [ 140.383442584287451, 39.552502695093054 ], [ 140.383254665814349, 39.552450295577515 ], [ 140.383062743990251, 39.552406714967034 ], [ 140.382867560038818, 39.552372117967749 ], [ 140.382669872522314, 39.552346638403399 ], [ 140.382470441860704, 39.552330380007184 ], [ 140.382270041477881, 39.55232339820904 ], [ 140.382069447893912, 39.552325726266943 ], [ 140.381869438867284, 39.552337353886763 ], [ 140.381670781629566, 39.552358231181536 ], [ 140.381474251462322, 39.552388282924909 ], [ 140.381280604450922, 39.55242739192213 ], [ 140.381090591726746, 39.55247540455305 ], [ 140.380904948940412, 39.552532136315122 ], [ 140.38072439130778, 39.552597370239674 ], [ 140.380549621659952, 39.552670848973385 ], [ 140.380381313104863, 39.552752290615352 ], [ 140.380220117077158, 39.552841381590433 ], [ 140.380066658384521, 39.552937776649223 ], [ 140.379921529015036, 39.553041100451772 ], [ 140.379785293091402, 39.553150957069874 ], [ 140.379658475105202, 39.553266918109195 ], [ 140.379541567967095, 39.553388536962707 ], [ 140.379435021860587, 39.553515340892119 ], [ 140.379339249815047, 39.553646842113878 ], [ 140.37925462213272, 39.553782529088721 ], [ 140.379181466388673, 39.553921879191414 ], [ 140.37912006681151, 39.554064353167718 ], [ 140.379070657471885, 39.554209396718143 ], [ 140.379033433428674, 39.554356451583899 ], [ 140.379008537105761, 39.554504952379496 ], [ 140.378996065723044, 39.554654316298596 ], [ 140.378996065723044, 39.554803971620871 ], [ 140.379008537105761, 39.55495333553997 ], [ 140.379033433428674, 39.555101836335567 ], [ 140.379070657471885, 39.555248891201323 ], [ 140.37912006681151, 39.555393934751748 ], [ 140.379181466388673, 39.555536407936195 ], [ 140.37925462213272, 39.555675758830745 ], [ 140.379339249815047, 39.555811445805588 ], [ 140.379435021860587, 39.555942945443633 ], [ 140.379541567967095, 39.556069750956759 ], [ 140.379658475105202, 39.556191369810271 ], [ 140.379785293091402, 39.556307330849592 ], [ 140.379921529015036, 39.556417186675837 ], [ 140.380066658384521, 39.556520511270243 ], [ 140.380220117077158, 39.556616904745326 ], [ 140.380381313104863, 39.556705997304114 ], [ 140.380549621659952, 39.556787438946081 ], [ 140.38072439130778, 39.556860916887935 ], [ 140.380904948940412, 39.556926151604344 ], [ 140.381090591726746, 39.556982883366416 ], [ 140.381280604450922, 39.557030895205479 ], [ 140.381474251462322, 39.557070003410843 ], [ 140.381670781629566, 39.557100055946073 ], [ 140.381869438867284, 39.557120934032703 ], [ 140.382069447893912, 39.557132560860666 ], [ 140.382270041477881, 39.557134888918569 ], [ 140.382470441860704, 39.557127907912282 ], [ 140.382669872522314, 39.557111648724209 ], [ 140.382867560038818, 39.557086169951717 ], [ 140.383062743990251, 39.557051572952439 ], [ 140.383254665814349, 39.557007992341958 ], [ 140.383442584287451, 39.556955592826412 ], [ 140.38362577304747, 39.55689458266405 ], [ 140.3838035224517, 39.556825194660661 ], [ 140.383975145769057, 39.556747693296295 ], [ 140.384139977322462, 39.556662385811237 ], [ 140.384297379919616, 39.556569597658481 ], [ 140.384446746710722, 39.556469689924569 ], [ 140.384587498092316, 39.556363048243576 ], [ 140.384719087280303, 39.556250085172699 ], [ 140.38484100897935, 39.556131240192265 ], [ 140.384952790713527, 39.556006967827855 ], [ 140.385053999637933, 39.555877754279322 ], [ 140.385144243157896, 39.555744092873226 ], [ 140.385223170786674, 39.555606508610374 ], [ 140.38529048281481, 39.555465528075295 ], [ 140.385345914829117, 39.555321698440778 ], [ 140.385389250716827, 39.555175576381899 ], [ 140.385420326380739, 39.555027729659713 ], [ 140.38543901921247, 39.554878726827141 ], [ 140.385445258619228, 39.554729145147519 ] ] ] } },
{ "type": "Feature", "properties": { "P12_001": 10111, "P12_002": "銀杏山神社・七座天神宮", "P12_003": "05", "P12_004": "05202", "P12_005": "‐", "P12_006": "能代市二ツ井町仁鮒　および　小繋字天神道上67", "P12_007": 2 }, "geometry": { "type": "MultiPolygon", "coordinates": [ [ [ [ 140.257041117502894, 40.202071980161378 ], [ 140.2574721022348, 40.202071980161378 ], [ 140.257469248183014, 40.201820807261072 ], [ 140.257038262212632, 40.201820807261072 ], [ 140.257041117502894, 40.202071980161378 ] ] ], [ [ [ 140.240984490882852, 40.200217393804998 ], [ 140.241118641224716, 40.200400064789257 ], [ 140.241489688392079, 40.200146038830233 ], [ 140.241358392721253, 40.199966223280256 ], [ 140.240984490882852, 40.200217393804998 ] ] ] ] } },
{ "type": "Feature", "properties": { "P12_001": 10002, "P12_002": "秋田市大森山公園", "P12_003": "05", "P12_004": "05201", "P12_005": "‐", "P12_006": "秋田市浜田", "P12_007": 4 }, "geometry": { "type": "Polygon", "coordinates": [ [ [ 140.071211560899769, 39.673284426876364 ], [ 140.072527121162608, 39.673333905912806 ], [ 140.072626079235476, 39.673025389567975 ], [ 140.072876384949211, 39.673042852757305 ], [ 140.072934595580307, 39.672693588970709 ], [ 140.073208185546491, 39.671919387577084 ], [ 140.074296724348045, 39.671529376348715 ], [ 140.074820620027936, 39.671378028707856 ], [ 140.074779872586163, 39.670929806848392 ], [ 140.075926622018841, 39.670598006251119 ], [ 140.077358603543871, 39.670446658610267 ], [ 140.07798145729663, 39.670621290503561 ], [ 140.078330721083233, 39.671185933625232 ], [ 140.078563563607645, 39.670679501134664 ], [ 140.07902924865644, 39.670446658610267 ], [ 140.08048451443392, 39.669905299741039 ], [ 140.081398421342186, 39.669707383595302 ], [ 140.080967662672066, 39.669032140274545 ], [ 140.080833778220523, 39.668484960342205 ], [ 140.080851241409846, 39.667961064662308 ], [ 140.08112483137603, 39.667495379613513 ], [ 140.080874525662296, 39.666645504399462 ], [ 140.078214299821042, 39.666662967588792 ], [ 140.078255047262815, 39.666121608719564 ], [ 140.080467051244597, 39.665673386860092 ], [ 140.079977643927378, 39.663964146152267 ], [ 140.079574111, 39.662951556 ], [ 140.079083694, 39.662310361 ], [ 140.078294556, 39.662118778 ], [ 140.076875455305753, 39.661732527134653 ], [ 140.077282139, 39.661171028 ], [ 140.0758385, 39.660641528 ], [ 140.075379442086472, 39.661191168265425 ], [ 140.074989430858125, 39.660993252119688 ], [ 140.074467, 39.661199778 ], [ 140.074255976906272, 39.661051462750784 ], [ 140.072787806, 39.660144278 ], [ 140.071777528000013, 39.659868972 ], [ 140.070353667, 39.659399333 ], [ 140.070201810315751, 39.662849978026465 ], [ 140.070034528, 39.666413028 ], [ 140.069931972, 39.668706083 ], [ 140.070041527214642, 39.67083084877553 ], [ 140.07035586462257, 39.672501493888092 ], [ 140.070530496515858, 39.673101063388415 ], [ 140.071211560899769, 39.673284426876364 ] ] ] } },
{ "type": "Feature", "properties": { "P12_001": 10004, "P12_002": "秋田市浜田森林総合公園", "P12_003": "05", "P12_004": "05201", "P12_005": "‐", "P12_006": "秋田市浜田", "P12_007": 1 }, "geometry": { "type": "Polygon", "coordinates": [ [ [ 140.083656022557591, 39.65608351239915 ], [ 140.083636648303553, 39.656304961135994 ], [ 140.083579114218395, 39.656519681265031 ], [ 140.083485168446146, 39.656721148623788 ], [ 140.083357665481543, 39.656903241728521 ], [ 140.083200479437693, 39.657060427772379 ], [ 140.083018386332952, 39.657187930736967 ], [ 140.082816918974203, 39.657281876509224 ], [ 140.082602198845166, 39.657339410594396 ], [ 140.082380750108314, 39.657358784848427 ], [ 140.082159301371462, 39.657339410594396 ], [ 140.081944581242425, 39.657281876509224 ], [ 140.081743113883675, 39.657187930736967 ], [ 140.081561020778935, 39.657060427772379 ], [ 140.081403834735085, 39.656903241728521 ], [ 140.081276331770482, 39.656721148623788 ], [ 140.081182385998233, 39.656519681265031 ], [ 140.081124851913074, 39.656304961135994 ], [ 140.081105477659037, 39.65608351239915 ], [ 140.081124851913074, 39.655862063662305 ], [ 140.081182385998233, 39.655647343533268 ], [ 140.081276331770482, 39.655445876174511 ], [ 140.081403834735085, 39.655263783069778 ], [ 140.081561020778935, 39.65510659702592 ], [ 140.081743113883675, 39.654979094061332 ], [ 140.081944581242425, 39.654885148289075 ], [ 140.082159301371462, 39.654827614203903 ], [ 140.082380750108314, 39.654808239949872 ], [ 140.082602198845166, 39.654827614203903 ], [ 140.082816918974203, 39.654885148289075 ], [ 140.083018386332952, 39.654979094061332 ], [ 140.083200479437693, 39.65510659702592 ], [ 140.083357665481543, 39.655263783069778 ], [ 140.083485168446146, 39.655445876174511 ], [ 140.083579114218395, 39.655647343533268 ], [ 140.083636648303553, 39.655862063662305 ], [ 140.083656022557591, 39.65608351239915 ] ] ] } },
{ "type": "Feature", "properties": { "P12_001": 10016, "P12_002": "秋田県立中央公園", "P12_003": "05", "P12_004": "05201", "P12_005": "‐", "P12_006": "秋田市雄和椿川字駒坂台4-1", "P12_007": 4 }, "geometry": { "type": "Polygon", "coordinates": [ [ [ 140.194715950160457, 39.625277391090904 ], [ 140.198191124837081, 39.625411275542433 ], [ 140.200420592008214, 39.625702328697933 ], [ 140.20162555207196, 39.625492770425971 ], [ 140.203604713529359, 39.62560919168817 ], [ 140.204786389340683, 39.62560919168817 ], [ 140.20631732893861, 39.625044548566507 ], [ 140.208145142755143, 39.624444979066176 ], [ 140.210025346139645, 39.624171389100013 ], [ 140.213692615898935, 39.623746451492984 ], [ 140.215322513569703, 39.623956009764939 ], [ 140.217633475624382, 39.624619610959478 ], [ 140.218174834493595, 39.624637074148808 ], [ 140.219181878411632, 39.624730211158571 ], [ 140.219065457149441, 39.624497368634174 ], [ 140.218192297682947, 39.623973472954276 ], [ 140.217685865192379, 39.623414650895718 ], [ 140.216620610643247, 39.622035058938657 ], [ 140.216096714963356, 39.621703258341391 ], [ 140.214466817292561, 39.621493700069429 ], [ 140.214059342874862, 39.619956939408404 ], [ 140.207225414783778, 39.619980223660839 ], [ 140.207324372856647, 39.621685795152061 ], [ 140.204047114325732, 39.621586837079192 ], [ 140.203948156252864, 39.622267901463054 ], [ 140.202067952868333, 39.622308648904827 ], [ 140.201561520377766, 39.622675375880753 ], [ 140.20150330974667, 39.623414650895718 ], [ 140.201253004032935, 39.624439158003071 ], [ 140.200088791410934, 39.624672000527468 ], [ 140.198709199453873, 39.624637074148808 ], [ 140.197894250618475, 39.623839588502747 ], [ 140.195874341719332, 39.622832544584725 ], [ 140.195082677136384, 39.623181808371321 ], [ 140.194675202718685, 39.624014220396042 ], [ 140.194715950160457, 39.625277391090904 ] ] ] } }
]
}
